Cycle,Current,Voltage,Temperature,SOC
2600.0,-703.6860749266756,4.1893959,40.80444,1.0
2600.0,-703.6860749266756,4.1694999,40.841919,0.9996966254291996
2600.0,-740.2593043083604,4.1678953,40.879356,0.999377480123377
2600.0,-740.2647959747569,4.1662908,40.879356,0.9990583356600152
2600.0,-740.2568338730317,4.1648469,40.86689,0.9987391914192624
2600.0,-740.2555865155193,4.1636033,40.829414,0.9984200477162783
2600.0,-740.2621014899262,4.1624804,40.841919,0.9981009044145684
2600.0,-740.255638309724,4.161437,40.791973,0.9977817606892544
2600.0,-740.2629935357842,4.160234,40.854385,0.997462617002964
2600.0,-740.2546139248237,4.1595521,40.904327,0.9971434737192896
2600.0,-740.2629714409335,4.1583886,40.841919,0.9968243300425246
2600.0,-740.2565516477756,4.1575866,40.80444,0.9965051859234464
2600.0,-740.2637876685089,4.1567841,40.841919,0.9961860418947878
2600.0,-740.2570282935166,4.1562223,40.841919,0.9958668975702152
2600.0,-740.2625635529782,4.1552196,40.879356,0.9955477540692996
2600.0,-740.2542807720715,4.1546178,40.80444,0.9952286109292562
2600.0,-740.2621271736608,4.1538959,40.891823,0.9949094676164736
2600.0,-740.2536230968939,4.1529732,40.816948,0.994590324759971
2600.0,-740.2536544321997,4.1521311,40.841919,0.994271181889959
2600.0,-740.2614633882772,4.1516495,40.829414,0.9939520388633488
2600.0,-740.2542699566931,4.1511283,40.86689,0.993632895727968
2600.0,-740.2596290644015,4.1501255,40.829414,0.9933137534921752
2600.0,-740.25309762326,4.1499248,40.816948,0.992994610862218
2600.0,-740.2590621667985,4.148922,40.80444,0.9926754688708274
2600.0,-740.2523279735033,4.1486011,40.829414,0.9923563265726868
2600.0,-740.2596600338159,4.14816,40.86689,0.9920371843235424
2600.0,-740.2534551899619,4.1471567,40.80444,0.991718041539429
2600.0,-740.2576283211313,4.1467557,40.829414,0.9913989001662004
2600.0,-740.2522966626146,4.1461539,40.891823,0.9910797578815588
2600.0,-740.2593932599024,4.1453118,40.86689,0.9907606157474268
2600.0,-740.2524557561192,4.1449909,40.854385,0.9904414733941956
2600.0,-740.2525396668515,4.14463,40.86689,0.9901223310047882
2600.0,-740.2600764179089,4.1437874,40.80444,0.9898031885761316
2600.0,-740.2534499043456,4.1433864,40.791973,0.9894840457942968
2600.0,-740.2601015645222,4.1428647,40.891823,0.9891649033547988
2600.0,-740.2533544458001,4.1424236,40.829414,0.9888457606141188
2600.0,-740.2623107195748,4.1418619,40.879356,0.9885266172222056
2600.0,-740.2548473098766,4.1414208,40.816948,0.9882074738379124
2600.0,-740.2618177603614,4.140779,40.829414,0.9878883306585244
2600.0,-740.2549940011897,4.1398964,40.891823,0.9875691872109892
2600.0,-740.2607969174193,4.1396155,40.879356,0.9872500444717092
2600.0,-740.2548918898432,4.1390944,40.86689,0.9869309010681964
2600.0,-740.2624444483336,4.1385727,40.816948,0.9866117576186296
2600.0,-740.2548853102855,4.1379309,40.891823,0.9862926142179536
2600.0,-740.254164000149,4.13761,40.854385,0.9859734711282536
2600.0,-740.2614763400512,4.136888,40.86689,0.9856543280960596
2600.0,-740.2540938588727,4.1367273,40.816948,0.9853351850365992
2600.0,-740.2623945090977,4.1361256,40.979244,0.985016041608562
2600.0,-740.2544129369855,4.1357646,40.841919,0.9846968984115388
2600.0,-740.2633297436515,4.1351228,40.879356,0.9843777545803016
2600.0,-740.2560041039272,4.1347218,40.841919,0.9840586106972842
2600.0,-740.2643586554982,4.1340399,40.829414,0.9837394664224604
2600.0,-740.2570005836955,4.1335182,40.904327,0.9834203221098344
2600.0,-740.2635611535782,4.1331172,40.891823,0.9831011781788312
2600.0,-740.2553125666047,4.1326361,40.904327,0.9827820345939536
2600.0,-740.2632577950538,4.1322751,40.829414,0.9824628907937352
2600.0,-740.2560939716749,4.1317134,40.891823,0.9821437468719734
2600.0,-740.2628298141839,4.1313124,40.829414,0.9818246032562667
2600.0,-740.2547935992721,4.1309109,40.841919,0.98150545989513
2600.0,-740.2546898888313,4.1300688,40.891823,0.9811863165787054
2600.0,-740.2621557138771,4.129828,40.891823,0.9808671732536184
2600.0,-740.2549582225165,4.1291862,40.929302,0.980548029821508
2600.0,-740.260775188788,4.1290259,40.854385,0.9802288870915956
2600.0,-740.254238523749,4.1283841,40.86689,0.9799097439697664
2600.0,-740.2614529024033,4.1280231,40.916794,0.9795906009476768
2600.0,-740.2554330006272,4.1273408,40.86689,0.9792714573108772
2600.0,-740.2624580714494,4.1269398,40.841919,0.9789523138554368
2600.0,-740.2542511579682,4.1266589,40.904327,0.9786331707281608
2600.0,-740.2619308835103,4.1260977,40.879356,0.9783140275000032
2600.0,-740.2542656720507,4.125576,40.904327,0.9779948843664696
2600.0,-740.262102844924,4.1251349,40.879356,0.9776757410641754
2600.0,-740.254282651951,4.1246533,40.86689,0.9773565979233214
2600.0,-740.2550387275378,4.1243324,40.966736,0.9770374544565033
2600.0,-740.2623364521321,4.1235704,40.86689,0.9767183110534956
2600.0,-740.255310821014,4.1232495,40.854385,0.9763991674693708
2600.0,-740.2614791720988,4.1228485,40.829414,0.976080024435956
2600.0,-740.2549122754642,4.1224871,40.86689,0.9757608810236548
2600.0,-740.2613691495649,4.122046,40.904327,0.9754417380376728
2600.0,-740.2551392275567,4.1214042,40.904327,0.9751225945275264
2600.0,-740.2623668722198,4.1210432,40.879356,0.9748034511114042
2600.0,-740.2568223496481,4.1207623,40.916794,0.9744843068756196
2600.0,-740.262144861763,4.1200404,40.954269,0.9741651635552108
2600.0,-740.2561481339991,4.1195993,40.929302,0.9738460196100984
2600.0,-740.262358827731,4.1194386,40.854385,0.9735268761974444
2600.0,-740.2540805899259,4.1188769,40.86689,0.9732077331437048
2600.0,-740.2547674274967,4.1185961,40.879356,0.9728885897938512
2600.0,-740.2626645300954,4.1179547,40.954269,0.972569446249402
2600.0,-740.2557389806639,4.1175532,40.916794,0.9722503024806864
2600.0,-740.2643052616246,4.1171923,40.954269,0.971931158228882
2600.0,-740.2559826562679,4.1166711,40.929302,0.9716120143551112
2600.0,-740.2631759098451,4.1161895,40.86689,0.9712928705901952
2600.0,-740.2553885550167,4.1156678,40.891823,0.9709737269725572
2600.0,-740.2630954406059,4.1154275,40.991711,0.9706545832423332
2600.0,-740.2561799209942,4.1149459,40.929302,0.9703354392835164
2600.0,-740.2623942405559,4.1144247,40.904327,0.9700162958555952
2600.0,-740.253460084958,4.113903,40.954269,0.9696971530693712
2600.0,-740.2619762573237,4.1135421,40.929302,0.969378009821652
2600.0,-740.2539086668587,4.1131811,40.954269,0.9690588668420328
2600.0,-740.2537452642963,4.1126595,40.879356,0.9687397239328608
2600.0,-740.2620690556732,4.1122184,40.929302,0.9684205806451338
2600.0,-740.2549589793796,4.1116567,40.979244,0.9681014372126971
2600.0,-740.2634851155894,4.1114159,40.904327,0.9677822933144756
2600.0,-740.2564507083149,4.1108146,40.979244,0.9674631492389154
2600.0,-740.2635216880307,4.1105337,40.991711,0.9671440053249268
2600.0,-740.2566921256525,4.1101322,40.929302,0.9668248611452852
2600.0,-740.2643359014608,4.1097713,40.854385,0.9665057168802712
2600.0,-740.2573551841086,4.1092901,40.979244,0.9661865724147674
2600.0,-740.2644168345108,4.1088085,40.916794,0.9658674281148614
2600.0,-740.254762337205,4.1083674,40.929302,0.9655482847672024
2600.0,-740.2613684903318,4.1078057,41.004215,0.9652291417815048
2600.0,-740.2544188207766,4.1073647,40.966736,0.9649099985819446
2600.0,-740.2564546755679,4.1070838,40.904327,0.964590854504674
2600.0,-740.264006492913,4.1068029,40.904327,0.9642717103816753
2600.0,-740.2567171499608,4.1061211,40.991711,0.9639525661912448
2600.0,-740.2652680964583,4.1055593,40.966736,0.9636334215243412
2600.0,-740.2565719723897,4.1054792,40.966736,0.9633142773965006
2600.0,-740.2625561310462,4.1049175,40.916794,0.9629951338987848
2600.0,-740.2557991488441,4.1044364,40.991711,0.9626759901041292
2600.0,-740.2633465039996,4.1039147,40.929302,0.9623568462656662
2600.0,-740.2543741798414,4.1035137,40.954269,0.962037703085352
2600.0,-740.2622744034516,4.1034336,40.991711,0.9617185597090953
2600.0,-740.2534267477092,4.102952,40.966736,0.961399416937244
2600.0,-740.2616853621774,4.1024308,40.966736,0.961080273814936
2600.0,-740.2535772353249,4.1020293,40.941769,0.9607611309782056
2600.0,-740.2534226339374,4.1015081,41.016682,0.960441988208128
2600.0,-740.2623381489409,4.1011472,40.966736,0.960122844804389
2600.0,-740.2557581333697,4.1006255,40.954269,0.959803701027416
2600.0,-740.2649358559205,4.1005054,40.966736,0.9594845565037484
2600.0,-740.2570153296555,4.0999036,40.929302,0.9591654121847653
2600.0,-740.2636379240664,4.0995426,40.941769,0.9588462682206644
2600.0,-740.2565661985135,4.0989408,40.904327,0.9585271240953132
2600.0,-740.2644944106119,4.0987,40.941769,0.9582079797619624
2600.0,-740.256832481439,4.0983791,40.941769,0.9578888355218096
2600.0,-740.2641657833314,4.0977373,40.954269,0.9575696913301374
2600.0,-740.2564929078351,4.0972962,40.979244,0.9572505472363838
2600.0,-740.2641839596872,4.0968146,40.941769,0.9569314030368752
2600.0,-740.2558299592298,4.0965343,40.941769,0.956612259228936
2600.0,-740.2543548562012,4.0961328,40.954269,0.9562931160569528
2600.0,-740.2615568824931,4.0958118,40.966736,0.9559739729900352
2600.0,-740.2532735623985,4.0952506,40.916794,0.9556548302842264
2600.0,-740.2612935509583,4.0949297,40.954269,0.9553356873308366
2600.0,-740.2535939588427,4.0946488,41.016682,0.9550165444868964
2600.0,-740.2619504881267,4.0939269,40.929302,0.9546974012502868
2600.0,-740.2545257538661,4.0938063,40.966736,0.9543782580046248
2600.0,-740.2625320830543,4.0933652,40.979244,0.9540591145172768
2600.0,-740.2549392651543,4.0929236,41.029186,0.9537399710933396
2600.0,-740.2616014135776,4.0923624,40.966736,0.9534208280072234
2600.0,-740.2543987036371,4.0919609,40.941769,0.9531016848163364
2600.0,-740.2617756946972,4.0915999,40.954269,0.952782541655084
2600.0,-740.2545770475735,4.0913997,40.979244,0.9524633983873084
2600.0,-740.2526937554899,4.0906777,41.004215,0.9521442559314692
2600.0,-740.2604819132738,4.0903568,40.941769,0.9518251133279946
2600.0,-740.2545991909996,4.0899553,40.991711,0.951505970050672
2600.0,-740.2623885886622,4.0896745,41.016682,0.9511868266251876
2600.0,-740.2553564506832,4.0891933,41.016682,0.9508676830213906
2600.0,-740.2640282826158,4.0887923,40.954269,0.9505485388889978
2600.0,-740.2559761132824,4.0883908,41.004215,0.950229395018048
2600.0,-740.2620973761361,4.0879097,40.966736,0.9499102517181116
2600.0,-740.255363286604,4.0877495,40.966736,0.9495911081113674
2600.0,-740.2623086077901,4.0872679,40.954269,0.9492719647203643
2600.0,-740.2556665322135,4.0868669,41.004215,0.948952820982883
2600.0,-740.2616878036042,4.0862651,41.016682,0.9486336778595224
2600.0,-740.2538598267548,4.0859041,40.991711,0.9483145349009594
2600.0,-740.2542103744671,4.0855832,40.991711,0.947995391791266
2600.0,-740.2623487202541,4.0851016,41.016682,0.9476762483829696
2600.0,-740.256386487421,4.0847406,41.029186,0.9473571043350968
2600.0,-740.2625704865912,4.0841389,40.916794,0.947037960831192
2600.0,-740.2564304203305,4.0840588,40.991711,0.9467188167643784
2600.0,-740.2632629464108,4.0835376,40.929302,0.9463996729619388
2600.0,-740.2580593556502,4.0832567,40.966736,0.9460805281928484
2600.0,-740.2661212504961,4.0828552,41.016682,0.945761383158131
2600.0,-740.257101315643,4.082334,40.954269,0.9454422388020768
2600.0,-740.2639251570598,4.0820131,40.991711,0.9451230947141438
2600.0,-740.2559010404219,4.0814915,41.016682,0.9448039508755596
2600.0,-740.2652548883664,4.0809703,41.004215,0.9444848062143502
2600.0,-740.2582455242033,4.0806894,40.966736,0.9441656613649976
2600.0,-740.2573091149723,4.0801678,40.979244,0.9438465169193554
2600.0,-740.2645279557366,4.0798869,41.004215,0.9435273725715424
2600.0,-740.2574222736195,4.0795259,40.954269,0.9432082280771148
2600.0,-740.2650671554317,4.0792451,40.991711,0.9428890834968412
2600.0,-740.2580473561652,4.078804,41.041653,0.9425699387329238
2600.0,-740.2635559167724,4.0782423,40.979244,0.9422507948041784
2600.0,-740.2556499673904,4.0779214,41.016682,0.9419316510738386
2600.0,-740.2644696668401,4.0776405,41.016682,0.9416125067511554
2600.0,-740.2559151272898,4.0771594,40.991711,0.941293362906498
2600.0,-740.2638833233138,4.0766778,41.004215,0.9409742188366006
2600.0,-740.2574403277531,4.0763974,41.029186,0.9406550743343892
2600.0,-740.2636353361194,4.0758357,41.054157,0.9403359303714044
2600.0,-740.255957876128,4.0754747,40.991711,0.940016786508317
2600.0,-740.2564805421296,4.0751939,41.029186,0.9396976424198944
2600.0,-740.2638673198237,4.0746722,40.991711,0.9393784983568964
2600.0,-740.2559629542312,4.0743914,41.016682,0.9390593544916198
2600.0,-740.2638706767726,4.0739102,41.029186,0.9387402104271744
2600.0,-740.2558220490756,4.0736294,40.954269,0.9384210666226456
2600.0,-740.2619434568489,4.0731483,40.941769,0.9381019233890672
2600.0,-740.2542632184536,4.0728674,40.979244,0.9377827802565912
2600.0,-740.2633519239623,4.0725064,41.016682,0.9374636364157916
2600.0,-740.255133648973,4.0719848,41.016682,0.9371444929080504
2600.0,-740.2620205812896,4.0715437,41.004215,0.936825349641222
2600.0,-740.2543986670073,4.0710621,41.004215,0.9365062064503508
2600.0,-740.2624085594837,4.0706611,41.116566,0.9361870630162564
2600.0,-740.2550348335251,4.0703802,40.904327,0.9358679195511173
2600.0,-740.2547787189945,4.0700994,41.016682,0.9355487761963954
2600.0,-740.2624532374084,4.0694976,41.016682,0.9352296327430394
2600.0,-740.2569732644785,4.0691767,40.979244,0.9349104884421912
2600.0,-740.2642442017584,4.0687757,40.979244,0.9345913442167112
2600.0,-740.257212423537,4.0684147,41.004215,0.9342721998127552
2600.0,-740.2639993151532,4.0680137,41.054157,0.9339530556928513
2600.0,-740.2556460000735,4.0679336,40.979244,0.9336339119642216
2600.0,-740.2641197015812,4.0672512,41.054157,0.9333147677924162
2600.0,-740.2562630993335,4.0667701,41.004215,0.932995623797739
2600.0,-740.2642489136629,4.0665293,40.954269,0.9326764795702274
2600.0,-740.2563989629646,4.0660481,40.979244,0.932357335516976
2600.0,-740.2654834296345,4.0655665,41.029186,0.9320381907572372
2600.0,-740.2573659994839,4.0654063,41.016682,0.9317190462870708
2600.0,-740.2561416032789,4.0648847,40.966736,0.9313999023447735
2600.0,-740.2645961445821,4.0646439,40.991711,0.9310807579675632
2600.0,-740.256482837064,4.0641627,40.966736,0.9307616138781514
2600.0,-740.2642251342321,4.0638018,41.004215,0.9304424696608916
2600.0,-740.2558367951507,4.0635209,40.979244,0.9301233258500052
2600.0,-740.26404706929,4.0629992,41.016682,0.9298041817095132
2600.0,-740.2545831632804,4.0625181,41.054157,0.9294850384391008
2600.0,-740.2633128368086,4.0621572,41.016682,0.9291658946151524
2600.0,-740.2557595249924,4.0618763,41.029186,0.9288467508375796
2600.0,-740.2620986822857,4.0612745,41.016682,0.92852760753708
2600.0,-740.2538172244356,4.0610337,41.041653,0.928208464596884
2600.0,-740.2622167859831,4.0607934,41.004215,0.9278893212454674
2600.0,-740.2544910616116,4.0601916,41.041653,0.9275701780147626
2600.0,-740.2552905940364,4.0597901,41.004215,0.927251034439358
2600.0,-740.263516524453,4.0595498,41.054157,0.9269318905275956
2600.0,-740.2552011535738,4.058948,41.029186,0.9266127469907512
2600.0,-740.2629238332277,4.0587873,41.029186,0.9262936033345108
2600.0,-740.2549428661995,4.0582261,41.029186,0.9259744599090212
2600.0,-740.2632299383953,4.0580254,41.066624,0.9256553161208122
2600.0,-740.2570824924898,4.0575442,41.004215,0.9253361717728732
2600.0,-740.2627981001867,4.0570626,41.029186,0.9250170281708392
2600.0,-740.2551465150888,4.0568218,41.054157,0.9246978846575508
2600.0,-740.2623045427957,4.056541,41.004215,0.9243787412683004
2600.0,-740.2552110411963,4.0562606,41.029186,0.9240595977271931
2600.0,-740.2627648114087,4.0559797,41.029186,0.9237404541395108
2600.0,-740.2540645132989,4.0552979,41.004215,0.923421311092702
2600.0,-740.2554857591786,4.0550971,41.029186,0.9231021674331568
2600.0,-740.2632351142383,4.0544553,40.966736,0.9227830236427164
2600.0,-740.2553241387855,4.0542545,41.029186,0.9224638800528498
2600.0,-740.2630145564386,4.0537333,41.029186,0.9221447363574968
2600.0,-740.2545198090427,4.0535326,41.066624,0.921825593114398
2600.0,-740.2623875144182,4.0528507,41.016682,0.9215064496893768
2600.0,-740.2553078180923,4.0526905,41.004215,0.9211873061065464
2600.0,-740.2629478690435,4.0523696,41.016682,0.9208681624399436
2600.0,-740.2547127647113,4.0520082,41.054157,0.9205490191136568
2600.0,-740.2644167734904,4.0513663,41.016682,0.9202298748137772
2600.0,-740.2540756826804,4.0510859,41.104061,0.919910731762153
2600.0,-740.2611052076286,4.050725,41.004215,0.9195915888899622
2600.0,-740.255184417778,4.0504441,40.979244,0.9192724453603331
2600.0,-740.2619982179242,4.0498023,40.979244,0.918953302103146
2600.0,-740.2544881441253,4.0495615,41.054157,0.9186341588736988
2600.0,-740.2551395205754,4.0490799,41.066624,0.9183150153634262
2600.0,-740.2621923107341,4.0489597,41.004215,0.9179958720225612
2600.0,-740.2543545509492,4.0486789,41.054157,0.9176767288507096
2600.0,-740.2615312231608,4.0482779,41.029186,0.9173575857948544
2600.0,-740.2531199010291,4.0477967,41.079132,0.9170384431552928
2600.0,-740.2615114598417,4.0473952,40.979244,0.916719300107958
2600.0,-740.2545158418026,4.0469942,40.991711,0.9164001568665696
2600.0,-740.2620269046114,4.0466733,40.954269,0.9160810135970148
2600.0,-740.2552845882188,4.0463524,41.041653,0.9157618700241996
2600.0,-740.2614686129103,4.0459514,40.979244,0.915442726995337
2600.0,-740.2540671622013,4.0454698,40.991711,0.9151235839473864
2600.0,-740.2609030581413,4.0449486,41.066624,0.9148044411623468
2600.0,-740.2531095250699,4.0446677,41.016682,0.9144852985272586
2600.0,-740.2532733670612,4.0443068,40.991711,0.914166155821534
2600.0,-740.2611818682841,4.0440259,41.004215,0.9138470129162932
2600.0,-740.253235342307,4.0435443,40.991711,0.913527870226962
2600.0,-740.2609946724203,4.0431032,40.966736,0.9132087274024252
2600.0,-740.253615540762,4.0427423,41.054157,0.9128895845491805
2600.0,-740.2610673412394,4.0423412,41.091595,0.9125704416933148
2600.0,-740.2538306521219,4.0421004,41.041653,0.9122512987473296
2600.0,-740.2606972586642,4.0416188,41.029186,0.9119321560510149
2600.0,-740.2541394885483,4.0413785,41.054157,0.9116130129718822
2600.0,-740.2623436543269,4.0408969,40.966736,0.91129386956577
2600.0,-740.2543869483588,4.0405359,41.129032,0.9109747263799508
2600.0,-740.2628609300388,4.0403757,41.041653,0.9106555827508296
2600.0,-740.2562667857884,4.039854,41.066624,0.9103364387545632
2600.0,-740.2550875554722,4.0394931,40.979244,0.910017295266694
2600.0,-740.2615776833751,4.0390921,41.054157,0.9096981521908086
2600.0,-740.2540458855211,4.0386906,41.029186,0.9093790091520308
2600.0,-740.2611510086801,4.0385303,41.054157,0.9090598662600944
2600.0,-740.2542335554583,4.0380487,41.029186,0.9087407231404068
2600.0,-740.261281575794,4.0375676,40.979244,0.90842158019218
2600.0,-740.2533208888401,4.0374875,41.079132,0.9081024374659674
2600.0,-740.2616173320282,4.0371666,40.954269,0.9077832943729884
2600.0,-740.2528348681202,4.036725,41.041653,0.9074641518563124
2600.0,-740.2602672507328,4.0360832,41.054157,0.9071450093453832
2600.0,-740.254049571976,4.0356421,41.016682,0.9068258663050162
2600.0,-740.261209688204,4.0354414,41.041653,0.9065067233877816
2600.0,-740.2524025214645,4.0349603,41.104061,0.9061875810575012
2600.0,-740.2534000388556,4.0345993,40.979244,0.9058684382971652
2600.0,-740.2605329511887,4.0342784,41.004215,0.9055492956716868
2600.0,-740.2524808902333,4.0338373,41.041653,0.9052301533076196
2600.0,-740.2617428087864,4.0333958,41.029186,0.9049110101605452
2600.0,-740.2538888915755,4.033155,41.041653,0.9045918671894516
2600.0,-740.2597555665849,4.0328341,41.066624,0.9042727248991208
2600.0,-740.2523317332336,4.0325937,41.041653,0.9039535825993592
2600.0,-740.258401799437,4.0321522,41.054157,0.9036344408926672
2600.0,-740.2523610421841,4.0319519,41.029186,0.90331529858027
2600.0,-740.2599706312257,4.0314302,40.991711,0.90299615619722
2600.0,-740.2521296467353,4.0310292,40.966736,0.9026770139845832
2600.0,-740.260744439151,4.0305476,41.029186,0.902357871267928
2600.0,-740.2517456275335,4.0302267,41.016682,0.902038729220852
2600.0,-740.2527952564956,4.0298657,41.041653,0.9017195867212534
2600.0,-740.2590738856576,4.0295048,41.079132,0.9014004447248104
2600.0,-740.2512255982074,4.0292239,41.016682,0.9010813029019328
2600.0,-740.2596310786092,4.0289836,41.004215,0.9007621606652716
2600.0,-740.2521909257657,4.028502,40.954269,0.9004430184262159
2600.0,-740.2597564577553,4.0280209,41.091595,0.9001238761355008
2600.0,-740.25125808095,4.0278201,41.016682,0.8998047342986192
2600.0,-740.2576629404873,4.0275393,41.016682,0.8994855929104656
2600.0,-740.2517149147588,4.0271382,41.041653,0.8991664508766308
2600.0,-740.2598148564654,4.0268974,41.004215,0.898847308560739
2600.0,-740.251816464698,4.0263357,41.079132,0.8985281664831232
2600.0,-740.2588789503556,4.0258946,41.029186,0.898209024570721
2600.0,-740.2520124721192,4.0256538,41.066624,0.8978898824086013
2600.0,-740.250573562678,4.0252929,41.066624,0.8975707408668335
2600.0,-740.257060190591,4.0249319,41.079132,0.8972515997385387
2600.0,-740.250035869816,4.0245709,41.016682,0.8969324584285845
2600.0,-740.257669996232,4.0243301,41.054157,0.8966133170373891
2600.0,-740.2502883833014,4.0241299,41.054157,0.8962941756185697
2600.0,-740.2580770785313,4.0235682,41.066624,0.8959750340518721
2600.0,-740.251101758413,4.0230865,41.004215,0.8956558922823852
2600.0,-740.2583219040266,4.0226455,40.979244,0.895336750610138
2600.0,-740.2521540607569,4.0224853,41.091595,0.8950176083869756
2600.0,-740.2612529379385,4.0221238,41.016682,0.8946984654510951
2600.0,-740.25165286676,4.0217228,41.029186,0.8943793234440108
2600.0,-740.2589053544145,4.0215225,41.054157,0.8940601815202254
2600.0,-740.2538992797104,4.0210409,41.054157,0.8937410385446531
2600.0,-740.2540155145387,4.0209208,41.054157,0.8934218955189691
2600.0,-740.260155190234,4.0204792,41.054157,0.8931027530563517
2600.0,-740.2542732526206,4.0199981,41.016682,0.8927836099195501
2600.0,-740.2598530158185,4.0196772,40.954269,0.8924644675872068
2600.0,-740.2544902925663,4.0195165,41.054157,0.8921453243568335
2600.0,-740.2617233872885,4.0191555,41.016682,0.8918261812181318
2600.0,-740.2541573473575,4.0187945,40.979244,0.8915070381312998
2600.0,-740.260517289443,4.0182734,41.041653,0.8911878955125737
2600.0,-740.251217187643,4.0181928,41.041653,0.8908687536933222
2600.0,-740.2566229324069,4.0175915,41.016682,0.890549612753539
2600.0,-740.2514935413012,4.01723,41.041653,0.8902304708151441
2600.0,-740.25825707213,4.0169497,40.991711,0.8899113291708473
2600.0,-740.2505167514001,4.0165081,41.029186,0.8895921876535723
2600.0,-740.249825629187,4.0161872,41.004215,0.8892730464342583
2600.0,-740.2580947542929,4.016027,41.079132,0.8889539048599404
2600.0,-740.2523415232706,4.0155454,41.016682,0.8886347625559581
2600.0,-740.2601383200275,4.0154252,41.041653,0.8883156201006139
2600.0,-740.2508658343581,4.0148635,40.991711,0.88799647843284
2600.0,-740.2602785064303,4.0145025,40.991711,0.8876773359170583
2600.0,-740.2550693791712,4.0143018,41.054157,0.8873581924370255
2600.0,-740.2601324729737,4.0138607,41.004215,0.8870390499842021
2600.0,-740.2520458092656,4.0137005,41.066624,0.8867199078077099
2600.0,-740.260801470653,4.013299,40.954269,0.8864007650664669
2600.0,-740.254124119998,4.0128179,40.979244,0.8860816219939602
2600.0,-740.2613163293922,4.012537,41.016682,0.8857624790307503
2600.0,-740.2527341361598,4.0122161,41.029186,0.8854433365575022
2600.0,-740.2507532982116,4.0116944,41.029186,0.8851241949382456
2600.0,-740.2606885794542,4.0114136,41.079132,0.8848050522456726
2600.0,-740.2524372259077,4.0114136,41.029186,0.8844859099004303
2600.0,-740.2606928274712,4.0107722,41.041653,0.8841667672060257
2600.0,-740.252967631193,4.0105314,41.016682,0.8838476246321119
2600.0,-740.2621803477585,4.0100899,41.016682,0.8835284812964046
2600.0,-740.254963264022,4.0099297,41.029186,0.8832093378621206
2600.0,-740.2611198805919,4.0093279,41.066624,0.8828901949836041
2600.0,-740.2548357255456,4.0092878,41.029186,0.8825710516043055
2600.0,-740.2622310072861,4.0090871,41.066624,0.8822519082467577
2600.0,-740.2530459510796,4.0086861,41.029186,0.881932765639078
2600.0,-740.2612765709,4.008245,41.091595,0.8816136226930089
2600.0,-740.2525418030688,4.0080042,40.929302,0.8812944803026806
2600.0,-740.2521311605254,4.0075631,41.116566,0.8809753380893912
2600.0,-740.2615947000252,4.0073223,41.016682,0.8806561950061695
2600.0,-740.2536851816025,4.0069213,41.029186,0.8803370521229007
2600.0,-740.259384299901,4.0065198,40.991711,0.8800179099926312
2600.0,-740.2528215380706,4.0059586,40.991711,0.8796987674817018
2600.0,-740.2590845668611,4.0059185,41.054157,0.879379625480654
2600.0,-740.2512968624713,4.005517,40.979244,0.8790604836270526
2600.0,-740.2594422103973,4.0053167,41.004215,0.8787413414718165
2600.0,-740.2502348802099,4.0048752,41.091595,0.8784222000760636
2600.0,-740.2586873600567,4.004755,41.016682,0.8781030582462602
2600.0,-740.252623394512,4.0043941,41.041653,0.877783915820756
2600.0,-740.2598887093932,4.0040731,41.004215,0.8774647734730244
2600.0,-740.2514280996807,4.0038323,41.104061,0.8771456315628431
2600.0,-740.2513348384456,4.0032706,41.016682,0.8768264896928691
2600.0,-740.2569939428081,4.0030704,41.041653,0.8765073485931354
2600.0,-740.2510670540465,4.0027494,41.016682,0.8761882068386102
2600.0,-740.2581488439529,4.0023885,41.004215,0.8758690652409732
2600.0,-740.2510630012944,4.0021076,40.966736,0.8755499234881954
2600.0,-740.2570703468996,4.001626,41.066624,0.875230782355522
2600.0,-740.2494617759046,4.0013857,41.041653,0.8749116412930746
2600.0,-740.2577725967778,4.0010247,40.966736,0.8745924998576461
2600.0,-740.2515105578058,4.0007439,41.029186,0.8742733579119147
2600.0,-740.2577057874188,4.0003424,41.016682,0.873954216505289
2600.0,-740.2512265992325,4.000062,41.029186,0.87363507468198
2600.0,-740.2583365891658,3.9999816,41.016682,0.8733159330034016
2600.0,-740.2512273926037,3.9995806,40.966736,0.8729967911797505
2600.0,-740.2506673122753,3.9990993,41.041653,0.8726776495975646
2600.0,-740.2584712578274,3.9990189,41.016682,0.8723585078609277
2600.0,-740.2504924107404,3.998698,41.016682,0.8720393663541466
2600.0,-740.2575957281972,3.998337,40.979244,0.8717202249949698
2600.0,-740.2487588615787,3.9980161,40.979244,0.8714010842355675
2600.0,-740.256207610382,3.9973342,41.116566,0.8710819434748388
2600.0,-740.2502045580075,3.9972138,41.041653,0.8707628020921585
2600.0,-740.2570186620874,3.9970534,40.991711,0.8704436609817677
2600.0,-740.251006507406,3.9966924,41.004215,0.8701245192533459
2600.0,-740.2574473875561,3.9964919,41.029186,0.869805377958122
2600.0,-740.2495933548548,3.9959302,40.979244,0.8694862368389477
2600.0,-740.2588943558185,3.9958098,41.041653,0.8691670949199038
2600.0,-740.2504428259557,3.9954088,41.004215,0.8688479534345
2600.0,-740.2525461853862,3.9950879,41.004215,0.8685288110422825
2600.0,-740.2601169088657,3.9946866,41.079132,0.8682096685961692
2600.0,-740.2515072741755,3.994446,41.079132,0.8678905266518537
2600.0,-740.2577878678964,3.9941652,40.991711,0.8675713852098413
2600.0,-740.2503080487594,3.9938042,41.091595,0.8672522437825434
2600.0,-740.257756971739,3.9938042,41.016682,0.866933102353851
2600.0,-740.2501882373655,3.9930823,41.054157,0.866613960978207
2600.0,-740.2576444101087,3.9930019,41.004215,0.8662948195980423
2600.0,-740.2495035724721,3.992641,40.991711,0.8659756785175756
2600.0,-740.2590251792918,3.9924002,41.079132,0.8656565365421309
2600.0,-740.2510358773891,3.9918787,41.066624,0.8653373948010469
2600.0,-740.2597377320502,3.9917986,41.066624,0.8650182525184051
2600.0,-740.2509709973903,3.991277,40.991711,0.8646991108052926
2600.0,-740.2514225577459,3.9911969,41.016682,0.8643799688975007
2600.0,-740.2601441551612,3.9907959,41.141541,0.8640608264396408
2600.0,-740.2528197314473,3.990555,41.116566,0.8637416839294904
2600.0,-740.2595364003453,3.9900336,41.004215,0.8634225417336471
2600.0,-740.2520391197357,3.9897928,40.979244,0.8631033995600389
2600.0,-740.2581535804394,3.9893918,41.129032,0.8627842579603596
2600.0,-740.2493624842701,3.9894719,41.029186,0.8624651169407196
2600.0,-740.2571243999295,3.9888301,40.991711,0.8621459757847428
2600.0,-740.249705182963,3.9885895,41.104061,0.8618268346173563
2600.0,-740.2563395690304,3.9884291,41.041653,0.8615076937997375
2600.0,-740.2506308866185,3.9877872,41.016682,0.8611885522332556
2600.0,-740.2582985885089,3.9876268,41.116566,0.8608694105710604
2600.0,-740.2514608388313,3.9873862,41.029186,0.8605502686467644
2600.0,-740.2587185736066,3.9871855,41.029186,0.8602311268035041
2600.0,-740.2498131170137,3.9866641,41.079132,0.8599119855895846
2600.0,-740.2506213895938,3.9863431,40.954269,0.8595928440271973
2600.0,-740.260246682498,3.9861026,41.066624,0.8592737015251356
2600.0,-740.2524766666619,3.9856613,41.079132,0.8589545591628895
2600.0,-740.2594184797726,3.9853804,41.041653,0.8586354170178842
2600.0,-740.2521522175039,3.9854205,41.029186,0.8583162747955168
2600.0,-740.2591947358707,3.9850996,41.054157,0.8579971327469723
2600.0,-740.2504077187134,3.9845781,41.091595,0.8576779912767042
2600.0,-740.257802784992,3.9843776,41.029186,0.8573588498282608
2600.0,-740.2495969070177,3.9840567,41.004215,0.8570397087075549
2600.0,-740.2583645312286,3.9838562,40.991711,0.8567205670169301
2600.0,-740.2504983677269,3.9835753,41.104061,0.8564014255075808
2600.0,-740.260531986707,3.9832544,41.041653,0.8560822828825182
2600.0,-740.2531311314176,3.9828935,41.016682,0.8557631402381151
2600.0,-740.2520286706962,3.9825726,41.016682,0.8554439980690118
2600.0,-740.2601818750555,3.9824121,41.029186,0.85512485559489
2600.0,-740.2525189150131,3.9818907,41.029186,0.8548057132144294
2600.0,-740.2582629192862,3.9817703,41.004215,0.8544865715676119
2600.0,-740.2520265710862,3.9814494,41.104061,0.8541674293994138
2600.0,-740.2581502966739,3.981369,41.029186,0.8538482878011504
2600.0,-740.2531766878018,3.9805267,41.041653,0.8535291451371066
2600.0,-740.2580820100884,3.9806471,41.016682,0.8532100035682829
2600.0,-740.2500964042806,3.9802861,41.091595,0.8528908622322307
2600.0,-740.2581433385412,3.9800053,41.041653,0.852571720636967
2600.0,-740.2500689752128,3.979564,41.066624,0.8522525793127401
2600.0,-740.2579561183256,3.9793234,41.029186,0.8519334377981912
2600.0,-740.2504935460062,3.9790425,41.004215,0.8516142962909206
2600.0,-740.2501639942656,3.9789221,41.029186,0.8512951549257284
2600.0,-740.2581570593267,3.9784408,41.016682,0.8509760133245495
2600.0,-740.2510652718772,3.9780397,40.991711,0.8506568715707928
2600.0,-740.2591523406252,3.9776788,41.041653,0.8503377295405261
2600.0,-740.2520149499976,3.9776788,41.029186,0.850018587377338
2600.0,-740.2577877214271,3.9773178,40.954269,0.8496994459353888
2600.0,-740.2503563517594,3.9767962,41.054157,0.8493803044872662
2600.0,-740.2594329573583,3.9766357,40.966736,0.8490611623360196
2600.0,-740.2523230052541,3.9765155,41.079132,0.8487420200400209
2600.0,-740.2589198443297,3.9761143,41.029186,0.8484228781099884
2600.0,-740.2526304745373,3.9758737,40.991711,0.8481037356814316
2600.0,-740.2590034383568,3.9755929,41.054157,0.84778459371536
2600.0,-740.2498809511798,3.9751916,41.091595,0.8474654524721952
2600.0,-740.2494898885568,3.9750311,41.066624,0.8471463113976277
2600.0,-740.2579343164086,3.9744296,41.079132,0.8468271698924782
2600.0,-740.2512164307991,3.9742291,41.079132,0.846508028073553
2600.0,-740.2579595119303,3.9738679,41.041653,0.8461888865575408
2600.0,-740.2516941385401,3.9735873,41.041653,0.8458697445326632
2600.0,-740.2588013133236,3.9733064,40.966736,0.845550602653732
2600.0,-740.2497869575036,3.9731059,41.079132,0.8452314614510905
2600.0,-740.2567342732727,3.9728651,41.116566,0.8449123204633059
2600.0,-740.250997388701,3.9724238,41.041653,0.8445931787388155
2600.0,-740.2588491286981,3.9721832,41.041653,0.84427403683927
2600.0,-740.2518433320417,3.971782,41.029186,0.8439548947500711
2600.0,-740.2572805655983,3.9717419,41.054157,0.8436357535267679
2600.0,-740.2494326377735,3.9713006,41.116566,0.8433166124768828
2600.0,-740.2504063270907,3.9708996,41.079132,0.8429974710072146
2600.0,-740.258073746011,3.9706187,41.079132,0.8426783294419539
2600.0,-740.2523483467343,3.9704583,41.104061,0.8423591871350298
2600.0,-740.258075564726,3.9699769,41.066624,0.8420400455689849
2600.0,-740.2515660386467,3.9698567,41.054157,0.8417209035993344
2600.0,-740.2576775401393,3.9695358,41.054157,0.8414017622048867
2600.0,-740.2492746550297,3.9694154,40.966736,0.8410826212231122
2600.0,-740.2572530995734,3.9691346,40.991711,0.8407634800116501
2600.0,-740.251486839749,3.9686131,40.991711,0.8404443380761445
2600.0,-740.258484416832,3.9684527,41.029186,0.8401251963338345
2600.0,-740.2534305319286,3.9681718,41.029186,0.8398060535603518
2600.0,-740.259717370576,3.9679313,41.004215,0.8394869112864881
2600.0,-740.2531278723437,3.96749,41.091595,0.8391677686434901
2600.0,-740.2534131123437,3.9670889,41.016682,0.8388486258775174
2600.0,-740.2612254475616,3.9670086,41.016682,0.8385294829534887
2600.0,-740.2532479400435,3.9666476,41.004215,0.8382103402587262
2600.0,-740.2597083492889,3.9662063,41.041653,0.8378911979887519
2600.0,-740.2524583928266,3.9659255,41.041653,0.8375720556343841
2600.0,-740.2591528777473,3.9655244,41.029186,0.8372529136038858
2600.0,-740.2528588427385,3.965404,40.966736,0.8369337710768734
2600.0,-740.2606581348805,3.9652035,40.991711,0.8366146283974257
2600.0,-740.2533346704945,3.9647222,41.079132,0.8362954856652713
2600.0,-740.2615782573574,3.9645216,40.991711,0.8359763425891387
2600.0,-740.2535684826101,3.9643612,41.016682,0.8356571997561817
2600.0,-740.2607277034682,3.9641204,41.029186,0.8353380570467414
2600.0,-740.2542221660681,3.963639,41.054157,0.8350189139319644
2600.0,-740.2526232483001,3.9633584,40.966736,0.834699771506523
2600.0,-740.2601369406179,3.9631577,41.041653,0.8343806290517736
2600.0,-740.2531754183975,3.9628367,41.016682,0.834061486388277
2600.0,-740.2618051504246,3.9624758,41.104061,0.8337423432143256
2600.0,-740.2526850149766,3.9624758,41.029186,0.8334232007622551
2600.0,-740.2604220621369,3.9619944,41.066624,0.8331040581845834
2600.0,-740.2540192498502,3.9619143,41.004215,0.8327849151572888
2600.0,-740.2626464512238,3.9614329,41.041653,0.8324657716206341
2600.0,-740.2550427070496,3.9612725,41.079132,0.8321466281521003
2600.0,-740.2610544995507,3.9609516,41.066624,0.8318274853017709
2600.0,-740.253863440027,3.9605103,41.029186,0.8315083423416502
2600.0,-740.2620253542527,3.9604301,40.991711,0.831189199072764
2600.0,-740.2525499083173,3.9599488,41.054157,0.8308700566789414
2600.0,-740.2546723353637,3.959708,41.091595,0.8305509133700845
2600.0,-740.2617845813458,3.9595876,41.079132,0.8302317702050009
2600.0,-740.2538528564397,3.9591866,41.016682,0.829912627249443
2600.0,-740.2626862101765,3.9590662,41.029186,0.8295934836956472
2600.0,-740.2545548917032,3.9587452,41.079132,0.8292743404374234
2600.0,-740.2612304890091,3.9582639,41.004215,0.8289551975112213
2600.0,-740.2553916678913,3.9580233,41.016682,0.828636053892241
2600.0,-740.260654692521,3.9575019,41.004215,0.8283169112142774
2600.0,-740.2538160037601,3.9576221,41.041653,0.8279977682746077
2600.0,-740.2590690272071,3.9573815,41.041653,0.8276786262802592
2600.0,-740.2521295490731,3.9570205,41.029186,0.8273594840676647
2600.0,-740.258704901832,3.9566996,41.066624,0.8270403422302988
2600.0,-740.2508783464291,3.9563384,41.041653,0.8267212005571305
2600.0,-740.2506882226837,3.9562583,41.029186,0.8264020589659297
2600.0,-740.2583616870754,3.955857,40.929302,0.8260829172765312
2600.0,-740.2506738674109,3.9555764,41.016682,0.8257637756915193
2600.0,-740.2593487037337,3.9552152,41.004215,0.825444633576596
2600.0,-740.2506118195142,3.9551752,40.991711,0.8251254920183346
2600.0,-740.2580147856223,3.9548142,41.004215,0.8248063504784929
2600.0,-740.2510279552893,3.9544129,41.016682,0.8244872087408245
2600.0,-740.259958167579,3.9539719,41.079132,0.8241680663631481
2600.0,-740.2514308585745,3.954052,41.016682,0.8238489244517773
2600.0,-740.2582091470699,3.9537311,40.991711,0.823529782828142
2600.0,-740.252128316094,3.9533701,40.966736,0.823210640616079
2600.0,-740.2585747495692,3.9531295,41.079132,0.8228914988348245
2600.0,-740.2514534293942,3.9526482,41.004215,0.8225723569137229
2600.0,-740.2527575489006,3.9524474,41.054157,0.822253214430381
2600.0,-740.2595587882927,3.9523673,41.004215,0.8219340722248857
2600.0,-740.2504645179177,3.951966,41.016682,0.8216149307301299
2600.0,-740.2583331464994,3.9516051,41.016682,0.821295789053036
2600.0,-740.2505445711168,3.9516451,40.991711,0.820976647523767
2600.0,-740.2583565721632,3.9510436,40.941769,0.8206575058365736
2600.0,-740.2540571036571,3.9510033,40.954269,0.8203383627929595
2600.0,-740.2596891723072,3.9504819,41.054157,0.8200192205312528
2600.0,-740.2515756942126,3.9502814,40.991711,0.8197000785574395
2600.0,-740.2596378414665,3.9503214,41.079132,0.8193809363178628
2600.0,-740.2503096966368,3.9498,41.041653,0.8190617948898544
2600.0,-740.2576221077509,3.9495995,40.979244,0.8187426535193049
2600.0,-740.2509289074779,3.9491582,40.979244,0.8184235118243385
2600.0,-740.2515485949659,3.9491181,40.954269,0.8181043698622086
2600.0,-740.2594268173149,3.9486768,40.966736,0.8177852277136088
2600.0,-740.2514640489462,3.9486768,40.916794,0.8174660857879288
2600.0,-740.2603487341039,3.9482355,41.004215,0.8171469432418705
2600.0,-740.2508324970582,3.9478345,40.991711,0.8168278015884692
2600.0,-740.2594148055077,3.9478345,40.954269,0.8165086594450482
2600.0,-740.2524077701825,3.9475136,40.966736,0.8161895171125051
2600.0,-740.2596854369581,3.9471126,40.979244,0.8158703748524088
2600.0,-740.250974598461,3.9469521,40.991711,0.8155512331377438
2600.0,-740.2582144448769,3.9465108,40.966736,0.8152320915118245
2600.0,-740.2521015952179,3.9463904,41.016682,0.8149129493112817
2600.0,-740.2595152928142,3.9460294,40.966736,0.8145938071245382
2600.0,-740.2519685513854,3.9456282,41.004215,0.8142746649813538
2600.0,-740.2528815107089,3.9456282,41.004215,0.8139555224445688
2600.0,-740.2599434096912,3.9451871,40.954269,0.8136363800732549
2600.0,-740.2527223929039,3.9449863,40.966736,0.8133172376050696
2600.0,-740.2600328874533,3.9448259,41.004215,0.8129980951951797
2600.0,-740.250552236911,3.944505,40.991711,0.8126789536626059
2600.0,-740.25926849134,3.9440639,40.979244,0.8123598115822641
2600.0,-740.2516495953568,3.9440639,41.004215,0.8120406695765902
2600.0,-740.2606858082031,3.943743,41.004215,0.8117215268852118
2600.0,-740.2522396682714,3.9435022,40.954269,0.8114023846251419
2600.0,-740.2600165177901,3.9433017,41.016682,0.8110832422223093
2600.0,-740.2519778407565,3.9431012,40.966736,0.8107641000751201
2600.0,-740.2602756378229,3.9426599,40.966736,0.8104449575605752
2600.0,-740.2530321570704,3.9424193,40.979244,0.8101258149588425
2600.0,-740.2524140939266,3.942018,40.991711,0.8098066726235732
2600.0,-740.2589514728844,3.9418976,40.941769,0.809487530679905
2600.0,-740.2537217778229,3.9414163,40.929302,0.8091683877808586
2600.0,-740.2608148984488,3.9413362,40.991711,0.8088492450338266
2600.0,-740.2529171800845,3.9409349,40.954269,0.8085301024816633
2600.0,-740.259493492176,3.9406943,40.954269,0.8082109603043188
2600.0,-740.2521274862975,3.9404938,40.954269,0.8078918180926133
2600.0,-740.2598758794456,3.940213,41.004215,0.807572675750413
2600.0,-740.2519948697436,3.9401329,41.004215,0.8072535335958824
2600.0,-740.2587026067721,3.9395711,40.941769,0.8069343917595058
2600.0,-740.2518244357568,3.9394507,40.941769,0.8066152496784535
2600.0,-740.2590485193149,3.9391298,40.991711,0.8062961076929466
2600.0,-740.252054378576,3.9390898,40.979244,0.8059769655127599
2600.0,-740.2500851250354,3.9386485,40.979244,0.8056578241815704
2600.0,-740.2577768326189,3.9386485,41.016682,0.8053386827443154
2600.0,-740.2505531037975,3.9380066,40.904327,0.805019541211368
2600.0,-740.2580406891894,3.9379666,40.966736,0.8047003996603587
2600.0,-740.2515345812807,3.9378061,40.891823,0.8043812577042703
2600.0,-740.2602164088988,3.9372847,40.916794,0.8040621152152603
2600.0,-740.2519258267454,3.9371243,40.941769,0.8037429730904958
2600.0,-740.2590611046695,3.9370039,40.954269,0.803423831099563
2600.0,-740.2534039208396,3.9366829,40.979244,0.803104688337553
2600.0,-740.2610913770552,3.936362,40.954269,0.802785545471325
2600.0,-740.2526275812492,3.9362419,41.004215,0.8024664030440156
2600.0,-740.2598315069935,3.935921,40.966736,0.8021472607209452
2600.0,-740.2507990255175,3.9356401,41.016682,0.8018281190819744
2600.0,-740.2571765120757,3.9354796,40.916794,0.8015089779035308
2600.0,-740.2500338068869,3.9354396,40.966736,0.8011898365944661
2600.0,-740.2516498880365,3.9347978,40.954269,0.8008706945886659
2600.0,-740.2586304753565,3.9344366,40.86689,0.8005515527833867
2600.0,-740.2513875359899,3.934557,40.916794,0.8002324108906935
2600.0,-740.2583434616577,3.9343965,40.904327,0.7999132692091525
2600.0,-740.2523065012077,3.933835,40.941769,0.799594126920269
2600.0,-740.258516131232,3.9335542,41.016682,0.7992749851642862
2600.0,-740.2520920005821,3.9335141,40.954269,0.7989558429678798
2600.0,-740.260069069344,3.9331129,41.016682,0.798636700542391
2600.0,-740.251819479693,3.9327919,40.891823,0.7983175584634755
2600.0,-740.2601964504069,3.9325514,40.916794,0.7979984159830702
2600.0,-740.2527843313206,3.932431,40.991711,0.7976792734881815
2600.0,-740.2593990701694,3.93207,40.904327,0.7973601313515444
2600.0,-740.2528161915113,3.9317491,40.979244,0.7970409888429201
2600.0,-740.252974723343,3.9315886,41.029186,0.7967218462659484
2600.0,-740.260844000243,3.9313478,40.904327,0.7964027035063699
2600.0,-740.2548968091493,3.9307864,40.941769,0.7960835601007367
2600.0,-740.2615421974307,3.9305055,40.929302,0.7957644170401499
2600.0,-740.2556989419013,3.9304254,40.979244,0.795445273288696
2600.0,-740.2618515741111,3.9301445,40.929302,0.7951261300947303
2600.0,-740.2552077940169,3.929944,40.916794,0.7948069865550229
2600.0,-740.2622500259807,3.9296231,40.916794,0.7944878431892759
2600.0,-740.2542015486464,3.9295027,40.979244,0.7941687000833876
2600.0,-740.2614802706692,3.9291818,40.941769,0.793849557049499
2600.0,-740.2532953763103,3.9289813,40.891823,0.7935304143342855
2600.0,-740.2612471639915,3.9286203,40.979244,0.7932112714008943
2600.0,-740.2544879611045,3.9286604,40.929302,0.7928921281715261
2600.0,-740.2539908686653,3.9282591,40.991711,0.7925729851564675
2600.0,-740.260809747111,3.9280987,40.979244,0.7922538424116563
2600.0,-740.252599309851,3.9276977,40.916794,0.7919346999965354
2600.0,-740.2596415278562,3.9274168,40.941769,0.7916155577553693
2600.0,-740.252042037529,3.9273767,40.904327,0.7912964155805032
2600.0,-740.2586743841003,3.9272163,40.966736,0.7909772737562941
2600.0,-740.2523193308216,3.9270158,40.916794,0.7906581314618796
2600.0,-740.2600981953877,3.9268153,40.966736,0.7903389890238339
2600.0,-740.2516417826345,3.926414,40.954269,0.7900198470215283
2600.0,-740.257488623326,3.9262936,40.929302,0.7897007057085268
2600.0,-740.2507049828313,3.9257722,40.916794,0.7893815641101003
2600.0,-740.2605246381773,3.9257722,40.929302,0.7890624214882058
2600.0,-740.2536582895491,3.9252908,40.954269,0.7887432786165308
2600.0,-740.2522446974411,3.9250503,40.86689,0.7884241363542928
2600.0,-740.2610822949908,3.9248898,40.929302,0.7881049934919802
2600.0,-740.2545047946138,3.9248095,40.954269,0.7877858502553545
2600.0,-740.2624607813411,3.924288,40.929302,0.7874667067987462
2600.0,-740.2550455024198,3.9242077,40.904327,0.7871475633290071
2600.0,-740.2635206749603,3.9240472,40.941769,0.7868284194154552
2600.0,-740.255434612054,3.9235258,40.966736,0.7865092757779608
2600.0,-740.263559603034,3.9234858,40.841919,0.7861901318476262
2600.0,-740.2558825712365,3.9229643,40.904327,0.7858709880170048
2600.0,-740.2619850344399,3.9226434,40.929302,0.7855518447655013
2600.0,-740.2543217020371,3.922483,40.904327,0.7852327016078118
2600.0,-740.2627620892706,3.9223225,40.879356,0.7849135580213029
2600.0,-740.2550257637023,3.9220417,40.941769,0.7845944145600737
2600.0,-740.2538785156675,3.9214399,40.916794,0.7842752715934534
2600.0,-740.2627220376352,3.9214399,40.929302,0.7839561280242118
2600.0,-740.2551454775363,3.9215603,40.954269,0.7836369845113709
2600.0,-740.2623569481108,3.9209988,40.904327,0.7833178410995273
2600.0,-740.2555735393066,3.920718,40.954269,0.7829986974021376
2600.0,-740.2612481893271,3.9206378,40.879356,0.7826795544683044
2600.0,-740.2555940718047,3.9205174,40.916794,0.7823604107620626
2600.0,-740.2622436292197,3.9202366,40.891823,0.7820412673990732
2600.0,-740.2535536268504,3.9196751,40.954269,0.7817221245725211
2600.0,-740.2614695652672,3.9194744,40.904327,0.7814029815432478
2600.0,-740.2539061401108,3.9191535,40.879356,0.781083838564718
2600.0,-740.2588539015588,3.9190333,40.891823,0.7807646966631149
2600.0,-740.2519881922361,3.9187925,40.941769,0.780445554511463
2600.0,-740.2528321703611,3.9186721,40.879356,0.7801264119959497
2600.0,-740.2599547865085,3.9187524,40.891823,0.7798072696197309
2600.0,-740.2519227386955,3.9180303,40.904327,0.7794881274962977
2600.0,-740.2588909133054,3.9179101,40.854385,0.779168985578738
2600.0,-740.2536630624642,3.9177897,40.841919,0.7788498427050055
2600.0,-740.2595976065272,3.9173083,40.929302,0.7785307004827747
2600.0,-740.2517876198093,3.9172282,40.854385,0.7782115584175948
2600.0,-740.2596220207944,3.9167469,40.941769,0.7778924161848386
2600.0,-740.2518894259007,3.9167066,40.891823,0.7775732740757675
2600.0,-740.2614318694178,3.9165061,40.929302,0.7772541310627457
2600.0,-740.2540420157386,3.9161851,40.86689,0.7769349880256362
2600.0,-740.2605324996307,3.9160647,40.891823,0.7766158454003526
2600.0,-740.2525372619544,3.9158242,40.891823,0.7762967030119821
2600.0,-740.2503327315695,3.9155033,40.904327,0.775977561574043
2600.0,-740.2602553981591,3.9151824,40.904327,0.7756584190682239
2600.0,-740.2529899457581,3.9149415,40.941769,0.7753392764846895
2600.0,-740.2606819631172,3.914701,40.954269,0.7750201337949688
2600.0,-740.2536606331355,3.9145806,40.904327,0.7747009909222834
2600.0,-740.2610301342431,3.9143801,40.929302,0.7743818480824586
2600.0,-740.2523200634162,3.9140191,40.891823,0.7740627057877282
2600.0,-740.2614850067976,3.9137783,40.929302,0.7737435627517977
2600.0,-740.2523649973508,3.9136178,40.841919,0.7734244204376951
2600.0,-740.2599980238369,3.9132969,40.916794,0.7731052780428357
2600.0,-740.2525065007579,3.912936,40.904327,0.7727861356677272
2600.0,-740.260329971513,3.9128559,40.904327,0.772466993129758
2600.0,-740.2547624228577,3.912575,40.879356,0.772147849782062
2600.0,-740.2550603944511,3.9122541,40.829414,0.7718287063059026
2600.0,-740.2620420904217,3.9121737,40.891823,0.7715095630298011
2600.0,-740.2548756304128,3.9117327,40.904327,0.7711904196332984
2600.0,-740.2623349872416,3.9115722,40.86689,0.7708712762309227
2600.0,-740.2539377314107,3.9111309,40.916794,0.7705521332387729
2600.0,-740.2610077342221,3.911211,40.904327,0.7702329904086052
2600.0,-740.2545785857152,3.9106495,40.916794,0.7699138471401662
2600.0,-740.2612555865605,3.9104891,40.879356,0.7695947042031439
2600.0,-740.2552994808897,3.910409,40.841919,0.769275560623908
2600.0,-740.2624357812995,3.9101281,40.929302,0.7689564171780777
2600.0,-740.2548955030642,3.9096467,40.841919,0.7686372737730074
2600.0,-740.2615819315711,3.9096467,40.916794,0.7683181306952904
2600.0,-740.2556381384945,3.9092455,40.86689,0.7679989869700505
2600.0,-740.2550481391464,3.9093659,40.891823,0.7676798434991746
2600.0,-740.2629382010509,3.9087641,40.916794,0.7673606998367402
2600.0,-740.2563329353961,3.9086037,40.854385,0.7670415558119548
2600.0,-740.2628944262424,3.9084432,40.879356,0.7667224121683925
2600.0,-740.2537009530544,3.908323,40.916794,0.7664032692783243
2600.0,-740.2618359610947,3.9079218,40.916794,0.7660841260910897
2600.0,-740.2528328908822,3.9076812,40.86689,0.7657649835752658
2600.0,-740.2585455868443,3.9074004,40.879356,0.7654458418065839
2600.0,-740.2517670505791,3.90728,40.891823,0.765126699750272
2600.0,-740.2589177936582,3.9067986,40.929302,0.7648075578211236
2600.0,-740.2532058133479,3.9067185,40.929302,0.764488415144523
2600.0,-740.2612358117307,3.906518,40.941769,0.7641692722160262
2600.0,-740.2523479805905,3.9063172,40.904327,0.7638501299092599
2600.0,-740.2538226931877,3.9062371,40.86689,0.7635309869667062
2600.0,-740.2590540979355,3.9059162,40.916794,0.763211844978794
2600.0,-740.2527027031966,3.9057958,40.841919,0.7628927025190976
2600.0,-740.2604621379195,3.905515,40.929302,0.7625735599241484
2600.0,-740.2515776108274,3.905194,40.891823,0.7622544179495089
2600.0,-740.2605421184079,3.9050336,40.86689,0.7619352753200783
2600.0,-740.2536056531395,3.904793,40.841919,0.7616161324710964
2600.0,-740.2600060806167,3.9043918,40.929302,0.7612969900727634
2600.0,-740.2537492806617,3.9041111,40.904327,0.7609778471618599
2600.0,-740.2622428234599,3.9039104,40.891823,0.760658703799218
2600.0,-740.2546420253369,3.9037902,40.854385,0.7603395605034285
2600.0,-740.2620230473751,3.903389,40.829414,0.7600204172355368
2600.0,-740.2533218894815,3.9033089,40.904327,0.7597012745088929
2600.0,-740.2543711157466,3.902988,40.916794,0.7593821313298997
2600.0,-740.2622485979185,3.9028275,40.879356,0.7590629879647683
2600.0,-740.2531424472926,3.9023461,40.816948,0.7587438453154866
2600.0,-740.2616619487919,3.9022658,40.841919,0.7584247022032724
2600.0,-740.2539507688317,3.9021053,40.891823,0.7581055592055019
2600.0,-740.2605302775753,3.9019852,40.854385,0.7577864165811763
2600.0,-740.2545505829011,3.9017444,40.916794,0.7574672733248101
2600.0,-740.263345759388,3.9013433,40.879356,0.7571481294866682
2600.0,-740.255788882723,3.9013031,40.916794,0.7568289856964384
2600.0,-740.2633413770777,3.900902,40.916794,0.7565098418601857
2600.0,-740.2568292344641,3.9007015,40.86689,0.7561906976214328
2600.0,-740.2646011008749,3.9004607,40.86689,0.7558715532420854
2600.0,-740.2562075572554,3.9003003,40.891823,0.755552409271354
2600.0,-740.2556104291275,3.9001398,40.916794,0.7552332655580601
2600.0,-740.2633168162902,3.8997788,40.891823,0.7549141217323962
2600.0,-740.2560900652497,3.8996184,40.916794,0.7545949778123187
2600.0,-740.2631763374095,3.8995783,40.841919,0.7542758340472182
2600.0,-740.2560118916775,3.899097,40.841919,0.7539566901608434
2600.0,-740.2626761146453,3.8990166,40.879356,0.7536375466114
2600.0,-740.255431841189,3.8987761,40.941769,0.7533184029751002
2600.0,-740.2619223749742,3.8984151,40.841919,0.7529992597506107
2600.0,-740.2547493977147,3.8982143,40.891823,0.7526801164085302
2600.0,-740.2631127138968,3.8978934,40.841919,0.7523609726708593
2600.0,-740.2547382161317,3.8978534,40.854385,0.7520418293335995
2600.0,-740.263423445584,3.8975325,40.891823,0.7517226854619654
2600.0,-740.2550154732039,3.8974121,40.86689,0.7514035420051728
2600.0,-740.2531091829964,3.897011,40.854385,0.7510843993702322
2600.0,-740.2618930783652,3.897011,40.929302,0.750765256158373
2600.0,-740.2544536839656,3.8964896,40.916794,0.7504461129437825
2600.0,-740.2622385268927,3.8964496,40.80444,0.7501269695829929
2600.0,-740.2531326081175,3.8961287,40.854385,0.749807826937953
2600.0,-740.260017030458,3.8960083,40.904327,0.7494886845348996
2600.0,-740.254238352725,3.8956473,40.904327,0.7491695414131441
2600.0,-740.2619736816677,3.8952861,40.891823,0.748850398166535
2600.0,-740.2539021607716,3.8954465,40.80444,0.7485312551897207
2600.0,-740.2635005939928,3.894845,40.829414,0.7482121112848262
2600.0,-740.254613460901,3.8946846,40.86689,0.7478929680013517
2600.0,-740.2619518921823,3.8946042,40.829414,0.7475738247641366
2600.0,-740.2545006317167,3.8942432,40.841919,0.7472546815293057
2600.0,-740.2529789107963,3.8939624,40.86689,0.7469355389505289
2600.0,-740.2608919003372,3.8938823,40.829414,0.7466163961702997
2600.0,-740.2528874924051,3.8936415,40.841919,0.7462972536309357
2600.0,-740.2626120030724,3.8932004,40.904327,0.7459781101091323
2600.0,-740.2558320342836,3.8932405,40.879356,0.7456589663002986
2600.0,-740.2631821967926,3.8928392,40.86689,0.7453398225326722
2600.0,-740.2547101765855,3.8925586,40.879356,0.7450206792075009
2600.0,-740.2612292928011,3.8923178,40.86689,0.7447015362818143
2600.0,-740.2542967631258,3.8921573,40.891823,0.7443823931348766
2600.0,-740.2619482911776,3.8920369,40.841919,0.744063249899214
2600.0,-740.254875056206,3.891716,40.916794,0.7437441065029589
2600.0,-740.2605913134478,3.8917563,40.879356,0.7434249638523193
2600.0,-740.2524339298972,3.8912346,40.879356,0.743105821508498
2600.0,-740.2526898979344,3.890954,40.80444,0.7427866790543223
2600.0,-740.2605127729929,3.8908336,40.841919,0.7424675364375432
2600.0,-740.2535592175907,3.8906331,40.929302,0.7421483936085808
2600.0,-740.2620908332128,3.8903522,40.854385,0.7418292503114651
2600.0,-740.2532850004791,3.8902318,40.854385,0.7415101076007249
2600.0,-740.2604501016582,3.8899512,40.86689,0.7411909650109648
2600.0,-740.2516196635985,3.8896303,40.841919,0.7408718230181953
2600.0,-740.2591885104423,3.88955,40.791973,0.740552680972335
2600.0,-740.2540023064516,3.8893495,40.879356,0.7402335379523453
2600.0,-740.2612196735123,3.8890686,40.854385,0.7399143950308057
2600.0,-740.2538144413691,3.8887877,40.854385,0.7395952520918097
2600.0,-740.2601409200994,3.8885071,40.916794,0.7392761096353445
2600.0,-740.2536308119315,3.8884668,40.829414,0.7389569667755159
2600.0,-740.2612228109109,3.8881862,40.904327,0.7386378238526239
2600.0,-740.2530387490403,3.8879454,40.841919,0.7383186812480491
2600.0,-740.2511106205565,3.8877449,40.841919,0.7379995394747415
2600.0,-740.2590030111251,3.887424,40.916794,0.737680397508854
2600.0,-740.2510023694745,3.8873436,40.891823,0.7373612557822161
2600.0,-740.2577709732358,3.8869026,40.841919,0.7370421143474875
2600.0,-740.2534225850168,3.8866217,40.86689,0.7367229715774308
2600.0,-740.2608555361658,3.8867421,40.816948,0.736403828812879
2600.0,-740.2538215945004,3.8865013,40.941769,0.736084685870799
2600.0,-740.2607286186068,3.8861403,40.854385,0.7357655431609641
2600.0,-740.2550877993208,3.8858998,40.916794,0.7354463996729899
2600.0,-740.262948028149,3.8856189,40.891823,0.7351272560063186
2600.0,-740.2561983657513,3.8851776,40.879356,0.7348081120395498
2600.0,-740.2629714286425,3.885258,40.767006,0.7344889683627901
2600.0,-740.2557439852135,3.8851376,40.891823,0.7341698245919168
2600.0,-740.2553725638504,3.8846562,40.841919,0.733850680981173
2600.0,-740.2629052662957,3.8844557,40.854385,0.7335315373329373
2600.0,-740.2563302378928,3.8844154,40.854385,0.733212393309315
2600.0,-740.2634954549334,3.8839743,40.929302,0.732893249406636
2600.0,-740.2561388689413,3.8840544,40.86689,0.7325741054655178
2600.0,-740.2640183703501,3.8837335,40.854385,0.7322549613373984
2600.0,-740.2556434122547,3.8833725,40.854385,0.7319358176098848
2600.0,-740.2626761513777,3.8832924,40.791973,0.7316166740604256
2600.0,-740.2554034473166,3.8832121,40.841919,0.7312975304363671
2600.0,-740.2633681103983,3.8827708,40.791973,0.7309783865885892
2600.0,-740.2554592215024,3.8823698,40.841919,0.7306592429404849
2600.0,-740.2619282344598,3.8822093,40.841919,0.7303400997134692
2600.0,-740.2543334451395,3.882129,40.841919,0.7300209565507169
2600.0,-740.2556687420196,3.8819685,40.841919,0.7297018128122829
2600.0,-740.2618011219836,3.8816476,40.854385,0.7293826696400681
2600.0,-740.2547153645012,3.8816879,40.80444,0.7290635263126604
2600.0,-740.2616703477255,3.8812866,40.854385,0.7287443831968252
2600.0,-740.2537062996647,3.8807652,40.742031,0.7284252403044519
2600.0,-740.2607991145601,3.8809257,40.86689,0.7281060975642246
2600.0,-740.2531435458775,3.8806047,40.854385,0.7277869549144692
2600.0,-740.2613855681557,3.8802838,40.86689,0.727467811921409
2600.0,-740.2556185467053,3.8802037,40.904327,0.7271486682046154
2600.0,-740.2621756845833,3.8798425,40.854385,0.7268295248709186
2600.0,-740.2552447813465,3.879642,40.904327,0.7265103813152651
2600.0,-740.2625001857084,3.8795619,40.86689,0.7261912378416686
2600.0,-740.25497124741,3.8793612,40.879356,0.725872094403943
2600.0,-740.2537939945109,3.8791206,40.854385,0.7255529514737621
2600.0,-740.2630706238681,3.8787997,40.854385,0.725233807754237
2600.0,-740.25406353683,3.8786793,40.829414,0.7249146647078493
2600.0,-740.261136140416,3.8785188,40.829414,0.7245955218223228
2600.0,-740.2535659193987,3.8779974,40.80444,0.724276378990471
2600.0,-740.2608759579568,3.8779171,40.816948,0.7239572362171148
2600.0,-740.2538804812923,3.8778369,40.854385,0.7236380932496472
2600.0,-740.2615145848853,3.8774357,40.86689,0.723318950200965
2600.0,-740.2554986007124,3.8772752,40.916794,0.7229998065358834
2600.0,-740.2610283029429,3.8771148,40.841919,0.7226806636968479
2600.0,-740.2534699240307,3.8769546,40.841919,0.7223615209063823
2600.0,-740.2606097336803,3.8769143,40.854385,0.7220423782478014
2600.0,-740.2540574212001,3.8764329,40.80444,0.7217232352040501
2600.0,-740.2539124631388,3.8763528,40.816948,0.7214040922227943
2600.0,-740.2605145916056,3.8760319,40.854385,0.7210849496052313
2600.0,-740.2551942934036,3.875711,40.80444,0.7207658060713444
2600.0,-740.2626808753301,3.8756709,40.854385,0.7204466625198487
2600.0,-740.2566345210546,3.87535,40.854385,0.7201275183650419
2600.0,-740.2627198645904,3.8751895,40.816948,0.7198083747967369
2600.0,-740.2541778916733,3.8748686,40.86689,0.7194892317010478
2600.0,-740.2601512719901,3.8747883,40.829414,0.7191700892401198
2600.0,-740.2547194174068,3.8741465,40.86689,0.7188509459109647
2600.0,-740.2604850869827,3.8741865,40.841919,0.7185318033061215
2600.0,-740.2527818533911,3.8741064,40.854385,0.7182126608123014
2600.0,-740.2611406080601,3.873986,40.916794,0.7178935179248488
2600.0,-740.2536144421259,3.873585,40.891823,0.7175743750720776
2600.0,-740.2544165137942,3.8735449,40.779472,0.7172552318735123
2600.0,-740.2621210823066,3.8732641,40.80444,0.7169360885633556
2600.0,-740.2534737688221,3.8727427,40.879356,0.7166169457712324
2600.0,-740.2608862613486,3.8727827,40.841919,0.7162978029934342
2600.0,-740.2518368624436,3.8726223,40.779472,0.7159786609070246
2600.0,-740.2605046675094,3.8723013,40.841919,0.7156595182937397
2600.0,-740.2531250888936,3.8720605,40.829414,0.7153403756519418
2600.0,-740.2608496033178,3.8720205,40.86689,0.7150212328899477
2600.0,-740.2527389945614,3.8716996,40.80444,0.7147020904146051
2600.0,-740.2597755738574,3.8715391,40.841919,0.7143829481156487
2600.0,-740.25431302294,3.8714187,40.86689,0.714063804961701
2600.0,-740.260907562569,3.8708973,40.879356,0.7137446621747194
2600.0,-740.2524266301446,3.8706968,40.80444,0.7134255198340452
2600.0,-740.2517881810218,3.870456,40.854385,0.7131063777686234
2600.0,-740.2605500777802,3.870456,40.916794,0.7127872351357615
2600.0,-740.2520709312232,3.8703358,40.841919,0.7124680929484386
2600.0,-740.2588863356688,3.8699346,40.891823,0.7121489510328525
2600.0,-740.2519838346284,3.8698144,40.816948,0.7118298088830791
2600.0,-740.2588676587186,3.8694532,40.879356,0.711510666975545
2600.0,-740.2523054029298,3.869333,40.879356,0.7111915246871352
2600.0,-740.2578456195429,3.8689718,40.891823,0.7108723832202247
2600.0,-740.2495777909033,3.8689318,40.86689,0.7105532421077603
2600.0,-740.2567613243441,3.8688517,40.879356,0.7102341011083134
2600.0,-740.2504284461778,3.8684504,40.854385,0.709914959629109
2600.0,-740.2573780025793,3.8684504,40.816948,0.7095958183637986
2600.0,-740.2487572744269,3.8682499,40.879356,0.7092766776050805
2600.0,-740.2480678496128,3.8678889,40.816948,0.7089575371435916
2600.0,-740.255437769532,3.8678889,40.879356,0.7086383967147584
2600.0,-740.2496822826291,3.8676081,40.916794,0.7083192555572447
2600.0,-740.2581844153078,3.8673272,40.841919,0.708000113944272
2600.0,-740.2510291515364,3.8671668,40.86689,0.7076809722060877
2600.0,-740.2570557962583,3.8668058,40.86689,0.7073618310796875
2600.0,-740.2489907937605,3.8665652,40.80444,0.7070426902202931
2600.0,-740.258043179371,3.8666053,40.80444,0.7067235486682102
2600.0,-740.2496527054528,3.8663244,40.904327,0.7064044075234482
2600.0,-740.2571856550709,3.8660035,40.791973,0.706085266341063
2600.0,-740.2496256663688,3.8658831,40.891823,0.7057661252079581
2600.0,-740.2564075140249,3.8656826,40.829414,0.7054469843610467
2600.0,-740.2475402151414,3.8654821,40.854385,0.705127844127035
2600.0,-740.2471978944612,3.8649607,40.791973,0.7048087040406067
2600.0,-740.2559378822014,3.8648803,40.816948,0.7044895633961638
2600.0,-740.2489587021272,3.8648002,40.841919,0.7041704225506049
2600.0,-740.2550117663036,3.8646798,40.841919,0.7038512823054309
2600.0,-740.248072073082,3.8643188,40.904327,0.7035321418421212
2600.0,-740.2550400744116,3.8639979,40.86689,0.7032130015847431
2600.0,-740.2475498705539,3.864038,40.816948,0.7028938613465687
2600.0,-740.2573155754794,3.8638375,40.86689,0.7025747201081718
2600.0,-740.2486402951351,3.863677,40.891823,0.7022555793998866
2600.0,-740.2543321121309,3.8633161,40.879356,0.7019364394477265
2600.0,-740.2479806911158,3.8631957,40.829414,0.701617299023814
2600.0,-740.2543856646176,3.8628347,40.829414,0.7012981590485664
2600.0,-740.2464274879662,3.8626339,40.854385,0.7009790192942806
2600.0,-740.2467406581347,3.8626339,40.791973,0.7006598794049791
2600.0,-740.2557294950074,3.8624334,40.86689,0.7003407388503764
2600.0,-740.2481715596315,3.8621526,40.841919,0.7000215983441754
2600.0,-740.2562522027172,3.8620725,40.879356,0.6997024575642221
2600.0,-740.2490593487546,3.861912,40.841919,0.6993833166752718
2600.0,-740.2564159733264,3.8614306,40.779472,0.6990641758247133
2600.0,-740.2471300726756,3.8613503,40.841919,0.6987450357675248
2600.0,-740.256276604706,3.8611898,40.779472,0.6984258949770511
2600.0,-740.2475787767308,3.8610294,40.891823,0.6981067547264145
2600.0,-740.256175774325,3.8606284,40.829414,0.6977876139794111
2600.0,-740.2474075373505,3.8604679,40.829414,0.6974684738026002
2600.0,-740.2546672822324,3.8601069,40.841919,0.697149333705941
2600.0,-740.2464635108494,3.860147,40.879356,0.6968301939361249
2600.0,-740.2475289597874,3.8599465,40.791973,0.6965110537069655
2600.0,-740.2565735671599,3.8595452,40.879356,0.6961919127884649
2600.0,-740.2476752238315,3.8592646,40.841919,0.6958727724962473
2600.0,-740.2548533305918,3.8592646,40.86689,0.6955536323193786
2600.0,-740.2474049860591,3.8590238,40.816948,0.6952344921436676
2600.0,-740.2560892017492,3.8591042,40.854385,0.6949153514339875
2600.0,-740.2487677114441,3.8586628,40.841919,0.6945962106707698
2600.0,-740.2568057947153,3.8585424,40.916794,0.6942770696521507
2600.0,-740.2487975089105,3.858422,40.816948,0.6939579288760864
2600.0,-740.2545966153044,3.858021,40.816948,0.6936387888098934
2600.0,-740.2480109403147,3.8577001,40.904327,0.6933196483729396
2600.0,-740.2568167930557,3.8575797,40.80444,0.6930005073495789
2600.0,-740.2482337300024,3.8573391,40.879356,0.6926813668165746
2600.0,-740.2477728676396,3.8571787,40.816948,0.6923622264822602
2600.0,-740.2562531671733,3.8571384,40.966736,0.692043085701891
2600.0,-740.2490997901245,3.8568978,40.854385,0.6917239447955054
2600.0,-740.2567012897625,3.856617,40.891823,0.6914048038219407
2600.0,-740.2487345207143,3.8564565,40.929302,0.6910856630730322
2600.0,-740.2573857419665,3.856216,40.879356,0.6907665218043852
2600.0,-740.248987193099,3.8560555,40.86689,0.690447380946543
2600.0,-740.2561229051227,3.855895,40.86689,0.6901282402223328
2600.0,-740.249186008015,3.8557346,40.829414,0.6898090992787763
2600.0,-740.2552544192146,3.8552933,40.879356,0.6894899589289893
2600.0,-740.2490663675428,3.8551328,40.86689,0.6891708180370131
2600.0,-740.2569326874109,3.8550124,40.816948,0.6888516769636878
2600.0,-740.2488167471921,3.854852,40.86689,0.6885325361793294
2600.0,-740.249767816833,3.8546515,40.854385,0.6882133949849397
2600.0,-740.2567933068192,3.8541701,40.829414,0.6878942539717046
2600.0,-740.2477381998518,3.8542504,40.816948,0.6875751136523364
2600.0,-740.255881290235,3.85409,40.779472,0.6872559730322916
2600.0,-740.2479647978037,3.8536487,40.854385,0.686936832615231
2600.0,-740.2566900836129,3.8535686,40.829414,0.6866176916464976
2600.0,-740.250517642843,3.8534882,40.86689,0.6862985501288381
2600.0,-740.256719197276,3.8532877,40.779472,0.6859794091475532
2600.0,-740.2480900780264,3.8528864,40.854385,0.685660268676481
2600.0,-740.2563908999222,3.8527663,40.891823,0.6853411278367323
2600.0,-740.2478685217782,3.8525655,40.816948,0.6850219874611789
2600.0,-740.2565446848394,3.8522849,40.80444,0.68470284655513
2600.0,-740.2490394022299,3.8521245,40.841919,0.6843837056747791
2600.0,-740.2483073254724,3.8520441,40.904327,0.6840645651100459
2600.0,-740.2568775603415,3.8519237,40.86689,0.6837454240604871
2600.0,-740.2499499816953,3.8516431,40.829414,0.6834262827875613
2600.0,-740.2588010932361,3.8512819,40.879356,0.6831071409087253
2600.0,-740.2502743088905,3.8511214,40.904327,0.6827879994959736
2600.0,-740.2590946866418,3.8510413,40.841919,0.6824688574905627
2600.0,-740.2506504908906,3.8508005,40.80444,0.6821497159156291
2600.0,-740.2578630639618,3.8506,40.929302,0.681830574441198
2600.0,-740.2503177040695,3.8504395,40.891823,0.6815114330097375
2600.0,-740.2562800597019,3.850199,40.829414,0.6811922922177744
2600.0,-740.2494388632415,3.8501589,40.854385,0.6808731511652054
2600.0,-740.257386034598,3.8497577,40.854385,0.680554009896432
2600.0,-740.2489979478127,3.8495972,40.879356,0.6802348690339534
2600.0,-740.2572742295123,3.8495972,40.854385,0.6799157278133817
2600.0,-740.2480904199721,3.8491559,40.891823,0.6795965873421621
2600.0,-740.2482246965791,3.8489153,40.841919,0.6792774468130524
2600.0,-740.2579053489078,3.8489153,40.854385,0.6789583053203913
2600.0,-740.2489775984633,3.8487148,40.854385,0.6786391644666856
2600.0,-740.2566511551299,3.8483939,40.904327,0.6783200235147351
2600.0,-740.2490867776689,3.8483536,40.891823,0.6780008826139595
2600.0,-740.2578702048869,3.8481531,40.80444,0.6776817411364497
2600.0,-740.2500537039922,3.8479125,40.86689,0.6773625998188066
2600.0,-740.2546396942436,3.8476317,40.841919,0.6770434597340411
2600.0,-740.249278988695,3.8475513,40.904327,0.6767243187503983
2600.0,-740.2561825246996,3.8472304,40.841919,0.6764051780004847
2600.0,-740.2490773291428,3.8469899,40.86689,0.6760860371037826
2600.0,-740.2573279656611,3.8467894,40.891823,0.675766895860044
2600.0,-740.2504331825655,3.8468294,40.891823,0.6754477543787979
2600.0,-740.2510142587888,3.8465085,40.841919,0.6751286126470343
2600.0,-740.2576163459286,3.8462679,40.879356,0.6748094712789686
2600.0,-740.2518136937306,3.846308,40.80444,0.6744903292025476
2600.0,-740.2580077299287,3.8460271,40.841919,0.6741711876657478
2600.0,-740.2501517384493,3.8456662,40.841919,0.6738520463058395
2600.0,-740.2558243440413,3.8457866,40.879356,0.6735329057103454
2600.0,-740.2483734143035,3.8453052,40.86689,0.6732137651171195
2600.0,-740.2568555631492,3.8449843,40.829414,0.6728946240770443
2600.0,-740.2497311101607,3.844944,40.841919,0.6725754828984798
2600.0,-740.2575261356156,3.844944,40.829414,0.6722563415693059
2600.0,-740.2498645450003,3.8444626,40.954269,0.6719372003332142
2600.0,-740.2588345291484,3.8445029,40.854385,0.671618058439963
2600.0,-740.2517379735316,3.8443825,40.929302,0.6712989163961869
2600.0,-740.2509789076212,3.8439412,40.841919,0.6709797746796642
2600.0,-740.2574637083111,3.8437006,40.86689,0.6706606333774041
2600.0,-740.2509529920877,3.8435001,40.841919,0.6703414916720541
2600.0,-740.2580807650232,3.8434198,40.791973,0.6700223501037673
2600.0,-740.2504076575785,3.8431792,40.879356,0.6697032086335256
2600.0,-740.2583617116319,3.8430989,40.954269,0.6693840669441165
2600.0,-740.2516756937831,3.8428984,40.854385,0.6690649249271908
2600.0,-740.2571055765612,3.8426576,40.891823,0.6687457837793291
2600.0,-740.250583559985,3.8423367,40.879356,0.6684266422332512
2600.0,-740.2573849849103,3.8424571,40.829414,0.6681075009649304
2600.0,-740.2494042320834,3.8418956,40.86689,0.6677883599272918
2600.0,-740.2574130370169,3.8418553,40.916794,0.6674692186468771
2600.0,-740.2504925938379,3.8416548,40.879356,0.6671500771400172
2600.0,-740.2493693810445,3.8415747,40.966736,0.6668309361174038
2600.0,-740.2567906089818,3.8414142,40.879356,0.6665117951053317
2600.0,-740.2474572074681,3.8411334,40.941769,0.6661926549071066
2600.0,-740.2564701609055,3.8409328,40.891823,0.6658735140331867
2600.0,-740.248724084004,3.8408124,40.954269,0.6655543732887779
2600.0,-740.2572631458381,3.8407724,40.904327,0.6652352320729847
2600.0,-740.2506630030127,3.8404112,40.879356,0.6649160904926568
2600.0,-740.256938754501,3.8399701,40.854385,0.6645969494167157
2600.0,-740.2497508248335,3.8400905,40.841919,0.6642778082296519
2600.0,-740.2574277340763,3.8399701,40.86689,0.6639586669429011
2600.0,-740.2497490301814,3.8397696,40.841919,0.6636395257566109
2600.0,-740.2580195585855,3.8394487,40.841919,0.6633203842147114
2600.0,-740.2507542503288,3.8393283,40.879356,0.6630012425950443
2600.0,-740.2506437287151,3.8388469,40.829414,0.662682101023026
2600.0,-740.2576276128556,3.838887,40.80444,0.6623629596501032
2600.0,-740.2503038250856,3.8385661,40.854385,0.6620438182246262
2600.0,-740.257634559068,3.838526,40.841919,0.6617246768487086
2600.0,-740.2511568851324,3.8380847,40.904327,0.6614055350554551
2600.0,-740.2575131473811,3.8379643,40.854385,0.6610863937318807
2600.0,-740.2486838250666,3.8378842,40.80444,0.6607672530048285
2600.0,-740.256075492884,3.8376033,40.816948,0.6604481123010586
2600.0,-740.2494510581788,3.8374429,40.916794,0.660128971243232
2600.0,-740.2554502699111,3.8374429,40.891823,0.6598098308090096
2600.0,-740.2506798732541,3.8370016,40.841919,0.6594906892214084
2600.0,-740.2567803306582,3.837162,40.86689,0.6591715482137674
2600.0,-740.2489301862921,3.8368814,40.829414,0.6588524073805024
2600.0,-740.2508740376269,3.8364801,40.916794,0.6585332657091919
2600.0,-740.2568054407949,3.83636,40.879356,0.6582141246907255
2600.0,-740.2498940491217,3.8361592,40.916794,0.6578949834419139
2600.0,-740.2573479849304,3.8359187,40.841919,0.6575758421895447
2600.0,-740.250847231111,3.8359187,40.854385,0.657256700529791
2600.0,-740.2579112447164,3.8355978,40.86689,0.6569375590345882
2600.0,-740.2485056402596,3.8356779,40.854385,0.6566184183843561
2600.0,-740.2563377626448,3.8351164,40.86689,0.656299277567516
2600.0,-740.2503906163644,3.834996,40.916794,0.6559801361046211
2600.0,-740.2585195003825,3.8349559,40.879356,0.6556609943471858
2600.0,-740.2506218412241,3.8344345,40.916794,0.6553418527846038
2600.0,-740.257759352286,3.8345547,40.816948,0.655022711354885
2600.0,-740.2488588367976,3.8342741,40.854385,0.6547035705523807
2600.0,-740.2505563020435,3.8341136,40.816948,0.6543844290180544
2600.0,-740.2573617546753,3.8340733,40.854385,0.6540652877597487
2600.0,-740.2499738708271,3.8337123,40.879356,0.6537461464765238
2600.0,-740.2589003126091,3.8335118,40.854385,0.6534270045549119
2600.0,-740.2499490539809,3.8334317,40.904327,0.6531078632823862
2600.0,-740.2578203388409,3.8333514,40.86689,0.6527887218263748
2600.0,-740.2509781505727,3.8329904,40.916794,0.6524695801101784
2600.0,-740.259384690298,3.8327496,40.879356,0.6521504379797407
2600.0,-740.2518186620724,3.8325891,40.891823,0.6518312959011776
2600.0,-740.2591280852079,3.8324287,40.841919,0.651512153881368
2600.0,-740.2512749634184,3.8320677,40.879356,0.6511930120372077
2600.0,-740.2591235318207,3.8321881,40.954269,0.6508738700193611
2600.0,-740.2519894860432,3.8319073,40.829414,0.6505547278671514
2600.0,-740.2520670861248,3.8317068,40.916794,0.6502355856814862
2600.0,-740.2604171546246,3.831466,40.891823,0.6499164431059302
2600.0,-740.2524729925362,3.8312254,40.904327,0.6495973007452681
2600.0,-740.2591643280293,3.831105,40.879356,0.6492781587098334
2600.0,-740.25249053347,3.8309846,40.891823,0.6489590163416089
2600.0,-740.2579094018541,3.830744,40.816948,0.6486398748472004
2600.0,-740.2519666105725,3.8306236,40.791973,0.6483207327048529
2600.0,-740.2585170830007,3.8304231,40.854385,0.6480015909484598
2600.0,-740.2515258412534,3.8303428,40.829414,0.6476824489961394
2600.0,-740.258407914975,3.8300622,40.954269,0.647363307286811
2600.0,-740.2506746730603,3.8297412,40.916794,0.6470441657014517
2600.0,-740.2576490611079,3.8297813,40.904327,0.646725024319282
2600.0,-740.2497553903507,3.8295407,40.891823,0.6464058831302498
2600.0,-740.2482767226637,3.8292198,40.891823,0.6460867425787102
2600.0,-740.2566410599568,3.8290594,40.904327,0.6457676016311119
2600.0,-740.251321496169,3.8290994,40.904327,0.6454484597668902
2600.0,-740.2571329326959,3.8290594,40.879356,0.6451293186072348
2600.0,-740.2521771808691,3.828618,40.80444,0.6448101763741049
2600.0,-740.2584753468924,3.8283372,40.929302,0.6444910346357051
2600.0,-740.2507345727972,3.8282168,40.879356,0.6441718930245215
2600.0,-740.2594494125088,3.8278158,40.904327,0.6438527508661805
2600.0,-740.2506934110086,3.8278959,40.841919,0.643533609272743
2600.0,-740.257728040817,3.827575,40.904327,0.6432144678565233
2600.0,-740.2500629937213,3.8275349,40.941769,0.6428953265348751
2600.0,-740.2575479495551,3.8274145,40.829414,0.6425761851962967
2600.0,-740.2511735965768,3.8271739,40.891823,0.6422570433958384
2600.0,-740.2524996525333,3.8269331,40.891823,0.6419379010236824
2600.0,-740.2581232088701,3.8266525,40.879356,0.641618759437097
2600.0,-740.2508227680793,3.8267326,40.86689,0.6412996177878902
2600.0,-740.2597319948868,3.8262916,40.929302,0.6409804755077217
2600.0,-740.2525790221991,3.8262916,40.829414,0.6406613331013474
2600.0,-740.2599676770287,3.8258903,40.879356,0.6403421907195712
2600.0,-740.2528747604023,3.8258903,40.854385,0.6400230481856963
2600.0,-740.259634105657,3.8258502,40.841919,0.6397039059477302
2600.0,-740.2537181893883,3.8252485,40.941769,0.6393847630502307
2600.0,-740.2607831235783,3.8252485,40.854385,0.6390656203168975
2600.0,-740.25186481635,3.8251281,40.891823,0.6387464782184361
2600.0,-740.2588218091935,3.8248875,40.916794,0.638427336330669
2600.0,-740.2514788438781,3.8248875,40.891823,0.6381081943986103
2600.0,-740.2510395763778,3.8244462,40.86689,0.6377890526559318
2600.0,-740.2583593920667,3.8243258,40.916794,0.6374699109675226
2600.0,-740.2507517843704,3.8241653,40.841919,0.6371507693489188
2600.0,-740.2582682417519,3.8240452,40.979244,0.6368316276998065
2600.0,-740.2514634996027,3.8239248,40.879356,0.6365124857743633
2600.0,-740.2574157225761,3.8234835,40.841919,0.636193344492791
2600.0,-740.250561941794,3.8233633,40.86689,0.6358742029560331
2600.0,-740.2571866680261,3.8231225,40.816948,0.6355550617732112
2600.0,-740.2496180495339,3.8231626,40.929302,0.6352359206433902
2600.0,-740.2583997119818,3.822962,40.891823,0.6349167789375982
2600.0,-740.2505444493588,3.8228016,40.904327,0.634597637408382
2600.0,-740.2585977354161,3.8225207,40.929302,0.6342784956172178
2600.0,-740.2513464472561,3.8224006,40.891823,0.633959353742239
2600.0,-740.2497402416044,3.8221598,40.854385,0.6336402125597378
2600.0,-740.2602673732339,3.8219192,40.86689,0.633321070048756
2600.0,-740.2498746890819,3.8218789,40.829414,0.633001928808291
2600.0,-740.2573077018501,3.8214779,40.891823,0.6326827875732887
2600.0,-740.2490593727993,3.8215983,40.891823,0.632363646684328
2600.0,-740.2575217776573,3.8213174,40.929302,0.6320445053570329
2600.0,-740.2508518452291,3.8208761,40.941769,0.6317253636952901
2600.0,-740.2581272861684,3.821157,40.779472,0.631406222106947
2600.0,-740.2506105984551,3.820796,40.891823,0.6310870805492119
2600.0,-740.2584540214224,3.8206356,40.816948,0.630767938820006
2600.0,-740.2503928750272,3.8204348,40.86689,0.6304487973561373
2600.0,-740.257351537436,3.8202343,40.954269,0.6301296561022366
2600.0,-740.2508807022937,3.8200738,40.879356,0.6298105144280527
2600.0,-740.2513854332593,3.8199134,40.854385,0.6294913725362661
2600.0,-740.2596942746854,3.8196728,40.891823,0.6291722302723597
2600.0,-740.2542188828984,3.819392,40.891823,0.6288530871589981
2600.0,-740.2609598089574,3.819031,40.891823,0.628533944349492
2600.0,-740.2527372856515,3.8191514,40.891823,0.6282148018748861
2600.0,-740.2615299415934,3.819031,40.916794,0.6278956588195833
2600.0,-740.2541011216949,3.8188305,40.86689,0.6275765157569917
2600.0,-740.2604900675504,3.8186297,40.941769,0.6272573731500013
2600.0,-740.2531535557184,3.8184292,40.929302,0.6269382304959304
2600.0,-740.2595650015451,3.8184693,40.854385,0.6266190882877566
2600.0,-740.2530425088058,3.8180282,40.891823,0.6262999456815609
2600.0,-740.2599848157195,3.8182688,40.879356,0.6259808032923959
2600.0,-740.2523176830977,3.817667,40.841919,0.6256616609986916
2600.0,-740.2530922155532,3.817627,40.916794,0.6253425183710661
2600.0,-740.2609564764371,3.8173461,40.891823,0.6250233755629967
2600.0,-740.2525810486009,3.8171055,40.86689,0.6247042331557487
2600.0,-740.2590767665431,3.8170655,40.891823,0.6243850911580637
2600.0,-740.2505089143264,3.816905,40.916794,0.6240659496441674
2600.0,-740.2581791420063,3.8167043,40.891823,0.623746808033468
2600.0,-740.2507222803512,3.8165841,40.879356,0.6234276664275841
2600.0,-740.2586531925656,3.8164637,40.891823,0.6231085246125112
2600.0,-740.2509635997708,3.8160627,40.854385,0.622789382902588
2600.0,-740.2585797546424,3.8159823,40.829414,0.6224702411191757
2600.0,-740.2511136478297,3.8158219,40.879356,0.6221510993445629
2600.0,-740.2587872385667,3.8157418,40.904327,0.6218319574716997
2600.0,-740.2509683119092,3.8154209,40.904327,0.621512815759745
2600.0,-740.2508210468912,3.8152604,40.891823,0.6211936741112802
2600.0,-740.258029898198,3.8150196,40.929302,0.6208745325649232
2600.0,-740.2499661801188,3.8151801,40.879356,0.6205553912850139
2600.0,-740.256904269208,3.8146586,40.816948,0.6202362502239404
2600.0,-740.2499967343266,3.8146987,40.929302,0.6199171089308584
2600.0,-740.2580431552238,3.8142977,40.916794,0.6195979673787859
2600.0,-740.2521290854205,3.8142173,40.916794,0.6192788251663912
2600.0,-740.2592012051244,3.8138964,40.941769,0.6189596831150579
2600.0,-740.2490894877574,3.8139365,40.954269,0.6186405422131138
2600.0,-740.2586893378773,3.8136156,40.916794,0.6183214003824579
2600.0,-740.251182031237,3.8134151,40.916794,0.6180022585783632
2600.0,-740.2595907219105,3.8132145,40.86689,0.6176831163591007
2600.0,-740.2529934004123,3.8130541,40.916794,0.6173639737740769
2600.0,-740.2593667699947,3.8130541,40.904327,0.6170448316513649
2600.0,-740.2506824123697,3.8126931,40.904327,0.6167256900626692
2600.0,-740.2517145977275,3.8129337,40.904327,0.616406548028971
2600.0,-740.2593774149261,3.8124123,40.891823,0.6160874059016698
2600.0,-740.252808940462,3.8121314,40.916794,0.6157682633961716
2600.0,-740.2593337381389,3.8121717,40.854385,0.6154491212877005
2600.0,-740.253918713112,3.8117704,40.829414,0.61512997830375
2600.0,-740.2596307245353,3.8118105,40.86689,0.6148108360672414
2600.0,-740.2529583786052,3.8116903,40.941769,0.6144916934973166
2600.0,-740.2587826971508,3.8113291,40.86689,0.6141725516264114
2600.0,-740.2512636721508,3.8114896,40.829414,0.613853409787119
2600.0,-740.258169058702,3.811209,40.879356,0.6135342681807667
2600.0,-740.2533340847257,3.8110082,40.904327,0.6132151254488651
2600.0,-740.2600799576918,3.8107677,40.86689,0.6128959830186822
2600.0,-740.2528126880517,3.8106472,40.891823,0.6125768405115684
2600.0,-740.2525197818997,3.8103664,40.941769,0.6122576981307342
2600.0,-740.260058095151,3.8103263,40.941769,0.6119385557099767
2600.0,-740.2537366216114,3.8100455,40.929302,0.6116194128045307
2600.0,-740.2609592110068,3.809845,40.86689,0.6113002699952823
2600.0,-740.2536574960754,3.809845,40.879356,0.6109811271239495
2600.0,-740.2600230237764,3.8093235,40.841919,0.610661984718312
2600.0,-740.2526129087915,3.8096445,40.929302,0.6103428422973283
2600.0,-740.2584975522009,3.809083,40.904327,0.6100237005493553
2600.0,-740.2504128210403,3.8092031,40.841919,0.6097045590768875
2600.0,-740.2570470312284,3.8087621,40.891823,0.609385417954266
2600.0,-740.2514894764245,3.8086817,40.879356,0.6090662760176235
2600.0,-740.2578784323343,3.8083608,40.879356,0.6087471345365667
2600.0,-740.2503641277495,3.8082004,40.891823,0.6084279930850918
2600.0,-740.2506107574567,3.8081203,40.829414,0.6081088515272883
2600.0,-740.2594149765334,3.8080399,40.86689,0.6077897093837934
2600.0,-740.251834982254,3.8075185,40.916794,0.6074705672981944
2600.0,-740.2593581278495,3.8076389,40.879356,0.6071514251792082
2600.0,-740.252815300529,3.8076389,40.941769,0.606832282670968
2600.0,-740.2610644971629,3.8071172,40.904327,0.6065131398163285
2600.0,-740.2530204384731,3.807318,40.916794,0.6061939972196481
2600.0,-740.2595042591227,3.8067963,40.904327,0.6058748550376615
2600.0,-740.2512388062944,3.8064756,40.891823,0.6055557132090895
2600.0,-740.2585129448228,3.8064353,40.879356,0.6052365714544804
2600.0,-740.2515975691188,3.8063552,40.929302,0.6049174294712364
2600.0,-740.2575026857024,3.8063552,40.904327,0.6045982881521722
2600.0,-740.2498481143156,3.8060744,40.879356,0.6042791469231643
2600.0,-740.2503717813166,3.805954,40.904327,0.6039600054683897
2600.0,-740.2579378567895,3.8057535,40.929302,0.6036408639617138
2600.0,-740.2498394229403,3.8056331,40.854385,0.6033217227364528
2600.0,-740.2568013756726,3.8053122,40.904327,0.603002581719739
2600.0,-740.2473976618526,3.8052721,40.929302,0.6026834415471857
2600.0,-740.2560732346077,3.8051517,40.916794,0.6023643008443894
2600.0,-740.2485075202447,3.8049111,40.891823,0.602045160193347
2600.0,-740.2573683829836,3.8049912,40.879356,0.6017260189321837
2600.0,-740.2487562496129,3.8043494,40.891823,0.6014068781739074
2600.0,-740.2567350786744,3.8046303,40.904327,0.6010877371857756
2600.0,-740.2492129732257,3.8040688,41.004215,0.6007685962305936
2600.0,-740.257935891247,3.8039083,40.941769,0.6004494547247651
2600.0,-740.2509623427982,3.8037479,40.841919,0.6001303130153839
2600.0,-740.2505843170335,3.8037076,40.941769,0.5998111714689796
2600.0,-740.2580583159915,3.8035471,40.929302,0.5994920299103709
2600.0,-740.2523947457046,3.8035071,40.904327,0.599172887583443
2600.0,-740.2606788868029,3.8030257,40.966736,0.5988537448950486
2600.0,-740.2528831347975,3.8029456,40.941769,0.5985346023575633
2600.0,-740.2607916804919,3.8026247,40.916794,0.5982154596205411
2600.0,-740.251549485846,3.8025444,40.929302,0.597896317658027
2600.0,-740.260215237145,3.8025846,40.929302,0.5975771751695221
2600.0,-740.2523277654818,3.8022234,40.891823,0.5972580328714713
2600.0,-740.2588852132325,3.8023038,40.916794,0.596938890956369
2600.0,-740.2535526869601,3.8019025,40.891823,0.5966197481302221
2600.0,-740.2585277765336,3.8018224,40.86689,0.5963006063692188
2600.0,-740.2505947051429,3.8014615,40.904327,0.5959814648183358
2600.0,-740.2522963330814,3.8015416,41.004215,0.5956623225338362
2600.0,-740.2577122450595,3.8011806,40.86689,0.5953431811244264
2600.0,-740.2505353424715,3.801301,40.941769,0.5950240395991363
2600.0,-740.2583549240134,3.8009801,40.879356,0.5947048979126535
2600.0,-740.2517321267925,3.8006592,40.954269,0.5943857558713981
2600.0,-740.2584181449018,3.8006992,40.966736,0.5940666141576593
2600.0,-740.2513392817443,3.8004184,40.954269,0.5937474722857697
2600.0,-740.257826491265,3.8003783,40.879356,0.5934283308271059
2600.0,-740.2492308194753,3.8000174,40.841919,0.59310918986423
2600.0,-740.2561239189987,3.8000574,40.86689,0.5927900491395826
2600.0,-740.2499846124441,3.7996964,40.904327,0.5924709078517267
2600.0,-740.2580007353196,3.799536,40.941769,0.5921517663179424
2600.0,-740.2493768032714,3.7994556,40.904327,0.5918326252921291
2600.0,-740.2492246065412,3.7994556,40.991711,0.5915134843319318
2600.0,-740.2577214611102,3.7991347,40.941769,0.5911943429185488
2600.0,-740.2496758009064,3.7989342,40.941769,0.5908752017638297
2600.0,-740.257248167914,3.7988138,40.916794,0.5905560605544937
2600.0,-740.2495639844625,3.7986937,40.954269,0.5902369194479817
2600.0,-740.2579391503026,3.7983325,40.941769,0.5899177779407481
2600.0,-740.2516933453223,3.7982123,40.879356,0.5895986359162124
2600.0,-740.2590265587527,3.7982123,40.904327,0.589279493940173
2600.0,-740.2502010302984,3.7978511,40.966736,0.5889603525590137
2600.0,-740.2599450813743,3.7976906,40.979244,0.5886412101869789
2600.0,-740.2520533169277,3.7974501,40.916794,0.58832206800725
2600.0,-740.2573100328749,3.7976105,40.941769,0.5880029267712428
2600.0,-740.2512680058162,3.7972896,40.929302,0.5876837849300821
2600.0,-740.2513237298663,3.7971692,40.879356,0.5873646430648974
2600.0,-740.2580980991427,3.7968483,40.891823,0.5870455014891375
2600.0,-740.250934644993,3.7966077,40.879356,0.5867263597916975
2600.0,-740.2579460594757,3.7963669,40.916794,0.5864072182814851
2600.0,-740.2510906260447,3.7966878,40.904327,0.5860880765167976
2600.0,-740.257843263757,3.7960863,40.941769,0.5857689350509028
2600.0,-740.2508146990001,3.796006,40.941769,0.5854497934051747
2600.0,-740.2602504302788,3.7959259,40.979244,0.5851306509014973
2600.0,-740.2533760884866,3.7955647,40.941769,0.5848115081514867
2600.0,-740.2597627201718,3.7956851,40.879356,0.584492365858072
2600.0,-740.2533671653617,3.7955246,40.904327,0.5841732231119082
2600.0,-740.2600176284085,3.7952437,40.929302,0.5838540807085969
2600.0,-740.2509483901454,3.7952437,40.966736,0.583534939005231
2600.0,-740.2504222448056,3.7947223,40.904327,0.5832157975287003
2600.0,-740.2584251518917,3.7948027,40.941769,0.5828966558119407
2600.0,-740.2503400429863,3.7944014,40.86689,0.5825775143708494
2600.0,-740.2571372053205,3.7943614,40.916794,0.5822583732093518
2600.0,-740.2523701362562,3.7941608,40.891823,0.5819392308930338
2600.0,-740.2596256468671,3.79392,40.891823,0.5816200886587143
2600.0,-740.2538444701756,3.7937996,40.941769,0.5813009457067719
2600.0,-740.2608089166924,3.7935591,40.904327,0.5809818029623188
2600.0,-740.2531078164415,3.7934787,40.904327,0.5806626603279673
2600.0,-740.2597157225285,3.7933586,40.929302,0.5803435180548142
2600.0,-740.2539511838322,3.7931178,40.954269,0.5800243750568648
2600.0,-740.2612339191415,3.7930777,40.991711,0.5797052321291838
2600.0,-740.253154703109,3.7927969,40.929302,0.5793860894746182
2600.0,-740.252981791346,3.7927969,40.954269,0.5790669468945995
2600.0,-740.260152236037,3.7924359,40.904327,0.5787478044332558
2600.0,-740.251335521979,3.7925963,40.879356,0.5784286625629872
2600.0,-740.257685157409,3.7921953,40.929302,0.5781095211652555
2600.0,-740.2503391157834,3.7919545,40.891823,0.5777903797245638
2600.0,-740.259066366051,3.7918744,40.916794,0.5774712377313627
2600.0,-740.2508203510288,3.7915535,40.941769,0.5771520960831978
2600.0,-740.25879954321,3.7915535,40.966736,0.5768329542050299
2600.0,-740.2504672152676,3.7915132,40.954269,0.5765138127091112
2600.0,-740.2582737836401,3.7911522,40.904327,0.5761946710576097
2600.0,-740.2518596651664,3.7910721,40.929302,0.5758755289613692
2600.0,-740.2586144474377,3.7907913,40.929302,0.5755563871630001
2600.0,-740.2509401869278,3.7907913,40.954269,0.5752372454631708
2600.0,-740.2524963201488,3.7905908,40.954269,0.5749181030924515
2600.0,-740.257599572925,3.7904704,40.929302,0.5745989617316172
2600.0,-740.2503391157834,3.79035,41.016682,0.5742798202909255
2600.0,-740.2590141683663,3.7900691,41.004215,0.5739606783202279
2600.0,-740.2507797141297,3.7898686,40.979244,0.5736415366895827
2600.0,-740.2597841678104,3.7895477,40.954269,0.5733223943869215
2600.0,-740.2524332707667,3.7895076,40.879356,0.5730032520433843
2600.0,-740.2589296833991,3.7894275,40.979244,0.57268411010911
2600.0,-740.2539952753854,3.7893071,41.016682,0.5723649670921517
2600.0,-740.261244063223,3.7891066,40.966736,0.5720458241600972
2600.0,-740.2522257525042,3.7889462,40.941769,0.5717266819060267
2600.0,-740.2603736238461,3.7885849,40.916794,0.5714075393492379
2600.0,-740.2534712300136,3.7885849,41.004215,0.5710883965582093
2600.0,-740.2519653042827,3.7883043,40.979244,0.5707692544164249
2600.0,-740.2597586425667,3.788224,40.904327,0.570450112124768
2600.0,-740.2534465231588,3.788224,41.029186,0.5701309693443912
2600.0,-740.2607748103878,3.7879031,40.916794,0.569811826614642
2600.0,-740.250308207454,3.7874217,40.954269,0.5694926851872758
2600.0,-740.2599543467427,3.7876222,40.941769,0.5691735428112465
2600.0,-740.2527520560271,3.7873013,40.929302,0.5688544003302728
2600.0,-740.261785094474,3.7870207,40.904327,0.5685352571649679
2600.0,-740.2525219912453,3.7872212,40.954269,0.5682161147831811
2600.0,-740.2601549092157,3.7868199,40.929302,0.5678969723206849
2600.0,-740.2514133538101,3.7866595,40.941769,0.5675778304168609
2600.0,-740.2590245686538,3.7864993,40.941769,0.5672586884416796
2600.0,-740.2517907081661,3.786459,40.979244,0.5669395463751682
2600.0,-740.2547414876373,3.7858975,40.954269,0.566620403036498
2600.0,-740.26146242424,3.786098,40.904327,0.5663012600103033
2600.0,-740.2518774019362,3.7858574,40.941769,0.565982117906416
2600.0,-740.2599762220734,3.7856567,40.879356,0.5656629755209558
2600.0,-740.2534570817295,3.7856567,40.966736,0.5653438327360268
2600.0,-740.2602664580953,3.7853761,40.966736,0.5650246902254396
2600.0,-740.2517122172044,3.7852156,41.029186,0.5647055481927677
2600.0,-740.2585751646251,3.7853358,40.916794,0.5643864064113343
2600.0,-740.2509195934483,3.7850149,40.86689,0.5640672647203834
2600.0,-740.2598284186056,3.7847743,40.929302,0.5637481223986446
2600.0,-740.2519188569673,3.7847342,40.966736,0.5634289802768849
2600.0,-740.2597328613216,3.7844534,40.979244,0.563109837996343
2600.0,-740.2529241623453,3.784373,40.991711,0.5627906954411696
2600.0,-740.2505450468941,3.7840521,40.966736,0.5624715539116956
2600.0,-740.2582776410554,3.7840521,40.991711,0.5621524122585312
2600.0,-740.2520080411497,3.7838116,40.916794,0.5618332700983217
2600.0,-740.260643596057,3.7834506,40.929302,0.561514127425142
2600.0,-740.2546869222325,3.7834506,40.916794,0.5611949841099964
2600.0,-740.2621739024984,3.7832098,40.979244,0.5608758407770678
2600.0,-740.2536596690983,3.7830093,40.966736,0.560556697904798
2600.0,-740.262217738289,3.7828088,40.929302,0.5602375545529709
2600.0,-740.253883825648,3.7830896,40.979244,0.5599184115840613
2600.0,-740.2605296428923,3.782568,40.991711,0.5595992689600092
2600.0,-740.2533158600029,3.7824478,40.879356,0.5592801262359647
2600.0,-740.2618555898135,3.7824075,40.954269,0.5589609830402678
2600.0,-740.2555912030216,3.7819664,40.979244,0.5586418393352628
2600.0,-740.2622704483858,3.7818861,40.979244,0.5583226959607112
2600.0,-740.2555541181831,3.781846,40.916794,0.5580035522716944
2600.0,-740.2563300545396,3.7816856,40.929302,0.5576844082481511
2600.0,-740.2620356081221,3.7814851,40.929302,0.5573652649748443
2600.0,-740.2554972092943,3.7813647,40.954269,0.5570461213103626
2600.0,-740.2619465456205,3.7810838,40.916794,0.5567269780754525
2600.0,-740.2550803408735,3.7811239,40.954269,0.5564078345906938
2600.0,-740.2630836973342,3.7809234,40.954269,0.5560886908655325
2600.0,-740.2570114724837,3.7806425,40.966736,0.555769546548212
2600.0,-740.2642851809129,3.7804821,40.929302,0.5554504023050647
2600.0,-740.2559449123756,3.7804821,40.929302,0.5551312584475664
2600.0,-740.2642272212524,3.780081,41.029186,0.5548121142294068
2600.0,-740.257551948847,3.780081,40.941769,0.5544929696790727
2600.0,-740.2653852109897,3.77968,40.929302,0.5541738249616782
2600.0,-740.2574730058458,3.7797601,40.979244,0.5538546804453784
2600.0,-740.2551997134781,3.7794793,40.966736,0.553535536909155
2600.0,-740.2621908456581,3.7793188,41.016682,0.5532163935689218
2600.0,-740.2546543301635,3.7792788,40.979244,0.5528972502678275
2600.0,-740.2620645385325,3.7791183,40.966736,0.5525781069820481
2600.0,-740.2551548404225,3.7787573,40.916794,0.5522589634651706
2600.0,-740.2630142880055,3.7785568,40.954269,0.5519398197699332
2600.0,-740.256737804204,3.7784364,40.991711,0.5516206755705984
2600.0,-740.2616833358577,3.778276,40.954269,0.5513015324491638
2600.0,-740.2550818179316,3.7780755,41.041653,0.5509823889637683
2600.0,-740.2633794389212,3.7781556,40.979244,0.5506632451111063
2600.0,-740.2568631085737,3.777915,40.941769,0.5503441008577493
2600.0,-740.2639726793167,3.7775941,40.966736,0.5500249567493284
2600.0,-740.2556619667474,3.7775941,41.016682,0.5497058130138154
2600.0,-740.2566711174285,3.7772329,40.954269,0.549386668843231
2600.0,-740.2610297554593,3.7773533,40.954269,0.5490675260035693
2600.0,-740.2545016697296,3.7772329,40.966736,0.5487483827682909
2600.0,-740.2619794801711,3.7766714,40.929302,0.548429239519182
2600.0,-740.2547019003131,3.7768319,40.966736,0.548110096197579
2600.0,-740.2620689089738,3.7765911,40.991711,0.5477909529099154
2600.0,-740.2536402111406,3.776551,40.979244,0.5474718100460345
2600.0,-740.2606054127612,3.7762301,40.979244,0.5471526673893163
2600.0,-740.25470739334,3.77619,40.941769,0.5468335240653451
2600.0,-740.2632568428952,3.7759495,40.979244,0.546514380265537
2600.0,-740.255551371772,3.7757487,40.966736,0.5461952365777044
2600.0,-740.2630318905069,3.7755883,40.991711,0.5458760928748783
2600.0,-740.2549096387631,3.7755482,41.041653,0.5455569494637137
2600.0,-740.2554862232404,3.7752674,40.929302,0.5452378058039683
2600.0,-740.2621066901571,3.7751472,40.941769,0.5449186625000164
2600.0,-740.2538649167269,3.774786,40.991711,0.544599519539259
2600.0,-740.2620942754188,3.7749867,40.954269,0.5442803762406594
2600.0,-740.2539226316744,3.7747459,40.991711,0.5439612332550195
2600.0,-740.2616114119445,3.7745054,41.004215,0.5436420901645931
2600.0,-740.2549304638899,3.7745454,41.004215,0.5433229467444501
2600.0,-740.2623541763992,3.7741442,40.979244,0.5430038033338015
2600.0,-740.2544174780361,3.7740641,40.966736,0.5426846601348204
2600.0,-740.261700547911,3.7739036,40.929302,0.5423655170059654
2600.0,-740.2539599240131,3.7737031,40.991711,0.5420463740042478
2600.0,-740.2613654752168,3.7737832,40.966736,0.54172723101985
2600.0,-740.2525323308562,3.7737832,41.016682,0.5414080886336056
2600.0,-740.253536292803,3.7731414,41.016682,0.5410889458145266
2600.0,-740.2620369996566,3.7728608,40.879356,0.5407698025406198
2600.0,-740.2557184974702,3.7728205,41.016682,0.540450658780735
2600.0,-740.2612667198593,3.7725799,41.029186,0.5401315158389127
2600.0,-740.2545340057999,3.7724996,41.004215,0.5398123725896934
2600.0,-740.2625743193988,3.77262,41.004215,0.5394932290841362
2600.0,-740.2537098520322,3.7723391,41.004215,0.5391740861902313
2600.0,-740.2613645228344,3.7720985,41.041653,0.5388549432062442
2600.0,-740.2535450215242,3.7717776,40.916794,0.538535800383402
2600.0,-740.2608765317602,3.7716973,40.941769,0.5382166576097985
2600.0,-740.2512607543575,3.7715368,40.904327,0.5378975157717643
2600.0,-740.2608192320554,3.7713363,40.991711,0.5375783730228638
2600.0,-740.2528497726855,3.7712963,40.966736,0.5372592304997619
2600.0,-740.2538189824323,3.7710555,40.929302,0.536940087558808
2600.0,-740.259652550753,3.7711759,40.941769,0.5366209453128896
2600.0,-740.2512010133154,3.7706945,41.004215,0.5363018035006113
2600.0,-740.2606441577867,3.770534,41.041653,0.5359826608271893
2600.0,-740.2526238705962,3.7704136,41.029186,0.5356635184014796
2600.0,-740.2583518116829,3.7703736,41.016682,0.5353443767163386
2600.0,-740.2518989956732,3.7700527,41.054157,0.5350252346031416
2600.0,-740.2611113845066,3.770133,40.941769,0.5347060917282879
2600.0,-740.2520609093087,3.7698922,40.979244,0.5343869495452856
2600.0,-740.2599255992782,3.7696116,40.979244,0.5340678071816501
2600.0,-740.253795532448,3.7694511,41.016682,0.5337486642508061
2600.0,-740.2601220602035,3.7693708,41.004215,0.5334295218024719
2600.0,-740.2542375720411,3.7693708,41.029186,0.533110378681053
2600.0,-740.2554145312885,3.7691703,41.054157,0.5327912350522159
2600.0,-740.260661675159,3.768769,40.954269,0.5324720923712418
2600.0,-740.2547581867011,3.768769,41.041653,0.5321529490253722
2600.0,-740.2621380620964,3.7684884,40.966736,0.5318338057078952
2600.0,-740.2548074788573,3.7685685,41.041653,0.5315146623407745
2600.0,-740.26240051511,3.7682877,41.041653,0.5311955189101482
2600.0,-740.2552264462229,3.7680871,41.016682,0.5308763753623995
2600.0,-740.262740348489,3.7678063,40.979244,0.5305572317852636
2600.0,-740.2562776744359,3.7677262,40.991711,0.5302380877843027
2600.0,-740.263643746973,3.7676458,41.029186,0.5299189438176918
2600.0,-740.2578939630856,3.7675257,40.966736,0.5295997991199063
2600.0,-740.264016649554,3.7673249,40.979244,0.5292806549925287
2600.0,-740.2560980363086,3.7670443,41.054157,0.5289615110690147
2600.0,-740.2562149305743,3.7666831,41.016682,0.5286423670951044
2600.0,-740.263690597482,3.7667234,40.979244,0.5283232231082952
2600.0,-740.2587156149814,3.7668035,41.079132,0.5280040780562738
2600.0,-740.2646800439538,3.7665226,41.079132,0.5276849336428924
2600.0,-740.2574168657719,3.7664826,41.029186,0.5273657891507961
2600.0,-740.2648746739881,3.766242,41.079132,0.5270466446535054
2600.0,-740.2563432136163,3.7659211,41.066624,0.5267275006242889
2600.0,-740.2627171430152,3.7657607,41.066624,0.5264083570571573
2600.0,-740.2567551626031,3.7656002,41.079132,0.5260892128503387
2600.0,-740.2638623758604,3.7656002,41.029186,0.5257700687894721
2600.0,-740.253620557756,3.7653594,40.979244,0.5254509259340643
2600.0,-740.2622865369796,3.7652793,40.916794,0.5251317825525764
2600.0,-740.2546138518569,3.7650788,41.016682,0.5248126392689334
2600.0,-740.2549209913191,3.7649584,41.016682,0.5244934958528744
2600.0,-740.2620408081635,3.7647979,41.029186,0.5241743525773257
2600.0,-740.2547662681608,3.7646375,40.991711,0.5238552092279719
2600.0,-740.2615190158994,3.7643166,41.004215,0.5235360661773794
2600.0,-740.2550716498051,3.7640357,41.004215,0.5232169226963675
2600.0,-740.2632575632189,3.764116,41.091595,0.5228977788962489
2600.0,-740.2554206715771,3.7640357,41.016682,0.5225786352647646
2600.0,-740.2632215765011,3.7637951,41.004215,0.5222594914801606
2600.0,-740.2549347119152,3.7637148,40.979244,0.5219403480581863
2600.0,-740.2629264696994,3.7634339,41.104061,0.5216212044008094
2600.0,-740.2559949002921,3.7633939,41.091595,0.52130206052176
2600.0,-740.2633706984478,3.7633138,41.016682,0.5209829166728662
2600.0,-740.2545050261588,3.7629528,41.041653,0.5206637734361408
2600.0,-740.2536227428524,3.7630329,41.016682,0.520344630579791
2600.0,-740.2612982141718,3.7628725,41.066624,0.5200254876243909
2600.0,-740.2532742703218,3.7626319,41.029186,0.5197063449182767
2600.0,-740.2630484919221,3.7624311,40.991711,0.5193872012082934
2600.0,-740.2544024760132,3.7621505,41.041653,0.51906805801578
2600.0,-740.2633755933748,3.7620301,41.004215,0.518748914164776
2600.0,-740.2562409679682,3.7619901,40.991711,0.5184297701796403
2600.0,-740.2632014716934,3.7618296,41.004215,0.518110626403704
2600.0,-740.2556953405236,3.7615888,41.004215,0.5177914826538026
2600.0,-740.2628006882874,3.7613482,41.016682,0.5174723390506528
2600.0,-740.2549210887255,3.7613883,41.041653,0.5171531956345519
2600.0,-740.2623770532255,3.760947,41.116566,0.5168340522140404
2600.0,-740.2541011827786,3.7608669,41.041653,0.5165149091514225
2600.0,-740.2550713078595,3.7608266,41.041653,0.5161957656705581
2600.0,-740.261441049657,3.7605057,40.991711,0.5158766226535786
2600.0,-740.253481593362,3.7603855,41.041653,0.515557479858082
2600.0,-740.2601287987089,3.7601447,41.066624,0.5152383374068427
2600.0,-740.253341762542,3.7602251,41.079132,0.5149191946716308
2600.0,-740.2597232421351,3.7601047,41.091595,0.5146000523952359
2600.0,-740.251786459936,3.7597837,41.004215,0.514280910330556
2600.0,-740.2591381684097,3.7595832,41.054157,0.5139617683063993
2600.0,-740.251838009834,3.7593827,41.104061,0.513642626219495
2600.0,-740.2613164516631,3.7594628,40.991711,0.5133234832562322
2600.0,-740.2533243922742,3.7592223,41.016682,0.5130043405285092
2600.0,-740.2596856318241,3.7590618,41.029186,0.5126851982683289
2600.0,-740.25217511794,3.7589014,41.066624,0.5123660560360883
2600.0,-740.2520724937165,3.758821,41.004215,0.5120469138480918
2600.0,-740.2607920224411,3.7585402,41.016682,0.5117277711109222
2600.0,-740.2515798201731,3.7585001,41.066624,0.5114086291353301
2600.0,-740.2605938521796,3.7580991,41.041653,0.511089486483596
2600.0,-740.2523315258612,3.7581391,41.079132,0.5107703441839239
2600.0,-740.2622776747469,3.7580187,41.029186,0.5104512008062567
2600.0,-740.2540652338711,3.7577782,41.041653,0.5101320577591374
2600.0,-740.2624162621639,3.7577379,41.091595,0.5098129143217222
2600.0,-740.254764253321,3.7573369,41.054157,0.5094937709732371
2600.0,-740.2621798472154,3.7572565,41.066624,0.5091746276377456
2600.0,-740.2552121645165,3.7570961,41.129032,0.5088554840961541
2600.0,-740.263897141916,3.7570961,41.004215,0.508536340020299
2600.0,-740.2556302773249,3.7569759,41.054157,0.5082171962984482
2600.0,-740.2563671760076,3.7567751,41.129032,0.5078980522589008
2600.0,-740.2633032906778,3.7564142,41.066624,0.507578908439068
2600.0,-740.2571926242986,3.7564542,41.079132,0.5072597640436483
2600.0,-740.2635515584302,3.7562537,41.079132,0.5069406201167818
2600.0,-740.2554308159658,3.7559328,41.054157,0.5066214764809239
2600.0,-740.2624784813523,3.7558126,41.029186,0.5063023330166847
2600.0,-740.2540578604498,3.7557323,41.016682,0.5059831899727442
2600.0,-740.261364047257,3.7553713,41.116566,0.505664046988962
2600.0,-740.2539071530558,3.7553313,41.091595,0.5053449040099954
2600.0,-740.2609723698067,3.7551708,41.091595,0.505025761195074
2600.0,-740.2542201278999,3.755291,41.029186,0.5047066180811758
2600.0,-740.2601463891367,3.7551305,41.166512,0.5043874756223528
2600.0,-740.2543699807367,3.7547295,41.129032,0.504068332443849
2600.0,-740.2539236079897,3.7546895,41.079132,0.5037491894577882
2600.0,-740.261896032511,3.7543283,41.104061,0.5034300462446556
2600.0,-740.253838391073,3.7543685,41.079132,0.503110903295334
2600.0,-740.2618533074924,3.7543283,41.041653,0.502791760100621
2600.0,-740.2545320529646,3.7540877,41.079132,0.5024726168522436
2600.0,-740.2631775088564,3.7536464,41.079132,0.5021534730866382
2600.0,-740.2571692226081,3.7535663,41.104061,0.5018343287013074
2600.0,-740.2639905750635,3.7533655,41.079132,0.5015151845851712
2600.0,-740.2557984161728,3.7533655,41.041653,0.5011960407908312
2600.0,-740.2623418482226,3.753125,41.091595,0.5008768973854976
2600.0,-740.2539036251422,3.7530446,41.041653,0.500557754408052
2600.0,-740.2612827965842,3.7530046,41.079132,0.5002386114592987
2600.0,-740.2539588007696,3.752764,41.066624,0.4999194684580654
2600.0,-740.2561301777706,3.7526836,41.079132,0.4996003245206943
2600.0,-740.2638184788833,3.752403,41.066624,0.4992811804787526
2600.0,-740.2566323971442,3.7522826,41.066624,0.4989620363248614
2600.0,-740.264176318104,3.7520418,41.104061,0.4986428921286473
2600.0,-740.2569209332058,3.7520018,41.054157,0.4983237478503606
2600.0,-740.2622288834567,3.7518013,41.066624,0.4980046044937286
2600.0,-740.2565666252933,3.7517612,41.129032,0.4976854603681934
2600.0,-740.2637854712771,3.7515204,41.091595,0.4973663163404819
2600.0,-740.2571858613046,3.7515204,41.066624,0.4970471719479777
2600.0,-740.263765890955,3.7512395,41.079132,0.4967280279287078
2600.0,-740.2545592864521,3.7509186,41.129032,0.4964088846685894
2600.0,-740.264209557769,3.7507582,41.129032,0.4960897404580449
2600.0,-740.256375806504,3.750638,41.091595,0.4957705964147768
2600.0,-740.2627952191477,3.7503972,41.091595,0.4954514528139848
2600.0,-740.2580986745696,3.7503572,41.129032,0.4951323080279428
2600.0,-740.2573205893373,3.7501566,41.041653,0.4948131635773539
2600.0,-740.2638886822051,3.7501163,41.129032,0.4944940195051459
2600.0,-740.2567505971882,3.7497954,41.054157,0.4941748753002956
2600.0,-740.2641251213008,3.7497153,41.079132,0.4938557311261536
2600.0,-740.2585655180146,3.7495148,41.104061,0.493536586138843
2600.0,-740.2645664689591,3.7493544,41.066624,0.4932174417744263
2600.0,-740.2568856548884,3.7495148,41.166512,0.492898297511349
2600.0,-740.2650802414829,3.749234,41.141541,0.4925791529254337
2600.0,-740.2573977133347,3.7489531,41.104061,0.4922600084415945
2600.0,-740.2643885387706,3.748873,41.116566,0.4919408641538874
2600.0,-740.2576467961084,3.7487926,41.054157,0.4916217195626621
2600.0,-740.2643623666681,3.7485521,41.066624,0.4913025752862384
2600.0,-740.2579973933679,3.7485521,41.178978,0.4909834305438613
2600.0,-740.2565473625576,3.7481911,41.116566,0.4906642864266308
2600.0,-740.2633696367889,3.7481911,41.116566,0.4903451425781948
2600.0,-740.2547419147112,3.7480707,41.104061,0.4900259992393405
2600.0,-740.2624474149367,3.7476294,41.104061,0.4897068557884946
2600.0,-740.2554669236704,3.7475493,41.116566,0.4893877121370698
2600.0,-740.2646263694008,3.7474689,41.116566,0.4890685677468287
2600.0,-740.258480508189,3.7473485,41.104061,0.4887494227961682
2600.0,-740.2653289856313,3.7474289,41.129032,0.4884302781030137
2600.0,-740.2569210920029,3.7470276,41.091595,0.4881111338246585
2600.0,-740.2626789586961,3.7468271,41.004215,0.487791990273989
2600.0,-740.2548083819131,3.7467871,41.116566,0.4874728469064789
2600.0,-740.2632826366231,3.746747,41.116566,0.4871537030955506
2600.0,-740.2546399254712,3.7464261,41.054157,0.4868345598006666
2600.0,-740.2545163300114,3.7462256,41.116566,0.4865154165590677
2600.0,-740.2629623342486,3.7459447,41.116566,0.4861962728862288
2600.0,-740.2555197071104,3.7458243,41.066624,0.4858771292120477
2600.0,-740.2643332281415,3.7457039,41.154007,0.4855579849481862
2600.0,-740.2575799877793,3.7455034,41.154007,0.4852388403857637
2600.0,-740.2663214834516,3.7455838,41.154007,0.4849196952647216
2600.0,-740.2581987226386,3.7451825,41.116566,0.4846005504355462
2600.0,-740.2633029368596,3.7451425,41.104061,0.484281406615866
2600.0,-740.255074676976,3.7449017,41.091595,0.4839622631335491
2600.0,-740.2633847613358,3.7447412,41.091595,0.4836431192785925
2600.0,-740.2564000490411,3.7448215,41.116566,0.4833239752248728
2600.0,-740.2642050905342,3.7444203,41.154007,0.4830048310162542
2600.0,-740.2552536923979,3.7444606,41.091595,0.482685687456759
2600.0,-740.2570641206596,3.7442198,41.129032,0.4823665431167405
2600.0,-740.2649233068889,3.7441797,41.129032,0.4820473985984831
2600.0,-740.257748419665,3.7438989,41.079132,0.4817282539634452
2600.0,-740.2630002132486,3.7436984,41.116566,0.4814091102742758
2600.0,-740.2562725352234,3.7434978,41.141541,0.4810899662755306
2600.0,-740.2640869985778,3.7437785,41.154007,0.4807708221178241
2600.0,-740.2547878743806,3.743217,41.116566,0.4804516787591553
2600.0,-740.2633556837911,3.7431366,41.178978,0.4801325349167348
2600.0,-740.255948501066,3.7431769,41.191483,0.4798133910576893
2600.0,-740.263730087797,3.7427356,41.154007,0.4794942470538549
2600.0,-740.2564411989609,3.7427356,41.154007,0.4791751029823943
2600.0,-740.2630721981437,3.7423747,41.066624,0.4788559592621906
2600.0,-740.2563225108617,3.7422543,41.129032,0.4785368152418996
2600.0,-740.2567101309551,3.7420137,41.203949,0.4782176710544953
2600.0,-740.263875205808,3.7420537,41.116566,0.4778985269880974
2600.0,-740.2559412743683,3.7418933,41.129032,0.4775793831321675
2600.0,-740.2636115077803,3.7416525,41.116566,0.4772602391794556
2600.0,-740.2556812419658,3.7415724,41.066624,0.4769410954356325
2600.0,-740.2634984458116,3.741492,41.154007,0.4766219515316641
2600.0,-740.2575679758884,3.741452,41.154007,0.4763028069744202
2600.0,-740.2634284747531,3.7412114,41.141541,0.4759836631006179
2600.0,-740.2554502244018,3.7408905,41.191483,0.4756645194563926
2600.0,-740.262420303139,3.7407701,41.154007,0.4753453760172352
2600.0,-740.2555580854489,3.7408102,41.178978,0.4750262323265081
2600.0,-740.2632663763386,3.7404492,41.154007,0.47470708852259
2600.0,-740.2565602173416,3.7404892,41.079132,0.4743879443998174
2600.0,-740.2567539047095,3.7402084,41.22892,0.4740688001935412
2600.0,-740.2645707415837,3.7400882,41.216454,0.4737496558272824
2600.0,-740.2552140195361,3.7398875,41.178978,0.4734305122848912
2600.0,-740.2638212750489,3.739687,41.203949,0.473111368241744
2600.0,-740.2567235587181,3.7396069,41.178978,0.4727922240485507
2600.0,-740.2639211403599,3.7396069,41.154007,0.4724730799623494
2600.0,-740.2549670483947,3.7391255,41.154007,0.4721539365264339
2600.0,-740.2630353087703,3.7390451,41.178978,0.4718347928221341
2600.0,-740.2557372471849,3.7387645,41.091595,0.4715156490541657
2600.0,-740.2632082097896,3.7388446,41.141541,0.4711965052753244
2600.0,-740.2565715205805,3.7387242,41.191483,0.4708773611476787
2600.0,-740.26393773052,3.7382832,41.253891,0.470558217054325
2600.0,-740.255668619443,3.7381628,41.141541,0.4702390733159438
2600.0,-740.2561988417331,3.7380824,41.253891,0.4699199293489698
2600.0,-740.2628044601641,3.7382028,41.216454,0.4696007857441939
2600.0,-740.2545405490155,3.7380023,41.166512,0.4692816424921536
2600.0,-740.2610518747177,3.7376814,41.116566,0.4689624996429559
2600.0,-740.2554557788194,3.7378819,41.116566,0.468643355996336
2600.0,-740.2622869640579,3.7376413,41.191483,0.468324212614664
2600.0,-740.2541074943471,3.7372801,41.178978,0.468005069549325
2600.0,-740.2622058361675,3.7372401,41.203949,0.4676859262026291
2600.0,-740.2546602625425,3.7370796,41.166512,0.4673667828989772
2600.0,-740.2636406827323,3.7367587,41.141541,0.4670476389336873
2600.0,-740.2564428593722,3.7366786,41.191483,0.4667284948615108
2600.0,-740.264901138722,3.7363174,41.22892,0.4664093503528106
2600.0,-740.2573833338126,3.7364378,41.178978,0.4660902058751708
2600.0,-740.25602652771,3.7360768,41.203949,0.465771061982486
2600.0,-740.2631409737104,3.7361169,41.191483,0.4654519182326316
2600.0,-740.2556836826518,3.7359164,41.203949,0.4651327744877563
2600.0,-740.262936882879,3.7357159,41.104061,0.4648136308258901
2600.0,-740.2558434721723,3.7356355,41.278862,0.4644944870121252
2600.0,-740.2634138141193,3.7352746,41.166512,0.4641753431446434
2600.0,-740.2552518488379,3.7353146,41.241425,0.463856199585943
2600.0,-740.2613899263188,3.7352746,41.129032,0.4635370565910038
2600.0,-740.2546250452064,3.7352345,41.216454,0.463217913302535
2600.0,-740.2624369164232,3.7347932,41.104061,0.4628987698562153
2600.0,-740.2545951502314,3.7346728,41.203949,0.462579626580635
2600.0,-740.2607823058472,3.7346728,41.129032,0.4622604838476544
2600.0,-740.254712276349,3.7341914,41.191483,0.4619413405215779
2600.0,-740.2544410131487,3.7341113,41.216454,0.4616221973124502
2600.0,-740.2630204889285,3.7339909,41.166512,0.4613030536145395
2600.0,-740.2560198874972,3.7339509,41.191483,0.4609839097247174
2600.0,-740.2622395033201,3.7339108,41.154007,0.4606647663635068
2600.0,-740.2543066141698,3.7335899,41.191483,0.4603456232123221
2600.0,-740.2607190485332,3.7335496,41.154007,0.460026480506613
2600.0,-740.2531747348643,3.7334294,41.22892,0.4597073378434113
2600.0,-740.2620675540695,3.733269,41.22892,0.4593881945563318
2600.0,-740.2531758943283,3.7329481,41.166512,0.4590690518926301
2600.0,-740.262690445813,3.7328277,41.266396,0.4587499083370083
2600.0,-740.2539797846932,3.7324667,41.191483,0.4584307653267283
2600.0,-740.2631551823001,3.7327073,41.241425,0.4581116215707483
2600.0,-740.2549928048243,3.7325871,41.253891,0.4577924781237287
2600.0,-740.2547074301743,3.7321458,41.178978,0.4574733347997415
2600.0,-740.261325020855,3.7322259,41.191483,0.4571541918327845
2600.0,-740.2555406906248,3.7321057,41.154007,0.4568350481495568
2600.0,-740.2622082412711,3.7319453,41.241425,0.456515904801824
2600.0,-740.255092401263,3.7317045,41.266396,0.4561967613118657
2600.0,-740.2632094183782,3.731544,41.241425,0.4558776175325034
2600.0,-740.2573860675365,3.7313836,41.29137,0.455558473053685
2600.0,-740.2630139708175,3.7311027,41.29137,0.4552393293585844
2600.0,-740.256834678174,3.7310627,41.178978,0.4549201851174846
2600.0,-740.2638682233746,3.7309022,41.203949,0.4546010410540969
2600.0,-740.2557978061548,3.7309825,41.216454,0.4542818972600199
2600.0,-740.2627728072576,3.7305412,41.191483,0.4539627536688903
2600.0,-740.2553492970147,3.7307017,41.278862,0.4536436100681774
2600.0,-740.254183140468,3.7304208,41.216454,0.4533244669702254
2600.0,-740.2616561628736,3.7303407,41.141541,0.4530053238605057
2600.0,-740.2544954567954,3.7300999,41.178978,0.4526861806279059
2600.0,-740.263126470852,3.729779,41.22892,0.4523670368843041
2600.0,-740.2565014524101,3.729779,41.216454,0.4520478927868667
2600.0,-740.2648724767961,3.7295384,41.328808,0.4517287482905232
2600.0,-740.256441784832,3.7293379,41.22892,0.45140960421881
2600.0,-740.2642607914069,3.7295785,41.178978,0.4510904599861776
2600.0,-740.2553159602775,3.7291775,41.253891,0.4507713163998371
2600.0,-740.2625399198489,3.7291372,41.278862,0.4504521729091104
2600.0,-740.2543816629601,3.7288566,41.22892,0.45013302972557
2600.0,-740.2616495831667,3.7287362,41.216454,0.4498138866186871
2600.0,-740.2554839401237,3.7286558,41.241425,0.449494742959926
2600.0,-740.2569976538671,3.7286961,41.266396,0.449175598648563
2600.0,-740.2618374141226,3.7280943,41.266396,0.4488564554607019
2600.0,-740.2550494083972,3.728014,41.191483,0.448537311989279
2600.0,-740.2628064742057,3.7280543,41.278862,0.4482181683836348
2600.0,-740.2565341427041,3.7278535,41.216454,0.4478990242721037
2600.0,-740.2632714181952,3.7275326,41.191483,0.4475798804660119
2600.0,-740.2547051963747,3.7274926,41.253891,0.4472607371429878
2600.0,-740.261847411479,3.7274525,41.316303,0.4469415939508167
2600.0,-740.254195591711,3.7271316,41.22892,0.4466224508474966
2600.0,-740.2615449442787,3.7270916,41.178978,0.4463033077857257
2600.0,-740.253327590111,3.7271316,41.241425,0.445984165056624
2600.0,-740.2607531795989,3.7270112,41.178978,0.4456650223362003
2600.0,-740.2555769209059,3.7266903,41.278862,0.4453458786373528
2600.0,-740.2561243180371,3.7264898,41.241425,0.445026734702508
2600.0,-740.2647951694863,3.7263694,41.328808,0.4447075902394934
2600.0,-740.2537205086231,3.7263694,41.253891,0.4443884473409941
2600.0,-740.2614504852837,3.7259684,41.29137,0.4440693043199466
2600.0,-740.2554445361527,3.7259283,41.253891,0.4437501606781737
2600.0,-740.2632315986186,3.7259283,41.266396,0.4434310168892489
2600.0,-740.255105487285,3.7256474,41.278862,0.4431118733936489
2600.0,-740.2630732722856,3.725527,41.303837,0.4427927296729821
2600.0,-740.255473174462,3.7252061,41.216454,0.4424735860188624
2600.0,-740.2634991168177,3.7252462,41.253891,0.4421544421146047
2600.0,-740.2558225005267,3.7252462,41.266396,0.4418352983098814
2600.0,-740.2612436609057,3.7249656,41.316303,0.4415161553780004
2600.0,-740.253891601587,3.7249253,41.316303,0.4411970124057385
2600.0,-740.2554798140609,3.7248852,41.253891,0.4408778687487563
2600.0,-740.262647293716,3.7245643,41.278862,0.4405587252117383
2600.0,-740.2543626320762,3.7247648,41.328808,0.4402395820364027
2600.0,-740.2629154104794,3.7244039,41.328808,0.4399204383837936
2600.0,-740.2556279948221,3.7240429,41.34127,0.4396012946629268
2600.0,-740.2622834735574,3.7241633,41.29137,0.4392821512827597
2600.0,-740.2546552573663,3.7238824,41.216454,0.4389630079812656
2600.0,-740.2624802025576,3.723722,41.29137,0.4386438645162843
2600.0,-740.2574648642234,3.7236416,41.29137,0.4383247200034946
2600.0,-740.2647662988301,3.7236416,41.303837,0.4380055755529268
2600.0,-740.2569243391567,3.7234812,41.303837,0.4376864312731718
2600.0,-740.2623114153644,3.7231202,41.34127,0.4373672878809583
2600.0,-740.2549306717993,3.7228394,41.316303,0.4370481444607259
2600.0,-740.2632678045031,3.7230401,41.328808,0.436729000656192
2600.0,-740.2554243337315,3.7225187,41.316303,0.4364098570231288
2600.0,-740.2547644978603,3.7227192,41.328808,0.4360907136745383
2600.0,-740.2629037524904,3.7222779,41.278862,0.4357715700269552
2600.0,-740.2548023637918,3.7222779,41.278862,0.4354524266620397
2600.0,-740.2632052192184,3.7222378,41.353779,0.4351332828844877
2600.0,-740.2552423889545,3.7220373,41.303837,0.4348141393298658
2600.0,-740.2628407395134,3.721997,41.29137,0.434494995709449
2600.0,-740.255640946194,3.7215157,41.353779,0.4341758519829985
2600.0,-740.2617349716081,3.7217565,41.34127,0.4338567088393027
2600.0,-740.2538520144675,3.7215157,41.316303,0.4335375658841078
2600.0,-740.2616847275968,3.7210746,41.29137,0.4332184227620733
2600.0,-740.2560796158521,3.7211947,41.316303,0.4328992788465007
2600.0,-740.2627902268132,3.7209942,41.316303,0.4325801352478611
2600.0,-740.2543625956512,3.7207937,41.366245,0.4322609920725412
2600.0,-740.2548176713352,3.7206333,41.278862,0.4319418487010262
2600.0,-740.2619667844658,3.7205129,41.353779,0.4316227054573907
2600.0,-740.2541969468064,3.7203925,41.328808,0.4313035623534864
2600.0,-740.2623233174859,3.7202723,41.34127,0.4309844189561417
2600.0,-740.2542361430724,3.7201519,41.303837,0.4306652758353388
2600.0,-740.2623088031678,3.7199914,41.416187,0.4303461324442516
2600.0,-740.2550310736829,3.7199111,41.253891,0.4300269889807332
2600.0,-740.2638972880271,3.7197106,41.328808,0.4297078449048152
2600.0,-740.2553147762574,3.71947,41.34127,0.4293887013189851
2600.0,-740.262906658137,3.7196705,41.353779,0.4290695576701493
2600.0,-740.2562706433695,3.7192292,41.353779,0.4287504136722198
2600.0,-740.2626595858763,3.7191491,41.34127,0.4284312701299024
2600.0,-740.2542026231866,3.7191491,41.391216,0.4281121270235508
2600.0,-740.2546746299911,3.7189486,41.316303,0.4277929837137047
2600.0,-740.2621438609069,3.7189887,41.37875,0.4274738403937277
2600.0,-740.257194808781,3.7188282,41.316303,0.427154695997366
2600.0,-740.2637385595815,3.7185473,41.328808,0.4268355519898793
2600.0,-740.255727994188,3.7183468,41.316303,0.4265164082259001
2600.0,-740.26243319325,3.7184672,41.303837,0.4261972647811855
2600.0,-740.2556452674789,3.718106,41.391216,0.425878121052872
2600.0,-740.2616477643493,3.7178655,41.29137,0.4255589779467731
2600.0,-740.2551907414454,3.7178655,41.416187,0.4252398344144177
2600.0,-740.2627674113783,3.7175846,41.34127,0.4249206908256144
2600.0,-740.2569365460653,3.7174642,41.353779,0.4246015465405966
2600.0,-740.2657833576426,3.7175446,41.391216,0.4242824016515523
2600.0,-740.2577418523024,3.7175446,41.303837,0.4239632570193458
2600.0,-740.2569318341315,3.7171836,41.328808,0.4236441127363595
2600.0,-740.2640564932778,3.7169428,41.37875,0.4233249685918045
2600.0,-740.2569436624646,3.7169428,41.403721,0.4230058243037186
2600.0,-740.264679445594,3.7167823,41.328808,0.4226866798905952
2600.0,-740.2566093507007,3.7165015,41.366245,0.42236753574664
2600.0,-740.2648320832116,3.7165015,41.37875,0.4220483912677111
2600.0,-740.2583743685345,3.716341,41.366245,0.4217292463628101
2600.0,-740.2634103109314,3.7164214,41.316303,0.4214101024968386
2600.0,-740.2571124845898,3.7159801,41.34127,0.4210909581359691
2600.0,-740.264185436952,3.71594,41.34127,0.4207718139358236
2600.0,-740.2574707106555,3.7160604,41.37875,0.4204526694205134
2600.0,-740.2640454459269,3.715579,41.416187,0.4201335252807212
2600.0,-740.2567032947017,3.715539,41.366245,0.4198143810962642
2600.0,-740.2564962773865,3.7152982,41.34127,0.4194952370010579
2600.0,-740.2640848623678,3.7150576,41.403721,0.4191760928442724
2600.0,-740.2566725459878,3.7152181,41.328808,0.418856948673072
2600.0,-740.2631630190947,3.7149773,41.416187,0.4185378049137134
2600.0,-740.2556025920024,3.7147367,41.366245,0.4182186612037984
2600.0,-740.2646493796507,3.7148168,41.303837,0.417899516803637
2600.0,-740.2574783280022,3.7147367,41.403721,0.4175803722850428
2600.0,-740.2648425084648,3.7144558,41.441158,0.4172612278016193
2600.0,-740.2573035847528,3.7144158,41.391216,0.4169420833583615
2600.0,-740.2645655049122,3.714175,41.353779,0.4166229389943603
2600.0,-740.2570053442685,3.7140546,41.316303,0.4163037946796818
2600.0,-740.2641140131726,3.7139344,41.37875,0.4159846505103288
2600.0,-740.2561771010678,3.7137337,41.428692,0.4156655065527278
2600.0,-740.2557350622932,3.7136936,41.403721,0.4153463627857013
2600.0,-740.263346272107,3.7136536,41.391216,0.4150272189473383
2600.0,-740.2559740626826,3.7133327,41.316303,0.4147080750772726
2600.0,-740.2638276830651,3.7135332,41.366245,0.4143889310313627
2600.0,-740.2555698777661,3.7132926,41.416187,0.4140697873355516
2600.0,-740.2637700655583,3.7130919,41.466133,0.4137506433144819
2600.0,-740.2561302264738,3.7130518,41.391216,0.4134314993770898
2600.0,-740.2638213478998,3.7126508,41.328808,0.4131123553339112
2600.0,-740.2562573985505,3.7128513,41.403721,0.4127932113416918
2600.0,-740.2640029527624,3.7126908,41.37875,0.4124740672202193
2600.0,-740.2569365339917,3.7124503,41.353779,0.4121549229352068
2600.0,-740.2629882014414,3.7123699,41.428692,0.4118357792512159
2600.0,-740.2540598378413,3.7122095,41.391216,0.4115166362064229
2600.0,-740.2545543181103,3.712009,41.403721,0.4111974929484464
2600.0,-740.2617093978654,3.712049,41.428692,0.410878349815776
2600.0,-740.2549423169837,3.7118485,41.428692,0.4105592063905229
2600.0,-740.2623967553068,3.7118886,41.37875,0.4102400629615176
2600.0,-740.2547774248806,3.7115276,41.478634,0.4099209196073539
2600.0,-740.2601975613834,3.7115276,41.428692,0.4096017771264695
2600.0,-740.2554907151912,3.7110462,41.428692,0.4092826334647875
2600.0,-740.2634964194918,3.7113271,41.441158,0.4089634895616927
2600.0,-740.2563082768353,3.7111666,41.403721,0.4086443455475383
2600.0,-740.2634079670144,3.7112067,41.403721,0.4083252016825773
2600.0,-740.255751566135,3.7108457,41.453667,0.4080060579084356
2600.0,-740.2637068575619,3.7105649,41.403721,0.4076869139146163
2600.0,-740.2562146498146,3.7104845,41.403721,0.4073677699408271
2600.0,-740.25576763042,3.7104044,41.428692,0.4070486261597596
2600.0,-740.263886252545,3.7104445,41.428692,0.4067294820885991
2600.0,-740.2562318496213,3.7101235,41.391216,0.4064103381073946
2600.0,-740.2620302494868,3.7099631,41.516075,0.406091194836398
2600.0,-740.255605033507,3.709883,41.466133,0.4057720511254303
2600.0,-740.2636293181934,3.709883,41.516075,0.40545290716504
2600.0,-740.2529256510676,3.7098026,41.416187,0.4051337646092248
2600.0,-740.2617775623846,3.7096422,41.478634,0.4048146214471671
2600.0,-740.255969057711,3.7096021,41.403721,0.4044954775792591
2600.0,-740.2624130882376,3.7093616,41.428692,0.4041763341432122
2600.0,-740.2543197249526,3.7091608,41.403721,0.403857190986375
2600.0,-740.2618583853653,3.7090406,41.441158,0.4035380477894728
2600.0,-740.2546317224582,3.7091608,41.416187,0.4032189044981252
2600.0,-740.2549120438425,3.7089202,41.428692,0.4028997610859238
2600.0,-740.262469362709,3.7088399,41.441158,0.4025806176256157
2600.0,-740.25513070757,3.7085993,41.441158,0.4022614741191426
2600.0,-740.2627460732208,3.7085993,41.466133,0.4019423305395385
2600.0,-740.2557990998595,3.7082384,41.516075,0.4016231867449038
2600.0,-740.2623517719096,3.7083585,41.478634,0.4013040433352918
2600.0,-740.255937453826,3.7081981,41.4911,0.400984899481009
2600.0,-740.2628460255027,3.708158,41.441158,0.4006657558583134
2600.0,-740.2553125664001,3.7079976,41.466133,0.400346612273436
2600.0,-740.2620980718523,3.7078772,41.478634,0.4000274689731997
2600.0,-740.2545592133973,3.7080376,41.391216,0.3997083257131127
2600.0,-740.2629350759306,3.7075562,41.553513,0.3993891820520254
2600.0,-740.2559864279789,3.7073958,41.503567,0.3990700381766286
2600.0,-740.2555813887097,3.7075965,41.466133,0.3987508944758549
2600.0,-740.2628808155007,3.7073157,41.466133,0.3984317508381605
2600.0,-740.255004047491,3.7071953,41.466133,0.3981126073862938
2600.0,-740.2604378339519,3.7071152,41.441158,0.3977934648018226
2600.0,-740.2526161433603,3.7070749,41.528542,0.3974743223794443
2600.0,-740.260766789829,3.7068343,41.478634,0.397155179653153
2600.0,-740.2537541877153,3.7065134,41.503567,0.3968360367401338
2600.0,-740.2617514391904,3.7066739,41.441158,0.3965168935893385
2600.0,-740.2536570080201,3.7066739,41.528542,0.396197750718216
2600.0,-740.2615378028421,3.7064331,41.503567,0.395878607659524
2600.0,-740.2554441946163,3.706393,41.516075,0.3955594640178982
2600.0,-740.2626214510797,3.7059519,41.528542,0.3952403204920216
2600.0,-740.2542600199262,3.7061925,41.553513,0.3949211773609248
2600.0,-740.2546350068557,3.7057512,41.516075,0.3946020340681613
2600.0,-740.2620916141092,3.7057512,41.553513,0.394282890770709
2600.0,-740.2548948196844,3.7056711,41.541046,0.3939637473659333
2600.0,-740.262972002548,3.7056711,41.4911,0.3936446036889262
2600.0,-740.255451469608,3.7053101,41.503567,0.393325460044164
2600.0,-740.2623655294785,3.7052298,41.541046,0.3930063166286208
2600.0,-740.2552185483212,3.7052298,41.553513,0.3926871730842771
2600.0,-740.2619287350028,3.7053101,41.466133,0.3923680298570456
2600.0,-740.2538973023189,3.7051497,41.541046,0.392048886882326
2600.0,-740.2607901792719,3.7047083,41.541046,0.3917297441459509
2600.0,-740.2541987899571,3.7047484,41.516075,0.3914106010412519
2600.0,-740.2623709370223,3.7045879,41.553513,0.3910914576233774
2600.0,-740.2556430705137,3.7045879,41.541046,0.3907723138960111
2600.0,-740.2551893617938,3.7044275,41.528542,0.3904531703642505
2600.0,-740.2628763717992,3.7043474,41.553513,0.3901340267284719
2600.0,-740.255523112652,3.7040265,41.541046,0.3898148830528225
2600.0,-740.2634265335627,3.7041466,41.566017,0.3894957391798571
2600.0,-740.257760797444,3.7040265,41.478634,0.3891765945394828
2600.0,-740.2627770426383,3.704267,41.590988,0.3888574509465272
2600.0,-740.2550952950116,3.703866,41.590988,0.3885383074553212
2600.0,-740.2627318032397,3.7035851,41.566017,0.3882191638818693
2600.0,-740.2543191388769,3.7035451,41.603455,0.3879000207252848
2600.0,-740.262171155855,3.7035851,41.541046,0.3875808773935403
2600.0,-740.2552757991558,3.7033043,41.541046,0.3872617338245143
2600.0,-740.2631528504568,3.7033443,41.590988,0.3869425900695397
2600.0,-740.2558036286446,3.7033043,41.541046,0.3866234462729525
2600.0,-740.255019013498,3.7029433,41.553513,0.3863043028146335
2600.0,-740.2633633008052,3.7030234,41.603455,0.3859851589689291
2600.0,-740.2563951054601,3.7029433,41.578484,0.3856660149173407
2600.0,-740.2619451538815,3.7027428,41.516075,0.3853468716830306
2600.0,-740.2549286328126,3.7027829,41.541046,0.3850277282636772
2600.0,-740.2630695982253,3.7025423,41.578484,0.3847085845445944
2600.0,-740.2550729312318,3.7023818,41.590988,0.3843894410630301
2600.0,-740.2612235556887,3.7022614,41.553513,0.3840702981398169
2600.0,-740.2527595512064,3.7022614,41.566017,0.3837511556556118
2600.0,-740.2609357853431,3.7019806,41.653397,0.3834320128564628
2600.0,-740.2547641072114,3.7020609,41.578484,0.3831128695080407
2600.0,-740.2612609576789,3.7019806,41.64093,0.3827937265687027
2600.0,-740.2531322910351,3.7017801,41.615963,0.3824745839237995
2600.0,-740.2539960933129,3.7018201,41.566017,0.3821554409064885
2600.0,-740.2607023736532,3.70174,41.64093,0.3818362982079684
2600.0,-740.2542843363367,3.7011783,41.578484,0.3815171550663881
2600.0,-740.2610138258688,3.7014592,41.678371,0.3811980122335941
2600.0,-740.2538078246894,3.7013388,41.653397,0.3808788692974506
2600.0,-740.2609421086393,3.7011783,41.628429,0.3805597264955755
2600.0,-740.2537010383872,3.7010579,41.628429,0.3802405836054704
2600.0,-740.2601373069189,3.7008975,41.590988,0.379921441150563
2600.0,-740.2537908327923,3.7008173,41.590988,0.3796022982217452
2600.0,-740.2614696014881,3.7006168,41.690876,0.3792831551924562
2600.0,-740.2527548763117,3.700737,41.603455,0.3789640127102665
2600.0,-740.2604161168059,3.7004964,41.653397,0.3786448701351581
2600.0,-740.253452138353,3.7005765,41.615963,0.3783257273523603
2600.0,-740.2619837767384,3.7004161,41.665905,0.3780065841013991
2600.0,-740.2550764106468,3.7000151,41.578484,0.3776874406183347
2600.0,-740.2547006188864,3.700336,41.590988,0.3773682972972841
2600.0,-740.2622467417549,3.7000551,41.615963,0.3770491539329529
2600.0,-740.2553262264242,3.7000151,41.628429,0.3767300103421864
2600.0,-740.2620201174789,3.6999347,41.628429,0.3764108670755579
2600.0,-740.2545714935652,3.6997342,41.678371,0.3760917238101766
2600.0,-740.261127387562,3.6996138,41.628429,0.3757725809284236
2600.0,-740.2542178941003,3.6993732,41.653397,0.3754534378154884
2600.0,-740.2620369513621,3.6994534,41.603455,0.3751342945416024
2600.0,-740.2559648946093,3.6992528,41.653397,0.3748151506754892
2600.0,-740.262258546469,3.6994534,41.703342,0.3744960073060687
2600.0,-740.2539108763962,3.6991727,41.578484,0.3741768643254969
2600.0,-740.2617592763943,3.6990924,41.64093,0.3738577211713227
2600.0,-740.2539233638597,3.6990924,41.64093,0.3735385781853673
2600.0,-740.2536145398393,3.6990924,41.603455,0.373219435332554
2600.0,-740.2605339887772,3.6986914,41.703342,0.3729002927066283
2600.0,-740.2542917461831,3.6986914,41.615963,0.3725811495618535
2600.0,-740.2604365271374,3.6985309,41.690876,0.3722620069779457
2600.0,-740.2529310712443,3.6984909,41.615963,0.3719428644197937
2600.0,-740.2616553328642,3.6984506,41.703342,0.3716237213104319
2600.0,-740.2550612981208,3.6984506,41.665905,0.371304577833883
2600.0,-740.2617507800533,3.6982501,41.665905,0.3709854346833717
2600.0,-740.2545730927906,3.6980495,41.64093,0.370666291417301
2600.0,-740.2624699000869,3.6979692,41.715809,0.3703471479567613
2600.0,-740.2540234610412,3.6979692,41.665905,0.3700280049276513
2600.0,-740.2605155439882,3.697849,41.653397,0.3697088623096776
2600.0,-740.2526243220218,3.6977687,41.703342,0.3693897198837733
2600.0,-740.2549615551632,3.6976483,41.665905,0.3690705764502262
2600.0,-740.2619143303704,3.6975682,41.690876,0.3687514332292048
2600.0,-740.2547838217819,3.6975281,41.665905,0.3684322898722832
2600.0,-740.2602525664888,3.6972473,41.74078,0.3681131473676849
2600.0,-740.2530071818875,3.6972072,41.678371,0.3677940047767196
2600.0,-740.260105495009,3.6971669,41.703342,0.367474862335527
2600.0,-740.2522925610377,3.6971669,41.690876,0.3671557200526537
2600.0,-740.2602914455518,3.6970065,41.753284,0.3668365775312937
2600.0,-740.2515757557056,3.6969264,41.703342,0.366517435557454
2600.0,-740.2578136856692,3.696445,41.715809,0.3661982941043109
2600.0,-740.2521586261718,3.6968863,41.690876,0.3658791518791804
2600.0,-740.259062520914,3.696806,41.678371,0.365560009887637
2600.0,-740.2523945017792,3.6965251,41.715809,0.3652408675608142
2600.0,-740.2511856079562,3.6964049,41.728313,0.3649217257551775
2600.0,-740.2595207384716,3.6962445,41.715809,0.3646025835660864
2600.0,-740.2508925066843,3.6963246,41.753284,0.3642834418868133
2600.0,-740.2596785397051,3.6961241,41.74078,0.3639642996296906
2600.0,-740.2528275073352,3.6959636,41.74078,0.3636451571161878
2600.0,-740.2598411141064,3.6958835,41.728313,0.3633260147889756
2600.0,-740.2517252784655,3.6959236,41.778259,0.3630068727506727
2600.0,-740.2578642965954,3.6958835,41.765751,0.3626877312757102
2600.0,-740.2505346956191,3.6958032,41.753284,0.3623685897506989
2600.0,-740.260418497353,3.6956828,41.753284,0.3620494471745641
2600.0,-740.251995504369,3.6954021,41.74078,0.3617303050197597
2600.0,-740.2596299188777,3.6954422,41.703342,0.3614111627835985
2600.0,-740.2516327863525,3.6952417,41.753284,0.3610920207851714
2600.0,-740.2495807082873,3.6951213,41.765751,0.3607728796714492
2600.0,-740.2573407223484,3.6951613,41.703342,0.360453738422211
2600.0,-740.2504227085093,3.6951213,41.753284,0.3601345969454804
2600.0,-740.257474194444,3.6948805,41.828201,0.3598154556386995
2600.0,-740.2491753268678,3.6947603,41.753284,0.3594963146997479
2600.0,-740.2563439879196,3.6945999,41.815693,0.3591771738802239
2600.0,-740.2491008277281,3.6947603,41.778259,0.358858032973391
2600.0,-740.2561857964427,3.6945596,41.753284,0.3585388922220668
2600.0,-740.2502191941422,3.6943991,41.778259,0.3582197508330765
2600.0,-740.2581253945,3.6943591,41.815693,0.3579006092455489
2600.0,-740.2516933203568,3.6941586,41.753284,0.357581467221024
2600.0,-740.2583050094684,3.6941586,41.803226,0.3572623255560604
2600.0,-740.2519094083389,3.6940382,41.728313,0.3569431834383743
2600.0,-740.2518505709663,3.6940382,41.765751,0.3566240413460545
2600.0,-740.2594242173453,3.6938777,41.715809,0.3563048991985757
2600.0,-740.2524521547223,3.6937573,41.765751,0.3559857568468973
2600.0,-740.2584448662512,3.6936772,41.778259,0.3556666151216384
2600.0,-740.2500346738246,3.6938376,41.828201,0.3553474738121997
2600.0,-740.2576443367462,3.6932359,41.790726,0.3550283324320667
2600.0,-740.250497268835,3.6933563,41.753284,0.3547091909231911
2600.0,-740.2575567388346,3.6933963,41.753284,0.3543900495808235
2600.0,-740.2507175193049,3.6934364,41.753284,0.3540709079769921
2600.0,-740.2566074297413,3.6930754,41.765751,0.3537517670438925
2600.0,-740.2506475489504,3.6930354,41.803226,0.3534326254702273
2600.0,-740.2571870103845,3.6930354,41.840668,0.3531134842872577
2600.0,-740.2507142355213,3.6930754,41.778259,0.3527943426848421
2600.0,-740.2496416701841,3.6927545,41.815693,0.3524752015448377
2600.0,-740.2580259427613,3.6926744,41.815693,0.3521560600001859
2600.0,-740.2493343354998,3.6924336,41.803226,0.3518369189926815
2600.0,-740.2570433199242,3.6926341,41.828201,0.3515177778716601
2600.0,-740.2500630794635,3.6925941,41.815693,0.351198636549975
2600.0,-740.2584806573357,3.692193,41.803226,0.3508794948092857
2600.0,-740.2505139435473,3.6920726,41.828201,0.3505603532932212
2600.0,-740.2574526369152,3.6923134,41.853172,0.3502412119957342
2600.0,-740.2494994707098,3.6919522,41.878143,0.3499220709170358
2600.0,-740.2587144230482,3.6918321,41.853172,0.349602929075565
2600.0,-740.2498774968838,3.6920726,41.765751,0.3492837878338894
2600.0,-740.2583823781694,3.6913908,41.865639,0.3489646461355705
2600.0,-740.2511044436382,3.6917117,41.903114,0.3486455043649258
2600.0,-740.2510640023706,3.6916313,41.840668,0.3483263626117165
2600.0,-740.2592633518711,3.6916313,41.865639,0.3480072205335904
2600.0,-740.2506808740233,3.6913507,41.828201,0.3476880789455578
2600.0,-740.2594457386533,3.6912704,41.853172,0.3473689367888007
2600.0,-740.2519781828045,3.69115,41.878143,0.3470497946414641
2600.0,-740.2576342779986,3.6913104,41.903114,0.3467306532656676
2600.0,-740.2510728278844,3.6910298,41.803226,0.3464115115086534
2600.0,-740.2604982828219,3.6909094,41.903114,0.3460923688981213
2600.0,-740.2526431699615,3.690789,41.928047,0.3457732264640912
2600.0,-740.2600090833638,3.6909895,41.828201,0.3454540840644638
2600.0,-740.2544831520713,3.690388,41.865639,0.3451349408371689
2600.0,-740.2607786673939,3.6903076,41.803226,0.3448157981057568
2600.0,-740.2541630968437,3.6904681,41.828201,0.3444966550164461
2600.0,-740.2529673015255,3.690428,41.915581,0.3441775124426743
2600.0,-740.2600256121327,3.6901472,41.903114,0.343858370035921
2600.0,-740.2528048267798,3.6901872,41.915581,0.3435392275321964
2600.0,-740.2591462006329,3.6901872,41.803226,0.3432200855045768
2600.0,-740.2503765663052,3.6900268,41.815693,0.3429009440477392
2600.0,-740.2586169738913,3.6898663,41.903114,0.3425818022482809
2600.0,-740.2518662329383,3.6896658,41.903114,0.3422626601492088
2600.0,-740.2582514439871,3.6897058,41.803226,0.3419435185073385
2600.0,-740.2509763195978,3.6896658,41.928047,0.3416243767919315
2600.0,-740.259441893107,3.6893849,41.953018,0.3413052346368323
2600.0,-740.2504772497671,3.6893449,41.940556,0.3409860931365875
2600.0,-740.2592828223029,3.6893048,41.903114,0.3406669510500673
2600.0,-740.2522436476617,3.6892648,41.915581,0.3403478087882817
2600.0,-740.2537247689268,3.6891444,41.865639,0.3400286658879458
2600.0,-740.2589692222131,3.6889839,41.953018,0.3397095239366254
2600.0,-740.2520196494997,3.6889439,41.903114,0.3393903817714114
2600.0,-740.2589351639984,3.6887434,41.928047,0.3390712398347743
2600.0,-740.2519546112666,3.688663,41.953018,0.3387520976976
2600.0,-740.2581061186785,3.6885829,41.928047,0.3384329561183826
2600.0,-740.2494853232442,3.6885829,41.953018,0.3381138150457835
2600.0,-740.2577406387057,3.6885026,41.953018,0.3377946736241325
2600.0,-740.2502177297716,3.6883821,41.928047,0.3374755322357736
2600.0,-740.258246500561,3.6882217,42.015469,0.3371563905960345
2600.0,-740.2489529889126,3.6879811,41.915581,0.3368372497529387
2600.0,-740.2570266213063,3.6880212,41.915581,0.3365181086391164
2600.0,-740.250577505541,3.6878207,41.865639,0.3361989670956487
2600.0,-740.2517090064756,3.6881416,41.928047,0.3358798250643611
2600.0,-740.2582843795609,3.6877806,42.015469,0.3355606834082915
2600.0,-740.249917815984,3.6876602,41.928047,0.3352415421492333
2600.0,-740.258684699054,3.6877806,41.977989,0.3349224003205772
2600.0,-740.2505132966949,3.6874998,41.915581,0.3346032588047916
2600.0,-740.2588576980946,3.6875398,42.002964,0.3342841169015518
2600.0,-740.2524360538075,3.6870985,41.977989,0.3339649745568149
2600.0,-740.2584698545264,3.6872189,41.953018,0.333645832820783
2600.0,-740.2503388100582,3.6870584,42.027935,0.3333266913802231
2600.0,-740.2598358893038,3.686938,41.940556,0.3330075490552635
2600.0,-740.2506582546538,3.6868579,42.002964,0.3326884074769827
2600.0,-740.257227171501,3.686898,41.940556,0.3323692662766988
2600.0,-740.2493929039814,3.686537,41.977989,0.332050125243944
2600.0,-740.2509544326183,3.6866975,42.002964,0.3317309835379731
2600.0,-740.2593733133784,3.6865771,41.915581,0.3314118414124402
2600.0,-740.2493396938767,3.6863365,41.965523,0.3310927004026257
2600.0,-740.2583578781591,3.6862962,41.965523,0.3307735587148693
2600.0,-740.250207720033,3.6862962,41.928047,0.3304544173308258
2600.0,-740.2579353663521,3.6860557,41.977989,0.3301352758252235
2600.0,-740.2510111458757,3.6861358,42.002964,0.329816134094802
2600.0,-740.2584606012316,3.6858552,41.928047,0.3294969923627594
2600.0,-740.2509083022832,3.6856947,41.915581,0.3291778506766765
2600.0,-740.2582637735961,3.6856143,41.977989,0.3288587090294905
2600.0,-740.2502319748482,3.6856546,41.977989,0.3285395676349902
2600.0,-740.2582240641145,3.6854942,42.052906,0.3282204260049239
2600.0,-740.2511028331579,3.6853337,42.027935,0.3279012842349736
2600.0,-740.2525406431445,3.6854138,41.990498,0.3275821418451455
2600.0,-740.2575546879584,3.6852934,42.002964,0.3272630005036621
2600.0,-740.2511553104634,3.6850529,42.002964,0.3269438587110874
2600.0,-740.2583403976216,3.6848924,42.077877,0.3266247170308672
2600.0,-740.2524112495463,3.6850929,41.977989,0.3263055746968241
2600.0,-740.2597886841581,3.685133,41.953018,0.3259864323922156
2600.0,-740.2513379393364,3.6846516,42.015469,0.3256672905209049
2600.0,-740.2574393184981,3.684732,42.002964,0.3253481492291597
2600.0,-740.2509798231598,3.684732,42.065411,0.3250290075122422
2600.0,-740.2586044619503,3.6845715,41.977989,0.3247098657181781
2600.0,-740.2508393812986,3.6843307,42.065411,0.3243907240618088
2600.0,-740.2588330398996,3.684371,42.090382,0.3240715821691997
2600.0,-740.251067444542,3.6840901,42.052906,0.3237524404145063
2600.0,-740.2512172734364,3.6840501,42.015469,0.3234332985952178
2600.0,-740.258985200712,3.6838896,42.065411,0.3231141566370087
2600.0,-740.2509925670315,3.6839297,42.027935,0.3227950149145971
2600.0,-740.2595206410642,3.6838493,42.027935,0.3224758727255479
2600.0,-740.2528909346788,3.6834884,42.077877,0.3221567301846999
2600.0,-740.2603845371596,3.6834483,42.027935,0.3218375876232061
2600.0,-740.251554368855,3.6834083,42.090382,0.3215184456585868
2600.0,-740.2593908798636,3.6832879,42.077877,0.3211993035254806
2600.0,-740.2517821625935,3.6832075,42.090382,0.3208801614626534
2600.0,-740.259133322391,3.6832478,41.990498,0.3205610194405859
2600.0,-740.2508376846669,3.683007,42.090382,0.3202418777849481
2600.0,-740.259207199159,3.6829669,42.102848,0.3199227357310306
2600.0,-740.2526065367534,3.6826861,42.015469,0.3196035933127941
2600.0,-740.251405138519,3.6826861,42.065411,0.3192844514125119
2600.0,-740.2578052018112,3.6825659,42.002964,0.3189653099630264
2600.0,-740.2498669499773,3.6824856,42.052906,0.3186461687258979
2600.0,-740.2576738290909,3.6824055,42.102848,0.3183270273330501
2600.0,-740.2502318651636,3.6823251,42.065411,0.3180078859385971
2600.0,-740.2578864891141,3.6823251,42.127819,0.3176887444540668
2600.0,-740.2502958173969,3.6820443,42.052906,0.3173696030320423
2600.0,-740.2581290927075,3.6820042,42.115353,0.3170504614429203
2600.0,-740.2515441149864,3.6816032,42.002964,0.3167313194827217
2600.0,-740.2586371519592,3.6820042,42.052906,0.3164121776745642
2600.0,-740.2512521852519,3.6816432,42.065411,0.3160930358402242
2600.0,-740.2586771792428,3.6814828,42.16526,0.3157738940148101
2600.0,-740.2514901113057,3.6813223,42.090382,0.3154547520778939
2600.0,-740.2592065645784,3.6812019,42.102848,0.31513561002425
2600.0,-740.2511299565516,3.6814427,42.065411,0.3148164682426062
2600.0,-740.2511140506545,3.6810014,42.102848,0.3144973264678197
2600.0,-740.2579524562367,3.680841,42.102848,0.3141781849548495
2600.0,-740.2508135763705,3.6809614,42.127819,0.3138590433096054
2600.0,-740.2607210505012,3.680881,42.115353,0.3135399006030333
2600.0,-740.2523149483508,3.6806805,42.140285,0.3132207583105082
2600.0,-740.2593157814101,3.6806805,42.077877,0.3129016162097786
2600.0,-740.2507801782427,3.68048,42.127819,0.3125824745789333
2600.0,-740.2579987574989,3.6802392,42.090382,0.3122633330460017
2600.0,-740.2508275410968,3.6801991,42.140285,0.311944191394737
2600.0,-740.2571507062742,3.6801188,42.140285,0.311625050227419
2600.0,-740.2502828778939,3.6800787,42.077877,0.311305908810973
2600.0,-740.2590083458178,3.6799183,42.152794,0.3109867668427856
2600.0,-740.2495472366954,3.6797979,42.127819,0.3106676257434939
2600.0,-740.2510058484802,3.6796777,42.140285,0.3103484840153562
2600.0,-740.2578071184452,3.6794369,42.140285,0.3100293425650445
2600.0,-740.2494889242126,3.6795974,42.102848,0.3097102014908928
2600.0,-740.2574740235717,3.6793969,42.04044,0.3093910601841856
2600.0,-740.2506957422146,3.6792364,42.102848,0.3090719185897429
2600.0,-740.2577739147963,3.679076,42.090382,0.3087527771537459
2600.0,-740.2521421350174,3.678755,42.115353,0.3084336349357252
2600.0,-740.2590476280166,3.6785545,42.127819,0.3081144929506024
2600.0,-740.2528763228955,3.6786749,42.190228,0.3077953504160539
2600.0,-740.2601933984444,3.6784341,42.152794,0.3074762079369642
2600.0,-740.2541317980701,3.6784742,42.127819,0.3071570648611472
2600.0,-740.2611018263021,3.6782737,42.140285,0.3068379219904142
2600.0,-740.2547785241817,3.6782336,42.102848,0.3065187786357766
2600.0,-740.2534479390308,3.6783941,42.177765,0.3061996358547893
2600.0,-740.2606989672588,3.6779528,42.115353,0.3058804931577378
2600.0,-740.2518751315068,3.6777923,42.202736,0.3055613510548293
2600.0,-740.2608663146232,3.6775517,42.152794,0.3052422082856306
2600.0,-740.2541798818545,3.6775517,42.077877,0.3049230651890834
2600.0,-740.2628433394318,3.6774714,42.115353,0.3046039215675458
2600.0,-740.2544772919284,3.6775115,42.215202,0.3042847783427774
2600.0,-740.2630754698868,3.6772308,42.202736,0.3039656346211632
2600.0,-740.255032489555,3.6770301,42.127819,0.3036464911570344
2600.0,-740.2627390304194,3.6770704,42.202736,0.3033273475804667
2600.0,-740.2543742285575,3.6769099,42.127819,0.3030082044001315
2600.0,-740.2615672587613,3.6767092,42.152794,0.3026890613287404
2600.0,-740.2531965117499,3.6764686,42.177765,0.30236991865615
2600.0,-740.2524771793758,3.6765487,42.177765,0.3020507762936828
2600.0,-740.2604090367605,3.6764686,42.190228,0.3017316337216267
2600.0,-740.252673650603,3.6762278,42.215202,0.3014124912744556
2600.0,-740.2599976457693,3.6761878,42.152794,0.3010933488797592
2600.0,-740.2513076289516,3.6757467,42.215202,0.3007742070215159
2600.0,-740.2603856358579,3.6759069,42.115353,0.3004550644595485
2600.0,-740.2530246866008,3.6757467,42.140285,0.3001359218610365
2600.0,-740.2608146176863,3.6757867,42.190228,0.2998167791141255
2600.0,-740.2534583148621,3.6755059,42.202736,0.2994976363286649
2600.0,-740.2616384748337,3.6753454,42.202736,0.299178493226571
2600.0,-740.2539573480632,3.6751049,42.215202,0.298859350225964
2600.0,-740.2604961959296,3.675185,42.16526,0.2985402076163316
2600.0,-740.2527945727065,3.6749444,42.140285,0.2982210651170278
2600.0,-740.2540833121773,3.6749845,42.127819,0.2979019220621144
2600.0,-740.2609320013926,3.6749444,42.215202,0.2975827792645967
2600.0,-740.2540983017174,3.6742623,42.16526,0.2972636362032209
2600.0,-740.2622897113152,3.6746235,42.190228,0.2969444928203645
2600.0,-740.2556784828673,3.6742222,42.190228,0.296625349077731
2600.0,-740.2628877371568,3.6741822,42.240173,0.2963062054370525
2600.0,-740.2557047277614,3.6740618,42.177765,0.2959870616831041
2600.0,-740.2620904789854,3.6738212,42.16526,0.2956679183861412
2600.0,-740.2538701416815,3.6737809,42.227707,0.2953487754231312
2600.0,-740.2609051822266,3.6735404,42.177765,0.2950296326371758
2600.0,-740.2537599005207,3.6735003,42.202736,0.2947104897216937
2600.0,-740.2610700510224,3.6732595,42.240173,0.2943913468646598
2600.0,-740.2537997317702,3.6731794,42.202736,0.2940722039320054
2600.0,-740.2538484740711,3.673059,42.202736,0.2937530609783368
2600.0,-740.2601319726353,3.6728585,42.190228,0.2934339185257292
2600.0,-740.252862785448,3.6728985,42.227707,0.2931147759970171
2600.0,-740.261773802786,3.6726177,42.227707,0.2927956328365803
2600.0,-740.253701440905,3.6726177,42.16526,0.2924764899463016
2600.0,-740.2621898451857,3.6724572,42.215202,0.2921573466064997
2600.0,-740.2547171591533,3.6720562,42.252678,0.2918382032783181
2600.0,-740.2598218509723,3.6718154,42.240173,0.2915190609594108
2600.0,-740.2531365026355,3.6716952,42.190228,0.2911999183126919
2600.0,-740.2583461595974,3.6718557,42.302624,0.2908807766299876
2600.0,-740.2522692700551,3.6716952,42.227707,0.2905616343571556
2600.0,-740.2608354430223,3.6714544,42.16526,0.2902424916012663
2600.0,-740.2531808383185,3.6712539,42.252678,0.2899233489354332
2600.0,-740.2539519647208,3.671294,42.202736,0.2896042059371471
2600.0,-740.2619426513704,3.6711736,42.227707,0.289285062703916
2600.0,-740.2546374718933,3.670933,42.340057,0.2889659194100897
2600.0,-740.2619581301448,3.6706922,42.202736,0.2886467761701853
2600.0,-740.2546800986664,3.6706121,42.277649,0.2883276328579815
2600.0,-740.2638327005699,3.6707325,42.277649,0.2880084888099085
2600.0,-740.2568829446977,3.6703312,42.265144,0.2876893445479997
2600.0,-740.2628417408043,3.6701307,42.302624,0.2873702009271512
2600.0,-740.2550408270134,3.6699703,42.215202,0.2870510574594279
2600.0,-740.2637866184743,3.6700907,42.152794,0.2867319134312219
2600.0,-740.2549014118079,3.6698098,42.265144,0.2864127700236042
2600.0,-740.2625964509356,3.6696494,42.252678,0.2860936265085056
2600.0,-740.253598048071,3.669569,42.215202,0.2857744836628024
2600.0,-740.254203514169,3.6690075,42.240173,0.2854553405560667
2600.0,-740.262041773029,3.6689675,42.227707,0.285136197280102
2600.0,-740.2543730690935,3.6689675,42.327557,0.2848170541002667
2600.0,-740.2625325711147,3.6688871,42.252678,0.2844979106127082
2600.0,-740.2540753043864,3.6688471,42.240173,0.2841787675612471
2600.0,-740.2583020307661,3.6684861,42.152794,0.2838596258975677
2600.0,-740.2530485878061,3.6683257,42.290115,0.2835404832887513
2600.0,-740.2602304711729,3.6683257,42.215202,0.2832213407936788
2600.0,-740.2519853603897,3.6681652,42.227707,0.2829021986432476
2600.0,-740.2601374659222,3.6678443,42.227707,0.2825830561882717
2600.0,-740.2523557931593,3.6678443,42.265144,0.2822639138781373
2600.0,-740.2597046628993,3.6678042,42.302624,0.2819447716097523
2600.0,-740.2531301059387,3.667403,42.227707,0.2816256289657912
2600.0,-740.2539520748146,3.667403,42.327557,0.2813064859674577
2600.0,-740.2616433574825,3.6672425,42.240173,0.2809873428632587
2600.0,-740.2545405608843,3.6668415,42.302624,0.2806681996112133
2600.0,-740.2610035229886,3.6667612,42.327557,0.2803490567828611
2600.0,-740.2550828188031,3.6664803,42.290115,0.280029913297034
2600.0,-740.2621126719134,3.6664002,42.252678,0.2797107699905033
2600.0,-740.2558967919616,3.6663198,42.290115,0.2793916261537509
2600.0,-740.2618648801476,3.6661594,42.340057,0.2790724829540486
2600.0,-740.2538734131871,3.6661193,42.327557,0.2787533399896282
2600.0,-740.2606848435935,3.6658385,42.352524,0.2784341972986657
2600.0,-740.2503744428041,3.6655178,42.265144,0.2781150558427436
2600.0,-740.2583605394688,3.6653974,42.252678,0.2777959141538398
2600.0,-740.2506791409664,3.6653171,42.302624,0.2774767725665544
2600.0,-740.2523756292832,3.6651566,42.302624,0.2771576302478681
2600.0,-740.2605417404426,3.6650364,42.240173,0.2768384876186006
2600.0,-740.2528414233582,3.6650364,42.277649,0.2765193450990981
2600.0,-740.2591662565324,3.6645951,42.265144,0.276200203062832
2600.0,-740.2518177949302,3.6644347,42.252678,0.2758810609846427
2600.0,-740.2596807129545,3.6641138,42.31509,0.2755619187265831
2600.0,-740.2529672890427,3.6643143,42.365032,0.2752427761528167
2600.0,-740.2611378252982,3.663873,42.265144,0.2749236332665638
2600.0,-740.2537195198252,3.6637125,42.340057,0.2746044903684909
2600.0,-740.2615013890461,3.6635923,42.227707,0.2742853473254976
2600.0,-740.253794348837,3.6634319,42.290115,0.2739662043951639
2600.0,-740.2601143206116,3.6633916,42.277649,0.2736470619501664
2600.0,-740.2518526584516,3.6630306,42.302624,0.2733279198569466
2600.0,-740.2527403738037,3.6627901,42.277649,0.2730087773810093
2600.0,-740.2599562025994,3.6629102,42.290115,0.27268963500418
2600.0,-740.2514534412632,3.6625493,42.302624,0.2723704930830733
2600.0,-740.25914296552,3.6625493,42.277649,0.2720513510568484
2600.0,-740.2529501019235,3.6620679,42.302624,0.2717322084904918
2600.0,-740.2605382614018,3.6619477,42.290115,0.2714130658627241
2600.0,-740.2540397575874,3.6618273,42.277649,0.2710939228265882
2600.0,-740.2620528201754,3.6616268,42.31509,0.2707747795458609
2600.0,-740.2543808206809,3.6614261,42.31509,0.2704556363626837
2600.0,-740.2617749008704,3.6613059,42.302624,0.2701364932017735
2600.0,-740.2548646439496,3.660985,42.252678,0.2698173498100073
2600.0,-740.2606980277684,3.6611052,42.327557,0.2694982071133608
2600.0,-740.2540784168903,3.6605837,42.327557,0.2691790640605579
2600.0,-740.2539198852633,3.6603432,42.277649,0.2688599210761022
2600.0,-740.2618921626129,3.6603029,42.340057,0.2685407778646378
2600.0,-740.2543447123625,3.6601024,42.265144,0.2682216346970278
2600.0,-740.2603466706425,3.6597815,42.290115,0.2679024921518592
2600.0,-740.2544585055839,3.6599419,42.40247,0.26758334893519
2600.0,-740.2605884810613,3.6595006,42.31509,0.2672642062857714
2600.0,-740.252976298319,3.6593001,42.31509,0.2669450637081209
2600.0,-740.2611332837799,3.6589792,42.352524,0.2666259208238259
2600.0,-740.2532841093945,3.6588991,42.31509,0.26630677811347
2600.0,-740.2615274510537,3.6587386,42.340057,0.2659876350592408
2600.0,-740.2526349421877,3.6588991,42.40247,0.2656684926287578
2600.0,-740.2600135516219,3.6584177,42.31509,0.2653493502272041
2600.0,-740.2515073718889,3.6582172,42.352524,0.2650302082828465
2600.0,-740.2524426213747,3.6578963,42.277649,0.2647110659352781
2600.0,-740.2603677036856,3.6576555,42.31509,0.2643919233810416
2600.0,-740.2523059888008,3.6576955,42.340057,0.2640727810923792
2600.0,-740.261024164765,3.6574149,42.352524,0.2637536382551279
2600.0,-740.2535112683541,3.6572142,42.365032,0.2634344954468376
2600.0,-740.260548857118,3.6567731,42.327557,0.2631153528145019
2600.0,-740.2550643379791,3.6564922,42.377499,0.2627962093366423
2600.0,-740.2625135402441,3.6564922,42.31509,0.2624770658572884
2600.0,-740.2539973020939,3.6563318,42.365032,0.2621579228394562
2600.0,-740.2605579755567,3.6560109,42.340057,0.2618387802031893
2600.0,-740.2535422747038,3.6559708,42.302624,0.2615196373815314
2600.0,-740.2617792103298,3.65573,42.340057,0.2612004942187633
2600.0,-740.2539584954536,3.6554894,42.265144,0.2608813512176616
2600.0,-740.2546506315839,3.6556098,42.365032,0.2605622079181618
2600.0,-740.2603240753974,3.6550081,42.340057,0.2602430653827345
2600.0,-740.2531616731939,3.6550882,42.340057,0.2599239227251639
2600.0,-740.2607545588551,3.6547272,42.377499,0.2596047800041456
2600.0,-740.2535947217233,3.6544464,42.365032,0.2592856371598764
2600.0,-740.2619527344699,3.6541657,42.40247,0.2589664939222982
2600.0,-740.2537386843359,3.6539249,42.377499,0.258647351015963
2600.0,-740.2599361340125,3.6538849,42.340057,0.2583282086477856
2600.0,-740.2525265200304,3.6538849,42.352524,0.2580090662640464
2600.0,-740.2603623569191,3.6533232,42.390003,0.257689923712115
2600.0,-740.2532104034213,3.653203,42.290115,0.2573707810335355
2600.0,-740.2614830295909,3.6529622,42.390003,0.2570516379984575
2600.0,-740.2534952042738,3.6526814,42.377499,0.2567324951970929
2600.0,-740.2625585725496,3.6526814,42.327557,0.2564133516983245
2600.0,-740.2538030030711,3.6522803,42.352524,0.2560942087642597
2600.0,-740.2527711601704,3.6520798,42.40247,0.2557750662750497
2600.0,-740.2599974624142,3.651799,42.302624,0.2554559238804323
2600.0,-740.2518799287736,3.6517189,42.414974,0.2551367817754556
2600.0,-740.2594871325056,3.6515584,42.377499,0.2548176396008527
2600.0,-740.2519512908533,3.6511571,42.302624,0.2544984974651099
2600.0,-740.2604758459662,3.6510367,42.414974,0.2541793548642509
2600.0,-740.2546813199303,3.6507561,42.327557,0.2538602115515205
2600.0,-740.2617022197986,3.6506758,42.377499,0.2535410684219448
2600.0,-740.2528170338928,3.6504352,42.390003,0.2532219259129573
2600.0,-740.2595957389038,3.6498334,42.327557,0.2529027836915318
2600.0,-740.2518761688035,3.6498735,42.390003,0.2525836415881761
2600.0,-740.2595070424985,3.6496329,42.377499,0.2522644994049896
2600.0,-740.2519756068546,3.649673,42.340057,0.2519453572587635
2600.0,-740.2523099806227,3.6491916,42.31509,0.2516262149683801
2600.0,-740.259642809398,3.6491516,42.414974,0.2513070727266615
2600.0,-740.2529498823498,3.6487906,42.365032,0.2509879301603995
2600.0,-740.2594691755721,3.6485498,42.327557,0.2506687879935383
2600.0,-740.2511013804515,3.6483893,42.340057,0.2503496462242143
2600.0,-740.2589226152227,3.6481888,42.340057,0.2500305042929873
2600.0,-740.2513213129181,3.6477876,42.427441,0.2497113624288445
2600.0,-740.2589720296338,3.647507,42.40247,0.2493922204763138
2600.0,-740.2522359820211,3.6473062,42.352524,0.2490730782178332
2600.0,-740.2600080339831,3.6470656,42.439945,0.2487539358186582
2600.0,-740.25298909028,3.6468651,42.377499,0.2484347932354927
2600.0,-740.2599406873996,3.6463435,42.365032,0.2481156508653523
2600.0,-740.2508924209421,3.6463034,42.414974,0.2477965091861163
2600.0,-740.2513562863288,3.6461029,42.390003,0.2474773673068956
2600.0,-740.2586214542229,3.6459024,42.40247,0.2471582255055057
2600.0,-740.2503728797992,3.6457016,42.290115,0.2468390840502575
2600.0,-740.258412651615,3.645381,42.340057,0.246519942338887
2600.0,-740.2508303853236,3.6451001,42.377499,0.2462008006863962
2600.0,-740.2596884885625,3.6448193,42.365032,0.2458816584249842
2600.0,-740.2526784601479,3.6446989,42.377499,0.2455625159757396
2600.0,-740.260312246536,3.6443779,42.40247,0.2452433734454119
2600.0,-740.2532710966319,3.6441774,42.377499,0.244924230740666
2600.0,-740.2605323044065,3.644057,42.365032,0.2446050881154665
2600.0,-740.2531881865697,3.6435356,42.377499,0.2442859454464653
2600.0,-740.2608810610002,3.643616,42.290115,0.2439668026709092
2600.0,-740.2533336696229,3.6430943,42.427441,0.2436476599391864
2600.0,-740.2545117887435,3.6429338,42.390003,0.2433285166995454
2600.0,-740.2622075209473,3.6426129,42.377499,0.2430093733521232
2600.0,-740.2537311529361,3.6423724,42.365032,0.2426902304490349
2600.0,-740.2598985973709,3.6421719,42.327557,0.2423710880970405
2600.0,-740.2526747738465,3.6418109,42.40247,0.2420519456493851
2600.0,-740.2604165929972,3.6413696,42.477386,0.2417328030740713
2600.0,-740.2520358973427,3.6416905,42.40247,0.2414136609018524
2600.0,-740.2606680833796,3.6411288,42.40247,0.2410945182181156
2600.0,-740.2534966449067,3.6408079,42.40247,0.2407753754161299
2600.0,-740.2615528543334,3.6406474,42.439945,0.2404562323509488
2600.0,-740.2530910191526,3.6403668,42.427441,0.2401370897238391
2600.0,-740.2609605413547,3.640126,42.377499,0.2398179469140172
2600.0,-740.2537524176195,3.6398051,42.40247,0.2394988040017611
2600.0,-740.2526966485478,3.6395645,42.390003,0.239179661544675
2600.0,-740.2607784603009,3.6393638,42.414974,0.2388605188133523
2600.0,-740.2548065629094,3.6392033,42.414974,0.2385413754466264
2600.0,-740.2624605860148,3.6387622,42.390003,0.2382222319901022
2600.0,-740.254103869027,3.6387622,42.427441,0.2379030889263262
2600.0,-740.2624164569788,3.6381204,42.40247,0.237583945488827
2600.0,-740.2551669986278,3.6377192,42.40247,0.2372648019667078
2600.0,-740.2610649854279,3.6377192,42.489887,0.2369456591118577
2600.0,-740.2546959310996,3.6374385,42.365032,0.2366265157928281
2600.0,-740.2629076833705,3.6370373,42.365032,0.2363073721435504
2600.0,-740.2539937129944,3.6367967,42.40247,0.2359882291272656
2600.0,-740.2612695757791,3.6367564,42.390003,0.2356690861842121
2600.0,-740.2550835151773,3.6363955,42.477386,0.2353499426980848
2600.0,-740.2551678892008,3.6359944,42.302624,0.2350307991755817
2600.0,-740.2616076885666,3.635834,42.427441,0.2347116560867603
2600.0,-740.2542679546623,3.635473,42.439945,0.2343925129522427
2600.0,-740.2608475039425,3.6350718,42.439945,0.2340733701911537
2600.0,-740.2547211266236,3.6349113,42.340057,0.2337542268612617
2600.0,-740.2618713739068,3.6347909,42.390003,0.2334350836587598
2600.0,-740.256340845576,3.6345103,42.390003,0.2331159396305642
2600.0,-740.261939135495,3.6339886,42.377499,0.2327967963988488
2600.0,-740.2556607579663,3.6336277,42.377499,0.2324776526638569
2600.0,-740.2634844443148,3.6334271,42.40247,0.2321585087659249
2600.0,-740.2569043561047,3.6333871,42.40247,0.231839364494785
2600.0,-740.2632650824162,3.6330662,42.439945,0.2315202206914247
2600.0,-740.2552023256485,3.6327853,42.352524,0.2312010771540751
2600.0,-740.2541072015139,3.6325445,42.439945,0.2308819340888623
2600.0,-740.2621493904146,3.6322238,42.414974,0.2305627907665014
2600.0,-740.2550089423688,3.6320634,42.390003,0.2302436473125244
2600.0,-740.2620943245319,3.6315017,42.365032,0.2299245040139036
2600.0,-740.2550218333732,3.6313412,42.377499,0.229605360554369
2600.0,-740.2608356867455,3.6309803,42.377499,0.2292862177983747
2600.0,-740.2533008817178,3.6306193,42.452412,0.2289670750807876
2600.0,-740.2593649150588,3.6303384,42.340057,0.2286479329588754
2600.0,-740.2517225443324,3.6300576,42.46492,0.2283287909217512
2600.0,-740.2606860032737,3.6297367,42.427441,0.2280096482302888
2600.0,-740.2534524436691,3.6296163,42.352524,0.2276905054473594
2600.0,-740.2618683954092,3.6292553,42.40247,0.2273713622461416
2600.0,-740.255183636301,3.6291349,42.439945,0.2270522187168495
2600.0,-740.2553395930013,3.6287339,42.352524,0.2267330751203203
2600.0,-740.2629906427658,3.6282525,42.352524,0.2264139314352769
2600.0,-740.2554916425986,3.6282525,42.414974,0.2260947877731951
2600.0,-740.2619583740726,3.6276507,42.439945,0.2257756445331856
2600.0,-740.2548069658365,3.6274102,42.439945,0.225456501166286
2600.0,-740.2615501934331,3.6270492,42.439945,0.2251373581022521
2600.0,-740.2540660634628,3.6268485,42.390003,0.224818215054775
2600.0,-740.2603456574826,3.6266079,42.340057,0.2244990725100431
2600.0,-740.2521368734331,3.6263671,42.377499,0.2241799302942908
2600.0,-740.259475230384,3.625926,42.414974,0.2238607881248192
2600.0,-740.2520350184338,3.6254847,42.340057,0.2235416459529792
2600.0,-740.2583191331337,3.6254046,42.377499,0.2232225042819266
2600.0,-740.2501628224212,3.6250434,42.340057,0.2229033629172397
2600.0,-740.2491445648527,3.6248429,42.414974,0.2225842219915505
2600.0,-740.2579377956029,3.6244419,42.414974,0.2222650804849009
2600.0,-740.2513553828637,3.6240406,42.377499,0.2219459386060697
2600.0,-740.2595258660714,3.6238,42.390003,0.2216267964147679
2600.0,-740.25218480988,3.6235993,42.327557,0.2213076541783489
2600.0,-740.2591386077662,3.6232383,42.40247,0.2209885121540027
2600.0,-740.251500926489,3.622797,42.414974,0.2206693702124239
2600.0,-740.258266044253,3.6225965,42.427441,0.2203502285642591
2600.0,-740.2529800822315,3.6221955,42.40247,0.2200310859849772
2600.0,-740.2612108112796,3.6218345,42.390003,0.2197119430672584
2600.0,-740.2536861699913,3.6216741,42.340057,0.2193928001835635
2600.0,-740.2618610957878,3.6213129,42.427441,0.2190736569854927
2600.0,-740.2547809159598,3.6212728,42.414974,0.2187545136298239
2600.0,-740.2549881788374,3.620631,42.365032,0.2184353701847986
2600.0,-740.2621276253835,3.6204305,42.365032,0.2181162268718211
2600.0,-740.2561023577981,3.62027,42.439945,0.2177970829464439
2600.0,-740.2644550913609,3.6196682,42.377499,0.2174779386300445
2600.0,-740.2570161232314,3.6193874,42.327557,0.2171587943107189
2600.0,-740.2646492335396,3.6189463,42.40247,0.2168396499106205
2600.0,-740.2566271234864,3.618866,42.340057,0.2165205057590029
2600.0,-740.2638255834851,3.6184649,42.390003,0.2162013617139983
2600.0,-740.2551585881145,3.618104,42.427441,0.215882218195505
2600.0,-740.2630890070612,3.6177428,42.377499,0.2155630744680547
2600.0,-740.2561425925886,3.6176226,42.377499,0.2152439305253312
2600.0,-740.2639747784874,3.6172614,42.427441,0.2149247864160053
2600.0,-740.2572304900256,3.6169808,42.452412,0.2146056420042605
2600.0,-740.2563072031136,3.6166196,42.427441,0.2142864979905691
2600.0,-740.2622315932654,3.616379,42.365032,0.2139673546327687
2600.0,-740.2562434461024,3.6160581,42.327557,0.2136482106465645
2600.0,-740.2643914188377,3.6156569,42.390003,0.2133290663576158
2600.0,-740.2550557811516,3.6152158,42.40247,0.2130099228834454
2600.0,-740.2626560949667,3.6150153,42.40247,0.2126907793426329
2600.0,-740.25487014905,3.6146541,42.40247,0.2123716359484934
2600.0,-740.2625303131454,3.614213,42.40247,0.2120524924619083
2600.0,-740.2549094310583,3.6137717,42.365032,0.2117333490508333
2600.0,-740.2626890420003,3.6137316,42.390003,0.2114142054958167
2600.0,-740.2541084217545,3.6134107,42.390003,0.2110950624300779
2600.0,-740.2613274990141,3.6130495,42.377499,0.2107759194620524
2600.0,-740.2554755905917,3.612849,42.365032,0.2104567758068911
2600.0,-740.2538610108518,3.6122472,42.414974,0.2101376328478176
2600.0,-740.2632873731608,3.6118863,42.352524,0.2098184890348473
2600.0,-740.2546310148291,3.6117661,42.352524,0.2094993457438048
2600.0,-740.2640066880092,3.6112847,42.477386,0.2091802016207219
2600.0,-740.2562133434225,3.6111643,42.377499,0.2088610576474959
2600.0,-740.2634007891522,3.6106026,42.365032,0.2085419137856294
2600.0,-740.2569299295902,3.6104021,42.414974,0.2082227695034642
2600.0,-740.264236584642,3.6099608,42.414974,0.2079036252812678
2600.0,-740.257462251439,3.6097202,42.439945,0.2075844807696046
2600.0,-740.2643808599562,3.609319,42.390003,0.207265336485208
2600.0,-740.2566471306855,3.6087976,42.414974,0.2069461923249649
2600.0,-740.264620351833,3.6087976,42.414974,0.206627047937318
2600.0,-740.2566392812823,3.6083162,42.377499,0.2063079037804589
2600.0,-740.2552044250026,3.6079152,42.31509,0.2059887602422042
2600.0,-740.2638911235294,3.6077547,42.352524,0.2056696161689438
2600.0,-740.2547571011105,3.6073134,42.40247,0.2053504728235422
2600.0,-740.2622496834177,3.6068721,42.439945,0.2050313294579427
2600.0,-740.2559952295503,3.6067519,42.439945,0.2047121855787513
2600.0,-740.2638633034818,3.6063507,42.340057,0.2043930415174847
2600.0,-740.2551191716608,3.6057088,42.452412,0.204073898015985
2600.0,-740.2641044915981,3.6054683,42.365032,0.2037547538507369
2600.0,-740.2555991132014,3.6053879,42.377499,0.2034356101423217
2600.0,-740.2625078155122,3.6049469,42.377499,0.2031164666654358
2600.0,-740.256046986744,3.604706,42.352524,0.2027973227639305
2600.0,-740.2623844993672,3.6040642,42.327557,0.2024781793402089
2600.0,-740.2559797632099,3.6040642,42.377499,0.2021590354676855
2600.0,-740.2557704502952,3.6035028,42.390003,0.2018398916854023
2600.0,-740.2633407667466,3.6031818,42.390003,0.2015207478494128
2600.0,-740.2559018826754,3.6027405,42.40247,0.2012016040104657
2600.0,-740.2626442906619,3.6026201,42.31509,0.2008824604747424
2600.0,-740.2542164411893,3.6021388,42.327557,0.2005633173624335
2600.0,-740.2605178144403,3.6016977,42.327557,0.200244174743481
2600.0,-740.252367133437,3.6013365,42.352524,0.1999250324284575
2600.0,-740.2621004646776,3.6009355,42.352524,0.1996058891271895
2600.0,-740.2548745804288,3.6006145,42.352524,0.1992867457311395
2600.0,-740.2632909739608,3.600414,42.340057,0.1989676019166167
2600.0,-740.2548609815906,3.5999327,42.327557,0.1986484585264296
2600.0,-740.2621031499298,3.5994914,42.40247,0.1983293152240039
2600.0,-740.2557859653389,3.5992908,42.352524,0.1980101714350318
2600.0,-740.255811343807,3.5992105,42.427441,0.1976910276351184
2600.0,-740.2621248173489,3.5985286,42.377499,0.1973718843233515
2600.0,-740.2545273408261,3.5981677,42.377499,0.1970527410770056
2600.0,-740.2635532683804,3.5978868,42.377499,0.196733597149402
2600.0,-740.2533513570755,3.5974054,42.390003,0.1964144544100537
2600.0,-740.261220613412,3.5970845,42.340057,0.196095311488109
2600.0,-740.2557881991385,3.5967636,42.40247,0.1957761676981739
2600.0,-740.2632139721746,3.5965631,42.352524,0.1954570239168483
2600.0,-740.2539963247555,3.5962021,42.377499,0.1951378808994375
2600.0,-740.2615318579204,3.5955603,42.365032,0.1948187378433084
2600.0,-740.2544312596136,3.5953598,42.302624,0.1944995946383857
2600.0,-740.2618584097171,3.5949585,42.340057,0.194180451441473
2600.0,-740.2553041317399,3.5946376,42.31509,0.193861307860232
2600.0,-740.2622186538368,3.5944772,42.340057,0.1935421645080101
2600.0,-740.255016705825,3.5939157,42.302624,0.1932230210506861
2600.0,-740.2558170564076,3.5932336,42.302624,0.1929038772483098
2600.0,-740.2620543463612,3.5931935,42.327557,0.1925847339669245
2600.0,-740.2548383624257,3.5928326,42.365032,0.192265590586489
2600.0,-740.2623078139504,3.5923512,42.327557,0.1919464471958282
2600.0,-740.254649984527,3.5920703,42.327557,0.1916273038966074
2600.0,-740.2633173042481,3.5917494,42.302624,0.1913081600707331
2600.0,-740.2550009349872,3.5914285,42.377499,0.1909890166202083
2600.0,-740.2642366333458,3.5909071,42.340057,0.190669872397991
2600.0,-740.2558455473795,3.5905061,42.390003,0.1903507285833315
2600.0,-740.262754728565,3.5902653,42.377499,0.190031584999996
2600.0,-740.255372307647,3.5901048,42.290115,0.1897124413893626
2600.0,-740.2638883895736,3.589503,42.265144,0.1893932973172808
2600.0,-740.2564358765999,3.589102,42.365032,0.1890741532481149
2600.0,-740.2535765881655,3.5886607,42.290115,0.1887550104116636
2600.0,-740.2616266828071,3.5884202,42.365032,0.1884358673146534
2600.0,-740.2546153896916,3.5879388,42.31509,0.1881167240303473
2600.0,-740.2624818871328,3.587698,42.302624,0.1877975805646398
2600.0,-740.2542447614952,3.587337,42.352524,0.1874784374401213
2600.0,-740.2625220488633,3.5870161,42.327557,0.1871592939570991
2600.0,-740.2555064256616,3.5864947,42.265144,0.1868401502886439
2600.0,-740.2613876802185,3.5861738,42.31509,0.1865210072946731
2600.0,-740.2544341036358,3.585933,42.302624,0.1862018640885242
2600.0,-740.2621390511091,3.5856121,42.240173,0.1858827207706208
2600.0,-740.255063519847,3.585211,42.252678,0.185563577293114
2600.0,-740.261097224416,3.5847297,42.327557,0.185244434424365
2600.0,-740.2557145299998,3.5846093,42.340057,0.1849252906661906
2600.0,-740.2547928302397,3.5842083,42.252678,0.1846061473053852
2600.0,-740.2614278411303,3.5835264,42.340057,0.1842870042941001
2600.0,-740.2543778174523,3.5831251,42.302624,0.1839678611122177
2600.0,-740.2623334370109,3.5826838,42.302624,0.1836487177105102
2600.0,-740.2525372987888,3.5824032,42.377499,0.183329575322124
2600.0,-740.2612961999257,3.582042,42.327557,0.1830104323675923
2600.0,-740.2540796989308,3.5816009,42.277649,0.1826912893142366
2600.0,-740.261709459052,3.58128,42.290115,0.1823721461815398
2600.0,-740.2553245658083,3.5809991,42.302624,0.1820530025914892
2600.0,-740.2631840640067,3.5805981,42.302624,0.1817338588230577
2600.0,-740.2558939117189,3.5802369,42.302624,0.1814147149875471
2600.0,-740.2627082439477,3.5798359,42.352524,0.1810955714242521
2600.0,-740.2545231048742,3.5792742,42.352524,0.1807764281797325
2600.0,-740.2554248457292,3.5791137,42.302624,0.1804572845464486
2600.0,-740.2642228641125,3.5786324,42.327557,0.1801381403301675
2600.0,-740.257669941186,3.5781512,42.277649,0.1798189957289637
2600.0,-740.2646292989901,3.5780308,42.302624,0.1794998513374596
2600.0,-740.2564172244961,3.5775094,42.277649,0.179180707276335
2600.0,-740.2647715973021,3.5770681,42.265144,0.1788615628234829
2600.0,-740.2566151854688,3.5767071,42.340057,0.1785424186770122
2600.0,-740.2644191535516,3.5763862,42.265144,0.1782232743761064
2600.0,-740.2560893937389,3.5761454,42.277649,0.1779041304563183
2600.0,-740.2639477647111,3.5758646,42.277649,0.1775849863586386
2600.0,-740.2555545333882,3.5753431,42.265144,0.1772658426694429
2600.0,-740.2632264350027,3.5747416,42.265144,0.1769466988827444
2600.0,-740.2548255076417,3.5743003,42.240173,0.1766275555078509
2600.0,-740.2552860779899,3.5742199,42.377499,0.1763084119343934
2600.0,-740.2631889106394,3.5738189,42.31509,0.1759892681638724
2600.0,-740.2558847440548,3.5732975,42.302624,0.1756701243323142
2600.0,-740.2625923982962,3.5729766,42.327557,0.1753509808189629
2600.0,-740.2565917477625,3.5724549,42.290115,0.1750318366825967
2600.0,-740.2638858623014,3.5722144,42.277649,0.1747126926116045
2600.0,-740.2560878802557,3.571733,42.414974,0.1743935486924689
2600.0,-740.2625554109014,3.5714521,42.302624,0.1740744051950637
2600.0,-740.255539604011,3.5708506,42.290115,0.1737552615123044
2600.0,-740.2635563318025,3.5707703,42.240173,0.1734361175833801
2600.0,-740.2565468380773,3.5702889,42.252678,0.1731169734663757
2600.0,-740.2634344440266,3.5698879,42.340057,0.1727978295899999
2600.0,-740.2551049511404,3.5693662,42.277649,0.1724786860946309
2600.0,-740.2541475200002,3.5691657,42.265144,0.1721595430120358
2600.0,-740.2624882353948,3.5689652,42.290115,0.1718403995435914
2600.0,-740.2539547604491,3.5683234,42.252678,0.1715212565441
2600.0,-740.262151416939,3.567802,42.277649,0.1712021132208654
2600.0,-740.2547615316707,3.5676014,42.31509,0.1708829698735537
2600.0,-740.2633150217223,3.5671601,42.227707,0.1705638260486634
2600.0,-740.2553454398428,3.5667992,42.240173,0.1702446824496135
2600.0,-740.2627223062218,3.566438,42.265144,0.169925538880256
2600.0,-740.2555142259522,3.5659969,42.240173,0.1696063952084379
2600.0,-740.2644170175462,3.5657561,42.277649,0.1692872509084529
2600.0,-740.2565090820349,3.5650742,42.240173,0.1689681068077262
2600.0,-740.2641703488305,3.5647533,42.302624,0.1686489626140856
2600.0,-740.2540911126725,3.5643923,42.252678,0.1683298195558092
2600.0,-740.254576815517,3.5640314,42.227707,0.1680106762881334
2600.0,-740.2630556818577,3.56355,42.215202,0.1676915325750503
2600.0,-740.254069432784,3.5633092,42.252678,0.1673723895261207
2600.0,-740.261723058027,3.5628679,42.340057,0.167053246387561
2600.0,-740.2547352131079,3.5625069,42.277649,0.1667341030515959
2600.0,-740.2615480439217,3.5619454,42.252678,0.1664149599884888
2600.0,-740.2543771466577,3.5615041,42.202736,0.1660958168068955
2600.0,-740.2610717847107,3.5612636,42.31509,0.1657766739491142
2600.0,-740.2530615271046,3.5609827,42.227707,0.1654575313347193
2600.0,-740.2592698462443,3.5604613,42.240173,0.1651383892537933
2600.0,-740.2536983895872,3.5601001,42.240173,0.1648192463648301
2600.0,-740.2611647662235,3.5595787,42.215202,0.1645001034669624
2600.0,-740.2534684952666,3.5593781,42.252678,0.1641809606771128
2600.0,-740.2546725549886,3.5588968,42.227707,0.1638618173681612
2600.0,-740.2625174465677,3.5586159,42.252678,0.1635426738871232
2600.0,-740.255215033095,3.5583353,42.252678,0.1632235303442951
2600.0,-740.2622480119393,3.5576935,42.252678,0.1629043869794162
2600.0,-740.2546274987843,3.5573726,42.265144,0.1625852436898896
2600.0,-740.2614123991907,3.5567708,42.240173,0.1622661006852619
2600.0,-740.253248501614,3.5563295,42.265144,0.1619469579902573
2600.0,-740.2618777094813,3.5559685,42.240173,0.161627814785024
2600.0,-740.2554385910863,3.5556476,42.227707,0.1613086711458141
2600.0,-740.2611822590393,3.5553668,42.202736,0.1609895282404048
2600.0,-740.254283384373,3.5548453,42.215202,0.1606703850992351
2600.0,-740.2614109098396,3.5546048,42.240173,0.1603512420952494
2600.0,-740.2564154793657,3.5540431,42.152794,0.1600320980348772
2600.0,-740.2549629587571,3.5537622,42.215202,0.1597129546007249
2600.0,-740.2630205501151,3.5533612,42.277649,0.1593938109027879
2600.0,-740.2540986563505,3.5527995,42.190228,0.1590746678412592
2600.0,-740.2618534656771,3.5523584,42.227707,0.158755524646478
2600.0,-740.2527784230886,3.5521576,42.215202,0.1584363821541366
2600.0,-740.2605308273337,3.5516362,42.190228,0.1581172395295739
2600.0,-740.2540779042787,3.5512753,42.190228,0.157798096476992
2600.0,-740.2628468796592,3.5507138,42.190228,0.1574789528539281
2600.0,-740.2552689512381,3.5503929,42.215202,0.1571598092878544
2600.0,-740.2613828458641,3.5498712,42.202736,0.1568406662959677
2600.0,-740.2544709081238,3.5493898,42.16526,0.1565215230739515
2600.0,-740.261884008221,3.5491893,42.16526,0.1562023798660027
2600.0,-740.2542377543713,3.5487883,42.215202,0.1558832367445052
2600.0,-740.255010908096,3.5483069,42.177765,0.1555640932896807
2600.0,-740.2621649299662,3.5480661,42.215202,0.1552449499606203
2600.0,-740.2543852514457,3.5476251,42.227707,0.1549258067755329
2600.0,-740.2626841102385,3.5472238,42.16526,0.1546066632226425
2600.0,-740.2550314649457,3.5469429,42.215202,0.1542875197589555
2600.0,-740.2606633349731,3.5463011,42.215202,0.1539683770772658
2600.0,-740.2550932680984,3.5459402,42.177765,0.1536492335869337
2600.0,-740.2632814280346,3.5455792,42.190228,0.1533300897765264
2600.0,-740.2541797590733,3.5452983,42.252678,0.1530109466800322
2600.0,-740.2606996028626,3.5450177,42.16526,0.1526918039827067
2600.0,-740.2534979140552,3.5442955,42.127819,0.1523726611801738
2600.0,-740.2624886381213,3.5438142,42.202736,0.1520535177115557
2600.0,-740.2539972898159,3.5433328,42.140285,0.1517343746937288
2600.0,-740.2546041470249,3.5431323,42.140285,0.1514152314142698
2600.0,-740.2624370019616,3.5424101,42.215202,0.1510960879679132
2600.0,-740.2558447173784,3.54229,42.115353,0.1507769441536116
2600.0,-740.2610192575597,3.5419288,42.215202,0.1504578013184758
2600.0,-740.2546890952555,3.5415678,42.190228,0.1501386580023933
2600.0,-740.2630931333701,3.5408058,42.16526,0.1498195142731641
2600.0,-740.256254139937,3.5408058,42.16526,0.1495003702823495
2600.0,-740.2625042871539,3.5400035,42.16526,0.1491812268069848
2600.0,-740.2547953079646,3.5396826,42.152794,0.1488620834451113
2600.0,-740.262340810097,3.5392814,42.202736,0.1485429400402251
2600.0,-740.2541229846298,3.5390005,42.190228,0.1482237969682078
2600.0,-740.2615683451813,3.538439,42.177765,0.1479046538963483
2600.0,-740.2541917097783,3.5379977,42.127819,0.1475855107947018
2600.0,-740.255090375373,3.5377171,42.202736,0.1472663673056169
2600.0,-740.2622435197387,3.5372758,42.177765,0.1469472239426748
2600.0,-740.2549236032847,3.5369549,42.202736,0.1466280805254897
2600.0,-740.262018701388,3.5363932,42.102848,0.1463089372594717
2600.0,-740.254592025654,3.5359521,42.177765,0.1459897939852385
2600.0,-740.2613646695594,3.5354304,42.215202,0.1456706510011881
2600.0,-740.2537598882425,3.5349894,42.177765,0.1453515080857112
2600.0,-740.2607321954641,3.5348289,42.140285,0.1450323653743343
2600.0,-740.2523371044258,3.534508,42.127819,0.1447132230722571
2600.0,-740.2593538429467,3.534147,42.140285,0.1443940809551182
2600.0,-740.2535088276682,3.5335052,42.227707,0.1440749381478802
2600.0,-740.2602915312949,3.5331843,42.16526,0.1437557956264833
2600.0,-740.2519868861509,3.5329034,42.16526,0.1434366534753945
2600.0,-740.2519251067358,3.5321813,42.140285,0.1431175113509403
2600.0,-740.2606023972243,3.5316598,42.202736,0.1427983686955223
2600.0,-740.2530764073693,3.5315797,42.190228,0.142479226074712
2600.0,-740.2595336660312,3.5310583,42.177765,0.1421600838800475
2600.0,-740.2532513579145,3.5305367,42.102848,0.1418409411838115
2600.0,-740.2601189597419,3.5299752,42.115353,0.141521798736814
2600.0,-740.2533444850109,3.5297747,42.027935,0.1412026560004285
2600.0,-740.2618328726045,3.5293334,42.115353,0.1408835128145254
2600.0,-740.2545909390403,3.5288119,42.202736,0.1405643695407606
2600.0,-740.2625338777245,3.5285311,42.127819,0.1402452260526388
2600.0,-740.2543735450753,3.5281301,42.127819,0.1399260828725983
2600.0,-740.2611878374553,3.5275283,42.140285,0.139606939964784
2600.0,-740.2539123776012,3.527127,42.16526,0.139287796983565
2600.0,-740.2536357069116,3.5266457,42.115353,0.1389686541216261
2600.0,-740.2617775378282,3.5264852,42.16526,0.138649510959579
2600.0,-740.2534718893487,3.5259237,42.140285,0.1383303681682661
2600.0,-740.2616623637966,3.5252819,42.077877,0.1380112250558731
2600.0,-740.2538101565093,3.5252419,42.115353,0.1376920821187243
2600.0,-740.2613869476165,3.5247204,42.127819,0.1373729391250692
2600.0,-740.2547185140439,3.5241587,42.190228,0.1370537957963035
2600.0,-740.262410158853,3.5236773,42.102848,0.1367346523615196
2600.0,-740.2557385656506,3.5233564,42.152794,0.1364155085929828
2600.0,-740.2630131156377,3.5227547,42.102848,0.1360963648982509
2600.0,-740.2547016193487,3.5223136,42.027935,0.1357772215767689
2600.0,-740.2624120877653,3.5220728,42.102848,0.1354580781411534
2600.0,-740.2554762865566,3.5216315,42.102848,0.135138934485692
2600.0,-740.262074756488,3.5210299,42.140285,0.1348197911955074
2600.0,-740.2553195244116,3.520709,42.102848,0.1345006476076303
2600.0,-740.2542708357234,3.5201073,42.177765,0.1341815044718705
2600.0,-740.2627965744613,3.5198264,42.115353,0.1338623608704943
2600.0,-740.2536965462318,3.5191846,42.140285,0.1335432179823259
2600.0,-740.2631861758649,3.5187836,42.090382,0.133224074212984
2600.0,-740.2554137135656,3.5184627,42.127819,0.1329049305844994
2600.0,-740.2630734922708,3.5180213,42.127819,0.1325857868637378
2600.0,-740.256063661661,3.5174599,42.102848,0.1322666429550435
2600.0,-740.2619602172417,3.5172594,42.115353,0.1319474997142393
2600.0,-740.2538292117447,3.5168581,42.077877,0.1316283567688753
2600.0,-740.2623508320099,3.5161762,42.027935,0.1313092133596685
2600.0,-740.2549475660853,3.5158553,42.102848,0.1309900699321524
2600.0,-740.2622142709125,3.5154541,42.077877,0.1306709265818201
2600.0,-740.2548168536124,3.5147321,42.177765,0.1303517832106576
2600.0,-740.2544231666944,3.5144513,42.177765,0.130032640009224
2600.0,-740.2630799129744,3.5140102,42.077877,0.1297134962856943
2600.0,-740.2555417526822,3.5135689,42.090382,0.1293943526020087
2600.0,-740.2625658846538,3.5131676,42.04044,0.129075209100088
2600.0,-740.2553488699407,3.5126863,42.090382,0.1287560654995592
2600.0,-740.2624627588549,3.5123653,42.090382,0.1284369220420982
2600.0,-740.2547566859054,3.511884,42.115353,0.1281177786968757
2600.0,-740.2625135768741,3.511162,42.002964,0.1277986352175059
2600.0,-740.2541177111766,3.5106807,42.127819,0.1274794921477622
2600.0,-740.2615549291522,3.5103998,42.127819,0.1271603490816867
2600.0,-740.2546005094268,3.5099988,42.052906,0.1268412058037959
2600.0,-740.2595915886524,3.5094371,42.102848,0.1265220635841596
2600.0,-740.2525537784835,3.5091965,42.090382,0.1262029211886685
2600.0,-740.2529406657777,3.5085146,42.115353,0.1258837786263801
2600.0,-740.2595437366479,3.5081937,42.002964,0.1255646364273739
2600.0,-740.2523270826136,3.5079129,42.052906,0.1252454941296174
2600.0,-740.2595852285214,3.5071106,42.140285,0.1249263519127232
2600.0,-740.2517682594626,3.5067897,42.090382,0.12460720985589
2600.0,-740.2601984642437,3.5060678,42.115353,0.1242880673746164
2600.0,-740.2528817066473,3.5061078,42.140285,0.1239689248377468
2600.0,-740.2610378611474,3.5055461,42.04044,0.1236497819945906
2600.0,-740.2553196095399,3.5049043,42.04044,0.1233306384066768
2600.0,-740.2634277302823,3.5045836,42.077877,0.1230114945331954
2600.0,-740.2553959401661,3.5041823,42.115353,0.1226923509123734
2600.0,-740.262705167838,3.5035806,42.090382,0.1223732073504046
2600.0,-740.2550914738556,3.5030992,42.065411,0.1220540638608461
2600.0,-740.2561376725407,3.5027783,42.027935,0.1217349199202438
2600.0,-740.2633783643702,3.5022569,42.027935,0.1214157760680451
2600.0,-740.2563582285312,3.5016954,42.065411,0.1210966320323553
2600.0,-740.262843839975,3.5011337,42.052906,0.1207774884106019
2600.0,-740.2548052692047,3.5007327,41.990498,0.1204583450444337
2600.0,-740.2619316645921,3.5004518,42.065411,0.1201392018159392
2600.0,-740.2541957500988,3.49981,42.102848,0.1198200587125509
2600.0,-740.261585081248,3.4993687,42.065411,0.1195009156334761
2600.0,-740.2537743903412,3.4990478,42.065411,0.119181772711747
2600.0,-740.2623881488709,3.4984462,42.102848,0.118862629286452
2600.0,-740.2552906916986,3.4978845,42.027935,0.1185434857110055
2600.0,-740.2624445461247,3.4974835,42.04044,0.1182243422613964
2600.0,-740.2555477951552,3.4968417,42.052906,0.1179051985751058
2600.0,-740.2556750402866,3.4966812,42.027935,0.1175860548339564
2600.0,-740.2624353300739,3.4958789,42.102848,0.1172669113883206
2600.0,-740.2555580490238,3.4955981,42.140285,0.1169477676976093
2600.0,-740.2619482905637,3.4949963,42.140285,0.1166286244619469
2600.0,-740.2542803569975,3.4945552,42.052906,0.1163094813220823
2600.0,-740.2627310953989,3.4939134,42.065411,0.1159903377489355
2600.0,-740.2548083452834,3.4938331,41.990498,0.1156711943814412
2600.0,-740.2627670207254,3.4929907,42.027935,0.1153520507928063
2600.0,-740.2555715864713,3.4927902,42.002964,0.1150329070962586
2600.0,-740.2629754815888,3.4920681,42.002964,0.1147137634177516
2600.0,-740.2557305820067,3.491667,42.052906,0.1143946196526567
2600.0,-740.2617878044874,3.4913061,42.077877,0.1140754764861834
2600.0,-740.2554557542632,3.4906642,41.977989,0.113756332839574
2600.0,-740.255366289321,3.4901829,42.04044,0.1134371892315353
2600.0,-740.2622407002443,3.4897816,42.015469,0.1131180458698087
2600.0,-740.2547291825038,3.4891398,42.052906,0.1127989025364436
2600.0,-740.2619819579211,3.4886184,41.990498,0.1124797592862665
2600.0,-740.2559649807607,3.488137,42.027935,0.1121606154201162
2600.0,-740.2620410031831,3.4878161,42.052906,0.1118414721444834
2600.0,-740.2561198631254,3.4872146,41.990498,0.1115223282115591
2600.0,-740.2636851412345,3.4865727,42.052906,0.1112031842271022
2600.0,-740.255792361831,3.4863319,42.027935,0.1108840404353724
2600.0,-740.2635075765285,3.4854896,41.977989,0.1105648965274675
2600.0,-740.2562110981634,3.4850883,42.052906,0.1102457525552095
2600.0,-740.2632968204518,3.4846072,42.027935,0.1099266087381662
2600.0,-740.255361321593,3.4841659,42.052906,0.1096074651322692
2600.0,-740.2545621673088,3.4835641,41.977989,0.1092883218709087
2600.0,-740.2612384602504,3.4830828,42.002964,0.1089691789412699
2600.0,-740.2538691893086,3.4826014,42.065411,0.1086500359786705
2600.0,-740.2620608526033,3.4818392,42.065411,0.1083308926944802
2600.0,-740.2535343035427,3.4815586,42.002964,0.1080117498762588
2600.0,-740.2606913015411,3.4809167,41.977989,0.1076926071825122
2600.0,-740.2525386780311,3.4803953,42.065411,0.1073734647935313
2600.0,-740.2612099567137,3.4801145,41.965523,0.1070543218761809
2600.0,-740.2537296635999,3.4793122,42.002964,0.1067351789737347
2600.0,-740.2618637442054,3.4786704,42.015469,0.1064160357745222
2600.0,-740.2540473996949,3.4784296,41.977989,0.1060968927350916
2600.0,-740.2625772129719,3.4778681,42.027935,0.1057777492282869
2600.0,-740.254948749287,3.4771461,41.990498,0.1054586058002608
2600.0,-740.2548770221379,3.4767048,42.002964,0.1051394624031581
2600.0,-740.2626805945677,3.476063,42.04044,0.1048203188517833
2600.0,-740.2550562323726,3.4758222,42.052906,0.1045011753774184
2600.0,-740.2646892962254,3.4751003,42.015469,0.1041820309600481
2600.0,-740.2561592918571,3.4742179,42.015469,0.1038628870101251
2600.0,-740.2640925776077,3.4739771,41.977989,0.1035437428500134
2600.0,-740.2558554349508,3.4733753,41.953018,0.1032245990310911
2600.0,-740.2624190941413,3.4726934,42.002964,0.102905455592455
2600.0,-740.2559663595938,3.4723725,42.04044,0.1025863117257102
2600.0,-740.2626518593814,3.4714499,41.977989,0.1022671681867238
2600.0,-740.2557277997843,3.4712093,42.015469,0.1019480244228284
2600.0,-740.2623387588116,3.4704874,41.990498,0.1016288810188266
2600.0,-740.2556889808659,3.4700861,42.027935,0.1013097372716671
2600.0,-740.2549093455207,3.4694843,41.965523,0.1009905938606289
2600.0,-740.263865342489,3.4688828,41.965523,0.1006714497984832
2600.0,-740.254655904628,3.4682007,41.977989,0.1003523064967101
2600.0,-740.2624862332224,3.4675188,42.002964,0.1000331630291289
2600.0,-740.2544373143646,3.4670777,42.027935,0.0997140198215958
2600.0,-740.262848723033,3.4664359,41.965523,0.0993948761977371
2600.0,-740.2536258561747,3.4659142,41.940556,0.0990757333400451
2600.0,-740.260134633331,3.4652724,41.965523,0.0987565908862903
2600.0,-740.2544257659728,3.4646709,41.953018,0.098437447683736
2600.0,-740.2612881679071,3.4640691,42.027935,0.0981183047326671
2600.0,-740.2547138876478,3.4635077,41.990498,0.097799161405896
2600.0,-740.2611789995744,3.4627855,42.027935,0.097480018501892
2600.0,-740.2545508878077,3.4621036,41.977989,0.0971608752453944
2600.0,-740.2551952825087,3.4615419,42.04044,0.0968417317110812
2600.0,-740.2617080671082,3.4609804,42.015469,0.0965225885789845
2600.0,-740.2545598111373,3.460499,41.977989,0.0962034453186398
2600.0,-740.2621698015646,3.460098,42.002964,0.0958843019874792
2600.0,-740.2535257583793,3.4592957,41.940556,0.0955651591729419
2600.0,-740.2624839257309,3.4585736,41.990498,0.0952460157063555
2600.0,-740.2539391471804,3.4578917,41.928047,0.0949268727135954
2600.0,-740.2634267296053,3.4572098,41.953018,0.0946077288405454
2600.0,-740.2557289584297,3.4565279,41.953018,0.0942885850761505
2600.0,-740.2627747359653,3.4560466,41.928047,0.0939694414841893
2600.0,-740.2544941375113,3.4553645,41.953018,0.0936502982521583
2600.0,-740.2638464335823,3.4547629,41.940556,0.0933311541981647
2600.0,-740.2556620520804,3.4541612,42.002964,0.0930120104626149
2600.0,-740.2550601507304,3.4532788,41.990498,0.0926928669865606
2600.0,-740.261764940758,3.4527171,42.04044,0.0923737238299444
2600.0,-740.2550710762123,3.4521153,41.977989,0.0920545803491798
2600.0,-740.2628159830925,3.4513533,41.977989,0.0917354367394361
2600.0,-740.2555812906894,3.4509521,41.953018,0.0914162930387047
2600.0,-740.2619944461242,3.4501097,41.977989,0.0910971497831437
2600.0,-740.2553080378195,3.4493878,41.965523,0.0907780062002187
2600.0,-740.2617887200352,3.4487057,41.990498,0.0904588630333508
2600.0,-740.254798787175,3.4479837,41.953018,0.0901397196699772
2600.0,-740.2611923173777,3.4472618,41.940556,0.0898205767602316
2600.0,-740.2540964221416,3.4465797,41.977989,0.0895014336996661
2600.0,-740.2619852906461,3.4460983,42.027935,0.0891822904480522
2600.0,-740.2553647394128,3.4451759,41.953018,0.0888631468406817
2600.0,-740.2545687827607,3.4444137,42.002964,0.0885440035764691
2600.0,-740.2634613366575,3.4438922,41.990498,0.0882248596884993
2600.0,-740.2555103808538,3.4430096,41.915581,0.0879057160183389
2600.0,-740.2616309544086,3.4424081,42.002964,0.0875865729194872
2600.0,-740.2553097350652,3.4417663,41.940556,0.0872674293358305
2600.0,-740.2617581283783,3.4410844,41.990498,0.0869482861821513
2600.0,-740.25519896881,3.4402418,41.953018,0.0866291426462489
2600.0,-740.2626366863354,3.4394395,41.928047,0.086309999113804
2600.0,-740.2550755307147,3.4385171,41.990498,0.085990855631119
2600.0,-740.261680418956,3.4381962,41.928047,0.085671712510942
2600.0,-740.2558432395019,3.437113,41.940556,0.0853525686972775
2600.0,-740.2617752925464,3.4363508,42.015469,0.0850334255361984
2600.0,-740.2543255347551,3.4355888,42.002964,0.0847142823768565
2600.0,-740.255665921735,3.4347463,41.915581,0.0843951386396383
2600.0,-740.2617438344547,3.4339442,41.965523,0.0840759954921215
2600.0,-740.25430270809,3.4333825,41.89061,0.0837568523426208
2600.0,-740.2620899299433,3.4325402,41.89061,0.0834377090458946
2600.0,-740.254248362259,3.431778,41.990498,0.0831185659198237
2600.0,-740.263229291741,3.4309356,42.015469,0.0827994221318935
2600.0,-740.2544127413414,3.4301734,41.940556,0.0824802789349545
2600.0,-740.262308815446,3.4293711,41.953018,0.082161135543862
2600.0,-740.2545806974498,3.4283683,42.015469,0.0818419922745126
2600.0,-740.2636082974285,3.4276464,41.977989,0.0815228483231848
2600.0,-740.2557497714829,3.4268041,41.977989,0.0812037045498168
2600.0,-740.2637385720643,3.4257209,41.977989,0.0808845605423247
2600.0,-740.2561501110964,3.4251192,41.940556,0.0805654165963597
2600.0,-740.256160963728,3.4244773,41.928047,0.0802462726457159
2600.0,-740.2633995439336,3.4234746,42.065411,0.0799271287843863
2600.0,-740.2563270879407,3.4225118,41.928047,0.079607984762122
2600.0,-740.2636876443594,3.4215491,41.953018,0.0792888407765859
2600.0,-740.257561530693,3.4208672,41.965523,0.0789696962221208
2600.0,-740.2631386410484,3.4198644,41.977989,0.0786505524732721
2600.0,-740.2540472155231,3.4188213,41.903114,0.0783314094339209
2600.0,-740.2622049328979,3.4184203,41.928047,0.0780122660876144
2600.0,-740.2553987481725,3.4171767,41.915581,0.0776931224655819
2600.0,-740.2619538452418,3.4163344,41.990498,0.0773739792275248
2600.0,-740.254684786044,3.4156926,41.990498,0.0770548359133001
2600.0,-740.2610058783654,3.4145694,41.977989,0.0767356930839324
2600.0,-740.254047838433,3.413727,41.977989,0.0764165500443127
2600.0,-740.2554861868152,3.4125638,41.940556,0.076097406384583
2600.0,-740.2632817452226,3.4118819,41.940556,0.075778262574039
2600.0,-740.2561719866163,3.4107988,41.940556,0.075459118618643
2600.0,-740.2628013474244,3.4098361,41.915581,0.075139975015209
2600.0,-740.2546293540086,3.4086728,42.002964,0.0748208317248826
2600.0,-740.2612306967161,3.4081111,41.965523,0.0745016887985907
2600.0,-740.2566662956054,3.4069479,41.965523,0.0741825446300851
2600.0,-740.2643616709008,3.4057446,41.953018,0.0738634003539613
2600.0,-740.2571186739909,3.4047418,41.953018,0.0735442559904234
2600.0,-740.2648148592893,3.4039795,41.928047,0.0732251115189201
2600.0,-740.2558662139137,3.4030168,42.015469,0.0729059676953507
2600.0,-740.2641930533521,3.4017332,41.915581,0.0725868234919217
2600.0,-740.2581374323021,3.4006503,41.965523,0.0722676786891702
2600.0,-740.266301597606,3.3998077,41.953018,0.0719485335767013
2600.0,-740.2580393116934,3.3987248,42.002964,0.0716293888162521
2600.0,-740.2572764494902,3.3977621,42.002964,0.071310244384693
2600.0,-740.2652065238474,3.3966389,41.953018,0.0709910997443345
2600.0,-740.2586008933292,3.3956761,41.990498,0.0706719547417728
2600.0,-740.2644474377169,3.3947535,41.940556,0.070352810428673
2600.0,-740.2579069154807,3.3936303,41.928047,0.0700336657253034
2600.0,-740.2641309074239,3.3925474,41.965523,0.0697145215486668
2600.0,-740.2588250136586,3.3915043,41.953018,0.0693953764494809
2600.0,-740.2645609394514,3.390301,41.965523,0.069076232087448
2600.0,-740.2568010115647,3.3894184,42.002964,0.0687570878608628
2600.0,-740.2648956579181,3.3881347,41.965523,0.0684379433545254
2600.0,-740.255819217357,3.3870518,41.903114,0.0681187995512175
2600.0,-740.2624281763591,3.3859286,42.077877,0.0677996561086658
2600.0,-740.255157550204,3.3847251,41.915581,0.0674805125906201
2600.0,-740.256408581517,3.3838027,41.928047,0.0671613685332217
2600.0,-740.2643356332451,3.382479,41.965523,0.0668422242683234
2600.0,-740.2567611563727,3.3814359,41.940556,0.0665230800589207
2600.0,-740.2652844653286,3.380353,41.977989,0.0662039353849599
2600.0,-740.2577125687778,3.3790693,41.903114,0.0658847907653783
2600.0,-740.2640625843106,3.3777053,41.977989,0.0655656466181973
2600.0,-740.2562269177045,3.3766224,41.965523,0.065246502639119
2600.0,-740.2626012238987,3.3754189,42.015469,0.0649273591219628
2600.0,-740.2575638377521,3.3741753,41.940556,0.064608214566503
2600.0,-740.2633385087773,3.3732529,41.928047,0.0642890707314869
2600.0,-740.2561933239452,3.3720493,41.903114,0.0639699267668918
2600.0,-740.2640644518317,3.3706856,41.940556,0.0636507826189057
2600.0,-740.256685156028,3.3696427,41.953018,0.0633316384422688
2600.0,-740.2562063972798,3.3682387,41.940556,0.0630124944720374
2600.0,-740.2644163344664,3.366915,41.990498,0.062693350172347
2600.0,-740.2559765528903,3.3659122,41.990498,0.0623742063012076
2600.0,-740.2646296288657,3.3643878,41.928047,0.0620550619095612
2600.0,-740.2567158071307,3.363385,41.990498,0.0617359177197098
2600.0,-740.2656478710963,3.3620212,41.940556,0.0614167728890768
2600.0,-740.2562532849705,3.3610182,41.965523,0.0610976288986309
2600.0,-740.2633230664285,3.359494,42.015469,0.0607784850702724
2600.0,-740.2577737367424,3.3582504,41.89061,0.0604593404243196
2600.0,-740.2657951015794,3.3568866,41.965523,0.0601401955302123
2600.0,-740.25852004681,3.3555229,41.940556,0.0598210505625056
2600.0,-740.2652466847593,3.3542793,41.990498,0.0595019059048329
2600.0,-740.2588477560138,3.3529956,41.940556,0.0591827607958421
2600.0,-740.2596768279877,3.351752,41.977989,0.0588636153294165
2600.0,-740.2659270599719,3.3504686,41.965523,0.058544470378419
2600.0,-740.2591622560052,3.3489842,41.953018,0.058225325133839
2600.0,-740.2668181167733,3.3477409,41.965523,0.0579061797986873
2600.0,-740.2580253355077,3.3462567,41.953018,0.0575870350442636
2600.0,-740.2656352003568,3.3450131,41.953018,0.0572678902190933
2600.0,-740.2577239199012,3.3436091,42.027935,0.0569487455946179
2600.0,-740.2656282545535,3.3422854,41.953018,0.056629600772442
2600.0,-740.2573046474242,3.3409617,42.002964,0.056310456328726
2600.0,-740.264874856934,3.3393571,42.002964,0.0559913118313564
2600.0,-740.257586323904,3.3380334,42.002964,0.0556721672662023
2600.0,-740.2657497391937,3.3367097,42.027935,0.0553530223916517
2600.0,-740.2573797805243,3.3354261,41.990498,0.0550338779155438
2600.0,-740.2562361463499,3.3337011,41.965523,0.0547147339324868
2600.0,-740.2635229578954,3.3324175,41.990498,0.0543955900179507
2600.0,-740.257097909641,3.3309333,41.940556,0.0540764456633648
2600.0,-740.2631348208771,3.32969,41.965523,0.0537573019161631
2600.0,-740.2560834368035,3.3282056,41.990498,0.0534381579989432
2600.0,-740.2631348577119,3.3264809,41.915581,0.0531190142517257
2600.0,-740.255262395949,3.3251972,41.940556,0.0527998706884782
2600.0,-740.2627392980852,3.3238735,41.928047,0.052480727111795
2600.0,-740.2562746476742,3.3224695,41.953018,0.0521615831121391
2600.0,-740.26446180531,3.3207848,41.940556,0.0518424387928452
2600.0,-740.2562028701848,3.3193407,41.977989,0.0515232948241344
2600.0,-740.263477473955,3.3178566,42.027935,0.0512041509292074
2600.0,-740.2570325294621,3.3162119,41.990498,0.0508850066028087
2600.0,-740.256524999801,3.3150485,42.027935,0.0505658624952193
2600.0,-740.2641832156128,3.3132837,41.965523,0.0502467182960316
2600.0,-740.2584381742489,3.3116388,41.977989,0.0499275733636223
2600.0,-740.2655038767494,3.310235,41.915581,0.0496084285950684
2600.0,-740.2571942225007,3.3086705,42.027935,0.0492892841989595
2600.0,-740.2642043460633,3.307066,42.002964,0.0489701399906619
2600.0,-740.2555581951334,3.3056219,41.953018,0.0486509962998876
2600.0,-740.2635031579973,3.3039372,42.027935,0.0483318523938876
2600.0,-740.2557682160864,3.3021321,42.027935,0.0480127086125677
2600.0,-740.2651571092316,3.3008885,41.977989,0.047693563993513
2600.0,-740.2561870621032,3.2992439,42.002964,0.0473744200316175
2600.0,-740.2629692557,3.2974789,42.002964,0.0470552763557946
2600.0,-740.2552118596099,3.2959146,42.015469,0.0467361328143346
2600.0,-740.2570399262119,3.2944705,42.052906,0.0464169884847469
2600.0,-740.2648780554167,3.2927456,42.04044,0.0460978439859984
2600.0,-740.2554043019761,3.2910609,42.090382,0.0457787003615714
2600.0,-740.2629137138306,3.2894163,41.953018,0.0454595567096939
2600.0,-740.2557772982129,3.2877314,42.04044,0.0451404129244584
2600.0,-740.2633973469462,3.2861269,41.990498,0.0448212690640759
2600.0,-740.2567235578996,3.2841613,41.990498,0.044502124870883
2600.0,-740.2641782105908,3.2825167,42.052906,0.044182980673853
2600.0,-740.2565965693808,3.2809925,42.04044,0.0438638365354081
2600.0,-740.2631999942112,3.2791071,41.990498,0.0435446927601087
2600.0,-740.2565460698761,3.2777433,42.04044,0.0432255486434355
2600.0,-740.2633260811469,3.2757778,42.015469,0.0429064048137773
2600.0,-740.2558156039058,3.274133,41.977989,0.0425872610120273
2600.0,-740.2555392254355,3.272007,41.965523,0.0422681173294313
2600.0,-740.2631776551722,3.2706432,41.953018,0.0419489735637628
2600.0,-740.2558295817287,3.2687578,41.953018,0.0416298297559865
2600.0,-740.2625224630493,3.2670331,42.027935,0.0413106862727857
2600.0,-740.254336253146,3.2651076,42.002964,0.0409915431088228
2600.0,-740.2622013316886,3.2631822,42.015469,0.0406723997640689
2600.0,-740.2554960862554,3.2616177,42.027935,0.0403532561000713
2600.0,-740.2643173345672,3.2594516,41.965523,0.0400341118430619
2600.0,-740.25618652514,3.2578871,41.990498,0.0397149678813979
2600.0,-740.2651937913073,3.2560019,41.990498,0.0393958232465287
2600.0,-740.25595453167,3.2540765,41.965523,0.0390766793848832
2600.0,-740.2625577789656,3.2523515,41.990498,0.038757535886457
2600.0,-740.2535865248493,3.2504261,41.953018,0.0384383930457217
2600.0,-740.2541805776146,3.2485008,42.077877,0.0381192499488746
2600.0,-740.2613356286448,3.2465754,42.027935,0.0378001069773443
2600.0,-740.2540946639147,3.2447703,42.002964,0.0374809639175368
2600.0,-740.260346585718,3.2427244,42.052906,0.0371618213724047
2600.0,-740.2560844256016,3.2406785,42.002964,0.0368426774547586
2600.0,-740.2637935159833,3.2387934,42.015469,0.0365235334235789
2600.0,-740.2556988320121,3.2366674,41.990498,0.0362043896721723
2600.0,-740.2635733850572,3.234822,41.977989,0.0358852457358959
2600.0,-740.2553809133824,3.2327764,42.002964,0.0355661021215524
2600.0,-740.2632841378432,3.2308509,42.077877,0.0352469583099769
2600.0,-740.2550687691532,3.2286046,42.065411,0.0349278148302069
2600.0,-740.2612728720786,3.2267995,42.015469,0.0346086718857324
2600.0,-740.2554764326662,3.2245531,42.015469,0.034289528230208
2600.0,-740.2565651247022,3.2225075,42.015469,0.0339703841053198
2600.0,-740.2640180408839,3.2204216,42.04044,0.0336512399773425
2600.0,-740.2555074504755,3.2182152,42.04044,0.0333320963084455
2600.0,-740.2625914340447,3.2162497,42.015469,0.0330129527955098
2600.0,-740.2567011224974,3.2141237,42.015469,0.0326938086119893
2600.0,-740.2637624851744,3.2119977,42.052906,0.0323746645941877
2600.0,-740.2551109686478,3.2098315,42.027935,0.0320555210962245
2600.0,-740.2637302216299,3.207545,42.015469,0.0317363770923324
2600.0,-740.2555282512506,3.2054594,42.052906,0.0314172334144677
2600.0,-740.2646292629739,3.2031727,42.052906,0.0310980890229791
2600.0,-740.2562720467588,3.2009666,42.027935,0.0307789450244445
2600.0,-740.2651530934269,3.1986802,42.077877,0.030459800407121
2600.0,-740.256051198549,3.1966743,42.027935,0.0301406565037999
2600.0,-740.2567309071738,3.1941473,42.002964,0.0298215123074384
2600.0,-740.2639520981131,3.1918609,42.002964,0.0295023682078905
2600.0,-740.2571043306892,3.1896145,41.990498,0.0291832238505364
2600.0,-740.2647187284067,3.1872077,41.977989,0.0288640794204772
2600.0,-740.2592556757303,3.1848812,42.077877,0.0285449341356215
2600.0,-740.2653546936162,3.1826749,42.015469,0.0282257894313837
2600.0,-740.2591394653559,3.180268,42.015469,0.0279066441966294
2600.0,-740.2659185032629,3.177701,41.990498,0.0275874992493209
2600.0,-740.2578317811528,3.1752541,42.015469,0.0272683545783436
2600.0,-740.2668727312259,3.1728072,42.077877,0.0269492092196464
2600.0,-740.2581944379834,3.1705205,42.052906,0.0266300643923183
2600.0,-740.2663284046985,3.1675923,42.027935,0.0263109192682922
2600.0,-740.2598958095138,3.1655467,41.977989,0.0259917737074579
2600.0,-740.2599713346953,3.1626184,41.977989,0.0256726281140628
2600.0,-740.265963266061,3.1602116,42.002964,0.025353483147456
2600.0,-740.2564031987886,3.1576042,41.990498,0.0250343390923783
2600.0,-740.2637208590587,3.1549165,42.077877,0.0247151950925226
2600.0,-740.2583967560522,3.1523092,42.015469,0.0243960501779698
2600.0,-740.2645397238717,3.1496618,42.052906,0.0240769058250835
2600.0,-740.2601343820106,3.1468136,41.977989,0.0237577601613943
2600.0,-740.2674901059446,3.1441262,42.115353,0.0234386145365333
2600.0,-740.2577885678947,3.1414385,42.027935,0.0231194698841864
2600.0,-740.2652703433004,3.1384702,42.065411,0.0228003252163139
2600.0,-740.2591381098514,3.1358628,42.015469,0.022481179982144
2600.0,-740.2666049447472,3.1327741,42.065411,0.0221620347388954
2600.0,-740.259727890649,3.1299663,42.04044,0.0218428892504554
2600.0,-740.2598483484348,3.1270781,42.077877,0.0215237437100828
2600.0,-740.2664218380506,3.1243103,42.102848,0.0212045985457756
2600.0,-740.2589958747706,3.1211815,42.027935,0.0208854533729269
2600.0,-740.265809822786,3.1183734,42.090382,0.0205663084724729
2600.0,-740.2559409819443,3.1154451,42.002964,0.0202471646166691
2600.0,-740.2656354324156,3.1122763,42.065411,0.0199280197913987
2600.0,-740.260486285253,3.1093481,42.052906,0.0196088739759947
2600.0,-740.2676653873062,3.1060989,42.04044,0.019289728275566
2600.0,-740.261633692085,3.1028094,42.140285,0.0189705819654847
2600.0,-740.2676081117487,3.099761,42.090382,0.0186514362897488
2600.0,-740.2598056975147,3.0963914,42.127819,0.0183322907677641
2600.0,-740.2657027180171,3.0930219,42.077877,0.0180131459134854
2600.0,-740.2580998215508,3.0898128,42.102848,0.0176940011269489
2600.0,-740.2512945433389,3.0865235,42.052906,0.0173748592743473
2600.0,-740.2531440194109,3.0831139,42.04044,0.0170557198344002
2600.0,-740.2468188316046,3.0793834,42.127819,0.0167365799113959
2600.0,-740.2555218157567,3.0758936,42.115353,0.0164174394463285
2600.0,-740.2470696969568,3.0723236,42.052906,0.0160982994151695
2600.0,-740.2558237942828,3.0686731,42.065411,0.0157791588199124
2600.0,-740.247092036999,3.065063,42.140285,0.0154600187791221
2600.0,-740.2532028076483,3.0612121,42.090382,0.0151408793138301
2600.0,-740.245829505588,3.0576823,42.102848,0.0148217398173504
2600.0,-740.2519090391426,3.0539114,42.090382,0.0145026009098305
2600.0,-740.2456007469937,3.0498199,42.077877,0.0141834615119746
2600.0,-740.2519170597014,3.0463302,42.090382,0.0138643226009969
2600.0,-740.2450829143514,3.042038,42.140285,0.0135451834263924
2600.0,-740.2536850377699,3.0382273,42.090382,0.0132260437532004
2600.0,-740.2462663071299,3.0340955,42.140285,0.0129069040684039
2600.0,-740.2454150539108,3.0296431,42.077877,0.0125877647506052
2600.0,-740.2525109964781,3.0254312,42.077877,0.0122686255835683
2600.0,-740.2442552322609,3.0212996,42.04044,0.0119494867657993
2600.0,-740.2531646128928,3.0167668,42.077877,0.0116303473169739
2600.0,-740.2451815588265,3.0121136,42.077877,0.0113112080998411
2600.0,-740.2526722151565,3.0073802,42.077877,0.0109920688632992
2600.0,-740.2456385144957,3.0029275,42.127819,0.0106729294491608
2600.0,-740.253783647221,2.9979136,42.077877,0.0103537897334561
2600.0,-740.2449361007591,2.9930999,42.115353,0.0100346506221467
2600.0,-740.2532437760593,2.9882863,42.115353,0.0097155111391924
2600.0,-740.2447449033943,2.9831116,42.140285,0.0093963721103132
2600.0,-740.2532351575499,2.9779372,42.102848,0.0090772326310745
2600.0,-740.2446832700889,2.9725618,42.102848,0.0087580936287671
2600.0,-740.2448905194606,2.9669061,42.052906,0.008438954537109
2600.0,-740.2525218729569,2.9615309,42.090382,0.008119815365383
2600.0,-740.2451376142016,2.9555941,42.115353,0.0078006761671958
2600.0,-740.2544115308896,2.9497375,42.102848,0.0074815361807967
2600.0,-740.2461015744376,2.9437206,42.102848,0.0071623965670209
2600.0,-740.2523961392253,2.9373827,42.115353,0.0068432574495014
2600.0,-740.2452597323987,2.9311652,42.127819,0.0065241181986659
2600.0,-740.2535353671902,2.9241452,42.052906,0.0062049785900002
2600.0,-740.2464226170307,2.9174864,42.102848,0.0058858388378145
2600.0,-740.2542687082965,2.9102662,42.140285,0.0055666989129892
2600.0,-740.2490032453105,2.9030859,42.077877,0.0052475580482266
2600.0,-740.2556021383988,2.8950632,42.090382,0.0049284175485303
2600.0,-740.2470582103648,2.8872011,42.140285,0.0046092775223235
2600.0,-740.2478037997067,2.8789778,42.152794,0.0042901371746735
2600.0,-740.2551576900744,2.8702331,42.140285,0.0039709968665886
2600.0,-740.2458675419808,2.8607664,42.115353,0.0036518573537104
2600.0,-740.253904046055,2.8513799,42.127819,0.0033327175860991
2600.0,-740.246557186471,2.841151,42.127819,0.0030135777758969
2600.0,-740.2546706026791,2.8304408,42.152794,0.0026944376778062
2600.0,-740.2460628173191,2.8192492,42.140285,0.0023752980807396
2600.0,-740.2553869879382,2.8070147,42.127819,0.0020561576737994
2600.0,-740.2475460987149,2.7938976,42.177765,0.0017370174372511
2600.0,-740.255327930398,2.7799382,42.077877,0.0014178770557718
2600.0,-740.2486836056975,2.7646151,42.115353,0.0010987363288143
2600.0,-740.2550765619794,2.747968,42.115353,0.0007795960557055
2600.0,-740.2473662160485,2.7297566,42.140285,0.0004604558967094
2600.0,-740.2480057891311,2.7095397,42.152794,0.0001413154619764
2600.0,-740.2588167783182,2.6997921,42.16526,0.0
