Cycle,Current,Voltage,Temperature,SOC
300.0,741.398793778645,2.720098,41.114384,0.0
300.0,741.398793778645,2.843065,41.341858,0.000295496184305
300.0,741.4111383741852,2.8669999,41.329391,0.0005909943165231
300.0,741.415000832443,2.8852417,41.354324,0.0008864969604051
300.0,741.4186017081238,2.9000757,41.341858,0.0011819980672227
300.0,741.4144539477707,2.9137871,41.341858,0.0014775004931352
300.0,741.4233048220144,2.9260955,41.341858,0.0017730034744342
300.0,741.4189528893224,2.9375618,41.316887,0.0020685076934708
300.0,741.4253154652416,2.9479856,41.341858,0.0023640114761353
300.0,741.4154339236987,2.9578884,41.379295,0.0026595142926327
300.0,741.4108336032184,2.9671094,41.354324,0.0029550152755997
300.0,741.4239726356918,2.9758093,41.366829,0.0032505185230637
300.0,741.4144978196414,2.9841485,41.329391,0.003546020966462
300.0,741.4188563237637,2.9920866,41.341858,0.0038415221747597
300.0,741.4095853057817,2.9991829,41.366829,0.0041370226601981
300.0,741.4183027685108,3.0068405,41.316887,0.0044325236478699
300.0,741.4127669316634,3.0134559,41.366829,0.0047280254013955
300.0,741.4213254411592,3.0202312,41.354324,0.005023527593789
300.0,741.4139377392265,3.0264456,41.316887,0.0053190298139584
300.0,741.4227066254077,3.0328202,41.379295,0.0056145325568391
300.0,741.4048202521814,3.0387537,41.316887,0.0059100311430902
300.0,741.4218151166679,3.0445671,41.316887,0.0062055335306497
300.0,741.4132319685699,3.0503001,41.329391,0.0065010354695231
300.0,741.4113812325204,3.0555923,41.354324,0.0067965366707564
300.0,741.425945229397,3.0611651,41.316887,0.0070920407044208
300.0,741.4162539150169,3.0662568,41.254517,0.0073875438477386
300.0,741.4189771618232,3.0713885,41.341858,0.0076830451041978
300.0,741.4113231273141,3.0763199,41.354324,0.0079785462822724
300.0,741.4175959409479,3.0813715,41.30442,0.0082740469882297
300.0,741.410807284984,3.0858617,41.266983,0.0085695479607072
300.0,741.4213951681011,3.0906327,41.254517,0.0088650501808912
300.0,741.4122453764625,3.0953236,41.279449,0.0091605517265427
300.0,741.4180542442166,3.099453,41.254517,0.0094560526151622
300.0,741.421217002365,3.1037829,41.279449,0.0097515577365967
300.0,741.4157393635011,3.1081128,41.291954,0.0100470577025933
300.0,741.4113609811434,3.1123626,41.242008,0.0103425588957551
300.0,741.4115194643005,3.1163716,41.204575,0.0106380601520829
300.0,741.4273769510302,3.1204209,41.217075,0.0109335647563768
300.0,741.4175084380167,3.1245506,41.217075,0.0112290683997046
300.0,741.4272243745224,3.1283994,41.266983,0.0115245729431874
300.0,741.4099426649706,3.1320076,41.167133,0.0118200735710569
300.0,741.4235146009713,3.1359766,41.229542,0.0121155766359658
300.0,741.4168718809013,3.139585,41.204575,0.0124110800255837
300.0,741.4218476730006,3.1430728,41.254517,0.0127065824261188
300.0,741.4122134430155,3.1468015,41.254517,0.0130020839590428
300.0,741.426480071172,3.1505301,41.179642,0.0132975882058747
300.0,741.4161969694856,3.1536973,41.254517,0.013593091326496
300.0,741.4163624015283,3.1572654,41.242008,0.0138885915408116
300.0,741.4068373571029,3.1607535,41.192108,0.0141840909310117
300.0,741.4053223494436,3.164001,41.229542,0.0144795897173816
300.0,741.419314810151,3.1671681,41.1422,0.0147750911084145
300.0,741.4099225112653,3.1705358,41.154667,0.0150705917282515
300.0,741.4188693364973,3.1737032,41.167133,0.0153660929417356
300.0,741.4015043861976,3.1769106,41.117229,0.015661590206396
300.0,741.4147966093599,3.1798372,41.204575,0.0159570897966468
300.0,741.4116417049623,3.1832852,41.167133,0.0162525911016955
300.0,741.4186273430112,3.1860514,41.179642,0.0165480922187302
300.0,741.4069004549388,3.1890583,41.192108,0.016843591634079
300.0,741.4227134736053,3.1921453,41.179642,0.0171390943796892
300.0,741.4182078488191,3.1949921,41.129734,0.0174345983017781
300.0,741.4268176218653,3.1978786,41.092297,0.0177301026831448
300.0,741.4190603961457,3.2008855,41.117229,0.01802560694503
300.0,741.4143334649121,3.203692,41.204575,0.0183211093229221
300.0,741.4203127281515,3.2066989,41.167133,0.0186166111116869
300.0,741.4130217034518,3.2093048,41.117229,0.0189121129667558
300.0,741.4242016042109,3.2119107,41.1422,0.0192076163054779
300.0,741.427027314781,3.214637,41.1422,0.0195031237427041
300.0,741.4340712134062,3.217644,41.117229,0.0197986310150751
300.0,741.4192704049548,3.22033,41.079792,0.0200941353606626
300.0,741.4297705919556,3.2227757,41.067326,0.0203896409189703
300.0,741.4229421652723,3.2251811,41.104763,0.0206851467279957
300.0,741.4244691349439,3.2280679,41.129734,0.0209806501733454
300.0,741.4150902241345,3.2305133,41.004913,0.0212761528528558
300.0,741.416279747273,3.232959,41.054859,0.0215716530342287
300.0,741.4119591961728,3.2356853,40.992447,0.0218671544658185
300.0,741.4169289118679,3.2380908,41.079792,0.022162657878167
300.0,741.4299921507647,3.2402158,41.079792,0.0224581635247796
300.0,741.420759472748,3.2428617,41.079792,0.0227536684638585
300.0,741.4179144485339,3.2454677,41.117229,0.0230491692967607
300.0,741.4049284792236,3.247793,40.992447,0.0233446679261475
300.0,741.4207408554715,3.2500782,41.042355,0.0236401698855475
300.0,741.4108905365507,3.2523234,40.955013,0.0239356708912062
300.0,741.4158791469599,3.2545686,41.079792,0.024231170912915
300.0,741.4105461167851,3.2570944,41.042355,0.0245266717812998
300.0,741.4255445436222,3.2592592,41.029888,0.0248221756552662
300.0,741.4194111025206,3.2613041,41.004913,0.0251176800569309
300.0,741.4303872579189,3.2639101,41.004913,0.0254131858610181
300.0,741.4270028397844,3.2661953,41.029888,0.0257086932884894
300.0,741.4271037304779,3.2683201,41.054859,0.0260042007561723
300.0,741.4241381761143,3.2707257,40.917572,0.0262997040696145
300.0,741.4175149077172,3.2727301,41.029888,0.0265952077155208
300.0,741.4217081581028,3.2749753,41.004913,0.0268907100604506
300.0,741.4168644590326,3.2772605,40.942547,0.0271862134471104
300.0,741.4202497883645,3.2791851,41.017422,0.0274817152107898
300.0,741.417317142491,3.2812698,40.942547,0.0277772187778737
300.0,741.422050945602,3.2832744,40.942547,0.0280727212594255
300.0,741.4164454546535,3.2853992,40.955013,0.0283682244790845
300.0,741.4255384522825,3.2874038,40.917572,0.0286637283506231
300.0,741.4128885375479,3.2894485,40.930038,0.0289592301526167
300.0,741.4281789939791,3.2914932,40.942547,0.0292547350765743
300.0,741.414886648396,3.2934978,40.880135,0.0295502376749464
300.0,741.4174386018902,3.2954223,40.917572,0.0298457412904398
300.0,741.4322830201346,3.2975872,40.979984,0.0301412478501054
300.0,741.4306738676928,3.2997522,40.979984,0.0304367567407228
300.0,741.4256964365386,3.3017166,40.917572,0.0307322606752279
300.0,741.4224072678763,3.3034406,40.930038,0.0310277662710616
300.0,741.4325702897453,3.3054452,40.955013,0.0313232729452218
300.0,741.4318887302688,3.3072894,40.855206,0.0316187823200418
300.0,741.4342939318893,3.3092539,40.942547,0.0319142896811799
300.0,741.4181756224206,3.3108575,40.892601,0.0322097935904245
300.0,741.425302513538,3.3127019,40.917572,0.032505297367927
300.0,741.4197538743578,3.3147867,40.842697,0.0328008019062088
300.0,741.4181574796212,3.3166308,40.817764,0.0330963028359739
300.0,741.4132568952255,3.318435,40.842697,0.0333918047847822
300.0,741.4177183613587,3.3203595,40.867672,0.0336873085117782
300.0,741.4278352054705,3.3220432,40.855206,0.0339828132987149
300.0,741.4125509170478,3.3239276,40.905106,0.0342783149661444
300.0,741.4219048754514,3.3260524,40.855206,0.0345738173894783
300.0,741.4263401964056,3.3274958,40.842697,0.0348693245528426
300.0,741.4239609656868,3.32934,40.867672,0.0351648277956555
300.0,741.4226878695856,3.3310239,40.930038,0.0354603335033273
300.0,741.4304449364204,3.332828,40.880135,0.035755839330403
300.0,741.417222611711,3.3345921,40.880135,0.0360513428598101
300.0,741.4258380022613,3.3365164,40.842697,0.036346846850738
300.0,741.419079097202,3.3382003,40.855206,0.0366423511200767
300.0,741.4272054413119,3.3397639,40.817764,0.0369378556560134
300.0,741.4182465571704,3.3412473,40.792793,0.0372333595935302
300.0,741.4128115237211,3.3431718,40.792793,0.0375288613648286
300.0,741.4204225798388,3.3449357,40.855206,0.0378243631973761
300.0,741.4069574004828,3.3464191,40.80526,0.0381198626354214
300.0,741.4166170293926,3.3480229,40.80526,0.038415362951222
300.0,741.4107065530301,3.3498271,40.842697,0.0387108638835512
300.0,741.4110618356615,3.3513105,40.80526,0.039006361985264
300.0,741.4040118330744,3.3527937,40.755356,0.0393018602493069
300.0,741.4023320642186,3.3545177,40.767822,0.0395973548716666
300.0,741.3974512189448,3.3562016,40.767822,0.0398928505208733
300.0,741.4046730315207,3.3578053,40.755356,0.040188346076253
300.0,741.4002318823173,3.3594892,40.780327,0.0404838428337369
300.0,741.406791731968,3.3609324,40.780327,0.0407793392335496
300.0,741.3988959998603,3.3626163,40.80526,0.0410748354585965
300.0,741.4125826080713,3.3640597,40.730385,0.041370334166431
300.0,741.4035918765142,3.3656232,40.767822,0.0416658322630937
300.0,741.4072061786311,3.3672669,40.730385,0.0419613318002934
300.0,741.4075235108211,3.3687904,40.767822,0.0422568284917652
300.0,741.3992583028636,3.3702338,40.830231,0.0425523248612137
300.0,741.4041515931384,3.3718774,40.705452,0.042847820208768
300.0,741.3961788127265,3.3733208,40.705452,0.0431433153508371
300.0,741.4017714654992,3.3750448,40.730385,0.0434388097497635
300.0,741.3924057223059,3.3764479,40.742889,0.043734303388008
300.0,741.4003340797294,3.3777311,40.668011,0.0440297972140474
300.0,741.3928380933387,3.3793747,40.830231,0.0443252910246201
300.0,741.4061683399116,3.3808982,40.692944,0.0446207871759726
300.0,741.3959307914093,3.3822212,40.717918,0.0449162822191889
300.0,741.4098840949601,3.3835845,40.705452,0.0452117798514992
300.0,741.3978586023119,3.3852282,40.65551,0.045507275663075
300.0,741.401995045528,3.3865511,40.692944,0.0458027731232954
300.0,741.4101519064301,3.3879945,40.717918,0.0460982708623452
300.0,741.4054243997929,3.3892374,40.742889,0.0463937696893889
300.0,741.4134734576388,3.3909614,40.692944,0.046689268752282
300.0,741.4019056294553,3.3922844,40.717918,0.0469847661768642
300.0,741.412410842035,3.393487,40.680477,0.0472802648162394
300.0,741.4074358284508,3.3950908,40.705452,0.0475757644449697
300.0,741.413747140719,3.3966143,40.730385,0.0478712636169424
300.0,741.4073838633732,3.3978572,40.705452,0.0481667632249612
300.0,741.4100953265757,3.3993807,40.668011,0.0484622609414604
300.0,741.4029180636898,3.4005833,40.618069,0.0487577587695643
300.0,741.4141091788949,3.4020667,40.65551,0.0490532580858316
300.0,741.4082497162508,3.4033897,40.705452,0.0493487580389497
300.0,741.4046034807732,3.4045925,40.680477,0.0496442565388031
300.0,741.4128368208604,3.4058754,40.65551,0.0499397553479571
300.0,741.4099354384455,3.4072387,40.643044,0.0502352559729464
300.0,741.418481578071,3.4084814,40.668011,0.0505307570318848
300.0,741.404521059201,3.4098847,40.618069,0.0508262554988879
300.0,741.4186850582131,3.4113281,40.717918,0.0511217566389257
300.0,741.4112019365083,3.4122901,40.643044,0.0514172577686978
300.0,741.4143392582179,3.4137735,40.643044,0.0517127571766659
300.0,741.4087330758413,3.415297,40.705452,0.0520082573224346
300.0,741.4116281107159,3.41662,40.692944,0.052303755649843
300.0,741.4095725373058,3.4177828,40.680477,0.0525992561301923
300.0,741.4168657123671,3.418745,40.668011,0.0528947565451084
300.0,741.4135814298699,3.4201081,40.630577,0.0531902586232651
300.0,741.4117369559373,3.4216316,40.618069,0.0534857599662776
300.0,741.4199198060901,3.4225538,40.605602,0.0537812615984387
300.0,741.4124873431342,3.4240372,40.668011,0.0540767632405299
300.0,741.4217464639637,3.4255207,40.65551,0.054372265600727
300.0,741.4115199769217,3.4264426,40.618069,0.0546677668572591
300.0,741.4114183073799,3.4278057,40.618069,0.0549632651010478
300.0,741.411494940476,3.4290485,40.643044,0.0552587663476013
300.0,741.418157052415,3.4302514,40.630577,0.0555542672771962
300.0,741.4109223967542,3.4314141,40.568165,0.0558497682955533
300.0,741.4201801468619,3.4325767,40.643044,0.0561452700314762
300.0,741.4101709109724,3.4338996,40.593136,0.0564407707503168
300.0,741.4244450503861,3.4352629,40.643044,0.0567362741860673
300.0,741.4117994800715,3.4363453,40.593136,0.0570317755539998
300.0,741.4171191453746,3.4375081,40.618069,0.0573272790421688
300.0,741.4259328025788,3.4385505,40.568165,0.0576227830708804
300.0,741.4188573819393,3.4398735,40.580669,0.057918287251851
300.0,741.4278230716355,3.4409158,40.568165,0.0582137920339516
300.0,741.4231772715979,3.4420383,40.593136,0.0585092979366824
300.0,741.4393970723812,3.4434817,40.618069,0.0588048073317371
300.0,741.425398525961,3.4443638,40.618069,0.0591003141197839
300.0,741.4246917314056,3.4455264,40.580669,0.0593958176538519
300.0,741.425494741312,3.4468493,40.543232,0.0596913244802468
300.0,741.4306350619757,3.4479721,40.530727,0.0599868303830992
300.0,741.4219367011676,3.4490545,40.530727,0.0602823357913811
300.0,741.4304446190278,3.450177,40.555698,0.0605778416183302
300.0,741.4289678697791,3.4512997,40.568165,0.0608733498289953
300.0,741.4305915072683,3.4526227,40.580669,0.0611688586867866
300.0,741.4296931501415,3.4535849,40.593136,0.061464364214229
300.0,741.4392072265829,3.4544668,40.618069,0.0617598765059512
300.0,741.4475993874007,3.4557498,40.49329,0.0620553891701351
300.0,741.4404346501121,3.4567521,40.555698,0.0623509019510663
300.0,741.4478356191477,3.4577944,40.605602,0.0626464147094032
300.0,741.4342501694839,3.4590373,40.518261,0.0629419250254121
300.0,741.4435397950375,3.4599195,40.543232,0.0632374360715977
300.0,741.4361089499861,3.4612024,40.505795,0.0635329471284528
300.0,741.4406002405607,3.4620042,40.505795,0.0638284570030444
300.0,741.4388639054149,3.4633672,40.543232,0.0641239691579306
300.0,741.4421397874559,3.4643695,40.49329,0.0644194796461267
300.0,741.4403583198952,3.4654119,40.530727,0.0647149923966353
300.0,741.4364899052338,3.4664142,40.555698,0.0650105036053262
300.0,741.4424388002743,3.467577,40.530727,0.0653060142126974
300.0,741.4336448134542,3.4686594,40.555698,0.0656015242874321
300.0,741.4376413866012,3.4696217,40.530727,0.0658970329827376
300.0,741.4451434905566,3.4704635,40.518261,0.0661925476404514
300.0,741.4461624655311,3.4714658,40.49329,0.0664880597319332
300.0,741.4306609649857,3.4725885,40.43092,0.066783568617408
300.0,741.4407025726733,3.4738314,40.568165,0.0670790785327853
300.0,741.4344539038851,3.4745932,40.418415,0.0673745889299958
300.0,741.4417189355396,3.4756355,40.443386,0.0676700992504564
300.0,741.4317999611253,3.4766779,40.49329,0.0679656085898961
300.0,741.4415794695118,3.4775598,40.505795,0.0682611188547709
300.0,741.4232223153193,3.4787226,40.455853,0.0685566247754546
300.0,741.4162420742587,3.4797649,40.443386,0.068852127914053
300.0,741.4226499356311,3.4807673,40.518261,0.0691476306343394
300.0,741.4157835070349,3.4817295,40.480824,0.0694431335901687
300.0,741.425289928017,3.4826915,40.49329,0.0697386373626551
300.0,741.4171063280388,3.4834533,40.443386,0.0700341408457155
300.0,741.4240494793253,3.4846961,40.505795,0.0703296441238065
300.0,741.4179149913446,3.4853377,40.49329,0.0706251479291725
300.0,741.4307693400358,3.48634,40.43092,0.070920653885543
300.0,741.4218092725549,3.4871819,40.505795,0.0712161592430361
300.0,741.4260092556552,3.4882643,40.455853,0.071511663302219
300.0,741.4225670449397,3.489347,40.443386,0.0718071689617343
300.0,741.421038879546,3.4901087,40.468357,0.0721026710399153
300.0,741.4186025735452,3.491111,40.368507,0.0723981751193281
300.0,741.4217716262739,3.492033,40.405949,0.0726936804618167
300.0,741.4290258491366,3.4931154,40.393482,0.0729891857232984
300.0,741.4160319799951,3.4940376,40.418415,0.0732846887781605
300.0,741.4331485521911,3.4948394,40.455853,0.073580195682794
300.0,741.4253664948486,3.4955611,40.443386,0.0738757024580743
300.0,741.4321118888325,3.4966035,40.405949,0.0741712089495334
300.0,741.4163247764882,3.4974856,40.368507,0.0744667121210942
300.0,741.4232793457926,3.4983275,40.418415,0.0747622150922393
300.0,741.4256784196575,3.4993298,40.380974,0.0750577219918421
300.0,741.422713266103,3.5000916,40.405949,0.0753532247373696
300.0,741.408784064399,3.5010135,40.455853,0.0756487249034606
300.0,741.4292286578122,3.5018556,40.393482,0.0759442302457741
300.0,741.4243543901795,3.502898,40.405949,0.076239736617664
300.0,741.4191499098997,3.5036597,40.393482,0.0765352409152263
300.0,741.4279881725927,3.5044215,40.443386,0.0768307457631298
300.0,741.420479652311,3.5050228,40.356041,0.0771262505906818
300.0,741.4290763864957,3.5061855,40.405949,0.0774217558723058
300.0,741.412863488837,3.5069873,40.368507,0.0777172576643158
300.0,741.4181116663938,3.507709,40.393482,0.0780127585758215
300.0,741.4165976512686,3.5085909,40.393482,0.0783082618561408
300.0,741.423425574601,3.5094731,40.418415,0.0786037648855672
300.0,741.4149246608976,3.5103951,40.380974,0.0788992674990898
300.0,741.4282621731167,3.5109162,40.356041,0.0791947724561995
300.0,741.4184687363158,3.5119185,40.455853,0.0794902764822692
300.0,741.4246991288692,3.5126402,40.393482,0.0797857800192857
300.0,741.4220711365717,3.5133219,40.380974,0.0800812854811489
300.0,741.4187608980556,3.5143242,40.443386,0.0803767896236643
300.0,741.4246531569453,3.5150859,40.418415,0.0806722931423581
300.0,741.424482429117,3.5157273,40.356041,0.08096779956528
300.0,741.4243358334777,3.5163689,40.356041,0.0812633029575008
300.0,741.4235853385751,3.5171306,40.356041,0.0815588090228731
300.0,741.4285919722278,3.5179324,40.306141,0.0818543141114281
300.0,741.4148741485008,3.5190148,40.368507,0.0821498167048181
300.0,741.4316344203679,3.5193357,40.380974,0.0824453230059766
300.0,741.4157321767361,3.5200572,40.356041,0.0827408259413474
300.0,741.4277269285258,3.5208592,40.368507,0.083036330685129
300.0,741.4175969141736,3.5217011,40.405949,0.0833318343637203
300.0,741.4207715074837,3.5224628,40.343575,0.083627336335337
300.0,741.4111451374064,3.5231445,40.343575,0.0839228374424709
300.0,741.4146123088613,3.5237858,40.356041,0.0842183399315007
300.0,741.4299662960996,3.5244675,40.380974,0.0845138455678086
300.0,741.4245782295443,3.5252693,40.356041,0.0848093520289133
300.0,741.4248449182187,3.526031,40.356041,0.0851048556240358
300.0,741.4124308492203,3.5265121,40.393482,0.0854003572436104
300.0,741.436361582297,3.5268328,40.368507,0.0856958654288348
300.0,741.422636685729,3.5275545,40.256195,0.0859913711161066
300.0,741.4316039026875,3.5282762,40.331074,0.0862868774051019
300.0,741.4191116776708,3.5291181,40.318607,0.0865823816874261
300.0,741.4274732161646,3.5297596,40.356041,0.0868778863300876
300.0,741.414085040815,3.5302808,40.331074,0.0871733886089664
300.0,741.4239856972954,3.5310826,40.343575,0.0874688918616363
300.0,741.4120486976486,3.5319245,40.380974,0.0877643933288984
300.0,741.4109474210752,3.5320046,40.331074,0.0880598943572293
300.0,741.4243416684578,3.5328467,40.293633,0.0883553977517757
300.0,741.417240653605,3.5333278,40.306141,0.0886509012883737
300.0,741.4213390276673,3.5339291,40.293633,0.0889464034861823
300.0,741.4077281732369,3.5347309,40.356041,0.0892419032314312
300.0,741.428235915706,3.5350919,40.343575,0.0895374081780756
300.0,741.421631172774,3.5354125,40.318607,0.0898329134645844
300.0,741.4274277569598,3.5363748,40.318607,0.0901284180891276
300.0,741.4203141989442,3.5367756,40.318607,0.0904239228507356
300.0,741.4300624514365,3.5372567,40.331074,0.0907194285253674
300.0,741.4158028062724,3.5377378,40.318607,0.0910149314888887
300.0,741.4196646533373,3.5384195,40.293633,0.0913104330193557
300.0,741.410336889229,3.5388603,40.306141,0.0916059338043495
300.0,741.4138303666873,3.5392613,40.281166,0.0919014359817239
300.0,741.422910410645,3.5398626,40.356041,0.0921969388058256
300.0,741.4164199665138,3.5402637,40.343575,0.0924924420153258
300.0,741.4212498548404,3.5406244,40.256195,0.0927879441775935
300.0,741.4132818706386,3.5411456,40.281166,0.0930834461363562
300.0,741.4164641110764,3.5415866,40.356041,0.0933789463912094
300.0,741.4043551908593,3.5421078,40.368507,0.093674444792103
300.0,741.4202188312636,3.5426691,40.256195,0.0939699465434441
300.0,741.4158854840224,3.5431101,40.2687,0.0942654495399179
300.0,741.4239348059136,3.5433106,40.343575,0.0945609527723044
300.0,741.4283185197817,3.5441124,40.306141,0.0948564607241608
300.0,741.4458687138639,3.544313,40.306141,0.0951519726985644
300.0,741.4304062420524,3.544754,40.318607,0.0954474814825154
300.0,741.4259713381899,3.5451548,40.293633,0.0957429884988654
300.0,741.4310613949007,3.5456359,40.2687,0.0960384945716379
300.0,741.4284469736942,3.5459967,40.306141,0.0963340025746915
300.0,741.4306291415339,3.5461972,40.331074,0.0966295084751843
300.0,741.427008760218,3.5465178,40.281166,0.0969250159050153
300.0,741.4279374277057,3.5471194,40.293633,0.0972205207326938
300.0,741.4269452961423,3.5476806,40.393482,0.0975160281372302
300.0,741.4291524122892,3.5478811,40.380974,0.0978115334491552
300.0,741.4129524166625,3.5481617,40.2687,0.0981070352766087
300.0,741.4286114303557,3.548723,40.343575,0.0984025403729189
300.0,741.425321963841,3.5489635,40.231262,0.0986980471304506
300.0,741.4348544696139,3.5492842,40.306141,0.0989935547149976
300.0,741.4258374643565,3.5494847,40.343575,0.0992890616779902
300.0,741.425092441577,3.5500863,40.318607,0.099584565371766
300.0,741.4208045164695,3.5503266,40.343575,0.0998800703287978
300.0,741.4226627231997,3.5509682,40.2687,0.1001755760264472
300.0,741.4326645162978,3.5511286,40.281166,0.1004710827381625
300.0,741.4258377695701,3.5513289,40.368507,0.1007665897012767
300.0,741.4353639084801,3.55181,40.2687,0.1010620974888666
300.0,741.4209890492698,3.5519304,40.343575,0.1013576025194468
300.0,741.4240169474243,3.5524917,40.231262,0.1016531057845718
300.0,741.4200541049465,3.5530128,40.243729,0.1019486104425152
300.0,741.4248063316081,3.5533335,40.243729,0.1022441140222586
300.0,741.4171454392277,3.5534539,40.306141,0.1025396175209074
300.0,741.4165726320897,3.5536544,40.293633,0.102835117819013
300.0,741.4137088219039,3.5541353,40.331074,0.1031306199479438
300.0,741.4195247966567,3.5546567,40.331074,0.1034261214226692
300.0,741.4088542544553,3.554817,40.2687,0.1037216216167356
300.0,741.4133595192188,3.5551779,40.368507,0.1040171236064463
300.0,741.4202431720659,3.5554585,40.343575,0.1043126253674887
300.0,741.4064551323677,3.5556991,40.318607,0.1046081246053471
300.0,741.4106539843732,3.5561399,40.331074,0.1049036225445059
300.0,741.4127036384887,3.556541,40.306141,0.105199124272805
300.0,741.42046020207,3.5567014,40.256195,0.1054946261203473
300.0,741.4111769609929,3.5570221,40.318607,0.105790127240165
300.0,741.4068623866305,3.5574229,40.356041,0.106085623668138
300.0,741.4079824811186,3.5576634,40.306141,0.1063811235147453
300.0,741.4098337285373,3.5577838,40.281166,0.1066766211269815
300.0,741.4014157513589,3.5583851,40.231262,0.1069721183563152
300.0,741.4164256465065,3.5586257,40.293633,0.1072676185958379
300.0,741.407982334702,3.5589063,40.2687,0.1075631184423868
300.0,741.4017143461693,3.5593073,40.281166,0.1078586157907301
300.0,741.4073968255383,3.559588,40.306141,0.10815411243171
300.0,741.3974446638218,3.5597081,40.331074,0.108449608078304
300.0,741.4167312389807,3.5599487,40.293633,0.1087451084396242
300.0,741.4129071776166,3.5604298,40.318607,0.109040610249047
300.0,741.4167761122318,3.5607505,40.281166,0.109336110628252
300.0,741.4115073062071,3.5607104,40.343575,0.109631611879734
300.0,741.4252717759874,3.5614321,40.293633,0.1099271156449856
300.0,741.4217335161355,3.5615525,40.331074,0.1102226209722849
300.0,741.4269322465093,3.5619533,40.343575,0.1105181253993366
300.0,741.4176351097472,3.5621939,40.306141,0.1108136290931514
300.0,741.4231959102827,3.5626349,40.356041,0.1111091320310424
300.0,741.4181892210157,3.5627954,40.293633,0.1114046359457069
300.0,741.4189082118023,3.5631561,40.2687,0.1117001401469366
300.0,741.4220458674349,3.5634367,40.293633,0.1119956426264644
300.0,741.4170691943438,3.5635972,40.243729,0.1122911460947247
300.0,741.4191242452072,3.5639179,40.343575,0.1125866474098056
300.0,741.41750141896,3.5641985,40.331074,0.1128821510503358
300.0,741.4199065614192,3.5646796,40.281166,0.1131776526772181
300.0,741.4142819759251,3.5647197,40.293633,0.1134731550345885
300.0,741.4196141647332,3.5652409,40.343575,0.1137686565449326
300.0,741.4186730078081,3.5653613,40.318607,0.114064160652418
300.0,741.4220827084628,3.5658021,40.306141,0.1143596631466293
300.0,741.4124490132687,3.566123,40.331074,0.1146551647734435
300.0,741.4265748592815,3.5664036,40.281166,0.1149506690580544
300.0,741.4183736439269,3.5666842,40.293633,0.1152461730462236
300.0,741.4183035027017,3.5671654,40.281166,0.1155416770064369
300.0,741.4213188981751,3.5673256,40.281166,0.1158371791962226
300.0,741.42551352781,3.5675261,40.331074,0.1161326860301051
300.0,741.4333328915723,3.5678067,40.331074,0.1164281930082093
300.0,741.4246163152287,3.5680873,40.293633,0.1167236994844936
300.0,741.4288022517295,3.5684483,40.293633,0.1170192046568579
300.0,741.4092231248338,3.5687289,40.380974,0.1173147049979434
300.0,741.4274910386,3.5689294,40.281166,0.1176102096477083
300.0,741.4165285352922,3.5693302,40.318607,0.1179057129004803
300.0,741.4239093175047,3.5696108,40.306141,0.1182012161227081
300.0,741.4122460722388,3.5698514,40.2687,0.118496717668637
300.0,741.4189649059189,3.570092,40.331074,0.1187922189202114
300.0,741.4149750391048,3.5702124,40.343575,0.119087721553813
300.0,741.4220890564134,3.5708537,40.356041,0.1193832270228185
300.0,741.4212423839888,3.5710943,40.318607,0.1196787291821086
300.0,741.4142242858408,3.5712948,40.331074,0.1199742315164856
300.0,741.4257930557372,3.5714953,40.293633,0.1202697354894995
300.0,741.4155101073649,3.5718961,40.356041,0.120565238336361
300.0,741.4246593826039,3.5722971,40.293633,0.1208607418575361
300.0,741.4162160734178,3.5724576,40.368507,0.1211562449857716
300.0,741.4274221294564,3.5725777,40.331074,0.1214517496080719
300.0,741.4198871989756,3.573139,40.306141,0.1217472541994924
300.0,741.425920375767,3.573179,40.368507,0.1220427582232511
300.0,741.4120928625124,3.5738606,40.343575,0.1223382597081158
300.0,741.4257550306262,3.5739007,40.281166,0.1226337636659743
300.0,741.4219364448362,3.5743418,40.343575,0.122929269074154
300.0,741.4163435996671,3.5744219,40.343575,0.123224772253217
300.0,741.4221778505886,3.574903,40.318607,0.1235202747853483
300.0,741.4157769518737,3.5751035,40.356041,0.123815777738565
300.0,741.4270334676967,3.5755045,40.281166,0.1241112822059596
300.0,741.4180039191444,3.5757048,40.256195,0.1244067860467691
300.0,741.4231137809479,3.5760257,40.368507,0.1247022889519265
300.0,741.4113866523807,3.5763865,40.343575,0.12499779015532
300.0,741.4142814576886,3.5767071,40.256195,0.125293289540251
300.0,741.4053734722677,3.5767875,40.256195,0.1255887883469968
300.0,741.4215864044539,3.5772283,40.380974,0.1258842906434003
300.0,741.416037338858,3.5776694,40.356041,0.1261797937003982
300.0,741.4217393350099,3.5779901,40.393482,0.126475296057754
300.0,741.4135628508976,3.5779901,40.293633,0.1267707981285057
300.0,741.4133789526204,3.5785515,40.331074,0.1270663001259619
300.0,741.4261168978276,3.5787117,40.356041,0.1273618042280468
300.0,741.4231012709973,3.5789523,40.306141,0.1276573101004864
300.0,741.4197922174994,3.5794334,40.343575,0.1279528116817956
300.0,741.4080716043196,3.5795939,40.368507,0.1282483115639243
300.0,741.4097071042237,3.5797541,40.405949,0.128543809125693
300.0,741.4066213424761,3.5802352,40.331074,0.1288393084297971
300.0,741.4224449784417,3.5803556,40.343575,0.1291348110683953
300.0,741.4116225888671,3.5807564,40.393482,0.129430312365825
300.0,741.4194672157289,3.5809169,40.331074,0.1297258138176009
300.0,741.4147657383148,3.5814781,40.343575,0.1300213163677824
300.0,741.4254753660198,3.581358,40.343575,0.1303168202141773
300.0,741.4101967043131,3.5816786,40.380974,0.1306123209432982
300.0,741.4050612911019,3.5821598,40.318607,0.1309078196256192
300.0,741.4077275158198,3.5822799,40.368507,0.1312033163983996
300.0,741.3984825496048,3.5828412,40.281166,0.1314988124586594
300.0,741.415286101814,3.5832021,40.331074,0.1317943122440031
300.0,741.4042984284382,3.5833223,40.293633,0.1320898106222732
300.0,741.4210456911583,3.5838034,40.331074,0.132385312703169
300.0,741.4127869387905,3.5839238,40.405949,0.1326808144646687
300.0,741.4221719057692,3.5842845,40.356041,0.1329763169944307
300.0,741.4151658218783,3.5845652,40.293633,0.1332718197040718
300.0,741.4305653472513,3.5849662,40.380974,0.1335673255791386
300.0,741.424934221478,3.5853269,40.331074,0.1338628321821295
300.0,741.4310235283835,3.5855675,40.356041,0.1341583382398097
300.0,741.4303614912665,3.5857279,40.380974,0.1344538470059246
300.0,741.4326143616903,3.5860486,40.356041,0.1347493566699565
300.0,741.433766365499,3.5864496,40.393482,0.1350448638208267
300.0,741.4395436142444,3.5868905,40.380974,0.1353403762466216
300.0,741.4424142396402,3.5868504,40.343575,0.1356358868442038
300.0,741.4336393447021,3.5872514,40.293633,0.1359313969167589
300.0,741.4422864435217,3.5876122,40.380974,0.1362269074634065
300.0,741.4358217076036,3.5879328,40.281166,0.1365224184057767
300.0,741.4429294401752,3.5882938,40.343575,0.1368179292086982
300.0,741.4330289227962,3.5885744,40.331074,0.1371134390379599
300.0,741.4370557632707,3.5887749,40.380974,0.1374089474998584
300.0,741.4186851048786,3.5891757,40.343575,0.1377044516121653
300.0,741.4321943111313,3.5895367,40.343575,0.1379999581364748
300.0,741.4175648098785,3.5897772,40.380974,0.1382954618022704
300.0,741.4311951299853,3.5900178,40.343575,0.1385909709006451
300.0,741.4338547082907,3.590579,40.380974,0.1388864780867255
300.0,741.4269575763102,3.5908196,40.343575,0.1391819854961563
300.0,741.4342435777063,3.5908196,40.356041,0.1394774928372251
300.0,741.4318503637096,3.591501,40.343575,0.1397730021967536
300.0,741.4383029990694,3.5917416,40.356041,0.1400685111557525
300.0,741.4223826585815,3.5921025,40.418415,0.1403640167417778
300.0,741.4346942270561,3.5923831,40.393482,0.1406595242624582
300.0,741.4328118094376,3.5925837,40.331074,0.140955034005186
300.0,741.4419810952822,3.5930648,40.331074,0.1412505444301335
300.0,741.4354014946737,3.593225,40.43092,0.1415460552050212
300.0,741.436794677849,3.5934255,40.318607,0.1418415635628609
300.0,741.4301774344991,3.5938265,40.356041,0.1421370722556171
300.0,741.4249281790562,3.5942273,40.343575,0.1424325788561996
300.0,741.4290512276808,3.5947084,40.380974,0.1427280841277963
300.0,741.4174954253438,3.594909,40.393482,0.1430235877659376
300.0,741.424481903641,3.5951095,40.331074,0.1433190912163764
300.0,741.4246859803185,3.5954702,40.343575,0.1436145977204268
300.0,741.431284125745,3.5957508,40.368507,0.1439101038819712
300.0,741.4228469874672,3.596312,40.393482,0.144205609653062
300.0,741.4307748453706,3.5963924,40.306141,0.1445011156116268
300.0,741.4212562967057,3.5965526,40.368507,0.1447966207487227
300.0,741.4382771809384,3.5973144,40.368507,0.1450921296974315
300.0,741.4221975763863,3.597595,40.331074,0.1453876352096893
300.0,741.4323913092297,3.5976353,40.380974,0.1456831418125148
300.0,741.4178901013156,3.5980761,40.331074,0.1459786456079604
300.0,741.4213199681793,3.5984371,40.343575,0.1462741507704336
300.0,741.4316342009711,3.5987577,40.331074,0.1465696570715046
300.0,741.4236941024477,3.5988779,40.356041,0.1468651631802265
300.0,741.4329327183439,3.5992789,40.343575,0.1471606699988369
300.0,741.4235214598315,3.5998001,40.343575,0.1474561760387493
300.0,741.4331806321759,3.6000006,40.393482,0.1477516829561687
300.0,741.4249465507072,3.6004014,40.405949,0.1480471895640736
300.0,741.4400465876317,3.6002412,40.368507,0.1483426992180002
300.0,741.42404338073,3.6009629,40.393482,0.1486382054659325
300.0,741.4266580384062,3.6011231,40.343575,0.1489337097836953
300.0,741.4198308638331,3.6015642,40.368507,0.1492292143526625
300.0,741.4317413058934,3.6019652,40.443386,0.1495247206964215
300.0,741.4263848980662,3.602366,40.380974,0.1498202278776024
300.0,741.4293311859959,3.6026065,40.368507,0.1501157362330728
300.0,741.4362974826954,3.6028471,40.356041,0.1504112443927496
300.0,741.4244754834859,3.6032481,40.293633,0.1507067508129032
300.0,741.424208977489,3.6034887,40.331074,0.1510022541545641
300.0,741.4115647884331,3.60409,40.380974,0.1512977554289565
300.0,741.422508907171,3.604491,40.306141,0.1515932580930343
300.0,741.4078047354592,3.6044106,40.393482,0.1518887578687983
300.0,741.419435929021,3.6048918,40.405949,0.1521842593081045
300.0,741.4093372598987,3.6051323,40.405949,0.1524797596946803
300.0,741.4118885006774,3.605453,40.331074,0.1527752581258702
300.0,741.403559356886,3.6059742,40.380974,0.1530707562095716
300.0,741.4156880693033,3.6063752,40.405949,0.1533662561551242
300.0,741.4130981070114,3.6066959,40.368507,0.1536617580406449
300.0,741.4196706715192,3.6068163,40.331074,0.1539572595735105
300.0,741.4165795360512,3.6072974,40.393482,0.1542527628466097
300.0,741.4213135958342,3.6073375,40.343575,0.1545482680065431
300.0,741.4319204086543,3.6078987,40.405949,0.1548437744216856
300.0,741.4228150905445,3.6083398,40.368507,0.1551392801800634
300.0,741.4335492501099,3.6084599,40.356041,0.1554347872443998
300.0,741.4208179562548,3.6088209,40.368507,0.1557302922067882
300.0,741.4318573953703,3.6094623,40.368507,0.156025798596816
300.0,741.4300884212383,3.6097429,40.380974,0.1563213072540945
300.0,741.4399381032486,3.6101439,40.418415,0.1566168168647835
300.0,741.4252716464106,3.6103041,40.368507,0.1569123236022603
300.0,741.4375205853987,3.610625,40.405949,0.1572078322494191
300.0,741.4302221605752,3.6108656,40.356041,0.1575033409600015
300.0,741.4433552482818,3.6112263,40.343575,0.1577988519326338
300.0,741.4369926128674,3.611948,40.368507,0.1580943633416868
300.0,741.4306227937893,3.6119881,40.356041,0.1583898722119479
300.0,741.4332503106027,3.6123891,40.380974,0.1586853791571384
300.0,741.4364710210224,3.6127498,40.393482,0.1589808903583028
300.0,741.4403902174441,3.6131508,40.380974,0.1592764001491871
300.0,741.4294018154809,3.6135116,40.418415,0.1595719085328081
300.0,741.4325757338936,3.6137521,40.405949,0.1598674152091381
300.0,741.4291786233778,3.6142733,40.368507,0.1601629235038023
300.0,741.4366931637232,3.614594,40.380974,0.1604584318211825
300.0,741.4253731109144,3.6147945,40.393482,0.1607539385990996
300.0,741.429248103713,3.6152356,40.43092,0.1610494439491635
300.0,741.425964771032,3.6154761,40.393482,0.1613449509628962
300.0,741.4320158433604,3.6159573,40.368507,0.1616404574160752
300.0,741.4217520583502,3.616358,40.306141,0.1619359627507648
300.0,741.4244692698868,3.6165185,40.306141,0.1622314691684419
300.0,741.4303233662162,3.6171198,40.480824,0.1625269749470643
300.0,741.4180109747159,3.6172402,40.343575,0.1628224787906859
300.0,741.4223114082737,3.6177614,40.380974,0.1631179813760482
300.0,741.4164511430178,3.618082,40.343575,0.1634134845979744
300.0,741.423597023462,3.6184027,40.405949,0.1637089876957337
300.0,741.4175719265336,3.6187637,40.418415,0.1640044913643658
300.0,741.4170680936062,3.6193249,40.393482,0.1642999918599433
300.0,741.4152811048452,3.6192849,40.380974,0.1645954946155323
300.0,741.4204790865225,3.6198461,40.405949,0.1648909964706012
300.0,741.4118262253503,3.6200466,40.393482,0.1651864978491934
300.0,741.4220891661034,3.6204474,40.356041,0.1654820003459785
300.0,741.4154781618412,3.6210489,40.368507,0.1657775031801077
300.0,741.4229420432521,3.6215301,40.443386,0.1660730089890845
300.0,741.4414079717681,3.6218507,40.368507,0.1663685191856068
300.0,741.4182468013644,3.6220109,40.331074,0.1666640231232209
300.0,741.4267411807984,3.6224921,40.43092,0.1669595274741212
300.0,741.4176604638125,3.6227326,40.405949,0.1672550311780412
300.0,741.4231839960876,3.6232538,40.405949,0.1675505341111836
300.0,741.4107689552784,3.623735,40.393482,0.1678460350683842
300.0,741.4280777726512,3.6238554,40.43092,0.1681415399519989
300.0,741.4238839698874,3.6242161,40.393482,0.1684370461363954
300.0,741.4259902980705,3.6246171,40.393482,0.1687325501880225
300.0,741.4207522950604,3.6249378,40.418415,0.1690280551242406
300.0,741.4244690130184,3.6252985,40.405949,0.1693235585695417
300.0,741.4173296667633,3.62586,40.368507,0.1696190621416173
300.0,741.4177374897384,3.6259,40.356041,0.1699145658762372
300.0,741.4177423527693,3.6263008,40.380974,0.1702100666405487
300.0,741.4131875230456,3.6267018,40.380974,0.1705055685617076
300.0,741.4213953022665,3.6270225,40.405949,0.1708010707819451
300.0,741.414205108745,3.6275837,40.343575,0.1710965731086788
300.0,741.4221723938807,3.6277843,40.380974,0.1713920756386353
300.0,741.423310669296,3.6283858,40.306141,0.1716875815945338
300.0,741.4353706591104,3.6287866,40.380974,0.1719830893848142
300.0,741.4288289789515,3.6291876,40.281166,0.1722785975401221
300.0,741.4345100337348,3.6293077,40.331074,0.1725741049873901
300.0,741.4147087687004,3.6297088,40.356041,0.1728696075148655
300.0,741.4278733769102,3.6299493,40.331074,0.1731651123170158
300.0,741.4215869223727,3.6306307,40.368507,0.1734606175858878
300.0,741.420575074393,3.6310718,40.343575,0.1737561224514718
300.0,741.4266189148015,3.631593,40.306141,0.1740516267536415
300.0,741.4211860577673,3.6317134,40.393482,0.1743471318627426
300.0,741.424144474854,3.6320741,40.306141,0.1746426351786952
300.0,741.4148419709718,3.6325552,40.380974,0.1749381377592604
300.0,741.4270585531233,3.6329963,40.343575,0.1752336422366531
300.0,741.4162867882869,3.6331565,40.443386,0.1755291453930731
300.0,741.4245902051294,3.6335175,40.368507,0.1758246488866767
300.0,741.4091020193259,3.6340787,40.405949,0.1761201491794937
300.0,741.4228653299939,3.6343594,40.443386,0.176415651985628
300.0,741.4148615019333,3.63468,40.356041,0.1767111545739776
300.0,741.4206577742275,3.6350009,40.418415,0.1770066565002646
300.0,741.4150771992664,3.6356823,40.405949,0.1773021591745837
300.0,741.4193027045743,3.6358428,40.418415,0.1775976635330447
300.0,741.4293882046285,3.6360834,40.356041,0.1778931689389475
300.0,741.4248706720182,3.6368451,40.368507,0.1781886755166097
300.0,741.4358914746402,3.6370857,40.418415,0.1784841835144672
300.0,741.4244377513348,3.6376069,40.356041,0.1787796899195821
300.0,741.4284833292762,3.6377671,40.331074,0.1790751949648361
300.0,741.4165983103223,3.638088,40.393482,0.1793706982454181
300.0,741.4273765482621,3.6385691,40.418415,0.1796662028495515
300.0,741.416865167007,3.63905,40.468357,0.1799617062364935
300.0,741.425888063621,3.6393709,40.380974,0.1802572102473738
300.0,741.4204033951489,3.6398921,40.368507,0.1805527150445324
300.0,741.4270396933297,3.6400926,40.455853,0.1808482195144083
300.0,741.4190736163637,3.6406939,40.418415,0.1811437237815626
300.0,741.4231335220416,3.6410146,40.393482,0.1814392296668563
300.0,741.4297699935382,3.6414557,40.405949,0.1817347352249255
300.0,741.4207217776358,3.6419368,40.393482,0.1820302401489804
300.0,741.4276647701403,3.6420569,40.43092,0.182325744867988
300.0,741.4198108929568,3.6428187,40.418415,0.1826212494289955
300.0,741.4283384432217,3.6429391,40.380974,0.1829167544165035
300.0,741.4260220827967,3.6433802,40.405949,0.1832122614530787
300.0,741.4264863699692,3.6437008,40.405949,0.1835077657024211
300.0,741.4265254249023,3.644182,40.380974,0.1838032729396112
300.0,741.4268557446012,3.6446631,40.331074,0.1840987773361722
300.0,741.4145815351819,3.6449838,40.380974,0.1843942798129366
300.0,741.4256660775033,3.6452644,40.393482,0.1846897837353418
300.0,741.4199261024596,3.6458657,40.380974,0.1849852883422678
300.0,741.4257674573721,3.6461866,40.393482,0.185280795277358
300.0,741.4283253204892,3.6465473,40.418415,0.1855763002596358
300.0,741.4198491618154,3.6470685,40.356041,0.1858718048358959
300.0,741.4164385372825,3.6474292,40.393482,0.1861673050805564
300.0,741.4225732948361,3.6478302,40.405949,0.1864628107425627
300.0,741.4228087134711,3.6480708,40.368507,0.1867583135261318
300.0,741.4188057585517,3.6486721,40.331074,0.1870538176865271
300.0,741.4374317786938,3.6491532,40.356041,0.1873493262982909
300.0,741.4336000505181,3.6493537,40.380974,0.1876448363551847
300.0,741.4391872201625,3.6496344,40.380974,0.1879403456666004
300.0,741.4341346916018,3.6502759,40.380974,0.1882358559365837
300.0,741.4322199216065,3.6508772,40.380974,0.1885313624711006
300.0,741.427243085201,3.651238,40.318607,0.1888268699943255
300.0,741.4245909734927,3.6514785,40.380974,0.1891223764605095
300.0,741.4350192287754,3.6518395,40.418415,0.1894178841107232
300.0,741.4308578269131,3.6522002,40.380974,0.1897133930746604
300.0,741.4341154762687,3.6526814,40.418415,0.1900089003646729
300.0,741.4270528519756,3.6532025,40.43092,0.1903044078120774
300.0,741.4373807404847,3.6533229,40.468357,0.1905999164034993
300.0,741.4331037880798,3.6538441,40.356041,0.1908954262625998
300.0,741.4286436817755,3.6541648,40.393482,0.1911909313717642
300.0,741.4256140642414,3.654686,40.43092,0.1914864382457171
300.0,741.4339309050845,3.6553276,40.343575,0.1917819454621666
300.0,741.420403199978,3.6556082,40.393482,0.1920774502592474
300.0,741.4304184715073,3.656049,40.331074,0.1923729560757751
300.0,741.424946513924,3.6563699,40.343575,0.1926684626836653
300.0,741.4203076194058,3.6568511,40.380974,0.1929639674426509
300.0,741.4219745656194,3.6571717,40.443386,0.1932594698937607
300.0,741.4220255558615,3.6576929,40.368507,0.193554975337457
300.0,741.4279313487466,3.6582942,40.468357,0.1938504801627127
300.0,741.4173622227654,3.6583745,40.356041,0.194145983747764
300.0,741.4188184939854,3.6588957,40.356041,0.1944414849409842
300.0,741.4200478060656,3.6593766,40.418415,0.1947369895964171
300.0,741.4237881741485,3.6597376,40.368507,0.1950324927703619
300.0,741.4183991687604,3.6602588,40.380974,0.1953279967687044
300.0,741.4258245014485,3.6603789,40.368507,0.1956235007542513
300.0,741.4147721589538,3.6609404,40.356041,0.1959190033069918
300.0,741.425863539617,3.6614213,40.393482,0.1962145073080979
300.0,741.4237626324764,3.6619427,40.405949,0.1965100134441335
300.0,741.4206138559144,3.6620629,40.368507,0.1968055183251745
300.0,741.4288025933716,3.6626642,40.43092,0.197101023497675
300.0,741.4167500064632,3.6631052,40.405949,0.1973965268387178
300.0,741.4257994768502,3.6635864,40.443386,0.1976920308142909
300.0,741.420512012784,3.6639071,40.343575,0.1979875356547407
300.0,741.42593368165,3.6643081,40.380974,0.1982830396838027
300.0,741.4147148839724,3.6648693,40.331074,0.1985785422137154
300.0,741.4265193534283,3.6651099,40.356041,0.1988740464762038
300.0,741.4231331436197,3.6657515,40.368507,0.1991695523613466
300.0,741.4241708911401,3.6660321,40.380974,0.1994650556878277
300.0,741.4173869053709,3.6665533,40.43092,0.1997605592827167
300.0,741.4265693417451,3.6666334,40.356041,0.2000560635651285
300.0,741.4260855465654,3.6674752,40.405949,0.2003515706269981
300.0,741.4192575020559,3.6677158,40.380974,0.2006470749674429
300.0,741.4198245785026,3.6681569,40.443386,0.20094257656165
300.0,741.4199832803416,3.6684775,40.380974,0.2012380811913651
300.0,741.4197023120452,3.6690388,40.368507,0.2015335827368414
300.0,741.4130534903128,3.6693196,40.380974,0.2018290846045795
300.0,741.4232475098123,3.6698005,40.380974,0.202124587563036
300.0,741.4184172349931,3.6702816,40.380974,0.2024200915685791
300.0,741.4291526323256,3.6705623,40.455853,0.2027155968805918
300.0,741.4148729519978,3.6711237,40.380974,0.203011099473505
300.0,741.4209115839193,3.6714444,40.356041,0.2033066015009508
300.0,741.4095216585606,3.6718454,40.356041,0.2036021019610216
300.0,741.4214975126199,3.6725268,40.356041,0.2038976042219962
300.0,741.4080393654511,3.6728075,40.368507,0.2041931040912757
300.0,741.415210511734,3.6732085,40.405949,0.2044886068187287
300.0,741.4145109630035,3.6738498,40.393482,0.2047841062951317
300.0,741.4068247718171,3.6740503,40.418415,0.2050796056803158
300.0,741.4142120483087,3.6744113,40.343575,0.2053751050375829
300.0,741.4177938978846,3.675173,40.455853,0.2056706087946851
300.0,741.4142945560692,3.6753333,40.418415,0.2059661081848367
300.0,741.4042531892388,3.6758544,40.368507,0.2062616065450759
300.0,741.4218223189617,3.6764157,40.318607,0.2065571089355059
300.0,741.4180299930658,3.6766162,40.380974,0.2068526127867076
300.0,741.4259515892658,3.6770172,40.368507,0.2071481168229069
300.0,741.4140973331332,3.677418,40.418415,0.207443619106685
300.0,741.4257800433554,3.6778591,40.418415,0.2077391230745126
300.0,741.4110109461067,3.6783001,40.393482,0.2080346241281624
300.0,741.4066969766259,3.6789014,40.43092,0.2083301234624117
300.0,741.4166616708534,3.6791821,40.468357,0.2086256237960047
300.0,741.4105341906363,3.6797836,40.380974,0.2089211246596361
300.0,741.4184308697886,3.6800642,40.318607,0.2092166256983641
300.0,741.4087774235979,3.6805053,40.281166,0.2095121258618083
300.0,741.4177554510987,3.6809461,40.393482,0.2098076266313403
300.0,741.4115195495918,3.6815076,40.356041,0.2101031278877021
300.0,741.4201106763467,3.6819885,40.43092,0.2103986295959368
300.0,741.4130726188076,3.6824296,40.380974,0.2106941314712988
300.0,741.4178323439155,3.6826301,40.318607,0.2109896322714773
300.0,741.4163311728267,3.6830711,40.405949,0.2112851354455874
300.0,741.4172341348211,3.6836724,40.380974,0.2115806360073426
300.0,741.4098727188077,3.6839931,40.380974,0.211876136607334
300.0,741.412455654253,3.6845143,40.43092,0.2121716352645696
300.0,741.415681469066,3.6847148,40.393482,0.21246713817973
300.0,741.4063598203282,3.685276,40.343575,0.2127626373796003
300.0,741.4178702466534,3.6857972,40.405949,0.2130581381948854
300.0,741.4104765491529,3.6860378,40.356041,0.2133536390355429
300.0,741.4161270974475,3.6867194,40.405949,0.2136491391560754
300.0,741.4112729079135,3.68696,40.380974,0.2139446403141342
300.0,741.4166801155401,3.6874411,40.368507,0.2142401406550785
300.0,741.4122967312568,3.6879222,40.318607,0.2145356422211983
300.0,741.416450768768,3.6881628,40.393482,0.2148311424707338
300.0,741.4055768648767,3.6888442,40.43092,0.2151266413585449
300.0,741.412188038135,3.6890047,40.368507,0.2154221399091189
300.0,741.4104958604894,3.689606,40.356041,0.2157176407574732
300.0,741.4230635978674,3.6902475,40.393482,0.2160131436426295
300.0,741.4158348369244,3.6902876,40.368507,0.2163086466189172
300.0,741.4112204058471,3.6908889,40.368507,0.2166041477560505
300.0,741.4176800479402,3.6912498,40.356041,0.2168996484955296
300.0,741.4063025448352,3.6918111,40.393482,0.2171951476725719
300.0,741.4211350716153,3.6921318,40.380974,0.2174906497890913
300.0,741.4184821762291,3.6924927,40.356041,0.2177861538205178
300.0,741.420479770216,3.6931341,40.380974,0.2180816556758592
300.0,741.4129774409579,3.693455,40.356041,0.2183771575132866
300.0,741.4210396117386,3.6938558,40.443386,0.2186726595917594
300.0,741.4068626500268,3.6943369,40.380974,0.2189681589920404
300.0,741.4170940702289,3.6946576,40.368507,0.2192636594979712
300.0,741.4124112939072,3.6950986,40.380974,0.2195591611097518
300.0,741.4217266517874,3.6954193,40.331074,0.2198546634620525
300.0,741.4161269259674,3.6959405,40.368507,0.2201501665547568
300.0,741.4248451469801,3.6963015,40.393482,0.2204456731222456
300.0,741.4279499158064,3.6969829,40.380974,0.2207411779549014
300.0,741.4175279325915,3.6970632,40.356041,0.221036681605999
300.0,741.428484586415,3.6977046,40.356041,0.2213321866517541
300.0,741.4200468783511,3.6979451,40.318607,0.2216276913068173
300.0,741.4359860187133,3.6985466,40.331074,0.2219231993423565
300.0,741.4202186673822,3.6989875,40.318607,0.2222187040658889
300.0,741.4317365812246,3.6993484,40.306141,0.2225142104077647
300.0,741.4173947666429,3.7000299,40.343575,0.2228097140057869
300.0,741.4249527069626,3.7002304,40.306141,0.2231052176438699
300.0,741.4225352703121,3.700912,40.393482,0.223400723290721
300.0,741.4238008206386,3.7009921,40.468357,0.2236962264697061
300.0,741.4100827156137,3.7013931,40.306141,0.223991727153395
300.0,741.4107253518829,3.7019544,40.368507,0.2242872280932168
300.0,741.4236168109794,3.702235,40.2687,0.2245827311988627
300.0,741.4185006333154,3.7028363,40.343575,0.2248782352376455
300.0,741.4224267896541,3.7031171,40.293633,0.2251737378689944
300.0,741.4137724813552,3.7037184,40.405949,0.2254692400232977
300.0,741.4305965483185,3.7038386,40.281166,0.2257647459108
300.0,741.4110877280561,3.7046003,40.368507,0.2260602469950525
300.0,741.4162285510519,3.7048008,40.306141,0.2263557471560205
300.0,741.4092869551044,3.7051618,40.368507,0.2266512475225465
300.0,741.4162733385087,3.705683,40.331074,0.2269467477013651
300.0,741.4097960957575,3.7062442,40.380974,0.2272422482708171
300.0,741.4221785096234,3.7064044,40.368507,0.2275377508032111
300.0,741.4079635360793,3.7071261,40.368507,0.2278332506422676
300.0,741.4074288339119,3.7074068,40.281166,0.2281287502682101
300.0,741.4147976101967,3.7076876,40.331074,0.2284242498588598
300.0,741.4079057114473,3.7082889,40.306141,0.2287197496748694
300.0,741.4199445621273,3.7085295,40.343575,0.2290152513168973
300.0,741.4034517403783,3.7089303,40.293633,0.2293107493577064
300.0,741.4169736110268,3.7096119,40.368507,0.2296062498156269
300.0,741.414066376203,3.7097723,40.331074,0.2299017520870666
300.0,741.4222602606347,3.7102535,40.318607,0.2301972546520434
300.0,741.419506646834,3.7106142,40.256195,0.2304927590917888
300.0,741.4263907884357,3.7110953,40.368507,0.230788263303036
300.0,741.4211097517484,3.711416,40.343575,0.2310837683817241
300.0,741.4304568383628,3.7118971,40.318607,0.2313792742135434
300.0,741.416247603941,3.7123382,40.331074,0.2316747773543458
300.0,741.4192327341175,3.7125788,40.306141,0.231970281684919
300.0,741.4155860667081,3.7132602,40.331074,0.2322657815898173
300.0,741.4171844528568,3.7134607,40.368507,0.2325612851040156
300.0,741.4320859609392,3.7139018,40.331074,0.2328567915851409
300.0,741.4207979979635,3.7143028,40.281166,0.2331522965395746
300.0,741.4204025601091,3.7147036,40.331074,0.233447798364143
300.0,741.4176414332868,3.7152247,40.356041,0.2337433020604781
300.0,741.4282174947828,3.7156258,40.343575,0.2340388069997807
300.0,741.4205812757142,3.7159464,40.393482,0.2343343118678364
300.0,741.4216941805358,3.716187,40.343575,0.2346298142071953
300.0,741.411310310346,3.716588,40.306141,0.2349253153801614
300.0,741.42212125852,3.7171092,40.343575,0.2352208178897373
300.0,741.4144980147947,3.7174699,40.356041,0.2355163203332134
300.0,741.4056912562473,3.7177505,40.356041,0.2358118192666169
300.0,741.4151978568389,3.7181516,40.331074,0.2361073190167896
300.0,741.4094900546756,3.7186728,40.331074,0.2364028194642642
300.0,741.4099792738311,3.7189133,40.256195,0.2366983171345092
300.0,741.4182203732192,3.7195947,40.343575,0.2369938210615899
300.0,741.4222042057393,3.7200358,40.318607,0.2372893236042254
300.0,741.4149057645616,3.7201562,40.306141,0.2375848262102166
300.0,741.4230937000316,3.720597,40.343575,0.2378803291073705
300.0,741.4154588627316,3.7213187,40.356041,0.2381758319338076
300.0,741.4196328658817,3.7212787,40.343575,0.2384713334516053
300.0,741.4092295944831,3.7218399,40.318607,0.2387668337952694
300.0,741.4138620950979,3.722281,40.318607,0.2390623330130585
300.0,741.4141541200594,3.7227621,40.380974,0.2393578353194699
300.0,741.4078799426372,3.7229626,40.281166,0.2396533351252089
300.0,741.4128565474471,3.7234838,40.368507,0.2399488339422252
300.0,741.4001435407977,3.723644,40.306141,0.2402443306644992
300.0,741.4065375922088,3.724005,40.331074,0.2405398269630216
300.0,741.4051182122689,3.7245662,40.306141,0.2408353256680294
300.0,741.4183414647239,3.7247667,40.306141,0.2411308266711239
300.0,741.4104454338349,3.7251275,40.356041,0.24142632749938
300.0,741.4050228014787,3.7255285,40.331074,0.2417218231941646
300.0,741.3995886721225,3.7259693,40.331074,0.242017319695287
300.0,741.4138234719339,3.7262099,40.393482,0.2423128188976824
300.0,741.4039927538071,3.726691,40.343575,0.242608317154121
300.0,741.4093627295312,3.7271321,40.306141,0.242903814578635
300.0,741.3959174005063,3.7272122,40.343575,0.2431993096165142
300.0,741.3953197467724,3.7278137,40.243729,0.243494804416189
300.0,741.4027899646522,3.7282145,40.306141,0.2437902992210502
300.0,741.393060577928,3.7286556,40.2687,0.2440857931202977
300.0,741.4049528301134,3.7290967,40.218758,0.2443812887871944
300.0,741.3976425999825,3.7293372,40.293633,0.244676784512679
300.0,741.4083577315364,3.7296579,40.293633,0.2449722815366393
300.0,741.4092422897538,3.7299786,40.331074,0.2452677818853633
300.0,741.4123097674193,3.7304597,40.318607,0.2455632804844539
300.0,741.4060550730535,3.7308607,40.343575,0.2458587795628624
300.0,741.4134866293308,3.731061,40.2687,0.2461542786310052
300.0,741.4086128002832,3.7315021,40.306141,0.2464497787288362
300.0,741.4198117368907,3.7319031,40.331074,0.2467452803179251
300.0,741.4072057511862,3.7320633,40.368507,0.2470407798549544
300.0,741.4134228737122,3.7326648,40.331074,0.2473362818699161
300.0,741.4231956536674,3.7329855,40.256195,0.2476317848077048
300.0,741.416089804397,3.733146,40.368507,0.2479272878856137
300.0,741.4094205548472,3.7337472,40.318607,0.2482227853331747
300.0,741.4009822696165,3.7341483,40.206291,0.2485182823897373
300.0,741.4052211056754,3.7342284,40.281166,0.2488137781635584
300.0,741.4085234210834,3.7347095,40.281166,0.2491092782257659
300.0,741.4140023788568,3.7351506,40.243729,0.2494047774994668
300.0,741.4043171540571,3.7352707,40.243729,0.2497002758852002
300.0,741.412908012939,3.7357919,40.356041,0.2499957747227287
300.0,741.4028090306449,3.7361526,40.281166,0.2502912725073757
300.0,741.4115004611177,3.7364736,40.256195,0.2505867707839079
300.0,741.395942937669,3.7364736,40.318607,0.2508822658319652
300.0,741.4050619499254,3.7371149,40.2687,0.2511777645145488
300.0,741.4096743158865,3.7373555,40.356041,0.2514732620632492
300.0,741.4053482648749,3.7377965,40.281166,0.2517687608599482
300.0,741.4151980642389,3.7380371,40.256195,0.2520642606102035
300.0,741.4116729427226,3.7383978,40.293633,0.2523597619277026
300.0,741.4179723100772,3.7387989,40.293633,0.2526552627836662
300.0,741.4061883490959,3.7390394,40.256195,0.2529507619151939
300.0,741.4133774000163,3.7393601,40.218758,0.2532462609398022
300.0,741.4125000626798,3.7395606,40.318607,0.2535417625869628
300.0,741.4146699730303,3.740202,40.318607,0.2538372621267413
300.0,741.410311974746,3.740603,40.281166,0.254132762901805
300.0,741.4212235486492,3.7409236,40.256195,0.2544282650535881
300.0,741.4059845287991,3.741004,40.243729,0.25472376410388
300.0,741.4129772577069,3.7415252,40.281166,0.2550192659412343
300.0,741.4121115852887,3.7418058,40.243729,0.2553147644613372
300.0,741.4113352851708,3.7421265,40.2687,0.2556102656442575
300.0,741.4217895062726,3.7422466,40.256195,0.2559057680216096
300.0,741.4039858933044,3.7428081,40.18132,0.2562012662753138
300.0,741.4088920485316,3.7431688,40.218758,0.2564967635122324
300.0,741.4032098834838,3.7435296,40.256195,0.2567922614566457
300.0,741.4056404198183,3.7437701,40.281166,0.2570877573975894
300.0,741.3985962942764,3.7440107,40.243729,0.2573832535031839
300.0,741.3998690380894,3.7443316,40.218758,0.2576787471438755
300.0,741.3948742778999,3.7446523,40.231262,0.2579742417660017
300.0,741.3948040202183,3.7451334,40.281166,0.2582697333879709
300.0,741.398081343207,3.7452536,40.281166,0.2585652292883235
300.0,741.3998886342041,3.7455745,40.256195,0.2588607259090005
300.0,741.4064413759924,3.7458551,40.231262,0.2591562221691747
300.0,741.4037437192252,3.7460957,40.331074,0.2594517203263566
300.0,741.4133400828483,3.7464163,40.2687,0.2597472193360916
300.0,741.4039419239185,3.746737,40.206291,0.2600427175722712
300.0,741.4069193325684,3.7471781,40.231262,0.2603382140229406
300.0,741.4001880106192,3.7477393,40.281166,0.2606337107629388
300.0,741.4105088295275,3.7478194,40.243729,0.2609292086442444
300.0,741.3999962877509,3.7483006,40.318607,0.2612247053078285
300.0,741.4107056815147,3.748461,40.2687,0.2615202032675918
300.0,741.4052842392798,3.7487016,40.206291,0.2618157020387723
300.0,741.4021847365967,3.7490222,40.218758,0.2621111966024128
300.0,741.3935322063617,3.7493029,40.156387,0.2624066906896352
300.0,741.4073651746141,3.7496235,40.256195,0.2627021902902053
300.0,741.4131367004718,3.7499444,40.218758,0.2629976892188799
300.0,741.4050164915104,3.7502251,40.218758,0.2632931878833452
300.0,741.4100176649363,3.7505457,40.2687,0.2635886855688915
300.0,741.4004739101589,3.7508664,40.156387,0.2638841824228395
300.0,741.4048251928446,3.7512674,40.206291,0.2641796780388649
300.0,741.404851819288,3.7515481,40.231262,0.2644751766376976
300.0,741.4141358514639,3.7518687,40.168854,0.2647706759645955
300.0,741.4087078805219,3.7520692,40.2687,0.2650661761003222
300.0,741.4076701670019,3.7523899,40.218758,0.2653616728502456
300.0,741.392691609529,3.7527108,40.156387,0.2656571666024348
300.0,741.4036287512249,3.7530315,40.2687,0.2659526617416043
300.0,741.3979347004852,3.7532721,40.156387,0.2662481575835102
300.0,741.404825437284,3.7534726,40.231262,0.2665436531996331
300.0,741.3947979108486,3.7536728,40.193825,0.2668391477913219
300.0,741.39759745865,3.754154,40.231262,0.2671346434988147
300.0,741.4125957061577,3.754154,40.218758,0.2674301422118696
300.0,741.4017780418922,3.7547956,40.231262,0.2677256395855999
300.0,741.402312154699,3.7549558,40.218758,0.2680211342000244
300.0,741.4012819505291,3.7553968,40.18132,0.2683166313760295
300.0,741.4048064796735,3.7555974,40.206291,0.2686121269845966
300.0,741.4001040506753,3.7558379,40.143883,0.2689076236911312
300.0,741.4119201168003,3.7561586,40.218758,0.2692031221349221
300.0,741.4010209045678,3.7563992,40.18132,0.2694986192068833
300.0,741.4059647132364,3.7567601,40.231262,0.2697941152770779
300.0,741.4003154393087,3.7571208,40.156387,0.2700896120678648
300.0,741.4070838965569,3.757241,40.156387,0.2703851085841232
300.0,741.401618130716,3.7575219,40.18132,0.2706806058941182
300.0,741.4054758277027,3.7575619,40.206291,0.2709761047416593
300.0,741.4082808758615,3.7581232,40.193825,0.2712716017349879
300.0,741.3993723648737,3.7583237,40.168854,0.2715670981498976
300.0,741.4066265577123,3.7585239,40.143883,0.2718625944838782
300.0,741.4038076102725,3.758925,40.206291,0.2721580926665248
300.0,741.4099480967067,3.7592056,40.168854,0.2724535903243438
300.0,741.3996208256581,3.759366,40.206291,0.2727490868382815
300.0,741.4029613645538,3.7598472,40.243729,0.2730445817114562
300.0,741.3952049281232,3.7599673,40.193825,0.2733400764653683
300.0,741.396178283364,3.7603283,40.193825,0.2736355686350662
300.0,741.3892240353262,3.7607291,40.193825,0.273931061005199
300.0,741.3957515229771,3.7608895,40.156387,0.2742265530048066
300.0,741.4015805454418,3.7610097,40.143883,0.2745220502998214
300.0,741.4037189022765,3.7612903,40.106445,0.2748175484471122
300.0,741.4045516807133,3.7616513,40.231262,0.2751130439541261
300.0,741.3985711479672,3.7618115,40.231262,0.2754085400496982
300.0,741.4055701921445,3.7625332,40.106445,0.2757040359626518
300.0,741.3989717199441,3.7625732,40.206291,0.2759995322178782
300.0,741.4117166486807,3.7624931,40.11895,0.2762950305805744
300.0,741.4010091124551,3.7630143,40.143883,0.2765905276478356
300.0,741.4110621043376,3.7632148,40.131416,0.2768860257496555
300.0,741.4067227212888,3.7634153,40.143883,0.2771815250941657
300.0,741.4141610468321,3.7635355,40.106445,0.2774770244311055
300.0,741.3985011287048,3.7638562,40.18132,0.2777725204987704
300.0,741.4085477228497,3.7643776,40.143883,0.2780680175984539
300.0,741.4041697549007,3.7644176,40.11895,0.278363515925439
300.0,741.4039608079764,3.7648988,40.156387,0.2786590141691451
300.0,741.4096491081377,3.7649789,40.156387,0.2789545117077987
300.0,741.4020655531399,3.7651794,40.168854,0.2792500091961211
300.0,741.402783336037,3.7652996,40.168854,0.2795455039983404
300.0,741.3961283612471,3.7658207,40.168854,0.2798409991203013
300.0,741.4044251418359,3.7659011,40.156387,0.2801364945768817
300.0,741.4070527248643,3.7662218,40.131416,0.28043199405292
300.0,741.4080010894446,3.7664623,40.106445,0.2807274909347364
300.0,741.395224141644,3.7667029,40.093979,0.2810229856963063
300.0,741.4073705679997,3.7667029,40.069046,0.2813184823268209
300.0,741.4047889415949,3.7671037,40.143883,0.2816139809005927
300.0,741.4126270663304,3.7672241,40.056538,0.2819094796261466
300.0,741.4100309579084,3.7675848,40.11895,0.2822049802892066
300.0,741.3995196420674,3.7678254,40.044071,0.282500476762816
300.0,741.4107563650873,3.7681861,40.069046,0.2827959747427799
300.0,741.3862145523141,3.768146,40.093979,0.2830914659134358
300.0,741.402878746903,3.7686272,40.11895,0.2833869607536823
300.0,741.3997809198806,3.7687876,40.11895,0.283682457331428
300.0,741.408516973315,3.7690682,40.131416,0.283977954418856
300.0,741.4032807941379,3.7693088,40.131416,0.2842734523915318
300.0,741.4079756739889,3.7696295,40.093979,0.2845689492632186
300.0,741.3916667975924,3.7697499,40.106445,0.2848644426069529
300.0,741.3930410589386,3.7699904,40.056538,0.285159933526273
300.0,741.3904772767012,3.7699904,40.168854,0.285455426395905
300.0,741.3965217665536,3.770231,40.056538,0.2857509187025022
300.0,741.3887839618695,3.7706718,40.106445,0.2860464108972368
300.0,741.3856158488009,3.7710729,40.143883,0.2863419018292701
300.0,741.39291420318,3.7710729,40.044071,0.2866373926980304
300.0,741.3910889927722,3.7713935,40.093979,0.2869328858114715
300.0,741.3966611593212,3.7715139,40.056538,0.2872283781736253
300.0,741.3929335273025,3.7718747,40.11895,0.2875238720222347
300.0,741.3994295584638,3.7719948,40.081512,0.2878193654877665
300.0,741.3961018597403,3.772476,40.056538,0.2881148605991648
300.0,741.4002946633525,3.7725163,40.056538,0.2884103544094944
300.0,741.3826435235796,3.7727969,40.081512,0.2887058441568605
300.0,741.3950707333737,3.7727566,40.056538,0.2890013358851314
300.0,741.3872321135084,3.7729571,40.069046,0.2892968274613524
300.0,741.3991631016169,3.7731576,40.019104,0.2895923208206847
300.0,741.3927373127902,3.7735586,40.081512,0.2898878145910897
300.0,741.3881419358229,3.7737992,40.081512,0.2901833065299348
300.0,741.3918773201176,3.7737589,39.981663,0.2904787969854331
300.0,741.3743974072895,3.7741199,40.044071,0.2907742834461795
300.0,741.3874539315129,3.7745609,40.056538,0.2910697721386844
300.0,741.3870346659658,3.7747612,40.031605,0.2913652636362095
300.0,741.394498305729,3.7749217,39.994171,0.2916607551363326
300.0,741.3920113516629,3.7748015,40.069046,0.2919562486173944
300.0,741.3961271479521,3.7753227,40.044071,0.2922517407667117
300.0,741.389299767087,3.7756033,40.081512,0.2925472331670286
300.0,741.393397115972,3.7758439,40.069046,0.2928427242282595
300.0,741.3879699516721,3.7758839,40.031605,0.2931382160985575
300.0,741.3942313247034,3.7760041,40.019104,0.2934337074922722
300.0,741.3827593315385,3.7761645,40.044071,0.2937291972857954
300.0,741.3837453010237,3.776365,40.081512,0.2940246874722922
300.0,741.3949119923428,3.7765653,39.969196,0.294320179137295
300.0,741.3852467100429,3.7767658,39.994171,0.2946156699222022
300.0,741.3863026680029,3.7770464,40.031605,0.2949111581558573
300.0,741.3772480043485,3.7774475,39.994171,0.2952066457527542
300.0,741.3856276891812,3.7773271,40.006638,0.2955021337173886
300.0,741.3758293462876,3.7774475,40.081512,0.2957976207488569
300.0,741.387874234566,3.7777681,40.006638,0.2960931096088784
300.0,741.3834970354615,3.7777681,39.931759,0.2963885996964251
300.0,741.390330070312,3.7780888,39.994171,0.2966840895352489
300.0,741.3792397065926,3.7786903,40.019104,0.2969795779259701
300.0,741.3877781525916,3.7783697,39.981663,0.297275066747697
300.0,741.3812380857814,3.7786903,39.969196,0.2975705559349038
300.0,741.3788009637774,3.7789309,40.056538,0.297866044150757
300.0,741.4005118150646,3.7790911,40.006638,0.298161538047635
300.0,741.3907894820139,3.7792516,40.006638,0.2984570310417013
300.0,741.394358083259,3.7795722,40.019104,0.2987525224859371
300.0,741.390279804193,3.7799332,40.006638,0.2990480152768633
300.0,741.3945234404222,3.7797728,39.931759,0.299343506787004
300.0,741.3851072697695,3.7801738,40.056538,0.2996389975163351
300.0,741.3949886774526,3.7804945,39.944225,0.2999344892119015
300.0,741.3922524392306,3.7804544,40.006638,0.3002299827890525
300.0,741.4011217426184,3.7803741,40.006638,0.3005254769290243
300.0,741.395821844388,3.780695,39.931759,0.300820971928818
300.0,741.4037825966125,3.7808952,39.894321,0.3011164671293044
300.0,741.3989148596562,3.7811358,39.944225,0.3014119633618682
300.0,741.3929715157083,3.7813764,39.994171,0.3017074572256185
300.0,741.3989078635046,3.7816169,39.969196,0.3020029504832227
300.0,741.3924941986162,3.7815769,40.006638,0.3022984441567307
300.0,741.403400514713,3.7817774,39.95673,0.3025939392049339
300.0,741.4007535226864,3.781657,39.919292,0.3028894361703259
300.0,741.4040494689757,3.7821784,40.006638,0.3031849314771774
300.0,741.3982078556415,3.7823787,39.931759,0.3034804274279535
300.0,741.4070843606746,3.782459,39.931759,0.3037759239443969
300.0,741.396757874967,3.7824187,39.86935,0.3040714193172604
300.0,741.4120925662871,3.7829802,39.919292,0.304366917829783
300.0,741.3978581998069,3.7830203,39.86935,0.3046624136411983
300.0,741.4065120060854,3.7831805,39.944225,0.304957909929523
300.0,741.3967062151797,3.7832608,39.981663,0.3052534052817967
300.0,741.4012814623713,3.783421,39.944225,0.3055489024576073
300.0,741.4113796109558,3.7837019,39.881855,0.3058444006859731
300.0,741.4155294676603,3.7837019,39.95673,0.306139903540551
300.0,741.4215232571325,3.7839422,39.881855,0.3064354058117864
300.0,741.4070983297983,3.7841828,39.931759,0.3067309053060013
300.0,741.4186661495111,3.7843432,39.894321,0.3070264064385028
300.0,741.4117430228641,3.7844636,39.919292,0.3073219077839334
300.0,741.4174123339031,3.7846639,39.894321,0.307617408416712
300.0,741.4072442155739,3.7847443,39.86935,0.3079129079690719
300.0,741.4198433410935,3.7847843,39.86935,0.308208409570757
300.0,741.4033693918353,3.7849445,39.856884,0.3085039075787449
300.0,741.4113864229262,3.7851851,39.906788,0.3087994058098257
300.0,741.405309751477,3.7851851,39.894321,0.3090949045911745
300.0,741.4073778332552,3.785105,39.844418,0.3093904041967899
300.0,741.4211921884765,3.7854657,39.881855,0.309685906336074
300.0,741.4125829602593,3.785506,39.894321,0.3099814080162749
300.0,741.415452777456,3.7857866,39.931759,0.3102769078680492
300.0,741.4039224046725,3.7861474,39.881855,0.310572406096449
300.0,741.4149308142172,3.7859871,39.881855,0.3108679057401887
300.0,741.4020392229129,3.7863078,39.856884,0.3111634032180167
300.0,741.4099994029908,3.7865884,39.881855,0.3114589008962845
300.0,741.4026565900917,3.7865884,39.844418,0.3117543986201739
300.0,741.4110935865766,3.786468,39.856884,0.3120498967345414
300.0,741.4024530513731,3.7869892,39.831913,0.3123453943773073
300.0,741.4130986875366,3.7871096,39.906788,0.3126408932908314
300.0,741.4093696086563,3.7869091,39.881855,0.3129363936903003
300.0,741.4083137785011,3.7872701,39.86935,0.3132318936689514
300.0,741.4200339423286,3.7873502,39.881855,0.3135273953466028
300.0,741.4116923149383,3.7876308,39.794514,0.313822896671823
300.0,741.426525286174,3.7876308,39.894321,0.3141184009366759
300.0,741.4042659580759,3.7879515,39.906788,0.3144138993020043
300.0,741.4138553565923,3.788152,39.844418,0.3147093985171078
300.0,741.3993919934974,3.788192,39.80698,0.3150048949398408
300.0,741.4086112242961,3.788152,39.831913,0.3153003920648335
300.0,741.3945308834981,3.7886732,39.856884,0.3155958865500945
300.0,741.3970941693348,3.7887132,39.844418,0.3158913790848295
300.0,741.3912026639287,3.788553,39.856884,0.316186872243576
300.0,741.4048831157727,3.7889538,39.881855,0.3164823678826873
300.0,741.3967573377992,3.7891142,39.819447,0.3167778632553367
300.0,741.3981891552438,3.7892344,39.819447,0.3170733591986595
300.0,741.4022939413549,3.7891142,39.819447,0.3173688538058249
300.0,741.3945942010548,3.7892745,39.844418,0.317664348316322
300.0,741.404856845751,3.7893949,39.844418,0.317959843944963
300.0,741.399430238209,3.7894349,39.80698,0.3182553403829391
300.0,741.3970624190209,3.7896755,39.819447,0.3185508329050197
300.0,741.3865501340448,3.7896755,39.856884,0.318846324209427
300.0,741.3956119350878,3.7900765,39.86935,0.3191418161534001
300.0,741.3889814707004,3.7901165,39.794514,0.319437308426855
300.0,741.3984751951332,3.7903171,39.80698,0.3197328015120141
300.0,741.3876839546236,3.7899561,39.782009,0.3200282932683235
300.0,741.3918007693524,3.7903972,39.732101,0.3203237836933117
300.0,741.3772544860713,3.7903171,39.744568,0.3206192712927919
300.0,741.3964830944814,3.7905574,39.856884,0.3209147635839759
300.0,741.3807612209336,3.7910385,39.757076,0.3212102525811206
300.0,741.3835865125794,3.7909184,39.794514,0.3215057427043298
300.0,741.3995440852271,3.7908783,39.794514,0.3218012362155077
300.0,741.3922905861265,3.7909985,39.782009,0.3220967298078627
300.0,741.3931749710046,3.7911589,39.744568,0.3223922207805552
300.0,741.3837387091049,3.7913995,39.782009,0.3226877109644248
300.0,741.3902411173937,3.7914796,39.757076,0.3229832007677953
300.0,741.3897844578049,3.7915196,39.831913,0.3232786933612934
300.0,741.4034767847157,3.7915597,39.844418,0.3235741884398949
300.0,741.3982343083429,3.7917202,39.732101,0.3238696844012142
300.0,741.4072247423525,3.7921612,39.769543,0.3241651809736083
300.0,741.4022115238392,3.7918806,39.719635,0.3244606785201096
300.0,741.4120416631387,3.7922413,39.744568,0.3247561770123441
300.0,741.4058061971663,3.7920408,39.782009,0.3250516759915592
300.0,741.4054943579462,3.7922413,39.744568,0.3253471748464858
300.0,741.402408541583,3.792562,39.682201,0.3256426694993264
300.0,741.3987997235153,3.792562,39.682201,0.3259381656860008
300.0,741.4066836871588,3.7926424,39.794514,0.326233662042751
300.0,741.3970191526779,3.7926424,39.694668,0.3265291575197509
300.0,741.4118508537874,3.792963,39.769543,0.3268246559359361
300.0,741.4057615440937,3.7928426,39.719635,0.327120154897354
300.0,741.408459026342,3.7931635,39.719635,0.3274156519616865
300.0,741.4022107793758,3.7932036,39.707134,0.327711149507891
300.0,741.4108265438526,3.7936044,39.682201,0.3280066475158255
300.0,741.4028476538296,3.7934842,39.707134,0.3283021453158664
300.0,741.4119651732531,3.7934842,39.732101,0.3285976437776151
300.0,741.4081988864901,3.7936044,39.707134,0.3288931437104742
300.0,741.3985134574737,3.7936447,39.694668,0.3291886397830528
300.0,741.4122833511842,3.7939653,39.694668,0.3294841383716149
300.0,741.4087911323253,3.7940054,39.732101,0.329779638540523
300.0,741.401885931076,3.794286,39.744568,0.330075132985071
300.0,741.3984758237009,3.7940054,39.719635,0.3303706290426501
300.0,741.4058242706787,3.794286,39.719635,0.3306661250568697
300.0,741.395002072682,3.794286,39.694668,0.3309616197299305
300.0,741.4047680393531,3.7944865,39.64476,0.3312571153231767
300.0,741.4041208901256,3.7945266,39.619789,0.3315526136306861
300.0,741.404596541635,3.7944865,39.732101,0.3318481091555799
300.0,741.3978522424624,3.7947671,39.657227,0.3321436049646208
300.0,741.4042147408051,3.7948072,39.607323,0.3324391003373433
300.0,741.4058441975433,3.7949276,39.707134,0.3327345993317041
300.0,741.4079949319524,3.7951682,39.682201,0.3330300991832738
300.0,741.4066899983814,3.7948472,39.694668,0.3333255955425395
300.0,741.3921320784418,3.7954488,39.669693,0.3336210890717188
300.0,741.4006319452097,3.7953684,39.64476,0.333916583016476
300.0,741.4081730807435,3.7953684,39.669693,0.3342120829390498
300.0,741.4181506436059,3.7954488,39.64476,0.3345075838660904
300.0,741.401129376042,3.7956493,39.669693,0.3348030809812846
300.0,741.4037310216394,3.7957695,39.657227,0.3350985761612152
300.0,741.40102735007,3.7956893,39.64476,0.3353940732357454
300.0,741.4055831805838,3.79601,39.657227,0.3356895691538757
300.0,741.4033250073468,3.79601,39.619789,0.3359850671441735
300.0,741.4129648733897,3.79597,39.582352,0.3362805660043643
300.0,741.3949882544747,3.7962506,39.607323,0.3365760606719176
300.0,741.4030001919938,3.7963707,39.632256,0.3368715585327551
300.0,741.4172147745867,3.7962506,39.657227,0.337167059086794
300.0,741.4119530315389,3.7964911,39.632256,0.3374625605159269
300.0,741.4128555710196,3.7966514,39.607323,0.337758059332554
300.0,741.4068627353598,3.7964911,39.619789,0.338053558732869
300.0,741.4132514472204,3.7967317,39.619789,0.3383490577072772
300.0,741.394638146089,3.7967718,39.707134,0.3386445522352894
300.0,741.3967194360674,3.7968919,39.607323,0.33894004462067
300.0,741.3971140010647,3.7970524,39.64476,0.3392355401354732
300.0,741.4090953945849,3.7970123,39.594818,0.3395310374534377
300.0,741.4027519756463,3.7971728,39.632256,0.3398265352153446
300.0,741.4121818735351,3.7971728,39.632256,0.3401220337634617
300.0,741.4059590405441,3.7972929,39.569885,0.3404175328035949
300.0,741.3996276250771,3.7975335,39.607323,0.3407130293202425
300.0,741.4084022385377,3.7975335,39.632256,0.3410085263619416
300.0,741.3966877950302,3.797694,39.594818,0.3413040217068736
300.0,741.4060403236927,3.7975335,39.507477,0.3415995178072037
300.0,741.4034707836424,3.797694,39.569885,0.3418950158556029
300.0,741.4120483768831,3.7977741,39.569885,0.3421905143505133
300.0,741.4023694942538,3.7980547,39.557419,0.3424860119599762
300.0,741.4057034936748,3.7980947,39.594818,0.3427815079260587
300.0,741.4070473414197,3.7982152,39.544914,0.3430770073999514
300.0,741.4129644216525,3.7982953,39.632256,0.3433725062599622
300.0,741.399939574391,3.7982552,39.569885,0.3436680029009422
300.0,741.4045768883597,3.7983353,39.607323,0.3439634984180029
300.0,741.4008875799243,3.7984958,39.594818,0.3442589954368255
300.0,741.4048448611741,3.7988164,39.582352,0.3445544940328849
300.0,741.4081289708458,3.7989769,39.544914,0.3448499909656699
300.0,741.3954851879123,3.7986963,39.64476,0.3451454858312839
300.0,741.4073901603953,3.7989366,39.582352,0.3454409824696073
300.0,741.4018155055106,3.799057,39.544914,0.3457364798582692
300.0,741.4157706627558,3.7992175,39.544914,0.3460319798367404
300.0,741.4102608762736,3.7990971,39.532448,0.3463274805914381
300.0,741.4119149284232,3.7991371,39.557419,0.3466229790331611
300.0,741.4091731985128,3.7992175,39.557419,0.3469184793543476
300.0,741.409637230675,3.7995782,39.582352,0.3472139768882673
300.0,741.4060602731449,3.7994981,39.507477,0.3475094759687483
300.0,741.4144082530279,3.7996583,39.594818,0.3478049754042151
300.0,741.400588801863,3.7996583,39.532448,0.3481004723039549
300.0,741.3965227441299,3.7998588,39.532448,0.3483959675831033
300.0,741.4067094442566,3.8000994,39.519981,0.3486914639501193
300.0,741.4016577178355,3.7999792,39.507477,0.3489869612758925
300.0,741.4156813188777,3.8001394,39.557419,0.3492824612187547
300.0,741.4119204999396,3.8002198,39.532448,0.3495779626349216
300.0,741.4135757776778,3.8003399,39.519981,0.3498734617385955
300.0,741.4109020476607,3.8003399,39.507477,0.3501689627488421
300.0,741.4225349569004,3.8002999,39.482544,0.3504644654233024
300.0,741.4143520927986,3.8006206,39.457573,0.3507599678086189
300.0,741.4179656940471,3.8005404,39.569885,0.3510554686619457
300.0,741.4075175539813,3.8005404,39.519981,0.351350968323249
300.0,741.4106103929197,3.8007007,39.532448,0.351646466245034
300.0,741.3961220746443,3.8009412,39.507477,0.3519419613644892
300.0,741.3907126025557,3.800741,39.49501,0.352237454327914
300.0,741.4044888999999,3.8009012,39.569885,0.3525329498099059
300.0,741.3935061320311,3.8011017,39.519981,0.352828443886736
300.0,741.40161246816,3.8009412,39.482544,0.3531239382222922
300.0,741.3929209421256,3.8010616,39.49501,0.3534194320658856
300.0,741.3889753023592,3.8012218,39.507477,0.3537149213647507
300.0,741.3801118584023,3.8015027,39.445107,0.3540104101030817
300.0,741.3906038265757,3.8012218,39.445107,0.3543059000510142
300.0,741.3863657968759,3.801703,39.470039,0.3546013912819511
300.0,741.3991172640631,3.801703,39.482544,0.3548968846230144
300.0,741.387168026625,3.8019035,39.569885,0.3551923761736925
300.0,741.3943199237012,3.801703,39.457573,0.3554878676027193
300.0,741.3824222359153,3.8020239,39.49501,0.3557833572618877
300.0,741.3977623259923,3.8019435,39.420132,0.356078853035091
300.0,741.3999203078457,3.8019836,39.470039,0.3563743466962168
300.0,741.3942759404794,3.8022242,39.457573,0.3566698410798662
300.0,741.4026426253021,3.802104,39.49501,0.3569653358260036
300.0,741.4035222479006,3.8022645,39.482544,0.3572608338949147
300.0,741.4070854590659,3.8024247,39.49501,0.3575563304117958
300.0,741.4035219914925,3.8024647,39.557419,0.3578518284806046
300.0,741.4013324496844,3.8025851,39.532448,0.3581473227045561
300.0,741.3941230236375,3.8026652,39.482544,0.3584428170272581
300.0,741.4113799648762,3.8025451,39.457573,0.358738315255765
300.0,741.4148542997918,3.8027856,39.432598,0.3590338178412441
300.0,741.4066716264433,3.8027856,39.432598,0.3593293141931873
300.0,741.3971656002799,3.8030262,39.445107,0.3596248097285562
300.0,741.3974066635983,3.8031063,39.432598,0.3599203053600046
300.0,741.3967192528146,3.8029459,39.445107,0.3602157977453122
300.0,741.3851323184676,3.8029459,39.445107,0.3605112884846268
300.0,741.3905788021821,3.8030663,39.420132,0.3608067784225856
300.0,741.3768789509236,3.8032265,39.395164,0.3611022658723903
300.0,741.3939901123374,3.803427,39.482544,0.3613977571699669
300.0,741.3931380919605,3.803427,39.457573,0.3616932511001088
300.0,741.3982525134018,3.803467,39.382698,0.3619887440965155
300.0,741.3841902939143,3.8036675,39.420132,0.3622842344603714
300.0,741.3890388160838,3.8036275,39.382698,0.3625797237845506
300.0,741.3988070840445,3.8037076,39.420132,0.3628752199741586
300.0,741.4027133162749,3.8037076,39.457573,0.3631707147484708
300.0,741.3982339671135,3.8039081,39.482544,0.3634662107096542
300.0,741.4001488259152,3.8040283,39.470039,0.3637617074340346
300.0,741.4085354547342,3.8043892,39.482544,0.3640572045288286
300.0,741.3890327765707,3.8040686,39.420132,0.3643526968227322
300.0,741.3979401458431,3.8042688,39.420132,0.3646481896946412
300.0,741.3951476164096,3.8041887,39.470039,0.3649436844257107
300.0,741.4010333142882,3.8042288,39.382698,0.3652391785304383
300.0,741.3902670603214,3.80475,39.395164,0.3655346713162852
300.0,741.3911126918943,3.8046699,39.395164,0.3658301614670321
300.0,741.3979669270755,3.8046298,39.407665,0.3661256573217823
300.0,741.4012814482077,3.80475,39.420132,0.3664211515254066
300.0,741.3919534293174,3.8045897,39.407665,0.3667166449833826
300.0,741.3936897201604,3.8049104,39.432598,0.3670121361612343
300.0,741.3982469305588,3.8048704,39.407665,0.3673076321275844
300.0,741.3996909177706,3.8050709,39.432598,0.3676031286694584
300.0,741.4038139570921,3.8048303,39.420132,0.3678986238824439
300.0,741.3926084194233,3.8049104,39.432598,0.3681941176014764
300.0,741.4073009267145,3.8049104,39.445107,0.3684896142042347
300.0,741.4015050695774,3.8052311,39.470039,0.3687851114691675
300.0,741.3988188737516,3.8053114,39.407665,0.3690806046913037
300.0,741.3922906229609,3.8053916,39.407665,0.3693760982836735
300.0,741.3943768940421,3.8053916,39.407665,0.3696715897354065
300.0,741.39127331797,3.8054316,39.432598,0.3699670829223133
300.0,741.3957772798703,3.8054717,39.445107,0.3702625749321865
300.0,741.3951983240286,3.8055921,39.407665,0.3705580696834664
300.0,741.4006066277755,3.8055518,39.370232,0.3708535636181331
300.0,741.3944736570152,3.8056722,39.432598,0.3711490580805855
300.0,741.3824664495335,3.8056321,39.420132,0.3714445477573759
300.0,741.3960765614801,3.8057923,39.357723,0.3717400398865314
300.0,741.3792586762904,3.8058727,39.395164,0.3720355282848132
300.0,741.4057032982461,3.8058727,39.370232,0.3723310242508179
300.0,741.3985714041708,3.8060329,39.407665,0.3726265203464921
300.0,741.4063977967147,3.8059127,39.370232,0.3729220165892972
300.0,741.4002258155695,3.8061533,39.345257,0.3732175133443631
300.0,741.412741666354,3.8061934,39.432598,0.3735130121155922
300.0,741.3958031191271,3.8061533,39.420132,0.3738085071079227
300.0,741.4060667525129,3.8066344,39.33279,0.3741040032187863
300.0,741.4055764617451,3.8063939,39.370232,0.3743995021064367
300.0,741.4142686887741,3.8067145,39.370232,0.3746950014862785
300.0,741.4091910206155,3.806514,39.407665,0.3749905018145684
300.0,741.4038521661432,3.806474,39.420132,0.3752860000149735
300.0,741.4085221000962,3.806514,39.370232,0.3755814971044448
300.0,741.4005370078349,3.8066344,39.357723,0.3758769939835413
300.0,741.4135940272428,3.8067946,39.395164,0.3761724930944888
300.0,741.4050623041493,3.8069952,39.370232,0.3764679917772136
300.0,741.4152171930285,3.8067546,39.33279,0.376763491535093
300.0,741.4088287779668,3.8068349,39.295353,0.3770589917190052
300.0,741.4143197760962,3.8069952,39.370232,0.3773544911192085
300.0,741.4100701789354,3.8072758,39.357723,0.3776499917979007
300.0,741.4129198048633,3.8068349,39.345257,0.377945490640129
300.0,741.4051511099608,3.8072758,39.432598,0.3782409893582487
300.0,741.4043547190404,3.806915,39.295353,0.3785364847867613
300.0,741.3977443206386,3.8073962,39.33279,0.3788319805527882
300.0,741.4100762836316,3.8073158,39.395164,0.3791274782616977
300.0,741.3983866636654,3.8073158,39.320286,0.3794229742837406
300.0,741.393099225055,3.8076768,39.370232,0.3797184681983915
300.0,741.4017274222064,3.8073158,39.382698,0.3800139625797639
300.0,741.394804271018,3.8075163,39.370232,0.3803094571739878
300.0,741.4011677879815,3.8077168,39.33279,0.3806049513323115
300.0,741.3955937198564,3.8076768,39.395164,0.3809004462411826
300.0,741.4059072791871,3.8077569,39.282887,0.3811959422884862
300.0,741.4029749970837,3.8078773,39.395164,0.3814914401392818
300.0,741.4096873407511,3.8077168,39.345257,0.3817869376931734
300.0,741.4044185450457,3.8079174,39.345257,0.3820824361193179
300.0,741.4111572218559,3.8079174,39.382698,0.382377934259048
300.0,741.4058952592836,3.8082781,39.395164,0.3826734332737601
300.0,741.4208104118961,3.8080776,39.307819,0.3829689352608826
300.0,741.4077283316758,3.8082781,39.307819,0.3832644350061947
300.0,741.4021728768145,3.8080375,39.282887,0.3835599325372926
300.0,741.4068300867116,3.8083985,39.33279,0.383855428952392
300.0,741.4005822228362,3.8083985,39.33279,0.3841509258495098
300.0,741.4028535754774,3.8084385,39.320286,0.3844464206797238
300.0,741.3973561144695,3.8083181,39.307819,0.3847419162910251
300.0,741.4041957706095,3.8082781,39.357723,0.3850374116561869
300.0,741.3960573533913,3.8088393,39.320286,0.3853329067498465
300.0,741.4031144413232,3.8085186,39.33279,0.3856284016840317
300.0,741.4038014092072,3.808639,39.370232,0.3859238998642069
300.0,741.4121182380512,3.8088393,39.357723,0.3862193983869613
300.0,741.3998949453633,3.8088796,39.357723,0.3865148950101537
300.0,741.4120613895719,3.8086791,39.33279,0.3868103935102505
300.0,741.3996026489223,3.8089197,39.33279,0.3871058900169435
300.0,741.4039100517566,3.8089597,39.307819,0.3874013882404198
300.0,741.4047746188554,3.8089197,39.357723,0.3876968838362884
300.0,741.3967575210502,3.8088393,39.33279,0.3879923792090108
300.0,741.4017834895847,3.8089197,39.270382,0.3882878736127296
300.0,741.4038271048599,3.8091602,39.345257,0.3885833718031462
300.0,741.4076120244979,3.8090398,39.357723,0.3888788685298961
300.0,741.3991556665666,3.8091602,39.320286,0.3891743648584373
300.0,741.4054746472411,3.8093204,39.232944,0.3894698607333104
300.0,741.3977634487243,3.8092003,39.345257,0.3897653565069612
300.0,741.4075556278581,3.8093204,39.345257,0.3900608532112337
300.0,741.3971839594482,3.8093605,39.33279,0.3903563487539198
300.0,741.4099224376301,3.809561,39.282887,0.3906518464015121
300.0,741.4006457107519,3.8096011,39.357723,0.3909473433239339
300.0,741.3898023895922,3.8096011,39.220478,0.391242835924579
300.0,741.4024840547343,3.8096414,39.282887,0.3915383306075162
300.0,741.4015118448496,3.809561,39.357723,0.3918338278751495
300.0,741.4095538930075,3.8094809,39.307819,0.3921293253758539
300.0,741.3942437628992,3.8098016,39.320286,0.3924248197466784
300.0,741.3939828245851,3.8098819,39.295353,0.3927203110413504
300.0,741.3814094962371,3.8098416,39.282887,0.3930158002968754
300.0,741.3939564697413,3.8098819,39.307819,0.3933112915810434
300.0,741.3939203514472,3.809922,39.307819,0.3936067858229671
300.0,741.4017332815895,3.8100822,39.370232,0.3939022802066749
300.0,741.3964142364351,3.8101223,39.320286,0.3941977754425759
300.0,741.4062196340582,3.809922,39.320286,0.3944932716143722
300.0,741.3988895300961,3.8103228,39.33279,0.3947887678368405
300.0,741.3984758482571,3.8102827,39.257915,0.3950842638944293
300.0,741.4065188299248,3.8104031,39.257915,0.3953797601854737
300.0,741.4020645886935,3.8103228,39.320286,0.3956752576734117
300.0,741.3938046375766,3.8104832,39.282887,0.3959707488970652
300.0,741.3944354736941,3.8104031,39.345257,0.396266243344299
300.0,741.4068102135534,3.8104832,39.307819,0.3965617397514778
300.0,741.4009444523881,3.8106034,39.320286,0.3968572367929677
300.0,741.4079125509171,3.8105233,39.295353,0.397152733639496
300.0,741.404068803162,3.8108039,39.307819,0.3974482319262453
300.0,741.4065632517969,3.8107638,39.33279,0.3977437282349945
300.0,741.4007029370301,3.8106837,39.295353,0.3980392251802248
300.0,741.412589663931,3.810884,39.345257,0.3983347238908715
300.0,741.4130290032364,3.8106034,39.370232,0.3986302257488498
300.0,741.4124420062982,3.8109243,39.295353,0.3989257273728713
300.0,741.41924458265,3.8109243,39.33279,0.3992212287359141
300.0,741.4086383498264,3.8111246,39.282887,0.3995167288439283
300.0,741.416158103393,3.8110845,39.257915,0.3998122289768185
300.0,741.412398158875,3.8109243,39.345257,0.4001077305833639
300.0,741.42277671882,3.8109243,39.282887,0.4004032333541812
300.0,741.4161395840969,3.8110044,39.320286,0.4006987364519306
300.0,741.4185640738091,3.811245,39.320286,0.4009942375437487
300.0,741.4130345942837,3.8112049,39.282887,0.4012897394039554
300.0,741.4224973713505,3.8111649,39.282887,0.4015852420634355
300.0,741.4096111353716,3.8113251,39.357723,0.4018807425591686
300.0,741.4125447050903,3.8114855,39.295353,0.4021762412518965
300.0,741.4023185671634,3.8114455,39.257915,0.4024717388410616
300.0,741.3902097119782,3.8116457,39.320286,0.4027672316040515
300.0,741.4028530509917,3.8113251,39.220478,0.4030627264340565
300.0,741.3945821403584,3.8114855,39.307819,0.4033582209397466
300.0,741.4044569049396,3.8116057,39.320286,0.4036537164089866
300.0,741.3943401612966,3.8114855,39.345257,0.4039492108182322
300.0,741.399557867148,3.8118463,39.257915,0.4042447043349029
300.0,741.3990418976967,3.8117261,39.33279,0.4045402006180997
300.0,741.4025095310695,3.8116457,39.307819,0.4048356953111909
300.0,741.3980816358355,3.8116057,39.282887,0.4051311912116602
300.0,741.4054997206454,3.8120067,39.33279,0.4054266870965266
300.0,741.3918828851652,3.8118863,39.282887,0.405722180526386
300.0,741.4031394175246,3.8119667,39.295353,0.4060176754705258
300.0,741.3972349480314,3.8117661,39.320286,0.4063131710335343
300.0,741.3987373212924,3.8118062,39.295353,0.4066086671953374
300.0,741.4046346521822,3.8120468,39.33279,0.4069041627354205
300.0,741.4018932395261,3.8121269,39.295353,0.4071996601550646
300.0,741.4131240418058,3.8120067,39.295353,0.4074951590786939
300.0,741.3971018429618,3.8121269,39.370232,0.4077906545886513
300.0,741.4094581527777,3.8123274,39.33279,0.4080861520511974
300.0,741.3940850477144,3.8124878,39.282887,0.4083816463587634
300.0,741.4022295615023,3.8124478,39.257915,0.4086771409402694
300.0,741.3863729498025,3.8121672,39.270382,0.4089726321740572
300.0,741.3963560311182,3.8122873,39.282887,0.4092681244145986
300.0,741.3883013221094,3.8123674,39.295353,0.4095636164169695
300.0,741.3999386675056,3.8125279,39.320286,0.4098591100854127
300.0,741.3978196986873,3.8126481,39.320286,0.4101546058814829
300.0,741.4015811922941,3.8124478,39.320286,0.4104501031767555
300.0,741.4073833736976,3.812608,39.270382,0.4107455998123741
300.0,741.4054689309795,3.8126884,39.307819,0.4110410986571663
300.0,741.4079178854053,3.8126481,39.282887,0.4113365955058207
300.0,741.3977508632404,3.8129289,39.295353,0.4116320912744554
300.0,741.4082242231178,3.8128886,39.307819,0.4119275882452043
300.0,741.3971654166196,3.8130891,39.307819,0.4122230837805
300.0,741.4003911724051,3.8128886,39.33279,0.4125185776292944
300.0,741.3949702736772,3.812969,39.370232,0.4128140722896812
300.0,741.407244419775,3.812969,39.232944,0.4131095688699179
300.0,741.4027139996209,3.8130491,39.345257,0.4134050666166888
300.0,741.4035600129023,3.8131692,39.282887,0.4137005617284619
300.0,741.3977954434627,3.8131292,39.295353,0.4139960575148647
300.0,741.395650311765,3.8132095,39.370232,0.4142915524462914
300.0,741.4014468907047,3.8132496,39.257915,0.4145870467158548
300.0,741.3898092256411,3.8132496,39.33279,0.4148825393192245
300.0,741.3996396423065,3.8135703,39.208012,0.4151780328684877
300.0,741.3894392936141,3.8135703,39.295353,0.4154735253244151
300.0,741.3995883722432,3.8135703,39.320286,0.4157690188532441
300.0,741.3960892380359,3.8135703,39.295353,0.4160645139596118
300.0,741.3966869161121,3.8134501,39.320286,0.4163600063320313
300.0,741.393047858101,3.8135703,39.307819,0.416655500226209
300.0,741.4041316347871,3.8135302,39.245449,0.4169509955658087
300.0,741.3951477017425,3.8140113,39.257915,0.4172464902969123
300.0,741.4051121940605,3.8138909,39.245449,0.4175419860273254
300.0,741.4040305707284,3.8138108,39.282887,0.4178374842988365
300.0,741.3959430105192,3.8138108,39.357723,0.4181329793469229
300.0,741.4023379601936,3.8136904,39.307819,0.4184284739716325
300.0,741.3879129941823,3.8140113,39.320286,0.4187239658192292
300.0,741.3986402838121,3.8137307,39.320286,0.4190194589701864
300.0,741.3907195120686,3.8140514,39.282887,0.4193149519363651
300.0,741.3983674800332,3.8140914,39.320286,0.4196104449785931
300.0,741.3920168689391,3.8140914,39.345257,0.4199059384618538
300.0,741.407765052359,3.8141716,39.370232,0.4202014352495949
300.0,741.3980364216528,3.8142118,39.33279,0.4204969311320433
300.0,741.4046224210038,3.814292,39.307819,0.4207924266672516
300.0,741.3925827841379,3.8140514,39.345257,0.4210879203760668
300.0,741.3920796650848,3.814332,39.282887,0.4213834109122122
300.0,741.3853872609748,3.8142118,39.320286,0.4216789017531381
300.0,741.3850943426469,3.8146927,39.382698,0.4219743924773168
300.0,741.3938680657628,3.8145726,39.33279,0.4222698837262503
300.0,741.3909416421144,3.8142519,39.33279,0.4225653767809625
300.0,741.3954530715814,3.8143721,39.282887,0.4228608686616187
300.0,741.3886896752067,3.8142118,39.282887,0.4231563608187739
300.0,741.3977756307629,3.8148532,39.232944,0.4234518536251134
300.0,741.3873788171092,3.8144925,39.33279,0.4237473452598054
300.0,741.3970882248225,3.8146527,39.245449,0.4240428377921712
300.0,741.3868249007047,3.8148932,39.345257,0.4243383292060911
300.0,741.39692827551,3.8148131,39.345257,0.4246338216747072
300.0,741.397439036196,3.8148932,39.257915,0.4249293173190583
300.0,741.403877592576,3.8148932,39.295353,0.4252248125574064
300.0,741.3920051625687,3.8150537,39.320286,0.4255203060360015
300.0,741.3989344150204,3.8150537,39.282887,0.4258158022763593
300.0,741.4039162160469,3.8152139,39.232944,0.4261112975301013
300.0,741.3937794587744,3.8151739,39.270382,0.4264067917158701
300.0,741.4023563073705,3.8151338,39.33279,0.4267022863478921
300.0,741.3953067709466,3.8152542,39.345257,0.4269977811423953
300.0,741.3984823487458,3.8152542,39.307819,0.4272932742304055
300.0,741.3970627928054,3.8153744,39.282887,0.4275887697247988
300.0,741.4044058550661,3.8152139,39.33279,0.4278842651736922
300.0,741.4000537211201,3.8153744,39.370232,0.4281797618601672
300.0,741.4079694239529,3.8156149,39.320286,0.4284752587293629
300.0,741.4046291395916,3.8154948,39.307819,0.4287707572394431
300.0,741.40755572547,3.8155749,39.270382,0.4290662539437544
300.0,741.3956062445636,3.8155749,39.245449,0.4293617488576174
300.0,741.3999964711041,3.815695,39.257915,0.4296572455212745
300.0,741.4076381718394,3.8158154,39.295353,0.4299527422584458
300.0,741.3950145361009,3.815695,39.307819,0.4302482369364741
300.0,741.4105715372876,3.8158154,39.33279,0.4305437348427727
300.0,741.4081476907136,3.8157353,39.345257,0.4308392347552269
300.0,741.413116546551,3.8159356,39.270382,0.4311347336758689
300.0,741.4092040818766,3.816056,39.345257,0.4314302340093645
300.0,741.4117233258974,3.816016,39.345257,0.431725732374722
300.0,741.4079762314524,3.8159356,39.307819,0.4320212322188385
300.0,741.4095474843775,3.8161762,39.282887,0.4323167297169887
300.0,741.4025162217969,3.8162565,39.407665,0.4326122273849322
300.0,741.4095919672316,3.8162565,39.320286,0.4329077249008116
300.0,741.4102855709525,3.8162966,39.295353,0.4332032256653517
300.0,741.4158288657302,3.8162966,39.257915,0.4334987256670204
300.0,741.4075117192133,3.8163767,39.295353,0.4337942253259982
300.0,741.4050366576089,3.8163767,39.382698,0.4340897239985011
300.0,741.4063976258425,3.8164971,39.320286,0.4343852202412382
300.0,741.398539177785,3.8162966,39.345257,0.434680716324068
300.0,741.4090060143837,3.8162966,39.270382,0.434976213606409
300.0,741.4082559413863,3.8166974,39.33279,0.4352717135620083
300.0,741.4127412028503,3.8167777,39.282887,0.4355672123330526
300.0,741.3981581979043,3.8168979,39.295353,0.4358627082640369
300.0,741.4080969151106,3.8167777,39.345257,0.4361582051840457
300.0,741.4006584427547,3.8167374,39.345257,0.436453702111542
300.0,741.4115071502033,3.8169379,39.33279,0.4367492003907402
300.0,741.4110683924703,3.8168578,39.357723,0.4370447014672862
300.0,741.4252781603678,3.8168979,39.33279,0.4373402052350824
300.0,741.4136087245689,3.8167777,39.307819,0.4376357073241179
300.0,741.4041073525757,3.8168979,39.257915,0.4379312056262316
300.0,741.4081533481759,3.8170183,39.320286,0.4382267025687325
300.0,741.3983361148436,3.8170984,39.295353,0.4385221985706283
300.0,741.4080268216791,3.8171785,39.307819,0.4388176954627006
300.0,741.4063340271667,3.8172588,39.320286,0.4391131946522906
300.0,741.4141164540877,3.817379,39.307819,0.4394086939714575
300.0,741.4031388635544,3.817379,39.307819,0.4397041918875647
300.0,741.4106040206128,3.8174591,39.357723,0.4399996898068098
300.0,741.3963819492727,3.8174191,39.307819,0.4402951850298423
300.0,741.405245922362,3.8174591,39.282887,0.4405906808135544
300.0,741.3908910930878,3.8174591,39.33279,0.4408861738481194
300.0,741.4092794654307,3.817379,39.345257,0.4411816712394475
300.0,741.4013715619901,3.8175795,39.407665,0.4414771684511688
300.0,741.4057807582285,3.8176596,39.320286,0.4417726674202448
300.0,741.415147075245,3.8179803,39.320286,0.4420681671501779
300.0,741.4123403342429,3.8178201,39.382698,0.4423636687336763
300.0,741.4195946333706,3.8178201,39.320286,0.442659170236236
300.0,741.4055517921339,3.8179002,39.320286,0.4429546691140539
300.0,741.4192262229901,3.8180606,39.382698,0.4432501704697793
300.0,741.4082939544506,3.8179803,39.33279,0.4435456704405293
300.0,741.4249276821597,3.8181007,39.345257,0.4438411740686383
300.0,741.4079381457424,3.8180606,39.33279,0.4441366738975751
300.0,741.4203712730942,3.8183012,39.307819,0.4444321757096737
300.0,741.410738108135,3.8182609,39.345257,0.4447276766545796
300.0,741.410476908239,3.8185015,39.320286,0.4450231745231627
300.0,741.4047695444137,3.8182609,39.307819,0.4453186730892035
300.0,741.406251141456,3.8185818,39.33279,0.445614172245758
300.0,741.4084213550491,3.8184614,39.295353,0.4459096692950762
300.0,741.4043803128169,3.8185418,39.33279,0.4462051677059825
300.0,741.414542823924,3.8185015,39.345257,0.4465006671950842
300.0,741.406875687141,3.8185418,39.33279,0.4467961666005613
300.0,741.4164011952512,3.8185418,39.307819,0.4470916668303387
300.0,741.40159316776,3.8185418,39.395164,0.4473871641303844
300.0,741.4072681751096,3.8189826,39.407665,0.4476826607200891
300.0,741.408580647157,3.8188224,39.33279,0.447978160805105
300.0,741.4231194815836,3.8189025,39.420132,0.4482736637125344
300.0,741.4158028310333,3.8186619,39.395164,0.4485691666760656
300.0,741.413721346505,3.8190227,39.270382,0.4488646658377577
300.0,741.4061878368937,3.8188624,39.357723,0.4491601649690813
300.0,741.4104886828019,3.8189826,39.33279,0.4494556658145748
300.0,741.4131932067974,3.8190629,39.320286,0.4497511647657706
300.0,741.402178614176,3.8189425,39.33279,0.4500466622991553
300.0,741.4140785632187,3.8192232,39.395164,0.4503421616032203
300.0,741.4037887629465,3.8193436,39.382698,0.4506376597783551
300.0,741.4089299027704,3.8193836,39.357723,0.4509331570303609
300.0,741.4028338846324,3.8193836,39.407665,0.451228654824914
300.0,741.41821963793,3.8195841,39.357723,0.451524155779453
300.0,741.4107629128055,3.8194637,39.357723,0.4518196567342453
300.0,741.4200084785784,3.8196242,39.382698,0.4521151584017479
300.0,741.4163944296068,3.8195441,39.382698,0.45241066160107
300.0,741.4189767341662,3.8197844,39.282887,0.4527061628573587
300.0,741.4098783950856,3.8195441,39.357723,0.4530016634596124
300.0,741.4070150419791,3.8198247,39.395164,0.4532971629206316
300.0,741.4163494498151,3.8197844,39.357723,0.4535926631297853
300.0,741.3976804416648,3.8197844,39.395164,0.4538881588703523
300.0,741.4085989561805,3.8197844,39.357723,0.4541836559904554
300.0,741.4027704568796,3.8198647,39.357723,0.4544791537597283
300.0,741.4107693412483,3.8199449,39.345257,0.454774651744864
300.0,741.4078934314839,3.8202655,39.345257,0.4550701515559792
300.0,741.4236478414813,3.8201053,39.307819,0.4553656546739927
300.0,741.4115521791092,3.8202655,39.320286,0.4556611559433595
300.0,741.4219938282419,3.8203859,39.395164,0.4559566584021465
300.0,741.4145746873667,3.8205061,39.395164,0.4562521608761817
300.0,741.4129388963066,3.820426,39.407665,0.4565476597260191
300.0,741.406301922539,3.8205061,39.382698,0.4568431589028133
300.0,741.4038080379604,3.8206265,39.345257,0.4571386570856304
300.0,741.4122775648566,3.820466,39.345257,0.4574341556718864
300.0,741.4064488333332,3.8206265,39.345257,0.4577296549072342
300.0,741.4213510029722,3.8207867,39.370232,0.4580251571098157
300.0,741.4143198784864,3.820827,39.370232,0.4583206594822927
300.0,741.4198295346162,3.8207867,39.382698,0.4586161610784751
300.0,741.413893855089,3.8209071,39.407665,0.4589116632811538
300.0,741.4174558279492,3.820827,39.370232,0.4592071639312674
300.0,741.4173485145496,3.8211076,39.407665,0.4595026675108551
300.0,741.4252392317826,3.8210273,39.33279,0.4597981712631359
300.0,741.4221531917442,3.8211877,39.33279,0.4600936767577035
300.0,741.4273005105229,3.8209872,39.370232,0.4603891813315312
300.0,741.425086613021,3.8215485,39.357723,0.4606846879952601
300.0,741.4172730998713,3.8213882,39.382698,0.4609801915447901
300.0,741.4229608261936,3.8213482,39.370232,0.4612756943889856
300.0,741.4122018947388,3.8212278,39.370232,0.4615711959173068
300.0,741.4248832121978,3.8213882,39.370232,0.4618666995276918
300.0,741.4111326007024,3.8214283,39.382698,0.462162200629829
300.0,741.4176604678228,3.8215888,39.470039,0.4624577013615042
300.0,741.4078099842538,3.8216689,39.420132,0.4627532011393602
300.0,741.4155414989294,3.8215084,39.382698,0.4630487010264955
300.0,741.3989721100814,3.8219495,39.33279,0.4633441972818773
300.0,741.4125953156072,3.8218293,39.445107,0.4636396959947766
300.0,741.4054757547502,3.8217089,39.420132,0.4639351948422886
300.0,741.414058677987,3.8220296,39.395164,0.4642306941384282
300.0,741.4032924272489,3.8221099,39.345257,0.4645261921157406
300.0,741.3949820653805,3.8219495,39.445107,0.4648216867808271
300.0,741.3999260941733,3.8221099,39.370232,0.4651171804442591
300.0,741.3943652960439,3.82215,39.370232,0.4654126748635226
300.0,741.4000597862541,3.8223102,39.357723,0.4657081685802391
300.0,741.4021857674097,3.8223505,39.320286,0.4660036661164748
300.0,741.4161712628068,3.8225508,39.370232,0.4662991662546099
300.0,741.4064300347105,3.8225911,39.370232,0.4665946654824652
300.0,741.4133210884032,3.8224306,39.445107,0.4668901644846297
300.0,741.4127161992628,3.8225107,39.407665,0.4671856662179351
300.0,741.4179088456701,3.8227112,39.370232,0.4674811670486043
300.0,741.4136775350503,3.8227913,39.432598,0.4677766691650652
300.0,741.4132821238018,3.8226712,39.432598,0.4680721681517
300.0,741.4081159036799,3.8229117,39.445107,0.468367668051485
300.0,741.4095033602714,3.8228314,39.407665,0.4686631685042627
300.0,741.4169160912344,3.8226311,39.420132,0.4689586689392579
300.0,741.4020392589287,3.8231122,39.382698,0.4692541664171003
300.0,741.4104318153608,3.8229117,39.470039,0.4695496642677111
300.0,741.4067097941662,3.8231523,39.382698,0.4698451636070689
300.0,741.4104191562855,3.8231523,39.407665,0.4701406614526343
300.0,741.4064802544788,3.8229918,39.395164,0.4704361607005055
300.0,741.4090829549833,3.8233125,39.432598,0.4707316580135121
300.0,741.3990614776172,3.8234329,39.470039,0.4710271543045128
300.0,741.4121629525548,3.823473,39.432598,0.4713226528450887
300.0,741.4064417779152,3.8235531,39.445107,0.4716181520776245
300.0,741.4107117360197,3.823473,39.420132,0.4719136500398009
300.0,741.4062960265851,3.823473,39.457573,0.4722091492142452
300.0,741.4105719468834,3.823513,39.382698,0.4725046500929249
300.0,741.4229740463848,3.8236735,39.420132,0.4728001529423895
300.0,741.4181948362611,3.8238337,39.382698,0.473095656859292
300.0,741.4153507381795,3.8237536,39.457573,0.4733911566703974
300.0,741.4085290847762,3.8239942,39.432598,0.4736866567348622
300.0,741.4214273953481,3.8240743,39.420132,0.4739821589678908
300.0,741.4120296545891,3.8243549,39.420132,0.474277660427563
300.0,741.4196080612687,3.8243952,39.432598,0.4745731619354745
300.0,741.4162481413134,3.8242748,39.395164,0.4748686650764911
300.0,741.4234706062415,3.8243549,39.432598,0.4751641681238654
300.0,741.4157515737638,3.8244753,39.482544,0.4754596710669672
300.0,741.4211600592764,3.8243549,39.382698,0.4757551731934458
300.0,741.4090387751821,3.8243549,39.445107,0.4760506734610558
300.0,741.4181447386602,3.8244753,39.407665,0.4763461773579912
300.0,741.4194742836495,3.8245554,39.457573,0.476641678812584
300.0,741.4218922071735,3.8248763,39.395164,0.4769371842031322
300.0,741.4296998150799,3.8245955,39.420132,0.4772326897332309
300.0,741.424818291454,3.8248763,39.482544,0.477528196290016
300.0,741.4286114061573,3.824796,39.482544,0.4778237013863166
300.0,741.4213645849802,3.8251166,39.49501,0.4781192065665726
300.0,741.426091824321,3.8249564,39.382698,0.4784147106586641
300.0,741.4220897521225,3.825197,39.370232,0.4787102161279469
300.0,741.4340211767886,3.8252771,39.445107,0.4790057233803752
300.0,741.4205941168899,3.8253975,39.432598,0.4793012282535489
300.0,741.4228465795788,3.8254776,39.457573,0.47959673105221
300.0,741.4119145066815,3.8253975,39.407665,0.4798922324659882
300.0,741.417788160523,3.8253572,39.457573,0.4801877362208037
300.0,741.4250419410527,3.8253975,39.470039,0.480483239894452
300.0,741.4237945414726,3.8257582,39.420132,0.4807787460432054
300.0,741.4280967667894,3.8257983,39.457573,0.4810742509343904
300.0,741.4145810226727,3.8256378,39.470039,0.4813697534109506
300.0,741.4267673164755,3.8258784,39.49501,0.4816652577722675
300.0,741.410973043443,3.8259187,39.457573,0.4819607588108107
300.0,741.4278542485298,3.8260388,39.407665,0.4822562636053372
300.0,741.415847068696,3.8261189,39.457573,0.4825517665864999
300.0,741.4262571697175,3.8261993,39.457573,0.4828472707444919
300.0,741.4167956117041,3.8260388,39.482544,0.4831427741037115
300.0,741.4256591678185,3.8262393,39.445107,0.4834382780233627
300.0,741.4230373797965,3.8262393,39.407665,0.4837337838703374
300.0,741.4167698432011,3.8263595,39.482544,0.4840292872192865
300.0,741.4240553263535,3.8264799,39.457573,0.4843247904997079
300.0,741.4145110887432,3.8263595,39.482544,0.4846202929483948
300.0,741.4182511811508,3.8267205,39.49501,0.4849157939155058
300.0,741.4053101548133,3.8266804,39.445107,0.4852112926970153
300.0,741.4124490377113,3.8266401,39.519981,0.4855067913516138
300.0,741.4071240870463,3.8266804,39.482544,0.4858022908560946
300.0,741.4213256483961,3.8266804,39.470039,0.4860977930485707
300.0,741.4084717735742,3.8270011,39.420132,0.4863932930901933
300.0,741.4176983832482,3.8270812,39.457573,0.4866887938369802
300.0,741.4061050361066,3.826961,39.49501,0.4869842929353022
300.0,741.4136069543931,3.8271213,39.482544,0.487279792051402
300.0,741.4070654688384,3.8273618,39.420132,0.4875752915325196
300.0,741.4090955739772,3.8274422,39.470039,0.4878707918227677
300.0,741.422178558941,3.8273218,39.457573,0.4881662943551814
300.0,741.4085555126143,3.8275223,39.49501,0.4884617944301794
300.0,741.4045897549373,3.8275623,39.470039,0.4887572899523683
300.0,741.4057167079749,3.8274422,39.544914,0.489052788895916
300.0,741.4159425997282,3.8277228,39.420132,0.4893482889429147
300.0,741.4073775275299,3.827843,39.482544,0.4896437885484083
300.0,741.416381054018,3.827843,39.482544,0.4899392887701581
300.0,741.410832870882,3.827843,39.507477,0.4902347897528333
300.0,741.4112651936734,3.8281236,39.482544,0.4905302879355968
300.0,741.3981765815265,3.8279634,39.470039,0.4908257838739082
300.0,741.406868722256,3.8282039,39.432598,0.4911212803044062
300.0,741.4075368658295,3.8284042,39.445107,0.4914167799734066
300.0,741.4193021758049,3.828244,39.457573,0.4917122813594039
300.0,741.4100828378834,3.8284445,39.49501,0.4920077820431416
300.0,741.4076069211077,3.8285246,39.482544,0.4923032817400635
300.0,741.4144342905813,3.8285646,39.507477,0.4925987811859079
300.0,741.4132698467764,3.8286448,39.457573,0.4928942831398782
300.0,741.4201998491478,3.8287652,39.457573,0.4931897848836538
300.0,741.4122195343068,3.8288453,39.445107,0.4934852864190056
300.0,741.4248827726366,3.8289657,39.507477,0.4937807900292154
300.0,741.413576839515,3.8288052,39.482544,0.4940762921055425
300.0,741.4125626738927,3.8290057,39.49501,0.494371790805432
300.0,741.4118893359184,3.8290858,39.532448,0.494667292209178
300.0,741.414504530124,3.8290057,39.49501,0.4949627916830171
300.0,741.4004550012378,3.8292062,39.432598,0.4952582885294286
300.0,741.4078292620555,3.8292463,39.507477,0.4955537853427612
300.0,741.4073079363646,3.8292863,39.507477,0.495849284920518
300.0,741.4058441362549,3.8294065,39.482544,0.4961447839148543
300.0,741.418838940947,3.8295269,39.532448,0.4964402851162239
300.0,741.4112092120884,3.8296471,39.507477,0.4967357862488958
300.0,741.4232085074552,3.8295269,39.532448,0.4970312891918075
300.0,741.4073713025223,3.8298876,39.445107,0.49732678879482
300.0,741.4140078476895,3.8299277,39.519981,0.4976222880707005
300.0,741.410216565249,3.8299277,39.470039,0.4979177888077373
300.0,741.4127991618968,3.8301282,39.557419,0.4982132876018819
300.0,741.4061883368179,3.8301682,39.532448,0.4985087867334047
300.0,741.4244117003703,3.8301682,39.470039,0.4988042901558632
300.0,741.4155418333659,3.8301682,39.582352,0.4990997930153696
300.0,741.4256964852934,3.8303287,39.532448,0.4993952969498942
300.0,741.413002856158,3.8302886,39.507477,0.4996907987974512
300.0,741.4142567196244,3.8306093,39.544914,0.4999863011447553
300.0,741.4217898968232,3.8306494,39.49501,0.500281803522263
300.0,741.4150333640191,3.8306093,39.445107,0.500577306179111
300.0,741.4186912469602,3.83093,39.544914,0.5008728073216154
300.0,741.4077850825862,3.8307297,39.544914,0.5011683070895464
300.0,741.4080268701781,3.8308899,39.569885,0.501463803981638
300.0,741.4182073362074,3.8308899,39.49501,0.5017593079035226
300.0,741.4207716296266,3.8312106,39.507477,0.502054809875188
300.0,741.4141045718021,3.8311706,39.519981,0.5023503121618512
300.0,741.4190920062191,3.83097,39.582352,0.502645813464083
300.0,741.4159688089317,3.8312509,39.582352,0.5029413164937673
300.0,741.4236544819654,3.8313711,39.49501,0.5032368196144273
300.0,741.4120803994516,3.8314111,39.557419,0.5035323210943247
300.0,741.4160379124509,3.8314512,39.544914,0.5038278241515513
300.0,741.4187612792052,3.8316917,39.519981,0.5041233253219678
300.0,741.4089367372388,3.8317318,39.594818,0.504418825548909
300.0,741.4204916477811,3.8317721,39.557419,0.5047143274089844
300.0,741.40838936405,3.8318522,39.569885,0.5050098274177613
300.0,741.419187953542,3.8324535,39.544914,0.505305328758234
300.0,741.4148745393544,3.8322129,39.519981,0.5056008313517799
300.0,741.4294956393239,3.8322532,39.519981,0.505896336800502
300.0,741.4165858103248,3.8323734,39.532448,0.5061918400761019
300.0,741.4226370081483,3.8322933,39.594818,0.5064873427912359
300.0,741.4127616950237,3.8326139,39.569885,0.5067828445426743
300.0,741.423705972014,3.8326941,39.582352,0.5070783476838564
300.0,741.4193859192363,3.8324935,39.607323,0.5073738520754838
300.0,741.4228844265294,3.8328946,39.607323,0.5076693578614966
300.0,741.4292540116464,3.8327341,39.582352,0.5079648632139152
300.0,741.4208104125769,3.8328145,39.544914,0.5082603681732969
300.0,741.4255638307244,3.8331752,39.569885,0.5085558720549505
300.0,741.420664966358,3.8332553,39.582352,0.5088513769563624
300.0,741.422890903839,3.833015,39.544914,0.5091468797726895
300.0,741.4132185897116,3.8331351,39.49501,0.5094423817062305
300.0,741.421841239942,3.8333757,39.557419,0.5097378841042016
300.0,741.4187115816758,3.8333757,39.594818,0.5100333882270612
300.0,741.4259893212337,3.8335762,39.607323,0.510328892278299
300.0,741.4216380944628,3.8337364,39.507477,0.5106243975675665
300.0,741.4279374888923,3.8335762,39.594818,0.5109199023952694
300.0,741.4287260129869,3.8337767,39.594818,0.5112154105095386
300.0,741.4281666162428,3.8340573,39.532448,0.5115109184008514
300.0,741.4327662869366,3.8338969,39.594818,0.5118064251531286
300.0,741.4243548660334,3.8340974,39.532448,0.5121019315252082
300.0,741.4273896342111,3.8340573,39.582352,0.5123974361345572
300.0,741.4163816366226,3.833977,39.49501,0.5126929393287805
300.0,741.4258061785209,3.8342979,39.582352,0.5129884433070245
300.0,741.4211101059723,3.8344581,39.582352,0.5132839483858539
300.0,741.4272752167241,3.8346586,39.544914,0.5135794529496004
300.0,741.4169041562332,3.8345785,39.594818,0.5138749563520821
300.0,741.4223759350048,3.8344581,39.557419,0.5141704589631623
300.0,741.4212624001088,3.8350194,39.569885,0.5144659641026909
300.0,741.4232348387657,3.8348992,39.569885,0.5147614670560973
300.0,741.4114631905583,3.8346987,39.519981,0.5150569682899963
300.0,741.418112987847,3.8350194,39.607323,0.5153524721742768
300.0,741.4206763289579,3.8351798,39.544914,0.515647974107959
300.0,741.4036424498923,3.8353403,39.569885,0.5159434722247784
300.0,741.4216443030301,3.8353002,39.569885,0.5162389745442582
300.0,741.4059079303051,3.8355405,39.657227,0.5165344735640205
300.0,741.4248127522607,3.8352599,39.64476,0.5168299771463228
300.0,741.411386615802,3.8357811,39.544914,0.5171254783497018
300.0,741.413689657787,3.835701,39.569885,0.517420977498764
300.0,741.4084533404302,3.8356609,39.594818,0.5177164775330397
300.0,741.4074795168586,3.836062,39.582352,0.5180119742069772
300.0,741.4027585673606,3.8359416,39.582352,0.5183074719715114
300.0,741.4181060510663,3.836062,39.544914,0.5186029728807791
300.0,741.4105338118562,3.8362622,39.607323,0.5188984737442595
300.0,741.4054948707624,3.8363826,39.557419,0.5191939725993905
300.0,741.4280709245623,3.8364227,39.582352,0.5194894774802757
300.0,741.416057004316,3.8364227,39.632256,0.5197849805451117
300.0,741.4235850239331,3.8365028,39.594818,0.5200804836380886
300.0,741.4160944061347,3.8367434,39.619789,0.5203759867178316
300.0,741.4191811423901,3.8366232,39.669693,0.5206714880555896
300.0,741.4167762028587,3.8369439,39.657227,0.5209669914070734
300.0,741.4176735537717,3.8369839,39.744568,0.5212624921439643
300.0,741.4149056909952,3.837024,39.582352,0.521557994749926
300.0,741.4208610709121,3.8373046,39.64476,0.5218534967572394
300.0,741.416604536302,3.8371844,39.64476,0.5221490000403028
300.0,741.423215575427,3.8373849,39.619789,0.5224445029860315
300.0,741.4119337694171,3.8373449,39.632256,0.5227400044074871
300.0,741.410654636758,3.8375452,39.519981,0.5230355053191243
300.0,741.4200975167282,3.8377457,39.682201,0.5233310070221141
300.0,741.4056723481448,3.8378661,39.632256,0.5236265059479815
300.0,741.4089301466981,3.8378258,39.632256,0.5239220032000845
300.0,741.4070210969347,3.8379862,39.594818,0.5242175026635171
300.0,741.4159166586612,3.8379061,39.607323,0.5245130027001766
300.0,741.411603119194,3.8380663,39.619789,0.5248085039898465
300.0,741.4157512774532,3.8379862,39.632256,0.5251040039605914
300.0,741.401217314609,3.8383069,39.657227,0.5253995011108349
300.0,741.4056912504227,3.8385475,39.632256,0.5256949970720378
300.0,741.4021218268406,3.8384273,39.607323,0.5259904945827889
300.0,741.4147719144901,3.8385074,39.632256,0.5262859941631972
300.0,741.407625109917,3.8389084,39.582352,0.5265814938673686
300.0,741.4059206741767,3.8389485,39.594818,0.5268769928922103
300.0,741.419843841432,3.8388684,39.669693,0.5271724944940949
300.0,741.3995065924705,3.8389885,39.694668,0.5274679909625031
300.0,741.408395976735,3.8391087,39.682201,0.5277634880017064
300.0,741.4005169883577,3.8393493,39.594818,0.5280589848728239
300.0,741.4156617631121,3.8392692,39.669693,0.5283544848078918
300.0,741.4069644068011,3.8394697,39.594818,0.5286499842487296
300.0,741.4130600154643,3.8395898,39.632256,0.5289454831468404
300.0,741.4142186466019,3.8395498,39.707134,0.5292409854789699
300.0,741.4201612500289,3.8396301,39.682201,0.5295364872073614
300.0,741.4139190626864,3.8398304,39.657227,0.5298319894200869
300.0,741.4189900401004,3.8402715,39.682201,0.5301274906816789
300.0,741.4127670175894,3.8400309,39.632256,0.5304229924352387
300.0,741.4150513934175,3.840071,39.669693,0.5307184950992725
300.0,741.4200150214506,3.8404319,39.607323,0.5310139967693829
300.0,741.4128499147597,3.8402314,39.64476,0.5313094985559826
300.0,741.4201483228785,3.8405521,39.657227,0.5316050002792218
300.0,741.4145106004833,3.8405521,39.594818,0.531900502727714
300.0,741.4233231692792,3.8407526,39.669693,0.5321960057163256
300.0,741.4069511750788,3.8405921,39.669693,0.5324915051518897
300.0,741.4170431299387,3.8408327,39.682201,0.5327870056375177
300.0,741.4102470094654,3.8409531,39.64476,0.5330825063866885
300.0,741.416051071475,3.8411536,39.619789,0.5333780064769199
300.0,741.409248845043,3.8409932,39.732101,0.5336735068282566
300.0,741.4182900976625,3.8410332,39.707134,0.5339690078108782
300.0,741.4001555519724,3.8413138,39.657227,0.5342645045379395
300.0,741.3962990758401,3.8416345,39.657227,0.5345599997279414
300.0,741.4062382499241,3.8417149,39.694668,0.5348554959071573
300.0,741.4068566566665,3.841835,39.632256,0.5351509953050496
300.0,741.4077465465881,3.8419154,39.682201,0.5354464920854148
300.0,741.3987999916899,3.8421156,39.632256,0.5357419882721962
300.0,741.415974728826,3.842236,39.669693,0.5360374883320004
300.0,741.4054176368757,3.8419955,39.694668,0.5363329871563486
300.0,741.4127922650019,3.8423162,39.682201,0.5366284859477444
300.0,741.4039795704809,3.842236,39.657227,0.5369239841989285
300.0,741.4175770074751,3.8425968,39.682201,0.5372194848973396
300.0,741.4047112071701,3.8425167,39.657227,0.5375149834401292
300.0,741.4113220908565,3.8427172,39.657227,0.5378104816455698
300.0,741.4022747201495,3.8427172,39.657227,0.5381059792172589
300.0,741.4062133850044,3.8427172,39.732101,0.5384014783587651
300.0,741.415961496152,3.8429174,39.694668,0.5386969784132952
300.0,741.4116986503467,3.8432784,39.707134,0.5389924797410404
300.0,741.4234509162337,3.8432384,39.732101,0.539287982780567
300.0,741.4101842658085,3.8434389,39.694668,0.5395834835047304
300.0,741.4119145014473,3.8433185,39.744568,0.5398789819462831
300.0,741.4118700001279,3.8435991,39.719635,0.5401744833423225
300.0,741.4153636164216,3.8435991,39.657227,0.5404699831585607
300.0,741.4109920984738,3.8436391,39.669693,0.5407654842046984
300.0,741.4105783858881,3.8438797,39.719635,0.5410609821137266
300.0,741.4053605206911,3.8438396,39.744568,0.5413564809153103
300.0,741.4170375275802,3.8441603,39.64476,0.5416519813987054
300.0,741.4049651608791,3.8442807,39.707134,0.5419474800427121
300.0,741.4075627444263,3.8444009,39.757076,0.5422429797220268
300.0,741.4164700678159,3.8445613,39.732101,0.5425384799792541
300.0,741.4079441030871,3.8444409,39.707134,0.5428339798105652
300.0,741.4173039955799,3.844882,39.682201,0.5431294804001644
300.0,741.4118385669088,3.8445613,39.732101,0.5434249817836755
300.0,741.4214969751397,3.844842,39.744568,0.543720484044436
300.0,741.4178644178897,3.8449624,39.769543,0.544015987829645
300.0,741.4176600767606,3.8450425,39.619789,0.5443114885611644
300.0,741.4032038295513,3.8450425,39.669693,0.5446069865031649
300.0,741.4177620062492,3.8454032,39.64476,0.5449024872753094
300.0,741.4211358139032,3.8454835,39.732101,0.545197992364385
300.0,741.4350513698445,3.8455236,39.794514,0.5454935000274089
300.0,741.4157327381021,3.8456838,39.694668,0.5457890029630034
300.0,741.414707741833,3.8458042,39.719635,0.546084502517835
300.0,741.4068814240933,3.8457642,39.694668,0.5463800019255987
300.0,741.4118387013543,3.8460047,39.744568,0.5466755033091635
300.0,741.4140973986606,3.8460848,39.744568,0.5469710026207356
300.0,741.413517953644,3.8461249,39.707134,0.5472665046735928
300.0,741.4242716854026,3.846566,39.669693,0.5475620080402466
300.0,741.4192517402404,3.8467665,39.744568,0.547857512378395
300.0,741.4139189683383,3.8467665,39.669693,0.5481530116188515
300.0,741.4069199610242,3.8466861,39.769543,0.5484485110419748
300.0,741.416960232344,3.8468466,39.707134,0.548744011494563
300.0,741.4022043951619,3.8468065,39.707134,0.549039509038223
300.0,741.411939916596,3.8472073,39.719635,0.5493350074899053
300.0,741.406187335537,3.8472476,39.732101,0.549630506621029
300.0,741.4179148882038,3.8474078,39.694668,0.5499260074541065
300.0,741.4056413174435,3.8474879,39.669693,0.5502215063676061
300.0,741.4089752620963,3.8475683,39.744568,0.550517006609902
300.0,741.4190287978134,3.8477285,39.719635,0.5508125078869412
300.0,741.4119916302698,3.8476083,39.707134,0.5511080093314583
300.0,741.4209366699088,3.8478088,39.719635,0.5514035113689024
300.0,741.4164128375805,3.8480895,39.782009,0.5516990145755614
300.0,741.4270269489717,3.8481696,39.794514,0.5519945190403578
300.0,741.4165282668617,3.8483701,39.732101,0.5522900222930229
300.0,741.4383664636811,3.84829,39.744568,0.5525855312773165
300.0,741.4152551525284,3.8484502,39.757076,0.5528810340225617
300.0,741.429100776283,3.8485706,39.782009,0.5531765393139064
300.0,741.4286564819845,3.8487709,39.732101,0.553472047400463
300.0,741.4233873540101,3.8489313,39.757076,0.5537675504146561
300.0,741.417743556563,3.8488111,39.757076,0.5540630541516941
300.0,741.4176294340832,3.8490114,39.769543,0.5543585578432467
300.0,741.4191999530709,3.8490918,39.782009,0.5546540591885019
300.0,741.4180361092074,3.8492119,39.719635,0.5549495630421413
300.0,741.42705288922,3.8494525,39.744568,0.5552450675172766
300.0,741.4118384813713,3.8492923,39.744568,0.5555405689007537
300.0,741.4274093852008,3.8498535,39.744568,0.5558360735179747
300.0,741.4238074079208,3.8496931,39.794514,0.5561315796718562
300.0,741.4291207470533,3.8498535,39.782009,0.5564270849711606
300.0,741.4195639217131,3.8498535,39.769543,0.5567225894337338
300.0,741.4390923463674,3.8501742,39.782009,0.5570180987073364
300.0,741.4289047232975,3.8503747,39.782009,0.5573136068928334
300.0,741.4322328735179,3.8504148,39.794514,0.5576091134325124
300.0,741.4291397316603,3.8503747,39.782009,0.5579046217116757
300.0,741.4200542266022,3.8503747,39.719635,0.5582001263696676
300.0,741.4296936996952,3.8507354,39.757076,0.558495631897329
300.0,741.4207400026655,3.8508959,39.831913,0.5587911368286478
300.0,741.4306159458993,3.850976,39.719635,0.5590866427238813
300.0,741.4227839380852,3.850976,39.732101,0.5593821484698428
300.0,741.4307179484434,3.8510561,39.782009,0.5596776544057306
300.0,741.4175719751345,3.851377,39.794514,0.5599731580743821
300.0,741.4255568364221,3.8516176,39.794514,0.5602686619532479
300.0,741.4152744394111,3.8514571,39.782009,0.5605641647061802
300.0,741.4190474992178,3.8517778,39.794514,0.5608596659906732
300.0,741.4106288430849,3.8517377,39.80698,0.5611551668920298
300.0,741.4212688981428,3.8520184,39.831913,0.5614506690618875
300.0,741.4176482566481,3.8521388,39.757076,0.5617461727609421
300.0,741.4163435875424,3.8522589,39.86935,0.5620416759400003
300.0,741.4267724309785,3.8523793,39.794514,0.5623371803033557
300.0,741.411939457257,3.8526199,39.782009,0.5626326817270783
300.0,741.409394627184,3.8523793,39.794514,0.5629281791643055
300.0,741.4092494433968,3.8526599,39.769543,0.5632236795158807
300.0,741.4132255925105,3.8528605,39.819447,0.5635191784799842
300.0,741.4033756176616,3.8530607,39.769543,0.5638146764904535
300.0,741.407841859535,3.8529806,39.769543,0.5641101733088069
300.0,741.401995582376,3.8532212,39.831913,0.5644056707692413
300.0,741.4100752583981,3.8533013,39.86935,0.5647011684777421
300.0,741.4020329113445,3.8535419,39.819447,0.5649966659530545
300.0,741.4119969118003,3.8536623,39.856884,0.5652921644274529
300.0,741.405252647366,3.8535018,39.769543,0.5655876631860419
300.0,741.396089494444,3.8536623,39.881855,0.5658831582925119
300.0,741.4010393448506,3.8539429,39.769543,0.566178652399643
300.0,741.4018164085664,3.854063,39.831913,0.5664741497886648
300.0,741.4081927286006,3.8541834,39.844418,0.5667696467468613
300.0,741.398017402638,3.8541434,39.856884,0.5670651426217294
300.0,741.4003470924821,3.8545041,39.782009,0.5673606364529552
300.0,741.4009318302745,3.8544641,39.782009,0.5676561334894145
300.0,741.4153124202323,3.8546245,39.80698,0.5679516332852477
300.0,741.402891318411,3.8551054,39.782009,0.5682471311026919
300.0,741.4140457508366,3.8548248,39.80698,0.5685426303936791
300.0,741.4138426223757,3.8549852,39.819447,0.5688381325759382
300.0,741.4204729830068,3.8551054,39.769543,0.5691336344285745
300.0,741.4022618289404,3.8552258,39.881855,0.5694291319951257
300.0,741.4011930475157,3.8555865,39.881855,0.5697246291356971
300.0,741.411157099892,3.8556669,39.844418,0.5700201272753787
300.0,741.4086369089888,3.855747,39.80698,0.5703156273828185
300.0,741.4136836029751,3.8559074,39.782009,0.5706111265294674
300.0,741.407078518026,3.855787,39.881855,0.5709066260157861
300.0,741.4135880579693,3.8559475,39.782009,0.5712021251243545
300.0,741.4144796068209,3.8562281,39.86935,0.5714976275604937
300.0,741.4167061532982,3.8561077,39.819447,0.5717931279118158
300.0,741.4119337080266,3.8564286,39.86935,0.5720886293332469
300.0,741.4178967237681,3.8565888,39.819447,0.5723841301590847
300.0,741.4131942978573,3.8567894,39.819447,0.5726796320829439
300.0,741.4189387583727,3.8567092,39.881855,0.5729751333240969
300.0,741.4140144110997,3.8570299,39.831913,0.573270635574825
300.0,741.4140846014374,3.8567894,39.856884,0.5735661378535287
300.0,741.4266002742256,3.8570299,39.794514,0.573861642148269
300.0,741.4186859107838,3.8573506,39.80698,0.5741571462608971
300.0,741.4235595232459,3.8576715,39.831913,0.5744526493437103
300.0,741.4226430699686,3.8576312,39.881855,0.5747481550335266
300.0,741.4215421658346,3.8575511,39.844418,0.5750436573122982
300.0,741.4062579410797,3.8577516,39.844418,0.575339156471563
300.0,741.4116848489468,3.8576715,39.844418,0.575634654821585
300.0,741.4178004656565,3.8580322,39.86935,0.5759301585813049
300.0,741.415184819389,3.8581524,39.844418,0.5762256583262814
300.0,741.4105213121146,3.8586736,39.831913,0.5765211591847799
300.0,741.4122834365181,3.8582327,39.919292,0.5768166577733761
300.0,741.4091978443862,3.8586335,39.86935,0.5771121581043857
300.0,741.4151737076553,3.8587139,39.819447,0.5774076608171698
300.0,741.4225663538056,3.8589544,39.86935,0.5777031635041436
300.0,741.4126274912669,3.8589544,39.844418,0.577998665202093
300.0,741.4186467278853,3.859235,39.881855,0.5782941663268538
300.0,741.4192839299964,3.859195,39.844418,0.5785896706778318
300.0,741.4230944816443,3.8593953,39.86935,0.5788851735752972
300.0,741.4215296107103,3.8597162,39.86935,0.5791806788213268
300.0,741.4163243277071,3.8594353,39.831913,0.5794761790204677
300.0,741.4134736177563,3.8598764,39.881855,0.5797716810556541
300.0,741.4217640910216,3.8599164,39.844418,0.5800671834228768
300.0,741.4197540085219,3.8602774,39.894321,0.580362687961212
300.0,741.4215544833701,3.8600769,39.86935,0.580658190244893
300.0,741.4117427175481,3.860117,39.86935,0.5809536915902019
300.0,741.4139072339441,3.860518,39.906788,0.5812491937982129
300.0,741.4119269039072,3.8604376,39.844418,0.5815446922447088
300.0,741.407683373492,3.860518,39.86935,0.5818401919721021
300.0,741.420103681635,3.8609991,39.894321,0.582135693677549
300.0,741.4132441877533,3.8611994,39.831913,0.5824311956212925
300.0,741.4232916993186,3.8611593,39.844418,0.5827266985973614
300.0,741.4181442995127,3.8612797,39.894321,0.5830222024941217
300.0,741.4270268145249,3.8614399,39.919292,0.5833177069588646
300.0,741.4139193068164,3.8615603,39.86935,0.5836132091716876
300.0,741.4202503866092,3.8615203,39.86935,0.5839087109356054
300.0,741.4182528925404,3.8616004,39.881855,0.5842042148756472
300.0,741.4216758458417,3.8619211,39.794514,0.5844997172076987
300.0,741.4091597705451,3.8619611,39.86935,0.5847952175235333
300.0,741.4124428610601,3.8622417,39.894321,0.5850907191478953
300.0,741.4195051067513,3.8623221,39.86935,0.5853862206147732
300.0,741.4250111130096,3.8626027,39.881855,0.5856817272484104
300.0,741.4324618419155,3.8627229,39.831913,0.5859772338793474
300.0,741.4274536189702,3.8627632,39.969196,0.5862727414864839
300.0,741.4311433290625,3.8628433,39.919292,0.5865682475919122
300.0,741.4154146850269,3.8630438,39.931759,0.5868637504007416
300.0,741.4254808594601,3.8632441,39.881855,0.5871592542493259
300.0,741.4326908384262,3.8631639,39.944225,0.5874547639438389
300.0,741.430769510729,3.8634045,39.931759,0.5877502699002775
300.0,741.4211031970732,3.863605,39.906788,0.588045774976353
300.0,741.4288475765642,3.8638856,39.919292,0.5883412801667821
300.0,741.4204988415314,3.8637652,39.931759,0.5886367850019824
300.0,741.4192520093359,3.8639657,39.86935,0.588932289340238
300.0,741.428294143467,3.8641262,39.894321,0.5892277943100898
300.0,741.4232662847052,3.8642063,39.906788,0.5895233002482981
300.0,741.4298080191609,3.8645673,39.931759,0.5898188058215229
300.0,741.4282372088936,3.8644469,39.906788,0.5901143137409715
300.0,741.4350256862115,3.864527,39.944225,0.5904098213937589
300.0,741.4269250323305,3.864928,39.919292,0.5907053287902188
300.0,741.4256078011664,3.8649681,39.944225,0.5910008326893973
300.0,741.4158918437313,3.8652487,39.856884,0.5912963356884058
300.0,741.4289936346795,3.865329,39.894321,0.5915918409370481
300.0,741.4222357109529,3.8654091,39.969196,0.591887346464505
300.0,741.4314686239761,3.8653691,39.881855,0.5921828526995834
300.0,741.4230945444796,3.8657699,39.994171,0.592478358569342
300.0,741.4246102607846,3.8658903,39.86935,0.5927738650432132
300.0,741.4325826189196,3.8658502,39.944225,0.5930693717222874
300.0,741.4164705275626,3.8660505,39.944225,0.5933648749519395
300.0,741.4325380511409,3.866291,39.906788,0.5936603816132506
300.0,741.424780816376,3.866291,39.944225,0.5939558881550995
300.0,741.4334921207145,3.8664916,39.906788,0.5942513951966663
300.0,741.4245904975108,3.8664916,39.944225,0.5945469016626604
300.0,741.4257867078845,3.8666921,39.95673,0.5948424056331443
300.0,741.4183350702128,3.8668122,39.881855,0.5951379096059394
300.0,741.4330094399813,3.8669727,39.86935,0.595433416455128
300.0,741.4212247050477,3.8672533,39.944225,0.5957289215796326
300.0,741.4226943571707,3.8672934,39.944225,0.5960244243176237
300.0,741.4181630250806,3.8672132,39.894321,0.5963199282218474
300.0,741.4184817728927,3.8676143,39.981663,0.5966154322531132
300.0,741.418691174314,3.8680954,39.969196,0.5969109333955886
300.0,741.4183917957483,3.8680151,39.944225,0.5972064373909926
300.0,741.4181372159126,3.8681755,39.931759,0.5975019383126814
300.0,741.4099095473402,3.8680954,39.919292,0.5977974389273514
300.0,741.4191559955211,3.868376,40.006638,0.5980929402550867
300.0,741.41517248721,3.8685763,40.006638,0.5983884429673845
300.0,741.4133910840181,3.8687768,39.919292,0.5986839419974466
300.0,741.4100369883079,3.8686566,39.844418,0.5989794426629101
300.0,741.4182899877721,3.8686566,39.981663,0.599274943645488
300.0,741.4081538060366,3.8690174,39.969196,0.5995704435603796
300.0,741.4206129249189,3.8691778,39.981663,0.5998659454687914
300.0,741.4056018772521,3.8694184,39.981663,0.6001614443665715
300.0,741.408307857991,3.8693783,39.906788,0.6004569443428629
300.0,741.410170827551,3.8694985,39.95673,0.6007524420894539
300.0,741.4054505715043,3.8698192,39.981663,0.6010479409269287
300.0,741.4159546964598,3.8697391,39.881855,0.6013434409787488
300.0,741.4066342454518,3.8701401,39.994171,0.6016389402879955
300.0,741.4215996368209,3.8703806,39.969196,0.6019344425896729
300.0,741.4035471014789,3.8702202,39.919292,0.6022299406684898
300.0,741.4146566062165,3.8703003,39.944225,0.6025254402029406
300.0,741.4134857636834,3.8705409,40.019104,0.602820942242968
300.0,741.413034185311,3.8707013,39.919292,0.603116441130784
300.0,741.3989087193677,3.8709419,39.969196,0.6034119373609005
300.0,741.4152933650099,3.8707814,39.969196,0.603707437149139
300.0,741.4056851286462,3.8711824,39.981663,0.6040029360801004
300.0,741.4121371831787,3.8712626,39.969196,0.6042984346104056
300.0,741.4033569168546,3.8715031,39.981663,0.6045939326134212
300.0,741.4053937115233,3.8718238,40.006638,0.6048894314282336
300.0,741.4183151219537,3.8717437,39.95673,0.605184932420829
300.0,741.4196652638961,3.8718638,39.919292,0.6054804369237937
300.0,741.4258749285078,3.8719041,39.994171,0.6057759409294389
300.0,741.4183797967494,3.8722649,40.031605,0.6060714449200604
300.0,741.4275810653533,3.8722649,39.969196,0.6063669496057066
300.0,741.416572346546,3.8724253,39.906788,0.6066624528759402
300.0,741.4200532784158,3.8724253,40.006638,0.6069579545612983
300.0,741.4140842961215,3.8727059,39.969196,0.6072534568398803
300.0,741.4193086456215,3.8728662,39.981663,0.6075489582284562
300.0,741.4146959264502,3.8731067,40.006638,0.6078444607508131
300.0,741.430775174888,3.8732271,40.019104,0.6081399667095092
300.0,741.4224656419032,3.8734274,39.994171,0.6084354723286087
300.0,741.4209251579667,3.873668,39.95673,0.608730977333724
300.0,741.4303941670281,3.873668,39.944225,0.609026483140565
300.0,741.4202316921159,3.8739889,40.044071,0.6093219878692886
300.0,741.4242469533335,3.8738685,39.994171,0.6096174912260851
300.0,741.4148799591219,3.8741891,39.931759,0.6099129938217911
300.0,741.4259712673022,3.8741491,40.031605,0.6102084978658333
300.0,741.4214022307242,3.8742695,40.019104,0.6105040030610935
300.0,741.4210970346352,3.87447,39.95673,0.610799505162453
300.0,741.4150579972052,3.8746302,39.994171,0.6110950078291189
300.0,741.4224075396169,3.8749108,40.019104,0.6113905104527954
300.0,741.4148361970316,3.8750312,39.969196,0.6116860130310593
300.0,741.4186595697018,3.8751514,40.031605,0.6119815141609384
300.0,741.4214139982805,3.8753119,39.95673,0.6122770193608887
300.0,741.4210848867106,3.8752718,40.019104,0.6125725244296666
300.0,741.4276006581581,3.8755524,40.019104,0.6128680291231217
300.0,741.4183799545233,3.8755925,39.994171,0.613163533113806
300.0,741.4241887137291,3.8760335,40.031605,0.6134590364473905
300.0,741.4237120105996,3.8759131,40.081512,0.6137545425632499
300.0,741.420109992653,3.8761938,40.006638,0.6140500442712121
300.0,741.4144031180116,3.8764744,40.044071,0.6143455466768656
300.0,741.4214595481839,3.8765547,40.006638,0.614641048922709
300.0,741.4069891631776,3.8768353,39.994171,0.6149365483734138
300.0,741.4155793889798,3.8766749,40.031605,0.6152320482756507
300.0,741.4057813199526,3.8769958,40.031605,0.6155275472449505
300.0,741.4155167425085,3.877116,39.994171,0.6158230471222188
300.0,741.4130405266627,3.8772361,40.019104,0.61611854898479
300.0,741.412334597086,3.8773966,39.981663,0.6164140505660018
300.0,741.4229745587968,3.8775971,40.056538,0.6167095534156706
300.0,741.4132518055093,3.8777575,40.069046,0.6170050553624502
300.0,741.4186090318312,3.8779979,40.069046,0.6173005564721868
300.0,741.4115399969617,3.8778377,40.006638,0.6175960577366982
300.0,741.4163239004242,3.8779979,40.031605,0.6178915579356689
300.0,741.4116029716519,3.8781984,40.006638,0.6181870592252798
300.0,741.4234127448069,3.8783989,39.994171,0.6184825622495927
300.0,741.4220826844264,3.8785193,39.994171,0.6187780677160586
300.0,741.4314747884737,3.8787196,39.969196,0.6190735739535939
300.0,741.4241576994551,3.8785994,39.944225,0.6193690802470896
300.0,741.4328108792716,3.8790002,39.994171,0.6196645870171396
300.0,741.4156241812949,3.8792007,40.093979,0.619960089909467
300.0,741.4097634788253,3.8794813,40.006638,0.6202555904659192
300.0,741.4183030616475,3.8795617,40.006638,0.6205510914537078
300.0,741.4100061534425,3.8798423,40.019104,0.6208465921068816
300.0,741.4238014187938,3.8798823,40.056538,0.6211420952861052
300.0,741.412285183581,3.880163,40.056538,0.6214375968476225
300.0,741.4205748881435,3.880163,40.056538,0.6217330987408742
300.0,741.4111954298969,3.8803635,40.081512,0.6220285998680529
300.0,741.4174054736384,3.880564,40.056538,0.6223241004980973
300.0,741.4035984436721,3.880564,40.019104,0.6226195985973774
300.0,741.4174499562878,3.8809247,39.981663,0.6229150992451508
300.0,741.4201747097629,3.8808846,40.044071,0.6232106039511631
300.0,741.4262572309041,3.8813257,40.044071,0.6235061081091795
300.0,741.419970035318,3.8812854,40.044071,0.6238016127336157
300.0,741.4215046110223,3.8814459,39.969196,0.6240971179696811
300.0,741.4455059185807,3.8816464,40.019104,0.6243926297994885
300.0,741.4308577175354,3.881526,40.031605,0.6246881387633821
300.0,741.4355611263591,3.8816464,40.069046,0.6249836466295754
300.0,741.4236305771861,3.8822076,40.081512,0.6252791527129783
300.0,741.4311446720978,3.8820071,40.081512,0.6255746588189418
300.0,741.4304900426366,3.8827288,40.044071,0.6258701676362929
300.0,741.419963629628,3.8826087,40.093979,0.6261656692859203
300.0,741.4235911488636,3.8827288,39.994171,0.6264611753536085
300.0,741.428618559463,3.8828893,40.131416,0.6267566804527601
300.0,741.4138303907064,3.8828893,40.044071,0.6270521826301441
300.0,741.4288028622652,3.8829694,40.069046,0.6273476878027517
300.0,741.424978276606,3.8833704,40.081512,0.6276431944233014
300.0,741.4227896635779,3.8833301,40.019104,0.627938700171545
300.0,741.424298149932,3.8837311,40.056538,0.6282342035487465
300.0,741.4153889899881,3.8838916,40.056538,0.6285297063473347
300.0,741.422592379183,3.8838916,40.044071,0.6288252090446813
300.0,741.4174891266674,3.8841321,40.093979,0.6291207126803122
300.0,741.425602551398,3.8843324,39.981663,0.6294162165773983
300.0,741.4150394066967,3.8842924,40.093979,0.6297117192366547
300.0,741.416604199867,3.8845329,40.069046,0.630007219547342
300.0,741.4121755039396,3.8846533,40.106445,0.6303027210651446
300.0,741.4309981740122,3.8850141,40.11895,0.6305982271127196
300.0,741.4223758714405,3.8850141,40.056538,0.6308937326960398
300.0,741.4227827732227,3.8852546,40.031605,0.6311892354692701
300.0,741.4107691138709,3.8851345,40.143883,0.6314847364265339
300.0,741.4130407464411,3.8855352,40.131416,0.6317802382891926
300.0,741.4221592223421,3.8857358,40.044071,0.6320757408138995
300.0,741.4148346958267,3.8857758,40.093979,0.632371243391565
300.0,741.4269192947513,3.8858559,40.093979,0.6326667478134548
300.0,741.4161965056732,3.8861365,40.044071,0.6329622509338911
300.0,741.4276442860371,3.886337,40.044071,0.6332577556447346
300.0,741.4167187690801,3.886658,40.044071,0.6335532589733274
300.0,741.4240615641112,3.886698,40.11895,0.6338487622562348
300.0,741.4095291905743,3.8868182,40.069046,0.6341442627193076
300.0,741.4277021358073,3.8868582,40.106445,0.6344397674532078
300.0,741.418907198755,3.8871388,40.056538,0.6347352716540337
300.0,741.4174189011272,3.8872592,40.143883,0.6350307722894297
300.0,741.4100434332985,3.8874598,40.106445,0.635326272957462
300.0,741.4095797398055,3.8874998,40.081512,0.635621773440682
300.0,741.4133517897458,3.88762,40.093979,0.635917272455083
300.0,741.4041903475616,3.8879809,40.056538,0.6362127707902756
300.0,741.42252798695,3.888021,40.081512,0.6365082734619579
300.0,741.4119465863437,3.888021,40.093979,0.6368037748885219
300.0,741.4164385129307,3.8883417,40.056538,0.6370992751331727
300.0,741.4019815441858,3.8883817,40.11895,0.637394772588012
300.0,741.4118827507241,3.8885822,40.081512,0.6376902710169101
300.0,741.4027327863748,3.8888228,40.081512,0.6379857687711689
300.0,741.4146311665112,3.8889432,40.11895,0.6382812682954804
300.0,741.4068680212957,3.8892238,40.093979,0.6385767676979022
300.0,741.4069117274233,3.889384,40.11895,0.6388722641455405
300.0,741.3947466053875,3.8896646,40.093979,0.6391677587167808
300.0,741.395548249061,3.8898652,40.11895,0.6394632536075288
300.0,741.4020964303327,3.8899052,40.081512,0.6397587481359738
300.0,741.3995445932568,3.8899453,40.143883,0.6400542446195279
300.0,741.4060983444374,3.8903463,40.168854,0.6403497407429828
300.0,741.3977816375335,3.8905468,40.093979,0.640645236523883
300.0,741.4139186257753,3.8905869,40.11895,0.6409407357642031
300.0,741.4070854760374,3.8906269,40.168854,0.641236235253295
300.0,741.4112016558016,3.891068,40.18132,0.6415317334107347
300.0,741.4095540193917,3.8908675,40.106445,0.6418272338837033
300.0,741.4083315233154,3.8912685,40.106445,0.642122730897218
300.0,741.4022040041037,3.8913085,40.056538,0.6424182284407223
300.0,741.4153068174645,3.8916292,40.156387,0.6427137282343225
300.0,741.4053983986962,3.8918297,40.18132,0.6430092270510029
300.0,741.4053545637558,3.8919098,40.093979,0.6433047258502124
300.0,741.4141862059794,3.8920302,40.106445,0.6436002251971797
300.0,741.409267667608,3.8921504,40.106445,0.6438957255560185
300.0,741.4130406184975,3.892391,40.106445,0.6441912244463984
300.0,741.4139003980999,3.8925114,40.168854,0.6444867266516849
300.0,741.4216882241545,3.8927519,40.143883,0.6447822289886699
300.0,741.4088671448458,3.892832,40.056538,0.6450777291878739
300.0,741.4158848111446,3.8932328,40.156387,0.6453732292118403
300.0,741.4141794495173,3.8933933,40.218758,0.6456687315283471
300.0,741.4184104840136,3.8933532,40.106445,0.6459642325589502
300.0,741.4053675153324,3.8935537,40.168854,0.6462597313633216
300.0,741.4162034772382,3.893714,40.168854,0.6465552315142962
300.0,741.4134553071889,3.8938344,40.156387,0.6468507335421847
300.0,741.4096746365885,3.8939946,40.143883,0.6471462340632272
300.0,741.4173610642491,3.8941951,40.106445,0.6474417346755718
300.0,741.4196465019032,3.894115,40.106445,0.6477372391710585
300.0,741.4266135676769,3.894556,40.143883,0.6480327434710971
300.0,741.4244564165352,3.8947966,40.11895,0.6483282498836512
300.0,741.4257985119848,3.8949168,40.156387,0.6486237538588397
300.0,741.4171716232429,3.8947966,40.093979,0.6489192573679247
300.0,741.4239656409355,3.8950372,40.106445,0.6492147606126009
300.0,741.4213703585623,3.8953178,40.11895,0.6495102657951579
300.0,741.4220065364302,3.8956785,40.156387,0.6498057682590099
300.0,741.4162551476188,3.8957586,40.131416,0.650101271402819
300.0,741.4275804313864,3.8957987,40.143883,0.6503967760882124
300.0,741.4246922546944,3.8959591,40.231262,0.6506922825947636
300.0,741.419124690331,3.8961596,40.168854,0.6509877868822742
300.0,741.4286880541254,3.8963201,40.106445,0.6512832920091238
300.0,741.4280264314037,3.8967609,40.156387,0.6515787998445637
300.0,741.4259198263667,3.8967209,40.093979,0.6518743038681035
300.0,741.4216944049979,3.8968813,40.143883,0.6521698091798144
300.0,741.4266895204917,3.8969214,40.168854,0.6524653135101248
300.0,741.4194036562108,3.897202,40.093979,0.6527608179088217
300.0,741.4289233464331,3.8975227,40.168854,0.6530563231294497
300.0,741.4141611143937,3.8975227,40.093979,0.6533518254386488
300.0,741.419811065066,3.8976431,40.131416,0.6536473270274699
300.0,741.4184173696432,3.8978436,40.193825,0.6539428310330667
300.0,741.4213760151898,3.8982043,40.131416,0.6542383332456171
300.0,741.416775860913,3.8980839,40.143883,0.6545338365969646
300.0,741.4157516222624,3.8984449,40.11895,0.6548293395400857
300.0,741.427568321558,3.8986454,40.218758,0.6551248442206526
300.0,741.4270402663894,3.8987656,40.168854,0.6554203516630409
300.0,741.4314694415026,3.8990061,40.11895,0.6557158578984451
300.0,741.4189460170595,3.8991666,40.18132,0.6560113621147426
300.0,741.427338645115,3.8993268,40.193825,0.6563068667037694
300.0,741.4253034943744,3.8993268,40.193825,0.6566023734539398
300.0,741.436591137083,3.8995273,40.131416,0.656897881730656
300.0,741.429178073369,3.899848,40.131416,0.657193390025101
300.0,741.4334543401452,3.9000485,40.143883,0.6574888970516098
300.0,741.4271993112419,3.900209,40.218758,0.657784404557388
300.0,741.4319910385427,3.9002891,40.218758,0.6580799110006809
300.0,741.4227761138523,3.9007702,40.131416,0.6583754167435238
300.0,741.4332317558211,3.9007301,40.168854,0.6586709236813192
300.0,741.4169732356055,3.9009707,40.218758,0.6589664271113335
300.0,741.416228524354,3.9008503,40.206291,0.6592619302445315
300.0,741.4294646578328,3.9011309,40.106445,0.6595574356809055
300.0,741.4207785031714,3.9012914,40.18132,0.6598529406275693
300.0,741.4276505119259,3.901572,40.168854,0.6601484453408942
300.0,741.4231717906443,3.9014118,40.206291,0.6604439512414404
300.0,741.4302151622886,3.901973,40.193825,0.6607394569769369
300.0,741.4330727579924,3.9021332,40.18132,0.6610349668236699
300.0,741.4246543045775,3.9022937,40.243729,0.6613304703428211
300.0,741.4136643639,3.9025342,40.193825,0.6616259724540324
300.0,741.4203391198492,3.9028149,40.193825,0.6619214742533159
300.0,741.4153768806906,3.9028549,40.206291,0.6622169770470779
300.0,741.4232991822951,3.9029753,40.206291,0.6625124800261292
300.0,741.4187299657071,3.9029753,40.168854,0.662807984156316
300.0,741.415014272154,3.903296,40.156387,0.6631034868055546
300.0,741.4343262805374,3.9034564,40.18132,0.6633989941795856
300.0,741.4316342270755,3.9038973,40.131416,0.6636945034529694
300.0,741.4309665702186,3.903697,40.143883,0.6639900094879483
300.0,741.4227581452305,3.9038172,40.256195,0.6642855152236297
300.0,741.4302085703034,3.9040978,40.206291,0.6645810209564988
300.0,741.4153955205163,3.9042583,40.206291,0.6648765237576899
300.0,741.429750426006,3.9045389,40.143883,0.6651720293079603
300.0,741.419595793875,3.9047394,40.18132,0.6654675337832366
300.0,741.4273517801769,3.9049799,40.18132,0.6657630383774984
300.0,741.4173933382881,3.90502,40.143883,0.6660585419749514
300.0,741.4283126007389,3.9053006,40.206291,0.6663540469521595
300.0,741.4205819834456,3.9053807,40.231262,0.6666495518204972
300.0,741.4192456247126,3.9055412,40.11895,0.6669450561562081
300.0,741.4227132535945,3.9058218,40.206291,0.6672405589017306
300.0,741.4181510133942,3.9060624,40.231262,0.667536062801167
300.0,741.4280890763106,3.9061425,40.168854,0.6678315676892868
300.0,741.4228982815712,3.906383,40.243729,0.6681270734808217
300.0,741.4315580648523,3.9063029,40.218758,0.6684225797515477
300.0,741.4294136806996,3.9068241,40.193825,0.6687180881398977
300.0,741.4282106468985,3.9067841,40.193825,0.669013593076471
300.0,741.4138932812914,3.9072249,40.131416,0.669309095278921
300.0,741.4261618934007,3.9074655,40.18132,0.6696045993989395
300.0,741.4160132788556,3.9075458,40.218758,0.6699001024463479
300.0,741.4309146655746,3.9076259,40.168854,0.6701956084606396
300.0,741.4206197147271,3.9077461,40.206291,0.6704911133440158
300.0,741.4102920531868,3.9078264,40.206291,0.6707866141111395
300.0,741.4183795268743,3.9081471,40.256195,0.6710821151294042
300.0,741.4128571169013,3.9086282,40.193825,0.6713776169188745
300.0,741.4198233087274,3.9086683,40.18132,0.6716731185125755
300.0,741.4143839897214,3.9085882,40.193825,0.671968620910605
300.0,741.4214152730367,3.9087083,40.293633,0.6722641231388021
300.0,741.4168466489906,3.9090292,40.243729,0.6725596265183634
300.0,741.424310332816,3.9091494,40.206291,0.6728551299004206
300.0,741.4103177852647,3.9092295,40.243729,0.6731506306778002
300.0,741.430450356575,3.9096706,40.243729,0.6734461365070361
300.0,741.4178770643549,3.909831,40.256195,0.6737416402972857
300.0,741.4280840103066,3.9099512,40.206291,0.6740371451833864
300.0,741.4199199626826,3.9100313,40.18132,0.6743326497878654
300.0,741.417259281664,3.9103122,40.2687,0.674628153331888
300.0,741.4181378873279,3.9104724,40.2687,0.6749236542538444
300.0,741.4204228041476,3.9105527,40.256195,0.6752191590587386
300.0,741.4230132557325,3.9109135,40.218758,0.6755146619238306
300.0,741.4187233733791,3.911154,40.206291,0.6758101660513899
300.0,741.4273391094373,3.9111941,40.281166,0.6761056706406017
300.0,741.4188245201353,3.9114347,40.193825,0.6764011748084747
300.0,741.4337409141805,3.9115951,40.306141,0.6766966819492011
300.0,741.4235278799077,3.9119959,40.293633,0.6769921879916723
300.0,741.4295593361991,3.9120359,40.231262,0.6772876934657815
300.0,741.4157516347451,3.912477,40.193825,0.6775831964089076
300.0,741.4275168319188,3.9121563,40.218758,0.6778787010689528
300.0,741.4202824001441,3.912477,40.331074,0.6781742058178869
300.0,741.4196458059384,3.912838,40.206291,0.6784697103130963
300.0,741.4154905704061,3.912838,40.256195,0.6787652101799334
300.0,741.4111704791168,3.9129982,40.2687,0.6790607112971676
300.0,741.4118253165725,3.9132388,40.256195,0.6793562097031747
300.0,741.4045019920712,3.9135594,40.231262,0.6796517081625782
300.0,741.4062699638125,3.9137599,40.231262,0.6799472043544341
300.0,741.4018744527723,3.9139204,40.218758,0.6802427017665904
300.0,741.4125316801233,3.9142811,40.2687,0.680538200454127
300.0,741.4080914526194,3.9142811,40.218758,0.6808337003441667
300.0,741.4203203822241,3.9145617,40.2687,0.6811292021359822
300.0,741.3986090384551,3.9145617,40.256195,0.681424698246656
300.0,741.4134607254056,3.9148827,40.256195,0.6817201973044745
300.0,741.4111767534415,3.9151633,40.256195,0.6820156984242095
300.0,741.4113609324273,3.9153235,40.256195,0.6823111996173519
300.0,741.4171893593356,3.9155641,40.281166,0.6826067001612613
300.0,741.4103238398111,3.915524,40.243729,0.6829022009410541
300.0,741.4203840784853,3.9156444,40.243729,0.6831977027582564
300.0,741.4095222321536,3.9159651,40.2687,0.6834932032185559
300.0,741.4315518518557,3.9164062,40.218758,0.6837887094868057
300.0,741.4215299894904,3.9162858,40.218758,0.6840842147329862
300.0,741.4253788563021,3.9164062,40.231262,0.684379718540916
300.0,741.4201366973124,3.9166064,40.231262,0.6846752232317779
300.0,741.4172912032857,3.916847,40.243729,0.6849707238162784
300.0,741.4148678739714,3.9174485,40.256195,0.6852662264071677
300.0,741.41897816274,3.9170876,40.2687,0.6855617276640258
300.0,741.4115135560269,3.9175687,40.243729,0.6858572289179987
300.0,741.414797684043,3.9177291,40.281166,0.6861527314809127
300.0,741.4212556409122,3.9177291,40.2687,0.6864482336454866
300.0,741.4053800521131,3.9179296,40.243729,0.6867437324548548
300.0,741.4124676415037,3.9178493,40.231262,0.6870392311168679
300.0,741.404635658251,3.9182503,40.281166,0.6873347296295462
300.0,741.4217463784252,3.9184508,40.256195,0.6876302319897093
300.0,741.4186717383527,3.9187315,40.281166,0.6879257360966887
300.0,741.4258828751928,3.9192126,40.281166,0.6882212401055011
300.0,741.4129708739022,3.9191322,40.306141,0.6885167419403111
300.0,741.4112964563363,3.9192526,40.2687,0.6888122401355348
300.0,741.4077795766672,3.9191322,40.281166,0.6891077399012713
300.0,741.4175722956985,3.9198139,40.331074,0.6894032405978046
300.0,741.4035851137248,3.919894,40.256195,0.6896987386917718
300.0,741.3992267965898,3.9201746,40.231262,0.6899942350486629
300.0,741.4110106760896,3.9202549,40.318607,0.6902897331299854
300.0,741.405443808715,3.9205356,40.281166,0.6905852319647648
300.0,741.411609043471,3.9208162,40.206291,0.6908807302845738
300.0,741.3990352570746,3.9209363,40.281166,0.6911762265651238
300.0,741.4061296797466,3.9210968,40.293633,0.6914717227010678
300.0,741.4027458967483,3.9211369,40.281166,0.6917672204605518
300.0,741.4067918172634,3.9219787,40.281166,0.6920627168603986
300.0,741.3989903477986,3.9217784,40.231262,0.6923582131230493
300.0,741.4134351395893,3.9216981,40.218758,0.6926537121706703
300.0,741.3972474723294,3.9221392,40.293633,0.6929492077386705
300.0,741.4131494690281,3.9223797,40.331074,0.6932447066724342
300.0,741.3988821937138,3.9226203,40.281166,0.6935402028919785
300.0,741.4027071271471,3.9226203,40.306141,0.6938357006360102
300.0,741.3997478214219,3.922981,40.318607,0.6941311942283895
300.0,741.4033176712715,3.922981,40.318607,0.6944266922157634
300.0,741.4098907360199,3.9231415,40.293633,0.6947221898507205
300.0,741.3947600933134,3.9234622,40.318607,0.6950176844273367
300.0,741.4006960692656,3.9239433,40.243729,0.6953131783976513
300.0,741.392774458303,3.9238632,40.318607,0.6956086721828613
300.0,741.411105878737,3.9240236,40.256195,0.6959041703021279
300.0,741.4009190859936,3.9243042,40.318607,0.6961996673335077
300.0,741.4077085341645,3.9245448,40.331074,0.6964951640987227
300.0,741.4076130493228,3.9245849,40.318607,0.6967906637980872
300.0,741.4094708967775,3.9249055,40.368507,0.6970861612657125
300.0,741.4022746585542,3.925106,40.343575,0.6973816588373772
300.0,741.4020137220729,3.9253066,40.293633,0.6976771563050415
300.0,741.4064549869386,3.9253867,40.306141,0.6979726525706405
300.0,741.400301498934,3.9257874,40.2687,0.6982681493558712
300.0,741.4090448324648,3.9259079,40.306141,0.6985636466536836
300.0,741.4159624859037,3.9260683,40.343575,0.6988591496808477
300.0,741.4189192877363,3.9263489,40.293633,0.6991546509142406
300.0,741.4099617809251,3.9265091,40.318607,0.699450151549729
300.0,741.4153890201106,3.9265895,40.293633,0.6997456513760921
300.0,741.4064799853833,3.9270303,40.331074,0.7000411506238561
300.0,741.4117362170315,3.9273512,40.331074,0.7003366489943514
300.0,741.4053481672638,3.9271908,40.281166,0.7006321477910115
300.0,741.4126395174941,3.9275515,40.356041,0.700927646521528
300.0,741.3997491696814,3.9278724,40.356041,0.701223143086619
300.0,741.4049780398101,3.9276719,40.343575,0.701518641735759
300.0,741.4054234015297,3.9280727,40.368507,0.7018141375902075
300.0,741.4048765019957,3.9284337,40.2687,0.7021096361988779
300.0,741.4074601561125,3.9285941,40.306141,0.7024051328650989
300.0,741.3951350917024,3.9285538,40.306141,0.7027006275911765
300.0,741.4007985962953,3.9289148,40.331074,0.7029961216023545
300.0,741.4031208093952,3.9290349,40.318607,0.7032916195112658
300.0,741.4009695205172,3.9292355,40.306141,0.7035871135905677
300.0,741.3950714077461,3.9293959,40.306141,0.703882608291263
300.0,741.4040370423685,3.9296765,40.293633,0.7041781035931618
300.0,741.3976487152033,3.9300773,40.281166,0.7044735993210838
300.0,741.4034517603221,3.9300773,40.306141,0.7047690943897115
300.0,741.3916738409368,3.9304383,40.293633,0.705064587736253
300.0,741.3983042179208,3.9303982,40.293633,0.7053600837254359
300.0,741.4072371934138,3.9305184,40.343575,0.7056555803027925
300.0,741.3972733877605,3.9308391,40.368507,0.7059510758811218
300.0,741.4080210112041,3.9310396,40.368507,0.7062465727708782
300.0,741.4043357815024,3.9315207,40.368507,0.7065420711640359
300.0,741.414020775249,3.9316409,40.306141,0.7068375704450689
300.0,741.4050422116172,3.9318013,40.331074,0.7071330691197855
300.0,741.4142240843654,3.9318414,40.293633,0.7074285684818497
300.0,741.4112083327702,3.9319217,40.306141,0.707724069614171
300.0,741.4249020108049,3.9324429,40.306141,0.7080195732320484
300.0,741.4161655731968,3.932483,40.331074,0.7083150763401562
300.0,741.4247301472974,3.9328036,40.356041,0.7086105798895355
300.0,741.4183602037323,3.9330041,40.331074,0.7089060838723478
300.0,741.4198756267948,3.9333649,40.243729,0.7092015884591559
300.0,741.4265942200276,3.9333248,40.318607,0.7094970927514833
300.0,741.4150078877354,3.9335654,40.293633,0.7097925953981773
300.0,741.4274093856101,3.9335253,40.343575,0.7100881000153983
300.0,741.4133850806309,3.9339261,40.356041,0.710383602015297
300.0,741.4302094737776,3.9341266,40.318607,0.7106791077485263
300.0,741.4158787701921,3.9345276,40.331074,0.7109746107423242
300.0,741.4212872938188,3.9345677,40.393482,0.7112701129195136
300.0,741.4095985992049,3.9350889,40.393482,0.7115656134102503
300.0,741.4212494522675,3.9350889,40.393482,0.7118611155723575
300.0,741.4199770786624,3.9352894,40.368507,0.7121566201996009
300.0,741.4266004696543,3.93557,40.368507,0.7124521244944191
300.0,741.420632776602,3.9356101,40.343575,0.7127476293830013
300.0,741.4237181178587,3.9360111,40.368507,0.7130431325290242
300.0,741.4150456928903,3.9359307,40.368507,0.713338635190786
300.0,741.4216056724457,3.9362516,40.43092,0.7136341404671311
300.0,741.4268114082676,3.9365323,40.393482,0.7139296448460214
300.0,741.4205425794746,3.9368529,40.343575,0.714225149698654
300.0,741.4289172429175,3.9370134,40.380974,0.7145206549168495
300.0,741.4207661982426,3.9371736,40.380974,0.7148161598586089
300.0,741.4255253539785,3.9376147,40.356041,0.7151116637249271
300.0,741.4283321310514,3.9375746,40.405949,0.7154071716822085
300.0,741.429464620998,3.9377751,40.318607,0.7157026771185678
300.0,741.4200025305945,3.9381359,40.368507,0.7159981817559555
300.0,741.4236418230947,3.9382563,40.356041,0.7162936848715703
300.0,741.4171956951141,3.9385369,40.356041,0.7165891883902494
300.0,741.4251309673335,3.9385769,40.306141,0.7168846920993801
300.0,741.4204161637302,3.9386971,40.293633,0.7171801969016278
300.0,741.4134675022285,3.9391382,40.343575,0.7174756989343769
300.0,741.4240487957595,3.9393387,40.405949,0.7177712022121954
300.0,741.420631299544,3.9396193,40.343575,0.7180667071001888
300.0,741.430100207833,3.9395792,40.380974,0.7183622127898688
300.0,741.4179340954112,3.9398198,40.43092,0.718657716602849
300.0,741.4194104768841,3.9398999,40.331074,0.718953218032011
300.0,741.4112149492453,3.9404211,40.318607,0.7192487191669695
300.0,741.4186468377757,3.9405415,40.343575,0.7195442202917741
300.0,741.4119215498213,3.9405012,40.418415,0.7198397217083594
300.0,741.42266850287,3.9409423,40.368507,0.7201352244360459
300.0,741.4120989289788,3.9414234,40.331074,0.7204307259233286
300.0,741.4227066255932,3.9413433,40.368507,0.7207262286662094
300.0,741.4118383105008,3.9415839,40.368507,0.7210217300496183
300.0,741.4145495407505,3.9417441,40.405949,0.7213172325136309
300.0,741.4315069904223,3.942065,40.418415,0.7216127387640007
300.0,741.4211985086522,3.9421451,40.368507,0.7219082438780642
300.0,741.4250794408596,3.9425058,40.356041,0.7222037475666585
300.0,741.4046734881667,3.9427464,40.368507,0.7224992460944145
300.0,741.4162163069813,3.9428668,40.418415,0.7227947462505024
300.0,741.4059520462099,3.9430671,40.331074,0.7230902452878479
300.0,741.4189843882195,3.9433076,40.356041,0.7233857465471872
300.0,741.4109785733043,3.9433076,40.418415,0.7236812475879344
300.0,741.4178321848099,3.9435883,40.380974,0.7239767483880495
300.0,741.4155676270391,3.9438691,40.368507,0.7242722512578363
300.0,741.4244245301132,3.94435,40.318607,0.7245677546854082
300.0,741.4174440948149,3.9445906,40.405949,0.724863258303091
300.0,741.422802883636,3.944711,40.443386,0.7251587640566035
300.0,741.4263915819173,3.9449515,40.331074,0.7254542682681671
300.0,741.4156817495189,3.9450316,40.380974,0.7257497711834393
300.0,741.4291400955211,3.9453523,40.380974,0.7260452764904552
300.0,741.4247552674468,3.9454327,40.405949,0.7263407830221211
300.0,741.4254558834633,3.9455929,40.405949,0.726636286860751
300.0,741.4165665844235,3.9459138,40.393482,0.7269317901286881
300.0,741.423603737411,3.9461141,40.393482,0.7272272932291234
300.0,741.4166103706607,3.9461944,40.356041,0.7275227965145122
300.0,741.4209885008833,3.946435,40.393482,0.7278182985726143
300.0,741.4086959426066,3.9469161,40.393482,0.728113798703583
300.0,741.4212432259694,3.9469962,40.343575,0.7284093008632085
300.0,741.4137856281538,3.9471164,40.405949,0.7287048030227518
300.0,741.4183363393613,3.947397,40.380974,0.7290003069960526
300.0,741.4389200310204,3.9477179,40.356041,0.7292958162009768
300.0,741.4279941072023,3.9479585,40.356041,0.7295913240235334
300.0,741.4325188737499,3.9479184,40.356041,0.7298868306772013
300.0,741.4206515387996,3.9483192,40.443386,0.7301823355732614
300.0,741.4246087473771,3.9488003,40.418415,0.7304778390742552
300.0,741.419868705413,3.9487202,40.405949,0.7307733436583047
300.0,741.427581090319,3.9488804,40.405949,0.7310688483439608
300.0,741.4189842488792,3.9492815,40.393482,0.7313643525754963
300.0,741.4194866378151,3.9496021,40.380974,0.731659854035013
300.0,741.4149823138406,3.9495621,40.331074,0.7319553566715141
300.0,741.4181383268891,3.9498827,40.443386,0.7322508575936457
300.0,741.4092041796923,3.9499631,40.405949,0.7325463579271804
300.0,741.4219498482477,3.9502437,40.418415,0.7328418633407021
300.0,741.4317301972535,3.9506044,40.293633,0.7331373696800336
300.0,741.4212498512546,3.9507649,40.393482,0.7334328748145607
300.0,741.4282800685054,3.9510055,40.505795,0.7337283797788027
300.0,741.4241765347076,3.9511657,40.343575,0.7340238860798055
300.0,741.4352865522619,3.9512861,40.368507,0.7343193938365641
300.0,741.423794737104,3.9516468,40.480824,0.7346148999853955
300.0,741.4348031626647,3.9520078,40.405949,0.7349104075494935
300.0,741.4241634122606,3.9521279,40.443386,0.7352059138452662
300.0,741.4331163865655,3.952569,40.443386,0.7355014207370797
300.0,741.421033030678,3.9526491,40.405949,0.7357969257851894
300.0,741.4334161320883,3.9530501,40.418415,0.7360924327964701
300.0,741.425793250636,3.9530902,40.480824,0.7363879397418406
300.0,741.4362794204748,3.9533708,40.393482,0.7366834508666394
300.0,741.4481475103615,3.953491,40.480824,0.7369789637492842
300.0,741.4400787681444,3.9536915,40.405949,0.7372744763883731
300.0,741.441739540916,3.953932,40.418415,0.7375699867170462
300.0,741.4326525083816,3.9542527,40.468357,0.7378654963962821
300.0,741.4343445548635,3.954293,40.418415,0.7381610037775965
300.0,741.4200278478766,3.9547739,40.480824,0.7384565084250748
300.0,741.4262562289993,3.9548542,40.393482,0.7387520125826917
300.0,741.4214910983357,3.9551749,40.380974,0.7390475178133716
300.0,741.4370430556963,3.9553754,40.43092,0.7393430262702053
300.0,741.4204228898899,3.9555759,40.380974,0.7396385310751338
300.0,741.4316089925572,3.9558165,40.418415,0.7399340373661577
300.0,741.4263277090827,3.9560571,40.393482,0.740229544524545
300.0,741.4317994969356,3.9560168,40.393482,0.7405250538637997
300.0,741.4407595188159,3.9563377,40.393482,0.7408205638018736
300.0,741.4282115134454,3.9566183,40.43092,0.7411160717110808
300.0,741.4389450679992,3.9567385,40.405949,0.7414115809259839
300.0,741.4338749517257,3.9568989,40.343575,0.7417070910924438
300.0,741.4307624312975,3.9573801,40.468357,0.7420025970460609
300.0,741.4262254257817,3.9574602,40.405949,0.7422981041636815
300.0,741.4311631044039,3.9577408,40.393482,0.7425936102769914
300.0,741.4257295546062,3.9578612,40.443386,0.7428891171969749
300.0,741.4363246682648,3.958262,40.468357,0.7431846253674869
300.0,741.4341472035193,3.9587431,40.356041,0.743480135642457
300.0,741.4380418160356,3.9585826,40.43092,0.7437756444973584
300.0,741.4330409586807,3.9588635,40.380974,0.7440711543314172
300.0,741.446111052247,3.9592643,40.455853,0.744366669374768
300.0,741.4511762255916,3.9593444,40.405949,0.7446621834645429
300.0,741.4466071067758,3.959585,40.505795,0.7449576987056041
300.0,741.4535943907607,3.9597855,40.443386,0.7452532137591671
300.0,741.4463335608682,3.9603467,40.380974,0.7455487288912023
300.0,741.4551147841563,3.9602265,40.455853,0.745844244550736
300.0,741.438730263689,3.9606276,40.480824,0.7461397566523571
300.0,741.4478735954015,3.9606676,40.43092,0.7464352694258298
300.0,741.4450802462337,3.9609883,40.443386,0.7467307840583366
300.0,741.4541599455553,3.9612689,40.43092,0.7470262993373081
300.0,741.4441956677372,3.9613893,40.405949,0.7473218136172523
300.0,741.4443541064378,3.96175,40.468357,0.7476173249879913
300.0,741.4445715812556,3.9619906,40.443386,0.7479128394177617
300.0,741.4396022562925,3.9621108,40.405949,0.7482083518669291
300.0,741.4465628951958,3.9621108,40.455853,0.748503864118007
300.0,741.4406062681703,3.9624717,40.468357,0.7487993769673392
300.0,741.4482038826495,3.9629128,40.418415,0.7490948898724518
300.0,741.437832013504,3.9632735,40.455853,0.7493904016160612
300.0,741.4473836144331,3.9632335,40.418415,0.7496859141942462
300.0,741.4381895556784,3.9636343,40.43092,0.7499814260803596
300.0,741.4528490869602,3.9637947,40.455853,0.750276940836873
300.0,741.4471032341548,3.9638348,40.393482,0.7505724562756736
300.0,741.4488338912731,3.9641554,40.43092,0.7508679694318835
300.0,741.4326332824803,3.9645565,40.43092,0.7511634791034566
300.0,741.4563881924669,3.9646766,40.480824,0.7514589952705222
300.0,741.4447106313917,3.9648371,40.518261,0.7517545097557132
300.0,741.4492984513798,3.9650776,40.443386,0.7520500260694521
300.0,741.4500436147821,3.9652781,40.418415,0.7523455397078117
300.0,741.4429168899156,3.9655588,40.443386,0.7526410534780787
300.0,741.4517167556855,3.9658394,40.505795,0.7529365677832882
300.0,741.4450745209457,3.9657993,40.393482,0.7532320824135131
300.0,741.4483129412965,3.9663606,40.468357,0.7535275953620924
300.0,741.4393719228244,3.9666412,40.418415,0.7538231077194568
300.0,741.4420444498502,3.9669218,40.468357,0.754118618169655
300.0,741.4430882757127,3.9669218,40.468357,0.7544141320082305
300.0,741.4388890133084,3.9674029,40.468357,0.7547096412007924
300.0,741.4373745564783,3.9675233,40.393482,0.755005152762075
300.0,741.4433115348645,3.9677639,40.43092,0.7553006637172848
300.0,741.4376222119201,3.967804,40.455853,0.7555961753772744
300.0,741.4465628932601,3.9680045,40.443386,0.7558916906007136
300.0,741.4625661433155,3.9684052,40.443386,0.7561872092300742
300.0,741.4437501863819,3.9685256,40.530727,0.7564827233324647
300.0,741.4507241234185,3.9688063,40.518261,0.7567782372420488
300.0,741.4370938818932,3.9690468,40.380974,0.7570737486914642
300.0,741.4434120724093,3.9694877,40.455853,0.7573692596867444
300.0,741.4362416153199,3.9694877,40.443386,0.7576647707964755
300.0,741.4439411157958,3.9699287,40.443386,0.7579602820026122
300.0,741.4333461330295,3.9700892,40.49329,0.7582557919583031
300.0,741.4435718140148,3.9701693,40.468357,0.7585513030172503
300.0,741.4410575484824,3.97053,40.455853,0.7588468160464474
300.0,741.4502223745707,3.9709311,40.468357,0.7591423297560538
300.0,741.4391365119438,3.9709311,40.443386,0.7594378420195915
300.0,741.4284523201511,3.9713721,40.455853,0.759733350024776
300.0,741.44618036115,3.9712918,40.443386,0.7600288621233904
300.0,741.4351535588813,3.9716527,40.455853,0.7603243727994594
300.0,741.447542623846,3.9720135,40.443386,0.7606198854410195
300.0,741.4355924002284,3.9719734,40.480824,0.7609153962919957
300.0,741.4466634200531,3.9724145,40.405949,0.7612109085831388
300.0,741.4326458925204,3.9725749,40.443386,0.7615064182597377
300.0,741.4424261170518,3.9729357,40.468357,0.7618019288620539
300.0,741.4331806554645,3.9734168,40.418415,0.7620974387517911
300.0,741.4492801948404,3.9733768,40.443386,0.7623929520858805
300.0,741.4297193801426,3.9734168,40.49329,0.7626884605960719
300.0,741.4436988287765,3.9738579,40.530727,0.7629839717056422
300.0,741.4279182410984,3.9740181,40.443386,0.7632794794979613
300.0,741.422649930369,3.9742186,40.543232,0.7635749851905118
300.0,741.4336840650873,3.9744992,40.43092,0.7638704923085803
300.0,741.4255128199763,3.9748602,40.505795,0.7641659991421808
300.0,741.4318126317537,3.9749804,40.480824,0.7644615055143674
300.0,741.419232575525,3.975261,40.380974,0.7647570098448774
300.0,741.4257796890258,3.9755816,40.518261,0.7650525138125638
300.0,741.4120489416763,3.9757421,40.480824,0.7653480152799231
300.0,741.4253021839822,3.9759827,40.43092,0.7656435190572943
300.0,741.418506651232,3.9763033,40.468357,0.7659390230984756
300.0,741.422318989118,3.9764237,40.455853,0.7662345256868593
300.0,741.4113925115514,3.9766643,40.443386,0.7665300268925881
300.0,741.412703519279,3.9766643,40.49329,0.7668255256486133
300.0,741.4088793155338,3.9771454,40.555698,0.7671210258526681
300.0,741.4050425167285,3.9773858,40.480824,0.7674165245275062
300.0,741.4210268556652,3.9775462,40.468357,0.767712026600895
300.0,741.4174572299493,3.9777467,40.455853,0.768007530223813
300.0,741.4304254781902,3.9780674,40.518261,0.7683030360431332
300.0,741.420957652834,3.9783881,40.530727,0.7685985410612
300.0,741.4315767298312,3.978308,40.418415,0.7688940473393652
300.0,741.4200978057484,3.978749,40.505795,0.7691895520147263
300.0,741.4337597371394,3.9790697,40.418415,0.7694850591629547
300.0,741.4155741696408,3.9792302,40.505795,0.7697805620353493
300.0,741.4268174630795,3.9797113,40.480824,0.7700760664166527
300.0,741.4153446051924,3.980032,40.468357,0.7703715691975508
300.0,741.4256401741919,3.9799116,40.43092,0.7706670731096319
300.0,741.4168464658419,3.9802725,40.505795,0.7709625764891201
300.0,741.4185962027022,3.980473,40.418415,0.7712580775937435
300.0,741.4134806123975,3.9810343,40.443386,0.7715535796317179
300.0,741.4128177984678,3.9810743,40.49329,0.7718490814055172
300.0,741.4185454333867,3.9812748,40.43092,0.7721445824899059
300.0,741.4161331024765,3.9815955,40.505795,0.7724400855850719
300.0,741.4275427357417,3.9819562,40.455853,0.7727355902554414
300.0,741.4154209108532,3.9818761,40.418415,0.7730310930667522
300.0,741.4243994689872,3.9823573,40.518261,0.7733265964843357
300.0,741.4177555563804,3.9822371,40.468357,0.7736221002261564
300.0,741.4301513434496,3.9826779,40.505795,0.7739176059362171
300.0,741.4218096263695,3.983079,40.468357,0.7742131112938513
300.0,741.428243032407,3.9833195,40.443386,0.7745086162433321
300.0,741.4220766661005,3.9832795,40.480824,0.7748041217073992
300.0,741.4313860548243,3.9835601,40.480824,0.7750996279095687
300.0,741.4235273433538,3.9839208,40.405949,0.7753951339518261
300.0,741.4180170050641,3.9842014,40.49329,0.7756906377978512
300.0,741.4279754894469,3.9842014,40.43092,0.7759861426406998
300.0,741.4120419108147,3.9847627,40.480824,0.7762816441052568
300.0,741.4248449061196,3.9846826,40.480824,0.7765771477003744
300.0,741.4107624364144,3.9850435,40.455853,0.7768726486549768
300.0,741.4270529745538,3.9854043,40.480824,0.7771681531301462
300.0,741.4197480270303,3.9853241,40.555698,0.7774636576660975
300.0,741.428541630323,3.9859655,40.480824,0.777759162734588
300.0,741.4231009659371,3.986166,40.505795,0.778054668606906
300.0,741.4315769614808,3.9862461,40.480824,0.7783501748851636
300.0,741.4334294216673,3.9864867,40.505795,0.7786456848740505
300.0,741.442279936768,3.9865267,40.443386,0.7789411954181047
300.0,741.4271103345598,3.9869678,40.505795,0.7792367028884198
300.0,741.4299416448384,3.9872885,40.455853,0.7795322114871982
300.0,741.4281282365454,3.9876494,40.49329,0.7798277163909259
300.0,741.4096624661051,3.9877295,40.418415,0.7801232169071177
300.0,741.4210531008233,3.9879301,40.530727,0.7804187189909668
300.0,741.4175908347385,3.9882908,40.49329,0.7807142226671351
300.0,741.4258045676152,3.9884913,40.43092,0.7810097266447371
300.0,741.4111643873267,3.9887719,40.49329,0.7813052277595434
300.0,741.420950293031,3.9890928,40.455853,0.7816007298024171
300.0,741.4115779357434,3.9891729,40.543232,0.7818962310820496
300.0,741.4278356447376,3.9894536,40.468357,0.7821917358691614
300.0,741.4223185475511,3.9899347,40.455853,0.7824872414296341
300.0,741.4257223770427,3.9900148,40.518261,0.7827827453744782
300.0,741.4089689507325,3.9902554,40.530727,0.7830782456142585
300.0,741.4072117207066,3.9902554,40.530727,0.7833737451536672
300.0,741.4201681471284,3.9903758,40.49329,0.7836692468848075
300.0,741.4081419410738,3.9908166,40.468357,0.7839647467949702
300.0,741.4150318760431,3.9910972,40.468357,0.7842602464789893
300.0,741.4017015174763,3.9915383,40.518261,0.7845557438222195
300.0,741.4166096804664,3.9915783,40.49329,0.784851244135091
300.0,741.4182070920774,3.9917789,40.555698,0.7851467480568783
300.0,741.4274534532548,3.9921396,40.49329,0.7854422526916632
300.0,741.4186140356833,3.9923401,40.49329,0.7857377567756443
300.0,741.4197917411547,3.9927011,40.468357,0.7860332583567636
300.0,741.4198559496725,3.9928613,40.443386,0.7863287629357292
300.0,741.4269709423706,3.9929416,40.505795,0.7866242673782036
300.0,741.4129387572011,3.9931018,40.505795,0.786919769200213
300.0,741.4079826889258,3.9937434,40.49329,0.7872152690469031
300.0,741.4193908724149,3.9938235,40.480824,0.7875107704682515
300.0,741.4097766006585,3.9939439,40.49329,0.7878062710299335
300.0,741.4207026109508,3.9944651,40.480824,0.7881017729740907
300.0,741.4181574585896,3.9945853,40.505795,0.7883972768760958
300.0,741.4184815660486,3.9947858,40.49329,0.7886927779350295
300.0,741.4196404105224,3.9950664,40.543232,0.7889882824280885
300.0,741.4207786607636,3.9953871,40.518261,0.7892837844025562
300.0,741.4197425587643,3.9955876,40.518261,0.789579288936328
300.0,741.4307688028881,3.9958282,40.518261,0.7898747948924845
300.0,741.413136204539,3.9959483,40.49329,0.7901702967931895
300.0,741.4256906504667,3.9964697,40.480824,0.7904658007253885
300.0,741.4184885729258,3.9965899,40.49329,0.7907613047593646
300.0,741.4188635954619,3.9967101,40.543232,0.7910568089428116
300.0,741.4276389394753,3.9969909,40.480824,0.7913523136515241
300.0,741.4083257777047,3.9971111,40.49329,0.7916478136349577
300.0,741.4246539990539,3.9975121,40.49329,0.7919433171539872
300.0,741.4242277307911,3.9978728,40.543232,0.7922388234753951
300.0,741.4283185456605,3.9979529,40.543232,0.7925343284549726
300.0,741.4182021849215,3.9981534,40.480824,0.7928298323748041
300.0,741.4268054635505,3.9985945,40.455853,0.793125336751325
300.0,741.415955100409,3.9986746,40.530727,0.7934208397755456
300.0,741.43703711057,3.9990356,40.443386,0.7937163482300098
300.0,741.4128571903653,3.9995167,40.543232,0.7940118500195094
300.0,741.4196013591886,3.9995568,40.530727,0.7943073515247497
300.0,741.4143386165371,3.9995968,40.49329,0.7946028539046951
300.0,741.4149055080511,4.0001178,40.505795,0.794898356510584
300.0,741.4233867806159,4.0003586,40.530727,0.7951938595245487
300.0,741.4091856980498,4.0003586,40.555698,0.7954893598507171
300.0,741.4286560840309,4.000639,40.480824,0.7957848649648246
300.0,741.4128820801641,4.0005989,40.468357,0.7960803667642444
300.0,741.4333653991981,4.0011601,40.543232,0.7963758737553048
300.0,741.4268810140368,4.0014009,40.543232,0.7966713811342205
300.0,741.4352041904078,4.0017214,40.543232,0.7969668888581529
300.0,741.4287393065092,4.0019622,40.518261,0.7972623969777204
300.0,741.4387287461941,4.0020823,40.505795,0.7975579061064059
300.0,741.4279690704753,4.0022025,40.530727,0.7978534139189837
300.0,741.431284296822,4.0025234,40.568165,0.7981489200805963
300.0,741.4199892491458,4.0027237,40.49329,0.7984444247126904
300.0,741.414319658708,4.0031247,40.455853,0.7987399270850799
300.0,741.4309721731911,4.003325,40.568165,0.799035433122292
300.0,741.4130543573527,4.0035257,40.505795,0.7993309349903756
300.0,741.4252649031374,4.0038867,40.530727,0.799626438752888
300.0,741.4132957255779,4.0041671,40.555698,0.7999219407171727
300.0,741.4256648690169,4.0044079,40.443386,0.8002174446390963
300.0,741.417348416734,4.004528,40.555698,0.8005129482186449
300.0,741.42403013119,4.0051694,40.618069,0.8008084514890245
300.0,741.4142056579863,4.0049291,40.555698,0.8011039538159772
300.0,741.4137405975655,4.0053701,40.543232,0.801399452985342
300.0,741.4084088097297,4.0056906,40.49329,0.8016949530018693
300.0,741.4235407735471,4.0058107,40.468357,0.8019904560772096
300.0,741.4143134087349,4.0060916,40.468357,0.802285958447108
300.0,741.416948552693,4.006372,40.618069,0.8025814618672846
300.0,741.4258370014181,4.0065727,40.580669,0.8028769658578135
300.0,741.4133278295917,4.0068936,40.568165,0.8031724678348939
300.0,741.4241698903609,4.007174,40.518261,0.8034679711609761
300.0,741.4126592293926,4.0072942,40.518261,0.8037634728715752
300.0,741.4282365138866,4.0076551,40.568165,0.804058977818458
300.0,741.4129896602468,4.0078955,40.568165,0.8043544796607557
300.0,741.4226492399406,4.0078955,40.580669,0.8046499823807647
300.0,741.412347683108,4.0082965,40.530727,0.8049454839671922
300.0,741.4127992597136,4.0086575,40.568165,0.8052409827613758
300.0,741.402618492206,4.0090585,40.568165,0.8055364804700808
300.0,741.4085797053248,4.0091786,40.543232,0.8058319775825112
300.0,741.404604017941,4.0094595,40.530727,0.8061274760825788
300.0,741.4106361796717,4.0094595,40.505795,0.8064229769868596
300.0,741.4178448195333,4.0099001,40.543232,0.8067184777920103
300.0,741.4108907562908,4.0101409,40.543232,0.8070139787977566
300.0,741.4184635604115,4.0104618,40.518261,0.807309479849514
300.0,741.4056347867106,4.010622,40.49329,0.8076049787604106
300.0,741.4126588903138,4.0106621,40.530727,0.8079004774986484
300.0,741.4031207729702,4.0111833,40.530727,0.8081959754075452
300.0,741.4172718302614,4.0114236,40.480824,0.8084914759843244
300.0,741.4104698962527,4.0115843,40.518261,0.8087869768223303
300.0,741.4111885700572,4.0117846,40.555698,0.8090824749745545
300.0,741.4146958284299,4.0119448,40.518261,0.8093779774968723
300.0,741.4196581718564,4.0123458,40.530727,0.8096734790247561
300.0,741.4149884790947,4.0126266,40.555698,0.8099689816637144
300.0,741.4106797461305,4.0129871,40.480824,0.8102644825853592
300.0,741.4148729894129,4.0130677,40.505795,0.8105599822060522
300.0,741.4013009081534,4.0133882,40.518261,0.8108554793896132
300.0,741.4102917019625,4.013629,40.49329,0.8111509771843802
300.0,741.4103240354425,4.0139494,40.543232,0.811446477964251
300.0,741.4090001054783,4.0142703,40.530727,0.8117419752442369
300.0,741.4023893067423,4.0142703,40.543232,0.8120374728615963
300.0,741.4168585465786,4.0146713,40.568165,0.8123329732736565
300.0,741.4067352460984,4.0146713,40.530727,0.8126284726231586
300.0,741.422553938658,4.0151124,40.505795,0.8129239753051842
300.0,741.4113482616106,4.0153127,40.555698,0.8132194764932765
300.0,741.4178777293229,4.0155935,40.530727,0.8135149773115439
300.0,741.4083064056938,4.0157137,40.505795,0.8138104772872565
300.0,741.4045584124955,4.0159941,40.505795,0.8141059757691473
300.0,741.4113917447269,4.0162749,40.530727,0.8144014740023492
300.0,741.4036046451467,4.0164752,40.455853,0.814696972104101
300.0,741.4159433929028,4.0169964,40.543232,0.8149924721514158
300.0,741.4138369459954,4.0169563,40.518261,0.8152879743314125
300.0,741.4249847385506,4.0172772,40.480824,0.815583477982262
300.0,741.4110619832908,4.0175176,40.518261,0.8158789790562535
300.0,741.4171266391949,4.0175982,40.505795,0.8161744795751651
300.0,741.4101524298671,4.0181193,40.530727,0.8164699802866398
300.0,741.4151720260716,4.0183997,40.505795,0.8167654800265173
300.0,741.4179719128441,4.0184798,40.505795,0.8170609838545703
300.0,741.4203906092838,4.0187206,40.505795,0.8173564856743755
300.0,741.4147081458415,4.0190811,40.505795,0.8176519882016026
300.0,741.4194293397901,4.0192819,40.455853,0.817947492610536
300.0,741.4208928824127,4.0196829,40.530727,0.8182429946305282
300.0,741.4163304528173,4.0196829,40.580669,0.8185384978043513
300.0,741.4219938530031,4.0200033,40.530727,0.8188340002631482
300.0,741.4113224317168,4.0203242,40.593136,0.8191295014409455
300.0,741.4117614852505,4.0204444,40.580669,0.819424999821512
300.0,741.4139580884912,4.0208855,40.568165,0.8197205020497919
300.0,741.423934622405,4.0211663,40.555698,0.8200160052821053
300.0,741.4130921625076,4.0211263,40.555698,0.8203115071652567
300.0,741.4180671834629,4.0213265,40.480824,0.8206070080590333
300.0,741.4130333367993,4.0219278,40.480824,0.8209025099187388
300.0,741.4120356445476,4.0218477,40.555698,0.8211980084085746
300.0,741.4101078373666,4.0223689,40.555698,0.8214935091022761
300.0,741.4037890928188,4.0224891,40.530727,0.8217890072775424
300.0,741.4141864128678,4.0227299,40.518261,0.8220845066245922
300.0,741.4116471495611,4.0230103,40.518261,0.822380007931811
300.0,741.4176218564255,4.0233712,40.555698,0.8226755086480972
300.0,741.4083195035846,4.0237322,40.593136,0.8229710086290302
300.0,741.4081164217631,4.0236115,40.568165,0.8232665055568136
300.0,741.4025925649058,4.0238924,40.555698,0.8235620032551848
300.0,741.4078105972812,4.0242934,40.568165,0.8238575000610783
300.0,741.4041766881513,4.0244536,40.530727,0.8241529983908268
300.0,741.412518386672,4.0246539,40.468357,0.8244484970730651
300.0,741.399430640829,4.0250549,40.543232,0.8247439935112016
300.0,741.4021087718107,4.0252557,40.505795,0.8250394880445655
300.0,741.3996720704448,4.0255361,40.530727,0.8253349845789276
300.0,741.4114239350113,4.025496,40.555698,0.8256304828249593
300.0,741.4021157358692,4.0261374,40.505795,0.8259259803332828
300.0,741.4020903209761,4.0263782,40.49329,0.8262214778314768
300.0,741.4050103257586,4.0265384,40.580669,0.8265169735212891
300.0,741.402401415835,4.0268192,40.580669,0.8268124711434748
300.0,741.4082038490072,4.0270195,40.580669,0.8271079681061034
300.0,741.4008550854663,4.0273805,40.568165,0.8274034651119747
300.0,741.4074085805255,4.0276208,40.593136,0.8276989617576397
300.0,741.399366713152,4.0277009,40.518261,0.8279944581702968
300.0,741.4090316605682,4.028142,40.568165,0.8282899554628594
300.0,741.3987486374232,4.028182,40.568165,0.8285854516291727
300.0,741.4137788185145,4.0284629,40.518261,0.828880950813771
300.0,741.4028093118138,4.028944,40.505795,0.8291764485985301
300.0,741.4181947965845,4.028944,40.568165,0.8294719495431684
300.0,741.4083763148624,4.0291443,40.405949,0.8297674495467444
300.0,741.4019886978286,4.0293851,40.530727,0.8300629470044348
300.0,741.4110361524249,4.0295854,40.555698,0.8303584450959113
300.0,741.4089118713824,4.0301065,40.580669,0.8306539453129418
300.0,741.412665115384,4.0304275,40.580669,0.8309494440536606
300.0,741.4030191494135,4.0304675,40.518261,0.8312449419220538
300.0,741.4103674231277,4.0306277,40.580669,0.8315404397470002
300.0,741.4135688077819,4.0311489,40.605602,0.8318359418201262
300.0,741.4229606919515,4.0312691,40.555698,0.8321314446642681
300.0,741.4214789511807,4.0313497,40.593136,0.8324269498901066
300.0,741.4249398533794,4.0317101,40.543232,0.8327224535230665
300.0,741.4179342415208,4.0321512,40.555698,0.833017957336105
300.0,741.424774275924,4.0322714,40.568165,0.8333134609030721
300.0,741.4121246498017,4.032352,40.543232,0.8336089624006062
300.0,741.4157462507889,4.0327125,40.605602,0.8339044653415864
300.0,741.4211226083779,4.0330334,40.593136,0.8341999674531385
300.0,741.4182214104136,4.0332737,40.518261,0.8344954713806326
300.0,741.4235022104443,4.0335145,40.568165,0.8347909744406031
300.0,741.4176934352244,4.0337148,40.555698,0.8350864781576645
300.0,741.4315515712977,4.0340757,40.49329,0.8353819844258024
300.0,741.4176796403455,4.034236,40.618069,0.8356774881373655
300.0,741.4134035355911,4.034637,40.580669,0.8359729871723903
300.0,741.4075240478797,4.035038,40.605602,0.836268486836282
300.0,741.4171448036305,4.0349178,40.580669,0.8365639873624332
300.0,741.4128307739867,4.0352783,40.555698,0.8368594891414041
300.0,741.4214081193219,4.0357594,40.505795,0.83715499136675
300.0,741.4183478022156,4.0358396,40.505795,0.8374504953446196
300.0,741.4231843028688,4.0359201,40.505795,0.8377460012501527
300.0,741.4187101804234,4.0363207,40.530727,0.8380415024002033
300.0,741.4060729928696,4.0365615,40.568165,0.838337001485754
300.0,741.4244630682502,4.0366416,40.555698,0.8386325049286857
300.0,741.412124087873,4.0371628,40.568165,0.8389280064259957
300.0,741.418525840991,4.0374837,40.543232,0.8392235075025757
300.0,741.4116543633668,4.0376439,40.593136,0.8395190088126696
300.0,741.4204607516238,4.0380449,40.593136,0.8398145106604309
300.0,741.413473947833,4.038085,40.543232,0.8401100126957489
300.0,741.4201614575312,4.0384459,40.543232,0.8404055144242231
300.0,741.4131746326038,4.0388465,40.543232,0.8407010163402443
300.0,741.4178450753301,4.0388865,40.605602,0.8409965171454971
300.0,741.4039483691138,4.0392876,40.543232,0.8412920153842454
300.0,741.404997741284,4.0394883,40.568165,0.8415875140412377
300.0,741.4127289102805,4.0397286,40.568165,0.8418830128073825
300.0,741.4071807397318,4.0400095,40.605602,0.8421785123344433
300.0,741.4140207138578,4.0403299,40.643044,0.8424740116154518
300.0,741.408008005594,4.0405307,40.555698,0.8427695114722323
300.0,741.4093693094427,4.0406909,40.643044,0.8430650088993689
300.0,741.4110551116354,4.0413322,40.555698,0.8433605099706215
300.0,741.426053689115,4.0413723,40.568165,0.8436560140475139
300.0,741.413651424397,4.041533,40.580669,0.843951516153568
300.0,741.4300818244352,4.0418134,40.65551,0.844247021835921
300.0,741.4133596651238,4.0420141,40.605602,0.84454252382569
300.0,741.431278192897,4.0425754,40.543232,0.8448380299848698
300.0,741.4192512767413,4.0424953,40.630577,0.8451335343228333
300.0,741.426155333669,4.0431767,40.630577,0.8454290414125177
300.0,741.4286684629576,4.0432968,40.580669,0.8457245465315589
300.0,741.4213008881319,4.0432968,40.630577,0.8460200516864275
300.0,741.4273703950196,4.0436578,40.605602,0.8463155562881085
300.0,741.4142953189692,4.0439382,40.643044,0.846611058650797
300.0,741.4211850964599,4.0441389,40.568165,0.8469065607872545
300.0,741.4150014550229,4.04458,40.618069,0.8472020634313845
300.0,741.4229034401318,4.0448203,40.630577,0.8474975662527081
300.0,741.4174820583575,4.0450611,40.530727,0.8477930698855218
300.0,741.4332827207701,4.0455017,40.568165,0.8480885768436298
300.0,741.4208557366488,4.0456223,40.618069,0.8483840818210762
300.0,741.4256328751845,4.0459428,40.580669,0.8486795857302482
300.0,741.4198874667921,4.0462637,40.568165,0.8489750903217754
300.0,741.4210658067142,4.0464239,40.568165,0.8492705953829485
300.0,741.4287517999089,4.0467048,40.593136,0.8495661005352046
300.0,741.4208549676291,4.0467048,40.568165,0.8498616055123446
300.0,741.4272115083893,4.0474663,40.555698,0.8501571100506994
300.0,741.4241002658813,4.047667,40.593136,0.8504526163213041
300.0,741.4402887148292,4.0477872,40.605602,0.8507481260717334
300.0,741.4220635076376,4.0482283,40.530727,0.8510436315305561
300.0,741.4304128803014,4.0483484,40.555698,0.8513391373448553
300.0,741.4313035525006,4.0488296,40.568165,0.8516346464864436
300.0,741.4364637799629,4.0489097,40.593136,0.8519301547124001
300.0,741.4193596745469,4.0492706,40.605602,0.8522256590935674
300.0,741.4261676430982,4.0495911,40.618069,0.8525211632158775
300.0,741.4133466650487,4.0497117,40.605602,0.8528166652004648
300.0,741.411551971609,4.0501528,40.555698,0.853112166469749
300.0,741.4271864705919,4.0502329,40.65551,0.8534076709981248
300.0,741.4143643363368,4.0507941,40.605602,0.8537031733883211
300.0,741.4185197505722,4.0509543,40.618069,0.8539986744624737
300.0,741.4095471344351,4.0509944,40.605602,0.8542941749326982
300.0,741.4169797627345,4.0513954,40.643044,0.8545896753930705
300.0,741.4062009959705,4.0516362,40.530727,0.8548851745296389
300.0,741.4222296689778,4.0522375,40.692944,0.855180677082423
300.0,741.4116227230568,4.0523577,40.580669,0.8554761783799062
300.0,741.4122140396723,4.0526786,40.618069,0.8557716769408434
300.0,741.4125452896523,4.0528789,40.630577,0.8560671786060301
300.0,741.4146698630376,4.0532398,40.605602,0.8563626781457646
300.0,741.406213520473,4.0535202,40.643044,0.8566581772873247
300.0,741.4032933538377,4.0538011,40.65551,0.8569536752650064
300.0,741.4095031607313,4.0538812,40.605602,0.8572491727454911
300.0,741.4093883709562,4.0543222,40.580669,0.857544673152438
300.0,741.4147077659802,4.0546832,40.717918,0.8578401727072791
300.0,741.399919859309,4.0550036,40.555698,0.8581356693404014
300.0,741.4090072596024,4.0551238,40.630577,0.8584311666232387
300.0,741.4022931395829,4.0555248,40.618069,0.8587266642022692
300.0,741.4052894900776,4.0558057,40.580669,0.8590221600033457
300.0,741.3995771491054,4.0561662,40.618069,0.8593176564998755
300.0,741.4004990578657,4.056447,40.630577,0.8596131503916689
300.0,741.3932450140381,4.0566072,40.543232,0.8599086443644263
300.0,741.4018353815411,4.0565672,40.568165,0.8602041387888272
300.0,741.391056070524,4.0572085,40.618069,0.8604996318891466
300.0,741.4050428703384,4.0576496,40.605602,0.8607951305641256
300.0,741.4125826080328,4.0579305,40.605602,0.8610906292719601
300.0,741.3961665816071,4.0578103,40.605602,0.8613861244091544
300.0,741.4041192317133,4.0582514,40.568165,0.8616816197438106
300.0,741.3972547235833,4.058692,40.692944,0.861977115314701
300.0,741.4034698754404,4.0590129,40.618069,0.8622726103905487
300.0,741.3945933220436,4.0592937,40.618069,0.8625681049006955
300.0,741.4076313602783,4.0596943,40.568165,0.862863601635152
300.0,741.3916093275933,4.0599751,40.555698,0.8631590949559806
300.0,741.404825607747,4.0602155,40.530727,0.8634545905721714
300.0,741.3957332212135,4.0604963,40.618069,0.863750085536643
300.0,741.4056330468344,4.0608974,40.593136,0.8640455814746482
300.0,741.4027390604949,4.0611777,40.618069,0.8643410792314075
300.0,741.4018359518573,4.0613384,40.568165,0.8646365766282187
300.0,741.4017910460259,4.0614185,40.605602,0.8649320710349492
300.0,741.3951162075422,4.0620198,40.605602,0.8652275657535002
300.0,741.4099607803385,4.0622602,40.580669,0.8655230634163744
300.0,741.3935824135449,4.0627012,40.555698,0.8658185575236077
300.0,741.4067157060593,4.0626211,40.605602,0.8661140538931194
300.0,741.4021406989274,4.0631022,40.605602,0.8664095514113923
300.0,741.4147962434234,4.0634232,40.580669,0.8667050510014972
300.0,741.3970188964744,4.0636234,40.555698,0.867000546478395
300.0,741.4041960395031,4.0639443,40.555698,0.8672960418436639
300.0,741.3975913057764,4.0643048,40.580669,0.8675915375487044
300.0,741.4090758880347,4.0645056,40.618069,0.8678870348588944
300.0,741.4044960707424,4.0648665,40.605602,0.8681825333159379
300.0,741.3933731133177,4.0653877,40.605602,0.8684780273397512
300.0,741.4093247169029,4.0654278,40.580669,0.8687735247491148
300.0,741.4003144744529,4.0657082,40.543232,0.8690690215395173
300.0,741.4176668762482,4.0659089,40.605602,0.8693645222737466
300.0,741.4062516792378,4.0664701,40.580669,0.8696600214305156
300.0,741.4169160169511,4.0667105,40.65551,0.8699555218654812
300.0,741.406072334353,4.0668306,40.643044,0.8702510209507694
300.0,741.4134546098163,4.0672717,40.580669,0.8705465200061505
300.0,741.4143770683396,4.0673923,40.543232,0.8708420224014214
300.0,741.4256592779135,4.0677929,40.668011,0.8711375263211166
300.0,741.4097380399899,4.0681138,40.555698,0.8714330268674296
300.0,741.4184561259341,4.0685148,40.605602,0.8717285279162238
300.0,741.4072438738328,4.0687551,40.49329,0.8720240274684475
300.0,741.4135437956111,4.0689158,40.568165,0.8723195295316045
300.0,741.4207910757066,4.0695171,40.580669,0.8726150315110204
300.0,741.4103871453967,4.0695972,40.605602,0.8729105323160445
300.0,741.423826735512,4.0699177,40.593136,0.8732060355053584
300.0,741.4177496240013,4.0701184,40.643044,0.8735015392448146
300.0,741.4244301703297,4.0705194,40.593136,0.8737970426746344
300.0,741.4091334157617,4.0708399,40.580669,0.874092542979965
300.0,741.4105968797902,4.0710807,40.530727,0.8743880408963641
300.0,741.4093949016891,4.071321,40.555698,0.874683541305914
300.0,741.4129460248511,4.071722,40.643044,0.8749790401585925
300.0,741.4018674583357,4.0722432,40.568165,0.875274537567961
300.0,741.4157580036805,4.0723233,40.605602,0.8755700375413868
300.0,741.4136010096113,4.0726042,40.605602,0.8758655396273474
300.0,741.406741422812,4.0728045,40.568165,0.8761610389793113
300.0,741.4143255622192,4.0732055,40.605602,0.8764565383818207
300.0,741.414974757066,4.0734859,40.605602,0.8767520410153099
300.0,741.4149755414084,4.0736866,40.568165,0.8770475406768762
300.0,741.4067218674478,4.073967,40.618069,0.877343040021046
300.0,741.4150895797022,4.0744481,40.580669,0.8776385397280636
300.0,741.4031137531588,4.0745687,40.668011,0.8779340376341627
300.0,741.4122133193486,4.0750899,40.605602,0.8782295361948128
300.0,741.4106235700408,4.07513,40.580669,0.8785250370940678
300.0,741.4139062360028,4.0753703,40.593136,0.8788205363294498
300.0,741.4059453687535,4.0755711,40.568165,0.8791160353641339
300.0,741.4184366317644,4.0760117,40.605602,0.8794115364051583
300.0,741.4088479555743,4.0763726,40.593136,0.8797070365967142
300.0,741.4096115998939,4.0765734,40.65551,0.8800025370926325
300.0,741.4220255664823,4.0771346,40.580669,0.8802980395640693
300.0,741.4156685413295,4.0772548,40.618069,0.8805935424740772
300.0,741.4161525990556,4.0772948,40.605602,0.8808890426047735
300.0,741.4141104677561,4.0777359,40.593136,0.8811845448937866
300.0,741.4141290517717,4.0781369,40.605602,0.8814800442179744
300.0,741.410413073106,4.0782571,40.530727,0.8817755450333326
300.0,741.4293122154394,4.0787783,40.543232,0.882071050408949
300.0,741.4080389386842,4.0788984,40.555698,0.8823665502780583
300.0,741.422502571392,4.0790992,40.530727,0.882662052939611
300.0,741.4113038647414,4.0797005,40.630577,0.8829575541100081
300.0,741.4189778453474,4.0797005,40.555698,0.8832530553667397
300.0,741.4117111746446,4.0799809,40.568165,0.8835485566994767
300.0,741.4289551092298,4.0803418,40.580669,0.8838440619327642
300.0,741.415312220419,4.0806627,40.605602,0.8841395647007547
300.0,741.4180805664439,4.0810232,40.605602,0.8844350685721133
300.0,741.42756905416,4.0813441,40.555698,0.8847305732529722
300.0,741.4240438691947,4.0815845,40.555698,0.8850260795010991
300.0,741.4325940933488,4.081665,40.580669,0.8853215861847465
300.0,741.4189966518283,4.0822263,40.505795,0.8856170904212254
300.0,741.4187421382397,4.0825467,40.580669,0.8859125915840131
300.0,741.413710018458,4.0827074,40.580669,0.8862080937134208
300.0,741.4283697537187,4.0828676,40.593136,0.8865035987134079
300.0,741.4162165499113,4.0830278,40.543232,0.8867991018418333
300.0,741.4133205518439,4.0836291,40.505795,0.887094600843784
300.0,741.4037697928395,4.0836291,40.580669,0.8873900990113579
300.0,741.4135496299272,4.08391,40.593136,0.8876855981046105
300.0,741.405951691986,4.0839901,40.505795,0.8879810971418147
300.0,741.4085802078049,4.0846314,40.555698,0.8882765972266554
300.0,741.4191499654703,4.0849924,40.543232,0.8885720985519875
300.0,741.4012624440727,4.0852332,40.580669,0.8888675957202181
300.0,741.4113674162028,4.0855536,40.593136,0.8891630939437236
300.0,741.4098270768347,4.0856338,40.543232,0.8894585945255237
300.0,741.4168209861991,4.0860348,40.518261,0.8897540949226137
300.0,741.410165124217,4.086556,40.593136,0.8900495956391479
300.0,741.4147521632958,4.0867567,40.605602,0.8903450952116841
300.0,741.4078810412221,4.0867167,40.555698,0.890640595017861
300.0,741.4205557226215,4.086957,40.49329,0.8909360969034741
300.0,741.4022433358383,4.0871973,40.530727,0.8912315944626545
300.0,741.4102407615701,4.087759,40.505795,0.8915270922371186
300.0,741.4020896374939,4.0881195,40.618069,0.8918225897350401
300.0,741.4010207214191,4.0881996,40.505795,0.8921180868069284
300.0,741.413269647877,4.0886006,40.49329,0.8924135857885906
300.0,741.4063343199999,4.0890417,40.505795,0.8927090849782974
300.0,741.4051687617773,4.0890417,40.518261,0.8930045807312562
300.0,741.406932791252,4.0893226,40.530727,0.8933000801594931
300.0,741.4087263980206,4.0894027,40.49329,0.8935955773303897
300.0,741.400868719911,4.0899239,40.468357,0.8938910743416953
300.0,741.4134993001728,4.0902042,40.505795,0.8941865734148883
300.0,741.4093640664146,4.090445,40.393482,0.8944820738121483
300.0,741.412162293827,4.0907254,40.543232,0.8947775723524616
300.0,741.4119208784127,4.0910463,40.580669,0.8950730737687793
300.0,741.4128683518542,4.0914474,40.455853,0.8953685725905004
300.0,741.4101207400354,4.0917277,40.49329,0.8956640732893445
300.0,741.4087960399928,4.0919685,40.480824,0.8959595734602086
300.0,741.4019882387345,4.0920486,40.480824,0.8962550679455326
300.0,741.3895284409622,4.0924096,40.530727,0.8965505604369911
300.0,741.3956492394659,4.0928507,40.443386,0.8968460523958324
300.0,741.3905030459204,4.0930109,40.505795,0.8971415452757351
300.0,741.4022558189387,4.0932913,40.468357,0.8974370398677063
300.0,741.3945686389266,4.0935321,40.455853,0.8977325343680153
300.0,741.4061747732388,4.0937324,40.468357,0.8980280305219318
300.0,741.4002132425684,4.0940533,40.593136,0.8983235272719865
300.0,741.4088147408124,4.0943742,40.505795,0.8986190244780933
300.0,741.400524813,4.0945745,40.530727,0.8989145213523293
300.0,741.410431741896,4.0948148,40.543232,0.8992100192029108
300.0,741.3953960525355,4.0951757,40.443386,0.8995055140329985
300.0,741.3956565128303,4.0954967,40.468357,0.8998010089668967
300.0,741.4079121850253,4.0958171,40.530727,0.9000965058132792
300.0,741.3998436891169,4.0959377,40.480824,0.9003920024160426
300.0,741.4068174149487,4.0964589,40.418415,0.9006874988260916
300.0,741.4003145354343,4.0969,40.49329,0.9009829956165182
300.0,741.4014402017215,4.0969,40.580669,0.9012784898834156
300.0,741.3918126954416,4.0969801,40.480824,0.9015739832852998
300.0,741.3992516761606,4.0975814,40.468357,0.9018694766799346
300.0,741.3899805872911,4.0976214,40.43092,0.9021649693516032
300.0,741.4029869507793,4.0977416,40.505795,0.9024604642349756
300.0,741.3995137579823,4.0983429,40.49329,0.9027559607062396
300.0,741.4049209700115,4.0987039,40.518261,0.9030514563604382
300.0,741.4068308750668,4.0985436,40.49329,0.9033469557480548
300.0,741.3965091334229,4.0991449,40.505795,0.9036424510217784
300.0,741.4068807097113,4.0994258,40.443386,0.9039379474570542
300.0,741.4034450995515,4.0996661,40.43092,0.9042334454952166
300.0,741.4119141594981,4.1000671,40.443386,0.9045289439366332
300.0,741.4014606362833,4.1003075,40.455853,0.9048244411838564
300.0,741.406238934027,4.1004682,40.443386,0.9051199373633448
300.0,741.401637332368,4.1007085,40.555698,0.9054154346809932
300.0,741.4098843024241,4.1013098,40.505795,0.9057109323133862
300.0,741.4063343195907,4.1011496,40.43092,0.9060064315030928
300.0,741.4158086146066,4.1017909,40.518261,0.90630193149669
300.0,741.3976803684053,4.1017909,40.455853,0.906597427237228
300.0,741.3987423344461,4.1021519,40.43092,0.9068929204288584
300.0,741.3902036697099,4.102272,40.418415,0.90718841318944
300.0,741.3926467249116,4.1024728,40.49329,0.90748390692374
300.0,741.3996908636661,4.1033144,40.43092,0.907779400493418
300.0,741.3925522545886,4.1031141,40.468357,0.9080748941900652
300.0,741.4019878486956,4.1035151,40.480824,0.9083703886752336
300.0,741.3983674745984,4.1038756,40.443386,0.9086658846896284
300.0,741.404634371215,4.1041164,40.443386,0.9089613802295996
300.0,741.398469268821,4.1043568,40.43092,0.9092568762845664
300.0,741.4078284195633,4.1046376,40.43092,0.909552373097563
300.0,741.4008110422071,4.1047978,40.43092,0.9098478700858804
300.0,741.4070339450748,4.1050787,40.468357,0.9101433665822298
300.0,741.4080589217363,4.1054392,40.418415,0.9104388664593038
300.0,741.407656946504,4.1057601,40.43092,0.910734363203958
300.0,741.3943396973882,4.1061211,40.405949,0.9110298576130188
300.0,741.3989588044858,4.1065621,40.480824,0.9113253538630972
300.0,741.4118062488672,4.1066022,40.468357,0.9116208522615048
300.0,741.4091274592357,4.1067624,40.480824,0.9119163525644612
300.0,741.4143645390989,4.1073236,40.455853,0.9122118519825052
300.0,741.4138050977759,4.1074839,40.455853,0.9125073541498084
300.0,741.4172273727823,4.1076045,40.43092,0.9128028547088683
300.0,741.4007478467154,4.108005,40.468357,0.9130983516719982
300.0,741.3884781680852,4.1082058,40.443386,0.9133938407727246
300.0,741.3751036662268,4.1086068,40.405949,0.9136893275149616
300.0,741.3871868155288,4.108767,40.443386,0.913984816101004
300.0,741.3873527066605,4.1090474,40.505795,0.9142803077252896
300.0,741.3952360535998,4.1092882,40.393482,0.9145757995194506
300.0,741.389809006272,4.1098495,40.393482,0.9148712921227328
300.0,741.3795385568902,4.1100497,40.43092,0.9151667806325656
300.0,741.3931876305915,4.1100898,40.468357,0.9154622716103036
300.0,741.3878935603715,4.1105309,40.405949,0.9157577634501548
300.0,741.3931557820515,4.1106114,40.43092,0.9160532544151992
300.0,741.381772702309,4.1110921,40.530727,0.9163487438154856
300.0,741.3832483302242,4.1114531,40.405949,0.9166442308317986
300.0,741.3890902716377,4.1118941,40.468357,0.9169397231486178
300.0,741.3988828147592,4.1119742,40.468357,0.9172352163962386
300.0,741.3926851885831,4.112175,40.43092,0.9175307101458686
300.0,741.3878428740863,4.1127362,40.443386,0.9178261989933912
300.0,741.3869072862866,4.1126561,40.43092,0.9181216904401472
300.0,741.3950073663741,4.1130166,40.368507,0.9184171821431624
300.0,741.3826118345664,4.1133375,40.455853,0.9187126718778984
300.0,741.3867039908794,4.1136179,40.43092,0.9190081632436276
300.0,741.388377446776,4.1139789,40.43092,0.9193036523042104
300.0,741.3820208337328,4.1142197,40.393482,0.9195991418033936
300.0,741.3895791640506,4.1143799,40.418415,0.9198946313429348
300.0,741.3852595034364,4.1146202,40.468357,0.920190122132941
300.0,741.3919279178447,4.114861,40.380974,0.9204856126086056
300.0,741.3842536850375,4.115222,40.455853,0.9207811029977272
300.0,741.3925824870512,4.1154623,40.405949,0.921076593734278
300.0,741.3882632975855,4.1158233,40.418415,0.9213720857214938
300.0,741.3907686227253,4.1159434,40.43092,0.9216675757351076
300.0,741.389809030419,4.1163845,40.443386,0.9219630683383996
300.0,741.3921059708156,4.1167455,40.405949,0.9222585588850296
300.0,741.3883900548662,4.1170659,40.43092,0.9225540509227662
300.0,741.3812826902531,4.1172266,40.418415,0.9228495401277508
300.0,741.3898213765818,4.117507,40.518261,0.9231450297638288
300.0,741.38316583569,4.117908,40.356041,0.9234405197193706
300.0,741.3886120066863,4.1181884,40.393482,0.92373600887344
300.0,741.3824977974195,4.1185493,40.443386,0.9240314985627244
300.0,741.3910172932042,4.1185894,40.368507,0.924326988675449
300.0,741.3831013833278,4.1189904,40.43092,0.9246224786053024
300.0,741.39150204937,4.1193514,40.43092,0.9249179689112322
300.0,741.3753585109182,4.1195917,40.43092,0.9252134557550415
300.0,741.383941595957,4.1199527,40.356041,0.9255089430476636
300.0,741.3734367675692,4.1201129,40.455853,0.925804429125532
300.0,741.3786344743196,4.1204338,40.368507,0.9260999143029384
300.0,741.3768151455162,4.1207542,40.468357,0.9263954017273124
300.0,741.3721898007235,4.1207142,40.443386,0.9266908873081824
300.0,741.3771073299355,4.1211953,40.405949,0.9269863718769276
300.0,741.3740157317509,4.1217566,40.405949,0.9272818581855512
300.0,741.3801109115979,4.1219573,40.455853,0.927577343951409
300.0,741.3723737957422,4.1221576,40.468357,0.927872829605613
300.0,741.3863344061409,4.1224785,40.405949,0.928168317851918
300.0,741.3813911740056,4.1228795,40.43092,0.9284638071001404
300.0,741.3877920073634,4.1230397,40.418415,0.9287592959273892
300.0,741.378679626571,4.1231599,40.418415,0.9290547840948816
300.0,741.3812241485642,4.1235609,40.468357,0.9293502703044332
300.0,741.3719665472297,4.1238012,40.443386,0.929645755796322
300.0,741.3846867904812,4.1241622,40.393482,0.9299412433859502
300.0,741.3703315323982,4.1244431,40.43092,0.930236728226178
300.0,741.3688487760966,4.1246033,40.418415,0.93053221247543
300.0,741.3773630325746,4.1249642,40.468357,0.9308276971460884
300.0,741.3709740829252,4.1251245,40.380974,0.9311231822424146
300.0,741.3827320189685,4.1254454,40.480824,0.9314186690529456
300.0,741.3691156688993,4.1258864,40.380974,0.931714153408572
300.0,741.3721698771985,4.1259265,40.455853,0.9320096360094372
300.0,741.365246900321,4.1264877,40.405949,0.9323051188231046
300.0,741.3754783911236,4.1267681,40.43092,0.9326006027426168
300.0,741.3685182711644,4.127049,40.368507,0.9328960868601408
300.0,741.3649288832586,4.1273293,40.368507,0.9331915665750228
300.0,741.3408637979231,4.1273694,40.380974,0.93348703967042
300.0,741.3448332784577,4.1278505,40.418415,0.933782511375962
300.0,741.3388336313938,4.1280913,40.455853,0.9340779836622048
300.0,741.329658161674,4.1282916,40.418415,0.934373452291419
300.0,741.3404557890027,4.1286526,40.380974,0.9346689222522612
300.0,741.3353850876654,4.1290135,40.443386,0.9349643931640322
300.0,741.342504981857,4.129374,40.331074,0.9352598639416044
300.0,741.3340489738811,4.129334,40.331074,0.935555334320846
300.0,741.3416514612879,4.1295748,40.368507,0.9358508047582376
300.0,741.3285701052355,4.1302962,40.356041,0.9361462729537896
300.0,741.3401184700036,4.1303763,40.43092,0.9364417427801894
300.0,741.331376818344,4.1306572,40.343575,0.9367372120944016
300.0,741.3413590892607,4.1308975,40.393482,0.9370326824152646
300.0,741.337325472068,4.1313386,40.368507,0.9373281541004064
300.0,741.3415314537207,4.1315393,40.468357,0.9376236244899676
300.0,741.3399094805146,4.1318598,40.393482,0.9379190972050068
300.0,741.3529207620344,4.1322207,40.356041,0.9382145721339104
300.0,741.3431420463546,4.1322608,40.393482,0.9385100461373396
300.0,741.3416590346682,4.1329021,40.393482,0.9388055195496912
300.0,741.351514770778,4.132822,40.393482,0.9391009939182208
300.0,741.34979738742,4.1332231,40.405949,0.9393964705742412
300.0,741.3497709636628,4.1336241,40.480824,0.9396919442477558
300.0,741.3391968747093,4.1336241,40.43092,0.9399874166787746
300.0,741.3496189855917,4.1344256,40.356041,0.9402828902917166
300.0,741.3397629607786,4.1345463,40.356041,0.940578362948358
300.0,741.3474619668262,4.1348667,40.443386,0.9408738357015948
300.0,741.3442935307507,4.1351876,40.343575,0.9411693101639664
300.0,741.3515842300382,4.1350274,40.418415,0.9414647845601796
300.0,741.3408701338432,4.1355081,40.405949,0.9417602576581025
300.0,741.3449156028631,4.1359091,40.43092,0.9420557293964558
300.0,741.3381661055303,4.1361098,40.480824,0.9423512014166452
300.0,741.334653877641,4.1367912,40.480824,0.942646672036981
300.0,741.3465256949781,4.1367512,40.405949,0.9429421444170556
300.0,741.3392152951658,4.1371522,40.380974,0.9432376168554164
300.0,741.344043759469,4.1375127,40.405949,0.9435330882462862
300.0,741.3360149074175,4.1378336,40.405949,0.9438285594090818
300.0,741.3478617853668,4.1381946,40.405949,0.9441240323216712
300.0,741.334284336877,4.1382747,40.368507,0.9444195027947204
300.0,741.3467038081125,4.1385956,40.368507,0.9447149752457842
300.0,741.3356457554605,4.1389961,40.393482,0.9450104462614484
300.0,741.3442604856376,4.139277,40.43092,0.9453059177386972
300.0,741.3353916183983,4.1392369,40.356041,0.9456013886530712
300.0,741.3483014611373,4.1397581,40.393482,0.9458968617408984
300.0,741.3405389826726,4.1400785,40.405949,0.9461923347068354
300.0,741.3336665652363,4.1403594,40.393482,0.9464878049336622
300.0,741.3533980583478,4.1406002,40.368507,0.946783280052798
300.0,741.3513122362758,4.1408806,40.418415,0.9470787573125854
300.0,741.3519788982642,4.1412416,40.43092,0.9473742318660984
300.0,741.3412520047062,4.1414819,40.380974,0.9476697051162216
300.0,741.363185085966,4.1417627,40.43092,0.9479651841360928
300.0,741.3452413534422,4.1422038,40.443386,0.9482606589762338
300.0,741.352876645072,4.1425242,40.356041,0.9485561338875544
300.0,741.3525973864424,4.1426449,40.356041,0.9488516116595586
300.0,741.3599397689869,4.1430855,40.393482,0.94914708938597
300.0,741.3457311821448,4.1432462,40.393482,0.9494425644213405
300.0,741.3508721294772,4.1434464,40.405949,0.9497380385337376
300.0,741.3468511117685,4.1438875,40.380974,0.9500335140154732
300.0,741.3401315135632,4.1442084,40.443386,0.9503289868190072
300.0,741.3513937997776,4.1445289,40.393482,0.9506244611393224
300.0,741.3511340389862,4.1446896,40.418415,0.9509199383280864
300.0,741.3575020965512,4.1452107,40.318607,0.951215415082935
300.0,741.3434088180134,4.1452909,40.380974,0.9515108891926902
300.0,741.341816831241,4.145772,40.380974,0.9518063596959918
300.0,741.3373767659672,4.1459723,40.368507,0.9521018314015776
300.0,741.3505159019809,4.1464133,40.393482,0.9523973053719962
300.0,741.3401574535505,4.1467743,40.393482,0.9526927781858688
300.0,741.3511577386472,4.1469345,40.393482,0.952988252412099
300.0,741.347513218069,4.1472154,40.343575,0.9532837281577276
300.0,741.3519539709711,4.1474957,40.356041,0.9535792027013056
300.0,741.3491480249911,4.1480169,40.468357,0.9538746790985124
300.0,741.3488368445945,4.1484179,40.393482,0.9541701553716933
300.0,741.3607411401657,4.1484179,40.318607,0.9544656334175008
300.0,741.3472208485732,4.1487789,40.380974,0.954761109046601
300.0,741.3360777867262,4.1491394,40.393482,0.9550565772625388
300.0,741.3247461603956,4.1493402,40.368507,0.9553520439339976
300.0,741.338445218596,4.1495004,40.380974,0.9556475130935032
300.0,741.3236639147827,4.1499815,40.418415,0.955942979333616
300.0,741.3364088786086,4.1503024,40.455853,0.9562384476815144
300.0,741.3229636738644,4.1505828,40.356041,0.956533913642535
300.0,741.3265073125626,4.1510239,40.306141,0.9568293780440478
300.0,741.3283209968826,4.151104,40.418415,0.957124846140314
300.0,741.3303824192033,4.1513848,40.455853,0.957420312086296
300.0,741.3242684890797,4.1517453,40.368507,0.9577157785673712
300.0,741.325548170571,4.1523471,40.418415,0.958011245558484
300.0,741.3282506928041,4.1524673,40.380974,0.9583067106548414
300.0,741.3240516934686,4.1527877,40.380974,0.9586021770495092
300.0,741.3231023133229,4.1530285,40.405949,0.9588976400939196
300.0,741.327119208613,4.1534696,40.343575,0.959193107711194
300.0,741.3289505748739,4.1534295,40.393482,0.959488573086498
300.0,741.3228684959123,4.1537499,40.405949,0.959784039009584
300.0,741.3359756374571,4.1544318,40.418415,0.9600795071848088
300.0,741.3188218349511,4.1546321,40.368507,0.9603749714950344
300.0,741.3155813365141,4.1548324,40.331074,0.9606704315418708
300.0,741.314991298397,4.1551533,40.343575,0.9609658943253752
300.0,741.3181713782877,4.1556745,40.368507,0.9612613554045034
300.0,741.2934324267129,4.1559954,40.455853,0.9615568095953796
300.0,741.2798155818446,4.1559553,40.368507,0.9618522583590476
300.0,741.2811188339635,4.1564364,40.380974,0.9621477046704482
300.0,741.2732876827698,4.1568775,40.356041,0.9624431508323188
300.0,741.2785161828416,4.1573181,40.405949,0.9627385961064024
300.0,741.276278587347,4.157599,40.43092,0.9630340434603452
300.0,741.2802092329194,4.157639,40.356041,0.9633294894092136
300.0,741.2760623904989,4.158,40.405949,0.963624936676988
300.0,741.2808450892619,4.1583605,40.368507,0.9639203828792844
300.0,741.2729244517325,4.1584811,40.443386,0.9642158288963836
300.0,741.2773961940682,4.1588817,40.380974,0.9645112737240824
300.0,741.2734340199711,4.1594434,40.318607,0.964806719944278
300.0,741.2796681543971,4.159884,40.418415,0.9651021656774932
300.0,741.2775058273438,4.159884,40.380974,0.965397613520572
300.0,741.2812924679762,4.1604857,40.343575,0.9656930628728764
300.0,741.2919872766113,4.1607261,40.356041,0.9659885135160226
300.0,741.2846011798614,4.1609263,40.380974,0.966283964187066
300.0,741.2973450689291,4.1612873,40.331074,0.9665794169656236
300.0,741.2879604178539,4.1615281,40.343575,0.9668748689755444
300.0,741.294799644661,4.1620493,40.418415,0.967170320739593
300.0,741.2891055904769,4.1622496,40.380974,0.9674657732059404
300.0,741.295334170284,4.1625304,40.318607,0.9677612251830304
300.0,741.2948839572957,4.162931,40.368507,0.9680566799524372
300.0,741.3036381082708,4.1629715,40.380974,0.9683521352391594
300.0,741.2981349067579,4.1636128,40.331074,0.9686475913042832
300.0,741.2959832940888,4.1638131,40.393482,0.9689430435400894
300.0,741.2915042001064,4.1640139,40.405949,0.9692384969624404
300.0,741.2949469211402,4.1643744,40.318607,0.9695339517569423
300.0,741.3038415035395,4.1648154,40.356041,0.9698294071247302
300.0,741.2984219045755,4.1651764,40.368507,0.9701248633042416
300.0,741.3068962805725,4.1655774,40.418415,0.9704203198895468
300.0,741.2982625181867,4.166018,40.356041,0.9707157760055322
300.0,741.2964414510737,4.1663389,40.318607,0.971011228423942
300.0,741.2910279080328,4.1665797,40.356041,0.9713066816564596
300.0,741.3021164817301,4.16678,40.368507,0.9716021363367195
300.0,741.2925549277812,4.167141,40.418415,0.9718975901778548
300.0,741.3070165693116,4.1673412,40.380974,0.9721930468111024
300.0,741.2879489185744,4.1676221,40.380974,0.97248849881644
300.0,741.2894414254696,4.1681032,40.43092,0.9727839484449076
300.0,741.2951704062813,4.1686244,40.405949,0.9730794033284828
300.0,741.2736435890891,4.1687045,40.393482,0.9733748496322056
300.0,741.2845866744893,4.1690249,40.331074,0.9736702973257548
300.0,741.2777928141112,4.169426,40.443386,0.9739657452832168
300.0,741.281360753454,4.1695461,40.380974,0.9742611916910372
300.0,741.2779768823892,4.1700673,40.331074,0.9745566397218626
300.0,741.2947672718401,4.170228,40.356041,0.9748520914730088
300.0,741.2735548203166,4.1707492,40.380974,0.9751475377413512
300.0,741.2874441851443,4.1710296,40.331074,0.975442986573795
300.0,741.2782889173432,4.1714706,40.393482,0.9757384347289868
300.0,741.2905044313169,4.1713905,40.318607,0.9760338847811276
300.0,741.284645515749,4.1719518,40.293633,0.9763293354698418
300.0,741.2919674402877,4.1723528,40.331074,0.9766247861050822
300.0,741.2793898641722,4.1725531,40.368507,0.9769202346990736
300.0,741.2850915713112,4.1729541,40.380974,0.9772156855655704
300.0,741.2964031936992,4.1735153,40.393482,0.9775111379687323
300.0,741.2784223273195,4.1736355,40.306141,0.9778065861770966
300.0,741.2803993832359,4.1740766,40.343575,0.9781020322017516
300.0,741.2873558672945,4.1743174,40.293633,0.9783974839707192
300.0,741.2876350439155,4.1747985,40.306141,0.978692932879232
300.0,741.2810316896779,4.175159,40.393482,0.9789883821275988
300.0,741.295677725813,4.1754398,40.343575,0.9792838342416172
300.0,741.2918099359746,4.1756001,40.368507,0.979579287785824
300.0,741.2551059000275,4.1760411,40.368507,0.9798747237294638
300.0,741.2423617887542,4.176362,40.331074,0.9801701575653315
300.0,741.2475783437164,4.1766825,40.393482,0.9804655905087754
300.0,741.2518998056199,4.1770034,40.331074,0.9807610281461704
300.0,741.2392062251537,4.1773243,40.281166,0.9810564607243384
300.0,741.2427289153555,4.1778054,40.380974,0.9813518917349852
300.0,741.236228504005,4.1781259,40.331074,0.9816473231263356
300.0,741.2500034800639,4.1786871,40.405949,0.981942757036346
300.0,741.2412170307225,4.1787677,40.368507,0.9822381904159524
300.0,741.241991533888,4.1791682,40.306141,0.9825336211327074
300.0,741.2383223542861,4.1795692,40.368507,0.9828290533585948
300.0,741.2455932748155,4.1797295,40.356041,0.983124485510866
300.0,741.2459764321391,4.1799703,40.318607,0.9834199207874068
300.0,741.2445939038382,4.1804514,40.318607,0.9837153525413668
300.0,741.2404466854134,4.1806517,40.306141,0.98401078561394
300.0,741.2569060315454,4.1809325,40.393482,0.9843062222750434
300.0,741.2442780396904,4.1814938,40.318607,0.9846016568746632
300.0,741.2283253427646,4.1818948,40.343575,0.9848970851160842
300.0,741.2363851439422,4.1822553,40.318607,0.9851925135983464
300.0,741.2257858273656,4.1823759,40.331074,0.9854879408276032
300.0,741.2478323851091,4.1831374,40.356041,0.985783373872298
300.0,741.2340075068173,4.1832175,40.405949,0.9860788043784352
300.0,741.2383832138677,4.1836185,40.318607,0.9863742336570516
300.0,741.2273517875858,4.1839795,40.368507,0.9866696615104468
300.0,741.2356846876597,4.1842599,40.331074,0.9869650897135336
300.0,741.2309146619081,4.1848211,40.318607,0.9872605189869684
300.0,741.2391217916454,4.1849017,40.331074,0.987555948559954
300.0,741.2300945239048,4.1853828,40.293633,0.98785137750651
300.0,741.2387452637079,4.1856632,40.380974,0.9881468069294256
300.0,741.2308257216511,4.185864,40.343575,0.9884422361674118
300.0,741.2329956819615,4.1863446,40.343575,0.98873766627027
300.0,741.2372381512807,4.1868663,40.368507,0.9890330950925084
300.0,741.2247177793539,4.1869864,40.356041,0.989328521896078
300.0,741.2415079249196,4.1875076,40.418415,0.9896239524200848
300.0,741.2396899630894,4.187788,40.343575,0.9899193851910544
300.0,741.2438299587968,4.1881089,40.393482,0.9902148166405348
300.0,741.2389513432187,4.1886301,40.343575,0.990510249117116
300.0,741.2513074411502,4.18859,40.293633,0.9908056835468352
300.0,741.2373673055107,4.1890311,40.343575,0.991101115392073
300.0,741.2405663185833,4.1895123,40.368507,0.9913965455407916
300.0,741.2300751387971,4.1899533,40.380974,0.9916919744796212
300.0,741.2105502134548,4.1901135,40.331074,0.991987392665068
300.0,741.18042257354,4.1903539,40.380974,0.9922828018140843
300.0,741.1780047265497,4.1910357,40.281166,0.99257820999943
300.0,741.1921163242412,4.1913562,40.356041,0.9928736208378331
300.0,741.1799642390378,4.1917572,40.306141,0.9931690298041732
300.0,741.187336610528,4.1918774,40.331074,0.9934644387375654
300.0,741.1713619595085,4.1923985,40.393482,0.9937598442753312
300.0,741.1726755812783,4.1926794,40.343575,0.9940552473653976
300.0,741.1749510173344,4.1931605,40.293633,0.9943506543336392
300.0,741.1858928039137,4.1934409,40.368507,0.9946460626915852
300.0,741.1748993329909,4.1937218,40.368507,0.9949414696392272
300.0,741.1812082330937,4.1942029,40.356041,0.9952368761300824
300.0,741.1740023036605,4.1945238,40.306141,0.995532282720199
300.0,741.1799043927435,4.1949244,40.281166,0.9958276886913932
300.0,741.1722014572447,4.1953654,40.331074,0.9961230945637544
300.0,741.1803241216863,4.1955261,40.405949,0.9964185007022364
300.0,741.186906186658,4.1959667,40.380974,0.9967139124353992
300.0,741.1840686869782,4.1963677,40.405949,0.997009323037632
300.0,741.1852683380993,4.1967287,40.368507,0.9973047311466896
300.0,741.1875436585447,4.196929,40.318607,0.997600143133927
300.0,741.1885073698447,4.1975303,40.318607,0.9978955525339388
300.0,741.1778200464119,4.197691,40.331074,0.9981909606456772
300.0,741.1918868553005,4.1978512,40.405949,0.998486371392623
300.0,741.1834954112502,4.1983724,40.368507,0.9987817817663674
300.0,741.1898118687182,4.1987333,40.380974,0.9990771916863028
300.0,741.1782462535718,4.1994548,40.331074,0.9993725999679128
300.0,741.2004645502672,4.1993346,40.306141,0.9996680141335996
300.0,741.1931240537497,4.1995349,40.356041,0.9999634283449916
300.0,741.1997285730698,4.200016,40.356041,1.0
300.0,-703.1348725139923,4.1924791,39.919292,1.0
300.0,-703.1348725139923,4.1770034,39.95673,0.9997262320516852
300.0,-739.6837334480579,4.1753998,40.031605,0.9994382365771128
300.0,-739.6662659311664,4.1739964,39.906788,0.9991502450068216
300.0,-739.6707148227607,4.172874,39.919292,0.9988622546010444
300.0,-739.6518150948143,4.1718717,39.95673,0.9985742686572352
300.0,-739.6506637862684,4.1707091,40.056538,0.9982862860583186
300.0,-739.635938532651,4.1695867,39.95673,0.997998306296103
300.0,-739.6355263384393,4.1687446,39.981663,0.9977103295909436
300.0,-739.6296457639594,4.1679826,39.994171,0.9974223522788388
300.0,-739.6395477591766,4.1673813,40.019104,0.9971343740079414
300.0,-739.6356462000232,4.1663389,39.95673,0.9968463943595464
300.0,-739.6357863360888,4.1657376,40.006638,0.996558414656589
300.0,-739.64233529871,4.1648555,40.019104,0.9962704353003644
300.0,-739.6213805434733,4.1643744,39.969196,0.9959824612063513
300.0,-739.6307529727067,4.1638131,39.994171,0.9956944863596994
300.0,-739.6214442272617,4.1629715,39.944225,0.9954065122408908
300.0,-739.6286289987834,4.1624098,40.006638,0.995118538221207
300.0,-739.6137888916398,4.1618886,40.031605,0.9948305670830292
300.0,-739.6231755267748,4.1613674,40.044071,0.9945425951866518
300.0,-739.6140943833909,4.1605659,39.981663,0.9942546239295298
300.0,-739.6333062702458,4.1599245,39.969196,0.9939666480887528
300.0,-739.6221436136692,4.1593628,40.019104,0.9936786736976356
300.0,-739.6271398793778,4.1588416,40.056538,0.9933907002577398
300.0,-739.6170206759823,4.1584811,40.019104,0.993102727861256
300.0,-739.6165757317565,4.1577592,40.069046,0.9928147556380124
300.0,-739.6309007396243,4.1575589,39.981663,0.9925267807338276
300.0,-739.6167094225436,4.1567969,39.969196,0.9922388084585312
300.0,-739.6206812872139,4.1561956,40.056538,0.9919508375332848
300.0,-739.6192806996878,4.1559553,40.056538,0.9916628642568528
300.0,-739.6257965493393,4.1553135,40.044071,0.9913748913399818
300.0,-739.6142982764885,4.154953,40.019104,0.9910869200034732
300.0,-739.619345049499,4.1544719,39.95673,0.9907989495984904
300.0,-739.6068465410079,4.1539106,40.031605,0.9905109811633404
300.0,-739.6063759728088,4.1535096,39.944225,0.9902230158078608
300.0,-739.6065540252682,4.1529884,40.106445,0.9899350474866024
300.0,-739.6137012078585,4.1525874,39.981663,0.9896470792790464
300.0,-739.6049060104414,4.1521864,40.044071,0.9893591115994486
300.0,-739.6115866801686,4.1517053,40.056538,0.9890711413187092
300.0,-739.6132420012659,4.1510639,40.031605,0.9887831732899448
300.0,-739.604785295672,4.1505828,40.019104,0.988495205657348
300.0,-739.6149990664557,4.1501818,40.044071,0.9882072369444712
300.0,-739.5970162154647,4.1499014,40.031605,0.9879192723367916
300.0,-739.6104368468833,4.1496606,39.95673,0.9876313054002128
300.0,-739.6082214491832,4.1490593,40.006638,0.9873433364297376
300.0,-739.6108692100764,4.148458,39.981663,0.9870553693248184
300.0,-739.5898121961164,4.1483779,40.056538,0.9867674075220484
300.0,-739.6001154896272,4.147696,39.969196,0.9864794446040844
300.0,-739.5894241730192,4.1471348,40.019104,0.9861914829523925
300.0,-739.6020871434007,4.1466537,40.019104,0.985903519266766
300.0,-739.5944192426134,4.1464934,40.056538,0.985615555670227
300.0,-739.5932611425288,4.1459723,40.006638,0.985327592524598
300.0,-739.5995933798871,4.145371,40.044071,0.9850396298099172
300.0,-739.602430179651,4.1449699,40.081512,0.9847516630942924
300.0,-739.605835259414,4.1446896,40.031605,0.9844636979493392
300.0,-739.5977221447984,4.1442084,40.019104,0.9841757330668038
300.0,-739.607064086913,4.1439676,40.044071,0.9838877674434072
300.0,-739.5953168336935,4.1433263,40.069046,0.983599803497388
300.0,-739.605567753084,4.1429653,40.006638,0.983311838456588
300.0,-739.600477442109,4.1425242,40.081512,0.9830238725012684
300.0,-739.6099397494569,4.1420431,40.019104,0.982735905758234
300.0,-739.6027870505384,4.1418428,40.056538,0.9824479389036604
300.0,-739.6071529057235,4.1413217,40.031605,0.9821599732456824
300.0,-739.5994397760086,4.1408405,40.019104,0.9818720076943812
300.0,-739.6019916806972,4.1406002,40.019104,0.9815840411494876
300.0,-739.6092912718203,4.1400385,40.044071,0.9812960746589378
300.0,-739.607005805431,4.1395979,40.069046,0.9810081061617776
300.0,-739.6097420677032,4.1394372,40.093979,0.9807201394957108
300.0,-739.5985172949314,4.138876,40.044071,0.9804321743035808
300.0,-739.6033544110411,4.138555,40.056538,0.9801442101245446
300.0,-739.599655924908,4.1379538,40.11895,0.9798562444890854
300.0,-739.6041172935538,4.1378336,40.056538,0.9795682800130212
300.0,-739.5945469153752,4.1371522,40.031605,0.9792803163667722
300.0,-739.6032078647952,4.1369514,40.093979,0.9789923522447936
300.0,-739.5941715753602,4.1364703,39.95673,0.9787043887446846
300.0,-739.5966668136705,4.1360698,40.11895,0.9784164271694608
300.0,-739.5894247589606,4.1355886,40.031605,0.9781284655175408
300.0,-739.5900671021536,4.135468,40.069046,0.977840503615522
300.0,-739.6000510849943,4.1347866,40.131416,0.9775525407226342
300.0,-739.5949536029758,4.1346664,40.019104,0.97726457691804
300.0,-739.6028709977188,4.1342254,40.106445,0.9769766129272204
300.0,-739.5947694973773,4.1338644,40.093979,0.9766886491943082
300.0,-739.6070513304559,4.1333833,40.131416,0.9764006835758784
300.0,-739.59431128416,4.1330228,40.019104,0.9761127200213732
300.0,-739.6048619753461,4.132782,40.093979,0.9758247552553676
300.0,-739.5996877240982,4.1323409,40.044071,0.9755367896075272
300.0,-739.6004204107052,4.1320205,40.056538,0.9752488265708424
300.0,-739.5945214638205,4.1314187,40.106445,0.9749608629345032
300.0,-739.5984670676256,4.1310182,40.131416,0.9746729006583515
300.0,-739.5853642186956,4.1306973,40.056538,0.9743849405874164
300.0,-739.5885148510445,4.1302562,40.081512,0.9740969792897722
300.0,-739.5952862276123,4.1298552,40.056538,0.9738090182520788
300.0,-739.5946299349878,4.129374,40.006638,0.973521054573506
300.0,-739.6015660224239,4.1290536,40.031605,0.973233091090778
300.0,-739.5891437665897,4.1286926,40.11895,0.9729451295482632
300.0,-739.5913717654488,4.1284122,40.044071,0.9726571700346636
300.0,-739.588037582758,4.1279712,40.081512,0.9723692089228454
300.0,-739.5990210867277,4.12749,40.056538,0.9720812464309868
300.0,-739.5970856975849,4.1272492,40.019104,0.971793281796254
300.0,-739.6056573043364,4.1269288,40.106445,0.9715053167205876
300.0,-739.5961563439636,4.1263676,40.131416,0.971217352447702
300.0,-739.6002484981869,4.1260467,40.093979,0.9709293894779516
300.0,-739.594323808509,4.1254854,40.044071,0.9706414259185696
300.0,-739.600561524742,4.1254454,40.031605,0.9703534628269423
300.0,-739.5908812951928,4.1249242,40.106445,0.9700655006079152
300.0,-739.599720255672,4.1247234,40.11895,0.9697775349474084
300.0,-739.6019157923308,4.1241622,40.081512,0.9694895713284976
300.0,-739.5872672860497,4.124042,40.044071,0.9692016105165968
300.0,-739.597226216169,4.1234007,40.081512,0.96891364872357
300.0,-739.5903981675182,4.1231999,40.093979,0.96862568669265
300.0,-739.5893995013378,4.1225185,40.069046,0.9683377279469508
300.0,-739.5855175138701,4.1223583,40.069046,0.9680497678163298
300.0,-739.5932619734468,4.1218772,40.093979,0.9677618075667788
300.0,-739.5863701588653,4.1215563,40.093979,0.9674738471041776
300.0,-739.5979449944454,4.1211553,40.131416,0.967185885031295
300.0,-739.5944767741054,4.1208749,40.093979,0.9668979214123558
300.0,-739.5979129630491,4.1206341,40.11895,0.9666099593519444
300.0,-739.5910921096322,4.120153,40.093979,0.9663219970508355
300.0,-739.5885396922296,4.1197519,40.106445,0.9660340357435192
300.0,-739.5984605368271,4.1194315,40.093979,0.9657460734699104
300.0,-739.578352825342,4.1187901,40.131416,0.9654581161288852
300.0,-739.5891197513208,4.1186695,40.056538,0.9651701574921064
300.0,-739.5934392423034,4.118309,40.106445,0.9648821942771336
300.0,-739.603761395626,4.1179881,40.093979,0.9645942299396382
300.0,-739.5910724807911,4.1177073,40.11895,0.964306267646172
300.0,-739.6047218012344,4.117106,40.11895,0.9640183029347432
300.0,-739.6035755478607,4.1169457,40.081512,0.9637303357731654
300.0,-739.6047857786675,4.1164646,40.093979,0.9634423710368268
300.0,-739.5953616088822,4.1160235,40.081512,0.9631544070733742
300.0,-739.6088327243743,4.1158633,40.143883,0.9628664407613596
300.0,-739.594260551972,4.1153021,40.044071,0.962578477226607
300.0,-739.6055485611923,4.1151414,40.081512,0.96229050929683
300.0,-739.6128097601583,4.1147408,40.056538,0.9620025414363584
300.0,-739.6049444257869,4.1141391,40.093979,0.9617145737418036
300.0,-739.6159657098666,4.1138988,40.193825,0.9614266046525646
300.0,-739.5978622809088,4.1136584,40.106445,0.9611386397154668
300.0,-739.6143052638628,4.1131773,40.106445,0.9608506712727216
300.0,-739.6039705533211,4.1128964,40.143883,0.9605627039573472
300.0,-739.6133891334526,4.1126156,40.11895,0.9602747358712972
300.0,-739.6022843306778,4.112175,40.081512,0.9599867692124592
300.0,-739.6139741463368,4.1118541,40.106445,0.9596988008986344
300.0,-739.6072286925571,4.1113329,40.056538,0.9594108323146924
300.0,-739.6168691083378,4.1111326,40.168854,0.959122862873716
300.0,-739.6162518929267,4.1108918,40.093979,0.95883489077656
300.0,-739.6088322129709,4.1102505,40.143883,0.958546921568282
300.0,-739.6173721384205,4.1102905,40.11895,0.958258951931451
300.0,-739.6051545196285,4.1097693,40.11895,0.9579709841550952
300.0,-739.6097296531057,4.1094885,40.168854,0.957683017493862
300.0,-739.6011580175436,4.1089272,40.093979,0.9573950512735576
300.0,-739.6133057711774,4.108727,40.106445,0.9571070832199646
300.0,-739.6072606870271,4.1082458,40.143883,0.9568191146235654
300.0,-739.6186195084613,4.107965,40.11895,0.9565311445010716
300.0,-739.6080942524992,4.1076846,40.056538,0.9562431755801208
300.0,-739.6165446070337,4.1072435,40.156387,0.9559552062654888
300.0,-739.6118987636945,4.1071234,40.156387,0.9556672358632384
300.0,-739.6199818937606,4.1065216,40.168854,0.9553792652103008
300.0,-739.6019472473199,4.1062813,40.11895,0.9550912986827071
300.0,-739.6047212823102,4.1059604,40.156387,0.954803331075034
300.0,-739.6151896924965,4.1055598,40.206291,0.9545153622879372
300.0,-739.6126376152637,4.1051989,40.168854,0.9542273915980128
300.0,-739.6186259293823,4.1048379,40.156387,0.9539394214730188
300.0,-739.6213479263779,4.1043568,40.206291,0.953651447391705
300.0,-739.6205091427711,4.1041565,40.131416,0.9533634765334832
300.0,-739.6166971056853,4.1037955,40.143883,0.9530755042629824
300.0,-739.6292081645003,4.1036353,40.193825,0.9527875300178006
300.0,-739.6143743137635,4.102994,40.131416,0.9524995586516868
300.0,-739.6240917427331,4.1027932,40.131416,0.9522115863985812
300.0,-739.605007364973,4.1025128,40.156387,0.9519236186795208
300.0,-739.6052122946021,4.102232,40.168854,0.9516356537771185
300.0,-739.6004838996079,4.1016707,40.156387,0.9513476878192844
300.0,-739.6033087766114,4.1013899,40.18132,0.9510597207615752
300.0,-739.6110089325532,4.1011095,40.156387,0.9507717536022549
300.0,-739.6068337480654,4.1006684,40.18132,0.9504837851720858
300.0,-739.6128543404581,4.1004276,40.131416,0.9501958172942572
300.0,-739.6021575490582,4.099947,40.218758,0.949907850684782
300.0,-739.6121161773012,4.0996661,40.11895,0.9496198830943564
300.0,-739.6081260883255,4.0996261,40.156387,0.9493319141610104
300.0,-739.6099209505044,4.0994658,40.193825,0.9490439474252956
300.0,-739.6029205459882,4.0987439,40.168854,0.9487559805187452
300.0,-739.6140120249786,4.0986238,40.143883,0.9484680121901724
300.0,-739.6010371929744,4.0979023,40.18132,0.9481800460169116
300.0,-739.6048742312089,4.0979023,40.193825,0.9478920812461342
300.0,-739.6056381237711,4.0976214,40.106445,0.9476041132814856
300.0,-739.6067379355646,4.0972605,40.143883,0.9473161448886216
300.0,-739.6117656382646,4.0968595,40.143883,0.9470281774346784
300.0,-739.5992681947528,4.0964589,40.18132,0.9467402119501832
300.0,-739.6082535220545,4.0959778,40.093979,0.9464522458636806
300.0,-739.5982442371176,4.095737,40.093979,0.9461642807778669
300.0,-739.6024881587888,4.0952559,40.156387,0.9458763169361054
300.0,-739.5980334348156,4.0950956,40.156387,0.9455883519323682
300.0,-739.6069364251133,4.0947347,40.218758,0.9453003863586767
300.0,-739.6030036388922,4.0945745,40.168854,0.9450124194197738
300.0,-739.6086482385494,4.0942135,40.206291,0.9447244531795884
300.0,-739.6009037950972,4.0936122,40.193825,0.9444364870582668
300.0,-739.6083938792527,4.093452,40.11895,0.9441485209171162
300.0,-739.5903853746491,4.0931711,40.143883,0.9438605588911771
300.0,-739.6019214661295,4.0929308,40.106445,0.9435725923736218
300.0,-739.6076551911754,4.0924497,40.131416,0.943284626520079
300.0,-739.5956349230274,4.0918884,40.131416,0.9429966624502104
300.0,-739.6020746800099,4.0917277,40.18132,0.9427086987694367
300.0,-739.593604951976,4.0915275,40.106445,0.9424207354899444
300.0,-739.6025458006474,4.0912066,40.18132,0.9421327716257404
300.0,-739.593961835071,4.0909662,40.18132,0.941844808207294
300.0,-739.598651492443,4.0906854,40.193825,0.941556845859337
300.0,-739.599255389644,4.0902042,40.206291,0.9412688803798274
300.0,-739.6051293474084,4.0897231,40.11895,0.9409809155097206
300.0,-739.6040152430745,4.0896029,40.18132,0.940692948176946
300.0,-739.603659490809,4.089242,40.156387,0.9404049838791272
300.0,-739.602334623437,4.0891218,40.143883,0.9401170172007076
300.0,-739.603201233184,4.0885606,40.143883,0.9398290501848704
300.0,-739.611225364351,4.0883603,40.206291,0.9395410829412828
300.0,-739.6070371895311,4.0879993,40.168854,0.9392531144319032
300.0,-739.6124532640624,4.0876384,40.11895,0.9389651467102332
300.0,-739.6056949350489,4.0874381,40.143883,0.9386771787234648
300.0,-739.6078908735731,4.086997,40.256195,0.9383892127781592
300.0,-739.6022339769373,4.0867167,40.168854,0.9381012461389266
300.0,-739.608482771317,4.0864358,40.156387,0.937813279963166
300.0,-739.604930985976,4.0860748,40.193825,0.937525312273844
300.0,-739.6158519274975,4.0855536,40.193825,0.9372373432289062
300.0,-739.6107607928803,4.0853133,40.193825,0.9369493732697288
300.0,-739.6139614143594,4.0849924,40.206291,0.9366614049608616
300.0,-739.6053384791301,4.0845914,40.193825,0.9363734371128806
300.0,-739.6047661307327,4.0843911,40.156387,0.9360854694877452
300.0,-739.610436163292,4.0839901,40.193825,0.9357975025514323
300.0,-739.6052753324694,4.0838299,40.18132,0.935509534728038
300.0,-739.6122114170391,4.0837498,40.193825,0.9352215671005312
300.0,-739.5975378072841,4.0831885,40.206291,0.934933602289768
300.0,-739.6077510901271,4.0827875,40.218758,0.9346456363988872
300.0,-739.6039194671523,4.0824265,40.168854,0.9343576691034032
300.0,-739.6108304037492,4.0823464,40.143883,0.9340697020135932
300.0,-739.610830714455,4.0819054,40.18132,0.9337817320271916
300.0,-739.6197521439423,4.0815845,40.193825,0.9334937614637068
300.0,-739.6075148118624,4.0811439,40.168854,0.9332057927683632
300.0,-739.6169710253819,4.0809832,40.206291,0.9329178232877052
300.0,-739.6039959438882,4.0806227,40.18132,0.9326298559624449
300.0,-739.6045882384522,4.0804219,40.18132,0.9323418884065726
300.0,-739.6119317524327,4.0799408,40.193825,0.932053920887953
300.0,-739.606790181402,4.0795398,40.168854,0.9317659524747468
300.0,-739.6100285438707,4.0794196,40.18132,0.9314779856971404
300.0,-739.5996184739578,4.0787783,40.156387,0.9311900200762628
300.0,-739.6066952250256,4.0789785,40.2687,0.9309020545964825
300.0,-739.5945148354509,4.0784574,40.218758,0.9306140909627238
300.0,-739.5992687809326,4.0781369,40.193825,0.9303261283744256
300.0,-739.5945664465349,4.0777359,40.18132,0.930038164720572
300.0,-739.5995164751887,4.077415,40.206291,0.929750202035834
300.0,-739.5918674111714,4.0769339,40.206291,0.9294622394328592
300.0,-739.6028951067948,4.0768938,40.168854,0.9291742754326529
300.0,-739.592542224944,4.0766134,40.156387,0.9288863125669368
300.0,-739.5902963979414,4.0763726,40.143883,0.928598350575641
300.0,-739.6052636010909,4.0760117,40.231262,0.9283103856532628
300.0,-739.5982564441027,4.0757313,40.206291,0.928022420562696
300.0,-739.6048935062375,4.0754905,40.206291,0.927734455784414
300.0,-739.5965059028905,4.0750899,40.131416,0.9274464913754265
300.0,-739.6045883532734,4.0745687,40.2687,0.9271585267159554
300.0,-739.595882907702,4.0744882,40.156387,0.9268705625495332
300.0,-739.6139296759401,4.0741677,40.168854,0.9265825942530233
300.0,-739.5944259564566,4.0738068,40.156387,0.92629463065387
300.0,-739.6044799297698,4.0736866,40.168854,0.9260066660366136
300.0,-739.5970289229624,4.0732055,40.231262,0.9257187014239864
300.0,-739.6069494378788,4.0730052,40.168854,0.9254307358452282
300.0,-739.5978807255763,4.072484,40.243729,0.925142770900949
300.0,-739.5982819566581,4.0722833,40.143883,0.9248548058004488
300.0,-739.6062814166014,4.0720029,40.193825,0.9245668404817846
300.0,-739.6009227647951,4.0719223,40.243729,0.924278874353077
300.0,-739.6069369743601,4.0714817,40.218758,0.9239909087791716
300.0,-739.5895957909048,4.07092,40.218758,0.9237029470606596
300.0,-739.6086865566245,4.0709605,40.168854,0.9234149808055552
300.0,-739.5992495302941,4.0706797,40.206291,0.9231270153283272
300.0,-739.6131154991144,4.0703187,40.168854,0.9228390473488164
300.0,-739.6022526780257,4.0701985,40.218758,0.9225510807023024
300.0,-739.6048367554725,4.0694771,40.168854,0.9222631159461162
300.0,-739.5972512973939,4.0694771,40.18132,0.921975151246907
300.0,-739.6019931365265,4.069036,40.243729,0.9216871875978824
300.0,-739.5964430735937,4.068675,40.218758,0.9213992232133574
300.0,-739.5912570136427,4.0685148,40.156387,0.9211112608480428
300.0,-739.6002430660228,4.0681939,40.168854,0.9208232978804072
300.0,-739.586083856437,4.067873,40.231262,0.9205353375292789
300.0,-739.5868098998544,4.0674324,40.193825,0.9202473797918392
300.0,-739.5846005259542,4.0670714,40.218758,0.9199594200182508
300.0,-739.592982040305,4.0667906,40.218758,0.9196714598776916
300.0,-739.5929557606734,4.06639,40.193825,0.919383496850964
300.0,-739.5986197173679,4.0663495,40.193825,0.9190955345153784
300.0,-739.5867013096395,4.065989,40.2687,0.9188075739238424
300.0,-739.5993196723399,4.0657482,40.18132,0.9185196113157296
300.0,-739.600623913551,4.0654278,40.168854,0.9182316453033808
300.0,-739.6051550067407,4.0651069,40.231262,0.9179436804232836
300.0,-739.5918619791257,4.0647058,40.206291,0.9176557178224236
300.0,-739.5947890691272,4.0644255,40.168854,0.9173677569782988
300.0,-739.5871404189566,4.0643454,40.143883,0.9170797962157942
300.0,-739.5871147842339,4.0639844,40.156387,0.9167918354632706
300.0,-739.5976649515411,4.0636635,40.168854,0.9165038734994224
300.0,-739.5914992121502,4.0633831,40.231262,0.916215911039807
300.0,-739.5957242182576,4.062902,40.218758,0.9159279498315824
300.0,-739.5920907866279,4.0625811,40.206291,0.9156399871416354
300.0,-739.5978745595507,4.0624208,40.18132,0.9153520250961764
300.0,-739.5896600605787,4.0620999,40.256195,0.9150640633526408
300.0,-739.6005287486831,4.0618997,40.156387,0.9147761002737748
300.0,-739.58664354627,4.0614586,40.193825,0.9144881397047294
300.0,-739.5971173166405,4.0611377,40.206291,0.9142001779541026
300.0,-739.5782252136702,4.0607767,40.231262,0.9139122206627636
300.0,-739.5902394472965,4.0608974,40.168854,0.9136242615900316
300.0,-739.5907609221516,4.0601754,40.18132,0.9133362994178718
300.0,-739.5881518034627,4.0599751,40.168854,0.9130483382615812
300.0,-739.6002743162028,4.059895,40.243729,0.9127603752817782
300.0,-739.5896469136521,4.0593338,40.243729,0.9124724135433616
300.0,-739.5940129418668,4.059093,40.18132,0.9121844530014214
300.0,-739.5893346837063,4.0589328,40.193825,0.9118964913845724
300.0,-739.5965580728639,4.0586119,40.18132,0.911608529851687
300.0,-739.5917857099157,4.0580907,40.243729,0.9113205672805228
300.0,-739.5906788051373,4.0578103,40.206291,0.9110326080367268
300.0,-739.5908114468521,4.0577703,40.193825,0.9107446458448952
300.0,-739.6024568597771,4.0574093,40.231262,0.91045668201532
300.0,-739.5906339085906,4.0572491,40.218758,0.9101687198926136
300.0,-739.594591375236,4.056808,40.168854,0.9098807591254606
300.0,-739.5858419020338,4.0565271,40.206291,0.909592798868538
300.0,-739.5845249769071,4.056046,40.18132,0.9093048391243648
300.0,-739.5944202805512,4.0558858,40.243729,0.9090168784238276
300.0,-739.5863374319798,4.0555248,40.193825,0.9087289179739688
300.0,-739.5944901294922,4.0553246,40.18132,0.908440957246236
300.0,-739.5954564204475,4.0548835,40.193825,0.908152993245868
300.0,-739.6042255094911,4.0546832,40.156387,0.90786502872767
300.0,-739.5868473905093,4.0541215,40.18132,0.9075770680792572
300.0,-739.5938533097168,4.0540414,40.231262,0.9072891075994696
300.0,-739.5914292173928,4.053721,40.293633,0.907001145167107
300.0,-739.5919067781344,4.0534401,40.231262,0.9067131854452006
300.0,-739.5989374712188,4.0531192,40.18132,0.9064252200894738
300.0,-739.5963419584076,4.0529189,40.231262,0.9061372586407324
300.0,-739.5957622539779,4.052598,40.168854,0.9058492945212872
300.0,-739.5981483025262,4.0521975,40.193825,0.9055613294728256
300.0,-739.6012222827212,4.0517564,40.18132,0.9052733661239326
300.0,-739.5884825270477,4.0516763,40.2687,0.9049854048388736
300.0,-739.596068043294,4.0514755,40.18132,0.9046974434967808
300.0,-739.5937704175442,4.0508342,40.256195,0.9044094801528638
300.0,-739.6006755390678,4.050714,40.2687,0.9041215170168452
300.0,-739.5922742452461,4.0503531,40.256195,0.9038335542554676
300.0,-739.597747752189,4.0502329,40.256195,0.9035455922593814
300.0,-739.5868985011064,4.0500722,40.193825,0.9032576315910684
300.0,-739.598886491275,4.0496716,40.206291,0.9029696691516144
300.0,-739.5919066444252,4.0493107,40.306141,0.9026817065333638
300.0,-739.5946751402888,4.0490298,40.281166,0.902393745733597
300.0,-739.5911553417665,4.0487494,40.168854,0.9021057834078686
300.0,-739.5975316061421,4.0484686,40.281166,0.90181781859952
300.0,-739.6025844361408,4.0480275,40.193825,0.9015298547202732
300.0,-739.592866991517,4.047627,40.18132,0.9012418917281082
300.0,-739.5986454133048,4.0475464,40.18132,0.9009539293825178
300.0,-739.5894056183795,4.0471458,40.231262,0.9006659677380501
300.0,-739.5944268479287,4.0470657,40.206291,0.900378007034956
300.0,-739.5920714142077,4.0466647,40.193825,0.9000900443525517
300.0,-739.5962138448964,4.0463037,40.218758,0.899802082953691
300.0,-739.585612813772,4.0461435,40.243729,0.8995141227859649
300.0,-739.5879546082141,4.0456223,40.18132,0.8992261646028338
300.0,-739.5800006448346,4.0452614,40.231262,0.8989382066202246
300.0,-739.5915945938797,4.0451012,40.231262,0.8986502470198671
300.0,-739.5760111248188,4.0449004,40.231262,0.8983622905905909
300.0,-739.5821454225643,4.0444994,40.231262,0.8980743317729051
300.0,-739.5927650346783,4.0441389,40.218758,0.8977863717168371
300.0,-739.5844104022856,4.0438981,40.168854,0.8974984120172737
300.0,-739.5878269586669,4.0435777,40.331074,0.8972104538838429
300.0,-739.5807588689776,4.0430965,40.206291,0.8969224956060167
300.0,-739.5942097447156,4.0427356,40.206291,0.8966345349874514
300.0,-739.589475723026,4.0427356,40.318607,0.8963465733156882
300.0,-739.6084892167049,4.0424547,40.293633,0.8960586071374183
300.0,-739.6038115575044,4.0421343,40.206291,0.8957706398839493
300.0,-739.6042829316714,4.0419335,40.193825,0.895482675343394
300.0,-739.6031432500873,4.0416131,40.193825,0.8951947083501329
300.0,-739.601044767077,4.0412121,40.218758,0.8949067450703554
300.0,-739.5974107449176,4.0406508,40.218758,0.8946187803090646
300.0,-739.5995861376317,4.0406508,40.243729,0.8943308147007771
300.0,-739.6013424128153,4.0402498,40.206291,0.8940428513051114
300.0,-739.5981350700877,4.0400496,40.218758,0.8937548862618021
300.0,-739.601152848836,4.0396886,40.243729,0.893466922939943
300.0,-739.5881518278143,4.0394883,40.256195,0.8931789617836431
300.0,-739.5970740180744,4.0390873,40.293633,0.8928910000498745
300.0,-739.5963730421299,4.0387664,40.293633,0.8926030356926168
300.0,-739.6079924488854,4.0384054,40.293633,0.8923150697077629
300.0,-739.5947701931631,4.0379648,40.156387,0.8920271059745799
300.0,-739.6077578040505,4.0380049,40.218758,0.891739140081085
300.0,-739.603551146015,4.0375638,40.281166,0.8914511729290082
300.0,-739.6104110656382,4.0372429,40.243729,0.8911632060024671
300.0,-739.5958891210455,4.0369625,40.243729,0.8908752418336259
300.0,-739.5834681459315,4.0366015,40.231262,0.8905872825009332
300.0,-739.5957821042998,4.0365615,40.281166,0.8902993212701706
300.0,-739.5984346171175,4.0360804,40.218758,0.8900113561102316
300.0,-739.5993576485682,4.0357194,40.281166,0.8897233934873329
300.0,-739.5874009402072,4.035439,40.243729,0.8894354326233935
300.0,-739.595583897664,4.0351181,40.168854,0.8891474714698026
300.0,-739.5825839093295,4.0349579,40.306141,0.8888595124813906
300.0,-739.6108819176635,4.0344367,40.293633,0.8885715453715236
300.0,-739.5902894887865,4.0343566,40.206291,0.888283583382918
300.0,-739.5970355657315,4.0338755,40.193825,0.8879956216641208
300.0,-739.5898378185418,4.0337548,40.2687,0.8877076598513747
300.0,-739.5987087803555,4.0335145,40.206291,0.8874196974811123
300.0,-739.5813621620014,4.0329132,40.206291,0.8871317389683917
300.0,-739.5877770493059,4.0326324,40.231262,0.886843777958013
300.0,-739.59577532942,4.032392,40.256195,0.8865558167298881
300.0,-739.5904106430489,4.0321913,40.218758,0.8862678546941107
300.0,-739.5937013312875,4.0318708,40.231262,0.8859798942734962
300.0,-739.5872671639336,4.0313897,40.243729,0.885691933461643
300.0,-739.5932804794992,4.0310287,40.293633,0.8854039732048867
300.0,-739.5902706167509,4.0309486,40.281166,0.8851160112236292
300.0,-739.5890426757502,4.0305476,40.256195,0.8848280526168595
300.0,-739.5916898363313,4.0304675,40.218758,0.8845400900830238
300.0,-739.5966406661628,4.0300264,40.2687,0.8842521285179807
300.0,-739.5837040700376,4.0297055,40.218758,0.8839641690934303
300.0,-739.5985874295994,4.0296254,40.193825,0.8836762067704158
300.0,-739.5960043060944,4.0291443,40.256195,0.8833882425567268
300.0,-739.5919691074758,4.0287433,40.231262,0.8831002799141559
300.0,-739.595368405817,4.0286632,40.231262,0.8828123188444666
300.0,-739.589316580716,4.0282221,40.206291,0.8825243572346662
300.0,-739.5961000381498,4.0278616,40.206291,0.8822363958801163
300.0,-739.5858235305363,4.0275006,40.218758,0.8819484356303466
300.0,-739.5949545119056,4.0273004,40.206291,0.8816604747218068
300.0,-739.5926759523866,4.0271397,40.293633,0.8813725118040234
300.0,-739.5903410103817,4.0267792,40.281166,0.881084552691748
300.0,-739.5857461992944,4.0263782,40.256195,0.8807965924720876
300.0,-739.5981170779125,4.0262179,40.206291,0.8805086303322044
300.0,-739.5948582787095,4.0258169,40.281166,0.8802206665647249
300.0,-739.603857026055,4.0254159,40.256195,0.8799327021899958
300.0,-739.5924280165431,4.0252557,40.231262,0.879644739368747
300.0,-739.5903916367213,4.0248547,40.331074,0.8793567773403699
300.0,-739.5975252168244,4.0244536,40.293633,0.8790688154309274
300.0,-739.5909640462279,4.0240526,40.206291,0.8787808531796806
300.0,-739.5977548201096,4.0238924,40.2687,0.8784928911808422
300.0,-739.5954442745203,4.0234914,40.2687,0.8782049271852034
300.0,-739.6044739483204,4.0233712,40.343575,0.8779169625702757
300.0,-739.6006357665682,4.0232911,40.306141,0.8776289965533118
300.0,-739.601425970468,4.0225692,40.318607,0.8773410331251129
300.0,-739.5954885491198,4.022409,40.293633,0.8770530691122357
300.0,-739.600821426055,4.0221281,40.256195,0.8767651059194158
300.0,-739.5952534429413,4.0215669,40.293633,0.8764771419980778
300.0,-739.6034809131222,4.0213666,40.231262,0.8761891777697881
300.0,-739.5986819792658,4.0212064,40.293633,0.8759012125135379
300.0,-739.5868792384731,4.0208054,40.331074,0.8756132518527249
300.0,-739.5940440944092,4.0203643,40.206291,0.8753252912986556
300.0,-739.5795615721984,4.0200834,40.231262,0.8750373334870006
300.0,-739.5918110622564,4.019763,40.281166,0.8747493738023613
300.0,-739.576468410309,4.0196028,40.243729,0.8744614171950394
300.0,-739.5902202211507,4.0192418,40.2687,0.8741734581297932
300.0,-739.5843905781328,4.0188408,40.231262,0.8738854984379485
300.0,-739.596443106437,4.0185599,40.331074,0.8735975369498252
300.0,-739.5850848986944,4.0179987,40.281166,0.8733095769876444
300.0,-739.5899087692421,4.0180387,40.281166,0.8730216180436617
300.0,-739.585759541571,4.0174375,40.368507,0.8727336578188066
300.0,-739.587057313348,4.0174375,40.243729,0.8724456999850367
300.0,-739.5809099546912,4.0169163,40.2687,0.8721577416483847
300.0,-739.5827436497375,4.0164752,40.281166,0.8718697825977771
300.0,-739.5945345755626,4.016315,40.206291,0.8715818218527391
300.0,-739.5844677872585,4.015954,40.318607,0.8712938621308329
300.0,-739.5888952627816,4.0156336,40.318607,0.8710059035814585
300.0,-739.5876365714289,4.0152326,40.293633,0.8707179426257753
300.0,-739.5965451943661,4.0147514,40.331074,0.8704299810979039
300.0,-739.5834559511477,4.0147114,40.281166,0.8701420217699596
300.0,-739.5885335786796,4.0144706,40.318607,0.8698540633614067
300.0,-739.5852129376576,4.0139494,40.256195,0.8695661033493735
300.0,-739.5956602408758,4.0137491,40.368507,0.8692781421660583
300.0,-739.5919760899413,4.0132279,40.231262,0.8689901795207688
300.0,-739.5984542745384,4.0128269,40.318607,0.8687022172495983
300.0,-739.5920843291544,4.0125465,40.306141,0.8684142545621655
300.0,-739.5927277343923,4.0122256,40.256195,0.8681262916242208
300.0,-739.5944767870814,4.0120254,40.2687,0.8678383309016827
300.0,-739.5812978679247,4.0116243,40.368507,0.8675503724139952
300.0,-739.5994024731157,4.0111032,40.293633,0.867262409773644
300.0,-739.5907476898153,4.0107422,40.293633,0.8669744476066364
300.0,-739.593071335198,4.0103812,40.343575,0.8666864874313103
300.0,-739.5870067403707,4.0102611,40.293633,0.8663985267208539
300.0,-739.594381706091,4.00986,40.256195,0.8661105660353358
300.0,-739.5814760897706,4.0097799,40.356041,0.865822607478257
300.0,-739.594769989425,4.0092187,40.306141,0.8655346466415609
300.0,-739.5867073887165,4.0090184,40.318607,0.865246686047658
300.0,-739.5965577432441,4.0086575,40.343575,0.8649587245149009
300.0,-739.5932614355347,4.0081363,40.318607,0.8646707613691578
300.0,-739.5934020010253,4.0078955,40.356041,0.8643828010650871
300.0,-739.5846080943162,4.0077353,40.343575,0.8640948412885519
300.0,-739.5903851182666,4.007174,40.293633,0.8638068792627125
300.0,-739.5955837511948,4.0068531,40.281166,0.8635189181091787
300.0,-739.5866883458103,4.0064125,40.356041,0.8632309575226904
300.0,-739.597143561901,4.0060515,40.318607,0.8629429957618451
300.0,-739.5801405734703,4.0057306,40.331074,0.862655037724754
300.0,-739.5931280249298,4.0055704,40.356041,0.8623670775273559
300.0,-739.5844926774155,4.0049291,40.356041,0.8620791177957585
300.0,-739.5895969266296,4.0046082,40.306141,0.8617911589731916
300.0,-739.580687653468,4.0043678,40.343575,0.8615032007230932
300.0,-739.5899913990688,4.004127,40.243729,0.8612152417469389
300.0,-739.5917664229052,4.0039268,40.343575,0.8609272791832838
300.0,-739.5911937249352,4.0032849,40.356041,0.8606393197390045
300.0,-739.5842385158992,4.0029645,40.318607,0.8603513601063657
300.0,-739.5857469073327,4.0025635,40.343575,0.8600633998864297
300.0,-739.5912319210208,4.0022426,40.368507,0.8597754404272786
300.0,-739.5844227557129,4.0019622,40.368507,0.8594874807229054
300.0,-739.5899342574976,4.001441,40.343575,0.8591995217689989
300.0,-739.5806112744966,4.0014811,40.256195,0.8589115635486388
300.0,-739.5877960503849,4.0008798,40.293633,0.8586236054272424
300.0,-739.5813493689661,4.0005589,40.281166,0.8583356469195027
300.0,-739.5806880526561,4.0001578,40.318607,0.8580476915656012
300.0,-739.5713845107754,3.999717,40.343575,0.857759736937713
300.0,-739.5789190242862,3.9995568,40.380974,0.8574717822725818
300.0,-739.5804839193224,3.9989953,40.2687,0.857183824101808
300.0,-739.5854985279776,3.9987147,40.368507,0.8568958668749506
300.0,-739.5729882263217,3.9984341,40.356041,0.8566079116226503
300.0,-739.5774812592625,3.9978328,40.293633,0.8563199546209722
300.0,-739.5882220413862,3.9979129,40.393482,0.8560319963337162
300.0,-739.5820934088601,3.9972715,40.331074,0.8557440375362823
300.0,-739.5866949822337,3.9967504,40.380974,0.8554560798435858
300.0,-739.5829660242713,3.9963894,40.331074,0.855168120706396
300.0,-739.5929184900781,3.9961488,40.356041,0.8548801605905801
300.0,-739.58783316467,3.995708,40.281166,0.8545921995583527
300.0,-739.5896535798337,3.995307,40.318607,0.854304240713728
300.0,-739.5890104297449,3.9949462,40.356041,0.8540162792231284
300.0,-739.602087790541,3.9946253,40.331074,0.8537283155372501
300.0,-739.5898570443408,3.9943047,40.331074,0.8534403537170183
300.0,-739.5981105228133,3.9942245,40.318607,0.8531523915796874
300.0,-739.5931150493744,3.9936631,40.293633,0.85286442849094
300.0,-739.5858223100911,3.9933424,40.368507,0.8525764682416457
300.0,-739.599790182544,3.9930217,40.306141,0.8522885054503401
300.0,-739.592663476843,3.9925807,40.418415,0.8520005425374141
300.0,-739.5967111498891,3.9920995,40.368507,0.8517125809449282
300.0,-739.5906328100824,3.9919393,40.306141,0.8514246188226493
300.0,-739.6047471797403,3.9914582,40.331074,0.8511366541013392
300.0,-739.591454534726,3.9911375,40.331074,0.8508486916591192
300.0,-739.5974674160649,3.9906964,40.343575,0.8505607297721813
300.0,-739.5910025471429,3.9902954,40.368507,0.850272767505944
300.0,-739.5969905826925,3.9900949,40.343575,0.8499848058046611
300.0,-739.594718569801,3.9896941,40.306141,0.8496968420915778
300.0,-739.5938411512869,3.989253,40.356041,0.8494088816165243
300.0,-739.5909006186284,3.9889324,40.393482,0.8491209193899731
300.0,-739.5909460533057,3.9886918,40.318607,0.848832957145732
300.0,-739.5960296399619,3.9882107,40.368507,0.8485449958185917
300.0,-739.5873625615106,3.98785,40.318607,0.8482570349695951
300.0,-739.6001534168768,3.9873288,40.331074,0.8479690720368642
300.0,-739.5954820186427,3.9871683,40.405949,0.8476811080265296
300.0,-739.6055300939541,3.9868877,40.368507,0.8473931430003923
300.0,-739.5939421577697,3.9864867,40.318607,0.8471051795896077
300.0,-739.6022852642678,3.9860859,40.281166,0.8468172158268433
300.0,-739.6022717941402,3.9856849,40.356041,0.8465292491728864
300.0,-739.5977289167982,3.9853642,40.331074,0.8462412871841334
300.0,-739.5877577622698,3.984803,40.343575,0.8459533261812642
300.0,-739.5934528316297,3.984482,40.368507,0.8456653658574027
300.0,-739.5936818556067,3.9843218,40.343575,0.8453774025479677
300.0,-739.5856317345108,3.9839609,40.356041,0.8450894423728744
300.0,-739.5919947913065,3.9833996,40.318607,0.8448014826167002
300.0,-739.5874901856267,3.9831591,40.343575,0.8445135217180129
300.0,-739.5956735709572,3.9829185,40.318607,0.8442255605295077
300.0,-739.5862043637446,3.9824774,40.306141,0.8439376001314595
300.0,-739.589693118443,3.9821568,40.256195,0.8436496412714404
300.0,-739.5866695107114,3.9817157,40.318607,0.8433616806922856
300.0,-739.5908116913303,3.9813149,40.331074,0.8430737213967506
300.0,-739.5922108545323,3.9811544,40.331074,0.8427857586600549
300.0,-739.6052184957298,3.980473,40.318607,0.8424977937552381
300.0,-739.5869175319391,3.9801521,40.356041,0.8422098330795155
300.0,-739.5895643947031,3.9797113,40.293633,0.841921874269615
300.0,-739.5858549393014,3.9796309,40.380974,0.8416339140076162
300.0,-739.5882409386861,3.9791498,40.331074,0.8413459528166206
300.0,-739.5906787807597,3.9786286,40.356041,0.8410579935728344
300.0,-739.5817946430258,3.9783881,40.356041,0.8407700348917259
300.0,-739.5918749542021,3.9781878,40.331074,0.8404820751822101
300.0,-739.5877700544089,3.9776666,40.306141,0.8401941141745549
300.0,-739.5921930224476,3.9775062,40.331074,0.8399061543411995
300.0,-739.5818141621183,3.9771051,40.318607,0.8396181956524912
300.0,-739.5924156796738,3.9769049,40.343575,0.8393302357324443
300.0,-739.5847608402365,3.9764237,40.306141,0.8390422758964368
300.0,-739.5964121002359,3.9759827,40.331074,0.8387543144203856
300.0,-739.585606270761,3.975662,40.356041,0.8384663542552069
300.0,-739.5971430125518,3.9753411,40.281166,0.8381783924945753
300.0,-739.5940369568906,3.9748602,40.331074,0.8378904290468804
300.0,-739.5915746636629,3.9745793,40.343575,0.8376024665578876
300.0,-739.597473910131,3.9742186,40.293633,0.8373145046684213
300.0,-739.5924849378123,3.9740582,40.318607,0.8370265418250102
300.0,-739.6000008527752,3.9736574,40.356041,0.8367385789516801
300.0,-739.597486074263,3.9730961,40.281166,0.8364506141610597
300.0,-739.6018073933326,3.9727352,40.356041,0.836162650584354
300.0,-739.5976839124032,3.9725347,40.318607,0.8358746857167044
300.0,-739.5957560542635,3.9721339,40.331074,0.8355867244960845
300.0,-739.5906900606612,3.9715726,40.306141,0.8352987623515149
300.0,-739.5968950745214,3.9713721,40.318607,0.835010800687418
300.0,-739.5882282433643,3.970891,40.343575,0.8347228395013653
300.0,-739.5969841494548,3.9705703,40.393482,0.834434877802587
300.0,-739.5867325838824,3.9704099,40.331074,0.8341469171988746
300.0,-739.5851867902721,3.9700892,40.306141,0.833858957197022
300.0,-739.5967484669546,3.9697282,40.331074,0.8335709955900066
300.0,-739.5936114215484,3.9692874,40.343575,0.8332830323079952
300.0,-739.594184732549,3.9689665,40.318607,0.8329950716991684
300.0,-739.5799118390742,3.9687259,40.281166,0.8327071137511362
300.0,-739.5895584986387,3.9683652,40.306141,0.832419154943531
300.0,-739.584722168502,3.9679642,40.293633,0.8321311951225805
300.0,-739.597003681022,3.9677236,40.318607,0.8318432334161977
300.0,-739.5859436590127,3.9672828,40.331074,0.8315552731196557
300.0,-739.5889152946874,3.9671223,40.293633,0.8312673145624819
300.0,-739.5856831382993,3.9665611,40.306141,0.8309793543673746
300.0,-739.5999691506535,3.9663606,40.356041,0.8306913915063876
300.0,-739.5942860771636,3.9659595,40.343575,0.8304034279616969
300.0,-739.5859432075871,3.9655988,40.343575,0.8301154676653307
300.0,-739.5984412249637,3.9653583,40.2687,0.8298275053992409
300.0,-739.5876995350687,3.9648771,40.318607,0.8295395444190427
300.0,-739.5944700732858,3.9645965,40.231262,0.8292515836991187
300.0,-739.5926318365841,3.9642358,40.368507,0.8289636207985119
300.0,-739.5998540133544,3.9641154,40.293633,0.8286756579823538
300.0,-739.5928603754,3.9636343,40.331074,0.8283876949927647
300.0,-739.6003944461434,3.9631131,40.293633,0.8280997319661894
300.0,-739.5927268434099,3.9627523,40.331074,0.8278117690285915
300.0,-739.6028703628056,3.9626319,40.2687,0.8275238050380191
300.0,-739.5891823772149,3.9624717,40.293633,0.8272358434804712
300.0,-739.5943751875707,3.9621511,40.368507,0.826947882797491
300.0,-739.5913913636882,3.96171,40.318607,0.8266599203798667
300.0,-739.5992938659516,3.9613893,40.2687,0.8263719548853764
300.0,-739.6096401751006,3.9610684,40.2687,0.8260839882589811
300.0,-739.5970161788349,3.9605472,40.306141,0.825796023651316
300.0,-739.603385905392,3.9602265,40.256195,0.8255080594600175
300.0,-739.6041935138538,3.9601061,40.293633,0.8252200920578325
300.0,-739.605568717118,3.9597054,40.231262,0.8249321270166574
300.0,-739.5933890350946,3.9593444,40.343575,0.824644163821233
300.0,-739.6055620646625,3.9592643,40.256195,0.824356198782648
300.0,-739.5986064790499,3.958703,40.2687,0.824068233555794
300.0,-739.6101372848692,3.9584625,40.318607,0.8237802667358495
300.0,-739.5986130954227,3.9583824,40.218758,0.8234923015064194
300.0,-739.6049386114963,3.9578612,40.293633,0.8232043367105756
300.0,-739.5953801145821,3.95734,40.206291,0.8229163727399176
300.0,-739.5855627041487,3.9570994,40.2687,0.8226284125917016
300.0,-739.6042637421045,3.9568589,40.281166,0.8223404480586178
300.0,-739.5902138422564,3.9566183,40.306141,0.8220524860994656
300.0,-739.6027941295353,3.9562974,40.318607,0.8217645221385744
300.0,-739.5943237840935,3.9560571,40.256195,0.8214765585792023
300.0,-739.6014959534465,3.955616,40.256195,0.8211885951237557
300.0,-739.5878591900415,3.9554555,40.231262,0.8209006340813952
300.0,-739.5903021553637,3.9550145,40.306141,0.8206126749842478
300.0,-739.5896854511458,3.9547338,40.281166,0.8203247132308265
300.0,-739.6011578169209,3.9544933,40.2687,0.820036749907033
300.0,-739.6009927107469,3.9539721,40.318607,0.8197487837510916
300.0,-739.6033086341495,3.9538119,40.318607,0.8194608195898786
300.0,-739.593623861025,3.9534509,40.231262,0.8191728563030238
300.0,-739.599458855359,3.9532907,40.243729,0.8188848907442944
300.0,-739.6070699461171,3.9528897,40.206291,0.8185969251186166
300.0,-739.5938086743804,3.9526091,40.243729,0.818308961759804
300.0,-739.5996129477646,3.9520879,40.243729,0.8180209990375046
300.0,-739.5992301578483,3.952208,40.231262,0.8177330335678192
300.0,-739.6037035830359,3.9518073,40.293633,0.817445069252833
300.0,-739.5931021588303,3.9511657,40.2687,0.8171571061691048
300.0,-739.5930453829272,3.9509251,40.218758,0.8168691460038834
300.0,-739.5826724340744,3.9508049,40.281166,0.8165811869810038
300.0,-739.5986576325631,3.9503639,40.206291,0.8162932246306558
300.0,-739.5928288082472,3.9500833,40.256195,0.8160052616533576
300.0,-739.6004591684055,3.9496422,40.281166,0.8157172986015827
300.0,-739.600426355889,3.9496422,40.206291,0.8154293326661535
300.0,-739.5942415698426,3.949522,40.206291,0.8151413691387916
300.0,-739.599580269727,3.9489608,40.231262,0.8148534064292154
300.0,-739.5921857568751,3.9485598,40.281166,0.8145654437022914
300.0,-739.5975571871747,3.9483593,40.256195,0.8142774817804014
300.0,-739.5955774156569,3.9480786,40.243729,0.8139895177329236
300.0,-739.5944076097093,3.947758,40.293633,0.8137015570373197
300.0,-739.5864907881739,3.9474373,40.18132,0.8134135965277511
300.0,-739.594280143108,3.9471967,40.18132,0.8131256358817762
300.0,-739.5927208496914,3.9467556,40.218758,0.8128376729465121
300.0,-739.5985559593829,3.9465151,40.193825,0.8125497106357507
300.0,-739.5893413366321,3.9462745,40.256195,0.8122617490163113
300.0,-739.6022279767901,3.9457934,40.206291,0.8119737852758516
300.0,-739.589131815808,3.9459138,40.206291,0.81168582373799
300.0,-739.5892589883962,3.9452722,40.18132,0.8113978621506133
300.0,-739.6014132506665,3.9450316,40.243729,0.8111098987273668
300.0,-739.5883813676041,3.944751,40.206291,0.8108219374816947
300.0,-739.5965898357118,3.9444704,40.293633,0.8105339759364424
300.0,-739.5865611249282,3.9440694,40.193825,0.8102460153994878
300.0,-739.5935477536681,3.9437888,40.256195,0.8099580550386686
300.0,-739.5906018286471,3.9437087,40.218758,0.8096700929284525
300.0,-739.5920400796134,3.9431474,40.18132,0.8093821331546452
300.0,-739.5866375162287,3.9427464,40.231262,0.8090941725879476
300.0,-739.5881586252224,3.9426663,40.256195,0.8088062143253825
300.0,-739.5721288796719,3.9421852,40.281166,0.8085182594076717
300.0,-739.5812100036167,3.9421051,40.156387,0.808230303850549
300.0,-739.5828705293902,3.9418244,40.2687,0.8079423447505404
300.0,-739.5862753632323,3.9415839,40.231262,0.8076543872212226
300.0,-739.5767928593135,3.9413033,40.231262,0.8073664304875755
300.0,-739.5797590935632,3.9409823,40.218758,0.807078472599015
300.0,-739.5938917010777,3.9406216,40.243729,0.8067905121042799
300.0,-739.590645688246,3.9403811,40.206291,0.8065025499769869
300.0,-739.5940441794872,3.9400604,40.131416,0.8062145894228845
300.0,-739.5843085232417,3.9398198,40.131416,0.8059266297629882
300.0,-739.5920653970478,3.9397395,40.193825,0.8056386699793235
300.0,-739.5909260093234,3.9392583,40.2687,0.8053507077428866
300.0,-739.6028834978675,3.9387774,40.206291,0.8050627437472002
300.0,-739.5915428031141,3.9386971,40.069046,0.8047747812706124
300.0,-739.5911621208347,3.9384165,40.193825,0.8044868218386381
300.0,-739.5884377397344,3.9380157,40.081512,0.8041988605710173
300.0,-739.5915123303539,3.9380157,40.193825,0.8039109010026889
300.0,-739.5815783106067,3.9376147,40.206291,0.8036229424058102
300.0,-739.5848613643897,3.9374142,40.218758,0.8033349825306633
300.0,-739.588579209038,3.936933,40.156387,0.803047024104344
300.0,-739.5825262802265,3.9367728,40.168854,0.8027590651383701
300.0,-739.5917346701362,3.9365323,40.168854,0.802471105483474
300.0,-739.5885841866202,3.9362113,40.243729,0.8021831441588336
300.0,-739.5950822228439,3.9361312,40.206291,0.8018951832005695
300.0,-739.575966080995,3.9355299,40.18132,0.8016072267888315
300.0,-739.5804907006373,3.9352493,40.168854,0.8013192715117688
300.0,-739.5735925447223,3.9352093,40.18132,0.801031316024175
300.0,-739.5862111050367,3.9347682,40.156387,0.8007433585198761
300.0,-739.5779834667161,3.9345677,40.18132,0.800455401322662
300.0,-739.5788485772412,3.934247,40.131416,0.8001674466849594
300.0,-739.5711500269954,3.9339261,40.143883,0.7998794921483682
300.0,-739.5687563731227,3.9334452,40.193825,0.7995915385437542
300.0,-739.5872034079399,3.9334853,40.131416,0.7993035806531026
300.0,-739.5839900795175,3.9332447,40.143883,0.7990156211171934
300.0,-739.5851418122163,3.9328036,40.18132,0.7987276640292229
300.0,-739.5674461134813,3.9325631,40.18132,0.7984397109347632
300.0,-739.5807965126362,3.9324429,40.256195,0.7981517555386328
300.0,-739.579344861869,3.9320819,40.231262,0.797863797811355
300.0,-739.5931473487389,3.9318814,40.156387,0.797575837606433
300.0,-739.5795616820365,3.9315207,40.218758,0.7972878797947355
300.0,-739.5853013347573,3.93116,40.156387,0.7969999226446551
300.0,-739.5847665404567,3.9309595,40.218758,0.7967119628064282
300.0,-739.5910605088411,3.9306788,40.11895,0.7964240034140163
300.0,-739.586490617508,3.9304383,40.193825,0.7961360429045142
300.0,-739.5962656694452,3.9303982,40.143883,0.7958480785890624
300.0,-739.5954573469687,3.929877,40.156387,0.7955601174847439
300.0,-739.591779337852,3.9295161,40.143883,0.7952721549160606
300.0,-739.5992498599011,3.9293959,40.093979,0.7949841923351293
300.0,-739.5858353956526,3.929075,40.131416,0.7946962320807398
300.0,-739.5957753662036,3.9289148,40.168854,0.7944082708526008
300.0,-739.5841747341783,3.9285138,40.18132,0.7941203112447957
300.0,-739.5937959606432,3.9285941,40.143883,0.793832350787337
300.0,-739.5817815325498,3.9279125,40.156387,0.7935443921113331
300.0,-739.5925679515531,3.9278724,40.131416,0.7932564321319994
300.0,-739.5823613149661,3.9275115,40.18132,0.7929684732302551
300.0,-739.5990077930717,3.9274313,40.106445,0.7926805107435724
300.0,-739.5879991797609,3.9269903,40.093979,0.7923925496467064
300.0,-739.5796635860459,3.9269502,40.081512,0.792104591795332
300.0,-739.5824253543477,3.9263489,40.156387,0.7918166357650132
300.0,-739.5780219065475,3.9262285,40.143883,0.7915286785528323
300.0,-739.5854160936819,3.9258277,40.11895,0.7912407213580704
300.0,-739.5737962058129,3.9258678,40.106445,0.7909527657911806
300.0,-739.5831702438597,3.9252262,40.168854,0.7906648094708393
300.0,-739.5805786452862,3.9248655,40.143883,0.7903768512631837
300.0,-739.5892338506862,3.9249856,40.11895,0.7900888925819802
300.0,-739.5822917600213,3.9245849,40.106445,0.7898009337073174
300.0,-739.5857532290188,3.9244244,40.093979,0.7895129763812923
300.0,-739.5724472499319,3.9239833,40.143883,0.7892250213396229
300.0,-739.5813318182347,3.9237027,40.131416,0.7889370657350717
300.0,-739.5780018992461,3.9237428,40.231262,0.7886491085306809
300.0,-739.5751139491741,3.9234221,40.218758,0.788361152450723
300.0,-739.5906905725817,3.9230213,40.168854,0.7880731932023458
300.0,-739.5696034031795,3.9226604,40.168854,0.7877852392679378
300.0,-739.577239596512,3.9221392,40.156387,0.7874972852566909
300.0,-739.578218267988,3.9223797,40.168854,0.7872093279680562
300.0,-739.5839774258202,3.9218986,40.156387,0.786921371333439
300.0,-739.5846326544986,3.922019,40.143883,0.786633411547341
300.0,-739.5912511104854,3.9214575,40.056538,0.7863454520807186
300.0,-739.5883872395134,3.9211769,40.106445,0.7860574908327603
300.0,-739.5918996859642,3.9211369,40.106445,0.7857695311136152
300.0,-739.5822473506695,3.9210167,40.131416,0.7854815722562435
300.0,-739.5908629491153,3.9203751,40.168854,0.7851936129407514
300.0,-739.584638746084,3.9200544,40.168854,0.7849056531522817
300.0,-739.5808535216306,3.9201345,40.168854,0.7846176948376018
300.0,-739.5907985448085,3.9195333,40.156387,0.7843297355471855
300.0,-739.5812856974925,3.9195333,40.168854,0.7840417770642368
300.0,-739.5879803652608,3.9192126,40.206291,0.7837538188710772
300.0,-739.5877440903256,3.918972,40.093979,0.7834658578735312
300.0,-739.6049448246976,3.9187715,40.18132,0.7831778930752682
300.0,-739.5931728618818,3.9183304,40.093979,0.7828899299640114
300.0,-739.5986839508791,3.9180498,40.131416,0.7826019676034166
300.0,-739.5922890037017,3.9177291,40.093979,0.7823140048362931
300.0,-739.6028504899543,3.9174886,40.069046,0.7820260408534583
300.0,-739.5975826802118,3.9174485,40.168854,0.7817380760252238
300.0,-739.6010760417624,3.9170074,40.131416,0.7814501127332695
300.0,-739.594718398777,3.9171276,40.156387,0.7811621490202528
300.0,-739.6007575432801,3.9167669,40.093979,0.7808741829558746
300.0,-739.6132808563799,3.9164462,40.131416,0.7805862149119821
300.0,-739.5980656003222,3.9162457,40.143883,0.7802982498957213
300.0,-739.6078412150295,3.915885,40.11895,0.7800102839697501
300.0,-739.6000896631929,3.915524,40.106445,0.7797223181654135
300.0,-739.6044610454708,3.9153636,40.131416,0.7794343535555097
300.0,-739.5928475335081,3.9150829,40.056538,0.7791463905709208
300.0,-739.5966474533209,3.9149628,40.143883,0.778858429003235
300.0,-739.5959720918845,3.9144816,40.093979,0.7785704648020886
300.0,-739.6001151843657,3.914201,40.156387,0.7782825018842436
300.0,-739.5892148113055,3.9140406,40.106445,0.7779945403140673
300.0,-739.5944078904718,3.9140005,40.231262,0.7777065796183542
300.0,-739.5937318067911,3.9133992,40.044071,0.7774186162894705
300.0,-739.5918935707325,3.9135194,40.11895,0.7771306536763103
300.0,-739.5968825619665,3.9130783,40.11895,0.776842692017085
300.0,-739.5921800317916,3.9129581,40.081512,0.7765547292923901
300.0,-739.5994723951122,3.9127576,40.131416,0.7762667666248148
300.0,-739.6011446022634,3.9123969,40.069046,0.7759788004097339
300.0,-739.5924086852181,3.9122765,40.093979,0.7756908404924103
300.0,-739.5890554122292,3.9118357,40.131416,0.7754028789842966
300.0,-739.5966091722084,3.9115951,40.081512,0.7751149174315157
300.0,-739.5910086749489,3.9113946,40.081512,0.7748269551628925
300.0,-739.5930324555723,3.911114,40.131416,0.7745389950027043
300.0,-739.5927716793753,3.9108734,40.156387,0.7742510320476494
300.0,-739.5950820150346,3.9105928,40.093979,0.7739630710894662
300.0,-739.5848680297726,3.9104323,40.081512,0.773675111211724
300.0,-739.5895205956723,3.9101918,40.131416,0.7733871495224897
300.0,-739.5904748612099,3.9098711,40.11895,0.7730991903580995
300.0,-739.5872102916234,3.9097106,40.131416,0.7728112295683897
300.0,-739.6049954964011,3.9093099,40.11895,0.7725232647503978
300.0,-739.5929240350048,3.9092295,40.056538,0.7722353017360227
300.0,-739.6011335369983,3.9087887,40.069046,0.7719473384216826
300.0,-739.5995797536224,3.9087083,40.156387,0.7716593728158809
300.0,-739.5975696015037,3.9083877,40.093979,0.7713714108891572
300.0,-739.5979190312692,3.9082675,40.056538,0.7710834459299634
300.0,-739.5987726356201,3.907706,40.206291,0.7707954835348391
300.0,-739.5879800514707,3.9078665,40.093979,0.7705075224454208
300.0,-739.5939106461028,3.9075458,40.093979,0.7702195619433094
300.0,-739.5857974810178,3.9071448,40.131416,0.7699316017036824
300.0,-739.5943941817778,3.9071448,40.106445,0.7696436381169006
300.0,-739.6053717924844,3.9068241,40.106445,0.769355673152398
300.0,-739.591733818251,3.9065835,40.031605,0.7690677106014379
300.0,-739.5877639208778,3.906343,40.143883,0.7687797524925508
300.0,-739.5893925816234,3.9060624,40.081512,0.7684917908531591
300.0,-739.5949229809629,3.9059823,40.106445,0.7682038299568958
300.0,-739.592491736771,3.9055812,40.131416,0.7679158671108375
300.0,-739.6018779505237,3.9053807,40.093979,0.7676279035066604
300.0,-739.588959551102,3.9051802,40.131416,0.7673399420358706
300.0,-739.6004778694005,3.9047794,40.143883,0.7670519789768143
300.0,-739.5916136404063,3.9044588,40.156387,0.7667640164726458
300.0,-739.6011584274568,3.9044185,40.069046,0.7664760531486147
300.0,-739.5899906498462,3.9041779,40.031605,0.7661880912763631
300.0,-739.5930580551014,3.9040177,40.056538,0.7659001282098068
300.0,-739.593497106521,3.9036167,40.11895,0.765612167868707
300.0,-739.5821191652385,3.9034162,40.069046,0.7653242090612445
300.0,-739.586694896951,3.9030955,40.044071,0.7650362513685814
300.0,-739.5883109335458,3.9029753,40.11895,0.7647482901503331
300.0,-739.5889795895131,3.9027348,40.106445,0.7644603315681261
300.0,-739.5719768660905,3.9026144,40.069046,0.7641723767096024
300.0,-739.5970413397298,3.9023337,40.069046,0.7638844149885571
300.0,-739.5877446396693,3.9020932,40.093979,0.7635964539907971
300.0,-739.6048433350771,3.901933,40.11895,0.7633084892320492
300.0,-739.5929948596097,3.9015319,40.156387,0.7630205261900982
300.0,-739.592434796134,3.9012914,40.056538,0.7627325662626083
300.0,-739.589131681874,3.9009707,40.093979,0.7624446047247989
300.0,-739.5778562209707,3.9005697,40.081512,0.7621566475771283
300.0,-739.5841177347496,3.9007301,40.031605,0.7618686908878819
300.0,-739.5799429422676,3.900249,40.106445,0.7615807329277394
300.0,-739.5874521275317,3.8999684,40.069046,0.7612927749402489
300.0,-739.5842325224877,3.9000084,40.044071,0.7610048153099437
300.0,-739.5868609255295,3.8995674,40.044071,0.7607168575526374
300.0,-739.5871967906008,3.8994071,40.11895,0.7604288967681844
300.0,-739.5893482682754,3.8987656,40.081512,0.7601409380424325
300.0,-739.5837357838628,3.898926,40.069046,0.7598529786055341
300.0,-739.5963224025397,3.8985651,40.093979,0.7595650171644068
300.0,-739.5878203353119,3.8986855,40.093979,0.7592770561371746
300.0,-739.5961442764109,3.8984048,40.156387,0.7589890947654006
300.0,-739.5987650968796,3.8980038,40.081512,0.7587011294767881
300.0,-739.5985107519077,3.8978837,40.081512,0.7584131642872058
300.0,-739.6010758096013,3.8977633,40.093979,0.758125200995342
300.0,-739.5948390284566,3.8974025,40.056538,0.7578372372353577
300.0,-739.6009933753056,3.8970015,40.093979,0.7575492739755894
300.0,-739.5957304911935,3.8968413,40.081512,0.7572613098685111
300.0,-739.5900741269169,3.8966808,40.069046,0.7569733508601466
300.0,-739.5909318437846,3.8964403,40.143883,0.756685388621438
300.0,-739.6019919036884,3.8960392,40.093979,0.7563974249728932
300.0,-739.5932356912809,3.8959191,40.18132,0.7561094618371738
300.0,-739.5961389178779,3.8959191,40.081512,0.755821500467486
300.0,-739.5886418645288,3.895438,40.056538,0.7555335391203886
300.0,-739.5955649641496,3.8951573,40.093979,0.7552455779741692
300.0,-739.5928735102276,3.8950772,40.106445,0.7549576149794663
300.0,-739.6004974131947,3.894556,40.056538,0.7546696519128007
300.0,-739.5936815625689,3.8945158,40.093979,0.7543816886034796
300.0,-739.5855936855841,3.8942754,40.093979,0.754093728443201
300.0,-739.5917285180193,3.894155,40.093979,0.7538057687907002
300.0,-739.5797205558138,3.8937943,40.019104,0.7535178109171445
300.0,-739.5944576831553,3.8933132,40.044071,0.7532298502020446
300.0,-739.5844031512362,3.8934333,40.044071,0.7529418905053046
300.0,-739.589233265014,3.8930726,40.093979,0.7526539318243292
300.0,-739.5912381782111,3.8930326,40.11895,0.7523659694663482
300.0,-739.5991351622655,3.8927116,39.994171,0.7520780069300742
300.0,-739.5880945770821,3.8923509,40.044071,0.7517900457960649
300.0,-739.5924601747549,3.892431,40.044071,0.7515020858586938
300.0,-739.5906141942503,3.8922305,40.056538,0.7512141237436633
300.0,-739.5955714953575,3.8919902,40.143883,0.7509261625949011
300.0,-739.5827175389819,3.8915091,39.981663,0.7506382035544599
300.0,-739.5729567689558,3.8911881,40.081512,0.7503502483144077
300.0,-739.586014717167,3.8911481,40.11895,0.7500622908865721
300.0,-739.5838811324708,3.8907874,40.056538,0.7497743313930818
300.0,-739.5923394708065,3.8905869,40.106445,0.7494863715027069
300.0,-739.5844868178355,3.8904264,40.069046,0.749198411773391
300.0,-739.5926569652487,3.8900657,40.056538,0.7489104517593996
300.0,-739.5855174898126,3.8900657,40.044071,0.7486224916287879
300.0,-739.592384197486,3.8899052,40.093979,0.7483345317209986
300.0,-739.5781616398588,3.8894644,40.031605,0.7480465744544124
300.0,-739.5868925052782,3.8892639,40.056538,0.7477586166848104
300.0,-739.5702000920576,3.8891034,40.044071,0.7474706625180797
300.0,-739.577283419922,3.8888628,40.056538,0.7471827084897702
300.0,-739.5761059975572,3.8886623,40.11895,0.746894752023555
300.0,-739.5777284143198,3.8883817,40.081512,0.7466067949256465
300.0,-739.5819861066786,3.8881011,39.994171,0.7463188390663483
300.0,-739.5777728352335,3.8879006,40.031605,0.7460308819511442
300.0,-739.5907542818375,3.8878605,40.056538,0.7457429226779617
300.0,-739.5869684346267,3.8873394,40.056538,0.74545496198242
300.0,-739.5984160298514,3.8872592,40.069046,0.7451669997261399
300.0,-739.5926183352547,3.8871388,40.031605,0.7448790368307899
300.0,-739.6018517664498,3.8868182,40.019104,0.7445910732368076
300.0,-739.5944762857814,3.886658,40.019104,0.7443031096180585
300.0,-739.6035383598079,3.886658,40.069046,0.7440151453674019
300.0,-739.5898763560866,3.8860564,40.106445,0.743727183539651
300.0,-739.599287543063,3.8861768,40.081512,0.7434392209440477
300.0,-739.5882535606463,3.8858159,39.981663,0.7431512597481376
300.0,-739.591473284492,3.8856556,40.081512,0.7428632972986171
300.0,-739.6038508983411,3.8852546,40.019104,0.7425753329262738
300.0,-739.5978559211104,3.8851745,40.056538,0.7422873679916522
300.0,-739.6014579040859,3.884974,40.056538,0.74199940455102
300.0,-739.5924407848174,3.8845329,40.093979,0.7417114417247999
300.0,-739.6002168085353,3.884573,40.106445,0.7414234787673876
300.0,-739.5905062116499,3.8843324,40.056538,0.7411355166944003
300.0,-739.5973790857047,3.8842123,40.031605,0.7408475548418538
300.0,-739.5891188763048,3.8838112,40.056538,0.7405595933090302
300.0,-739.5991034967738,3.8834105,40.056538,0.7402716307850853
300.0,-739.5981549922096,3.8835306,40.044071,0.7399836657340193
300.0,-739.6034364547735,3.8830898,40.069046,0.7396957015230393
300.0,-739.6029585340872,3.8830094,40.069046,0.7394077346016981
300.0,-739.5995357229483,3.8827689,40.069046,0.7391197690130399
300.0,-739.6064334559103,3.8825283,40.031605,0.738831803635179
300.0,-739.600686669972,3.8822477,40.006638,0.7385438375983958
300.0,-739.6110731779845,3.8820472,40.056538,0.7382558704140617
300.0,-739.6044031076816,3.8820071,40.044071,0.7379679029302706
300.0,-739.606198359543,3.8817666,40.044071,0.7376799376439446
300.0,-739.5914418148478,3.8812454,40.031605,0.737391975206677
300.0,-739.5966659714725,3.8812854,40.081512,0.7371040136317811
300.0,-739.5948712792962,3.8810048,40.11895,0.73681604985924
300.0,-739.5940003563843,3.8808446,40.031605,0.7365280893221999
300.0,-739.5947311676141,3.8806441,40.044071,0.7362401256042116
300.0,-739.6026285279327,3.880203,40.019104,0.7359521617077978
300.0,-739.5991979681946,3.8802431,40.069046,0.7356641962506455
300.0,-739.5940565734408,3.8800428,40.031605,0.7353762327953126
300.0,-739.6066313694542,3.8795214,40.056538,0.7350882673403945
300.0,-739.6016037308531,3.8797219,40.069046,0.7348003009465502
300.0,-739.6123957323243,3.8791606,40.019104,0.7345123332472803
300.0,-739.6077695589682,3.8791206,40.019104,0.7342243644527502
300.0,-739.6025080807019,3.8791206,40.019104,0.7339364006032322
300.0,-739.593000474804,3.8783989,40.081512,0.733648437559095
300.0,-739.6035955132992,3.8785193,40.056538,0.7333604732861858
300.0,-739.5952915288046,3.8784389,40.106445,0.733072509350019
300.0,-739.6110535617487,3.8778377,40.11895,0.7327845421733225
300.0,-739.5963093826275,3.8775971,40.069046,0.7324965778408508
300.0,-739.6104747136051,3.877557,40.006638,0.7322086108895284
300.0,-739.5944071942334,3.8773966,40.056538,0.7319206472976802
300.0,-739.5949348895838,3.8772361,40.031605,0.7316326835003721
300.0,-739.6023360461174,3.8769958,40.044071,0.7313447197178358
300.0,-739.59229455771,3.8768754,40.006638,0.7310567569485499
300.0,-739.5979073356096,3.8767953,40.056538,0.7307687948903296
300.0,-739.5907355924379,3.8764744,40.056538,0.730480832728032
300.0,-739.6008783478968,3.8761537,40.11895,0.7301928695130497
300.0,-739.5887438293148,3.8757126,40.056538,0.7299049081262519
300.0,-739.594795624559,3.8757529,40.056538,0.7296169472795747
300.0,-739.57817421286,3.8755124,40.069046,0.729328990008093
300.0,-739.5790270698756,3.8753119,40.031605,0.7290410353008943
300.0,-739.5781164004037,3.8751915,40.044071,0.728753078051922
300.0,-739.5898067303749,3.8749108,40.044071,0.7284651191476682
300.0,-739.5826290870871,3.8745902,40.069046,0.7281771601416659
300.0,-739.5874261109192,3.8743095,40.031605,0.7278891992679263
300.0,-739.5864023049385,3.8743896,40.056538,0.7276012416891837
300.0,-739.5805032425791,3.874109,39.994171,0.7273132835108863
300.0,-739.5831693650443,3.8739085,39.95673,0.7270253271908871
300.0,-739.5838694505543,3.8735077,40.006638,0.7267373677019453
300.0,-739.5824313966767,3.8733873,40.019104,0.7264494116692738
300.0,-739.5860893986787,3.8733473,40.069046,0.7261614513159875
300.0,-739.5921103191561,3.8729866,40.006638,0.7258734915148327
300.0,-739.5826031718606,3.8730266,40.019104,0.7255855325189206
300.0,-739.5876243089435,3.8724654,40.006638,0.7252975744643915
300.0,-739.5870382465935,3.8725054,40.006638,0.725009613741668
300.0,-739.5992243835658,3.8721848,40.031605,0.7247216511706558
300.0,-739.5865734048914,3.8721445,40.106445,0.7244336906289202
300.0,-739.5888380672744,3.8716636,40.044071,0.7241457292054304
300.0,-739.5864274392223,3.8713827,40.069046,0.7238577716169019
300.0,-739.5884000814054,3.8715031,39.994171,0.7235698103639435
300.0,-739.5902523011355,3.8712225,40.031605,0.7232818512862068
300.0,-739.5775001318098,3.8708215,40.019104,0.7229938942771809
300.0,-739.5830811318358,3.8705409,40.019104,0.7227059379915353
300.0,-739.5783077452082,3.8703806,40.031605,0.7224179806680623
300.0,-739.5903157051745,3.8703403,40.106445,0.7221300215656393
300.0,-739.5768696288825,3.8701801,40.044071,0.7218420648021018
300.0,-739.5882220414373,3.8700197,40.006638,0.7215541065148458
300.0,-739.5814958526863,3.869699,40.081512,0.7212661479500722
300.0,-739.587974127503,3.8693783,40.044071,0.7209781897593412
300.0,-739.5900095463869,3.8693783,40.081512,0.7206902278797321
300.0,-739.5814642732553,3.8688972,40.019104,0.7204022693272544
300.0,-739.5921353195048,3.8689373,40.031605,0.7201143095163653
300.0,-739.5868158475546,3.8686566,39.994171,0.7198263488802339
300.0,-739.5904114818298,3.8683357,40.006638,0.7195383897405204
300.0,-739.5851542223501,3.868376,39.994171,0.7192504297513482
300.0,-739.5988994307036,3.8680151,40.044071,0.7189624673068563
300.0,-739.5826412331165,3.8679349,40.069046,0.718674508296125
300.0,-739.5903658397048,3.8676944,40.044071,0.7183865491741822
300.0,-739.5815018099286,3.8675339,40.019104,0.7180985906070894
300.0,-739.5893224255369,3.8670931,40.006638,0.7178106318913993
300.0,-739.5819283214837,3.8670528,39.944225,0.7175226731582425
300.0,-739.5978561390112,3.8668122,40.044071,0.7172347111199556
300.0,-739.5981676018405,3.8665719,40.031605,0.71694674606398
300.0,-739.5921543603881,3.866652,40.044071,0.7166587833492805
300.0,-739.6027683850226,3.8660104,40.056538,0.7163708193984131
300.0,-739.5855619351802,3.8659704,40.056538,0.7160828592504965
300.0,-739.5971239205458,3.8656096,40.031605,0.7157948974972985
300.0,-739.590334373711,3.8654892,40.044071,0.7155069354912169
300.0,-739.5886676129142,3.8652887,40.031605,0.7152189770304779
300.0,-739.5818133924337,3.865329,40.093979,0.7149310183420691
300.0,-739.5951456508254,3.8650081,40.031605,0.7146430573591094
300.0,-739.5958001689196,3.8646874,40.056538,0.7143550932249018
300.0,-739.6071339235502,3.8644068,40.069046,0.7140671275743143
300.0,-739.5972443518651,3.8644869,40.093979,0.7137791628778092
300.0,-739.6016609446157,3.8642867,40.044071,0.7134911993581233
300.0,-739.5906903172739,3.8641262,40.006638,0.7132032372134538
300.0,-739.5763993919693,3.8637652,40.031605,0.7129152806330046
300.0,-739.5952022917,3.8637252,40.019104,0.7126273196279918
300.0,-739.5825009506663,3.8634045,40.019104,0.71233936067188
300.0,-739.589927714472,3.863204,40.106445,0.712051401720521
300.0,-739.5886733100259,3.8629634,40.093979,0.7117634403611801
300.0,-739.5929241421125,3.8628433,40.019104,0.7114754802431635
300.0,-739.5772194443327,3.8627229,40.019104,0.7111875233434242
300.0,-739.580402369919,3.8624022,40.069046,0.7108995681007533
300.0,-739.5753554148057,3.8622017,40.006638,0.71061161192678
300.0,-739.5777292966155,3.8620415,40.019104,0.7103236577248687
300.0,-739.5687879280998,3.8619211,40.069046,0.7100357041079688
300.0,-739.5762396399647,3.8615203,40.081512,0.7097477504860544
300.0,-739.5738346334686,3.8613999,40.031605,0.7094597949042026
300.0,-739.5775757416079,3.8613598,40.106445,0.7091718378657376
300.0,-739.5871974509447,3.8611593,39.994171,0.7088838799774053
300.0,-739.5829916100861,3.8607585,40.031605,0.7085959208302537
300.0,-739.5895519189318,3.8607986,40.044071,0.7083079620252105
300.0,-739.5803061243971,3.8604376,40.031605,0.7080200039236617
300.0,-739.5805731230639,3.8602374,40.056538,0.707732048614508
300.0,-739.5720723124218,3.8600769,40.006638,0.707444093718822
300.0,-739.5882919634851,3.8599164,40.044071,0.7071561354043417
300.0,-739.579052163115,3.8598363,40.019104,0.7068681777910271
300.0,-739.5892460580244,3.8594756,40.069046,0.7065802191050706
300.0,-739.5790079250429,3.859195,39.981663,0.7062922615089802
300.0,-739.5857981511272,3.8589544,39.969196,0.7060043041654647
300.0,-739.5765648212403,3.858834,40.093979,0.705716347520605
300.0,-739.5682347690507,3.8586736,39.95673,0.7054283941190793
300.0,-739.5802483894707,3.8584733,40.044071,0.7051404389363606
300.0,-739.5765895401686,3.8584733,40.056538,0.7048524822818764
300.0,-739.5872929106166,3.8579922,40.006638,0.704564524356377
300.0,-739.5787341955773,3.8577116,40.019104,0.7042765668668641
300.0,-739.583824678824,3.8577917,40.106445,0.7039886102917189
300.0,-739.5678587087065,3.8575511,40.031605,0.7037006570366137
300.0,-739.5812797918315,3.8571904,40.019104,0.7034127014523188
300.0,-739.5623679997567,3.8569098,40.069046,0.7031247503350398
300.0,-739.5778313229999,3.8569098,40.081512,0.7028367960934044
300.0,-739.5662052010797,3.8566289,40.069046,0.702548843482098
300.0,-739.5736628680069,3.8565888,40.006638,0.7022608908634486
300.0,-739.56587391618,3.856148,40.069046,0.7019729383811291
300.0,-739.5683684598891,3.8561881,39.994171,0.7016849849275504
300.0,-739.5701056837053,3.8559074,40.006638,0.7013970336938888
300.0,-739.5670137907936,3.8555465,40.006638,0.7011090807677554
300.0,-739.5718234660568,3.8553059,40.019104,0.7008211288652759
300.0,-739.5649068184746,3.8552659,40.069046,0.7005331767594992
300.0,-739.5799183584288,3.8552258,39.994171,0.7002452217052778
300.0,-739.5715243049657,3.8548648,40.056538,0.6999572670229602
300.0,-739.5828964263071,3.8546245,40.019104,0.6996693108092296
300.0,-739.5698574179722,3.8545842,40.019104,0.6993813567759202
300.0,-739.5741019941213,3.8543036,40.056538,0.6990934039862972
300.0,-739.5701189646762,3.8541834,40.031605,0.6988054498511537
300.0,-739.5745857124684,3.8539429,39.981663,0.6985174968731951
300.0,-739.5701821113624,3.8538628,40.019104,0.6982295427134652
300.0,-739.578690007185,3.8537023,40.069046,0.6979415881375016
300.0,-739.5790651389408,3.8536623,40.006638,0.6976536305191349
300.0,-739.5733126142937,3.8533413,40.044071,0.6973656751405329
300.0,-739.5822466425466,3.8529005,40.069046,0.6970777191797953
300.0,-739.5698249112361,3.8528605,40.044071,0.6967897651591425
300.0,-739.5778940066128,3.85274,40.031605,0.6965018108931014
300.0,-739.5628896035216,3.8525796,40.006638,0.6962138595727341
300.0,-739.576062478599,3.8522589,40.006638,0.6959259060197975
300.0,-739.5683176054443,3.8519783,40.081512,0.6956379525860192
300.0,-739.5717151281428,3.8520184,40.019104,0.6953500007257213
300.0,-739.5610893432839,3.8514972,40.019104,0.6950620501062914
300.0,-739.5719004932179,3.8516977,40.056538,0.6947740981738216
300.0,-739.5547251394003,3.851377,39.931759,0.6944861500323162
300.0,-739.5746872755536,3.851337,40.006638,0.6941981970148142
300.0,-739.5672610185476,3.850976,40.019104,0.6939102439924216
300.0,-739.5635895273575,3.8508558,39.994171,0.6936222923995367
300.0,-739.5711491460653,3.8506553,40.156387,0.6933343407596035
300.0,-739.5662684697286,3.8503346,40.044071,0.6930463881236633
300.0,-739.5739300812961,3.8502543,40.093979,0.6927584354009744
300.0,-739.5677828916126,3.8499336,39.994171,0.6924704821753888
300.0,-739.5695015909781,3.8500137,39.994171,0.6921825311769303
300.0,-739.5614902568997,3.8497331,40.031605,0.6918945804014034
300.0,-739.5778688967831,3.8495326,40.031605,0.6916066261451388
300.0,-739.572428047973,3.8494525,39.969196,0.6913186711109459
300.0,-739.572478437785,3.8490114,40.019104,0.6910307189534537
300.0,-739.5717345699463,3.8490114,40.056538,0.6907427641892687
300.0,-739.5784165806944,3.8485706,39.994171,0.6904548097197636
300.0,-739.5670004608462,3.8484902,40.056538,0.6901668567988202
300.0,-739.5649071478351,3.8484101,40.019104,0.6898789046929151
300.0,-739.5656262524833,3.8481295,40.056538,0.6895909552033177
300.0,-739.554465240727,3.8481295,40.044071,0.6893030071630046
300.0,-739.5695522134664,3.8478088,40.106445,0.6890150561448364
300.0,-739.571219264653,3.8478088,40.056538,0.6887271015812872
300.0,-739.5769275101252,3.8476884,40.031605,0.6884391476915511
300.0,-739.566688584894,3.8474479,40.081512,0.6881511948920376
300.0,-739.5767494206265,3.8471673,39.981663,0.6878632410716404
300.0,-739.5721618872532,3.8468866,40.056538,0.6875752861410781
300.0,-739.5786193158028,3.8468065,39.944225,0.6872873315926381
300.0,-739.5753239332927,3.8464859,40.031605,0.6869993754309224
300.0,-739.5820940294856,3.846205,40.019104,0.6867114195296047
300.0,-739.5705255176332,3.846205,39.95673,0.6864234652361683
300.0,-739.5683300692725,3.8458443,40.069046,0.6861355117975373
300.0,-739.5784483311106,3.8458042,39.981663,0.6858475573156702
300.0,-739.572141758296,3.8454432,40.044071,0.685559602392945
300.0,-739.5819480814653,3.8454835,39.981663,0.6852716465484521
300.0,-739.5679922166008,3.845283,40.044071,0.6849836932413651
300.0,-739.5675602592326,3.8450825,40.081512,0.6846957429987631
300.0,-739.5593515952605,3.8450024,39.994171,0.6844077930559314
300.0,-739.5770350909829,3.844882,40.044071,0.6841198391243086
300.0,-739.5746044297409,3.8444812,40.056538,0.683831883242734
300.0,-739.5777478267383,3.8445213,39.95673,0.6835439290336079
300.0,-739.566682163948,3.8440802,40.019104,0.6832559762365944
300.0,-739.5704050745913,3.8441203,40.081512,0.6829680248863651
300.0,-739.5605163724625,3.8437195,40.093979,0.6826800744900234
300.0,-739.5614266343339,3.8436792,40.006638,0.6823921237392682
300.0,-739.5752922347156,3.8433585,40.056538,0.6821041704862256
300.0,-739.5599429256594,3.8433185,40.044071,0.6818162203131574
300.0,-739.5794920253248,3.8429577,40.056538,0.6815282654249285
300.0,-739.5684826323,3.8428373,40.044071,0.6812403119268965
300.0,-739.5848179453649,3.8427572,40.106445,0.6809523549650235
300.0,-739.5675855412719,3.8423963,39.981663,0.680664401816277
300.0,-739.574833223881,3.842236,40.044071,0.68037644874195
300.0,-739.5763737453266,3.842236,39.994171,0.6800884921714864
300.0,-739.5856510435289,3.8418751,40.006638,0.679800534885247
300.0,-739.570881656009,3.8418751,40.056538,0.6795125804531471
300.0,-739.5769851885115,3.8414743,40.006638,0.6792246265409538
300.0,-739.567891289316,3.8413939,40.081512,0.6789366732731631
300.0,-739.5696353123803,3.8413939,40.019104,0.6786487193263313
300.0,-739.5793516925553,3.8410733,40.069046,0.6783607644927409
300.0,-739.568431863188,3.8409131,39.994171,0.6780728110144761
300.0,-739.574146464697,3.8409932,40.044071,0.6777848582075385
300.0,-739.5743567744014,3.840472,40.056538,0.6774969024223894
300.0,-739.5758837419345,3.8405921,40.006638,0.6772089489390437
300.0,-739.5687118543933,3.8401513,40.031605,0.6769209953517633
300.0,-739.5745800240597,3.8399107,39.994171,0.6766330423760196
300.0,-739.5787149821588,3.8395898,39.969196,0.6763450848939875
300.0,-739.5945659720585,3.8397503,40.019104,0.6760571241367254
300.0,-739.5857151937632,3.8395097,40.056538,0.6757691639291371
300.0,-739.5948461982412,3.8391087,39.95673,0.675481203062769
300.0,-739.584142178432,3.8389485,39.969196,0.6751932434676396
300.0,-739.5822213010998,3.838748,40.006638,0.6749052846204103
300.0,-739.5844489740732,3.8388684,40.006638,0.6746173278021961
300.0,-739.5675475286168,3.8385475,40.031605,0.6743293746682498
300.0,-739.5854481493149,3.838347,40.019104,0.6740414174610072
300.0,-739.575233406293,3.8379862,40.006638,0.6737534613345385
300.0,-739.5883561853575,3.8379862,40.019104,0.6734655029950536
300.0,-739.5865282998817,3.8380263,40.006638,0.6731775424708797
300.0,-739.600554176545,3.8377457,40.019104,0.6728895793821134
300.0,-739.5893349887409,3.837465,40.006638,0.6726016177651456
300.0,-739.5857978703646,3.837425,40.11895,0.6723136604217393
300.0,-739.5784801440526,3.8372245,39.981663,0.6720257030311422
300.0,-739.587662224062,3.837024,40.019104,0.6717377449618508
300.0,-739.574451292916,3.8367834,40.056538,0.6714497891399004
300.0,-739.5795105839733,3.8365428,40.081512,0.671161831348098
300.0,-739.5852499544968,3.8363426,40.031605,0.6708738742180226
300.0,-739.5832464432157,3.8362622,40.069046,0.6705859149716507
300.0,-739.5916073989638,3.8361421,40.156387,0.6702979553663074
300.0,-739.5757561331992,3.8359015,39.969196,0.6700099990363131
300.0,-739.5844674799465,3.8356609,39.981663,0.6697220422108937
300.0,-739.5794400760416,3.835741,40.056538,0.6694340844465438
300.0,-739.5840925756022,3.8351798,40.006638,0.669146127767093
300.0,-739.577868819142,3.8351398,40.006638,0.6688581706145174
300.0,-739.5824123539372,3.8348992,39.994171,0.6685702145892601
300.0,-739.5811141042975,3.8348591,39.95673,0.6682822561731216
300.0,-739.5834437682693,3.8345385,40.006638,0.6679942997462838
300.0,-739.5733189617756,3.8344581,40.069046,0.6677063443652105
300.0,-739.5847086066517,3.8343379,39.981663,0.6674183845495403
300.0,-739.5893731829834,3.834017,40.044071,0.6671304258140879
300.0,-739.5738597307676,3.834017,40.031605,0.6668424702224643
300.0,-739.5790271061987,3.8339369,39.994171,0.6665545155152516
300.0,-739.5686613909044,3.8335361,40.019104,0.6662665619476194
300.0,-739.5756229130258,3.8334959,40.044071,0.6659786085658274
300.0,-739.5643788420575,3.8333356,39.944225,0.66569065666562
300.0,-739.571040857162,3.8331351,39.994171,0.665402705067849
300.0,-739.5675858220317,3.8330951,40.019104,0.6651147519189932
300.0,-739.5690937757188,3.8325739,39.994171,0.6648268010793174
300.0,-739.5729116154474,3.832654,39.981663,0.6645388458568458
300.0,-739.5805347069931,3.8322933,40.031605,0.6642508905626494
300.0,-739.5722433810341,3.8322532,40.019104,0.663962935600357
300.0,-739.5691318597718,3.8320928,39.994171,0.6636749818495461
300.0,-739.5722567082315,3.8318923,40.006638,0.6633870297783842
300.0,-739.5685214501951,3.8317318,40.006638,0.6630990762652383
300.0,-739.574719575626,3.8316517,39.994171,0.6628111232351602
300.0,-739.5739426286541,3.8314111,40.031605,0.6625231676112602
300.0,-739.5889598747442,3.8312106,40.006638,0.6622352090367292
300.0,-739.5824316272664,3.8310103,40.069046,0.6619472501076087
300.0,-739.5771820400895,3.8308899,40.056538,0.6616592961187713
300.0,-739.5650217958186,3.8307297,40.031605,0.6613713439682278
300.0,-739.572752609258,3.8303287,40.019104,0.6610833917039871
300.0,-739.5744837881925,3.8301682,40.044071,0.6607954358693846
300.0,-739.5723075139725,3.8302486,40.006638,0.6605074837784416
300.0,-739.5703345885454,3.8298876,40.056538,0.660219529559344
300.0,-739.5709716096203,3.8298476,40.031605,0.6599315750922203
300.0,-739.5825526381054,3.8294868,40.006638,0.6596436190123435
300.0,-739.5725742512403,3.8294065,40.106445,0.6593556639212258
300.0,-739.5862803557714,3.8292463,39.994171,0.659067706389964
300.0,-739.5785311205624,3.8290858,40.106445,0.6587797489795191
300.0,-739.5826219990373,3.8291259,40.019104,0.6584917928726366
300.0,-739.5867719266673,3.8287251,40.056538,0.6582038322536058
300.0,-739.5935545778143,3.8283241,40.044071,0.6579158718901296
300.0,-739.5844226337503,3.828244,40.044071,0.6576279121858037
300.0,-739.5929052207229,3.8282039,39.981663,0.6573399520751544
300.0,-739.5859432079964,3.8280835,40.056538,0.657051991778788
300.0,-739.5891577272039,3.8277228,40.019104,0.6567640331272232
300.0,-739.5831754226724,3.8275623,40.019104,0.6564760739085035
300.0,-739.5913588201689,3.8276827,40.031605,0.65618811150355
300.0,-739.5932807477789,3.8272417,39.994171,0.6559001512466893
300.0,-739.5887753721162,3.8271613,40.031605,0.6556121898476103
300.0,-739.598912175215,3.8268807,40.006638,0.6553242273981562
300.0,-739.5965829899258,3.8267205,40.006638,0.6550362629591546
300.0,-739.6093294678676,3.8267205,40.031605,0.6547482964537331
300.0,-739.5949287004896,3.8266001,40.056538,0.6544603326588347
300.0,-739.6045943347227,3.8261592,40.106445,0.6541723679970349
300.0,-739.6011648414167,3.8260789,40.069046,0.6538844017740739
300.0,-739.6020313202316,3.8259187,40.044071,0.6535964381101824
300.0,-739.5901051757645,3.8260388,40.019104,0.6533084761933398
300.0,-739.5969718082325,3.8255978,40.044071,0.6530205144993666
300.0,-739.5893041660514,3.8255577,40.019104,0.6527325528943997
300.0,-739.5985614231015,3.8254375,40.056538,0.6524445876850885
300.0,-739.5960549455273,3.8251166,40.056538,0.6521566263480953
300.0,-739.5878589455023,3.825197,40.056538,0.65186866530583
300.0,-739.5936435185567,3.824796,40.081512,0.6515807049077247
300.0,-739.589863343631,3.8247559,40.056538,0.6512927430850403
300.0,-739.5915435313187,3.8245955,40.019104,0.6510047835045638
300.0,-739.5730456845542,3.8242748,40.031605,0.650716828229892
300.0,-739.5800191280324,3.8242347,40.019104,0.6504288731364359
300.0,-739.5793772955503,3.8240342,40.006638,0.6501409153965299
300.0,-739.5856263978168,3.8237135,40.019104,0.6498529581198863
300.0,-739.576284292151,3.8236334,40.044071,0.6495650015842516
300.0,-739.5861924284958,3.8235531,40.019104,0.6492770440872243
300.0,-739.5816231714865,3.8231924,39.981663,0.6489890854728788
300.0,-739.58525058422,3.8229918,39.994171,0.6487011254461877
300.0,-739.5893735486706,3.8230319,39.95673,0.648413166710593
300.0,-739.5808090395309,3.8228314,40.069046,0.6481252084132325
300.0,-739.5870324844343,3.8225911,40.019104,0.6478372505891298
300.0,-739.5784857104413,3.8223906,40.106445,0.6475492931963654
300.0,-739.584206626379,3.8222702,39.969196,0.6472613364725092
300.0,-739.5776401819988,3.8219495,40.069046,0.646973379408954
300.0,-739.5897232095568,3.8221099,39.981663,0.646685420537219
300.0,-739.5772642681734,3.8218694,40.069046,0.6463974636200274
300.0,-739.5864278546363,3.8215084,40.031605,0.646109506031337
300.0,-739.5753307933861,3.8215485,40.081512,0.6458215498669503
300.0,-739.588081940522,3.8213882,40.019104,0.6455335916342424
300.0,-739.5806939888251,3.8212278,40.044071,0.6452456333816773
300.0,-739.5896733553798,3.8210273,39.969196,0.6449576745293529
300.0,-739.5773718241092,3.8207867,40.081512,0.6446697175702839
300.0,-739.5800512793987,3.8205864,40.031605,0.64438175956796
300.0,-739.5959084232944,3.820426,40.031605,0.6440937982880152
300.0,-739.5873561528427,3.8203459,40.006638,0.6438058374415139
300.0,-739.5992564397103,3.8199849,39.969196,0.6435178748580207
300.0,-739.5892652257843,3.8199048,40.044071,0.6432299132682153
300.0,-739.596665837128,3.8198247,40.006638,0.6429419516933719
300.0,-739.5965511664671,3.8195841,39.931759,0.6426539872667608
300.0,-739.596118409525,3.8196642,40.031605,0.6423660259050581
300.0,-739.5821193608699,3.8192232,40.044071,0.6420780670975195
300.0,-739.5924156065671,3.8191831,39.994171,0.6417901071775011
300.0,-739.5875347652352,3.8188624,40.093979,0.6415021462614565
300.0,-739.5914223392077,3.8189425,40.093979,0.6412141867281662
300.0,-739.5843586084621,3.8185818,40.006638,0.640926227048769
300.0,-739.5943048632523,3.8185818,40.019104,0.6406382634967638
300.0,-739.593217918157,3.8183813,40.031605,0.6403503032643657
300.0,-739.5916646285804,3.8181007,40.044071,0.6400623407403448
300.0,-739.5983468890071,3.8179002,40.031605,0.6397743785109846
300.0,-739.5956857160561,3.8176196,40.069046,0.6394864144213397
300.0,-739.5893229631193,3.8176196,40.081512,0.6391984557054404
300.0,-739.5822907098327,3.8174191,39.944225,0.6389104968311865
300.0,-739.5899716356986,3.8170984,39.994171,0.6386225378627269
300.0,-739.5878394880561,3.8171785,40.11895,0.6383345768280374
300.0,-739.5986061552021,3.8173389,40.106445,0.6380466144977321
300.0,-739.5840601719372,3.8170583,40.006638,0.6377586549345322
300.0,-739.5823420535149,3.8166573,39.969196,0.6374706989366464
300.0,-739.5735294834714,3.8165371,40.131416,0.6371827434736058
300.0,-739.5792247574884,3.8162565,40.081512,0.6368947857930909
300.0,-739.5874016019394,3.8162565,40.056538,0.6366068278252726
300.0,-739.5755272281883,3.8161361,39.994171,0.6363188715844033
300.0,-739.5787534842794,3.8159356,40.044071,0.6360309169837249
300.0,-739.5773528422355,3.8158555,40.006638,0.6357429600320466
300.0,-739.5843970449752,3.8155348,40.031605,0.6354550032340509
300.0,-739.5735992950289,3.8152943,40.019104,0.6351670477438289
300.0,-739.5828453031735,3.8155348,40.031605,0.6348790915500031
300.0,-739.5756221376588,3.8151338,40.069046,0.6345911352721805
300.0,-739.5814002145058,3.8148932,39.95673,0.6343031796409992
300.0,-739.5645367154749,3.8146527,40.006638,0.6340152276793233
300.0,-739.5822533567003,3.8146126,40.006638,0.6337272717159715
300.0,-739.573453055234,3.8141716,40.044071,0.6334393162826885
300.0,-739.5714556162424,3.8141716,40.031605,0.6331513616271152
300.0,-739.5804718164917,3.8140914,40.031605,0.6328634063574051
300.0,-739.5715503053206,3.8139713,39.981663,0.6325754516649642
300.0,-739.5758578875316,3.8137708,40.044071,0.6322874981916851
300.0,-739.5683433135799,3.8135703,40.069046,0.6319995447478972
300.0,-739.5800644411005,3.8133698,40.031605,0.6317115896367986
300.0,-739.5714224497618,3.8130891,40.106445,0.6314236349941387
300.0,-739.5783392361406,3.812969,39.981663,0.6311356805547478
300.0,-739.573700686529,3.8127685,40.019104,0.6308477250250486
300.0,-739.5763663249533,3.8128886,40.006638,0.6305597713538096
300.0,-739.579618774074,3.8126884,40.019104,0.630271813519883
300.0,-739.5875088415643,3.8124878,40.044071,0.629983855510311
300.0,-739.5767361336756,3.8122473,39.969196,0.6296958987987502
300.0,-739.5713780045987,3.8118863,40.031605,0.6294079441733952
300.0,-739.5754382559961,3.8119266,39.981663,0.6291199908634993
300.0,-739.5612350213547,3.8117261,40.019104,0.6288320401873492
300.0,-739.5693038476926,3.8116457,39.969196,0.628544089265882
300.0,-739.565345927587,3.8114054,40.031605,0.6282561369891366
300.0,-739.5759539697106,3.8113251,39.981663,0.6279681834784479
300.0,-739.5651546319973,3.8110845,40.006638,0.6276802312761841
300.0,-739.5759912133113,3.8108439,40.044071,0.6273922777509946
300.0,-739.5766914810123,3.8107238,39.994171,0.6271043210568195
300.0,-739.5746171456967,3.8105233,39.981663,0.6268163680666224
300.0,-739.5669938446781,3.8105233,40.019104,0.626528415148255
300.0,-739.5709841914239,3.8102827,40.031605,0.6262404635725468
300.0,-739.5638315182881,3.8102827,40.093979,0.6259525118854419
300.0,-739.564760908245,3.8098819,40.081512,0.6256645598364757
300.0,-739.567071133137,3.8098016,39.969196,0.6253766097843148
300.0,-739.5710536526426,3.8097215,40.006638,0.6250886552852473
300.0,-739.576660223371,3.8098819,40.069046,0.6248007014995791
300.0,-739.5672924518689,3.8093204,40.056538,0.6245127484649479
300.0,-739.5694634800217,3.8092804,40.019104,0.6242247974813279
300.0,-739.5629599402758,3.8090799,40.031605,0.6239368461335748
300.0,-739.5694500036245,3.8087993,40.044071,0.6236488951552018
300.0,-739.5765136492014,3.8088796,40.031605,0.6233609385302662
300.0,-739.5776595448261,3.8085988,40.081512,0.6230729843555126
300.0,-739.572192258517,3.808238,40.081512,0.6227850294131251
300.0,-739.5796954448431,3.8082781,39.969196,0.6224970744456949
300.0,-739.5824757922836,3.8082781,39.994171,0.6222091154993786
300.0,-739.5777861406247,3.8078773,39.981663,0.6219211583789941
300.0,-739.5830037267093,3.8075564,40.069046,0.6216332021234862
300.0,-739.5892016034231,3.8075564,40.044071,0.6213452405584524
300.0,-739.5893929828815,3.8076367,40.006638,0.621057281815291
300.0,-739.5876043327651,3.8073158,40.044071,0.6207693208721601
300.0,-739.5906209921761,3.8075163,40.069046,0.6204813616508738
300.0,-739.5828768039196,3.8070753,40.031605,0.6201934025484223
300.0,-739.5776082506156,3.8069952,40.131416,0.61990544839364
300.0,-739.5764564229231,3.8067145,40.006638,0.6196174917909857
300.0,-739.5769027174834,3.8066344,40.019104,0.6193295379109025
300.0,-739.5733252238223,3.806474,40.044071,0.619041582527391
300.0,-739.5806692295948,3.8061533,40.044071,0.6187536271808183
300.0,-739.5753932685615,3.8060329,39.994171,0.6184656709921067
300.0,-739.5679934378646,3.8057523,40.019104,0.6181777176845441
300.0,-739.5715813258648,3.8058326,39.994171,0.617889765876342
300.0,-739.5663899047506,3.8055921,40.044071,0.6176018131931206
300.0,-739.5736444232178,3.8055518,40.069046,0.6173138605816526
300.0,-739.5681518714713,3.8053515,40.031605,0.6170259072124035
300.0,-739.577028816902,3.8051109,40.031605,0.6167379532832235
300.0,-739.5565839438704,3.8049905,39.969196,0.6164500044179863
300.0,-739.5671215001354,3.8049905,40.056538,0.6161620543462148
300.0,-739.5612481435971,3.80475,39.994171,0.6158741036649557
300.0,-739.564340759617,3.8045497,40.081512,0.6155861546758642
300.0,-739.5605160425904,3.8043892,40.044071,0.6152982042796509
300.0,-739.567674750082,3.8041887,40.069046,0.615010253992472
300.0,-739.5556163216845,3.8039081,40.069046,0.6147223055039817
300.0,-739.5553679340572,3.803828,40.031605,0.614434357112202
300.0,-739.5581935340535,3.8041086,40.093979,0.6141464105165295
300.0,-739.5565393280414,3.8037076,40.044071,0.6138584616686635
300.0,-739.5663706651901,3.8033469,40.044071,0.6135705118892294
300.0,-739.5592432704074,3.8030663,40.044071,0.6132825619885743
300.0,-739.5684063945395,3.8031063,40.031605,0.61299461141653
300.0,-739.5543635075882,3.8028257,40.019104,0.6127066634158271
300.0,-739.5707302838642,3.8027053,40.069046,0.6124187119389778
300.0,-739.5598995173837,3.8025451,40.031605,0.6121307617828107
300.0,-739.5694631749074,3.8025851,40.031605,0.6118428107993095
300.0,-739.5568574783183,3.8023446,40.106445,0.6115548618275707
300.0,-739.5750059780729,3.8022242,40.081512,0.611266908685982
300.0,-739.5593890340158,3.8019836,40.081512,0.6109789587285733
300.0,-739.5576531048937,3.8020239,40.019104,0.6106910094470546
300.0,-739.5652509205491,3.801703,40.093979,0.6104030601035924
300.0,-739.5608659070507,3.801743,40.056538,0.6101151095711582
300.0,-739.5768503972208,3.8015828,40.069046,0.6098271557114459
300.0,-739.5602105023536,3.8011818,40.044071,0.6095392054341957
300.0,-739.5677577704593,3.8012621,40.056538,0.6092512551146929
300.0,-739.5587722151573,3.8008211,40.056538,0.6089633053974448
300.0,-739.5625012597479,3.800781,40.044071,0.6086753571245617
300.0,-739.5541401327456,3.8006606,40.093979,0.6083874092108305
300.0,-739.5603127712264,3.80042,40.044071,0.6080994617900342
300.0,-739.5540578083496,3.8003399,40.056538,0.6078115139083563
300.0,-739.5611965406847,3.8003399,40.044071,0.6075235661434649
300.0,-739.5556165173159,3.8000193,40.056538,0.6072356176548984
300.0,-739.5503542124296,3.7996984,39.994171,0.6069476712152282
300.0,-739.5611016550207,3.7994981,40.081512,0.6066597234872804
300.0,-739.5506337889414,3.7996583,40.044071,0.6063717769387561
300.0,-739.5654161310896,3.7995782,40.069046,0.6060838275309693
300.0,-739.5542803421409,3.7992976,39.95673,0.6057958795626472
300.0,-739.5616236300261,3.7991772,40.093979,0.6055079316314688
300.0,-739.5558523683671,3.799057,40.044071,0.6052199830510728
300.0,-739.5596450309419,3.7988966,40.11895,0.6049320358902609
300.0,-739.5559728140795,3.7984958,40.056538,0.604644087262969
300.0,-739.5692343288829,3.7984958,40.056538,0.604356136368569
300.0,-739.5556159801481,3.7983353,40.069046,0.6040681878802117
300.0,-739.5633730538245,3.7981348,40.093979,0.6037802392678959
300.0,-739.5642131935197,3.7980947,40.131416,0.6034922874321844
300.0,-739.5587983874059,3.7980146,40.006638,0.603204337704746
300.0,-739.5704494959518,3.7978542,40.056538,0.6029163863372212
300.0,-739.5740064833786,3.797333,40.056538,0.6026284306884591
300.0,-739.5717224644966,3.7975335,39.981663,0.6023404788253047
300.0,-739.565021380818,3.7970924,40.056538,0.6020525266749227
300.0,-739.5825202159668,3.7972529,40.093979,0.6017645706076694
300.0,-739.5709134800816,3.7968919,40.081512,0.6014766161631786
300.0,-739.5816742766002,3.7967718,40.081512,0.6011886604252914
300.0,-739.5769778436418,3.7967718,40.093979,0.60090070361962
300.0,-739.5729694436799,3.7966514,40.106445,0.6006127512709549
300.0,-739.5709909458201,3.7963307,40.044071,0.6003247967963026
300.0,-739.5748526448928,3.7962506,40.069046,0.600036843714414
300.0,-739.5648370188882,3.79601,40.168854,0.599748891635814
300.0,-739.5703346253797,3.7960501,40.056538,0.5994609374167023
300.0,-739.5673120280079,3.7955689,40.044071,0.599172987270749
300.0,-739.5622982246242,3.795609,40.056538,0.598885036180637
300.0,-739.5705896334973,3.795609,40.093979,0.5985970847585498
300.0,-739.565836623739,3.7955289,40.031605,0.5983091322907502
300.0,-739.5736051041844,3.7950077,39.981663,0.5980211796945911
300.0,-739.559847637818,3.7950478,40.056538,0.5977332295586235
300.0,-739.5772263392815,3.7947671,40.106445,0.5974452755525383
300.0,-739.5752286334803,3.7947271,40.156387,0.5971573194279278
300.0,-739.5871280293377,3.7945666,40.056538,0.5968693615666248
300.0,-739.5643979583766,3.7943261,40.081512,0.5965814096589745
300.0,-739.5827562032232,3.7943261,40.106445,0.5962934534998398
300.0,-739.5787086953513,3.7940855,39.994171,0.5960054960202553
300.0,-739.5824762803389,3.7939253,40.093979,0.595717537073749
300.0,-739.5867140134624,3.7935643,40.031605,0.5954295793736429
300.0,-739.5795678339892,3.7936044,40.081512,0.59514162155955
300.0,-739.5851745885822,3.7935643,40.044071,0.5948536644588182
300.0,-739.576106131798,3.7934442,40.044071,0.5945657079925507
300.0,-739.5806557525838,3.7932036,40.069046,0.5942777526512253
300.0,-739.574114588351,3.792963,40.131416,0.5939897969603721
300.0,-739.5822216790326,3.7930031,40.044071,0.5937018410093541
300.0,-739.5693611555339,3.7930431,40.11895,0.593413887169266
300.0,-739.5751324560707,3.7926824,40.031605,0.5931259339784332
300.0,-739.5752153278845,3.792522,40.11895,0.5928379778590033
300.0,-739.5789954289403,3.7923617,40.019104,0.5925500231641241
300.0,-739.578924807685,3.7922413,40.044071,0.5922620656003956
300.0,-739.5852563454216,3.7919607,40.056538,0.5919741055714615
300.0,-739.5928352864993,3.7918806,40.081512,0.5916861454880409
300.0,-739.5829467982165,3.7918806,40.093979,0.5913981863583369
300.0,-739.5858039008247,3.7917602,40.093979,0.5911102290125826
300.0,-739.5760233318296,3.7916,40.031605,0.5908222725785536
300.0,-739.584906959879,3.7911189,40.081512,0.5905343155820229
300.0,-739.5822725582669,3.7911589,40.006638,0.5902463567148364
300.0,-739.5943627241287,3.7909584,40.019104,0.5899583960367087
300.0,-739.5788749908438,3.7908783,40.093979,0.5896704384923767
300.0,-739.5825847182948,3.7909184,40.044071,0.5893824824000095
300.0,-739.5732298874824,3.7904773,40.031605,0.5890945270536175
300.0,-739.5776084098235,3.7904372,40.168854,0.5888065728987735
300.0,-739.5776012419362,3.7902367,40.131416,0.5885186158503798
300.0,-739.5802490001088,3.7902768,40.093979,0.5882306606674232
300.0,-739.5728226140044,3.7901566,40.044071,0.5879427054796047
300.0,-739.5745979970285,3.789916,40.093979,0.5876547496005347
300.0,-739.5700422791547,3.7897155,40.069046,0.5873667983915596
300.0,-739.5641112898172,3.7897556,40.056538,0.5870788465955246
300.0,-739.5711181523982,3.789515,40.106445,0.5867908949676588
300.0,-739.5658739647808,3.7893548,40.081512,0.5865029424853203
300.0,-739.5726580043566,3.7891543,40.031605,0.586214990257914
300.0,-739.5636219002622,3.7888336,40.081512,0.5859270386524245
300.0,-739.5750817598107,3.7886732,40.106445,0.5856390854813303
300.0,-739.5664406248524,3.7887132,40.106445,0.5853511327783607
300.0,-739.572849081476,3.788553,40.11895,0.5850631804765586
300.0,-739.5794480355386,3.7883124,40.106445,0.5847752227091096
300.0,-739.5781997094377,3.7882724,40.069046,0.5844872683240433
300.0,-739.5699975780504,3.7882321,40.069046,0.5841993142361621
300.0,-739.5718872671122,3.7880719,40.143883,0.5839113594125239
300.0,-739.5797776837101,3.7876709,40.069046,0.5836234044130741
300.0,-739.5757368099938,3.7877109,40.081512,0.5833354480906034
300.0,-739.5848176037227,3.7875106,40.093979,0.5830474911288634
300.0,-739.5805798538627,3.7874303,40.131416,0.5827595329207372
300.0,-739.5857026061213,3.7873101,40.11895,0.582471575614422
300.0,-739.5799113999778,3.7872701,40.081512,0.5821836176665606
300.0,-739.5857023863408,3.7871497,40.093979,0.5818956603603309
300.0,-739.5762526400745,3.7867489,40.056538,0.58160770383702
300.0,-739.5859498120102,3.7866685,40.081512,0.5813197464344553
300.0,-739.5887943661655,3.7863879,40.081512,0.5810317850279808
300.0,-739.5940633940199,3.7865484,40.106445,0.5807438244663972
300.0,-739.5797838855462,3.7863078,40.11895,0.5804558665681838
300.0,-739.5788364168739,3.7860272,40.131416,0.5801679090388707
300.0,-739.5802296274937,3.7860272,40.081512,0.5798799538634569
300.0,-739.5763090846457,3.7859068,40.143883,0.5795919973181691
300.0,-739.5783015288314,3.785506,40.093979,0.5793040428934595
300.0,-739.5771307727618,3.7854257,40.106445,0.5790160860282446
300.0,-739.5796005835309,3.7854257,40.069046,0.5787281310977487
300.0,-739.570105549396,3.7853055,40.11895,0.5784401769678285
300.0,-739.5845889160877,3.7852254,40.044071,0.5781522200951278
300.0,-739.5790078022617,3.7850249,40.11895,0.5778642624990852
300.0,-739.5921927788269,3.7849445,40.093979,0.5775763026658246
300.0,-739.5805734815176,3.784704,40.069046,0.5772883444601794
300.0,-739.5907231042013,3.7845037,40.081512,0.577000385199136
300.0,-739.5828514133781,3.7845438,40.18132,0.5767124261065703
300.0,-739.5853651338762,3.7841027,40.093979,0.576424466035279
300.0,-739.5966849657129,3.7840626,40.168854,0.5761365044529878
300.0,-739.58598159892,3.7841427,40.156387,0.5758485441416737
300.0,-739.5913779666532,3.783742,40.168854,0.57556058462566
300.0,-739.5830933308446,3.7838221,40.081512,0.5752726254389029
300.0,-739.5930830537086,3.783421,40.093979,0.5749846652590143
300.0,-739.5906210551623,3.783381,40.069046,0.5746967031413122
300.0,-739.5956097642941,3.7831805,40.056538,0.5744087419776501
300.0,-739.5812544967392,3.7832208,40.081512,0.5741207835068494
300.0,-739.5869433352688,3.7831004,40.056538,0.5738328257174569
300.0,-739.5811779219831,3.7828197,40.11895,0.5735448672764708
300.0,-739.5899015795111,3.7826192,40.069046,0.5732569083352875
300.0,-739.5885458078725,3.7826996,40.093979,0.57296894702559
300.0,-739.5883481649031,3.782459,40.056538,0.5726809857928454
300.0,-739.5979896845715,3.7821381,40.156387,0.5723930237025627
300.0,-739.5884960401437,3.7821381,40.131416,0.5721050624122425
300.0,-739.5937775036782,3.7819779,40.069046,0.5718171019619701
300.0,-739.5892210243419,3.7819378,40.11895,0.5715291403893747
300.0,-739.590004106541,3.7818975,40.056538,0.5712411814082726
300.0,-739.5773470072629,3.7812963,40.106445,0.5709532244588661
300.0,-739.5925620431592,3.7815368,40.168854,0.5706652644818327
300.0,-739.5803640830653,3.7812562,40.081512,0.5703773063577176
300.0,-739.5952149749226,3.7809355,40.106445,0.5700893453477665
300.0,-739.5889787528563,3.7809355,40.056538,0.5698013838695004
300.0,-739.6032522128509,3.7808952,40.18132,0.569513419730255
300.0,-739.5887938050554,3.780695,40.106445,0.569225458323999
300.0,-739.5901627806182,3.7805345,40.143883,0.5689374963847277
300.0,-739.597900829163,3.7805345,40.11895,0.5686495343290406
300.0,-739.583201154648,3.7802138,40.18132,0.568361575100302
300.0,-739.5863326636533,3.7799332,40.18132,0.5680736175486742
300.0,-739.5836975392535,3.7800934,40.156387,0.5677856581266666
300.0,-739.590112163897,3.7798529,40.106445,0.5674976991034925
300.0,-739.5853713476288,3.7795722,40.131416,0.5672097390297818
300.0,-739.595431662824,3.7796123,40.106445,0.5669217779354634
300.0,-739.5895953881568,3.7793717,40.11895,0.5666338162171083
300.0,-739.5993580389141,3.7790911,40.069046,0.5663458535940574
300.0,-739.5837102106843,3.7790911,40.131416,0.5660578941671162
300.0,-739.5842263041084,3.779011,40.156387,0.5657699374355983
300.0,-739.5870886492033,3.7788908,40.106445,0.5654819766932505
300.0,-739.5934266693789,3.7788506,40.131416,0.5651940134831731
300.0,-739.6044868875955,3.7787304,40.131416,0.5649060488632077
300.0,-739.5878084456906,3.7784097,40.143883,0.5646180878406046
300.0,-739.5947382509801,3.7782092,40.093979,0.5643301270162658
300.0,-739.5841750030692,3.7783294,40.11895,0.5640421674083561
300.0,-739.5927020090139,3.7779686,40.156387,0.563754207376827
300.0,-739.5941206846758,3.7778485,40.168854,0.5634662438965323
300.0,-739.6040919029999,3.7777281,40.156387,0.5631782794303539
300.0,-739.5943557296682,3.7774074,40.143883,0.5628903158585438
300.0,-739.6001017811265,3.7771668,40.11895,0.5626023529459172
300.0,-739.599758121578,3.777287,40.131416,0.5623143872706674
300.0,-739.6088131933443,3.7771668,40.156387,0.5620264209662571
300.0,-739.5997389445845,3.7772069,40.069046,0.5617384552984739
300.0,-739.5936490801844,3.7770464,40.106445,0.5614504920018
300.0,-739.5970792547458,3.7770064,40.156387,0.5611625302659926
300.0,-739.5934392301019,3.7767258,40.143883,0.5608745670510246
300.0,-739.6021389259528,3.7766056,40.11895,0.5605866033452368
300.0,-739.5896535907505,3.7762847,40.093979,0.5602986416042203
300.0,-739.6033983442263,3.776325,40.143883,0.5600106774080787
300.0,-739.5978624395651,3.7761245,40.11895,0.5597227124709191
300.0,-739.6055174356974,3.7760441,40.11895,0.5594347474497103
300.0,-739.594336625525,3.775924,40.131416,0.5591467838853383
300.0,-739.6021704325436,3.7758839,40.106445,0.5588588201672835
300.0,-739.600674597202,3.7755229,40.131416,0.5585708541352008
300.0,-739.6071594119592,3.7753627,40.031605,0.5582828884746894
300.0,-739.5979317992878,3.7752423,40.168854,0.5579949235105244
300.0,-739.6003755138247,3.7750821,40.056538,0.5577069575948908
300.0,-739.6107416707905,3.7749217,40.069046,0.5574189905396287
300.0,-739.6075535686996,3.7751222,40.106445,0.557131021829195
300.0,-739.6067137675291,3.7748816,40.18132,0.5568430563421952
300.0,-739.60211260282,3.7745206,40.081512,0.5565550897502201
300.0,-739.6127328925247,3.7742801,40.131416,0.556267121919677
300.0,-739.6034611439051,3.77424,40.131416,0.5559791548026428
300.0,-739.6068352775443,3.7740798,40.131416,0.555691189268333
300.0,-739.5866753692683,3.7737992,40.056538,0.5554032286868972
300.0,-739.6022787706621,3.7738793,40.11895,0.555115264926661
300.0,-739.5911101512703,3.7738392,40.069046,0.5548273026185276
300.0,-739.5946680480674,3.7737992,40.11895,0.5545393418215223
300.0,-739.5865734905314,3.7735183,40.093979,0.5542513812797533
300.0,-739.5864975266117,3.7731576,40.193825,0.553963420767561
300.0,-739.5931406591417,3.773278,40.18132,0.5536754605652437
300.0,-739.5876555654784,3.7731175,40.131416,0.5533874996021652
300.0,-739.5959978403304,3.7730775,40.143883,0.5530995382874059
300.0,-739.584893529794,3.7727566,40.131416,0.5528115783997353
300.0,-739.600134203265,3.7725964,40.131416,0.5525236154744853
300.0,-739.586802493051,3.7723958,40.206291,0.5522356548435533
300.0,-739.6026538458786,3.7722757,40.093979,0.5519476909372818
300.0,-739.6042632523054,3.7724359,40.093979,0.551659723507944
300.0,-739.6095008675644,3.7722354,40.131416,0.5513717569357881
300.0,-739.5963474687467,3.7721553,40.168854,0.5510837925884875
300.0,-739.6062615188356,3.7720351,40.11895,0.5507958272775704
300.0,-739.600960411204,3.7719147,40.231262,0.550507861134205
300.0,-739.6033660516952,3.7715139,40.168854,0.5502198940541952
300.0,-739.6075917876991,3.771594,40.131416,0.5499319282253387
300.0,-739.6074956345875,3.7715139,40.18132,0.5496439595374618
300.0,-739.6190330237807,3.7712331,40.131416,0.549355989253966
300.0,-739.601507503224,3.7709928,40.156387,0.5490680228975884
300.0,-739.6200060517833,3.771153,40.168854,0.5487800522352446
300.0,-739.6093793049141,3.7708323,40.131416,0.5484920828139543
300.0,-739.6222526213153,3.7707119,40.243729,0.5482041112769098
300.0,-739.6119120941534,3.7705517,40.11895,0.5479161408694695
300.0,-739.6327965380767,3.7703512,40.131416,0.5476281652271565
300.0,-739.6246637192348,3.7702711,40.218758,0.5473401898548277
300.0,-739.6290551851127,3.7701106,40.206291,0.5470522156692085
300.0,-739.6197445407804,3.7700305,40.18132,0.5467642422121786
300.0,-739.6194144023502,3.7699502,40.131416,0.546476268883689
300.0,-739.6280239905612,3.7695494,40.156387,0.5461882950995649
300.0,-739.6143493626764,3.76983,40.106445,0.5459003237431659
300.0,-739.6164622459598,3.7695093,40.218758,0.545612354460601
300.0,-739.6119242273932,3.7693088,40.106445,0.5453243840484365
300.0,-739.6190582803355,3.7693489,40.168854,0.545036413755107
300.0,-739.6053326443621,3.7689078,40.131416,0.5447484459093977
300.0,-739.6193767878352,3.7688677,40.193825,0.5444604754920576
300.0,-739.6083169199813,3.7686272,40.143883,0.5441725064844104
300.0,-739.6102830861133,3.7688277,40.131416,0.5438845396076982
300.0,-739.5962270711236,3.7686672,40.18132,0.5435965753072748
300.0,-739.599675997781,3.7684669,40.218758,0.5433086125604268
300.0,-739.5993316829754,3.7682264,40.168854,0.5430206470512123
300.0,-739.592816381458,3.768507,40.206291,0.5427326840787525
300.0,-739.6085720420627,3.7683465,40.143883,0.5424447178682343
300.0,-739.6071773619386,3.7679055,40.11895,0.542156749304278
300.0,-739.5998292945355,3.7678654,40.193825,0.5418687864977442
300.0,-739.596169405084,3.7675848,40.143883,0.5415808222197732
300.0,-739.6011710378283,3.7675447,40.106445,0.5412928588908322
300.0,-739.5915433279014,3.7672641,40.143883,0.5410048964140401
300.0,-739.6078713666135,3.7674243,40.143883,0.5407169304763296
300.0,-739.5925809703729,3.7670236,40.168854,0.5404289675955279
300.0,-739.6004135380471,3.766783,40.168854,0.540141004561519
300.0,-739.5952342407264,3.7671037,40.206291,0.5398530406476575
300.0,-739.5949406447533,3.7668231,40.18132,0.5395650797445168
300.0,-739.584377761104,3.7664223,40.11895,0.5392771200576625
300.0,-739.5848368161273,3.7665424,40.168854,0.5389891601920735
300.0,-739.5972581622826,3.7661414,40.218758,0.5387011983866086
300.0,-739.5861089418671,3.7661817,40.168854,0.5384132380257131
300.0,-739.5982636486445,3.7662218,40.218758,0.5381252758287626
300.0,-739.5904875713127,3.7659812,40.11895,0.5378373137630329
300.0,-739.5966471112695,3.7657006,40.156387,0.5375493521954803
300.0,-739.591829911537,3.7659011,40.256195,0.5372613896071059
300.0,-739.5916329115199,3.7655001,40.193825,0.5369734299918294
300.0,-739.5824055534474,3.7656202,40.143883,0.5366854710728608
300.0,-739.5838502891969,3.7652595,40.193825,0.5363975144877442
300.0,-739.5676754334927,3.765099,40.143883,0.5361095613039978
300.0,-739.5806816803492,3.7650189,40.231262,0.5358216059525774
300.0,-739.5739996473297,3.7649388,40.218758,0.5355336503064769
300.0,-739.5840353119136,3.7649789,40.156387,0.5352456936493218
300.0,-739.5842000522789,3.7648184,40.243729,0.534957734031659
300.0,-739.5817568010365,3.7647383,40.143883,0.5346697753652844
300.0,-739.5855680842359,3.7642972,40.168854,0.5343818181113452
300.0,-739.5726130080519,3.7644176,40.168854,0.5340938630051374
300.0,-739.5796060399831,3.764137,40.206291,0.533805908072517
300.0,-739.5822592035588,3.7639365,40.243729,0.5335179492105302
300.0,-739.5916955346626,3.764137,40.11895,0.5332299895708714
300.0,-739.5737833150131,3.7640166,40.231262,0.5329420340090006
300.0,-739.5871846703147,3.7638161,40.206291,0.5326540761256445
300.0,-739.580426412131,3.7635355,40.193825,0.5323661179772613
300.0,-739.5937331671399,3.7633753,40.218758,0.5320781575442514
300.0,-739.5895256983573,3.7632949,40.168854,0.5317901958530301
300.0,-739.5955839099934,3.7632949,40.256195,0.5315022346994345
300.0,-739.5767618782362,3.7630544,40.193825,0.5312142779778499
300.0,-739.5778111411312,3.7628541,40.206291,0.5309263208477314
300.0,-739.5848493663149,3.7628942,40.168854,0.5306383638736246
300.0,-739.5820757084643,3.7626135,40.206291,0.5303504050830823
300.0,-739.5825401625898,3.7623327,40.156387,0.5300624490080629
300.0,-739.5786644816309,3.7624531,40.218758,0.5297744915456932
300.0,-739.5909072852443,3.7624931,40.281166,0.529486532212939
300.0,-739.5863062310219,3.7621324,40.143883,0.5291985717752283
300.0,-739.5804018331551,3.7620521,40.206291,0.5289106165327663
300.0,-739.5791295429066,3.7618115,40.206291,0.5286226588893235
300.0,-739.5836278634669,3.7618115,40.18132,0.5283347023908083
300.0,-739.5838503707625,3.7618115,40.156387,0.5280467429092951
300.0,-739.5893923601698,3.7615309,40.143883,0.5277587841663761
300.0,-739.5814900299918,3.7613306,40.193825,0.5274708256038697
300.0,-739.5826806007647,3.7613707,40.156387,0.5271828665778104
300.0,-739.5838253991477,3.7612102,40.193825,0.5268949100023848
300.0,-739.5760745882806,3.7609696,40.143883,0.5266069535483989
300.0,-739.5839899388867,3.7610497,40.18132,0.5263189969089098
300.0,-739.579218104179,3.7607291,40.256195,0.5260310392309855
300.0,-739.5891509283302,3.7605286,40.231262,0.5257430805820678
300.0,-739.5830733234409,3.7603683,40.156387,0.5254551214031007
300.0,-739.5904113235428,3.7604084,40.143883,0.5251671622634488
300.0,-739.584773632709,3.7602479,40.218758,0.5248792024224606
300.0,-739.5952219327994,3.7603683,40.231262,0.5245912414098004
300.0,-739.5851037950816,3.7600877,40.231262,0.5243032814402623
300.0,-739.6003885137558,3.7599673,40.168854,0.5240153184159967
300.0,-739.5929365957278,3.7598472,40.18132,0.523727355396731
300.0,-739.5938979196465,3.7597668,40.18132,0.5234393920031707
300.0,-739.5957308220605,3.7594061,40.218758,0.5231514307923748
300.0,-739.5870252586941,3.7592857,40.18132,0.5228634700747082
300.0,-739.5993257147969,3.759326,40.256195,0.5225755074642429
300.0,-739.591619450618,3.759326,40.2687,0.5222875449578122
300.0,-739.6015461126356,3.7588849,40.193825,0.521999581482836
300.0,-739.5891251755952,3.758965,40.243729,0.5217116199475597
300.0,-739.6023931384223,3.758965,40.206291,0.5214236561427944
300.0,-739.5952406988138,3.7587645,40.293633,0.5211356922264184
300.0,-739.6005150889564,3.7585642,40.293633,0.5208477291528708
300.0,-739.5890169607336,3.7584038,40.231262,0.5205597676597283
300.0,-739.5929119467455,3.7584438,40.218758,0.5202718075464601
300.0,-739.5930642075658,3.7582433,40.193825,0.5199838444775083
300.0,-739.5908870322219,3.7580028,40.193825,0.5196958822562473
300.0,-739.6001530389115,3.7582836,40.206291,0.5194079193236636
300.0,-739.5875599242318,3.757642,40.243729,0.5191199583978232
300.0,-739.6037680849546,3.7576821,40.243729,0.5188319940577233
300.0,-739.5934586266691,3.7576821,40.143883,0.5185440308352032
300.0,-739.6021705055991,3.7574415,40.218758,0.5182560671171199
300.0,-739.5906329567548,3.7573614,40.193825,0.5179681049947839
300.0,-739.5927020460533,3.7571609,40.243729,0.5176801449632404
300.0,-739.5848303343023,3.7570407,40.18132,0.5173921851001752
300.0,-739.5896855992459,3.7568803,40.206291,0.5171042262430836
300.0,-739.5963861646793,3.7568803,40.231262,0.5168162618807166
300.0,-739.6042637663029,3.7567198,40.343575,0.5165282973476234
300.0,-739.5851864123107,3.7568402,40.218758,0.516240337345918
300.0,-739.5777545490179,3.7563992,40.18132,0.5159523802378337
300.0,-739.5868665164285,3.756319,40.168854,0.5156644224783506
300.0,-739.5766030167371,3.7563591,40.231262,0.5153764658186194
300.0,-739.5912952268338,3.756319,40.156387,0.5150885063348203
300.0,-739.5823236688129,3.7559984,40.243729,0.5148005474477337
300.0,-739.5874019930014,3.7557175,40.256195,0.5145125894797631
300.0,-739.5854659515787,3.755878,40.231262,0.5142246293692182
300.0,-739.588546603749,3.7557979,40.281166,0.5139366709555939
300.0,-739.5881644985288,3.7553568,40.206291,0.5136487097943605
300.0,-739.5926384347166,3.7553568,40.206291,0.5133607497875841
300.0,-739.5829718110012,3.7553167,40.306141,0.5130727906481412
300.0,-739.5855051195534,3.7550762,40.2687,0.5127848334187173
300.0,-739.5775951751117,3.7550361,40.231262,0.5124968763726858
300.0,-739.5750754602302,3.7551963,40.231262,0.5122089203077139
300.0,-739.5826159803439,3.7547555,40.243729,0.5119209642031748
300.0,-739.5855239227297,3.7547152,40.218758,0.5116330040700585
300.0,-739.592084708988,3.7546351,40.243729,0.511345044278875
300.0,-739.5775002167334,3.754595,40.2687,0.5110570872698158
300.0,-739.5812991401971,3.7543945,40.231262,0.5107691316779878
300.0,-739.5840859167025,3.7540338,40.343575,0.5104811721047641
300.0,-739.5926512396984,3.7543144,40.243729,0.510193212093002
300.0,-739.592898607629,3.7542343,40.281166,0.5099052490885271
300.0,-739.5930390597333,3.754154,40.256195,0.5096172889257675
300.0,-739.5822149169882,3.7536728,40.231262,0.5093293300810239
300.0,-739.5888388173869,3.7537932,40.231262,0.5090413715536265
300.0,-739.5827806488337,3.7534323,40.243729,0.5087534124886132
300.0,-739.5781872987795,3.7536328,40.256195,0.5084654552120363
300.0,-739.5847156500869,3.7534323,40.243729,0.508177498289992
300.0,-739.5808914611287,3.7531116,40.231262,0.5078895399605404
300.0,-739.5883168659147,3.7530315,40.193825,0.5076015816363645
300.0,-739.5781868964665,3.7529514,40.2687,0.5073136243599443
300.0,-739.5858103094547,3.752831,40.256195,0.5070256670116948
300.0,-739.5836334402967,3.752871,40.193825,0.5067377076146443
300.0,-739.5869623667533,3.7525904,40.231262,0.506449749817842
300.0,-739.5835891782824,3.7525103,40.256195,0.506161790438025
300.0,-739.5809482713361,3.7522297,40.193825,0.5058738349828076
300.0,-739.5766534309089,3.7521896,40.193825,0.5055858783034475
300.0,-739.5901946477148,3.7524703,40.243729,0.5052979192481581
300.0,-739.5774812472403,3.7523899,40.281166,0.5050099622464849
300.0,-739.5751906087517,3.7518687,40.281166,0.5047220061366795
300.0,-739.5736247328008,3.7519088,40.281166,0.504434053532878
300.0,-739.5732932057554,3.7515881,40.256195,0.5041460981618329
300.0,-739.5782189224357,3.7514279,40.231262,0.503858143769286
300.0,-739.5712380270552,3.7513876,40.281166,0.5035701891984317
300.0,-739.5801849007119,3.7515881,40.293633,0.5032822340404322
300.0,-739.5756166565008,3.7512674,40.2687,0.5029942777647436
300.0,-739.5790022523704,3.7509868,40.2687,0.5027063230672076
300.0,-739.5763217679453,3.7508264,40.218758,0.5024183665169816
300.0,-739.5840794530232,3.7507463,40.306141,0.5021304098426401
300.0,-739.5770539422115,3.7508664,40.243729,0.5018424530073395
300.0,-739.5790777535503,3.7505858,40.18132,0.5015544982804072
300.0,-739.5719258165259,3.7505057,40.281166,0.5012665434417598
300.0,-739.573541714936,3.7502251,40.331074,0.5009785879739568
300.0,-739.582336182058,3.7503452,40.343575,0.5006906319783571
300.0,-739.5801338715601,3.7502651,40.281166,0.5004026739438755
300.0,-739.5912381831305,3.7502651,40.256195,0.5001147144822863
300.0,-739.5685917255588,3.7500646,40.281166,0.4998267609417784
300.0,-739.5835580022988,3.749824,40.281166,0.4995388044704635
300.0,-739.578066144415,3.7496235,40.281166,0.4992508472410586
300.0,-739.5821386467865,3.7495434,40.293633,0.4989628913223691
300.0,-739.5843718772235,3.7495434,40.293633,0.4986749316378057
300.0,-739.5956611685995,3.7493429,40.306141,0.4983869704541293
300.0,-739.5870126607275,3.7491024,40.231262,0.4980990097413679
300.0,-739.591773061753,3.7492628,40.243729,0.497811050071524
300.0,-739.5753302684965,3.7491426,40.281166,0.4975230939073415
300.0,-739.5764884051788,3.7489021,40.306141,0.4972351372922347
300.0,-739.588343453022,3.7488217,40.243729,0.4969471789577072
300.0,-739.578899807997,3.7488618,40.281166,0.4966592214037124
300.0,-739.5824946295365,3.7486215,40.318607,0.4963712653464212
300.0,-739.5724279753274,3.7483006,40.281166,0.4960833103122565
300.0,-739.5893284799395,3.7483006,40.306141,0.4957953515942093
300.0,-739.5835194156326,3.7482605,40.218758,0.4955073922415546
300.0,-739.5856769589138,3.7481804,40.243729,0.4952194349452252
300.0,-739.5777225548933,3.7479799,40.306141,0.4949314778495979
300.0,-739.5940703764533,3.74806,40.331074,0.4946435172852957
300.0,-739.5875532342926,3.7477794,40.318607,0.4943555563620601
300.0,-739.5982318612913,3.7475388,40.2687,0.4940675941774859
300.0,-739.5915429376618,3.7477393,40.318607,0.4937796317008458
300.0,-739.5888957940908,3.7473383,40.256195,0.49349167025488
300.0,-739.5977544538597,3.7473383,40.356041,0.4932037082561842
300.0,-739.5820874029658,3.7472982,40.293633,0.4929157494610885
300.0,-739.5854597702645,3.7472181,40.243729,0.4926277922493213
300.0,-739.5792937269715,3.747138,40.306141,0.4923398345419529
300.0,-739.590245184767,3.7469375,40.2687,0.4920518754669871
300.0,-739.5853457856028,3.7468975,40.2687,0.4917639154032291
300.0,-739.595501438863,3.746737,40.293633,0.4914759542817435
300.0,-739.5819217790865,3.7465365,40.281166,0.4911879955511342
300.0,-739.5873568630839,3.7463763,40.343575,0.4909000376007348
300.0,-739.5768127321694,3.7464163,40.306141,0.4906120808593502
300.0,-739.5818842873873,3.7462158,40.318607,0.4903241250396954
300.0,-739.5743561640764,3.7462158,40.331074,0.4900361692547839
300.0,-739.5801090552253,3.7462559,40.343575,0.4897482112299646
300.0,-739.5772900363613,3.7459352,40.318607,0.4894602571990791
300.0,-739.5714547371289,3.7460554,40.331074,0.4891723025438479
300.0,-739.5723070501617,3.7457347,40.318607,0.4888843504530855
300.0,-739.5721481176467,3.7456546,40.318607,0.4885963955278843
300.0,-739.5807772014124,3.745374,40.2687,0.4883084401392728
300.0,-739.5686357927602,3.7454941,40.293633,0.4880204865816073
300.0,-739.5829598180678,3.7454541,40.331074,0.4877325303431951
300.0,-739.5843656026941,3.7452536,40.2687,0.4874445706610747
300.0,-739.5843081772883,3.7451735,40.293633,0.4871566138976796
300.0,-739.5830804400447,3.7448928,40.343575,0.4868686547159417
300.0,-739.5883237509407,3.7448528,40.318607,0.4865806963890851
300.0,-739.5855995567772,3.7448928,40.331074,0.4862927362265205
300.0,-739.5840599523634,3.7448127,40.293633,0.4860047766634061
300.0,-739.5876812183025,3.7445319,40.331074,0.4857168185867192
300.0,-739.5810877369291,3.7445722,40.306141,0.4854288601808469
300.0,-739.5922939748949,3.7442513,40.281166,0.4851409003081857
300.0,-739.5842450344052,3.7442913,40.318607,0.484852940673009
300.0,-739.5961576312535,3.7441711,40.318607,0.4845649792960352
300.0,-739.5948647609438,3.7441311,40.343575,0.4842770155260319
300.0,-739.5884893766905,3.744051,40.281166,0.483989057134689
300.0,-739.5832841381743,3.7439306,40.343575,0.4837010978736405
300.0,-739.5808533367638,3.7434494,40.293633,0.4834131424553858
300.0,-739.5753931465988,3.74369,40.318607,0.4831251862667216
300.0,-739.5841751686966,3.7435699,40.356041,0.4828372295551133
300.0,-739.5778873856059,3.7434094,40.281166,0.4825492723953087
300.0,-739.5832397630786,3.7433293,40.306141,0.4822613160479002
300.0,-739.5812535449802,3.7432892,40.356041,0.48197335757747
300.0,-739.586325334756,3.7432089,40.306141,0.4816853971323212
300.0,-739.59630282232,3.7429283,40.343575,0.4813974356988174
300.0,-739.5832073315663,3.7428482,40.356041,0.4811094764676737
300.0,-739.5960487684446,3.742768,40.281166,0.4808215151330857
300.0,-739.5856254235051,3.7428882,40.306141,0.4805335549604497
300.0,-739.5885465550454,3.7425275,40.318607,0.4802455965468445
300.0,-739.5806551338909,3.7425675,40.318607,0.4799576383094077
300.0,-739.5884450892652,3.7426476,40.331074,0.4796696799353081
300.0,-739.579765794962,3.7421265,40.306141,0.4793817220441384
300.0,-739.584931960023,3.7421665,40.306141,0.4790937650378739
300.0,-739.5825269153123,3.7421265,40.306141,0.4788058060716526
300.0,-739.5874140289559,3.7420063,40.380974,0.4785178480989958
300.0,-739.5932555393761,3.7418058,40.293633,0.4782298849555484
300.0,-739.5851677352414,3.7418058,40.368507,0.477941924961115
300.0,-739.5880316226365,3.7417657,40.356041,0.4776539667479983
300.0,-739.5791727925898,3.7418458,40.393482,0.4773660090877162
300.0,-739.5891890267015,3.7412043,40.331074,0.4770780504239649
300.0,-739.5871080091408,3.7413247,40.331074,0.4767900896740792
300.0,-739.598537246212,3.7412446,40.331074,0.4765021273706036
300.0,-739.5883558188794,3.7412043,40.343575,0.476214166134879
300.0,-739.5874901037345,3.7409637,40.380974,0.4759262081326025
300.0,-739.5823938343897,3.7408435,40.293633,0.4756382492181968
300.0,-739.6009042022997,3.7409236,40.380974,0.4753502859931481
300.0,-739.5882089076761,3.7407231,40.343575,0.4750623248146238
300.0,-739.5989441208554,3.7406831,40.356041,0.4747743623527318
300.0,-739.5856831257653,3.740603,40.343575,0.4744864021576293
300.0,-739.5844421039861,3.7405229,40.343575,0.4741984424457228
300.0,-739.5994407789381,3.7404425,40.405949,0.4739104797904572
300.0,-739.5826161113636,3.7403224,40.343575,0.4736225207895072
300.0,-739.5815531574424,3.7400017,40.43092,0.4733345650987776
300.0,-739.5798294664355,3.7401218,40.368507,0.4730466071828172
300.0,-739.5904619702804,3.7402823,40.343575,0.4727586480234461
300.0,-739.584543593302,3.7398012,40.393482,0.4724706882720244
300.0,-739.5954315772856,3.7398012,40.380974,0.4721827271777394
300.0,-739.5889593679533,3.7399213,40.356041,0.4718947657070209
300.0,-739.5863831276498,3.7396808,40.405949,0.4716068081357449
300.0,-739.581165067813,3.7396007,40.368507,0.4713188496997637
300.0,-739.5913657109182,3.7393601,40.368507,0.4710308901885215
300.0,-739.5836659478514,3.7393601,40.380974,0.4707429307788141
300.0,-739.5828259491678,3.7393601,40.393482,0.470454971696163
300.0,-739.5878405084778,3.7389994,40.405949,0.4701670135574566
300.0,-739.5795232181604,3.7390394,40.43092,0.4698790557607351
300.0,-739.5920718665575,3.7390394,40.405949,0.4695910959745517
300.0,-739.5790838646109,3.7387989,40.318607,0.4693031383488939
300.0,-739.5888145494356,3.7387187,40.405949,0.4690151798309452
300.0,-739.5881513885645,3.7385983,40.368507,0.4687272186748162
300.0,-739.5873435330025,3.7385583,40.343575,0.4684392607296069
300.0,-739.580146310525,3.7387187,40.368507,0.4681513026902822
300.0,-739.5868411988918,3.7383978,40.368507,0.4678633449406565
300.0,-739.5789762356204,3.7380772,40.356041,0.4675753873569044
300.0,-739.5881522412512,3.7381172,40.343575,0.4672874290968251
300.0,-739.5869881124651,3.7381172,40.380974,0.4669994683936216
300.0,-739.5826098491123,3.7381172,40.393482,0.4667115093951098
300.0,-739.5904744218534,3.7380772,40.480824,0.4664235502308906
300.0,-739.5759408126208,3.7376361,40.393482,0.4661355938289908
300.0,-739.5950252396108,3.7378366,40.43092,0.4658476328929131
300.0,-739.5881455779435,3.737556,40.43092,0.4655596717390465
300.0,-739.5971693189476,3.7373555,40.380974,0.4652717099681727
300.0,-739.5876933342081,3.7373154,40.368507,0.4649837489903887
300.0,-739.5957884641239,3.7373555,40.393482,0.4646957877571499
300.0,-739.5856508140466,3.7372754,40.418415,0.4644078275746281
300.0,-739.5809166792069,3.7370348,40.418415,0.4641198721317111
300.0,-739.5764248192428,3.7369547,40.418415,0.4638319155413616
300.0,-739.5889286006216,3.7369947,40.393482,0.4635439569790071
300.0,-739.5812291665652,3.7367542,40.380974,0.4632559985180687
300.0,-739.5770916982539,3.7368743,40.405949,0.4629680416680677
300.0,-739.5909392318056,3.7369547,40.393482,0.462680082322875
300.0,-739.5824373646279,3.7366338,40.393482,0.4623921233915206
300.0,-739.5895267355348,3.7364335,40.455853,0.4621041645962827
300.0,-739.5836850151603,3.7364335,40.43092,0.4618162051791513
300.0,-739.5877704402167,3.7363932,40.455853,0.4615282470677259
300.0,-739.5812978309369,3.7363532,40.43092,0.4612402885800529
300.0,-739.5836659372816,3.7363932,40.418415,0.4609523320667136
300.0,-739.571951268458,3.7361526,40.443386,0.4606643772181563
300.0,-739.5841495826755,3.7359924,40.455853,0.46037642051651
300.0,-739.5715572271116,3.7359924,40.418415,0.4600884658213741
300.0,-739.5841811500436,3.7359924,40.443386,0.4598005091074369
300.0,-739.5840157142915,3.7356718,40.443386,0.4595125495615468
300.0,-739.5787661899066,3.7357118,40.393482,0.4592245920595768
300.0,-739.5857459904818,3.7357919,40.468357,0.4589366347363698
300.0,-739.566491430287,3.7355914,40.405949,0.4586486820136191
300.0,-739.585651812454,3.7353909,40.393482,0.4583607247270804
300.0,-739.5804967731344,3.7353108,40.443386,0.4580727665513019
300.0,-739.5846265992496,3.7353108,40.49329,0.4577848096639293
300.0,-739.5753430496118,3.7350702,40.418415,0.4574968534947706
300.0,-739.5959723026039,3.7350702,40.455853,0.4572088921899545
300.0,-739.5851607045844,3.73491,40.405949,0.4569209321982584
300.0,-739.5863957861112,3.7347095,40.443386,0.4566329746220539
300.0,-739.5844991102815,3.7349901,40.380974,0.4563450148879518
300.0,-739.5859381421523,3.7348697,40.480824,0.4560570574899308
300.0,-739.5815725860349,3.734509,40.393482,0.4557690988952809
300.0,-739.5898887826711,3.7344289,40.418415,0.4554811370626916
300.0,-739.5913274291919,3.7343485,40.393482,0.4551931775663545
300.0,-739.5823103877734,3.734509,40.43092,0.454905218684439
300.0,-739.5884136070263,3.7341883,40.468357,0.454617260322597
300.0,-739.5845441298559,3.7342684,40.480824,0.4543293005709664
300.0,-739.5962201191307,3.7338674,40.480824,0.454041339169663
300.0,-739.5851925888197,3.7340279,40.480824,0.4537533791655527
300.0,-739.5875096595,3.7340279,40.418415,0.4534654211556623
300.0,-739.5823868274703,3.7340279,40.480824,0.4531774622439847
300.0,-739.5878591855303,3.7335467,40.505795,0.4528895040980064
300.0,-739.5791162743499,3.7337472,40.418415,0.4526015464597298
300.0,-739.588839500262,3.7337472,40.443386,0.4523135879320665
300.0,-739.583099080689,3.7338274,40.518261,0.4520256287430707
300.0,-739.5773600683193,3.7336271,40.455853,0.4517376717885789
300.0,-739.5826357560946,3.733146,40.418415,0.4514497156763401
300.0,-739.5846965709206,3.733146,40.393482,0.4511617558653561
300.0,-739.5951392905921,3.7332661,40.455853,0.4508737948848727
300.0,-739.5851731676963,3.733186,40.443386,0.4505858348883241
300.0,-739.5928611776346,3.7329054,40.49329,0.4502978747948228
300.0,-739.5783270808963,3.7329855,40.43092,0.4500099174638213
300.0,-739.5828442896043,3.7326648,40.543232,0.4497219612703902
300.0,-739.5657148102438,3.7326648,40.480824,0.4494340088500191
300.0,-739.5857522650742,3.7326648,40.43092,0.4491460515243692
300.0,-739.5738794449288,3.7330256,40.43092,0.4488580959250698
300.0,-739.5858867016259,3.7327449,40.49329,0.4485701385470771
300.0,-739.5838060835781,3.7324243,40.443386,0.4482821790828074
300.0,-739.5822078861265,3.7324243,40.468357,0.4479942202408012
300.0,-739.5871721821117,3.7324243,40.530727,0.4477062623623074
300.0,-739.5866180946961,3.7321837,40.49329,0.4474183018031716
300.0,-739.5910091289898,3.7321036,40.543232,0.4471303424307645
300.0,-739.5764625752852,3.7321837,40.555698,0.4468423858257146
300.0,-739.5837363114757,3.7320633,40.49329,0.4465544292849752
300.0,-739.5777091516865,3.7319031,40.568165,0.4462664721945665
300.0,-739.5856639585032,3.7319431,40.480824,0.4459785149032987
300.0,-739.5825195058752,3.7316625,40.518261,0.4456905559399624
300.0,-739.5818975071692,3.7317827,40.443386,0.4454026001151605
300.0,-739.5712512587776,3.731462,40.543232,0.4451146455391543
300.0,-739.5692728541278,3.7315021,40.555698,0.4448266946297545
300.0,-739.5700795729834,3.7315822,40.505795,0.4445387405099482
300.0,-739.5684889063177,3.731462,40.530727,0.4442507870094734
300.0,-739.576526958164,3.7311013,40.518261,0.4439628332756919
300.0,-739.5687825699275,3.7313015,40.455853,0.4436748796608781
300.0,-739.5832398361342,3.7310209,40.468357,0.4433869233134411
300.0,-739.5788429111817,3.7311013,40.543232,0.4430989657815994
300.0,-739.5913531617332,3.7308207,40.49329,0.4428110062752433
300.0,-739.579517163614,3.7309008,40.555698,0.4425230484808791
300.0,-739.5935991701494,3.7307403,40.605602,0.4422350881000408
300.0,-739.5850527575905,3.7306201,40.580669,0.4419471281503743
300.0,-739.5854478194393,3.7308207,40.530727,0.4416591709432602
300.0,-739.5781417788717,3.7305801,40.49329,0.4413712136844067
300.0,-739.5870580214446,3.7306201,40.543232,0.4410832558503612
300.0,-739.5800260602393,3.7304196,40.49329,0.4407952978578563
300.0,-739.5814131259773,3.7302592,40.480824,0.4405073393252928
300.0,-739.5882545000014,3.7303796,40.543232,0.440219381025399
300.0,-739.5862112728482,3.7301791,40.518261,0.4399314206246607
300.0,-739.5985627958074,3.7302592,40.555698,0.4396434583112373
300.0,-739.5845318374099,3.7301791,40.580669,0.4393554985643929
300.0,-739.5934718742159,3.7298584,40.518261,0.4390675382331171
300.0,-739.5851678940385,3.7299786,40.568165,0.4387795782386219
300.0,-739.5961248182574,3.7298985,40.543232,0.4384916168744238
300.0,-739.5932360451978,3.7296579,40.643044,0.4382036537385665
300.0,-739.5925747018252,3.7297781,40.555698,0.4379156937566045
300.0,-739.5951068855012,3.7295778,40.543232,0.4376277298923292
300.0,-739.5983205949406,3.7294974,40.593136,0.4373397676732066
300.0,-739.5884637769236,3.7293773,40.605602,0.4370518063954481
300.0,-739.5850463369515,3.7295375,40.593136,0.4367638464482815
300.0,-739.5908624119421,3.7295375,40.555698,0.4364758871329986
300.0,-739.5840478185098,3.7290566,40.505795,0.4361879275746085
300.0,-739.599142327747,3.7289762,40.555698,0.4358999650355447
300.0,-739.590990047299,3.7292569,40.568165,0.4356120027741743
300.0,-739.5975445529629,3.7288561,40.580669,0.4353240408572033
300.0,-739.5932227756178,3.7287357,40.618069,0.4350360777265126
300.0,-739.6008661286896,3.7287757,40.568165,0.4347481145162878
300.0,-739.5970471602192,3.7286956,40.518261,0.4344601498965599
300.0,-739.5933254866343,3.7287357,40.518261,0.4341721896222801
300.0,-739.5950880265111,3.728415,40.580669,0.4338842257653476
300.0,-739.6000387918875,3.7287357,40.543232,0.433596262877246
300.0,-739.5839839640922,3.7283349,40.605602,0.4333083033437179
300.0,-739.5919886142392,3.7285354,40.555698,0.433020340693552
300.0,-739.6052369408258,3.7281744,40.568165,0.4327323757815538
300.0,-739.6007066038093,3.7282145,40.630577,0.4324444097370092
300.0,-739.605759477561,3.7280543,40.618069,0.4321564446215616
300.0,-739.5863830863332,3.728014,40.618069,0.4318684841539271
300.0,-739.5924473813352,3.7278137,40.605602,0.4315805242215371
300.0,-739.5891817548164,3.7277334,40.618069,0.4312925626642315
300.0,-739.5938350356465,3.7276533,40.568165,0.4310046021915591
300.0,-739.585956244599,3.7276533,40.630577,0.4307166418901169
300.0,-739.5961321428446,3.7274928,40.643044,0.430428680523067
300.0,-739.5937008498609,3.7274528,40.605602,0.4301407172062365
300.0,-739.5931217870698,3.7274928,40.643044,0.429852757011267
300.0,-739.5834811952726,3.7274528,40.593136,0.4295647976734936
300.0,-739.5783395564911,3.7273326,40.680477,0.4292768403376347
300.0,-739.5913150879185,3.7271321,40.605602,0.4289888808461027
300.0,-739.5847789067761,3.7271321,40.580669,0.4287009210030609
300.0,-739.5926883496709,3.7268915,40.643044,0.4284129609768501
300.0,-739.5872162362805,3.7269316,40.668011,0.4281250001848258
300.0,-739.5871912985207,3.727092,40.643044,0.427837042298889
300.0,-739.5775694182729,3.7267311,40.630577,0.4275490852628861
300.0,-739.5932293197354,3.7267714,40.643044,0.4272611250260488
300.0,-739.5856571247965,3.726691,40.605602,0.4269731648410699
300.0,-739.5955652574974,3.7266109,40.680477,0.4266852036947365
300.0,-739.5944506630811,3.7265708,40.680477,0.4263972400859636
300.0,-739.5986837561667,3.7263303,40.643044,0.4261092777254444
300.0,-739.5931774636196,3.7263703,40.605602,0.4258213146123961
300.0,-739.600388843222,3.7263303,40.680477,0.4255333515880021
300.0,-739.5872418590832,3.7260897,40.630577,0.4252453907860015
300.0,-739.5867835601875,3.7260497,40.630577,0.4249574301624412
300.0,-739.5933384504148,3.7260096,40.605602,0.424669469883114
300.0,-739.589004619789,3.7260897,40.605602,0.4243815083947765
300.0,-739.6021066867601,3.7258091,40.630577,0.4240935447015411
300.0,-739.5926886233057,3.7258892,40.680477,0.4238055817788244
300.0,-739.6019922944436,3.7258892,40.65551,0.4235176181301275
300.0,-739.5991153510679,3.7256486,40.643044,0.4232296527051425
300.0,-739.6096280656814,3.7254481,40.618069,0.4229416860834621
300.0,-739.5969962448953,3.7254481,40.705452,0.4226537214835583
300.0,-739.6009933386755,3.7254481,40.742889,0.4223657582238044
300.0,-739.5942858325732,3.7252076,40.730385,0.4220777946792088
300.0,-739.5964813633511,3.724967,40.692944,0.4217898331761901
300.0,-739.5824636950597,3.724967,40.643044,0.4215018742345839
300.0,-739.5897619036323,3.7251275,40.643044,0.4212139124513954
300.0,-739.5960366217813,3.7250473,40.730385,0.4209259511215366
300.0,-739.5932868751887,3.7251275,40.705452,0.4206379879658884
300.0,-739.5990014211741,3.7248869,40.680477,0.4203500254816865
300.0,-739.597232193353,3.7245262,40.630577,0.4200620607899154
300.0,-739.6043650732844,3.7247667,40.705452,0.4197740962173784
300.0,-739.5909518877157,3.7244861,40.668011,0.4194861339708655
300.0,-739.5902834662887,3.7243257,40.65551,0.4191981748809948
300.0,-739.5905056011203,3.7242455,40.65551,0.4189102128082452
300.0,-739.6035452687763,3.7244058,40.668011,0.4186222485548986
300.0,-739.5970028734439,3.7242455,40.668011,0.4183342839524139
300.0,-739.6045062728981,3.7241652,40.742889,0.4180463193249009
300.0,-739.5918996250743,3.7241251,40.742889,0.4177583567093833
300.0,-739.5899469246926,3.7240851,40.65551,0.4174703948541562
300.0,-739.5964376010254,3.7237244,40.730385,0.4171824333681763
300.0,-739.5889541313345,3.7237644,40.755356,0.4168944718994967
300.0,-739.5972005568495,3.7237244,40.680477,0.4166065101164604
300.0,-739.5974864644514,3.7235239,40.680477,0.4163185453256879
300.0,-739.6078076944996,3.7234035,40.767822,0.4160305794127681
300.0,-739.5959909763517,3.7233233,40.742889,0.4157426152042691
300.0,-739.6063065875666,3.7233634,40.680477,0.4154546498758044
300.0,-739.5999491853158,3.7232833,40.717918,0.4151666841261632
300.0,-739.604314401581,3.7232833,40.680477,0.4148787195733552
300.0,-739.5925497198931,3.7233233,40.767822,0.414590756704721
300.0,-739.6111939311484,3.7232032,40.755356,0.4143027894733717
300.0,-739.5889155937897,3.7230027,40.730385,0.4140148280196968
300.0,-739.5900799073903,3.7228823,40.755356,0.4137268661126925
300.0,-739.5922438524382,3.7228823,40.705452,0.4134389062595465
300.0,-739.5768385139738,3.7228022,40.780327,0.4131509495081236
300.0,-739.5840031339075,3.7226818,40.705452,0.412862992863497
300.0,-739.5796883539842,3.7225616,40.717918,0.4125750350024792
300.0,-739.5902450625985,3.7223611,40.767822,0.412287075927561
300.0,-739.579033339936,3.7224414,40.755356,0.4119991183215751
300.0,-739.5874709750472,3.7222009,40.730385,0.4117111603267464
300.0,-739.5828694550546,3.7222009,40.680477,0.4114232012271561
300.0,-739.5825650647125,3.7221205,40.705452,0.411135245142441
300.0,-739.5775830535363,3.7221205,40.767822,0.4108472881011291
300.0,-739.5868281493682,3.7219603,40.717918,0.4105593303565842
300.0,-739.5829911459731,3.7217598,40.792793,0.4102713712096132
300.0,-739.5787981115902,3.72188,40.767822,0.4099834136952143
300.0,-739.5871587055099,3.72188,40.780327,0.4096954558219676
300.0,-739.5787410316261,3.7216394,40.792793,0.409407498329793
300.0,-739.5877639701954,3.7215192,40.80526,0.4091195402208868
300.0,-739.579033364083,3.7214792,40.705452,0.4088315826148915
300.0,-739.5833540461189,3.7213988,40.742889,0.4085436262229869
300.0,-739.5819095715642,3.7214792,40.792793,0.4082556674971306
300.0,-739.5921609298777,3.7210782,40.80526,0.4079677076762704
300.0,-739.5846010510229,3.7212787,40.80526,0.4076797479024774
300.0,-739.5863382177174,3.7212787,40.780327,0.4073917903486871
300.0,-739.5819920782902,3.7211583,40.705452,0.4071038315907065
300.0,-739.5937769544314,3.7208776,40.780327,0.406815871140648
300.0,-739.5791545307258,3.7204769,40.80526,0.4065279134874761
300.0,-739.5806818553808,3.7206774,40.767822,0.4062399552396352
300.0,-739.588361592492,3.7207975,40.742889,0.405951996898045
300.0,-739.5775949432599,3.7206371,40.742889,0.4056640398521038
300.0,-739.5832077195194,3.720557,40.767822,0.4053760835171714
300.0,-739.5675799137995,3.7203565,40.780327,0.4050881303706159
300.0,-739.5830548015485,3.7204769,40.817764,0.404800174095222
300.0,-739.5752217362455,3.7202363,40.755356,0.404512217973297
300.0,-739.5840475435014,3.7202363,40.880135,0.4042242613113796
300.0,-739.5906392069326,3.7199156,40.792793,0.4039362991866101
300.0,-739.5901749572979,3.7200758,40.830231,0.4036483401389873
300.0,-739.5861343317947,3.7197952,40.792793,0.4033603797682062
300.0,-739.5853966721585,3.7196751,40.80526,0.4030724225810062
300.0,-739.5711625391175,3.7195146,40.842697,0.4027844680395434
300.0,-739.5737899799867,3.7197151,40.780327,0.4024965124750775
300.0,-739.5764494433519,3.719274,40.80526,0.4022085587714764
300.0,-739.5751388026501,3.719234,40.855206,0.4019206026818419
300.0,-739.5790206848811,3.719234,40.792793,0.4016326479771292
300.0,-739.5690683714469,3.719234,40.855206,0.4013446942510377
300.0,-739.577767272716,3.7191539,40.730385,0.4010567400343404
300.0,-739.582558433455,3.7190735,40.830231,0.4007687810558474
300.0,-739.5901242851851,3.7188733,40.830231,0.4004808220279538
300.0,-739.5942093198215,3.7187929,40.817764,0.4001928585131487
300.0,-739.5995991779174,3.7185524,40.767822,0.3999048957962106
300.0,-739.5838566939952,3.7186327,40.905106,0.3996169363122355
300.0,-739.5911995111605,3.7185924,40.880135,0.3993289768657032
300.0,-739.58852732623,3.7184722,40.855206,0.3990410155632015
300.0,-739.5832718336549,3.7184722,40.817764,0.3987530563069438
300.0,-739.5977025616987,3.7183118,40.892601,0.3984650943284522
300.0,-739.5905633639525,3.7183518,40.855206,0.3981771322332124
300.0,-739.5989445972513,3.7181516,40.792793,0.3978891697711348
300.0,-739.5864017994184,3.7181516,40.817764,0.3976012092962143
300.0,-739.5949803544395,3.7179511,40.867672,0.3973132483776126
300.0,-739.5857211627721,3.717871,40.817764,0.3970252881677003
300.0,-739.5902774845324,3.7177505,40.80526,0.3967373290801586
300.0,-739.5694946387697,3.7176304,40.942547,0.3964493751880985
300.0,-739.5918940341857,3.7174299,40.880135,0.3961614154711539
300.0,-739.5863826586453,3.7173095,40.867672,0.395873455003686
300.0,-739.5904749465438,3.71755,40.855206,0.3955854958392625
300.0,-739.5834882998031,3.7170689,40.892601,0.3952975364987229
300.0,-739.5775883390629,3.7173498,40.830231,0.3950095794553531
300.0,-739.5818391333225,3.7171493,40.817764,0.394721623653279
300.0,-739.5900097538871,3.7169888,40.855206,0.3944336617735892
300.0,-739.5946740171363,3.7168283,40.880135,0.3941457009742597
300.0,-739.5879480690103,3.7164276,40.892601,0.3938577398972939
300.0,-739.5961760637642,3.7165077,40.842697,0.3935697785131435
300.0,-739.5959019873915,3.7167082,40.855206,0.3932818143392925
300.0,-739.6042383515634,3.7163875,40.892601,0.3929938498160945
300.0,-739.5948394430478,3.7164276,40.917572,0.3927058860559488
300.0,-739.5973852013963,3.7159865,40.96748,0.3924179242010213
300.0,-739.5976643449656,3.7161469,40.905106,0.3921299593409904
300.0,-739.6030678124365,3.7161469,40.855206,0.3918419952735412
300.0,-739.5877823106856,3.7158663,40.842697,0.3915540342611139
300.0,-739.5871588638926,3.715786,40.892601,0.3912660734914278
300.0,-739.5964942417977,3.715786,40.830231,0.3909781119833949
300.0,-739.5816614405497,3.7153852,40.917572,0.3906901533541492
300.0,-739.5898891645683,3.7155054,40.930038,0.3904021944177996
300.0,-739.5901119506274,3.7155857,40.930038,0.3901142324983191
300.0,-739.5982323252043,3.7153852,40.855206,0.3898262703135643
300.0,-739.5883618973681,3.7154253,40.867672,0.389538309075473
300.0,-739.5947638128538,3.7151446,40.905106,0.3892503482411817
300.0,-739.5895830711545,3.7151046,40.955013,0.3889623865276223
300.0,-739.5912322504871,3.7151847,40.905106,0.3886744270683429
300.0,-739.591588274421,3.714864,40.96748,0.3883864645740507
300.0,-739.5973026572103,3.7149041,40.942547,0.3880985027512617
300.0,-739.5921610985189,3.7146635,40.930038,0.3878105400339385
300.0,-739.5937582715659,3.7147837,40.880135,0.3875225766947506
300.0,-739.5977219097573,3.7147036,40.892601,0.3872346147087258
300.0,-739.597581715663,3.7143028,40.905106,0.386946649880867
300.0,-739.5993004218167,3.7145431,40.905106,0.3866586872802494
300.0,-739.5894875760176,3.7141824,40.992447,0.3863707256038712
300.0,-739.5967364310003,3.7137814,40.992447,0.386082764001542
300.0,-739.589889270931,3.7142625,40.905106,0.3857948021687627
300.0,-739.6030173120145,3.7140219,40.917572,0.3855068381209758
300.0,-739.6008135855382,3.7139819,40.930038,0.3852188720347774
300.0,-739.6067777572404,3.7136612,40.917572,0.3849309065228632
300.0,-739.6011773167044,3.7137012,40.905106,0.3846429402950448
300.0,-739.5957112908516,3.7133405,40.867672,0.3843549790918535
300.0,-739.592701587365,3.7133806,40.917572,0.3840670161640891
300.0,-739.5899018803573,3.7132201,40.892601,0.3837790543264002
300.0,-739.6085402178746,3.7131801,40.942547,0.3834910881282729
300.0,-739.5892655069532,3.7133005,40.917572,0.3832031265383581
300.0,-739.5975498506164,3.71314,40.979984,0.3829151646193244
300.0,-739.5951065077443,3.7130196,40.942547,0.3826272007551962
300.0,-739.6005854868885,3.7128594,40.979984,0.3823392376542391
300.0,-739.5884382038474,3.7126589,41.042355,0.3820512763864376
300.0,-739.5941267728886,3.7126188,40.917572,0.3817633158001775
300.0,-739.5867963650405,3.712739,40.955013,0.3814753551716315
300.0,-739.6028634054403,3.7125788,40.955013,0.3811873911837681
300.0,-739.5873184330208,3.712739,40.992447,0.3808994303519531
300.0,-739.5944265306895,3.7120976,41.004913,0.3806114696489824
300.0,-739.5873885013957,3.7122178,40.979984,0.3803235087898862
300.0,-739.5936180132626,3.7118571,40.96748,0.3800355455053083
300.0,-739.5930261446566,3.7121377,40.955013,0.3797475853475772
300.0,-739.5919630284756,3.7116165,40.992447,0.3794596227073732
300.0,-739.5967234790888,3.711777,40.96748,0.3791716611100869
300.0,-739.5778878493096,3.711817,40.992447,0.3788837039501018
300.0,-739.5973912803554,3.7114561,40.992447,0.3785957420928074
300.0,-739.5881516328991,3.711416,41.004913,0.3783077809365832
300.0,-739.592733210695,3.7111754,40.992447,0.3780198208929058
300.0,-739.5893476842162,3.7110953,41.029888,0.377731859270995
300.0,-739.5958071043416,3.7110152,41.042355,0.3774438980304987
300.0,-739.5877249008494,3.7107747,40.96748,0.3771559370404242
300.0,-739.5894751488975,3.7108548,40.955013,0.3768679782652714
300.0,-739.5796122801754,3.7108147,41.029888,0.3765800204338733
300.0,-739.5868794703249,3.7106943,40.992447,0.37629205977297
300.0,-739.5958068362665,3.7106543,40.992447,0.376004098532578
300.0,-739.5879928317675,3.7105341,41.067326,0.3757161374381836
300.0,-739.5985437156193,3.7103736,40.979984,0.3754281751321892
300.0,-739.5966531925415,3.7102935,40.992447,0.3751402106658539
300.0,-739.5962145042893,3.7104537,41.067326,0.3748522492667367
300.0,-739.5934459435741,3.7099326,40.979984,0.3745642860491547
300.0,-739.5970413886381,3.7099726,41.004913,0.3742763243280905
300.0,-739.5911483957773,3.7098525,41.054859,0.3739883620050666
300.0,-739.6016742019484,3.7097323,41.004913,0.3737003984802188
300.0,-739.5860331975213,3.7094514,41.054859,0.3734124381488147
300.0,-739.6015659612373,3.7094917,41.079792,0.3731244746661105
300.0,-739.5886291691556,3.7094917,41.092297,0.372836513323956
300.0,-739.5959402230283,3.7091708,41.079792,0.37254855203163
300.0,-739.5917785443784,3.7089303,41.029888,0.3722605894632556
300.0,-739.5880936860998,3.7091708,41.067326,0.3719726283295932
300.0,-739.5938597425452,3.7090507,41.017422,0.3716846678473012
300.0,-739.5967931578069,3.7088101,41.029888,0.3713967033264701
300.0,-739.5841174412996,3.7089303,41.029888,0.371108746637338
300.0,-739.582761569656,3.7085295,41.092297,0.3708207875797533
300.0,-739.5908184177622,3.7086897,41.042355,0.3705328282815995
300.0,-739.5800767553756,3.7084491,41.067326,0.3702448702693563
300.0,-739.5849901511285,3.708329,41.117229,0.369956913240435
300.0,-739.5805732007578,3.7084091,41.042355,0.3696689550348992
300.0,-739.5953553199704,3.7078478,41.092297,0.3693809939703049
300.0,-739.5780597726838,3.7078879,41.092297,0.3690930367433808
300.0,-739.5996382530232,3.7078078,41.067326,0.3688050740112287
300.0,-739.5977218151692,3.7077677,41.054859,0.3685171091288217
300.0,-739.5946425449512,3.7076876,41.054859,0.3682291454453389
300.0,-739.5984543355204,3.7075272,41.092297,0.3679411831741446
300.0,-739.5873048350012,3.7074068,41.092297,0.3676532223476241
300.0,-739.5999300878772,3.7071662,41.067326,0.3673652595018463
300.0,-739.5921860617817,3.7071261,41.042355,0.3670772967748036
300.0,-739.5884509001493,3.7070861,41.017422,0.3667893383984415
300.0,-739.5886859808428,3.7072866,41.042355,0.3665013770341672
300.0,-739.5938156873833,3.7068055,41.129734,0.366213416569028
300.0,-739.5845121107659,3.7068455,41.092297,0.3659254568298642
300.0,-739.5926257271423,3.706645,41.129734,0.3656374968280355
300.0,-739.5966724432036,3.706645,41.129734,0.3653495323542049
300.0,-739.5933386339746,3.7064848,41.129734,0.3650615720748063
300.0,-739.5849187981682,3.7063644,41.129734,0.3647736121772973
300.0,-739.5869107445423,3.7062843,41.104763,0.3644856515042173
300.0,-739.5933255605084,3.7061238,41.1422,0.3641976912299088
300.0,-739.5843722187599,3.7059236,41.192108,0.3639097315452124
300.0,-739.591677126299,3.7059636,41.179642,0.3636217719127209
300.0,-739.5780854192241,3.705723,41.079792,0.3633338146758111
300.0,-739.5832458301688,3.705683,41.192108,0.3630458583260404
300.0,-739.5739938852073,3.7056427,41.079792,0.3627579026821834
300.0,-739.5916455951517,3.7056026,41.117229,0.3624699430619685
300.0,-739.5818781878669,3.7054825,41.154667,0.3621819843483315
300.0,-739.5831439741451,3.705282,41.167133,0.3618940280382183
300.0,-739.5897610852955,3.7051215,41.192108,0.3616060662553484
300.0,-739.6067327255488,3.7050414,41.042355,0.3613181007609672
300.0,-739.5984913795897,3.704881,41.129734,0.3610301355789276
300.0,-739.592739391906,3.7048409,41.1422,0.360742172636444
300.0,-739.5927271194575,3.7047207,41.067326,0.3604542125951381
300.0,-739.5910216753309,3.7047608,41.154667,0.3601662503214533
300.0,-739.5964878579289,3.7044802,41.117229,0.3598782888159059
300.0,-739.5927840934771,3.7044401,41.167133,0.3595903258560175
300.0,-739.6015278020888,3.7041996,41.192108,0.3593023623881705
300.0,-739.5967353208966,3.7043197,41.167133,0.3590143978898584
300.0,-739.6032400185071,3.703999,41.192108,0.3587264337553608
300.0,-739.5948013571332,3.7040792,41.167133,0.358438470010044
300.0,-739.6009294713374,3.7037985,41.117229,0.3581505067751568
300.0,-739.5975753801523,3.7038386,41.217075,0.3578625419497647
300.0,-739.6051992335166,3.7037585,41.079792,0.3575745770524478
300.0,-739.59752473331,3.703598,41.204575,0.3572866122467752
300.0,-739.5949534806039,3.7032373,41.079792,0.3569986484422286
300.0,-739.5994151810481,3.7034378,41.179642,0.3567106857969295
300.0,-739.5933123748008,3.7033978,41.1422,0.356422722631353
300.0,-739.6078013957598,3.7030768,41.129734,0.3561347567208857
300.0,-739.5890487107281,3.7027962,41.117229,0.3558467952153812
300.0,-739.6009101721871,3.7030768,41.054859,0.3555588319880081
300.0,-739.5935346763309,3.7025557,41.1422,0.3552708687358777
300.0,-739.6041171957755,3.7026761,41.179642,0.3549829042598517
300.0,-739.599586503929,3.7023554,41.129734,0.3546949386514217
300.0,-739.604657799539,3.7023554,41.204575,0.3544069739649119
300.0,-739.5964683415331,3.702275,41.179642,0.3541190095705491
300.0,-739.5975827614291,3.7024355,41.092297,0.3538310476387016
300.0,-739.593407406234,3.7020345,41.229542,0.3535430844361243
300.0,-739.5894300571108,3.7020345,41.179642,0.3532551227821414
300.0,-739.6002485348042,3.7017138,41.179642,0.3529671598123764
300.0,-739.5942542162054,3.7019143,41.242008,0.3526791962800908
300.0,-739.5989064743235,3.7014332,41.204575,0.3523912338328564
300.0,-739.594820608,3.7015133,41.167133,0.3521032700800442
300.0,-739.5965898846201,3.7014732,41.217075,0.3518153085347728
300.0,-739.5972514802356,3.7013128,41.242008,0.3515273438354922
300.0,-739.6031314851645,3.7010322,41.179642,0.3512393797432521
300.0,-739.598517295021,3.7010322,41.229542,0.3509514145511222
300.0,-739.6063061604883,3.7010322,41.129734,0.3506634492228239
300.0,-739.5897429216564,3.7007515,41.154667,0.3503754874470261
300.0,-739.598066430561,3.7005913,41.242008,0.3500875253268623
300.0,-739.592675903581,3.700551,41.179642,0.349799562409098
300.0,-739.6005472661236,3.7003508,41.229542,0.3495115964265921
300.0,-739.6116644287928,3.7003508,41.192108,0.3492236290120548
300.0,-739.5965192699535,3.7003508,41.204575,0.3489356645978628
300.0,-739.6041674524744,3.7000701,41.229542,0.3486477001022693
300.0,-739.5919120278188,3.6998696,41.229542,0.3483597374819226
300.0,-739.5949349805942,3.7000701,41.242008,0.3480717765809873
300.0,-739.5931911964939,3.6999497,41.217075,0.3477838134625919
300.0,-739.5918812527373,3.6997092,41.242008,0.3474958537506239
300.0,-739.586000946784,3.6996291,41.266983,0.3472078934317767
300.0,-739.601349346596,3.6995487,41.242008,0.3469199300334113
300.0,-739.5855113859491,3.699188,41.167133,0.3466319699051763
300.0,-739.5935613646143,3.6990275,41.179642,0.3463440095390576
300.0,-739.587814573701,3.6989074,41.266983,0.3460560485140686
300.0,-739.5856500814521,3.6990275,41.242008,0.345768088331832
300.0,-739.5867009514559,3.698787,41.30442,0.3454801306368115
300.0,-739.5848743773568,3.6985466,41.229542,0.345192170756598
300.0,-739.598358497883,3.6985867,41.179642,0.3449042085227179
300.0,-739.5797780380909,3.6987469,41.266983,0.3446162506267813
300.0,-739.588241414257,3.6984262,41.279449,0.3443282923319825
300.0,-739.5830291097204,3.6983061,41.229542,0.3440403331702302
300.0,-739.5876559736167,3.6980655,41.291954,0.3437523751033723
300.0,-739.5849063962422,3.6980252,41.229542,0.3434644152106921
300.0,-739.5957817745266,3.697865,41.217075,0.343176453980058
300.0,-739.5851040396209,3.6980252,41.229542,0.3428884940104246
300.0,-739.5962596947795,3.6975443,41.242008,0.3426005325937125
300.0,-739.5923192890187,3.6976645,41.291954,0.3423125698147973
300.0,-739.5834940367554,3.6973038,41.254517,0.3420246104720241
300.0,-739.5955272321817,3.6972635,41.192108,0.3417366493404958
300.0,-739.5902897576774,3.6971834,41.316887,0.3414486873517856
300.0,-739.5971114814557,3.6972234,41.229542,0.3411607256034307
300.0,-739.5897606461481,3.6968627,41.266983,0.3408727638207318
300.0,-739.5939806664788,3.6967022,41.254517,0.3405848032913581
300.0,-739.5921796411427,3.6967022,41.266983,0.3402968405668153
300.0,-739.5968639704524,3.6966622,41.291954,0.3400088789148288
300.0,-739.5837866872155,3.6965821,41.291954,0.339720919458111
300.0,-739.5938281751771,3.6963415,41.354324,0.3394329589881097
300.0,-739.579287781905,3.6962211,41.291954,0.3391450012830561
300.0,-739.5982894419633,3.6959405,41.279449,0.3388570390760629
300.0,-739.5879045631236,3.6958604,41.30442,0.3385690780160363
300.0,-739.5800391217051,3.6958604,41.341858,0.3382811200184459
300.0,-739.584073703121,3.6954997,41.316887,0.3379931633463432
300.0,-739.5835700864172,3.6956599,41.279449,0.3377052039739597
300.0,-739.6004076913514,3.6955798,41.279449,0.3374172409422273
300.0,-739.5892905430663,3.6952591,41.279449,0.3371292793425646
300.0,-739.5963282745081,3.6954997,41.30442,0.336841317899151
300.0,-739.5906972990231,3.6952991,41.341858,0.3365533557517631
300.0,-739.5973285237892,3.694818,41.266983,0.336265393918903
300.0,-739.5847281013415,3.6946976,41.316887,0.3359774340956424
300.0,-739.6012165205408,3.6944973,41.329391,0.3356894707489928
300.0,-739.5945206463277,3.6946175,41.291954,0.3354015071129717
300.0,-739.5986769929,3.6944973,41.341858,0.3351135447550857
300.0,-739.5875729973618,3.6944973,41.30442,0.3348255838241553
300.0,-739.585485397463,3.6942167,41.329391,0.334537623706039
300.0,-739.5959528939726,3.6942568,41.316887,0.3342496624087796
300.0,-739.5867765047695,3.6939359,41.354324,0.3339617017879663
300.0,-739.5957120353224,3.6937356,41.279449,0.333673740584485
300.0,-739.585421591544,3.6938157,41.316887,0.3333857804912118
300.0,-739.5994339915242,3.693455,41.242008,0.3330978178385889
300.0,-739.5959652563473,3.693495,41.354324,0.3328098536401039
300.0,-739.6034551071672,3.6933746,41.329391,0.3325218894218617
300.0,-739.5970985758764,3.6932545,41.279449,0.332233924782115
300.0,-739.6014446108392,3.6930139,41.354324,0.3319459613466585
300.0,-739.5919953645458,3.6928535,41.329391,0.3316579986938644
300.0,-739.5986256745422,3.6927733,41.341858,0.3313700363559593
300.0,-739.5939994140782,3.6926529,41.354324,0.3310820729228817
300.0,-739.5963220904833,3.6925728,41.341858,0.3307941085854622
300.0,-739.6011398723681,3.6924124,41.266983,0.3305061452686554
300.0,-739.598555575953,3.6920516,41.316887,0.3302181800616208
300.0,-739.6005420912729,3.6919715,41.366829,0.3299302169775598
300.0,-739.5910603958197,3.6920516,41.354324,0.329642254688799
300.0,-739.6010694380107,3.6916506,41.379295,0.3293542913994158
300.0,-739.5819096448237,3.6916909,41.366829,0.3290663326735309
300.0,-739.593453099756,3.6915705,41.341858,0.328778372349565
300.0,-739.5803817467803,3.6915705,41.341858,0.3284904142185724
300.0,-739.5868992316077,3.69133,41.366829,0.3282024564463517
300.0,-739.5804905958069,3.6910493,41.316887,0.3279144982729784
300.0,-739.581668368104,3.6908889,41.316887,0.3276265425373916
300.0,-739.5711179590998,3.6910493,41.316887,0.3273385880132862
300.0,-739.5796701287499,3.6906886,41.366829,0.3270506301593645
300.0,-739.584372411132,3.6906083,41.341858,0.32676267337096
300.0,-739.5800196756162,3.690408,41.329391,0.326474715380941
300.0,-739.5847988173938,3.690408,41.291954,0.3261867584265155
300.0,-739.5828697110534,3.6901271,41.316887,0.3258987993268256
300.0,-739.5886799659543,3.6901674,41.391762,0.3256108408612768
300.0,-739.5719191761084,3.6899269,41.30442,0.3253228860252148
300.0,-739.5764693285837,3.6898866,41.416733,0.3250349323138714
300.0,-739.5637231937419,3.6895258,41.391762,0.324746980668943
300.0,-739.5789507995659,3.6895258,41.379295,0.3244590259914401
300.0,-739.568343167061,3.6894057,41.466637,0.3241710725477094
300.0,-739.5775255236885,3.6890447,41.341858,0.3238831184251369
300.0,-739.5693735208301,3.6891248,41.379295,0.3235951645802344
300.0,-739.575419355477,3.688684,41.391762,0.3233072083813657
300.0,-739.5878089650523,3.6888041,41.341858,0.3230192502549407
300.0,-739.579313648633,3.6886036,41.391762,0.3227312925398158
300.0,-739.585683380436,3.6881628,41.404228,0.3224433352409861
300.0,-739.5790523337809,3.6884034,41.366829,0.322155377627605
300.0,-739.5833849909799,3.6882029,41.404228,0.321867421223652
300.0,-739.5792758678298,3.6880825,41.391762,0.3215794635232371
300.0,-739.5875477214458,3.6878018,41.466637,0.3212915054985272
300.0,-739.58533238301,3.6878419,41.354324,0.3210035454399876
300.0,-739.5824129155645,3.6877618,41.429199,0.3207155894145116
300.0,-739.5815909451007,3.6874011,41.441666,0.3204276308127136
300.0,-739.5842578720905,3.6871605,41.404228,0.3201396740689048
300.0,-739.5776396325529,3.687,41.404228,0.3198517170055637
300.0,-739.5811007009884,3.6870401,41.379295,0.3195637585946438
300.0,-739.5796439554085,3.6867995,41.404228,0.3192758036472611
300.0,-739.5749601164865,3.6864789,41.366829,0.3189878476271987
300.0,-739.5853076088383,3.6865189,41.341858,0.3186998904746754
300.0,-739.5699847979583,3.6864789,41.366829,0.3184119363917701
300.0,-739.5727589569061,3.6861181,41.466637,0.318123984125058
300.0,-739.567287165933,3.6860778,41.429199,0.3178360310924848
300.0,-739.5778881475367,3.6859577,41.429199,0.317548076828725
300.0,-739.5719637192918,3.6855166,41.416733,0.3172601219753199
300.0,-739.5818590183497,3.6854765,41.466637,0.3169721661655036
300.0,-739.5653462210341,3.6853964,41.329391,0.316684213888644
300.0,-739.5863258148482,3.6853161,41.441666,0.3163962563396827
300.0,-739.571683422873,3.6851559,41.441666,0.3161083015954121
300.0,-739.5843725701353,3.6849554,41.404228,0.3158203448069457
300.0,-739.5665866929581,3.6846347,41.429199,0.3155323920471041
300.0,-739.5717344843064,3.6845143,41.491611,0.3152444372829525
300.0,-739.5793962978848,3.684314,41.479103,0.3149564824319951
300.0,-739.5763093046287,3.6843541,41.391762,0.3146685258866217
300.0,-739.5891764042564,3.6840734,41.429199,0.3143805672277849
300.0,-739.5780532665071,3.6840734,41.416733,0.314092610003394
300.0,-739.5895708645709,3.6837125,41.354324,0.3138046511909744
300.0,-739.5783528375306,3.6836324,41.441666,0.3135166938499445
300.0,-739.590748092681,3.6833918,41.366829,0.3132287345791718
300.0,-739.5802736174563,3.6831512,41.45417,0.3129407764902797
300.0,-739.5887375222744,3.6829507,41.366829,0.3126528180023215
300.0,-739.5813495889491,3.6830711,41.466637,0.3123648594944962
300.0,-739.5850271753579,3.6829908,41.479103,0.3120769024511596
300.0,-739.5758772264802,3.68255,41.404228,0.3117889460740173
300.0,-739.5775511932432,3.6825097,41.479103,0.3115009890451103
300.0,-739.5805734285876,3.6823094,41.504078,0.3112130337358377
300.0,-739.5780841621491,3.6821489,41.491611,0.3109250764994175
300.0,-739.5922120282502,3.6819885,41.441666,0.3106371166586621
300.0,-739.5928159541794,3.6817079,41.466637,0.3103491536863687
300.0,-739.597207100131,3.6819084,41.45417,0.3100611919007848
300.0,-739.5865738077161,3.6815076,41.516544,0.3097732313588922
300.0,-739.5870194835122,3.681267,41.479103,0.3094852735398515
300.0,-739.5862110043666,3.6810265,41.466637,0.3091973131392176
300.0,-739.5978820057948,3.6807055,41.516544,0.3089093510908596
300.0,-739.5958327373534,3.6805854,41.491611,0.3086213869439714
300.0,-739.599937058237,3.6807055,41.441666,0.3083334240954797
300.0,-739.5887247134051,3.6801844,41.45417,0.3080454627161247
300.0,-739.5852821145386,3.6801844,41.479103,0.3077575026771573
300.0,-739.5884323941737,3.6800241,41.404228,0.3074695443080005
300.0,-739.579408081917,3.6797836,41.541512,0.3071815865561076
300.0,-739.5829788970282,3.6796231,41.404228,0.3068936303102672
300.0,-739.5909648521842,3.679503,41.416733,0.3066056680587065
300.0,-739.5786637863787,3.6791019,41.479103,0.3063177134929521
300.0,-739.579027285185,3.6788213,41.441666,0.3060297558893237
300.0,-739.5939490373103,3.6789818,41.441666,0.3057417953722648
300.0,-739.5952662849867,3.6785407,41.45417,0.3054538314459268
300.0,-739.605021033616,3.6784203,41.45417,0.3051658666179919
300.0,-739.5931594954071,3.6780596,41.479103,0.3048779035119395
300.0,-739.6048933597172,3.6778591,41.491611,0.3045899387337145
300.0,-739.5921672023824,3.6777389,41.479103,0.3043019760140147
300.0,-739.5889727343258,3.6776586,41.529045,0.304014014538092
300.0,-739.6015279608873,3.6773379,41.491611,0.3037260510701832
300.0,-739.5987018398948,3.6773379,41.404228,0.3034380858062002
300.0,-739.6037037414252,3.6770573,41.541512,0.3031501214911523
300.0,-739.5942989920592,3.6767766,41.466637,0.302862157941433
300.0,-739.6081010064265,3.6768568,41.529045,0.3025741919143124
300.0,-739.6021824757681,3.676496,41.466637,0.302286225295132
300.0,-739.6095649669613,3.6761754,41.479103,0.3019982586980191
300.0,-739.6001975608697,3.6761754,41.45417,0.301710292851672
300.0,-739.6063895348883,3.676095,41.479103,0.3014223274909119
300.0,-739.6071838075432,3.6759748,41.516544,0.301134358924446
300.0,-739.6010566444886,3.6756139,41.578953,0.300846395640044
300.0,-739.5956478990323,3.6753733,41.491611,0.3005584315651232
300.0,-739.5985434666557,3.6752532,41.516544,0.3002704663628034
300.0,-739.6054658480368,3.6749325,41.479103,0.2999825013616803
300.0,-739.5970407393754,3.674732,41.491611,0.2996945367444524
300.0,-739.6051798729752,3.6746116,41.516544,0.2994065718546735
300.0,-739.5963726634521,3.6744113,41.529045,0.2991186074975632
300.0,-739.6002420162839,3.6740503,41.441666,0.2988306445303363
300.0,-739.588934355578,3.6738098,41.466637,0.2985426830693564
300.0,-739.6051036641591,3.6738901,41.541512,0.2982547182092494
300.0,-739.5930774274193,3.6735692,41.516544,0.2979667551351505
300.0,-739.6039840044425,3.6732485,41.504078,0.2976787907109824
300.0,-739.5935857743941,3.6730881,41.504078,0.2973908274389569
300.0,-739.596647270068,3.6728878,41.541512,0.2971028658713425
300.0,-739.5898003308787,3.6725669,41.491611,0.2968149040731922
300.0,-739.5913520452037,3.6724067,41.45417,0.2965269416708767
300.0,-739.5896860875107,3.6722062,41.466637,0.296238982813595
300.0,-739.5736503204465,3.6719656,41.466637,0.2959510273035061
300.0,-739.5875601112183,3.6718454,41.466637,0.2956630692739723
300.0,-739.5840535681494,3.6715646,41.491611,0.2953751097133436
300.0,-739.5926446116971,3.671284,41.553978,0.2950871497041621
300.0,-739.5794089235823,3.671284,41.516544,0.2947991919519415
300.0,-739.59107938122,3.6708431,41.529045,0.2945112325521817
300.0,-739.5825328476914,3.6704421,41.479103,0.2942232735836507
300.0,-739.5937453868587,3.6703219,41.541512,0.293935313145883
300.0,-739.5830163044582,3.6703219,41.578953,0.2936473539891165
300.0,-739.5941276765674,3.6698408,41.529045,0.2933593934025045
300.0,-739.590302586882,3.6696002,41.566486,0.2930714314087991
300.0,-739.5882916589412,3.6694798,41.516544,0.2927834701980554
300.0,-739.5932170267565,3.6693597,41.516544,0.2924955099660044
300.0,-739.5872802621825,3.6692393,41.516544,0.2922075491490514
300.0,-739.5959857431894,3.6687582,41.541512,0.2919195878390022
300.0,-739.5768441529058,3.6684375,41.529045,0.2916316310853838
300.0,-739.6014831854018,3.6683574,41.529045,0.2913436676349083
300.0,-739.584907469964,3.668237,41.553978,0.29105570774181
300.0,-739.5927207353841,3.6677558,41.504078,0.2907677477029898
300.0,-739.5922305808182,3.6675956,41.504078,0.2904797849586135
300.0,-739.610824446626,3.6675153,41.504078,0.2901918178711228
300.0,-739.5956667956754,3.6674352,41.45417,0.2899038537888446
300.0,-739.605205898148,3.6670344,41.516544,0.2896158888889328
300.0,-739.5884058913102,3.6665933,41.479103,0.2893279276337123
300.0,-739.6018008244788,3.6665132,41.504078,0.2890399611631291
300.0,-739.5998285130253,3.6663127,41.466637,0.2887519983568994
300.0,-739.5938407179244,3.6658716,41.504078,0.2884640349856108
300.0,-739.6094749150378,3.6658716,41.516544,0.2881760684235595
300.0,-739.5918868934808,3.6655109,41.578953,0.287888105812999
300.0,-739.5979965818757,3.66523,41.553978,0.2876001437200308
300.0,-739.5967734553099,3.6648693,41.516544,0.2873121792068708
300.0,-739.6133504002577,3.6646688,41.441666,0.2870242111359015
300.0,-739.6041485920439,3.6645486,41.541512,0.286736243751207
300.0,-739.6053963775215,3.6644683,41.553978,0.2864482787771322
300.0,-739.5969518359527,3.6637869,41.504078,0.2861603141945192
300.0,-739.6050913101981,3.6639471,41.516544,0.2858723493392222
300.0,-739.599299676368,3.6635864,41.516544,0.2855843838424695
300.0,-739.591988528497,3.6634259,41.504078,0.285296421192337
300.0,-739.611078672397,3.6628647,41.578953,0.2850084540058637
300.0,-739.6034353745835,3.6626642,41.491611,0.2847204868988629
300.0,-739.6087883517943,3.6626642,41.491611,0.2844325206041247
300.0,-739.5970663981939,3.6623034,41.516544,0.2841445559769064
300.0,-739.6139550547144,3.6619828,41.529045,0.2838565876705152
300.0,-739.6058734129448,3.6617823,41.541512,0.2835686196142559
300.0,-739.6173021309238,3.6615016,41.529045,0.2832806500046822
300.0,-739.5996880900374,3.6614213,41.516544,0.2829926843566993
300.0,-739.6107478473617,3.6611006,41.553978,0.2827047172990325
300.0,-739.6079474639363,3.6606598,41.566486,0.2824167484352344
300.0,-739.6134588114318,3.6603789,41.491611,0.2821287803220552
300.0,-739.6046002497036,3.6600182,41.603924,0.2818408127615063
300.0,-739.6020682796196,3.6600983,41.479103,0.2815528461867886
300.0,-739.6032518469591,3.6598177,41.504078,0.2812648820476856
300.0,-739.599478606457,3.6595771,41.529045,0.2809769164812659
300.0,-739.6086554162581,3.6592164,41.578953,0.2806889502382861
300.0,-739.5991670724504,3.6589758,41.578953,0.2804009847931632
300.0,-739.6067205301819,3.6586149,41.516544,0.2801130193035303
300.0,-739.5955138053693,3.6582942,41.566486,0.2798250552808193
300.0,-739.6065425750276,3.6578934,41.578953,0.2795370898604731
300.0,-739.5987912190948,3.6578531,41.529045,0.27924912456169
300.0,-739.606516269706,3.6574123,41.516544,0.2789611591515857
300.0,-739.5974102320503,3.6574523,41.541512,0.2786731943904946
300.0,-739.6019410366584,3.6569712,41.541512,0.278385230761755
300.0,-739.5971809610489,3.6567307,41.566486,0.2780972660899313
300.0,-739.5939997742364,3.6563699,41.504078,0.2778093026567135
300.0,-739.602984865524,3.656049,41.529045,0.2775213386215596
300.0,-739.590061010952,3.6558487,41.566486,0.2772333767219127
300.0,-739.5980021969218,3.6554477,41.529045,0.2769454146267582
300.0,-739.5892459389016,3.6552472,41.491611,0.2766574530444624
300.0,-739.606579770334,3.6548865,41.578953,0.2763694876096342
300.0,-739.5947700466953,3.6546059,41.479103,0.2760815238765082
300.0,-739.6006244649959,3.6544054,41.553978,0.275793560760375
300.0,-739.5970667884335,3.6542449,41.553978,0.2755055961330048
300.0,-739.6013372126203,3.6538842,41.529045,0.2752176327393638
300.0,-739.5916647632304,3.6533229,41.566486,0.2749296702152904
300.0,-739.5909199684669,3.6533229,41.529045,0.2746417108775979
300.0,-739.5942031793282,3.6531625,41.466637,0.2743537473651837
300.0,-739.5906459451658,3.6526012,41.541512,0.2740657852377906
300.0,-739.590952414548,3.6524808,41.541512,0.2737778258874652
300.0,-739.5776213101167,3.6521602,41.516544,0.273489868831258
300.0,-739.585670525932,3.6519997,41.529045,0.2732019115374332
300.0,-739.5789380764463,3.6514385,41.516544,0.2729139539685385
300.0,-739.5842072492952,3.6512783,41.516544,0.2726259972444397
300.0,-739.5820815677886,3.6511178,41.466637,0.272338038451616
300.0,-739.5860464681972,3.6507571,41.591419,0.2720500810114183
300.0,-739.58618495449,3.6503961,41.491611,0.2717621206209271
300.0,-739.5977990341212,3.6499953,41.553978,0.2714741586048739
300.0,-739.5928852776816,3.6497948,41.541512,0.2711861956055892
300.0,-739.6041493617081,3.6494339,41.504078,0.2708982311170393
300.0,-739.589729762375,3.6488726,41.491611,0.2706102693463652
300.0,-739.5929748158832,3.648993,41.491611,0.2703223063122184
300.0,-739.6029211565753,3.6486721,41.578953,0.2700343423018695
300.0,-739.5933246433045,3.6483114,41.504078,0.2697463791315163
300.0,-739.5996438441267,3.6480308,41.578953,0.2694584163971873
300.0,-739.5906462864975,3.6477101,41.491611,0.2691704542696613
300.0,-739.6066372169685,3.6475496,41.553978,0.2688824888124663
300.0,-739.5948456807428,3.6471889,41.529045,0.268594525049892
300.0,-739.5986960606053,3.6466274,41.529045,0.2683065626845821
300.0,-739.5918228436364,3.6465473,41.504078,0.2680186000989596
300.0,-739.6024116323242,3.6459057,41.516544,0.2677306362869938
300.0,-739.5924910779474,3.6460261,41.516544,0.267442673441192
300.0,-739.6092779658477,3.6454248,41.516544,0.2671547069558228
300.0,-739.6079603541223,3.6454248,41.429199,0.2668667380870059
300.0,-739.6046573667066,3.6448634,41.566486,0.2665787705042183
300.0,-739.6072419688327,3.6446228,41.541512,0.2662908048115635
300.0,-739.5981158438282,3.644222,41.566486,0.26600283977574
300.0,-739.602659888617,3.6441016,41.504078,0.2657148758671157
300.0,-739.5963867380676,3.6437409,41.541512,0.2654269115045254
300.0,-739.6172387518506,3.6433802,41.603924,0.2651389419196284
300.0,-739.6000710348268,3.6429791,41.479103,0.2648509761225447
300.0,-739.6147508478865,3.6427386,41.479103,0.2645630075063118
300.0,-739.606109141624,3.6425381,41.479103,0.2642750393582707
300.0,-739.6128153753194,3.6419368,41.45417,0.2639870714956129
300.0,-739.6131018220333,3.6419768,41.491611,0.263699100624948
300.0,-739.6136435908346,3.6415358,41.491611,0.263411132439825
300.0,-739.6127699751024,3.6412551,41.479103,0.2631231616983658
300.0,-739.6163040053698,3.640734,41.45417,0.2628351924774119
300.0,-739.6061528427329,3.6406138,41.541512,0.2625472243123556
300.0,-739.6040413172772,3.6400523,41.504078,0.262259256969429
300.0,-739.613108492227,3.6400926,41.479103,0.2619712889926464
300.0,-739.6020044853648,3.6396115,41.491611,0.2616833224427671
300.0,-739.608222089568,3.6393309,41.541512,0.2613953563685028
300.0,-739.6053703879218,3.6388497,41.441666,0.261107388508098
300.0,-739.6078275187493,3.6384487,41.479103,0.2608194225874596
300.0,-739.6022137868198,3.6383686,41.504078,0.2605314559560882
300.0,-739.6059372620476,3.6380076,41.466637,0.2602434907714202
300.0,-739.6124904599814,3.637687,41.45417,0.2599555201387912
300.0,-739.6136302235093,3.6373262,41.479103,0.2596675519588728
300.0,-739.6065736295114,3.6370456,41.441666,0.2593795836299817
300.0,-739.6126189389507,3.6365645,41.416733,0.2590916158438064
300.0,-739.5995293507056,3.6364441,41.45417,0.2588036502576293
300.0,-739.5941205504349,3.6358428,41.529045,0.2585156867773869
300.0,-739.608438239887,3.6356823,41.491611,0.2582277206189645
300.0,-739.5996364425283,3.6352816,41.491611,0.2579397549910908
300.0,-739.6047919919583,3.6350811,41.504078,0.2576517902523332
300.0,-739.595259362991,3.6348004,41.504078,0.2573638263286903
300.0,-739.6120462549977,3.6344395,41.466637,0.2570758587654891
300.0,-739.5987462124123,3.6340787,41.491611,0.2567878934842296
300.0,-739.6024184929984,3.6338382,41.479103,0.2564999296695925
300.0,-739.5920276762645,3.6331565,41.45417,0.2562119670042178
300.0,-739.6044739367072,3.6331165,41.441666,0.2559240023892948
300.0,-739.5926819581274,3.6326754,41.45417,0.2556360394691732
300.0,-739.6024632803528,3.6324348,41.466637,0.2553480756370982
300.0,-739.5927521239088,3.631954,41.479103,0.2550601126896573
300.0,-739.5928412106847,3.631593,41.479103,0.2547721497075302
300.0,-739.603398173354,3.6314728,41.466637,0.2544841855114551
300.0,-739.5975633443189,3.6309516,41.504078,0.2541962206907492
300.0,-739.602132443858,3.6305506,41.516544,0.2539082569874853
300.0,-739.5933878752213,3.6302299,41.479103,0.2536202937925124
300.0,-739.6024442498915,3.6297889,41.479103,0.253332329967847
300.0,-739.5964682688875,3.6297088,41.516544,0.2530443655735124
300.0,-739.601839241412,3.6292677,41.45417,0.2527564019844067
300.0,-739.5921671049759,3.6289871,41.491611,0.2524684392647449
300.0,-739.5986773469227,3.6285861,41.466637,0.2521804769067212
300.0,-739.5903915023782,3.6283858,41.504078,0.2518925148783962
300.0,-739.6019925750014,3.6281853,41.491611,0.2516045512295902
300.0,-739.5907734465006,3.6278243,41.491611,0.251316589052554
300.0,-739.5912576121243,3.6273031,41.45417,0.2510286266870064
300.0,-739.601808028476,3.6269424,41.479103,0.2507406631100534
300.0,-739.5854220304868,3.6267819,41.529045,0.2504527030166092
300.0,-739.5943368203058,3.6264212,41.441666,0.2501647423485672
300.0,-739.5863837086293,3.6257796,41.45417,0.2498767818806904
300.0,-739.598798124336,3.6255391,41.466637,0.249588819475642
300.0,-739.5918874306486,3.6251383,41.466637,0.2493008568648723
300.0,-739.6023546256602,3.6249778,41.466637,0.249012893075102
300.0,-739.593814777323,3.6244967,41.45417,0.2487249297139134
300.0,-739.597213886931,3.624176,41.45417,0.2484369679256871
300.0,-739.5833096017707,3.6238554,41.416733,0.2481490086547242
300.0,-739.5926005684041,3.6232538,41.516544,0.2478610486626909
300.0,-739.5808341491081,3.6229732,41.466637,0.247573090355554
300.0,-739.5806559522277,3.622813,41.479103,0.2472851321177986
300.0,-739.5959854014449,3.6225324,41.391762,0.2469971708078824
300.0,-739.584467616081,3.6219709,41.429199,0.2467092110860427
300.0,-739.5996321986205,3.6217303,41.479103,0.2464212483562479
300.0,-739.5857789387009,3.6213295,41.466637,0.2461332881238403
300.0,-739.5940258442816,3.6210089,41.416733,0.2458453275768767
300.0,-739.5928167845897,3.620728,41.429199,0.2455573646042599
300.0,-739.5974484337445,3.6203673,41.429199,0.2452694027247129
300.0,-739.5829023528489,3.6200867,41.466637,0.2449814436123137
300.0,-739.6014953555983,3.6195254,41.45417,0.2446934801570998
300.0,-739.5873311527455,3.6194451,41.391762,0.2444055193203324
300.0,-739.5953998265625,3.6189239,41.45417,0.2441175582384095
300.0,-739.5895768338687,3.6186433,41.441666,0.2438295965272785
300.0,-739.5934075288105,3.6182425,41.45417,0.2435416333246535
300.0,-739.5932306621569,3.6178014,41.429199,0.2432536730872936
300.0,-739.5847288826393,3.6175609,41.404228,0.2429657132637289
300.0,-739.6049376712897,3.6169996,41.491611,0.2426777484682511
300.0,-739.5993124568694,3.6169996,41.404228,0.2423897829665223
300.0,-739.6075222680709,3.616358,41.504078,0.2421018171647331
300.0,-739.594330461294,3.6160774,41.45417,0.2418138536027612
300.0,-739.6083048772725,3.6158769,41.45417,0.2415258874962635
300.0,-739.5931080916187,3.6153157,41.404228,0.2412379244102254
300.0,-739.5998030855983,3.6149149,41.391762,0.2409499616138959
300.0,-739.5979891483473,3.614594,41.45417,0.2406619966274018
300.0,-739.6077828406712,3.6143534,41.441666,0.2403740307241588
300.0,-739.598542856433,3.6138322,41.416733,0.2400860655220765
300.0,-739.5943308640165,3.6137121,41.45417,0.2397981019599478
300.0,-739.6017883992456,3.6130705,41.466637,0.2395101383906374
300.0,-739.5825081158711,3.6129904,41.491611,0.2392221794317358
300.0,-739.5870959851645,3.6123891,41.45417,0.2389342215829092
300.0,-739.5855617772017,3.6122687,41.466637,0.2386462614350542
300.0,-739.5944708050181,3.611948,41.379295,0.2383583007148453
300.0,-739.5879548440778,3.6114268,41.45417,0.2380703396352416
300.0,-739.595082149072,3.6109457,41.45417,0.2377823786770062
300.0,-739.6004397108019,3.6107452,41.441666,0.2374944127363773
300.0,-739.6029530779662,3.6103041,41.404228,0.2372064487135999
300.0,-739.6049569258612,3.6098633,41.416733,0.2369184810141779
300.0,-739.6067775495334,3.6094623,41.404228,0.2366305155023445
300.0,-739.5973531527001,3.6092217,41.366829,0.2363425507634774
300.0,-739.5966081727623,3.6089811,41.366829,0.2360545863146708
300.0,-739.6106842480986,3.6085401,41.391762,0.2357666192817664
300.0,-739.5936428058596,3.6081793,41.45417,0.2354786559875354
300.0,-739.6064209925707,3.6077783,41.441666,0.2351906906145273
300.0,-739.6033984368779,3.6072171,41.404228,0.2349027235219083
300.0,-739.6110284028059,3.6070569,41.366829,0.2346147563550074
300.0,-739.608939988199,3.6066558,41.379295,0.2343267871047666
300.0,-739.6091256337539,3.6062951,41.45417,0.2340388206787078
300.0,-739.6094868242201,3.6059341,41.416733,0.2337508512155546
300.0,-739.608794748146,3.6054931,41.379295,0.2334628849183259
300.0,-739.606464596927,3.6052125,41.441666,0.2331749166318872
300.0,-739.6158835196778,3.6046512,41.341858,0.232886947574649
300.0,-739.6127142504384,3.6043706,41.354324,0.2325989768548864
300.0,-739.611848617902,3.6043305,41.429199,0.2323110064721608
300.0,-739.6239963439151,3.6038895,41.45417,0.2320230342561988
300.0,-739.6058671996013,3.6032882,41.379295,0.2317350662023587
300.0,-739.6106466136404,3.6028872,41.354324,0.2314470991841072
300.0,-739.5974173124337,3.6025665,41.366829,0.2311591344202593
300.0,-739.6073879903178,3.6021655,41.404228,0.2308711686707511
300.0,-739.6011836880264,3.6019249,41.416733,0.2305832024404521
300.0,-739.6124468192371,3.6016846,41.404228,0.2302952347212915
300.0,-739.6089655496111,3.6012435,41.404228,0.2300072654610983
300.0,-739.6127085513131,3.6007223,41.379295,0.2297192976400324
300.0,-739.6075025316177,3.6004817,41.354324,0.2294313289494702
300.0,-739.6186897846212,3.5999606,41.404228,0.2291433587996143
300.0,-739.6049756512243,3.5998402,41.379295,0.2288553910929016
300.0,-739.6110020148168,3.59972,41.354324,0.2285674210398038
300.0,-739.6200699801034,3.5990384,41.354324,0.2282794503525695
300.0,-739.6048365773506,3.5985973,41.416733,0.2279914827000056
300.0,-739.6255425682828,3.598397,41.391762,0.2277035098820219
300.0,-739.6111487674278,3.5977955,41.354324,0.2274155397717855
300.0,-739.6181482898663,3.5975549,41.366829,0.2271275698327603
300.0,-739.6157613556613,3.5970738,41.391762,0.2268395979265969
300.0,-739.6239836244719,3.5967131,41.416733,0.2265516257155872
300.0,-739.6140504137445,3.5964725,41.391762,0.2262636544755849
300.0,-739.6177160612608,3.5961118,41.404228,0.2259756847048477
300.0,-739.6162641365544,3.5958309,41.391762,0.2256877126029249
300.0,-739.6279922643946,3.5953901,41.366829,0.2253997388311533
300.0,-739.6143237280049,3.5949891,41.379295,0.2251117674847352
300.0,-739.6070949286767,3.5947084,41.429199,0.2248237989528746
300.0,-739.6183968629379,3.5943074,41.391762,0.2245358289170676
300.0,-739.6132537134474,3.5940268,41.354324,0.2242478579872632
300.0,-739.6266558072956,3.5935056,41.30442,0.2239598847358406
300.0,-739.6257839650201,3.5932651,41.429199,0.2236719089273403
300.0,-739.6264907799056,3.5927839,41.354324,0.2233839357401709
300.0,-739.6155520668938,3.5924232,41.416733,0.2230959639154948
300.0,-739.6134842630061,3.5919821,41.404228,0.2228079957924061
300.0,-739.6037732641919,3.5916615,41.379295,0.2225200285538468
300.0,-739.6169206953717,3.5909798,41.354324,0.2222320590927849
300.0,-739.6111291875073,3.5912604,41.329391,0.2219440889901719
300.0,-739.6142484274187,3.5906191,41.404228,0.2216561205695561
300.0,-739.604708526365,3.5900979,41.366829,0.2213681529668493
300.0,-739.5970153607028,3.5897372,41.30442,0.2210801883595027
300.0,-739.6130576132257,3.5893362,41.354324,0.2207922204025298
300.0,-739.6057778934562,3.5890956,41.391762,0.2205042523834613
300.0,-739.608310907528,3.5886545,41.341858,0.2202162862746158
300.0,-739.5949225728884,3.5882537,41.279449,0.2199283224821032
300.0,-739.6123512249137,3.5880132,41.316887,0.2196403548001622
300.0,-739.606191759467,3.5876923,41.316887,0.2193523866199536
300.0,-739.6100473423755,3.5871711,41.329391,0.219064419835028
300.0,-739.604727349544,3.5870509,41.329391,0.2187764522249924
300.0,-739.6089342994053,3.5864496,41.341858,0.2184884858734296
300.0,-739.6073501515343,3.5861688,41.316887,0.2182005172421971
300.0,-739.6214061327018,3.5859685,41.404228,0.2179125460347325
300.0,-739.6192543568309,3.5854473,41.341858,0.2176245727685573
300.0,-739.6177344178752,3.5850863,41.242008,0.2173366000941754
300.0,-739.625771634497,3.5847657,41.366829,0.217048627187005
300.0,-739.6183389438783,3.5842445,41.329391,0.2167606542772489
300.0,-739.6227042108716,3.5837233,41.316887,0.2164726825643782
300.0,-739.6137252080497,3.5836833,41.316887,0.2161847114509958
300.0,-739.6251922613561,3.5831621,41.354324,0.215896738769404
300.0,-739.6101873458981,3.582721,41.316887,0.2156087690335003
300.0,-739.6253959001433,3.58232,41.404228,0.2153207962726218
300.0,-739.6115432229562,3.5818791,41.329391,0.2150328260088027
300.0,-739.6114097282631,3.5814381,41.316887,0.214744858693433
300.0,-739.608495666717,3.5811975,41.354324,0.2144568896161903
300.0,-739.6165258081836,3.5810771,41.30442,0.2141689203088775
300.0,-739.6069232498419,3.5805559,41.341858,0.2138809518438606
300.0,-739.6146988360786,3.5801151,41.30442,0.2135929803513928
300.0,-739.618091392888,3.5799146,41.341858,0.2133050104345204
300.0,-739.6056698865042,3.5793533,41.291954,0.2130170424575048
300.0,-739.6087180627293,3.5793533,41.366829,0.2127290761901336
300.0,-739.6084762942967,3.5786717,41.291954,0.2124411071204336
300.0,-739.617257098823,3.5781906,41.316887,0.2121531375283932
300.0,-739.6158129421892,3.5778699,41.316887,0.2118651656021444
300.0,-739.6218453439454,3.5777898,41.341858,0.2115771942236732
300.0,-739.6147367263618,3.5771883,41.329391,0.2112892227164527
300.0,-739.6124527631356,3.5768676,41.316887,0.2110012549949778
300.0,-739.6016417196682,3.5765469,41.30442,0.2107132885863427
300.0,-739.6144137237023,3.576226,41.30442,0.2104253201013688
300.0,-739.6141518539479,3.5759053,41.316887,0.2101373488218704
300.0,-739.6121478300543,3.5752237,41.279449,0.2098493812191211
300.0,-739.6068082967472,3.574863,41.329391,0.2095614127988616
300.0,-739.6166273184793,3.5748229,41.379295,0.2092734405555327
300.0,-739.6207762828769,3.5741813,41.316887,0.2089854695932998
300.0,-739.6045935724518,3.5740211,41.291954,0.2086975020353507
300.0,-739.6166782262251,3.5734196,41.30442,0.208409532668694
300.0,-739.6034488516636,3.5729787,41.316887,0.2081215655564459
300.0,-739.6149350645364,3.5725777,41.291954,0.2078335968684883
300.0,-739.6069165971463,3.572217,41.291954,0.2075456284060617
300.0,-739.6123964890735,3.571856,41.266983,0.2072576607064971
300.0,-739.6025967311999,3.5716555,41.354324,0.2069696939260249
300.0,-739.6237289601629,3.5713749,41.291954,0.2066817218141687
300.0,-739.607508793869,3.5708537,41.291954,0.2063937531211682
300.0,-739.6186382217218,3.5704529,41.279449,0.2061057829913883
300.0,-739.6071581487247,3.5704126,41.291954,0.2058178144349128
300.0,-739.6082075818763,3.5698113,41.266983,0.2055298454698369
300.0,-739.623697428811,3.5693302,41.217075,0.2052418733702573
300.0,-739.6087879261189,3.5690095,41.279449,0.2049539041792224
300.0,-739.6147825372185,3.5688891,41.266983,0.2046659355506512
300.0,-739.6101181075242,3.5682478,41.329391,0.2043779658417057
300.0,-739.6131978729397,3.5678871,41.242008,0.2040899978301227
300.0,-739.608221290399,3.5676062,41.266983,0.2038020288597093
300.0,-739.6143173734483,3.5672855,41.329391,0.2035140604122494
300.0,-739.6082342540491,3.5668848,41.254517,0.2032260914367887
300.0,-739.6192429007351,3.5664837,41.266983,0.2029381210715773
300.0,-739.6109572762067,3.5660427,41.204575,0.2026501510358986
300.0,-739.6140950455349,3.5658021,41.254517,0.2023621826750019
300.0,-739.6105053619343,3.5654013,41.279449,0.2020742128152775
300.0,-739.6102956340192,3.5649602,41.279449,0.2017862430372115
300.0,-739.6162138065166,3.5646796,41.291954,0.2014982738513763
300.0,-739.6202666576686,3.5641184,41.316887,0.2012103001910583
300.0,-739.6259946336211,3.5637975,41.329391,0.2009223271970633
300.0,-739.6148326733336,3.5636773,41.291954,0.2006343556524855
300.0,-739.6247029274513,3.5632362,41.279449,0.2003463831614156
300.0,-739.6136682989562,3.5629556,41.266983,0.200058412070191
300.0,-739.6198472007599,3.5623543,41.30442,0.1997704414696957
300.0,-739.6177916928567,3.5620337,41.242008,0.1994824687730137
300.0,-739.6139932015848,3.5617127,41.329391,0.1991945004517699
300.0,-739.6129556804634,3.5613921,41.229542,0.1989065296380057
300.0,-739.6166720490401,3.5609109,41.279449,0.1986185602737541
300.0,-739.6134071916042,3.5604699,41.316887,0.1983305892841926
300.0,-739.6145340178488,3.5601892,41.30442,0.1980426178558973
300.0,-739.6231759295875,3.5598285,41.30442,0.1977546459593632
300.0,-739.6159212429976,3.5594676,41.229542,0.1974666739909472
300.0,-739.6190011019806,3.559227,41.30442,0.19717870371988
300.0,-739.605701355739,3.5586658,41.279449,0.1968907357306118
300.0,-739.6148394833099,3.5584652,41.30442,0.1966027670798687
300.0,-739.6028002463855,3.5577838,41.329391,0.1963148002201572
300.0,-739.6091761100287,3.5575833,41.266983,0.1960268337744455
300.0,-739.5957874245364,3.5571022,41.266983,0.1957388696452
300.0,-739.6046521718055,3.5569017,41.266983,0.1954509049608813
300.0,-739.603231982793,3.5565009,41.179642,0.1951629379330718
300.0,-739.6000827991642,3.5562203,41.291954,0.1948749750278359
300.0,-739.5897233536048,3.5559397,41.204575,0.194587013259657
300.0,-739.5978872927342,3.5556991,41.217075,0.1942990483128207
300.0,-739.6013626527348,3.5550575,41.192108,0.1940110849092745
300.0,-739.606656124164,3.5549774,41.179642,0.193723116548264
300.0,-739.6109191125095,3.5539751,41.254517,0.1934351494239152
300.0,-739.607609586606,3.553895,41.229542,0.1931471806916707
300.0,-739.6034179249576,3.5536544,41.254517,0.1928592164879054
300.0,-739.5973214505902,3.5531332,41.217075,0.1925712517613817
300.0,-739.5999886700447,3.5527723,41.217075,0.1922832888927949
300.0,-739.5920138584664,3.5523312,41.229542,0.1919953262328002
300.0,-739.5959843516549,3.5522912,41.192108,0.1917073649232927
300.0,-739.5885335520561,3.5516098,41.254517,0.1914194036183671
300.0,-739.5909958480214,3.5514493,41.229542,0.1911314442511309
300.0,-739.5936688796786,3.5511687,41.217075,0.190843480946748
300.0,-739.5914293883657,3.5503266,41.204575,0.1905555185143187
300.0,-739.595755822,3.5503266,41.179642,0.1902675572937891
300.0,-739.5864786913593,3.5499659,41.204575,0.1899795967889305
300.0,-739.6013238211477,3.5495648,41.242008,0.1896916334005034
300.0,-739.5996685960638,3.5491641,41.217075,0.1894036677601105
300.0,-739.5973793420131,3.5488031,41.192108,0.1891157059074643
300.0,-739.5938463079485,3.5483623,41.217075,0.1888277425339992
300.0,-739.5999306013125,3.5481217,41.217075,0.1885397796880215
300.0,-739.596067489308,3.5476806,41.167133,0.1882518154497318
300.0,-739.5928413898102,3.5473599,41.217075,0.1879638553639349
300.0,-739.5969717459501,3.5469589,41.229542,0.1876758907735698
300.0,-739.5994914625105,3.5464778,41.154667,0.1873879280985706
300.0,-739.5892840980756,3.5462372,41.229542,0.1870999665014173
300.0,-739.5894812654724,3.546037,41.229542,0.1868120048274962
300.0,-739.6024254015575,3.5456359,41.179642,0.1865240410101693
300.0,-739.5894628204596,3.5449543,41.179642,0.1862360793434299
300.0,-739.5995241046344,3.5448742,41.192108,0.1859481166557215
300.0,-739.5951197640229,3.544353,41.167133,0.1856601527864319
300.0,-739.6059435607873,3.5440724,41.192108,0.1853721875993115
300.0,-739.5889721609375,3.5436313,41.242008,0.185084226123612
300.0,-739.5914541269702,3.5432706,41.154667,0.1847962665779452
300.0,-739.584067215077,3.5430701,41.217075,0.184508307012003
300.0,-739.5889221064531,3.5423484,41.217075,0.184220348452177
300.0,-739.5892274206294,3.5419476,41.129734,0.1839323868770913
300.0,-739.5982701188705,3.5418272,41.1422,0.1836444246776216
300.0,-739.5873120483976,3.5415065,41.217075,0.1833564638482925
300.0,-739.5833413894181,3.541266,41.179642,0.183068504564953
300.0,-739.6011330118987,3.5407848,41.179642,0.1827805412508174
300.0,-739.5869169335341,3.5405042,41.129734,0.1824925805753276
300.0,-739.5977480941381,3.5402236,41.092297,0.182204618579108
300.0,-739.5917024341445,3.5394619,41.217075,0.1819166560403673
300.0,-739.6021132050757,3.5392613,41.179642,0.181628692344594
300.0,-739.5929944449161,3.5389807,41.254517,0.1813407293028046
300.0,-739.5999045141344,3.53866,41.1422,0.1810527664669839
300.0,-739.591938113916,3.538219,41.167133,0.1807648038364805
300.0,-739.5945016287337,3.5377779,41.079792,0.1804768431042705
300.0,-739.5977282971988,3.5372968,41.179642,0.1801888782193396
300.0,-739.6065547701899,3.5370963,41.154667,0.1799009127942452
300.0,-739.6041872881812,3.5366955,41.179642,0.1796129453944843
300.0,-739.602563772629,3.5364549,41.179642,0.1793249786268447
300.0,-739.6129121528563,3.5361342,41.167133,0.1790370107265067
300.0,-739.6060384642543,3.5358536,41.1422,0.1787490426059841
300.0,-739.6142796047479,3.5353725,41.192108,0.1784610741732294
300.0,-739.6021251391913,3.5349314,41.154667,0.1781731075763732
300.0,-739.604785717775,3.5346508,41.1422,0.1778851428400585
300.0,-739.6001337551552,3.5341296,41.167133,0.1775971770185544
300.0,-739.6076104029511,3.5338891,41.217075,0.1773092111824499
300.0,-739.5961440147471,3.5336885,41.1422,0.1770212469143648
300.0,-739.6116127322651,3.5332475,41.192108,0.1767332795199556
300.0,-739.5966089299131,3.5328066,41.192108,0.1764453150708541
300.0,-739.6032394929982,3.5324457,41.204575,0.1761573509365612
300.0,-739.6095135336365,3.5320046,41.204575,0.1758693814630085
300.0,-739.5981799544493,3.5316439,41.129734,0.1755814164022234
300.0,-739.6066565654363,3.5314834,41.1422,0.1752934509374951
300.0,-739.6021511160131,3.5309222,41.117229,0.1750054843305247
300.0,-739.6076297518282,3.530802,41.129734,0.1747175184868868
300.0,-739.6084692626165,3.5302405,41.204575,0.1744295494199246
300.0,-739.6144638950673,3.5300803,41.154667,0.1741415809154166
300.0,-739.6051664221291,3.5294788,41.104763,0.1738536131344265
300.0,-739.6131470426423,3.529078,41.154667,0.1735656451426343
300.0,-739.5975309218926,3.528717,41.092297,0.1732776803345522
300.0,-739.6061347363373,3.5286369,41.1422,0.1729897150729978
300.0,-739.6015586139745,3.5282362,41.167133,0.1727017486967201
300.0,-739.6074262223173,3.5276747,41.167133,0.1724137829323263
300.0,-739.5992482120075,3.5276346,41.179642,0.1721258174556114
300.0,-739.5969511399879,3.5269532,41.092297,0.1718378528732694
300.0,-739.6019409269728,3.5265923,41.117229,0.1715498892445724
300.0,-739.5990072219486,3.5261915,41.179642,0.1712619238616879
300.0,-739.6075468167847,3.525991,41.167133,0.1709739580503407
300.0,-739.6064335422834,3.5257103,41.129734,0.1706859897759931
300.0,-739.6176716393886,3.5251088,41.129734,0.1703980200225515
300.0,-739.5999432281759,3.524668,41.129734,0.1701100542752298
300.0,-739.61256820647,3.5245075,41.067326,0.1698220865088071
300.0,-739.5942415333151,3.5243471,41.154667,0.1695341229814596
300.0,-739.602679383196,3.5235853,41.104763,0.1692461590652451
300.0,-739.5958832000238,3.5233848,41.129734,0.1689581948987091
300.0,-739.6030741365512,3.5231042,41.1422,0.1686702308287976
300.0,-739.602055389229,3.5230241,41.179642,0.1683822642590988
300.0,-739.6017750432884,3.5225029,41.129734,0.1680942977985536
300.0,-739.6093416138145,3.5220618,41.117229,0.1678063312884031
300.0,-739.5912253730512,3.521621,41.104763,0.1675183689354078
300.0,-739.6018013384695,3.5213804,41.117229,0.1672304053610596
300.0,-739.6016545973714,3.5211399,41.1422,0.1669424389474104
300.0,-739.6092019770168,3.5204182,41.092297,0.1666544724916275
300.0,-739.5940758359718,3.5205784,41.104763,0.1663665090287948
300.0,-739.6004774055898,3.5200975,41.079792,0.1660785459699191
300.0,-739.5971687660094,3.5197365,41.117229,0.1657905813028436
300.0,-739.6085271929077,3.5191753,41.054859,0.1655026151097875
300.0,-739.5980082031734,3.5187743,41.167133,0.1652146501158743
300.0,-739.6105953683382,3.5185337,41.054859,0.1649266831175751
300.0,-739.6046065856236,3.5181329,41.154667,0.1646387155545593
300.0,-739.6083105232847,3.5176919,41.154667,0.1643507465494028
300.0,-739.6099964023923,3.5175314,41.067326,0.1640627797843107
300.0,-739.5914032658435,3.5173712,41.129734,0.1637748173620523
300.0,-739.5899078903244,3.5166495,41.1422,0.1634868584184119
300.0,-739.581457303068,3.5164089,41.104763,0.1631988998686478
300.0,-739.5950496780251,3.5161283,41.117229,0.162910938923055
300.0,-739.5900863648637,3.5155671,41.1422,0.1626229770135364
300.0,-739.6000322496292,3.5154867,41.092297,0.162335014127982
300.0,-739.5942858941684,3.5149655,41.054859,0.1620470505833625
300.0,-739.5991794366964,3.5146849,41.054859,0.1617590880298503
300.0,-739.5868344266034,3.5144844,41.129734,0.1614711273864849
300.0,-739.5861787564652,3.5139232,41.104763,0.1611831698947808
300.0,-739.5928286247915,3.5139232,41.167133,0.160895206917554
300.0,-739.5854349466615,3.5133619,41.117229,0.1606072468190809
300.0,-739.5893742810679,3.5129609,41.054859,0.160319288083201
300.0,-739.5829974939667,3.5127606,41.104763,0.1600313289337583
300.0,-739.5957115106321,3.5122795,41.067326,0.1597433677304814
300.0,-739.5821826412854,3.5119989,41.179642,0.1594554088983044
300.0,-739.5980149167744,3.5116379,41.129734,0.1591674467981975
300.0,-739.5908753139827,3.5110767,41.104763,0.1588794845814989
300.0,-739.5998608252736,3.5109162,41.204575,0.1585915217626884
300.0,-739.5816420192216,3.5105956,41.179642,0.1583035631410045
300.0,-739.5926511056609,3.510355,41.117229,0.1580156031292946
300.0,-739.5863322313768,3.5098739,41.054859,0.1577276426814607
300.0,-739.5898885426751,3.5095932,41.092297,0.1574396837453532
300.0,-739.5794017216454,3.5091121,41.029888,0.1571517259959367
300.0,-739.5921350488469,3.5087113,41.067326,0.1568637632887561
300.0,-739.6020561255608,3.5084708,41.079792,0.1565757996152066
300.0,-739.5966715634762,3.5080698,41.079792,0.1562878351417186
300.0,-739.6016937454358,3.5079896,41.067326,0.1559998716092617
300.0,-739.6015520951105,3.5073481,41.067326,0.1557119052355222
300.0,-739.6170162896951,3.5067868,41.104763,0.1554239357372406
300.0,-739.6082844858907,3.5066667,41.029888,0.1551359667422219
300.0,-739.6184349619231,3.5065062,41.154667,0.1548479966915811
300.0,-739.6068975410924,3.5060651,41.104763,0.154560028236574
300.0,-739.609418298822,3.5057044,41.092297,0.1542720616965662
300.0,-739.6058668337133,3.5053034,41.104763,0.1539840936428685
300.0,-739.6138086677469,3.5051031,41.054859,0.153696125393473
300.0,-739.6094425738698,3.5047021,41.054859,0.1534081559475487
300.0,-739.6114217388424,3.5041008,41.054859,0.1531201886275026
300.0,-739.597105376114,3.5043011,41.042355,0.1528322239851082
300.0,-739.5989435738034,3.5038202,41.1422,0.1525442586270053
300.0,-739.6093104618604,3.5033791,41.092297,0.1522562921289838
300.0,-739.5871464492792,3.502898,41.067326,0.1519683313641313
300.0,-739.607852372373,3.5026574,41.042355,0.1516803654338162
300.0,-739.6012655851436,3.5024569,41.042355,0.1513923991716303
300.0,-739.6057276662651,3.5023367,41.029888,0.1511044340685684
300.0,-739.6018135806286,3.5016551,41.079792,0.1508164675930186
300.0,-739.6112566271419,3.5012944,41.079792,0.1505285003372586
300.0,-739.5966086245973,3.501174,41.092297,0.1502405358882761
300.0,-739.5959793462238,3.5007732,41.079792,0.1499525745807175
300.0,-739.6034681266774,3.5004122,41.079792,0.1496646074609645
300.0,-739.6117280524078,3.4999311,41.042355,0.1493766400216555
300.0,-739.6070249703956,3.4995704,41.104763,0.1490886715170333
300.0,-739.6045752506295,3.4992094,41.092297,0.1488007039662179
300.0,-739.6077442055359,3.4992497,41.054859,0.1485127380780175
300.0,-739.6031049566213,3.4987686,41.054859,0.148224771099666
300.0,-739.610780061384,3.498167,40.992447,0.1479368040294567
300.0,-739.5974555080328,3.4980469,41.017422,0.1476488392507373
300.0,-739.6057914116393,3.4974053,41.029888,0.1473608741228561
300.0,-739.6067200886754,3.4973252,40.992447,0.1470729057369408
300.0,-739.6003446290568,3.4971247,41.079792,0.1467849427297616
300.0,-739.5960230928482,3.4966836,40.992447,0.1464969785087578
300.0,-739.5940129905961,3.496403,41.004913,0.1462090179667988
300.0,-739.5888454891942,3.4960022,41.092297,0.1459210565404193
300.0,-739.6046963980442,3.4956012,41.004913,0.1456330918388812
300.0,-739.6033408811367,3.4953206,41.017422,0.1453451247686717
300.0,-739.595997384508,3.49512,41.042355,0.1450571605576776
300.0,-739.6061094672997,3.4946792,41.054859,0.1447691953059616
300.0,-739.597855555427,3.4941981,41.017422,0.1444812303714824
300.0,-739.614127137184,3.4939575,41.117229,0.1441932619980908
300.0,-739.5963024618596,3.493717,41.079792,0.1439052976683138
300.0,-739.6018463705705,3.4932358,41.017422,0.1436173340764323
300.0,-739.6024176429279,3.4930353,41.067326,0.1433293673656888
300.0,-739.6111042091003,3.4924741,41.017422,0.1430414001692728
300.0,-739.6090934422087,3.4923537,41.067326,0.1427534308592841
300.0,-739.6210693142459,3.4921534,40.992447,0.1424654597829596
300.0,-739.6055296282009,3.4916723,41.067326,0.1421774918605541
300.0,-739.6114410758506,3.4913113,41.042355,0.1418895245329791
300.0,-739.6048555224921,3.4913113,41.004913,0.1416015568730389
300.0,-739.5981673088027,3.4905896,41.004913,0.1413135918171774
300.0,-739.6075600367712,3.4903493,41.067326,0.141025626000683
300.0,-739.6015523030201,3.4899883,41.042355,0.1407376596268625
300.0,-739.6160745118726,3.4895072,41.004913,0.1404496904952617
300.0,-739.6080114769463,3.4894271,41.029888,0.1401617216065399
300.0,-739.6026864014409,3.488946,41.017422,0.1398737576875929
300.0,-739.5953672860426,3.4889059,40.992447,0.1395857937219297
300.0,-739.5984482680209,3.4883847,41.017422,0.1392978314530977
300.0,-739.595081128867,3.4881041,40.942547,0.1390098675988508
300.0,-739.6086740566805,3.4880238,41.104763,0.1387219013486133
300.0,-739.604549615958,3.4874625,41.079792,0.1384339338077789
300.0,-739.609691896594,3.4871018,40.955013,0.138145967161246
300.0,-739.599166693875,3.4869413,41.017422,0.1378580017162705
300.0,-739.5901312131584,3.4865406,41.042355,0.13757003978929
300.0,-739.5956545890972,3.4863,40.992447,0.1372820786081755
300.0,-739.5922561913427,3.485939,40.955013,0.1369941158538276
300.0,-739.5941397000389,3.4852977,41.042355,0.1367061552625343
300.0,-739.590218993133,3.4850571,40.96748,0.1364181933013764
300.0,-739.6085779135195,3.4848566,41.029888,0.1361302270885722
300.0,-739.5990455763447,3.4843755,41.017422,0.1358422616907543
300.0,-739.6022660749568,3.4840147,40.979984,0.1355542979354611
300.0,-739.5886922545536,3.4836938,40.979984,0.1352663365687441
300.0,-739.6026351086628,3.4834533,40.992447,0.1349783726697679
300.0,-739.5923451434686,3.4830525,40.992447,0.1346904098807862
300.0,-739.6035581347401,3.4827719,41.004913,0.1344024456224303
300.0,-739.5921349518497,3.4824913,40.992447,0.1341144829152874
300.0,-739.5882282311884,3.4821303,41.054859,0.1338265217292395
300.0,-739.5961890643794,3.4817696,40.955013,0.1335385603400272
300.0,-739.5860136173961,3.4816091,41.004913,0.1332506000162467
300.0,-739.5983714246241,3.4812484,41.017422,0.1329626377773336
300.0,-739.5942732845375,3.4807272,41.017422,0.1326746742376237
300.0,-739.5973976398725,3.4803662,40.992447,0.1323867123778532
300.0,-739.5937193439861,3.4801257,40.979984,0.1320987490538219
300.0,-739.6048678706943,3.4800055,40.96748,0.1318107842855209
300.0,-739.5975942037404,3.4795644,40.992447,0.1315228194527998
300.0,-739.6026547010584,3.4792438,41.017422,0.1312348555461953
300.0,-739.5920336573467,3.4789231,40.930038,0.1309468928784918
300.0,-739.6046008413741,3.4785621,41.042355,0.1306589282141586
300.0,-739.5915818412993,3.4782014,40.96748,0.1303709657223712
300.0,-739.5844483418858,3.4778404,41.029888,0.130083006008036
300.0,-739.591842580358,3.4776802,41.029888,0.129795046311125
300.0,-739.5850911731726,3.4771991,41.004913,0.1295070863465012
300.0,-739.5861160977157,3.4769185,41.004913,0.1292191288791933
300.0,-739.5819157603514,3.4765575,41.004913,0.1289311701509273
300.0,-739.5918364285479,3.476357,41.004913,0.1286432104564115
300.0,-739.5888200374668,3.4758761,40.992447,0.1283552490399418
300.0,-739.5939490618667,3.4757957,40.955013,0.1280672885228734
300.0,-739.5839459759933,3.475395,40.955013,0.127779329004136
300.0,-739.5976015598316,3.4749939,40.979984,0.1274913670649694
300.0,-739.5923323017812,3.4745529,40.96748,0.1272034042809877
300.0,-739.5994846272115,3.4743123,40.905106,0.1269154416086498
300.0,-739.5910145585224,3.4736309,40.96748,0.1266274793377358
300.0,-739.6008461415914,3.4734704,40.930038,0.1263395132388617
300.0,-739.6002673702461,3.4734304,40.992447,0.1260515502617632
300.0,-739.5891375897992,3.4727888,40.942547,0.1257635887216534
300.0,-739.5947381167379,3.472388,40.992447,0.1254756278973668
300.0,-739.5854600067169,3.4721074,40.979984,0.1251876677891365
300.0,-739.5975509984276,3.4718668,40.979984,0.1248997058696559
300.0,-739.5871399304152,3.4715462,40.955013,0.1246117451073416
300.0,-739.5898576702557,3.4711852,40.867672,0.1243237861832543
300.0,-739.5884820023626,3.4711051,40.96748,0.1240358248983998
300.0,-739.5936183235979,3.4704235,40.930038,0.1237478645101041
300.0,-739.5824059917763,3.4701829,40.992447,0.1234599055909648
300.0,-739.5961505147826,3.4697018,40.955013,0.1231719442167618
300.0,-739.5820367194939,3.4694612,41.004913,0.1228839854414
300.0,-739.5812222089629,3.4692206,40.942547,0.1225960269831706
300.0,-739.5852759927665,3.4688199,40.955013,0.1223080698429571
300.0,-739.5879548436685,3.4686193,40.96748,0.1220201087633535
300.0,-739.5963230130754,3.4681382,41.017422,0.1217321473219884
300.0,-739.5772389632718,3.4678175,40.917572,0.1214441904146492
300.0,-739.5818399635366,3.4675369,40.917572,0.1211562346122519
300.0,-739.5823552729025,3.467176,40.992447,0.1208682757128602
300.0,-739.5975505461789,3.4667752,40.930038,0.1205803137935557
300.0,-739.587744248918,3.4663742,40.96748,0.1202923527959479
300.0,-739.6038246045815,3.4661336,40.917572,0.1200043884338421
300.0,-739.594127288668,3.4655724,40.917572,0.1197164249509761
300.0,-739.6044549291653,3.4654119,40.905106,0.1194284603434537
300.0,-739.5987721761375,3.4651713,40.979984,0.1191404950520851
300.0,-739.5875287715678,3.4648106,40.917572,0.1188525341383741
300.0,-739.5994976274173,3.4640489,40.96748,0.1185645714609746
300.0,-739.5958511942349,3.4639688,40.942547,0.1182766073069001
300.0,-739.6044043071887,3.4635277,40.930038,0.1179886427190874
300.0,-739.5923066544224,3.4630466,40.96748,0.1177006799450915
300.0,-739.6097866486298,3.4628861,40.942547,0.117412713261667
300.0,-739.5995924356943,3.4626458,40.979984,0.1171247476509275
300.0,-739.608272650972,3.4623249,40.930038,0.1168367815569771
300.0,-739.600044362654,3.4617636,40.867672,0.1165488157702783
300.0,-739.5954827742934,3.4612825,40.942547,0.1162608546560597
300.0,-739.5902456047337,3.461082,40.942547,0.1159728926845405
300.0,-739.5981486943937,3.4607613,40.942547,0.1156849305323474
300.0,-739.5900868044205,3.4602401,40.942547,0.1153969686226576
300.0,-739.5825211163555,3.4600797,40.992447,0.1151090096586942
300.0,-739.5920084021504,3.4596388,40.880135,0.1148210498972206
300.0,-739.584525209066,3.4591978,40.979984,0.1145330901529569
300.0,-739.5977165022135,3.4590776,40.942547,0.1142451281690376
300.0,-739.5847987304173,3.458436,40.880135,0.1139571683182774
300.0,-739.5892207894983,3.458035,40.917572,0.1136692096421593
300.0,-739.5807698309868,3.4574738,40.892601,0.1133812513600648
300.0,-739.5891703005361,3.4573936,40.96748,0.1130932927036046
300.0,-739.5419603425546,3.4569526,40.917572,0.1128053495321161
300.0,-739.548133103478,3.4567924,40.96748,0.1125174068534671
300.0,-739.5349870104186,3.4562309,40.955013,0.1122294663970691
300.0,-739.54380001052,3.4561107,40.955013,0.1119415254055076
300.0,-739.5412100658352,3.4555495,40.892601,0.1116535825261419
300.0,-739.5457339822933,3.4551084,40.96748,0.1113656378853739
300.0,-739.5494693899094,3.4549079,40.892601,0.1110776946864425
300.0,-739.5338793740596,3.4544668,40.979984,0.1107897546613065
300.0,-739.5427686940046,3.4543467,40.942547,0.1105018140712875
300.0,-739.5376336053622,3.453625,40.867672,0.1102138725844288
300.0,-739.5469434483514,3.4534645,40.96748,0.1099259303689714
300.0,-739.5411406203704,3.4532239,40.842697,0.1096379875166445
300.0,-739.5539616134256,3.4526227,40.930038,0.1093500425686681
300.0,-739.5505315674402,3.4521415,40.955013,0.1090620960599442
300.0,-739.5568567466697,3.4520214,40.942547,0.1087741499847492
300.0,-739.5467534723805,3.4513397,40.942547,0.1084862049470394
300.0,-739.5532746840856,3.4511793,40.867672,0.1081982602665186
300.0,-739.5415021778997,3.450618,40.917572,0.1079103172734181
300.0,-739.5310923636528,3.4502172,40.905106,0.107622378333414
300.0,-739.5468098053836,3.4497762,40.930038,0.1073344361699904
300.0,-739.5317096081527,3.4493351,40.930038,0.1070464969896601
300.0,-739.5419670416541,3.4491346,40.917572,0.1067585567117641
300.0,-739.5303739830375,3.4486134,40.917572,0.106470618051464
300.0,-739.5405537043237,3.4482527,40.905106,0.10618267832385
300.0,-739.5265676282439,3.4477715,40.892601,0.1058947411455671
300.0,-739.5406315488067,3.447531,40.930038,0.1056068013876444
300.0,-739.5309457698387,3.4470499,40.855206,0.1053188625047172
300.0,-739.5329363408355,3.4466088,40.892601,0.1050309257429198
300.0,-739.5272491806335,3.446208,40.880135,0.1047429882992721
300.0,-739.5361891545017,3.445847,40.905106,0.1044550502709933
300.0,-739.5281912534807,3.4454062,40.817764,0.1041671124605464
300.0,-739.5282415827288,3.4450452,40.892601,0.1038791746305036
300.0,-739.5342988851124,3.4444439,40.905106,0.1035912373382002
300.0,-739.5262306789351,3.4439628,40.930038,0.1033033002911096
300.0,-739.5300922949134,3.4436822,40.855206,0.10301536463664
300.0,-739.5272675396994,3.4432812,40.917572,0.1027274271858441
300.0,-739.5308949242029,3.4425597,40.892601,0.1024394912188712
300.0,-739.5280883972007,3.4424794,40.892601,0.1021515534484717
300.0,-739.534458541998,3.4420383,40.930038,0.101863616094006
300.0,-739.5286418253452,3.4415975,40.892601,0.1015756781081274
300.0,-739.531805207099,3.4413168,40.905106,0.1012877417867363
300.0,-739.5258045212968,3.4406352,40.892601,0.1009998049055716
300.0,-739.5303476189732,3.4402342,40.880135,0.1007118691516916
300.0,-739.5295336782195,3.4398735,40.880135,0.1004239308185671
300.0,-739.5400320102854,3.4392319,40.917572,0.1001359912940744
300.0,-739.5293875738934,3.4387107,40.867672,0.0998480530178361
300.0,-739.5324543437558,3.4383099,40.867672,0.0995601135475405
300.0,-739.5362461611658,3.4378688,40.930038,0.0992721754970662
300.0,-739.5260711587147,3.4376683,40.892601,0.0989842385120853
300.0,-739.5379648232536,3.4369869,40.880135,0.0986962997924509
300.0,-739.5305077093801,3.4365859,40.867672,0.098408361080084
300.0,-739.5272167548834,3.4360247,40.880135,0.0981204265452043
300.0,-739.5223111783863,3.435704,40.892601,0.0978324910241846
300.0,-739.5339368835666,3.4351828,40.867672,0.0975445538728264
300.0,-739.5303360190857,3.4350624,40.855206,0.0972566152273076
300.0,-739.5354311787338,3.43402,40.930038,0.0969686774941464
300.0,-739.527306015649,3.4338596,40.880135,0.0966807400283698
300.0,-739.5306977183976,3.4334588,40.905106,0.0963928041381788
300.0,-739.51540725529,3.4327371,40.867672,0.0961048713052249
300.0,-739.5178313043689,3.4323361,40.905106,0.0958169375284593
300.0,-739.5287440699351,3.431855,40.942547,0.0955290023989204
300.0,-739.5229922785317,3.4312537,40.942547,0.0952410666127119
300.0,-739.5316587706092,3.4308527,40.892601,0.0949531303483358
300.0,-739.5208791782022,3.4302113,40.880135,0.0946651953848702
300.0,-739.5300679054073,3.4294496,40.905106,0.0943772597398966
300.0,-739.5166924418817,3.4290485,40.867672,0.0940893264065509
300.0,-739.5337331715192,3.4287279,40.830231,0.0938013893345079
300.0,-739.5295011964489,3.4283271,40.880135,0.0935134510140302
300.0,-739.5344835904365,3.427485,40.842697,0.0932255136498119
300.0,-739.5242524292149,3.4272444,40.855206,0.0929375773729596
300.0,-739.5182762520994,3.4266031,40.880135,0.09264964631906
300.0,-739.513180715349,3.4260418,40.942547,0.092361714353017
300.0,-739.4826605809192,3.4253201,40.905106,0.0920737942700919
300.0,-739.4659367340012,3.4250395,40.917572,0.0917858835945563
300.0,-739.45726365315,3.4245183,40.892601,0.0914979734000112
300.0,-739.4683222333086,3.4239569,40.892601,0.0912100617956827
300.0,-739.4579645525849,3.4234757,40.892601,0.09092215132824
300.0,-739.468049465546,3.4226739,40.942547,0.0906342398301135
300.0,-739.4586767319303,3.4220726,40.905106,0.0903463290853814
300.0,-739.4744446664351,3.4216316,40.867672,0.0900584150972868
300.0,-739.4728613224607,3.4211504,40.880135,0.0897704988297362
300.0,-739.4777407294011,3.4204288,40.979984,0.0894825835583212
300.0,-739.4690748893286,3.4199076,40.880135,0.0891946687650312
300.0,-739.4710910230018,3.4194267,40.867672,0.0889067560826759
300.0,-739.4563348844661,3.4188251,40.917572,0.0886188462497501
300.0,-739.4642072726411,3.418344,40.930038,0.0883309333516831
300.0,-739.4762844227149,3.4177027,40.930038,0.0880430186472804
300.0,-739.4614448467172,3.416981,40.892601,0.0877551068247734
300.0,-739.4703212674855,3.4163394,40.842697,0.087467194442122
300.0,-739.461954146065,3.415658,40.905106,0.0871792824213175
300.0,-739.4713845426357,3.4153371,40.867672,0.0868913696246805
300.0,-739.462437627388,3.4144151,40.817764,0.086603457415631
300.0,-739.4695701036879,3.4138939,40.917572,0.0863155453254448
300.0,-739.4732428266171,3.4132924,40.930038,0.0860276289093543
300.0,-739.4727463178853,3.4126511,40.880135,0.0857397155825108
300.0,-739.4646654733118,3.4119694,40.867672,0.0854518025060419
300.0,-739.4703080589587,3.4113281,40.880135,0.0851638901285332
300.0,-739.4583838140117,3.4105263,40.917572,0.0848759794978497
300.0,-739.4656450095729,3.4100049,40.917572,0.084588066039995
300.0,-739.4715298564847,3.4093235,40.867672,0.0843001531867801
300.0,-739.4718489851979,3.4086018,40.867672,0.0840122373133865
300.0,-739.4771751860661,3.40784,40.917572,0.0837243222621655
300.0,-739.4684197782832,3.4073989,40.892601,0.0834364077239452
300.0,-739.4608969244928,3.4066372,40.892601,0.0831484990106568
300.0,-739.4651294242361,3.4058754,40.979984,0.0828605857535471
300.0,-739.4679720729024,3.405194,40.942547,0.0825726742855533
300.0,-739.460217606311,3.4043119,40.905106,0.0822847629408766
300.0,-739.4752846121764,3.4039512,40.905106,0.0819968486257495
300.0,-739.4701054018948,3.4029889,40.892601,0.0817089334312259
300.0,-739.482125128234,3.4021068,40.867672,0.0814210164527475
300.0,-739.475546490351,3.401746,40.942547,0.0811330991397177
300.0,-739.478435698112,3.4006636,40.880135,0.0808451807017651
300.0,-739.4779065380967,3.400022,40.917572,0.0805572653657926
300.0,-739.4664661003584,3.3995409,40.942547,0.0802693515882434
300.0,-739.477116836162,3.3988192,40.892601,0.0799814365597409
300.0,-739.459198910209,3.3980978,40.905106,0.0796935256116969
300.0,-739.4775628847511,3.3971355,40.917572,0.0794056104095256
300.0,-739.4664083608546,3.3961732,40.917572,0.0791176966544575
300.0,-739.477715752995,3.3954515,40.96748,0.0788297813927671
300.0,-739.4712132956852,3.3947701,40.917572,0.0785418657668813
300.0,-739.4754624208102,3.3942487,40.892601,0.0782539513825245
300.0,-739.4789891499943,3.3931262,40.855206,0.0779660327290835
300.0,-739.4801589064392,3.3924446,40.930038,0.0776781165161526
300.0,-739.45593455754,3.3915226,40.905106,0.0773902068390953
300.0,-739.4621450745389,3.3909211,40.96748,0.0771022947439522
300.0,-739.4743747197286,3.3900392,40.880135,0.0768143807830913
300.0,-739.4658293356915,3.3889968,40.942547,0.0765264672534687
300.0,-739.4665220526776,3.3883953,40.892601,0.0762385563500396
300.0,-739.4659821434628,3.3872728,40.892601,0.0759506427609207
300.0,-739.4708369799721,3.3867517,40.930038,0.0756627301774769
300.0,-739.4660341077475,3.3857493,40.942547,0.0753748165681255
300.0,-739.4760925513978,3.3852282,40.942547,0.0750869019384278
300.0,-739.4595368843318,3.3840654,40.942547,0.0747989908587924
300.0,-739.4638498940011,3.3832636,40.892601,0.0745110809957669
300.0,-739.4482091663106,3.3825822,40.892601,0.0742231743266169
300.0,-739.4587015267981,3.3816199,40.892601,0.0739352664681055
300.0,-739.4591732141469,3.3808582,40.905106,0.0736473555300663
300.0,-739.4630106837469,3.379976,40.905106,0.0733594430978954
300.0,-739.4717915394476,3.3790541,40.917572,0.0730715301427943
300.0,-739.4588870336429,3.3780918,40.905106,0.0727836193161805
300.0,-739.4773978201171,3.3770494,40.892601,0.0724957041782771
300.0,-739.4564623256382,3.3758466,40.892601,0.0722077942957315
300.0,-739.4021989866256,3.3753254,40.905106,0.0719199084364546
300.0,-739.3995279457611,3.3743632,40.880135,0.071632020721503
300.0,-739.3988773378434,3.3734412,40.930038,0.0713441361555082
300.0,-739.3934379598074,3.3723185,40.942547,0.0710562508117134
300.0,-739.4067482667374,3.3714366,40.892601,0.0707683631811766
300.0,-739.3978932730798,3.3704743,40.930038,0.0704804761026904
300.0,-739.4050821444881,3.3695922,40.905106,0.0701925891208574
300.0,-739.4012840654354,3.3687503,40.917572,0.0699047007221547
300.0,-739.4012333707086,3.3675878,40.855206,0.0696168123431902
300.0,-739.40790064061,3.3665454,40.892601,0.0693289242639772
300.0,-739.3941444015865,3.3657033,40.942547,0.0690410386451268
300.0,-739.4058576249408,3.3647814,40.880135,0.0687531513613609
300.0,-739.4046506391963,3.3636186,40.942547,0.0684652616518713
300.0,-739.4103122995372,3.3625362,40.930038,0.0681773726336802
300.0,-739.4025316920255,3.3617344,40.930038,0.0678894837492098
300.0,-739.412061918355,3.3606117,40.930038,0.0676015940498056
300.0,-739.3999097437738,3.3596094,40.880135,0.0673137061861997
300.0,-739.4122650201737,3.3586071,40.979984,0.0670258164077178
300.0,-739.3989681829244,3.3577652,40.942547,0.0667379289107118
300.0,-739.4016770719883,3.3566427,40.930038,0.066450043254642
300.0,-739.3960663532544,3.35548,40.979984,0.0661621568874732
300.0,-739.3955510237118,3.3542371,40.942547,0.0658742707209498
300.0,-739.4048078022452,3.3533952,40.96748,0.0655863838459318
300.0,-739.4027679942976,3.3522725,40.96748,0.0652984948694564
300.0,-739.4094089980513,3.3513906,40.930038,0.0650106062029652
300.0,-739.4041414135173,3.3501077,40.942547,0.0647227166917443
300.0,-739.4026062032183,3.3490653,40.905106,0.0644348306739178
300.0,-739.4027994033697,3.3479426,40.955013,0.0641469416852131
300.0,-739.4041133643492,3.3469403,40.955013,0.0638590550805742
300.0,-739.3991080753395,3.345938,40.942547,0.0635711675291006
300.0,-739.4106821988595,3.344655,40.917572,0.0632832783668894
300.0,-739.395200866009,3.3435326,40.992447,0.062995392336701
300.0,-739.3982791294652,3.3422897,40.892601,0.0627075080036184
300.0,-739.4008204206457,3.3412874,40.96748,0.0624196197854373
300.0,-739.4029195803959,3.3400445,40.979984,0.0621317307499413
300.0,-739.4179108269695,3.3390422,40.96748,0.0618438387732675
300.0,-739.4048537275127,3.3377192,40.942547,0.0615559489847048
300.0,-739.4123297662248,3.3365967,40.942547,0.0612680591810141
300.0,-739.4082966306719,3.3355141,40.917572,0.0609801680519453
300.0,-739.4111969970261,3.3345118,40.955013,0.0606922786892977
300.0,-739.4022572792825,3.3330686,40.930038,0.0604043899116709
300.0,-739.4178540511366,3.3320262,41.017422,0.0601164979571027
300.0,-739.41739049754,3.3307033,40.955013,0.059828603287306
300.0,-739.4213914737051,3.3295405,40.955013,0.0595407099554442
300.0,-739.4144571253757,3.3286583,40.992447,0.059252816427766
300.0,-739.423994343789,3.3270948,40.905106,0.0589649220824781
300.0,-739.423435647477,3.3259723,40.917572,0.0586770250589817
300.0,-739.4150244196122,3.3248096,40.96748,0.0583891313104255
300.0,-739.4178979982498,3.3234866,40.96748,0.0581012393387466
300.0,-739.4093407175201,3.3223641,40.979984,0.057813347803159
300.0,-739.4131705305158,3.3210008,40.979984,0.0575254576721172
300.0,-739.4062158664127,3.3196378,40.979984,0.057237567353201
300.0,-739.4116487447671,3.3187156,40.930038,0.0569496778146657
300.0,-739.4043769230321,3.3174727,40.992447,0.0566617882117484
300.0,-739.4110629505134,3.3160696,41.004913,0.0563738989012917
300.0,-739.3988410106431,3.3147466,41.004913,0.0560860114538007
300.0,-739.4110065659471,3.313664,41.004913,0.0557981221652973
300.0,-739.4036648042589,3.3124614,41.054859,0.0555102328396458
300.0,-739.4139525540452,3.3110981,40.905106,0.0552223424041235
300.0,-739.406037998586,3.3096149,40.892601,0.0549344521544608
300.0,-739.4079087427108,3.308372,41.004913,0.0546465611764176
300.0,-739.4188905073253,3.3070488,41.004913,0.0543586688183057
300.0,-739.4089330535978,3.3057258,41.004913,0.0540707774414435
300.0,-739.4113374274077,3.3044429,40.942547,0.0537828880241194
300.0,-739.4122484681095,3.3030398,40.942547,0.0534949953563893
300.0,-739.4067929681443,3.3017969,41.029888,0.053207107708448
300.0,-739.3543912056798,3.300514,40.992447,0.0529192375676394
300.0,-739.3617261959371,3.2993512,41.029888,0.0526313674664223
300.0,-739.3535057104168,3.2977476,41.042355,0.0523434976703842
300.0,-739.3595748779608,3.2963042,41.029888,0.0520556284067816
300.0,-739.358215491033,3.2951014,41.054859,0.0517677567769745
300.0,-739.3692220260814,3.2936583,41.029888,0.0514798837572599
300.0,-739.3603031396349,3.292295,41.029888,0.0511920113146197
300.0,-739.3575024571304,3.291012,41.029888,0.0509041399624347
300.0,-739.3636021709934,3.2894485,40.992447,0.0506162691308077
300.0,-739.3585907943287,3.2881656,41.004913,0.050328397354875
300.0,-739.3645328153125,3.2866821,41.004913,0.0500405261609021
300.0,-739.361467465309,3.2854795,40.942547,0.0497526532649277
300.0,-739.3727726559488,3.2838757,41.004913,0.0494647788627772
300.0,-739.3579607191917,3.2823122,41.029888,0.0491769073321664
300.0,-739.3669808141616,3.2809091,40.942547,0.0488890351850664
300.0,-739.3520997357577,3.2793453,40.979984,0.0486011659364493
300.0,-739.3628644469629,3.2780623,40.979984,0.0483132953920548
300.0,-739.3528830447169,3.2763386,41.004913,0.0480254258384537
300.0,-739.3625274332829,3.2750556,41.004913,0.0477375554252753
300.0,-739.3580245981656,3.2735322,40.96748,0.0474496838697929
300.0,-739.356148154946,3.2719283,41.054859,0.0471618130449101
300.0,-739.370837830036,3.2708058,41.029888,0.0468739393960831
300.0,-739.3670735921827,3.2688413,41.004913,0.0465860643173442
300.0,-739.3699912552702,3.2677188,41.029888,0.0462981909981306
300.0,-739.3574075971817,3.2659547,41.067326,0.0460103196828796
300.0,-739.3674527772146,3.2643509,41.042355,0.0457224473520211
300.0,-739.3602960727574,3.2628677,41.042355,0.0454345749121324
300.0,-739.3696041438947,3.2615044,41.054859,0.0451467017436404
300.0,-739.3670869835206,3.2599008,41.029888,0.0448588266596876
300.0,-739.3739113936024,3.2583373,40.992447,0.0445709518141701
300.0,-739.3606209244331,3.2568538,41.029888,0.0442830792477994
300.0,-739.3826496491336,3.2552102,41.029888,0.0439952010000467
300.0,-739.3716621942872,3.2536867,41.017422,0.04370732413472
300.0,-739.3754142708536,3.2519226,40.96748,0.0434194487040581
300.0,-739.3823462264644,3.2503588,41.067326,0.0431315676788673
300.0,-739.3518265315912,3.2487953,41.042355,0.0428436985366232
300.0,-739.3160216020497,3.2470312,41.104763,0.0425558462304658
300.0,-739.3030165769833,3.2453074,41.029888,0.0422679960925431
300.0,-739.305788820111,3.2439442,41.079792,0.041980147770514
300.0,-739.2987599073473,3.2423005,41.067326,0.0416922992899402
300.0,-739.3004360811096,3.2404964,41.079792,0.0414044530519972
300.0,-739.3026224255431,3.2388124,41.042355,0.0411166030675387
300.0,-739.305011741031,3.2369683,41.079792,0.040828755048065
300.0,-739.2973587653569,3.2354848,41.029888,0.0405409071130305
300.0,-739.3034209851055,3.2338009,41.092297,0.0402530597129167
300.0,-739.2955520246243,3.2320771,41.029888,0.0399652124813428
300.0,-739.3154488088203,3.2305133,41.092297,0.0396773603982022
300.0,-739.3114162081623,3.228549,41.042355,0.0393895069898546
300.0,-739.3033670023492,3.2269452,41.029888,0.0391016567154927
300.0,-739.3162946391152,3.2249808,41.104763,0.0388138043030284
300.0,-739.3074076089687,3.2232168,41.054859,0.0385259524554426
300.0,-739.3139086515429,3.2214928,41.054859,0.0382381009719614
300.0,-739.314115487707,3.2198088,41.104763,0.0379502465126402
300.0,-739.327679734763,3.2178042,41.067326,0.0376623896673949
300.0,-739.3232791782061,3.2162006,41.079792,0.0373745316401597
300.0,-739.3341321743751,3.214236,41.117229,0.0370866722826604
300.0,-739.3247931606357,3.2125123,41.092297,0.0367988136659511
300.0,-739.3304609872841,3.2105477,41.042355,0.0365109557378266
300.0,-739.3193789768181,3.2086632,41.104763,0.036223099229148
300.0,-739.3284370143544,3.2069795,41.092297,0.0359352420890564
300.0,-739.3181171043329,3.2052956,41.129734,0.0356473860716922
300.0,-739.3060721786665,3.2031708,41.054859,0.0353595347440606
300.0,-739.3136221759381,3.2013266,41.117229,0.0350716833721185
300.0,-739.3065491284381,3.199322,41.117229,0.034783831858785
300.0,-739.3149648462384,3.1973574,41.079792,0.0344959799640749
300.0,-739.3029671264394,3.1956334,41.092297,0.034208129845406
300.0,-739.3095052099704,3.1936288,41.104763,0.0339202800764024
300.0,-739.3007898053951,3.1917045,41.092297,0.0336324308054809
300.0,-739.3082258319772,3.1894994,41.079792,0.0333445815346025
300.0,-739.2919507472026,3.1877754,41.079792,0.0330567357051982
300.0,-739.306660345908,3.1858511,41.104763,0.032768887043841
300.0,-739.2902449686452,3.1835258,41.1422,0.0324810418785874
300.0,-739.3039693151594,3.1817214,41.067326,0.0321931942649816
300.0,-739.2978933097504,3.1797972,41.067326,0.0319053461218204
300.0,-739.304137726643,3.1774719,41.092297,0.0316174955473743
300.0,-739.3073797954078,3.1755073,41.104763,0.0313296466058998
300.0,-739.3007319316505,3.1733422,41.079792,0.0310417973575116
300.0,-739.3049871558916,3.171418,41.104763,0.03075394934761
300.0,-739.2957753992622,3.1692529,41.167133,0.0304661020290645
300.0,-739.3093396087771,3.1670079,41.104763,0.0301782523245377
300.0,-739.2989959771537,3.1650033,41.042355,0.0298904037520492
300.0,-739.3058014667035,3.1627581,41.092297,0.0296025554250962
300.0,-739.2937386905404,3.1608336,41.129734,0.0293147088995501
300.0,-739.2940858263737,3.1585884,41.067326,0.0290268651340755
300.0,-739.2864591588324,3.1564236,41.079792,0.0287390214428397
300.0,-739.2973505908652,3.1541784,41.079792,0.0284511764062308
300.0,-739.2880111895237,3.1519332,41.117229,0.0281633321107066
300.0,-739.2913776658781,3.1493273,41.029888,0.0278754865044335
300.0,-739.2977764351926,3.1475232,41.154667,0.0275876413020223
300.0,-739.2925743157537,3.1451979,41.104763,0.0272997952298295
300.0,-739.2919289549471,3.1427522,41.079792,0.0270119523041316
300.0,-739.2811571082342,3.140547,41.167133,0.0267241106772673
300.0,-739.2860740766498,3.1381416,41.154667,0.0264362700311633
300.0,-739.220270622847,3.1358564,41.104763,0.0261484521106586
300.0,-739.1871315597425,3.1333706,41.167133,0.0258606499877717
300.0,-739.1805114929242,3.1309652,41.117229,0.0255728475476192
300.0,-739.1815823356686,3.1288805,41.1422,0.0252850475853198
300.0,-739.1752808162745,3.1262343,41.1422,0.024997247181749
300.0,-739.1847068514965,3.1237485,41.129734,0.024709446002921
300.0,-739.1863149574513,3.1214232,41.167133,0.0244216413031699
300.0,-739.1867153220303,3.1188173,41.204575,0.0241338364475355
300.0,-739.1906508293349,3.1163316,41.129734,0.0238460329544228
300.0,-739.1800650469179,3.1137657,41.154667,0.0235582306880956
300.0,-739.1891864542046,3.1110797,41.117229,0.0232704277651366
300.0,-739.1831325379154,3.1087945,41.204575,0.0229826243044714
300.0,-739.1822320832083,3.1059077,41.192108,0.0226948240891931
300.0,-739.176164504198,3.1032217,41.1422,0.0224070233415554
300.0,-739.1812390711341,3.100776,41.167133,0.0221192235129059
300.0,-739.1790994639234,3.09817,41.204575,0.0218314216225317
300.0,-739.1805837701442,3.0954838,41.079792,0.0215436220490233
300.0,-739.178748695998,3.0925972,41.179642,0.0212558202952217
300.0,-739.1745318947716,3.0897908,41.217075,0.0209680230780078
300.0,-739.1707310568262,3.087225,41.217075,0.0206802244459013
300.0,-739.1760125153775,3.0842981,41.179642,0.0203924237574409
300.0,-739.1827663996918,3.0814116,41.1422,0.0201046233341268
300.0,-739.1715254864893,3.0788858,41.1422,0.0198168243927064
300.0,-739.1834477150088,3.0759993,41.167133,0.0195290237041226
300.0,-739.1757323155465,3.0729923,41.1422,0.019241223124759
300.0,-739.181353550217,3.0700655,41.217075,0.0189534232515371
300.0,-739.1810011996641,3.0668983,41.1422,0.0186656206207156
300.0,-739.1898108962811,3.0638514,41.129734,0.0183778174546304
300.0,-739.1781190113053,3.0608845,41.192108,0.0180900159459988
300.0,-739.1897725660557,3.0580781,41.154667,0.0178022127948375
300.0,-739.1801735302611,3.0547104,41.179642,0.0175144104862719
300.0,-739.1937495522533,3.0518236,41.1422,0.0172266057866731
300.0,-739.1812498443135,3.048496,41.242008,0.0169388030590409
300.0,-739.183458060795,3.0453289,41.179642,0.0166509994716322
300.0,-739.1978411157598,3.0420814,41.167133,0.0163631931789853
300.0,-739.1808871252737,3.0388339,41.204575,0.0160753905925791
300.0,-739.1895370545813,3.0355463,41.204575,0.015787587533114
300.0,-739.19003145604,3.0320585,41.179642,0.0154997813863316
300.0,-739.194710214426,3.0285704,41.179642,0.0152119763126995
300.0,-739.1826615070169,3.0254834,41.254517,0.0149241730354317
300.0,-739.194857029495,3.0219152,41.204575,0.0146363679046372
300.0,-739.1934027908471,3.0182667,41.192108,0.0143485604452141
300.0,-739.1995153187314,3.0145383,41.192108,0.0140607535007172
300.0,-739.1937595148894,3.0111303,41.229542,0.0137729459024023
300.0,-739.1995151230981,3.0074821,41.179642,0.0134851389579816
300.0,-739.1950840692316,3.0037534,41.254517,0.013197330843947
300.0,-739.195917647276,3.000025,41.204575,0.012909522405356
300.0,-739.2006289723397,2.996136,41.117229,0.0126217150272586
300.0,-739.1947715460177,2.992167,41.192108,0.012333907034906
300.0,-739.2077311836385,2.9882379,41.242008,0.0120460968915664
300.0,-739.196724991886,2.9845095,41.179642,0.011758288138633
300.0,-739.2020544806852,2.9802196,41.279449,0.0114704802055147
300.0,-739.1889238315498,2.9762504,41.266983,0.0111826744899896
300.0,-739.1852169258129,2.972121,41.266983,0.0108948731125645
300.0,-739.082306442813,2.9678712,41.179642,0.0106071089088814
300.0,-739.0930162672176,2.9635813,41.254517,0.0103193434297344
300.0,-739.0870525015949,2.9590108,41.217075,0.0100315773781573
300.0,-739.0931370319435,2.9546409,41.279449,0.0097438118519907
300.0,-739.0917173483788,2.9500704,41.229542,0.0094560439841396
300.0,-739.1005804786472,2.9456604,41.242008,0.0091682726653987
300.0,-739.104286324304,2.9406888,41.279449,0.0088805027982609
300.0,-739.0949174553674,2.9361184,41.242008,0.0085927336844373
300.0,-739.1022562826471,2.9310267,41.266983,0.0083049646076952
300.0,-739.0896682616732,2.9262156,41.279449,0.008017197537663
300.0,-739.1004870350081,2.9208434,41.266983,0.0077294291497765
300.0,-739.0907688544833,2.9157917,41.217075,0.0074416616512247
300.0,-739.1070545753914,2.9105799,41.192108,0.0071538907062698
300.0,-739.0886624309964,2.9048066,41.279449,0.0068661240278612
300.0,-739.0938871336729,2.8997149,41.366829,0.0065783582096428
300.0,-739.085888566365,2.8938215,41.242008,0.0062905926112478
300.0,-739.0998762410195,2.8881283,41.279449,0.0060028244611736
300.0,-739.0930464439888,2.881834,41.204575,0.0057150560758347
300.0,-739.0945288233521,2.8757801,41.229542,0.0054272871133263
300.0,-739.0962427002559,2.8694055,41.30442,0.0051395203779693
300.0,-739.0831710132919,2.8628705,41.279449,0.0048517558376628
300.0,-739.089956021045,2.8560548,41.266983,0.0045639915500211
300.0,-739.0790224733892,2.8490388,41.254517,0.0042762286249627
300.0,-739.0912218115232,2.8417821,41.266983,0.0039884638444861
300.0,-739.0731998439421,2.8345256,41.217075,0.0037007031864882
300.0,-739.0952053293379,2.8268278,41.30442,0.003412936855031
300.0,-739.0824832968761,2.8189697,41.291954,0.0031251725824892
300.0,-739.0902989548856,2.8103099,41.254517,0.0028374081613264
300.0,-739.0762033213157,2.8017304,41.279449,0.0025496463339144
300.0,-739.0862390942171,2.7925494,41.291954,0.0022618834934562
300.0,-739.0770238260257,2.783288,41.316887,0.0019741213465779
300.0,-739.0793596907704,2.7731848,41.254517,0.0016863582902228
300.0,-739.08594021472,2.7625203,41.329391,0.0013985955661332
300.0,-739.0764703868308,2.751415,41.354324,0.0011108336347383
300.0,-739.0933348471591,2.7394276,41.316887,0.0008230680315524
300.0,-739.0847173690355,2.7265179,41.30442,0.000535302889167
300.0,-739.0888229326121,2.7127664,41.30442,0.0002475390426927
300.0,-739.0945874424239,2.7000573,41.254517,0.0
