Cycle,Current,Voltage,Temperature,SOC
6400.0,703.7048849334954,2.7429442,41.553978,0.0
6400.0,703.7048849334954,2.872401,41.578953,0.0003541828012264
6400.0,740.2957948123292,2.9065194,41.603924,0.0007267784825785
6400.0,740.2893230169021,2.9305744,41.591419,0.0010993746542946
6400.0,740.2967296074388,2.9500992,41.591419,0.0014719708061351
6400.0,740.2888024138476,2.9664567,41.591419,0.0018445667158257
6400.0,740.296616765028,2.9819722,41.529045,0.0022171628108719
6400.0,740.2887134738293,2.9954031,41.61639,0.002589758675798
6400.0,740.2968710876979,3.0083127,41.566486,0.0029623548988464
6400.0,740.2899401893337,3.0203001,41.578953,0.0033349513811926
6400.0,740.2973130578687,3.0314457,41.553978,0.0037075478266875
6400.0,740.2879810187289,3.0421503,41.628857,0.0040801433229604
6400.0,740.2903302387958,3.0522935,41.553978,0.0044527400016229
6400.0,740.2982062267744,3.0621161,41.578953,0.0048253368966556
6400.0,740.2898340374827,3.0710967,41.641361,0.0051979333255743
6400.0,740.2954943834508,3.0797966,41.516544,0.0055705288557186
6400.0,740.289736186379,3.0882561,41.591419,0.0059431252353876
6400.0,740.2969067812478,3.0962343,41.591419,0.0063157214764009
6400.0,740.2905962898103,3.103972,41.504078,0.00668831828897
6400.0,740.2977686390042,3.1113489,41.516544,0.0070609149637619
6400.0,740.2908403194398,3.1184452,41.516544,0.0074335118991539
6400.0,740.2999946520025,3.1251006,41.466637,0.0078061096943126
6400.0,740.2914859951596,3.1314349,41.603924,0.0081787069546806
6400.0,740.3008832432491,3.1381304,41.553978,0.0085513051970731
6400.0,740.2921958917718,3.1443045,41.516544,0.0089239028147403
6400.0,740.2923033497703,3.1504385,41.529045,0.0092965004864924
6400.0,740.3013028256044,3.1561317,41.541512,0.0096690989400633
6400.0,740.2944044142537,3.1618247,41.578953,0.0100416976693054
6400.0,740.3022898426719,3.1674776,41.516544,0.0104142966196485
6400.0,740.294977055641,3.1726496,41.578953,0.0107868956371076
6400.0,740.3022608386145,3.1782222,41.466637,0.0111594945728527
6400.0,740.2960950436235,3.1831937,41.516544,0.0115320941530082
6400.0,740.302681556228,3.1883254,41.516544,0.0119046933005032
6400.0,740.29459975026,3.1930563,41.529045,0.0122772921280602
6400.0,740.3032356119664,3.1983485,41.553978,0.0126498915544151
6400.0,740.2941885827277,3.2030792,41.541512,0.0130224901750267
6400.0,740.3020989358813,3.2076097,41.45417,0.0133950890292851
6400.0,740.2925329995868,3.2121,41.591419,0.0137676868166226
6400.0,740.2927783597714,3.2165501,41.504078,0.0141402847274527
6400.0,740.2994686481691,3.2207198,41.516544,0.0145128822578702
6400.0,740.2926177648221,3.22521,41.45417,0.014885480087871
6400.0,740.2990748594235,3.2292192,41.441666,0.0152580774200921
6400.0,740.2907391602375,3.233469,41.491611,0.0156306743045696
6400.0,740.2989544730211,3.2376385,41.391762,0.0160032715761994
6400.0,740.2922857351072,3.2415276,41.491611,0.0163758692390858
6400.0,740.3002798342188,3.2454965,41.429199,0.0167484671777786
6400.0,740.2926246007174,3.2493052,41.404228,0.01712106501122
6400.0,740.2992671822411,3.2533145,41.429199,0.0174936624402384
6400.0,740.2916246908065,3.2570028,41.404228,0.0178662597704136
6400.0,740.2995562463174,3.2604909,41.429199,0.0182388573449198
6400.0,740.2923513475727,3.2643397,41.466637,0.0186114550408297
6400.0,740.2924878459891,3.2678277,41.466637,0.0189840528054409
6400.0,740.2983214617974,3.271436,41.391762,0.0193566497584721
6400.0,740.301404271919,3.2748036,41.441666,0.0197292520108235
6400.0,740.3157539782322,3.2780912,41.391762,0.0201018577377534
6400.0,740.3096760719867,3.2816193,41.379295,0.0204744641533973
6400.0,740.3161061163377,3.2849469,41.429199,0.0208470700575607
6400.0,740.3097500462495,3.2883549,41.404228,0.0212196765104367
6400.0,740.317549276029,3.291482,41.416733,0.0215922831409517
6400.0,740.309012427634,3.2947295,41.379295,0.0219648892225757
6400.0,740.316113867824,3.2977364,41.354324,0.0223374951306404
6400.0,740.3079324277406,3.3008635,41.379295,0.0227101006686881
6400.0,740.3162238294079,3.3040709,41.404228,0.0230827066320972
6400.0,740.3073244105049,3.3069975,41.341858,0.0234553118641227
6400.0,740.3077325385209,3.3099644,41.366829,0.0238279173015638
6400.0,740.3145985642342,3.3130915,41.354324,0.0242005224469663
6400.0,740.3070286355505,3.3160183,41.291954,0.0245731275301249
6400.0,740.3138550421222,3.3188648,41.341858,0.024945732301308
6400.0,740.307069406799,3.3217914,41.30442,0.0253183374049872
6400.0,740.314163906122,3.3247182,41.329391,0.0256909423316235
6400.0,740.3070531959695,3.3273642,41.316887,0.0260635474271437
6400.0,740.3140300064557,3.3303311,41.379295,0.0264361522863874
6400.0,740.3064314092936,3.3330171,41.266983,0.0268087570689551
6400.0,740.3163681050545,3.3355029,41.291954,0.027181363104979
6400.0,740.3091698121391,3.3382692,41.254517,0.0275539692658166
6400.0,740.3170587338041,3.3411157,41.242008,0.0279265756494384
6400.0,740.3090761480217,3.343802,41.279449,0.0282991817631337
6400.0,740.3076356395727,3.3461673,41.291954,0.0286717871518044
6400.0,740.3147918758151,3.3489738,41.254517,0.029044392394502
6400.0,740.3081278736105,3.3515797,41.279449,0.0294169980309198
6400.0,740.314909955052,3.3540654,41.254517,0.0297896033330474
6400.0,740.3055815597132,3.3566713,41.266983,0.030162207687876
6400.0,740.3148806580593,3.359077,41.204575,0.0305348129752582
6400.0,740.3080343803829,3.3614023,41.266983,0.0309074185646197
6400.0,740.3160933843283,3.3641686,41.266983,0.031280024462375
6400.0,740.3068552964961,3.3664539,41.229542,0.03165262945829
6400.0,740.3152539144585,3.3690197,41.167133,0.0320252349335346
6400.0,740.3076849679493,3.3711045,41.291954,0.0323978403470329
6400.0,740.3150925854806,3.3736303,41.204575,0.0327704457410795
6400.0,740.3089517467079,3.376076,41.242008,0.0331430517921622
6400.0,740.3086831566721,3.3782809,41.204575,0.0335156577080604
6400.0,740.3153802213155,3.3806465,41.204575,0.033888263246876
6400.0,740.3081280078896,3.3827312,41.192108,0.0342608688833614
6400.0,740.3155850807906,3.384856,41.204575,0.0346334745252841
6400.0,740.3092856441107,3.3874621,41.1422,0.0350060807444212
6400.0,740.3153288049876,3.3895469,41.229542,0.0353786862573587
6400.0,740.3086295802701,3.3919122,41.129734,0.0357512921462913
6400.0,740.3169509329547,3.3941975,41.129734,0.0361238984756563
6400.0,740.310305744382,3.396162,41.154667,0.0364965052082216
6400.0,740.3175434898357,3.3980463,41.129734,0.0368691118358244
6400.0,740.3087700092905,3.400492,41.079792,0.0372417177954365
6400.0,740.317426155255,3.4028974,41.179642,0.037614324363984
6400.0,740.3083562661249,3.4047818,41.154667,0.0379869301153544
6400.0,740.3079099546662,3.407027,41.154667,0.038359535642091
6400.0,740.3166724036128,3.4089112,41.117229,0.0387321418312704
6400.0,740.3101130816747,3.4110761,41.104763,0.0391047484668664
6400.0,740.3174509600727,3.4132011,41.167133,0.0394773550478983
6400.0,740.3093619376979,3.4151254,41.054859,0.0398499613054348
6400.0,740.3158288687486,3.417491,41.129734,0.0402225670700576
6400.0,740.3078601014128,3.4193351,41.092297,0.0405951725717026
6400.0,740.31590650587,3.4213398,41.167133,0.0409677783754007
6400.0,740.3077159248539,3.4231839,41.1422,0.0413403838044799
6400.0,740.3158230093526,3.4253087,41.079792,0.0417129895661537
6400.0,740.3099065762676,3.4272733,41.054859,0.0420855960978131
6400.0,740.3152076007391,3.4290774,41.079792,0.0424582015497477
6400.0,740.3097319921606,3.431042,41.104763,0.0428308079935369
6400.0,740.3091112430627,3.4331667,41.1422,0.0432034141248959
6400.0,740.3164398827863,3.4349308,41.042355,0.043576020197046
6400.0,740.3080979543222,3.4366548,41.129734,0.0439486258184051
6400.0,740.3160252809572,3.4386995,41.079792,0.0443212316818835
6400.0,740.3097315649076,3.4407842,41.054859,0.0446938381254576
6400.0,740.3173795607474,3.4423077,41.129734,0.0450664446705538
6400.0,740.3086456934375,3.4441118,40.992447,0.0454390505675963
6400.0,740.3153492396965,3.4461164,41.079792,0.0458116560908187
6400.0,740.3087469259103,3.4479609,40.942547,0.0461842620388127
6400.0,740.3167197793365,3.4496846,41.079792,0.0465568682518366
6400.0,740.3085135041366,3.4516892,41.092297,0.0469294740823467
6400.0,740.3155859963512,3.4533732,40.96748,0.0473020797247302
6400.0,740.306428674924,3.4549768,40.992447,0.0476746845059217
6400.0,740.306319727698,3.4568613,41.017422,0.0480472892322788
6400.0,740.3141714012552,3.4584248,41.004913,0.0484198941626875
6400.0,740.306471130801,3.4604695,40.992447,0.0487924989652475
6400.0,740.3140480363169,3.4621532,41.029888,0.0491651038335657
6400.0,740.3091115116338,3.4638772,41.017422,0.0495377099650599
6400.0,740.315165303144,3.4655211,41.029888,0.0499103153957059
6400.0,740.3055032641911,3.4672852,40.96748,0.0502829197111274
6400.0,740.3150654734784,3.4690492,40.979984,0.0506555250915284
6400.0,740.3072974819431,3.4706528,40.992447,0.0510281303100005
6400.0,740.3140441911158,3.4724169,40.96748,0.0514007351763835
6400.0,740.3077553289272,3.47386,40.979984,0.0517733406252952
6400.0,740.3145726363599,3.475945,40.992447,0.0521459457576481
6400.0,740.3074222738547,3.4773881,40.892601,0.0525185510389294
6400.0,740.3073106044158,3.4789517,41.029888,0.0528911562640062
6400.0,740.3144027257712,3.4805956,40.930038,0.053263761310842
6400.0,740.3066574946914,3.4821591,40.955013,0.0536363662072011
6400.0,740.3148768982305,3.4839633,40.955013,0.054008971492691
6400.0,740.3070526104374,3.4855671,40.917572,0.0543815765879164
6400.0,740.3147671076083,3.4873309,40.979984,0.0547541818181479
6400.0,740.3084787142582,3.4887342,40.930038,0.0551267876311479
6400.0,740.3151742387136,3.4902577,40.917572,0.0554993930662911
6400.0,740.3079492978094,3.4917011,40.930038,0.0558719986128297
6400.0,740.3147667902285,3.4933047,40.880135,0.0562446038429015
6400.0,740.307555024675,3.4950688,40.905106,0.0566172091909978
6400.0,740.3149026918434,3.4965522,40.905106,0.0569898144894698
6400.0,740.308114323872,3.4979954,40.905106,0.0573624201190678
6400.0,740.3081630296839,3.4995592,40.942547,0.0577350257731801
6400.0,740.3151405227294,3.5010827,40.905106,0.0581076311913539
6400.0,740.3092285764886,3.5026863,40.955013,0.0584802373817682
6400.0,740.3154205780141,3.50437,40.892601,0.0588528429408956
6400.0,740.3062141983686,3.5056129,40.867672,0.0592254476141385
6400.0,740.3145166668112,3.5071766,40.80526,0.0595980527183216
6400.0,740.3085798612191,3.5086198,40.830231,0.05997065858223
6400.0,740.3162010021232,3.5100231,40.917572,0.0603432645341499
6400.0,740.3059848171456,3.5116668,40.880135,0.0607158690919427
6400.0,740.3145893478572,3.5129898,40.817764,0.0610884742327066
6400.0,740.3061038107143,3.5146737,40.855206,0.0614610788503901
6400.0,740.3151150709506,3.5161572,40.792793,0.0618336842557539
6400.0,740.3098097261761,3.5174401,40.867672,0.0622062907386675
6400.0,740.3172226140671,3.5187631,40.842697,0.0625788972047714
6400.0,740.3099649378502,3.5201261,40.842697,0.0629515037658049
6400.0,740.3089235486588,3.5219705,40.80526,0.0633241098026951
6400.0,740.316714652325,3.523093,40.830231,0.0636967160131386
6400.0,740.3086254543098,3.524416,40.80526,0.0640693218999945
6400.0,740.3172163640567,3.5258193,40.905106,0.0644419283629527
6400.0,740.3087011131693,3.5272224,40.855206,0.0648145342878886
6400.0,740.3163582295022,3.5285456,40.80526,0.0651871403189421
6400.0,740.3078348451888,3.5301492,40.855206,0.0655597458078753
6400.0,740.3160948979801,3.5313921,40.817764,0.0659323517063924
6400.0,740.3066583003791,3.5328352,40.80526,0.066304956603157
6400.0,740.314315225267,3.5339179,40.817764,0.0666775616059532
6400.0,740.3073256800562,3.5355616,40.792793,0.0670501668386177
6400.0,740.3158785882741,3.5367243,40.80526,0.0674227726282647
6400.0,740.3079155820491,3.538368,40.867672,0.0677953781578337
6400.0,740.3090172616007,3.5394504,40.792793,0.0681679842418908
6400.0,740.3141542014802,3.5408137,40.780327,0.0685405891636427
6400.0,740.3066801508057,3.5421367,40.767822,0.0689131940714049
6400.0,740.3136100456971,3.5435801,40.717918,0.0692857987192796
6400.0,740.3064768680603,3.5447826,40.792793,0.0696584035247273
6400.0,740.3142112208062,3.5461059,40.717918,0.0700310084751773
6400.0,740.3083100260668,3.5474288,40.792793,0.0704036142032746
6400.0,740.3156866072458,3.5488319,40.830231,0.0707762198962963
6400.0,740.3073441736443,3.5498343,40.742889,0.0711488251382688
6400.0,740.3152602010863,3.5511172,40.730385,0.0715214306166775
6400.0,740.3084516636379,3.552681,40.817764,0.0718940364160626
6400.0,740.3161634286469,3.554004,40.680477,0.0722666423490716
6400.0,740.31017100379,3.5550864,40.692944,0.0726392490138204
6400.0,740.3086869042107,3.5563693,40.717918,0.0730118549316048
6400.0,740.3144955729396,3.5577726,40.705452,0.0733844600251711
6400.0,740.307597126533,3.558815,40.742889,0.0737570653944578
6400.0,740.3145775314276,3.5599775,40.755356,0.0741296705292744
6400.0,740.3078995298888,3.5613809,40.742889,0.0745022760507642
6400.0,740.3147890071886,3.5623832,40.742889,0.0748748812920179
6400.0,740.307925994638,3.5637462,40.742889,0.0752474868268277
6400.0,740.3152247150907,3.5649891,40.705452,0.0756200922873761
6400.0,740.3082221480719,3.566232,40.767822,0.0759926979712433
6400.0,740.3179562240414,3.5672743,40.730385,0.0763653048065778
6400.0,740.3105199157494,3.5687978,40.717918,0.0767379116469381
6400.0,740.3156340556661,3.5698001,40.692944,0.0771105173135102
6400.0,740.3082993327948,3.571003,40.717918,0.0774831230362254
6400.0,740.3076733346593,3.5722055,40.668011,0.0778557284438685
6400.0,740.3147675348657,3.5733283,40.705452,0.0782283336743151
6400.0,740.3071881074642,3.5746112,40.680477,0.0786009388377377
6400.0,740.3142072413247,3.5756135,40.668011,0.0789735437861849
6400.0,740.3073909629566,3.5769365,40.717918,0.0793461490517071
6400.0,740.31523174633,3.5779788,40.730385,0.0797187545157943
6400.0,740.3081370654727,3.5791013,40.767822,0.0800913601568385
6400.0,740.3155661720118,3.5803845,40.668011,0.0804639657892443
6400.0,740.3073866783013,3.5817075,40.605602,0.08083657105261
6400.0,740.3160179078583,3.5827899,40.65551,0.0812091769123774
6400.0,740.3093138178082,3.5839527,40.680477,0.0815817831456946
6400.0,740.3154199431777,3.5850751,40.680477,0.0819543887045025
6400.0,740.3090882085008,3.5861576,40.643044,0.082326994824268
6400.0,740.3094266713184,3.5869193,40.680477,0.0826996011143857
6400.0,740.3178757792818,3.5884428,40.717918,0.0830722079092319
6400.0,740.3087015892022,3.5897257,40.680477,0.0834448138344074
6400.0,740.3144809976907,3.5906079,40.692944,0.0838174189206379
6400.0,740.305758365508,3.5918105,40.580669,0.0841900233644549
6400.0,740.3138213993661,3.5928128,40.630577,0.0845626281187053
6400.0,740.3060399804436,3.5938954,40.568165,0.0849352327042624
6400.0,740.3145286297611,3.5947373,40.65551,0.0853078378144665
6400.0,740.3072969814818,3.5963008,40.680477,0.0856804430326867
6400.0,740.3156327983227,3.597183,40.643044,0.086053048698626
6400.0,740.3079103697307,3.5980649,40.630577,0.0864256542255716
6400.0,740.316280531386,3.5990272,40.65551,0.0867982602175191
6400.0,740.3082473066592,3.6003501,40.605602,0.0871708659140489
6400.0,740.3080646048337,3.6013925,40.605602,0.0875434715186228
6400.0,740.3134155866119,3.6025152,40.568165,0.0879160760686251
6400.0,740.3058727570833,3.6035576,40.580669,0.0882886805700167
6400.0,740.314393021123,3.6045196,40.605602,0.0886612856119681
6400.0,740.306619042697,3.6056423,40.65551,0.0890338904889738
6400.0,740.3145881149168,3.6068451,40.643044,0.0894064956291172
6400.0,740.3069503400284,3.6076469,40.593136,0.0897791006728687
6400.0,740.3145006632953,3.6088898,40.568165,0.0901517057689971
6400.0,740.3057937291584,3.6098518,40.580669,0.090524310230613
6400.0,740.3135262073074,3.610774,40.605602,0.0908969148362914
6400.0,740.3060379296649,3.6115758,40.568165,0.0912695194208162
6400.0,740.315188154851,3.6131394,40.568165,0.0916421248629636
6400.0,740.3060570336035,3.613821,40.568165,0.0920147294571037
6400.0,740.3062043595261,3.6147032,40.605602,0.0923873341253946
6400.0,740.3151282546395,3.6157856,40.568165,0.0927599395373938
6400.0,740.3082681683388,3.6166275,40.580669,0.0931325452444236
6400.0,740.3137304565024,3.6176298,40.505795,0.0935051499529019
6400.0,740.3069574932875,3.6189127,40.605602,0.0938777550002537
6400.0,740.3139507213381,3.6197546,40.49329,0.0942503598195928
6400.0,740.3056288861677,3.6209173,40.593136,0.0946229641982413
6400.0,740.313248825457,3.6217191,40.568165,0.0949955686643116
6400.0,740.3052865537722,3.6224809,40.555698,0.0953681728706603
6400.0,740.3135176989696,3.6236436,40.580669,0.0957407774720563
6400.0,740.3084661288766,3.6248462,40.568165,0.0961133832787219
6400.0,740.316103906861,3.6254478,40.555698,0.0964859891817732
6400.0,740.3126060022418,3.62641,40.568165,0.0968585970720849
6400.0,740.3172237909504,3.627332,40.568165,0.097231207286583
6400.0,740.3242430135517,3.6282141,40.518261,0.0976038172860996
6400.0,740.3176099096854,3.6293766,40.580669,0.0979764276949357
6400.0,740.3269974474183,3.6302989,40.543232,0.0983490390807767
6400.0,740.3190449372194,3.6311007,40.555698,0.0987216502118788
6400.0,740.3251144782131,3.6318624,40.480824,0.0990942606500091
6400.0,740.3179785969921,3.6329448,40.555698,0.0994668712444099
6400.0,740.323922613872,3.6337466,40.480824,0.0998394810826672
6400.0,740.3184262511145,3.6347089,40.518261,0.1002120919023774
6400.0,740.3254369897253,3.6357512,40.480824,0.1005847025028299
6400.0,740.3162971595293,3.6364729,40.530727,0.1009573122509437
6400.0,740.3240584055327,3.6374753,40.505795,0.1013299221575458
6400.0,740.3168907724565,3.6381969,40.443386,0.1017025322044319
6400.0,740.3163728793189,3.6390388,40.455853,0.1020751419906564
6400.0,740.3230892108238,3.6398005,40.49329,0.1024477514094565
6400.0,740.3160351733964,3.6408029,40.443386,0.1028203610257097
6400.0,740.3234522621852,3.6417251,40.518261,0.1031929706272359
6400.0,740.3152377771601,3.6424468,40.468357,0.1035655798421503
6400.0,740.3217442328786,3.6432486,40.468357,0.1039381885840143
6400.0,740.3148698833526,3.6440904,40.518261,0.1043107976137636
6400.0,740.3227033079346,3.6449323,40.530727,0.1046834068383363
6400.0,740.3154574050525,3.6457343,40.593136,0.1050560161637919
6400.0,740.3241363356565,3.6466162,40.49329,0.1054286261096168
6400.0,740.316375577078,3.6471775,40.43092,0.1058012358971991
6400.0,740.3222224336894,3.6481798,40.443386,0.1061738448797446
6400.0,740.315132772797,3.648741,40.480824,0.1065464540418092
6400.0,740.3156109932263,3.6497433,40.505795,0.1069190634445676
6400.0,740.3220698327532,3.6503849,40.443386,0.1072916723503081
6400.0,740.3134472581282,3.6514273,40.480824,0.1076642806640336
6400.0,740.3220270347301,3.6518683,40.405949,0.1080368895482336
6400.0,740.3147014637194,3.6528306,40.455853,0.1084094984932153
6400.0,740.3208270769792,3.6534319,40.480824,0.1087821067734687
6400.0,740.314801695244,3.6541536,40.405949,0.1091547157688981
6400.0,740.3225566884734,3.6550355,40.443386,0.1095273249196763
6400.0,740.3138150176693,3.6559577,40.43092,0.1098999334184994
6400.0,740.3212543009977,3.656559,40.343575,0.1102725419137775
6400.0,740.3137035923859,3.65696,40.43092,0.110645150356519
6400.0,740.3200009250788,3.6582429,40.455853,0.1110177582209649
6400.0,740.3128126296754,3.6588843,40.443386,0.1113903662152746
6400.0,740.3128490675847,3.6591649,40.380974,0.1117629742279239
6400.0,740.3201170877904,3.6600471,40.49329,0.1121355821508352
6400.0,740.3119325312863,3.6607687,40.418415,0.1125081897021812
6400.0,740.3196033643028,3.6614501,40.443386,0.1128807973665321
6400.0,740.3131090150633,3.6622922,40.49329,0.113253405510016
6400.0,740.3223898418055,3.6628134,40.43092,0.1136260145768191
6400.0,740.3135310346166,3.6632142,40.368507,0.1139986229327103
6400.0,740.3206521737106,3.6640964,40.393482,0.1143712311249338
6400.0,740.3137767122066,3.664818,40.368507,0.1147438396044774
6400.0,740.3207160046233,3.6653793,40.43092,0.1151164478288274
6400.0,740.3137536898589,3.666101,40.368507,0.1154890562967836
6400.0,740.3216659730839,3.6667824,40.343575,0.1158616649992589
6400.0,740.315603388388,3.6673036,40.368507,0.1162342743981897
6400.0,740.3165073391002,3.6678247,40.393482,0.1166068842520893
6400.0,740.3238881776408,3.6689074,40.405949,0.1169794940730146
6400.0,740.3159235771913,3.6690276,40.43092,0.1173521036331001
6400.0,740.324817723722,3.6699097,40.418415,0.117724713921872
6400.0,740.3159945484686,3.6706314,40.43092,0.1180973235176782
6400.0,740.3226396234656,3.6709921,40.418415,0.1184699327101981
6400.0,740.315839556624,3.6716335,40.380974,0.1188425422279951
6400.0,740.3229727673497,3.6723952,40.393482,0.1192151515881885
6400.0,740.3158945368247,3.673157,40.455853,0.1195877611336576
6400.0,740.3219089676627,3.6734779,40.368507,0.1199603699584337
6400.0,740.3157143985175,3.6740391,40.380974,0.1203329794132372
6400.0,740.3228648077592,3.6744401,40.405949,0.1207055887190938
6400.0,740.3161241622544,3.6750414,40.356041,0.1210781983801361
6400.0,740.3131270203404,3.6757631,40.356041,0.1214508065326822
6400.0,740.3225500844146,3.676204,40.343575,0.1218234156801365
6400.0,740.3154469436837,3.6767251,40.380974,0.1221960250003269
6400.0,740.3210725373365,3.6775672,40.356041,0.1225686334041221
6400.0,740.3146104118812,3.6780083,40.331074,0.1229412423032764
6400.0,740.3225353016121,3.6785295,40.380974,0.1233138514432904
6400.0,740.3157377748843,3.6790907,40.343575,0.1236864609098595
6400.0,740.3226645504006,3.6794515,40.331074,0.1240590701149253
6400.0,740.3155871896065,3.6799326,40.405949,0.124431679505703
6400.0,740.3235339032551,3.6805339,40.393482,0.1248042891483197
6400.0,740.3174395247854,3.6813359,40.356041,0.1251768994713992
6400.0,740.3246284769821,3.6816566,40.343575,0.125549509664922
6400.0,740.315174532786,3.6823382,40.2687,0.1259221188480048
6400.0,740.3162299234868,3.6824985,40.393482,0.1262947285622779
6400.0,740.3227621949351,3.6832602,40.343575,0.1266673378164888
6400.0,740.3162578285876,3.6838617,40.356041,0.1270399475448069
6400.0,740.3222429660615,3.6843026,40.256195,0.1274125565376866
6400.0,740.3165535303656,3.6847436,40.393482,0.1277851664148348
6400.0,740.3233409944262,3.6852648,40.331074,0.1281577759603593
6400.0,740.3155908151311,3.6856258,40.380974,0.1285303853529618
6400.0,740.3232891142364,3.686187,40.318607,0.1289029948723746
6400.0,740.3153689534136,3.6867483,40.368507,0.1292756041533116
6400.0,740.3236065109643,3.6870289,40.293633,0.1296482138324722
6400.0,740.3163762973178,3.6876705,40.306141,0.130020823620417
6400.0,740.323919049344,3.6883519,40.243729,0.1303934334568802
6400.0,740.3184909481694,3.6888731,40.306141,0.1307660443091532
6400.0,740.3196330692699,3.6890736,40.318607,0.131138655736269
6400.0,740.325386244736,3.6897151,40.306141,0.1315112663111812
6400.0,740.3174226913784,3.6901159,40.318607,0.1318838766257882
6400.0,740.3248814203926,3.6907175,40.380974,0.1322564869466191
6400.0,740.3176219457489,3.6909177,40.331074,0.1326290973615131
6400.0,740.323776299602,3.6914792,40.318607,0.1330017071261295
6400.0,740.3178122525406,3.6915994,40.293633,0.1333743176368071
6400.0,740.324413375788,3.6924813,40.243729,0.1337469277220681
6400.0,740.3178194180011,3.6928022,40.306141,0.1341195382363522
6400.0,740.3249898071125,3.6934035,40.356041,0.1344921486117347
6400.0,740.3168077161823,3.6938846,40.356041,0.1348647586168176
6400.0,740.3233321076882,3.6940451,40.293633,0.1352373681578693
6400.0,740.3162764320393,3.6944458,40.231262,0.1356099778955508
6400.0,740.3246685773723,3.6948068,40.293633,0.1359825881092563
6400.0,740.3162870642786,3.6956086,40.293633,0.1363551978522891
6400.0,740.3162732337933,3.6958892,40.306141,0.1367278075883608
6400.0,740.3240331979374,3.6964104,40.343575,0.1371004174822758
6400.0,740.3180713089859,3.696651,40.243729,0.1374730281233395
6400.0,740.3232875883575,3.6970921,40.331074,0.1378456376419844
6400.0,740.3176788058834,3.6975732,40.306141,0.1382182480854968
6400.0,740.3249121822055,3.698014,40.2687,0.1385908584218102
6400.0,740.3177589813522,3.6982546,40.193825,0.1389634689056759
6400.0,740.3255487945297,3.6988561,40.281166,0.1393360795624005
6400.0,740.317608310588,3.6989763,40.281166,0.1397086899704318
6400.0,740.3240178780129,3.6995375,40.318607,0.1400812998566361
6400.0,740.3186274220997,3.7000587,40.293633,0.140453910777598
6400.0,740.3250459963524,3.7005398,40.293633,0.140826521181261
6400.0,740.3192801290378,3.7006602,40.318607,0.1411991324307379
6400.0,740.3176727879156,3.7012215,40.218758,0.1415717428712214
6400.0,740.3268009985668,3.7013817,40.331074,0.1419443541581884
6400.0,740.318161372077,3.7017827,40.2687,0.1423169648445819
6400.0,740.3248787346288,3.7022638,40.306141,0.142689575164061
6400.0,740.316672218823,3.7028651,40.2687,0.1430621851009465
6400.0,740.3228495122888,3.7030256,40.281166,0.1434347943991048
6400.0,740.3143509649406,3.7033863,40.2687,0.1438074031676764
6400.0,740.3225988028539,3.7039075,40.256195,0.144180012339651
6400.0,740.317796224783,3.7044287,40.293633,0.1445526228422617
6400.0,740.3227527833021,3.7047095,40.2687,0.1449252320917357
6400.0,740.3152637780009,3.7048297,40.318607,0.1452978413197366
6400.0,740.3242466024316,3.7051504,40.281166,0.1456704513210595
6400.0,740.3166670796106,3.7057519,40.231262,0.1460430612553583
6400.0,740.316986328626,3.7060325,40.256195,0.1464156713503389
6400.0,740.3232390530175,3.7064736,40.243729,0.1467882808445556
6400.0,740.3151742398505,3.7068744,40.2687,0.147160890027491
6400.0,740.3238052548245,3.707195,40.206291,0.1475334998066807
6400.0,740.3163854647261,3.707516,40.143883,0.1479061095992395
6400.0,740.3239275087991,3.7078767,40.206291,0.1482787194399605
6400.0,740.3167676773813,3.7083578,40.293633,0.1486513294248914
6400.0,740.3248237295234,3.708478,40.318607,0.149023939716686
6400.0,740.3172495964156,3.708879,40.218758,0.1493965499441723
6400.0,740.3250474613005,3.7092397,40.243729,0.1497691603485726
6400.0,740.3170521119876,3.7095206,40.243729,0.1501417704766628
6400.0,740.3230861225127,3.7099214,40.206291,0.1505143798939085
6400.0,740.3146912464805,3.710202,40.231262,0.1508869888337478
6400.0,740.3152797814581,3.710603,40.243729,0.1512595980698035
6400.0,740.3234516272976,3.7108836,40.218758,0.1516322076710101
6400.0,740.3169439582608,3.7114048,40.281166,0.1520048177446653
6400.0,740.3231124897882,3.711525,40.218758,0.1523774271751818
6400.0,740.316666298364,3.7122467,40.318607,0.1527500371090875
6400.0,740.3219930746135,3.7122066,40.231262,0.1531226459761951
6400.0,740.3156315131138,3.7126477,40.256195,0.1534952553892814
6400.0,740.3226907589798,3.7130485,40.218758,0.1538678646075381
6400.0,740.3149679054036,3.7134495,40.231262,0.154240473686623
6400.0,740.3236368334207,3.71365,40.243729,0.1546130833810451
6400.0,740.3159578300298,3.7138505,40.256195,0.1549856929583705
6400.0,740.3224710312406,3.7140508,40.2687,0.1553583020660368
6400.0,740.313654190801,3.7144518,40.218758,0.155730910483914
6400.0,740.3140610004218,3.714973,40.231262,0.1561035191065431
6400.0,740.3199251921725,3.7152536,40.18132,0.156476126932872
6400.0,740.3118489622726,3.7155342,40.306141,0.1568487344421568
6400.0,740.3191510913342,3.7155743,40.218758,0.1572213418788758
6400.0,740.3119073849515,3.7158952,40.193825,0.1575939494175653
6400.0,740.3192216483718,3.7164564,40.256195,0.1579665568897962
6400.0,740.3122009382629,3.7166166,40.231262,0.1583391645762345
6400.0,740.3194836737445,3.7172182,40.168854,0.1587117721803444
6400.0,740.3131710874907,3.7172983,40.18132,0.15908438035507
6400.0,740.3192163505137,3.7176592,40.168854,0.1594569878246344
6400.0,740.3111019443201,3.71806,40.206291,0.1598295949579364
6400.0,740.3190814376173,3.7183406,40.218758,0.1602022023595982
6400.0,740.3127702227317,3.718461,40.18132,0.160574810332564
6400.0,740.3126421959955,3.7191424,40.18132,0.1609474182410925
6400.0,740.3193451108839,3.7189822,40.218758,0.1613200257754627
6400.0,740.3112066313192,3.7192628,40.156387,0.1616926329614549
6400.0,740.3199817843946,3.7194231,40.206291,0.1620652408162671
6400.0,740.3126967366393,3.7198241,40.231262,0.1624378487522465
6400.0,740.3187898955994,3.7203853,40.193825,0.1628104560071734
6400.0,740.3121328232347,3.7206259,40.168854,0.1631830636593286
6400.0,740.3201266337678,3.7210269,40.18132,0.1635556715870444
6400.0,740.3129611275702,3.7211871,40.18132,0.1639282796560948
6400.0,740.3210780182939,3.7214277,40.131416,0.1643008880626487
6400.0,740.3130601627965,3.7218287,40.231262,0.1646734961815446
6400.0,740.3202189682172,3.7217486,40.131416,0.165046104155733
6400.0,740.3133657765998,3.7225103,40.193825,0.165418712428448
6400.0,740.3114474505077,3.7225103,40.168854,0.1657913197356472
6400.0,740.3185514787341,3.722791,40.18132,0.1661639268705773
6400.0,740.3127012898784,3.7231917,40.193825,0.1665365348088484
6400.0,740.3205502566026,3.7234724,40.156387,0.1669091429497763
6400.0,740.3123544288001,3.7235928,40.168854,0.1672817507134682
6400.0,740.3198073082812,3.7239935,40.156387,0.1676543584804655
6400.0,740.3101930740204,3.7243545,40.156387,0.1680269651563225
6400.0,740.3179709091294,3.7244346,40.11895,0.1683995719990481
6400.0,740.3105494689066,3.7249558,40.168854,0.1687721788542829
6400.0,740.3177092378307,3.7249959,40.206291,0.1691447855653076
6400.0,740.3107748705602,3.7251563,40.156387,0.1695173925339896
6400.0,740.3195066963236,3.7254369,40.156387,0.1698900001496869
6400.0,740.3106135676588,3.7258379,40.093979,0.1702626070371833
6400.0,740.3106181941063,3.725878,40.106445,0.1706352139270082
6400.0,740.3180583608276,3.7263992,40.206291,0.1710078208137488
6400.0,740.3113622702208,3.7265193,40.131416,0.1713804280780758
6400.0,740.3185916644583,3.7269204,40.156387,0.1717530352332316
6400.0,740.3099919152621,3.7273214,40.131416,0.1721256418078432
6400.0,740.3191210375156,3.7274415,40.168854,0.1724982492294359
6400.0,740.3113015527098,3.7276821,40.156387,0.1728708564632031
6400.0,740.3188793735661,3.7277622,40.131416,0.1732434637631648
6400.0,740.3117958620059,3.7282434,40.156387,0.1736160712457235
6400.0,740.3189987956147,3.7283638,40.18132,0.1739886786057911
6400.0,740.3121507797317,3.7288449,40.056538,0.1743612862669841
6400.0,740.3196232008564,3.728925,40.18132,0.1747338939413188
6400.0,740.3108528976135,3.7293258,40.193825,0.1751065009492727
6400.0,740.3120171256255,3.7294061,40.18132,0.175479108543196
6400.0,740.3192812312163,3.7295663,40.131416,0.1758517160454153
6400.0,740.3107244680526,3.7300875,40.131416,0.1762243229887291
6400.0,740.3192186087899,3.730248,40.106445,0.1765969304594301
6400.0,740.3115530407673,3.7303684,40.081512,0.1769695378197741
6400.0,740.3204317135742,3.7310898,40.093979,0.1773421459010386
6400.0,740.3120072135491,3.7311702,40.156387,0.1777147534899731
6400.0,740.3202522813982,3.7312903,40.069046,0.1780873614809282
6400.0,740.3113814473677,3.7313304,40.168854,0.1784599687549073
6400.0,740.3197380818472,3.7317715,40.131416,0.1788325764870624
6400.0,740.311450868481,3.732012,40.106445,0.1792051837959819
6400.0,740.3203873651669,3.7321725,40.131416,0.1795777918549256
6400.0,740.3118400634481,3.7327337,40.11895,0.1799503993597314
6400.0,740.3132654108343,3.7326133,40.131416,0.1803230075819311
6400.0,740.3196594070479,3.7330143,40.093979,0.1806956152744887
6400.0,740.3117530399082,3.7331345,40.081512,0.1810682227354946
6400.0,740.3193789123297,3.7334154,40.069046,0.1814408302868774
6400.0,740.3112831933369,3.7338161,40.093979,0.1818134375114041
6400.0,740.3180836173824,3.7338161,40.156387,0.1821860444108566
6400.0,740.3098526827448,3.7342973,40.106445,0.1825586509153907
6400.0,740.3179510114147,3.7344577,40.044071,0.1829312577481017
6400.0,740.3105924984022,3.7345378,40.081512,0.1833038646249937
6400.0,740.3188405549735,3.7349389,40.131416,0.1836764719054177
6400.0,740.3125176603896,3.7352195,40.081512,0.184049079751266
6400.0,740.318837405706,3.7353797,40.056538,0.184421687030105
6400.0,740.3128262404847,3.7356603,40.069046,0.1847942950312651
6400.0,740.3135985391918,3.7357407,40.11895,0.1851669034211321
6400.0,740.3201444071926,3.736342,40.019104,0.1855395113577935
6400.0,740.3143774175396,3.7361414,40.019104,0.185912120139679
6400.0,740.3223232642495,3.736743,40.081512,0.1862847291729732
6400.0,740.3140920551166,3.7366226,40.11895,0.1866573378112325
6400.0,740.3225428089405,3.7368631,40.056538,0.187029946955025
6400.0,740.3151422941222,3.7373443,40.044071,0.1874025561218817
6400.0,740.3219453205279,3.7374644,40.106445,0.1877751649649544
6400.0,740.3143909427091,3.7376649,40.044071,0.1881477737536473
6400.0,740.3210556426758,3.7379856,40.019104,0.1885203821489394
6400.0,740.3143093022558,3.7381461,40.044071,0.1888929908965416
6400.0,740.3212914961505,3.7385871,40.006638,0.1892655994105403
6400.0,740.3149417336155,3.7386672,40.006638,0.1896382084764526
6400.0,740.3155052807739,3.7388277,39.95673,0.1900108178260047
6400.0,740.3217123114622,3.7389078,40.044071,0.1903834265518025
6400.0,740.3135406780834,3.7392285,40.006638,0.1907560349125473
6400.0,740.3210031644844,3.7395895,40.093979,0.1911286432814267
6400.0,740.3139006861139,3.73983,40.056538,0.1915012518233678
6400.0,740.3202474595267,3.7399902,40.081512,0.191873859811896
6400.0,740.3126609580908,3.7402308,40.006638,0.1922464677298677
6400.0,740.3206383676426,3.7404714,40.093979,0.1926190759151425
6400.0,740.3124648771031,3.7405517,40.044071,0.1929916837344243
6400.0,740.3205982551275,3.7410326,40.031605,0.1933642918995102
6400.0,740.3138010040865,3.7409124,40.069046,0.1937369003912802
6400.0,740.3220509115938,3.7413135,40.106445,0.1941095092874976
6400.0,740.3139745628553,3.7413535,40.019104,0.1944821178666216
6400.0,740.3125841884705,3.7418346,39.95673,0.1948547257459542
6400.0,740.3209544093638,3.7418747,40.019104,0.1952273340902949
6400.0,740.3136291786815,3.7423558,40.019104,0.1955999424955831
6400.0,740.3226997798577,3.7422755,40.019104,0.1959725517183801
6400.0,740.315780731325,3.7425561,39.994171,0.1963451612065697
6400.0,740.3229233284843,3.7430372,39.994171,0.1967177705418801
6400.0,740.3160746631607,3.7430775,40.006638,0.197090380178009
6400.0,740.3227025267057,3.7433581,39.95673,0.1974629894021885
6400.0,740.3156534733528,3.7435184,40.006638,0.1978355988263276
6400.0,740.3217329046372,3.7437589,40.031605,0.19820820756249
6400.0,740.3146582511774,3.7439194,39.981663,0.1985808164857223
6400.0,740.3221255825086,3.7443202,40.019104,0.1989534254195221
6400.0,740.3130446234012,3.7441199,39.969196,0.1993260335305968
6400.0,740.3141126481356,3.7444806,39.95673,0.1996986421792209
6400.0,740.3235188516614,3.744601,39.95673,0.200071251814262
6400.0,740.3146253044753,3.7448816,39.944225,0.2004438607209119
6400.0,740.3218934647412,3.7452023,40.006638,0.2008164695378852
6400.0,740.3140195576177,3.7454028,39.919292,0.2011890781396557
6400.0,740.3207829969795,3.7457635,40.006638,0.2015616863977234
6400.0,740.313918337602,3.7456434,40.031605,0.2019342949485487
6400.0,740.3219629109557,3.7460442,39.931759,0.2023069038004747
6400.0,740.3145678706968,3.7464051,39.931759,0.2026795126782175
6400.0,740.3226223747312,3.7466457,40.006638,0.203052121862056
6400.0,740.3134062183789,3.7464452,39.931759,0.2034247301551257
6400.0,740.3212343299716,3.7470064,39.944225,0.2037973386403523
6400.0,740.3131227722638,3.7471266,39.944225,0.2041699467907603
6400.0,740.3215179377364,3.747287,39.931759,0.2045425554187285
6400.0,740.3151385591176,3.7476077,39.944225,0.2049151645837053
6400.0,740.3142168589994,3.7477281,40.019104,0.2052877732847799
6400.0,740.3221841886699,3.7478883,39.919292,0.2056603822480765
6400.0,740.3140877949154,3.7480888,39.931759,0.2060329908841915
6400.0,740.3210164456574,3.7484095,39.881855,0.2064055992597555
6400.0,740.3138369045465,3.7484498,39.931759,0.2067782077695946
6400.0,740.3202713978584,3.74861,39.944225,0.2071508157701711
6400.0,740.3142200571943,3.7488506,39.881855,0.2075234244728553
6400.0,740.3223160620867,3.7492516,39.881855,0.2078960335025247
6400.0,740.3142490248642,3.7493317,39.931759,0.2082686422197887
6400.0,740.3214446337483,3.7496123,39.944225,0.2086412508108625
6400.0,740.3137163486381,3.7497728,39.906788,0.2090138592600243
6400.0,740.3227822635221,3.7499733,39.919292,0.2093864685243359
6400.0,740.315604425787,3.7501736,39.919292,0.2097590779237888
6400.0,740.3146490470883,3.7502539,39.86935,0.2101316868423886
6400.0,740.3214949760879,3.7508552,39.944225,0.2105042954588
6400.0,740.3131377380662,3.7508552,39.856884,0.2108769036167405
6400.0,740.3215028011159,3.7509353,39.86935,0.2112495122370903
6400.0,740.314504149906,3.7513764,39.881855,0.2116221210827617
6400.0,740.3208487203789,3.7512963,39.856884,0.2119947293739084
6400.0,740.314190858133,3.7515368,39.86935,0.2123673380618964
6400.0,740.3211723304615,3.7518976,39.931759,0.2127399465159182
6400.0,740.3143537724866,3.7521782,39.86935,0.2131125552859029
6400.0,740.3219050856397,3.7522182,39.906788,0.2134851641087251
6400.0,740.3152832726907,3.7524188,39.881855,0.213857773346538
6400.0,740.3240788278354,3.7525792,39.86935,0.2142303832634187
6400.0,740.3156879950822,3.7528198,39.856884,0.2146029927049331
6400.0,740.315423164441,3.75298,39.831913,0.2149756020131551
6400.0,740.3219570392943,3.753341,39.894321,0.2153482108621259
6400.0,740.3141620251643,3.7533009,39.856884,0.215720819535602
6400.0,740.320975747419,3.7536216,39.831913,0.2160934278906822
6400.0,740.3148522211467,3.7538221,39.86935,0.2164660369115418
6400.0,740.322681335171,3.7538621,39.844418,0.2168386461250555
6400.0,740.3145723263759,3.7543433,39.86935,0.2172112550050409
6400.0,740.3222428437906,3.7545035,39.894321,0.217583863997859
6400.0,740.3141493668813,3.7545838,39.819447,0.2179564726649639
6400.0,740.3233359648989,3.7549045,39.881855,0.218329082207957
6400.0,740.3153132407207,3.7550249,39.856884,0.2187016914608531
6400.0,740.3238823917225,3.7552252,39.894321,0.2190743012788663
6400.0,740.3170916868802,3.7556262,39.844418,0.219446911426875
6400.0,740.3178094691928,3.7555461,39.844418,0.2198195219361517
6400.0,740.3248093495497,3.7558267,39.794514,0.2201921322207088
6400.0,740.3154235431698,3.7561874,39.819447,0.2205647415291214
6400.0,740.3222694064948,3.7563479,39.906788,0.2209373505353087
6400.0,740.3136947912237,3.7563078,39.831913,0.2213099589736205
6400.0,740.3227209472964,3.7565484,39.782009,0.2216825682070712
6400.0,740.3151150112664,3.7567086,39.819447,0.2220551773601962
6400.0,740.3234094884117,3.7569892,39.757076,0.2224277869401941
6400.0,740.3180769364582,3.7570293,39.86935,0.2228003975840902
6400.0,740.3247550281378,3.7575505,39.844418,0.223173007841307
6400.0,740.3168788216492,3.7576709,39.819447,0.2235456178821781
6400.0,740.3243232263036,3.7576308,39.831913,0.2239182279220662
6400.0,740.3169259411407,3.7580316,39.844418,0.2242908379866531
6400.0,740.317137633811,3.758152,39.769543,0.2246634481577873
6400.0,740.3222137790358,3.7584727,39.744568,0.225036057135977
6400.0,740.3136757847427,3.7585127,39.80698,0.2254086655647225
6400.0,740.3222307470078,3.7588334,39.831913,0.2257812745514523
6400.0,740.3139238671563,3.7587934,39.819447,0.2261538831050606
6400.0,740.3205236084111,3.7590339,39.782009,0.2265264912325764
6400.0,740.3122769996912,3.7592745,39.732101,0.2268990989572973
6400.0,740.3202858512458,3.7596354,39.819447,0.2272717069651483
6400.0,740.3126166955648,3.7597556,39.757076,0.2276443148608421
6400.0,740.3197511190924,3.7597957,39.744568,0.228016922599559
6400.0,740.3125330290679,3.7601967,39.719635,0.2283895304531425
6400.0,740.3210194974153,3.7601166,39.80698,0.2287621388302424
6400.0,740.3134959760008,3.7603972,39.831913,0.2291347471684882
6400.0,740.3148525008321,3.7607179,39.769543,0.2295073561894886
6400.0,740.3206680915856,3.7609184,39.831913,0.2298799643897237
6400.0,740.3141205583667,3.7611589,39.757076,0.230252573042329
6400.0,740.3211286777191,3.7612391,39.769543,0.23062518147438
6400.0,740.3130898010565,3.7613995,39.732101,0.2309977896081933
6400.0,740.3216209292419,3.7614796,39.782009,0.2313703982879978
6400.0,740.3138507352877,3.7617602,39.794514,0.231743006804798
6400.0,740.3232192162848,3.7619607,39.719635,0.2321156162890307
6400.0,740.3150174535585,3.7623615,39.757076,0.2324882253930537
6400.0,740.3229461072381,3.762522,39.769543,0.2328608347398289
6400.0,740.3145576531509,3.762522,39.794514,0.2332334436124291
6400.0,740.3218736038613,3.7628427,39.744568,0.2336060524194063
6400.0,740.3153640095767,3.762923,39.707134,0.233978661697855
6400.0,740.3149453343281,3.7633238,39.694668,0.2343512707655796
6400.0,740.3229706434691,3.7633238,39.769543,0.234723880124704
6400.0,740.3150028905809,3.7637248,39.769543,0.2350964892213973
6400.0,740.3235664960613,3.7638049,39.782009,0.2354690988804182
6400.0,740.3158483091343,3.7641256,39.732101,0.2358417084026204
6400.0,740.3235351115367,3.7644465,39.794514,0.2362143180458452
6400.0,740.3165679713807,3.7644062,39.831913,0.2365869279302618
6400.0,740.3251365606881,3.7644866,39.794514,0.2369595383795064
6400.0,740.316253690656,3.7647672,39.719635,0.2373321481057418
6400.0,740.3219155473696,3.7651279,39.732101,0.2377047569338296
6400.0,740.3154365552673,3.7649677,39.769543,0.2380773662487913
6400.0,740.3241563676133,3.7652082,39.719635,0.2384499762046984
6400.0,740.3176199318812,3.7654488,39.719635,0.2388225866185788
6400.0,740.3168265512812,3.765569,39.632256,0.2391951966331416
6400.0,740.3214663016279,3.76597,39.719635,0.239567805235121
6400.0,740.3151429291057,3.7661302,39.64476,0.2399404144022973
6400.0,740.3241064525566,3.76601,39.732101,0.2403130243330818
6400.0,740.3151795867678,3.7664509,39.694668,0.2406856335187084
6400.0,740.3216588561271,3.7663307,39.694668,0.2410582422176017
6400.0,740.3140552265841,3.7669723,39.64476,0.2414308508373247
6400.0,740.3220766323174,3.7669723,39.707134,0.2418034597464875
6400.0,740.3149509619027,3.7672126,39.694668,0.2421760688170445
6400.0,740.3229955826312,3.767333,39.669693,0.242548678188721
6400.0,740.3144291504328,3.7677341,39.732101,0.2429212869966442
6400.0,740.3204697265093,3.7677341,39.594818,0.2432938950970409
6400.0,740.3151363616408,3.7680547,39.632256,0.2436665042609117
6400.0,740.3162106853074,3.7681348,39.694668,0.2440391139655021
6400.0,740.3227533081971,3.7682953,39.682201,0.2444117232152402
6400.0,740.3159189383123,3.7683353,39.694668,0.2447843327729909
6400.0,740.3217961498264,3.7686961,39.719635,0.245156941540985
6400.0,740.3137408115163,3.769057,39.707134,0.2455295500024594
6400.0,740.3201258033492,3.769057,39.632256,0.2459021579297573
6400.0,740.3135156906225,3.7693777,39.719635,0.2462747662779257
6400.0,740.3223588112526,3.7694578,39.64476,0.2466473753291109
6400.0,740.3128805739865,3.7696984,39.694668,0.2470199833576178
6400.0,740.3199534027707,3.7697787,39.719635,0.2473925911981453
6400.0,740.3128839673523,3.7700193,39.64476,0.2477651992283601
6400.0,740.3198666102097,3.7702196,39.682201,0.2481378070252044
6400.0,740.3127271685776,3.7706606,39.669693,0.2485104149765005
6400.0,740.3124897555447,3.7707007,39.64476,0.2488830228083039
6400.0,740.3203457144947,3.7707808,39.582352,0.2492556308462845
6400.0,740.3125569545225,3.7709813,39.619789,0.2496282387119099
6400.0,740.3195276557484,3.7711818,39.64476,0.2500008463381563
6400.0,740.3118889770288,3.7713423,39.657227,0.2503734538675809
6400.0,740.3199443695635,3.7715025,39.64476,0.250746061703562
6400.0,740.3104937439869,3.7717431,39.632256,0.2511186685307497
6400.0,740.319722627834,3.7722242,39.657227,0.2514912762551268
6400.0,740.3123972750958,3.772104,39.619789,0.2518638840403837
6400.0,740.3196125684078,3.7722642,39.619789,0.2522364917093671
6400.0,740.3124526583258,3.7724648,39.64476,0.252609099522499
6400.0,740.3197972742435,3.7725852,39.657227,0.2529817072844461
6400.0,740.312563973413,3.7728257,39.594818,0.2533543151536042
6400.0,740.3136265906069,3.7729459,39.619789,0.2537269235575898
6400.0,740.3206145881096,3.773026,39.557419,0.2540995317308963
6400.0,740.3125541106026,3.7736676,39.607323,0.2544721395950903
6400.0,740.3199656953404,3.7737877,39.532448,0.2548447474418048
6400.0,740.31194188192,3.7738681,39.544914,0.2552173549978571
6400.0,740.3184054941348,3.7743089,39.607323,0.2555899620593122
6400.0,740.3115773691491,3.7741487,39.569885,0.255962569431901
6400.0,740.3184152353875,3.7745495,39.657227,0.2563351764982589
6400.0,740.3113404438644,3.7745495,39.64476,0.2567077837516004
6400.0,740.319384210546,3.7747099,39.582352,0.2570803913056499
6400.0,740.3119121576108,3.7748301,39.569885,0.2574529988467415
6400.0,740.3184638442435,3.7752712,39.607323,0.2578256059375646
6400.0,740.3110070472301,3.7753112,39.557419,0.2581982130231038
6400.0,740.3113651387481,3.7753112,39.569885,0.2585708202888746
6400.0,740.3172012518392,3.7759528,39.569885,0.2589434267442267
6400.0,740.3106519341796,3.7757523,39.519981,0.2593160336510334
6400.0,740.3181637443911,3.776113,39.507477,0.2596886405908142
6400.0,740.3112772368108,3.7761533,39.582352,0.2600612478123429
6400.0,740.3179142436983,3.7763135,39.557419,0.2604338546265485
6400.0,740.309631870602,3.7765141,39.544914,0.2608064610199454
6400.0,740.3178351537919,3.7767146,39.544914,0.2611790677943445
6400.0,740.3096197127036,3.7769952,39.557419,0.2615516741816222
6400.0,740.3177422944476,3.7771957,39.507477,0.2619242809092846
6400.0,740.3117663943094,3.7773962,39.532448,0.2622968883770119
6400.0,740.319399603475,3.7775564,39.532448,0.2626694959388087
6400.0,740.312989826247,3.777837,39.544914,0.2630421040223034
6400.0,740.3135372602126,3.7778771,39.569885,0.2634147123813281
6400.0,740.3191416185147,3.7779174,39.482544,0.2637873198132793
6400.0,740.3112080840768,3.778198,39.507477,0.2641599270000027
6400.0,740.3198071616073,3.7782781,39.532448,0.2645325347669261
6400.0,740.3122012679815,3.7783182,39.582352,0.2649051424535303
6400.0,740.3196127271042,3.7787592,39.619789,0.2652777501225937
6400.0,740.3127801837671,3.7788393,39.519981,0.2656503581005729
6400.0,740.3200650609268,3.7790799,39.49501,0.2660229659972988
6400.0,740.314376550653,3.7792804,39.544914,0.266395574778748
6400.0,740.3189934489506,3.7793605,39.519981,0.2667681821361246
6400.0,740.3125553435307,3.779561,39.544914,0.2671407900009391
6400.0,740.3182008905845,3.7797215,39.557419,0.2675133969594159
6400.0,740.3112798367031,3.7800422,39.544914,0.2678860041822532
6400.0,740.3125213712984,3.7802827,39.532448,0.2682586120299692
6400.0,740.3202139998253,3.7803228,39.507477,0.2686312200016569
6400.0,740.3117998050222,3.7805233,39.557419,0.2690038274862003
6400.0,740.3201274027953,3.7807238,39.532448,0.2693764354143032
6400.0,740.3139702659731,3.7810845,39.519981,0.2697490439912646
6400.0,740.3193681456902,3.7810445,39.544914,0.2701216515372284
6400.0,740.3114013815119,3.7813251,39.470039,0.2704942588212406
6400.0,740.3184141611434,3.7814856,39.607323,0.2708668658870579
6400.0,740.3115541882601,3.7816057,39.49501,0.2712394732479794
6400.0,740.3206501716916,3.7816458,39.519981,0.2716120814391953
6400.0,740.3134871992413,3.7818463,39.519981,0.2719846897730237
6400.0,740.32050458987,3.7821269,39.49501,0.2723572978909673
6400.0,740.3140541523506,3.7825279,39.482544,0.2727299065101496
6400.0,740.3220954921111,3.7824075,39.432598,0.2731025154288047
6400.0,740.312400876269,3.7826481,39.470039,0.2734751232158741
6400.0,740.3132144955106,3.7830091,39.432598,0.2738477314124475
6400.0,740.3201195291659,3.7830091,39.457573,0.2742203393365876
6400.0,740.3126538294133,3.7830091,39.482544,0.2745929472509713
6400.0,740.3182782715638,3.7834098,39.507477,0.2749655542483944
6400.0,740.3127791948667,3.7833698,39.482544,0.275338162225876
6400.0,740.3186584615902,3.7836504,39.457573,0.2757107694146513
6400.0,740.3111442905382,3.7838109,39.445107,0.2760833765692665
6400.0,740.3194835757231,3.7841716,39.470039,0.2764559841733271
6400.0,740.3121831651191,3.7842116,39.482544,0.27682859185082
6400.0,740.3172716135504,3.784332,39.482544,0.2772011983415856
6400.0,740.3106236137714,3.7844923,39.407665,0.2775738052341383
6400.0,740.315905053264,3.7848532,39.470039,0.2779464110371053
6400.0,740.3103322578346,3.7849333,39.445107,0.2783190177830151
6400.0,740.3100514241455,3.7850134,39.457573,0.2786916243875782
6400.0,740.3168575731185,3.7851338,39.457573,0.2790642306699545
6400.0,740.3105499573201,3.7853343,39.482544,0.2794368375254351
6400.0,740.3180196274665,3.7857351,39.470039,0.279809444392681
6400.0,740.3109579265583,3.785655,39.445107,0.2801820514534971
6400.0,740.3175994957971,3.7859757,39.432598,0.2805546581092881
6400.0,740.3112774686628,3.7862163,39.49501,0.2809272653309335
6400.0,740.3189373817769,3.7863767,39.445107,0.2812998726600911
6400.0,740.3121263656079,3.7863367,39.395164,0.2816724803089961
6400.0,740.3193610289123,3.7864568,39.407665,0.2820450878513781
6400.0,740.3126378746083,3.7868578,39.432598,0.2824176957577315
6400.0,740.3185527362822,3.786938,39.49501,0.2827903028932945
6400.0,740.3119754021127,3.7870181,39.457573,0.2831629104662179
6400.0,740.3116937505985,3.7874591,39.420132,0.2835355178973828
6400.0,740.3192365899217,3.7875795,39.432598,0.2839081253771338
6400.0,740.3106763970068,3.7875392,39.420132,0.2842807322962529
6400.0,740.3182103147515,3.7877798,39.432598,0.2846533392594729
6400.0,740.3105923155094,3.7880204,39.445107,0.2850259461362728
6400.0,740.317219501097,3.7882209,39.482544,0.28539855260081
6400.0,740.3103722845109,3.7882609,39.407665,0.2857711593668657
6400.0,740.3177427218328,3.7884214,39.345257,0.2861437660947432
6400.0,740.310745842574,3.7886219,39.420132,0.286516373048815
6400.0,740.3168685838393,3.789103,39.432598,0.2868889793367332
6400.0,740.3128721388146,3.7891431,39.432598,0.2872615873609945
6400.0,740.3211142611153,3.7890627,39.432598,0.2876341957857896
6400.0,740.3138465848734,3.7892232,39.482544,0.2880068043005009
6400.0,740.3129064646567,3.7894237,39.420132,0.2883794123420388
6400.0,740.3197196981424,3.7897043,39.445107,0.2887520200649413
6400.0,740.3118746335226,3.7897043,39.370232,0.2891246275871467
6400.0,740.3207033948145,3.7899048,39.49501,0.2894972358051501
6400.0,740.3125090056952,3.7901855,39.357723,0.2898698436466423
6400.0,740.3178705786776,3.7901053,39.420132,0.290242450438871
6400.0,740.312420944654,3.7905061,39.357723,0.2906150582360411
6400.0,740.3195968215585,3.7905462,39.445107,0.290987665897099
6400.0,740.3122125225171,3.7907066,39.420132,0.2913602735893679
6400.0,740.3202307601414,3.7909472,39.407665,0.2917328815694912
6400.0,740.3107834155701,3.7911074,39.345257,0.292105488542474
6400.0,740.3172039249154,3.7909472,39.370232,0.2924780949991715
6400.0,740.3094337516508,3.791348,39.345257,0.2928507012928528
6400.0,740.311034073422,3.7915885,39.407665,0.2932233083919945
6400.0,740.3180130112318,3.7917891,39.395164,0.2935959152559104
6400.0,740.3102660109226,3.7917891,39.420132,0.2939685219684775
6400.0,740.3180796865022,3.7918692,39.370232,0.2943411288659515
6400.0,740.3096688333753,3.7921901,39.382698,0.2947137352779522
6400.0,740.3192659477173,3.7925107,39.395164,0.2950863427724791
6400.0,740.3113804220422,3.7926309,39.370232,0.2954589500459422
6400.0,740.3196014846313,3.7928314,39.382698,0.295831557709347
6400.0,740.3111181671975,3.7929118,39.345257,0.2962041648508142
6400.0,740.3190340499351,3.7929919,39.432598,0.2965767722286255
6400.0,740.3107993696589,3.7933526,39.407665,0.2969493792096381
6400.0,740.3179421495913,3.7933927,39.420132,0.2973219860378889
6400.0,740.3111857695117,3.7935531,39.357723,0.2976945932133811
6400.0,740.3124633147121,3.7935531,39.420132,0.2980672010318765
6400.0,740.320090964852,3.7938337,39.295353,0.2984398089416399
6400.0,740.3114130634284,3.7941144,39.457573,0.2988124162315317
6400.0,740.3190895432031,3.7940342,39.33279,0.2991850236372732
6400.0,740.3122392924032,3.7944753,39.382698,0.2995576313430156
6400.0,740.319191216281,3.794395,39.357723,0.2999302387999297
6400.0,740.3101649733394,3.7947559,39.432598,0.3003028454616434
6400.0,740.3186873803362,3.7946355,39.345257,0.3006754526649736
6400.0,740.3112055326832,3.7949162,39.382698,0.3010480598504128
6400.0,740.3174030229006,3.7950766,39.345257,0.3014206664073177
6400.0,740.3107869431767,3.7953572,39.307819,0.3017932733820759
6400.0,740.3186886500091,3.7954373,39.370232,0.3021658805860452
6400.0,740.3110616856897,3.7955978,39.33279,0.3025384876990845
6400.0,740.3107842331906,3.7958384,39.345257,0.3029110946724788
6400.0,740.319059196395,3.7959185,39.357723,0.3032837020629465
6400.0,740.3102453566665,3.7959588,39.320286,0.303656308765118
6400.0,740.319558466572,3.7961991,39.370232,0.3040289164068716
6400.0,740.3112232813218,3.7963996,39.345257,0.3044015236012439
6400.0,740.3183520395671,3.7967205,39.33279,0.304774130635795
6400.0,740.3097539034661,3.7968006,39.357723,0.3051467370906124
6400.0,740.3150043036068,3.7968807,39.407665,0.3055193424402262
6400.0,740.3091160282431,3.7972014,39.420132,0.3058919485739937
6400.0,740.3173395214543,3.7972014,39.33279,0.3062645550989378
6400.0,740.3090037728564,3.7973218,39.320286,0.3066371611762058
6400.0,740.3170459531166,3.7976425,39.357723,0.3070097675533951
6400.0,740.3111353305791,3.7976024,39.370232,0.3073823747035007
6400.0,740.309461143526,3.7980034,39.282887,0.3077549810109687
6400.0,740.3159782348788,3.7980835,39.345257,0.3081275868507685
6400.0,740.3088201797416,3.7980835,39.270382,0.3085001928356319
6400.0,740.3175643765373,3.7981637,39.307819,0.3088727994737471
6400.0,740.3100175860518,3.7985246,39.357723,0.309245406061279
6400.0,740.3179682483313,3.7987652,39.307819,0.3096180129026655
6400.0,740.3103612495491,3.7988853,39.33279,0.3099906196631672
6400.0,740.3178242773131,3.7990458,39.382698,0.3103632264320921
6400.0,740.3110960608489,3.7990859,39.345257,0.3107358335624329
6400.0,740.3165992706632,3.7994065,39.307819,0.3111084397148039
6400.0,740.3091402712919,3.7994866,39.33279,0.3114810458607732
6400.0,740.3172560250904,3.7996871,39.320286,0.3118536523436931
6400.0,740.309112903052,3.7999678,39.295353,0.3122262584758876
6400.0,740.3102670116918,3.8000481,39.282887,0.3125988651889583
6400.0,740.3183072391158,3.8003688,39.282887,0.312971472200961
6400.0,740.3113186059975,3.8003688,39.307819,0.3133440794433113
6400.0,740.3182306270616,3.8004088,39.370232,0.3137166864167547
6400.0,740.3107136284665,3.8004489,39.33279,0.3140892933546128
6400.0,740.3173785597252,3.8006895,39.257915,0.3144618998992051
6400.0,740.3128177809101,3.8010504,39.257915,0.3148345078961075
6400.0,740.3194608955534,3.8011305,39.270382,0.315207115488753
6400.0,740.3120065787191,3.8011706,39.270382,0.3155797230773679
6400.0,740.3206601449008,3.8015313,39.345257,0.3159523312736034
6400.0,740.312731111594,3.8014913,39.307819,0.3163249392268841
6400.0,740.3203321035484,3.8016517,39.307819,0.3166975472580142
6400.0,740.3129884712539,3.8017318,39.245449,0.317070155340827
6400.0,740.3113256245811,3.8018522,39.245449,0.3174427625867098
6400.0,740.3200422220608,3.8021729,39.295353,0.3178153704719407
6400.0,740.3108115645962,3.802213,39.270382,0.3181879774590912
6400.0,740.3198550624179,3.802614,39.295353,0.3185605852501234
6400.0,740.3141080703915,3.802614,39.307819,0.3189331938964433
6400.0,740.3210520660742,3.8029747,39.245449,0.3193058022899353
6400.0,740.3139314112435,3.8031352,39.282887,0.3196784108473407
6400.0,740.3213519214872,3.8030148,39.282887,0.3200510193917518
6400.0,740.3154285351983,3.8032954,39.232944,0.320423628702677
6400.0,740.3219121902928,3.8032153,39.257915,0.320796237529075
6400.0,740.31301210408,3.8036563,39.245449,0.3211688456237825
6400.0,740.3199327973175,3.8034959,39.295353,0.3215414534539392
6400.0,740.3122232889973,3.8038969,39.345257,0.3219140611516269
6400.0,740.3135501997156,3.8041375,39.257915,0.3222866695171641
6400.0,740.3212245033851,3.8040974,39.257915,0.3226592779974448
6400.0,740.3130808169503,3.8045783,39.257915,0.3230318861267363
6400.0,740.3188002714327,3.8046987,39.232944,0.3234044933868853
6400.0,740.3139760521402,3.8046186,39.220478,0.323777101966759
6400.0,740.321571477996,3.8046987,39.232944,0.3241497106216743
6400.0,740.3139508447474,3.8048992,39.295353,0.3245223191888608
6400.0,740.319868990859,3.8051398,39.232944,0.3248949269869033
6400.0,740.3123514988821,3.8051798,39.257915,0.3252675347491205
6400.0,740.3201271709411,3.8056209,39.220478,0.3256401426771068
6400.0,740.3134542407727,3.8057811,39.257915,0.3260127509943467
6400.0,740.3204652585582,3.8059015,39.257915,0.3263853590924946
6400.0,740.3141973398045,3.8059816,39.245449,0.3267579677837449
6400.0,740.3140897479552,3.8061018,39.245449,0.327130576420843
6400.0,740.3189742960137,3.8062222,39.270382,0.3275031837685798
6400.0,740.31250756496,3.8065429,39.282887,0.3278757916093469
6400.0,740.3226654782267,3.806623,39.245449,0.3282484008148796
6400.0,740.3153181233715,3.8068235,39.257915,0.3286210100702332
6400.0,740.3215090266466,3.8068635,39.270382,0.3289936186937164
6400.0,740.314811900614,3.8071444,39.320286,0.3293662276942822
6400.0,740.3212909096596,3.8071444,39.270382,0.3297388362079857
6400.0,740.315384102518,3.8074651,39.232944,0.3301114454965474
6400.0,740.3228013918513,3.8076253,39.195503,0.3304840547704863
6400.0,740.3141893075597,3.8075852,39.208012,0.3308566634576939
6400.0,740.3221876681711,3.8076656,39.220478,0.3312292724227418
6400.0,740.3142324961593,3.8079863,39.195503,0.3316018811316867
6400.0,740.3135078171747,3.8082268,39.282887,0.3319744894758922
6400.0,740.3209079612232,3.8083069,39.257915,0.3323470977968553
6400.0,740.3141621957278,3.8085074,39.33279,0.3327197064704171
6400.0,740.3207533829267,3.8086276,39.133137,0.3330923147135799
6400.0,740.3133599783591,3.8085475,39.170574,0.3334649229833765
6400.0,740.3208067765124,3.8089082,39.232944,0.3338375312534126
6400.0,740.3128349441894,3.8090687,39.208012,0.3342101392589535
6400.0,740.3201010841723,3.8091891,39.195503,0.33458274717381
6400.0,740.3113503683725,3.8093493,39.245449,0.3349553544321467
6400.0,740.3194720772489,3.8095899,39.245449,0.33532796203042
6400.0,740.3111234041234,3.80967,39.183037,0.3357005691745229
6400.0,740.3201789165818,3.8099909,39.183037,0.3360731771285531
6400.0,740.31276803784,3.8099909,39.257915,0.3364457851004191
6400.0,740.3131757506701,3.8101511,39.208012,0.3368183932774918
6400.0,740.320835597544,3.8103516,39.208012,0.3371910015620338
6400.0,740.3124197725026,3.8108327,39.220478,0.3375636093586139
6400.0,740.3183938484241,3.8107526,39.208012,0.3379362164142077
6400.0,740.3107132378175,3.8107526,39.183037,0.3383088233518691
6400.0,740.3194346010777,3.8109128,39.245449,0.3386814309312804
6400.0,740.3133808035881,3.8113139,39.220478,0.3390540392115586
6400.0,740.3198164755771,3.8113539,39.170574,0.3394266469831699
6400.0,740.3133358451996,3.811434,39.183037,0.3397992552408199
6400.0,740.3218384230056,3.8116345,39.145603,0.3401718640300904
6400.0,740.3146873522696,3.8121157,39.232944,0.3405444729679697
6400.0,740.3229269663749,3.8120756,39.245449,0.3409170823051111
6400.0,740.3154265213817,3.8121557,39.195503,0.3412896916150227
6400.0,740.3133309621907,3.8124363,39.195503,0.3416622998702151
6400.0,740.3219471025617,3.8123963,39.183037,0.3420349087141847
6400.0,740.313686136427,3.812717,39.195503,0.3424075171481404
6400.0,740.3217521064312,3.8128374,39.195503,0.3427801258939673
6400.0,740.3151275482005,3.813118,39.232944,0.3431527350534022
6400.0,740.3213279708261,3.8132384,39.15807,0.3435253435857587
6400.0,740.3139985250931,3.8133585,39.183037,0.3438979521769433
6400.0,740.3193006528933,3.813158,39.15807,0.3442705596889376
6400.0,740.3130697329784,3.8135591,39.058262,0.3446431678126503
6400.0,740.3199531709165,3.8136792,39.232944,0.3450157756530612
6400.0,740.3126074184207,3.8140402,39.183037,0.3453883835440857
6400.0,740.3198706385996,3.8140802,39.120628,0.3457609913429575
6400.0,740.311680310762,3.8141603,39.183037,0.346133598767358
6400.0,740.3188254791814,3.8144009,39.245449,0.3465062060401943
6400.0,740.3118993528601,3.8145614,39.195503,0.3468788135748412
6400.0,740.3119011225467,3.8143609,39.208012,0.3472514211103789
6400.0,740.320167246826,3.8145213,39.220478,0.3476240290585355
6400.0,740.3138667018594,3.8151226,39.208012,0.3479966375833719
6400.0,740.3208070206449,3.8151627,39.195503,0.3483692458535309
6400.0,740.3138464143099,3.8150826,39.232944,0.3487418543681563
6400.0,740.320809278921,3.8156838,39.232944,0.3491144626394519
6400.0,740.3131310485874,3.8155637,39.145603,0.3494870707940255
6400.0,740.3202096665257,3.8158042,39.208012,0.3498596787635323
6400.0,740.3142754159703,3.8158844,39.183037,0.3502322874940792
6400.0,740.3214188771109,3.8161249,39.183037,0.3506048960721895
6400.0,740.313601261456,3.816205,39.15807,0.3509775044634267
6400.0,740.3205953618102,3.8165257,39.133137,0.3513501126270564
6400.0,740.3141878309109,3.8167262,39.257915,0.3517227213135208
6400.0,740.3134726362637,3.8164856,39.220478,0.3520953296400194
6400.0,740.3217033146293,3.8167663,39.15807,0.352467938361289
6400.0,740.3138876127282,3.8173277,39.208012,0.35284054689665
6400.0,740.3213045451624,3.8172474,39.220478,0.3532131554172164
6400.0,740.3143541875894,3.8175683,39.220478,0.3535857641874099
6400.0,740.3196197705195,3.8178086,39.15807,0.3539583718600183
6400.0,740.3128636915693,3.8175683,39.208012,0.354330979880028
6400.0,740.3183765513439,3.817889,39.208012,0.354703586926916
6400.0,740.3112928855837,3.8180091,39.145603,0.3550761941563209
6400.0,740.3185955099023,3.8181295,39.195503,0.3554488013134121
6400.0,740.3110872225454,3.8180895,39.195503,0.3558214084393045
6400.0,740.3188727570757,3.8182096,39.183037,0.356194015735936
6400.0,740.3109250288663,3.8185303,39.133137,0.3565666227801944
6400.0,740.3108162280314,3.8185704,39.170574,0.3569392297696921
6400.0,740.3177867403646,3.8188913,39.208012,0.3573118365197244
6400.0,740.3116143201559,3.8189313,39.108162,0.357684443910911
6400.0,740.3194878604213,3.8193321,39.120628,0.3580570515171281
6400.0,740.3117271491355,3.8194926,39.15807,0.3584296589651029
6400.0,740.3195831248692,3.819653,39.15807,0.3588022666192672
6400.0,740.3117727176443,3.8195326,39.120628,0.3591748740901771
6400.0,740.3192409109431,3.8197331,39.120628,0.3595474815721029
6400.0,740.3110458899885,3.8198936,39.195503,0.3599200886771921
6400.0,740.3186510521809,3.8200138,39.120628,0.3602926958622381
6400.0,740.310468072481,3.8201742,39.120628,0.3606653026765051
6400.0,740.3186808131122,3.8203344,39.232944,0.36103790987653
6400.0,740.3139868794995,3.8207755,39.270382,0.3614105184618532
6400.0,740.3130512884773,3.820936,39.170574,0.3617831265762826
6400.0,740.3207164560023,3.8208556,39.170574,0.3621557348008599
6400.0,740.3134639210483,3.8210962,39.15807,0.362528343122972
6400.0,740.3201992779025,3.8210962,39.15807,0.3629009510872501
6400.0,740.3132638238872,3.8213367,39.170574,0.3632735593086511
6400.0,740.322381345925,3.8216577,39.120628,0.3636461683711782
6400.0,740.3163188756128,3.8219383,39.058262,0.364018778130222
6400.0,740.3225702748631,3.8215773,39.183037,0.3643913872878382
6400.0,740.3159914600606,3.8220184,39.145603,0.36476399688209
6400.0,740.3238219908911,3.8219383,39.133137,0.3651366066697031
6400.0,740.3148184187618,3.8224595,39.170574,0.3655092156735496
6400.0,740.3224371565857,3.8223391,39.208012,0.3658818247641666
6400.0,740.3166876970835,3.8225396,39.133137,0.3662544347088425
6400.0,740.3159046442255,3.8225796,39.195503,0.3666270442593988
6400.0,740.3238325620508,3.8229806,39.145603,0.3669996540523325
6400.0,740.3159282158656,3.8233414,39.145603,0.3673722636147526
6400.0,740.3228609872809,3.8231409,39.15807,0.3677448729186864
6400.0,740.3153256794299,3.8234618,39.15807,0.368117482177843
6400.0,740.3257572185072,3.823622,39.145603,0.3684900929394687
6400.0,740.3192701069187,3.8237023,39.245449,0.3688627041839014
6400.0,740.3271264398984,3.8238626,39.145603,0.3692353156346651
6400.0,740.3180214560265,3.8239429,39.15807,0.3696079262506373
6400.0,740.3247012675348,3.823983,39.145603,0.369980536480796
6400.0,740.3175514750097,3.8241432,39.183037,0.3703531468602213
6400.0,740.3246803939043,3.8243036,39.15807,0.3707257570798742
6400.0,740.3181524000444,3.8245442,39.108162,0.3710983677617521
6400.0,740.3164604153426,3.8245842,39.120628,0.3714709775920344
6400.0,740.324935339078,3.8247447,39.208012,0.3718435879400029
6400.0,740.3173313100773,3.8250654,39.120628,0.3722161982086167
6400.0,740.3253808613396,3.8251858,39.145603,0.3725888087808193
6400.0,740.3184042418142,3.8253059,39.232944,0.372961419589452
6400.0,740.3256691444043,3.8254261,39.133137,0.3733340303067495
6400.0,740.31659728028,3.8256266,39.15807,0.3737066402059176
6400.0,740.3235357342484,3.8256266,39.145603,0.3740792498494558
6400.0,740.3163738804718,3.8259072,39.195503,0.3744518596361842
6400.0,740.3241544019686,3.8259475,39.195503,0.3748244695911019
6400.0,740.3180562944802,3.8263884,39.195503,0.3751970802246087
6400.0,740.323716081921,3.8264284,39.15807,0.3755696899589171
6400.0,740.3180716141994,3.8263083,39.15807,0.3759423006001345
6400.0,740.3176396947457,3.8265889,39.183037,0.3763149110239618
6400.0,740.3262436715264,3.8269496,39.145603,0.3766875220304225
6400.0,740.3174002425213,3.8269095,39.15807,0.3770601323337307
6400.0,740.3230015396265,3.82707,39.170574,0.3774327417084054
6400.0,740.3172373525705,3.8276312,39.170574,0.3778053519297292
6400.0,740.3238250912502,3.8274307,39.083191,0.3781779617189028
6400.0,740.3162535442394,3.8276713,39.133137,0.3785505714450645
6400.0,740.32384978628,3.8277113,39.170574,0.3789231812466672
6400.0,740.3161946451694,3.8277516,39.133137,0.3792957909431844
6400.0,740.322145687521,3.8281124,39.145603,0.3796683998871031
6400.0,740.3161736861089,3.8281524,39.095695,0.3800410095730713
6400.0,740.3248684320556,3.8282728,39.145603,0.380413619887365
6400.0,740.318661650382,3.8282728,39.195503,0.3807862308255544
6400.0,740.3181713571571,3.8286335,39.15807,0.3811588415169736
6400.0,740.3271065303148,3.8289142,39.133137,0.3815314529577167
6400.0,740.3185561697558,3.8288341,39.15807,0.3819040638428165
6400.0,740.3262852978468,3.8291948,39.133137,0.382276674870228
6400.0,740.3186654587483,3.8294353,39.120628,0.3826492858103341
6400.0,740.326167877408,3.8292751,39.120628,0.3830218967786472
6400.0,740.3201600077764,3.829716,39.133137,0.3833945084709771
6400.0,740.3263009838165,3.8299966,39.183037,0.3837671195062835
6400.0,740.3184092836202,3.8299165,39.108162,0.3841397303174538
6400.0,740.3260144704561,3.8299565,39.170574,0.3845123412085561
6400.0,740.3182480296267,3.830157,39.058262,0.3848849519385653
6400.0,740.3257492718224,3.8304377,39.108162,0.3852575626961915
6400.0,740.3182819400591,3.8305581,39.133137,0.3856301734432683
6400.0,740.3177217987493,3.8305981,39.195503,0.3860027839084194
6400.0,740.3246814682507,3.8307986,39.145603,0.3863753941286131
6400.0,740.3176933200556,3.8308787,39.120628,0.3867480045794306
6400.0,740.3268086891479,3.8311594,39.120628,0.3871206158702683
6400.0,740.3204033168656,3.8311994,39.108162,0.3874932276850586
6400.0,740.3272399902344,3.8313198,39.133137,0.387865839192973
6400.0,740.3196695683396,3.8316405,39.108162,0.3882384506384592
6400.0,740.3268955303104,3.8316405,39.133137,0.3886110619730046
6400.0,740.3178160243284,3.831881,39.170574,0.3889836724855806
6400.0,740.3266429047018,3.8321216,39.133137,0.389356283692978
6400.0,740.3176347263014,3.8321216,39.095695,0.3897288941143046
6400.0,740.3244734714027,3.8322818,39.120628,0.3901015042298121
6400.0,740.3190133943158,3.8326428,39.170574,0.3904741153450383
6400.0,740.3178764616424,3.8325627,39.208012,0.3908467258880331
6400.0,740.3237546806307,3.8326428,39.133137,0.3912193356417685
6400.0,740.3161474897133,3.8328834,39.095695,0.3915919453145517
6400.0,740.3231862205987,3.833204,39.183037,0.3919645547821775
6400.0,740.3169621832906,3.8330436,39.145603,0.3923371648650055
6400.0,740.3250104981041,3.833204,39.145603,0.392709775250802
6400.0,740.3169024055163,3.8336852,39.095695,0.3930823853035431
6400.0,740.3262817579265,3.8336451,39.108162,0.3934549963291729
6400.0,740.31894665853,3.8337252,39.133137,0.3938276074108102
6400.0,740.3263002756687,3.8341663,39.220478,0.3942002184457601
6400.0,740.3181004713663,3.8340459,39.170574,0.3945728291015016
6400.0,740.3255997104168,3.8340058,39.170574,0.3949454397838525
6400.0,740.3180901811749,3.8346074,39.195503,0.3953180504344148
6400.0,740.3166196556218,3.8347275,39.095695,0.3956906603448447
6400.0,740.3258048626001,3.8347275,39.095695,0.39606327113045
6400.0,740.3168800913605,3.8347275,39.170574,0.3964358811719601
6400.0,740.3257078409307,3.8349681,39.108162,0.3968084919087338
6400.0,740.3182794013528,3.8350482,39.183037,0.3971811026545329
6400.0,740.3266484460784,3.8353691,39.15807,0.3975537138647192
6400.0,740.317913595184,3.8352888,39.145603,0.3979263244264038
6400.0,740.3251305792387,3.8355694,39.170574,0.3982989348726379
6400.0,740.31740589455,3.8356898,39.195503,0.3986715451787909
6400.0,740.3254271384544,3.8360505,39.145603,0.3990441557742851
6400.0,740.3184005922449,3.8359303,39.120628,0.399416766581081
6400.0,740.3246355326756,3.836211,39.232944,0.3997893767781549
6400.0,740.3164467070245,3.8362911,39.145603,0.4001619866015377
6400.0,740.3163867586867,3.8364115,39.232944,0.4005345963947478
6400.0,740.3243942841913,3.8366921,39.133137,0.4009072064703999
6400.0,740.3174055280481,3.8368123,39.120628,0.4012798167763683
6400.0,740.3232514554263,3.8367722,39.145603,0.4016524262768273
6400.0,740.3167557512326,3.8370528,39.108162,0.4020250362557556
6400.0,740.324794127186,3.8374138,39.245449,0.4023976465326512
6400.0,740.3178906823675,3.8374538,39.170574,0.4027702570828035
6400.0,740.324943725324,3.8374939,39.120628,0.4031428674349928
6400.0,740.3179434530177,3.8377345,39.108162,0.4035154780117052
6400.0,740.32352760472,3.8378146,39.145603,0.4038880876511518
6400.0,740.3154633010065,3.8381352,39.133137,0.404260696979575
6400.0,740.3251118533801,3.8381352,39.108162,0.4046333074163842
6400.0,740.3181454053008,3.8380952,39.145603,0.4050059180947415
6400.0,740.3185884087266,3.8383758,39.145603,0.4053785289960676
6400.0,740.3260906065237,3.8386967,39.170574,0.4057511399254896
6400.0,740.3182217964991,3.8386164,39.170574,0.4061237506422955
6400.0,740.3249046625989,3.8391376,39.070724,0.4064963609748243
6400.0,740.3177303559861,3.8391376,39.15807,0.4068689714442824
6400.0,740.3235779707975,3.839258,39.170574,0.4072415811090786
6400.0,740.3170085089503,3.8393781,39.170574,0.4076141912152228
6400.0,740.3244417205772,3.839699,39.133137,0.4079868013147499
6400.0,740.3176073826178,3.8396587,39.15807,0.4083594117223141
6400.0,740.3263823807027,3.8398192,39.133137,0.4087320227985881
6400.0,740.3173545522545,3.8400598,39.183037,0.4091046330788999
6400.0,740.3245090549848,3.8401399,39.145603,0.4094772432123168
6400.0,740.3173981552408,3.8400998,39.208012,0.4098498535145745
6400.0,740.3167135637092,3.8404608,39.170574,0.4102224634722693
6400.0,740.3252098398126,3.8403804,39.120628,0.4105950739583958
6400.0,740.3174414781835,3.840621,39.108162,0.4109676842824584
6400.0,740.3239570377739,3.8407414,39.183037,0.4113402941380415
6400.0,740.3165347071867,3.8408215,39.15807,0.4117129040057158
6400.0,740.3256756873787,3.8411822,39.170574,0.4120855147263064
6400.0,740.3179708697563,3.8411822,39.208012,0.4124581253168179
6400.0,740.3237621640164,3.8413827,39.133137,0.4128307350743198
6400.0,740.3161665325683,3.8415031,39.220478,0.4132033447566875
6400.0,740.3247438705896,3.841944,39.195503,0.4135759550082886
6400.0,740.3164791288369,3.8416233,39.208012,0.4139485648479897
6400.0,740.325475039265,3.8420644,39.120628,0.4143211754675928
6400.0,740.3189464392632,3.8420644,39.15807,0.4146937865491197
6400.0,740.3260359676169,3.8421445,39.208012,0.4150663974510417
6400.0,740.3183815126579,3.8423049,39.195503,0.4154390082482345
6400.0,740.3172653065792,3.842746,39.15807,0.4158116184836279
6400.0,740.324661985643,3.8427861,39.183037,0.4161842286940159
6400.0,740.3166930682501,3.8428261,39.170574,0.4165568386413951
6400.0,740.3240358713718,3.8430667,39.195503,0.4169294485366556
6400.0,740.3152182338949,3.8431869,39.145603,0.4173020577417337
6400.0,740.3233856599192,3.8433473,39.195503,0.4176746673097386
6400.0,740.3181927194515,3.843668,39.15807,0.4180472780119096
6400.0,740.323479203571,3.8435478,39.145603,0.4184198876269956
6400.0,740.3157163880848,3.8437884,39.15807,0.4187924970828005
6400.0,740.3241936112141,3.8437884,39.083191,0.4191651070574525
6400.0,740.3157851503745,3.8439486,39.15807,0.4195377165478662
6400.0,740.3250012694682,3.8441491,39.15807,0.4199103269290179
6400.0,740.3174538559624,3.8442292,39.15807,0.4202829372593104
6400.0,740.3184835873332,3.8446703,39.15807,0.4206555481078786
6400.0,740.3249580072763,3.8449109,39.133137,0.4210281584672561
6400.0,740.3165473172269,3.8448708,39.133137,0.4214007683412772
6400.0,740.3266171476039,3.8450713,39.095695,0.4217733795357108
6400.0,740.3172404288539,3.8450713,39.133137,0.422145989758583
6400.0,740.323201113496,3.8451915,39.183037,0.4225185992337045
6400.0,740.3169027108323,3.845392,39.170574,0.4228912092865993
6400.0,740.3232023216754,3.8455925,39.145603,0.4232638187623288
6400.0,740.3170611572286,3.8456326,39.170574,0.4236364288949715
6400.0,740.3231193138834,3.8456726,39.15807,0.4240090383289227
6400.0,740.3150066623175,3.845793,39.170574,0.4243816474275144
6400.0,740.3224271344682,3.8459532,39.183037,0.4247542565130872
6400.0,740.3154724197627,3.8460736,39.145603,0.4251268658460999
6400.0,740.3144756712123,3.8463142,39.183037,0.4254994746774376
6400.0,740.3237849791445,3.8463142,39.232944,0.4258720844464225
6400.0,740.3153190755398,3.8466749,39.183037,0.4262446937022553
6400.0,740.3217311345746,3.846715,39.133137,0.4266173024375269
6400.0,740.3139300316942,3.8469956,39.195503,0.4269899109942379
6400.0,740.3217738228609,3.8470759,39.183037,0.4273625197509947
6400.0,740.3147051503278,3.8472362,39.145603,0.4277351286978319
6400.0,740.3221277921834,3.8474367,39.183037,0.4281077376327438
6400.0,740.3157941952574,3.8475168,39.195503,0.4284803471277099
6400.0,740.3227369875445,3.8475168,39.145603,0.4288529563692337
6400.0,740.3155165599168,3.8477974,39.183037,0.4292255657244627
6400.0,740.323666106087,3.848038,39.15807,0.429598175433618
6400.0,740.3157060978934,3.8479178,39.133137,0.4299707848842437
6400.0,740.3160495897017,3.8482385,39.208012,0.4303433945077528
6400.0,740.3224681257985,3.8485191,39.170574,0.4307160036139567
6400.0,740.3133270805648,3.8483989,39.208012,0.4310886118671955
6400.0,740.3212135172207,3.8486795,39.15807,0.4314612203419468
6400.0,740.3147309190354,3.8487997,39.170574,0.4318338293017537
6400.0,740.3220935636081,3.8489602,39.145603,0.4322064382194381
6400.0,740.3149388161803,3.8491206,39.195503,0.4325790472838821
6400.0,740.3237318777809,3.8491607,39.145603,0.4329516570261406
6400.0,740.3151276947194,3.8493612,39.15807,0.4333242661856493
6400.0,740.3233773960463,3.8494012,39.208012,0.4336968757494949
6400.0,740.3143697880683,3.8495615,39.208012,0.4340694845275404
6400.0,740.3220926600316,3.8499625,39.183037,0.4344420934447701
6400.0,740.3158883110497,3.8500426,39.232944,0.4348147029871057
6400.0,740.3163116737782,3.8500025,39.170574,0.4351873127425247
6400.0,740.3218363598512,3.8500826,39.15807,0.4355599215307568
6400.0,740.3143530521701,3.8504035,39.220478,0.435932530300379
6400.0,740.3245024388524,3.8504837,39.183037,0.436305140430466
6400.0,740.3168591927698,3.8505638,39.133137,0.4366777504614576
6400.0,740.3232893463976,3.8506842,39.145603,0.4370503599809872
6400.0,740.3148779519969,3.8508444,39.195503,0.4374229690147975
6400.0,740.3225831658949,3.8510449,39.170574,0.4377955781789019
6400.0,740.31567662989,3.8512454,39.245449,0.438168187614696
6400.0,740.322863013396,3.8511653,39.195503,0.4385407969196495
6400.0,740.3159808890072,3.8516061,39.183037,0.4389134065085807
6400.0,740.3226764888452,3.8517265,39.170574,0.4392860157196552
6400.0,740.3134220021088,3.851887,39.145603,0.4396586240206691
6400.0,740.3126096277664,3.8516464,39.195503,0.4400312319128056
6400.0,740.3184485485174,3.8520072,39.195503,0.4404038389959302
6400.0,740.312561165816,3.8523278,39.195503,0.4407764468636752
6400.0,740.3201375102466,3.8523679,39.15807,0.4411490547968653
6400.0,740.3130230901339,3.8523679,39.183037,0.4415216628971021
6400.0,740.3203223381485,3.8526487,39.208012,0.4418942709233173
6400.0,740.3131408264742,3.8526084,39.170574,0.4422668790828122
6400.0,740.3208040053125,3.8529694,39.195503,0.4426394873514535
6400.0,740.3127295247491,3.8531296,39.220478,0.4430120953039355
6400.0,740.3199513517923,3.85325,39.232944,0.4433847031434308
6400.0,740.3118412965808,3.8533702,39.170574,0.4437573106488574
6400.0,740.3193321715576,3.8535707,39.195503,0.4441299181767152
6400.0,740.312736055175,3.8536108,39.195503,0.4445025261324841
6400.0,740.312250693867,3.8538513,39.170574,0.444875133843965
6400.0,740.3205831671596,3.8539317,39.183037,0.445247742001457
6400.0,740.3139175318503,3.8539717,39.220478,0.4456203505518767
6400.0,740.3214746392725,3.8539317,39.220478,0.4459929591580525
6400.0,740.3130578310789,3.8544929,39.257915,0.4463655672757749
6400.0,740.3211140414371,3.8543725,39.208012,0.4467381757004594
6400.0,740.314745530921,3.8546531,39.208012,0.4471107846676206
6400.0,740.3208079361926,3.854573,39.15807,0.4474833929382404
6400.0,740.3131918270286,3.854974,39.15807,0.4478560011234045
6400.0,740.3196186233221,3.8550141,39.183037,0.4482286087954354
6400.0,740.312978779007,3.8552146,39.183037,0.44860121687337
6400.0,740.32093829606,3.8554552,39.195503,0.4489738252096008
6400.0,740.3130769836184,3.8554552,39.232944,0.4493464333369628
6400.0,740.3125391080682,3.8555353,39.208012,0.4497190411936059
6400.0,740.3209579370571,3.8559763,39.232944,0.4500916495397221
6400.0,740.3137039340759,3.8558559,39.245449,0.4504642579826356
6400.0,740.3192523616345,3.8560164,39.183037,0.4508368654703246
6400.0,740.3118277343724,3.855896,39.282887,0.4512094729689251
6400.0,740.3184951186731,3.8561366,39.208012,0.4515820800754888
6400.0,740.3120944935483,3.8565376,39.15807,0.4519546877083523
6400.0,740.3190747236682,3.8563771,39.195503,0.4523272951066349
6400.0,740.3107510912663,3.8564975,39.270382,0.4526999020633485
6400.0,740.3194523016004,3.8568182,39.195503,0.4530725096516686
6400.0,740.3113627094194,3.8569384,39.15807,0.4534451169162167
6400.0,740.3190364058233,3.8569787,39.220478,0.4538177242952137
6400.0,740.3120656242057,3.8571789,39.145603,0.4541903319135469
6400.0,740.3114406997407,3.8572192,39.195503,0.4545629392173484
6400.0,740.3196605304049,3.8575399,39.257915,0.4549355469104714
6400.0,740.3114666275524,3.8576601,39.220478,0.4553081542273227
6400.0,740.3199481903488,3.857981,39.245449,0.4556807620652268
6400.0,740.3134840621813,3.8578606,39.245449,0.4560533703974762
6400.0,740.320477001881,3.8580611,39.195503,0.4564259785015346
6400.0,740.3137445343451,3.8580611,39.232944,0.4567985869648827
6400.0,740.3217353705692,3.8583016,39.220478,0.4571711957022862
6400.0,740.3133160578813,3.8584218,39.195503,0.4575438039499771
6400.0,740.3195823436658,3.8586223,39.245449,0.4579164116037482
6400.0,740.3123988130329,3.8588629,39.270382,0.4582890193897792
6400.0,740.320250206426,3.8591835,39.208012,0.4586616273796899
6400.0,740.3121262924508,3.8592236,39.220478,0.4590342350285582
6400.0,740.312752363897,3.8594241,39.183037,0.4594068429925354
6400.0,740.3193454163052,3.8592639,39.245449,0.4597794505270594
6400.0,740.3109039102926,3.8596246,39.220478,0.4601520575606886
6400.0,740.3189861735788,3.8595846,39.220478,0.4605246649144034
6400.0,740.3140681170769,3.8595445,39.15807,0.4608972735406144
6400.0,740.3208574237617,3.8598251,39.208012,0.4612698818361416
6400.0,740.3137662753172,3.8602259,39.257915,0.4616424903104322
6400.0,740.3231764426135,3.8601058,39.257915,0.4620150997731366
6400.0,740.313867874113,3.8605065,39.245449,0.462387708298563
6400.0,740.3226291860876,3.8603063,39.245449,0.4627603174858297
6400.0,740.3160051445386,3.8607471,39.257915,0.463132927086969
6400.0,740.3234445958025,3.8606269,39.170574,0.4635055366846367
6400.0,740.3150464575513,3.8609476,39.232944,0.4638781458032577
6400.0,740.3160203537548,3.8609076,39.232944,0.464250755412052
6400.0,740.3252527118633,3.8611481,39.257915,0.4646233659197563
6400.0,740.3174592998769,3.8613486,39.232944,0.4649959762527887
6400.0,740.3259163133561,3.8614688,39.257915,0.465368587094488
6400.0,740.3157876403776,3.8615088,39.208012,0.4657411965861549
6400.0,740.3248561640424,3.8616693,39.257915,0.466113806894274
6400.0,740.3163824494752,3.8617494,39.208012,0.4664864166853153
6400.0,740.3231423358998,3.8619499,39.257915,0.4668590261308536
6400.0,740.3150572853197,3.8621104,39.220478,0.4672316352549244
6400.0,740.3234754432561,3.8621504,39.257915,0.4676042448681178
6400.0,740.3161513961,3.8621905,39.270382,0.4679768545428672
6400.0,740.3234445350251,3.862391,39.195503,0.4683494641405044
6400.0,740.3145885733492,3.8626316,39.245449,0.468722073028667
6400.0,740.316744081492,3.8628321,39.195503,0.4690946830017218
6400.0,740.3242844322674,3.8630726,39.232944,0.4694672930220847
6400.0,740.316400003301,3.8629923,39.232944,0.4698399028219609
6400.0,740.323998444109,3.8633132,39.257915,0.4702125126983841
6400.0,740.3167727431296,3.8634334,39.270382,0.4705851226858646
6400.0,740.3249184935304,3.8635535,39.307819,0.4709577330253546
6400.0,740.317400413392,3.8637941,39.245449,0.4713303433287488
6400.0,740.3247464949621,3.863714,39.270382,0.4717029535816708
6400.0,740.3175800640018,3.8639545,39.257915,0.4720755639754853
6400.0,740.3261791568178,3.8639545,39.220478,0.4724481749494753
6400.0,740.3190759671021,3.864115,39.282887,0.4728207860961951
6400.0,740.3260117857155,3.8642752,39.220478,0.4731933969859462
6400.0,740.3186616017811,3.8644757,39.282887,0.4735660079241111
6400.0,740.3189628207331,3.8648767,39.295353,0.473938619013883
6400.0,740.3245845555508,3.8647163,39.270382,0.4743112291852999
6400.0,740.3183859683882,3.8648767,39.270382,0.4746838399847353
6400.0,740.323538981128,3.865037,39.245449,0.4750564496299078
6400.0,740.3165010409866,3.8653579,39.282887,0.4754290594806375
6400.0,740.3244374234984,3.8653176,39.33279,0.4758016695780018
6400.0,740.3171764888987,3.8653579,39.270382,0.4761742797686923
6400.0,740.3231144794266,3.8656785,39.320286,0.4765468892002102
6400.0,740.3156063545264,3.8657587,39.307819,0.4769194986006339
6400.0,740.3233646398705,3.8660793,39.245449,0.4772921081580593
6400.0,740.3156502506528,3.8661997,39.282887,0.4776647175805764
6400.0,740.322905018091,3.8662398,39.270382,0.4780373269066711
6400.0,740.3147908308458,3.8662798,39.270382,0.4784099358966323
6400.0,740.3162527749128,3.8666809,39.307819,0.4787825456224068
6400.0,740.3258791188683,3.8665605,39.33279,0.4791551564453858
6400.0,740.318252716595,3.866801,39.232944,0.4795277671777541
6400.0,740.3261737981825,3.8666005,39.257915,0.4799003781490471
6400.0,740.3164148344533,3.8668814,39.282887,0.480272987956388
6400.0,740.3244990207936,3.8674426,39.295353,0.4806455980847547
6400.0,740.3158425595968,3.8674026,39.282887,0.4810182076040631
6400.0,740.3230845477254,3.8672822,39.345257,0.4813908170205163
6400.0,740.3168010268059,3.8673222,39.282887,0.4817634270222323
6400.0,740.3233020169325,3.8675227,39.307819,0.4821360365481392
6400.0,740.3162933391662,3.8679638,39.357723,0.4825086462943301
6400.0,740.3221991419864,3.8681643,39.232944,0.4828812552651528
6400.0,740.3142101209198,3.8682044,39.307819,0.483253863962836
6400.0,740.3160007007796,3.8684049,39.307819,0.4836264735617387
6400.0,740.3246730698288,3.8683646,39.270382,0.4839990837777054
6400.0,740.3182294867983,3.868485,39.245449,0.4843716944983818
6400.0,740.3254307885721,3.8686855,39.295353,0.4847443050957132
6400.0,740.3177436982115,3.868926,39.320286,0.4851169155718867
6400.0,740.3254470727993,3.868926,39.33279,0.4854895261774141
6400.0,740.3189539708676,3.8688858,39.320286,0.4858621372627317
6400.0,740.3262060981525,3.8692868,39.307819,0.4862347482502815
6400.0,740.3203026946921,3.8695674,39.270382,0.4866073600144275
6400.0,740.3274219374554,3.869848,39.307819,0.4869799716139171
6400.0,740.320491170202,3.8696074,39.307819,0.4873525834729249
6400.0,740.3274715955897,3.8697679,39.245449,0.4877251950974078
6400.0,740.3209483343945,3.8699684,39.282887,0.4880978071865117
6400.0,740.3281189500993,3.8700085,39.395164,0.4884704191368122
6400.0,740.3197365721977,3.8705697,39.270382,0.4888430306160222
6400.0,740.3202105324514,3.8703692,39.295353,0.4892156423337818
6400.0,740.32790637541,3.8704495,39.320286,0.4895882541770922
6400.0,740.319702258736,3.8708103,39.395164,0.4899608656390318
6400.0,740.3260378231666,3.8707702,39.232944,0.4903334765418877
6400.0,740.3187005297701,3.8710508,39.295353,0.4907060874996455
6400.0,740.3266579797264,3.8710909,39.307819,0.4910786987146302
6400.0,740.3186524830248,3.8712113,39.357723,0.4914513096482055
6400.0,740.3261919259882,3.8716521,39.295353,0.4918239206286224
6400.0,740.3174072371626,3.871572,39.370232,0.4921965309354511
6400.0,740.3273752449264,3.8716521,39.282887,0.49256914251144
6400.0,740.319878246373,3.8716922,39.345257,0.4929417540619563
6400.0,740.3248712151245,3.8722136,39.370232,0.4933143643776507
6400.0,740.3186097216015,3.8721733,39.345257,0.4936869752897038
6400.0,740.3192976461315,3.8723738,39.345257,0.4940595865479972
6400.0,740.3257108927908,3.8723338,39.33279,0.4944321972863069
6400.0,740.3183125920826,3.8724942,39.345257,0.4948048080488111
6400.0,740.3253881490919,3.8725743,39.370232,0.4951774186246818
6400.0,740.3201419167829,3.8726945,39.33279,0.4955500303079064
6400.0,740.3268464090422,3.8729351,39.457573,0.4959226416177288
6400.0,740.3221447397309,3.8730555,39.307819,0.4962952543089973
6400.0,740.3286089189942,3.8731756,39.282887,0.4966678665059024
6400.0,740.3196279787606,3.873296,39.357723,0.4970404779304561
6400.0,740.3278570465372,3.8734162,39.33279,0.4974130897489389
6400.0,740.3209668403887,3.8736567,39.420132,0.497785701847357
6400.0,740.3291016701393,3.8738573,39.357723,0.498158314292267
6400.0,740.3200660991774,3.8740177,39.33279,0.4985309259373317
6400.0,740.3202657328395,3.8742583,39.407665,0.4989035376828744
6400.0,740.3279033967077,3.8741779,39.33279,0.4992761495246855
6400.0,740.3187557784523,3.8744185,39.370232,0.4996487605102506
6400.0,740.3255290071658,3.8744586,39.357723,0.5000213711570162
6400.0,740.3208757635338,3.8748596,39.33279,0.5003939832095943
6400.0,740.3271672483853,3.8747392,39.320286,0.5007665946808971
6400.0,740.3213191209787,3.8748195,39.382698,0.5011392069566222
6400.0,740.3267134004504,3.8752203,39.345257,0.5015118181995005
6400.0,740.318467071111,3.8753808,39.320286,0.5018844290397559
6400.0,740.3258991993242,3.8755412,39.370232,0.5022570398728415
6400.0,740.3188086101864,3.8757014,39.320286,0.5026296508849974
6400.0,740.327781789899,3.8756614,39.33279,0.5030022626656031
6400.0,740.319232754008,3.8759019,39.357723,0.5033748738912356
6400.0,740.3192830830516,3.875942,39.432598,0.5037474851421992
6400.0,740.3254166037202,3.8762627,39.382698,0.5041200957323914
6400.0,740.3194007588197,3.8765836,39.357723,0.5044927070425825
6400.0,740.3271609733836,3.8765435,39.357723,0.5048653185107272
6400.0,740.3204479825232,3.8766236,39.432598,0.5052379303479982
6400.0,740.3292359605798,3.8765435,39.395164,0.5056105428604974
6400.0,740.3216305455053,3.8771849,39.382698,0.505983155292966
6400.0,740.3285639474659,3.8769443,39.382698,0.5063557674672367
6400.0,740.3201698100148,3.8771849,39.357723,0.5067283791645002
6400.0,740.3266453091915,3.8773053,39.33279,0.5071009903731077
6400.0,740.3189264686938,3.8773053,39.370232,0.5074736014445833
6400.0,740.326539754551,3.877666,39.382698,0.5078462126000645
6400.0,740.3195557746066,3.877666,39.382698,0.5082188239882769
6400.0,740.3201514018364,3.8779066,39.345257,0.5085914356762754
6400.0,740.3274730970145,3.8780267,39.420132,0.5089640473015139
6400.0,740.3183654847979,3.8782272,39.457573,0.5093366580906398
6400.0,740.3258410327752,3.8782272,39.370232,0.5097092688944498
6400.0,740.3175017068717,3.8784678,39.382698,0.5100818792488262
6400.0,740.327077892229,3.8784277,39.382698,0.5104544906751556
6400.0,740.3195271856143,3.8787484,39.407665,0.5108271020489789
6400.0,740.3264159624192,3.8788288,39.345257,0.5111997131421546
6400.0,740.3189607093054,3.8792295,39.395164,0.5115723242308639
6400.0,740.3263123485601,3.879029,39.357723,0.5119449352718901
6400.0,740.3189477573196,3.87939,39.370232,0.5123175463540804
6400.0,740.3243062097814,3.8795502,39.445107,0.512690156385404
6400.0,740.3188587200654,3.8796706,39.395164,0.5130627674227809
6400.0,740.3188568885789,3.8799512,39.420132,0.5134353784592359
6400.0,740.3263826124546,3.8798308,39.432598,0.5138079895356266
6400.0,740.3198915278217,3.8800714,39.407665,0.5141806010928275
6400.0,740.3273486207798,3.8802719,39.382698,0.5145532126554163
6400.0,740.3186321218066,3.8803923,39.407665,0.5149258235787436
6400.0,740.324072675923,3.8804324,39.407665,0.5152984334925281
6400.0,740.3169094246115,3.8805525,39.482544,0.515671043548802
6400.0,740.3254481590146,3.880713,39.395164,0.5160436541548761
6400.0,740.3177127657352,3.880753,39.482544,0.5164162646154808
6400.0,740.3252075211683,3.8809936,39.445107,0.5167888751004404
6400.0,740.3186317430265,3.8811941,39.457573,0.517161486023577
6400.0,740.3245493386789,3.8813946,39.457573,0.517534096177269
6400.0,740.3174271219898,3.8816752,39.457573,0.517906706494106
6400.0,740.3180072836976,3.8817153,39.407665,0.5182793171029451
6400.0,740.3251735239355,3.8817554,39.407665,0.5186519275707935
6400.0,740.3198725701974,3.8819959,39.432598,0.5190245391184528
6400.0,740.3273795781238,3.8821564,39.49501,0.5193971506966227
6400.0,740.3183512519994,3.8823166,39.432598,0.519769761478585
6400.0,740.3275966693656,3.882437,39.432598,0.5201423731660183
6400.0,740.319833483002,3.8825572,39.395164,0.5205149846940046
6400.0,740.3278137362556,3.8827577,39.432598,0.520887596490689
6400.0,740.3203776335932,3.8828378,39.357723,0.5212602082925526
6400.0,740.3277911287322,3.8830383,39.482544,0.5216328200778586
6400.0,740.3205578082743,3.8830383,39.457573,0.5220054319704062
6400.0,740.3282664850828,3.8831184,39.432598,0.522378043994962
6400.0,740.3199793080009,3.8832388,39.432598,0.5227506555963437
6400.0,740.3200200183641,3.8835995,39.370232,0.5231232672182154
6400.0,740.3276162251311,3.8840005,39.432598,0.5234958789154912
6400.0,740.3208815254517,3.8838401,39.470039,0.5238684909709694
6400.0,740.3300731353258,3.8839204,39.432598,0.5242411039048241
6400.0,740.3210671203095,3.8842812,39.407665,0.5246137160537143
6400.0,740.327369837178,3.8843212,39.457573,0.5249863276269815
6400.0,740.3204489103399,3.8845618,39.420132,0.5253589394647195
6400.0,740.3278601963164,3.8846419,39.432598,0.5257315512847875
6400.0,740.3202739964247,3.8850029,39.519981,0.5261041630344894
6400.0,740.3269360089217,3.8849227,39.445107,0.526476774389408
6400.0,740.3192055686097,3.8850429,39.49501,0.5268493856013577
6400.0,740.3269180648805,3.8852034,39.49501,0.5272219969472449
6400.0,740.3189241127269,3.885484,39.49501,0.5275946080175347
6400.0,740.31744760558,3.885484,39.445107,0.5279672183446813
6400.0,740.3269192245607,3.8858047,39.532448,0.5283398296911522
6400.0,740.3204017056692,3.8859651,39.470039,0.5287124415051315
6400.0,740.3284345767136,3.8857245,39.544914,0.529085053614289
6400.0,740.3217830962546,3.8861654,39.49501,0.5294576661235382
6400.0,740.3299363180224,3.8862057,39.470039,0.5298302789885319
6400.0,740.3216728063904,3.8862858,39.49501,0.5302028914422708
6400.0,740.3294690428035,3.8864462,39.507477,0.5305755040720819
6400.0,740.3214145551342,3.8869271,39.532448,0.53094811639584
6400.0,740.3292818100026,3.8869271,39.557419,0.5313207289314156
6400.0,740.3201238994579,3.887208,39.49501,0.5316933406055718
6400.0,740.3291492293076,3.8870876,39.482544,0.5320659530744186
6400.0,740.3217646391684,3.8870876,39.457573,0.5324385655743781
6400.0,740.3222892215033,3.8871276,39.507477,0.532811178338366
6400.0,740.3280343791844,3.8877292,39.49501,0.5331837902461014
6400.0,740.3210491758349,3.8878894,39.49501,0.53355640238596
6400.0,740.3270086658462,3.8878493,39.420132,0.5339290137774473
6400.0,740.321403776376,3.8881299,39.470039,0.5343016260957804
6400.0,740.329204575953,3.8883305,39.457573,0.5346742385924835
6400.0,740.3228711895275,3.8882504,39.49501,0.5350468516493826
6400.0,740.3290255710087,3.8884106,39.420132,0.5354194640559914
6400.0,740.3235878237846,3.8886912,39.544914,0.5357920774735808
6400.0,740.3299392234645,3.8888116,39.445107,0.5361646903400368
6400.0,740.3227915386926,3.8888917,39.49501,0.5365373033568467
6400.0,740.3305041070485,3.8892527,39.519981,0.5369099165076122
6400.0,740.3224106813885,3.8890922,39.569885,0.5372825293327322
6400.0,740.3208933656535,3.889493,39.532448,0.5376551413941697
6400.0,740.3284668402581,3.8896134,39.507477,0.5380277535195657
6400.0,740.3214597697262,3.8896534,39.49501,0.5384003658660809
6400.0,740.3268890608007,3.8897738,39.482544,0.5387729771973702
6400.0,740.3208169746599,3.8900144,39.569885,0.5391455892203592
6400.0,740.3290851053542,3.8902547,39.445107,0.539518201656932
6400.0,740.3225934438884,3.8903351,39.457573,0.5398908145740384
6400.0,740.3292271224943,3.8903751,39.557419,0.5402634270820894
6400.0,740.3225074211177,3.8905356,39.594818,0.5406360399558997
6400.0,740.3301740029508,3.8908563,39.519981,0.5410086529405217
6400.0,740.3221500252575,3.8908563,39.507477,0.5413812656344504
6400.0,740.3287608845824,3.891217,39.544914,0.5417538779078408
6400.0,740.3211129942366,3.8911369,39.544914,0.54212649007982
6400.0,740.321308671888,3.8914976,39.519981,0.5424991023502859
6400.0,740.3284714787745,3.8916981,39.507477,0.5428717144780164
6400.0,740.3207846512771,3.8918586,39.532448,0.5432443264847366
6400.0,740.3277808131646,3.8916981,39.49501,0.5436169382648507
6400.0,740.3214210981453,3.8918986,39.519981,0.543989550591902
6400.0,740.3285339793392,3.8922997,39.569885,0.5443621627510895
6400.0,740.3211816213648,3.8924999,39.557419,0.5447347749576095
6400.0,740.3280543990677,3.8926203,39.49501,0.545107386875421
6400.0,740.3206690261599,3.8926604,39.507477,0.5454799988239459
6400.0,740.3276097798711,3.8927004,39.507477,0.5458526105179777
6400.0,740.3197506595005,3.8929009,39.519981,0.546225222004278
6400.0,740.328312371545,3.892941,39.507477,0.5465978340519289
6400.0,740.3221476694953,3.8933821,39.594818,0.546970446744672
6400.0,740.3201048440179,3.893342,39.49501,0.5473430584092375
6400.0,740.328172771582,3.8936226,39.544914,0.5477156703866267
6400.0,740.3212909960995,3.8935423,39.532448,0.5480882826481962
6400.0,740.3286791458493,3.8937027,39.582352,0.5484608948804469
6400.0,740.3215091226591,3.8941839,39.582352,0.548833507251802
6400.0,740.3298785177745,3.8942239,39.557419,0.5492061200877044
6400.0,740.322293371713,3.8945045,39.519981,0.5495787328537811
6400.0,740.3292355822052,3.894665,39.582352,0.5499513453660899
6400.0,740.3217448638211,3.8947852,39.594818,0.5503239578560962
6400.0,740.3285075137867,3.8948252,39.582352,0.5506965700019635
6400.0,740.3220806902958,3.8950658,39.445107,0.5510691826609951
6400.0,740.3290972389207,3.8950257,39.544914,0.5514417951036749
6400.0,740.3214164349147,3.8954668,39.594818,0.5518144074283791
6400.0,740.321759072882,3.8953063,39.544914,0.5521870199255371
6400.0,740.3290345312628,3.8955469,39.544914,0.5525596323366555
6400.0,740.3211179621693,3.895587,39.582352,0.5529322445111351
6400.0,740.3288218714442,3.8958678,39.594818,0.5533048568152205
6400.0,740.3226404156842,3.8960681,39.544914,0.5536774697559684
6400.0,740.3295039187493,3.8962686,39.557419,0.5540500824033328
6400.0,740.3222828008643,3.8965092,39.532448,0.554422695164089
6400.0,740.3306966008727,3.8965092,39.607323,0.554795308411738
6400.0,740.323860527413,3.8966696,39.569885,0.5551679219665823
6400.0,740.3291126567129,3.8969502,39.557419,0.5555405344170218
6400.0,740.3212391410901,3.8970304,39.557419,0.5559131466524921
6400.0,740.3281649339689,3.897351,39.632256,0.5562857586259367
6400.0,740.3206473468853,3.8975515,39.594818,0.55665837056355
6400.0,740.3282032646036,3.8972309,39.544914,0.5570309825562866
6400.0,740.3203754487015,3.897752,39.582352,0.5574035943570506
6400.0,740.319899230092,3.8978322,39.619789,0.5577762059181282
6400.0,740.327392969801,3.8979526,39.632256,0.558148817503038
6400.0,740.3197326047273,3.8978722,39.544914,0.5585214289802511
6400.0,740.3269680526857,3.8985138,39.607323,0.5588940403512976
6400.0,740.3197628784824,3.8984737,39.619789,0.5592666518437478
6400.0,740.3271807980427,3.8984337,39.532448,0.5596392633218704
6400.0,740.3192325706548,3.8988345,39.582352,0.5600118745474105
6400.0,740.3273885870815,3.899035,39.607323,0.5603844861301146
6400.0,740.3213628707907,3.8991554,39.607323,0.5607570984278595
6400.0,740.3268329934224,3.8991151,39.569885,0.5611297097309297
6400.0,740.3194948499533,3.8992755,39.64476,0.5615023210884781
6400.0,740.3290376440025,3.8996363,39.694668,0.5618749335011632
6400.0,740.3205417806191,3.8997567,39.582352,0.5622475453856439
6400.0,740.3191522490251,3.8997967,39.632256,0.5626201565707573
6400.0,740.3268172705157,3.9001977,39.632256,0.5629927678659141
6400.0,740.3178795374142,3.9000373,39.64476,0.563365378410457
6400.0,740.3243882900543,3.9004784,39.657227,0.5637379884830921
6400.0,740.3177429048402,3.9005985,39.64476,0.5641105989588663
6400.0,740.3248280386757,3.9005985,39.619789,0.5644832092528298
6400.0,740.3176961763559,3.9008391,39.544914,0.5648558197050849
6400.0,740.3253439103703,3.900799,39.64476,0.56522843025869
6400.0,740.3174090684445,3.900799,39.682201,0.5656010405664404
6400.0,740.3247555409591,3.9013202,39.694668,0.5659736508239153
6400.0,740.3179949421392,3.9017613,39.607323,0.5663462614265428
6400.0,740.3234745766166,3.9017212,39.619789,0.5667188710393
6400.0,740.3177876309676,3.9019215,39.607323,0.5670914815375853
6400.0,740.3195530773079,3.9018013,39.64476,0.5674640929244401
6400.0,740.32597316204,3.9020419,39.607323,0.5678367037947517
6400.0,740.3182554632108,3.9023626,39.619789,0.5682093145285023
6400.0,740.3266738982666,3.9023225,39.607323,0.5685819257514989
6400.0,740.3172570673457,3.9026432,39.657227,0.5689545359827455
6400.0,740.324809715646,3.9027236,39.594818,0.5693271462674868
6400.0,740.3183492985503,3.9032044,39.607323,0.569699757048466
6400.0,740.3249280879558,3.9031243,39.632256,0.5700723673927849
6400.0,740.3190802765182,3.9032044,39.632256,0.5704449785416736
6400.0,740.3270605095082,3.903405,39.594818,0.5708175899592542
6400.0,740.3196249389024,3.903405,39.657227,0.5711902013822778
6400.0,740.3272700197523,3.9035254,39.669693,0.5715628129053063
6400.0,740.3193066302377,3.903806,39.64476,0.5719354241681215
6400.0,740.3199723133597,3.9040065,39.669693,0.5723080357659827
6400.0,740.3279740395908,3.9042068,39.64476,0.5726806476433489
6400.0,740.3202372537365,3.9045277,39.632256,0.5730532593745576
6400.0,740.3270461171539,3.9046478,39.719635,0.5734258707848944
6400.0,740.3207872388912,3.9046478,39.632256,0.5737984827929171
6400.0,740.3269659283446,3.9048483,39.632256,0.5741710941628944
6400.0,740.3192057400942,3.9050488,39.569885,0.5745437053749304
6400.0,740.3260875424876,3.9052491,39.64476,0.5749163163028103
6400.0,740.3186366507963,3.9052491,39.682201,0.5752889272284171
6400.0,740.3271799921805,3.90557,39.682201,0.575661538706134
6400.0,740.3187523481498,3.9056902,39.64476,0.5760341496899727
6400.0,740.3241898756603,3.9060512,39.694668,0.5764067596627446
6400.0,740.3189762855351,3.9060109,39.657227,0.5767793707592934
6400.0,740.3187497973701,3.9062514,39.682201,0.5771519817418482
6400.0,740.3266635223309,3.9064519,39.657227,0.5775245929596226
6400.0,740.3182952578306,3.9064119,39.64476,0.5778972037134024
6400.0,740.3263192333814,3.9063718,39.694668,0.5782698147578939
6400.0,740.3208022652657,3.906853,39.64476,0.5786424267734794
6400.0,740.3275198257642,3.9068129,39.657227,0.5790150384222368
6400.0,740.3173198110026,3.9069731,39.669693,0.579387648685063
6400.0,740.3248219351601,3.9070535,39.669693,0.5797602589759545
6400.0,740.3178682212834,3.9073341,39.732101,0.5801328695148018
6400.0,740.3261083680284,3.9076147,39.732101,0.5805054804531634
6400.0,740.3167601212207,3.9078553,39.632256,0.5808780904342912
6400.0,740.3251713142607,3.9078152,39.694668,0.5812507009010275
6400.0,740.3166447654036,3.9079354,39.669693,0.5816233108240954
6400.0,740.3162245157928,3.9082561,39.669693,0.5819959205356467
6400.0,740.3248583364733,3.9084165,39.694668,0.5823685308448593
6400.0,740.317307445297,3.9085367,39.757076,0.5827411411014617
6400.0,740.3250811655437,3.9088175,39.694668,0.5831137515228255
6400.0,740.3162067421887,3.9088175,39.757076,0.5834863612254313
6400.0,740.3230853413094,3.9089777,39.707134,0.5838589706422839
6400.0,740.3158822566056,3.9093387,39.682201,0.5842315801815723
6400.0,740.3226169913346,3.9092584,39.757076,0.5846041893627012
6400.0,740.3179688926717,3.9096193,39.744568,0.5849767999522176
6400.0,740.3248508289404,3.9097795,39.744568,0.5853494102576516
6400.0,740.3186064140803,3.9098599,39.757076,0.58572202116804
6400.0,740.3256611853388,3.9100602,39.669693,0.5860946318813316
6400.0,740.3175262430606,3.9103811,39.744568,0.5864672422480574
6400.0,740.3188020796581,3.9106216,39.682201,0.5868398532569264
6400.0,740.3268544899693,3.9105012,39.707134,0.587212464570816
6400.0,740.3177217013429,3.9107018,39.669693,0.5875850750359182
6400.0,740.3252138927589,3.9111028,39.732101,0.5879576855240845
6400.0,740.3151475798536,3.9109023,39.719635,0.5883302946936015
6400.0,740.3237861505914,3.9110625,39.732101,0.5887029044631761
6400.0,740.316389370857,3.9112229,39.732101,0.5890755142577009
6400.0,740.3245394143781,3.911624,39.707134,0.5894481244063978
6400.0,740.3171236201258,3.9120648,39.757076,0.5898207345704789
6400.0,740.3248910760045,3.9119046,39.744568,0.5901933448961695
6400.0,740.3165277741407,3.9121048,39.707134,0.5905659547603542
6400.0,740.3251984993185,3.9123054,39.669693,0.590938565240773
6400.0,740.3188447794861,3.9123454,39.64476,0.5913111762711334
6400.0,740.319615967279,3.9124658,39.694668,0.5916837876896415
6400.0,740.3249272458727,3.9128666,39.757076,0.5920563980335366
6400.0,740.3173672595988,3.9127865,39.769543,0.5924290083202441
6400.0,740.3248981196244,3.9128265,39.707134,0.5928016186494798
6400.0,740.3207630810731,3.9132676,39.707134,0.5931742306453436
6400.0,740.328018290386,3.9131072,39.744568,0.5935468425449815
6400.0,740.3193094378348,3.9134281,39.794514,0.5939194538092097
6400.0,740.3252797991044,3.9137087,39.769543,0.5942920643305472
6400.0,740.3180656573664,3.9139092,39.682201,0.5946646749687664
6400.0,740.3256640416679,3.9140294,39.757076,0.5950372856834957
6400.0,740.3185497489121,3.9142299,39.732101,0.5954098965653637
6400.0,740.326050969893,3.9140694,39.782009,0.5957825074748364
6400.0,740.3207608104391,3.9145105,39.719635,0.5961551194695573
6400.0,740.3190489417287,3.914711,39.757076,0.5965277306026749
6400.0,740.3261996643521,3.9149916,39.782009,0.5969003415869866
6400.0,740.3185702325023,3.9151118,39.769543,0.5972729524791642
6400.0,740.324624168239,3.9152322,39.782009,0.5976455626705184
6400.0,740.3175225684234,3.9155128,39.744568,0.5980181730353947
6400.0,740.3260141173542,3.9155128,39.794514,0.5983907839263193
6400.0,740.3183870419052,3.9157534,39.744568,0.598763394726295
6400.0,740.3271283079312,3.9161141,39.794514,0.599136006177999
6400.0,740.3202373871588,3.916034,39.732101,0.5995086179092749
6400.0,740.3257531418228,3.9163547,39.719635,0.5998812286688489
6400.0,740.3195620853563,3.9163547,39.794514,0.6002538400602375
6400.0,740.3270608756045,3.9168758,39.819447,0.6006264514780023
6400.0,740.3189073893114,3.9169159,39.794514,0.600999062539875
6400.0,740.3186141773318,3.9171565,39.794514,0.6013716734541706
6400.0,740.326825754783,3.9171164,39.757076,0.6017442847535976
6400.0,740.318843973632,3.9172769,39.80698,0.6021168957835524
6400.0,740.3254907986995,3.9174774,39.769543,0.6024895064110873
6400.0,740.3180430257188,3.9177179,39.782009,0.6028621170379158
6400.0,740.3262730532646,3.9178381,39.769543,0.6032347280591644
6400.0,740.3175379985435,3.9180386,39.782009,0.6036073384318069
6400.0,740.3254928495758,3.9180787,39.80698,0.603979949060374
6400.0,740.3173278433497,3.9181988,39.732101,0.604352559327243
6400.0,740.3252153448661,3.9184797,39.819447,0.6047251698161401
6400.0,740.3170050789547,3.9186399,39.80698,0.605097779920558
6400.0,740.3252821180556,3.9188004,39.719635,0.6054703904430626
6400.0,740.3181523877663,3.919121,39.757076,0.6058430011249342
6400.0,740.317994905714,3.9192414,39.844418,0.6062156117275433
6400.0,740.32420175343,3.9194016,39.819447,0.6065882217062933
6400.0,740.3159184746086,3.9197223,39.769543,0.6069608312638107
6400.0,740.3227540159356,3.9197626,39.794514,0.607333440513905
6400.0,740.3168508682033,3.9200432,39.819447,0.6077060505407068
6400.0,740.3224800522719,3.9202435,39.819447,0.6080786596529135
6400.0,740.315401509211,3.9203639,39.819447,0.6084512689502362
6400.0,740.3215813539001,3.9203238,39.831913,0.6088238776101221
6400.0,740.3163647004274,3.9207246,39.80698,0.6091964873922301
6400.0,740.3234639197138,3.9210052,39.794514,0.6095690969996236
6400.0,740.3156491400966,3.9208851,39.744568,0.6099417064215817
6400.0,740.3231320702637,3.9209251,39.757076,0.6103143158619533
6400.0,740.3158759331684,3.9215267,39.80698,0.610686925398059
6400.0,740.3166575213487,3.9212458,39.831913,0.6110595353275471
6400.0,740.3246478378305,3.9216468,39.819447,0.6114321455308144
6400.0,740.3174111677986,3.9219275,39.844418,0.6118047558396215
6400.0,740.3235676315943,3.9220879,39.757076,0.6121773654992139
6400.0,740.3157098451761,3.9224887,39.769543,0.6125499749517256
6400.0,740.3234731122312,3.9222884,39.844418,0.6129225845637457
6400.0,740.3162904699739,3.9223685,39.844418,0.6132951943084927
6400.0,740.3243519615921,3.922569,39.769543,0.6136678043628434
6400.0,740.3180300862158,3.9228096,39.782009,0.6140404149831593
6400.0,740.3236157029702,3.9232104,39.844418,0.6144130246669464
6400.0,740.3164160794548,3.9231303,39.819447,0.614785634474914
6400.0,740.323573515534,3.9232905,39.819447,0.6151582441374678
6400.0,740.3175817360774,3.923491,39.80698,0.6155308545321239
6400.0,740.3166979022488,3.9234109,39.819447,0.6159034644819361
6400.0,740.3236627609815,3.923852,39.819447,0.6162760741894077
6400.0,740.3158816954955,3.9240925,39.86935,0.6166486837284136
6400.0,740.3228474249361,3.9242928,39.856884,0.6170212930255214
6400.0,740.3135933996724,3.9242928,39.831913,0.6173939014128017
6400.0,740.3217957103675,3.9247339,39.794514,0.6177665101805746
6400.0,740.3157688538283,3.9250145,39.819447,0.618139119662786
6400.0,740.3234139928906,3.9248943,39.80698,0.6185117292450512
6400.0,740.3155915960197,3.9252551,39.881855,0.6188843386380467
6400.0,740.3228276252427,3.9255357,39.86935,0.619256947925189
6400.0,740.3144185794818,3.9254556,39.831913,0.6196295567277919
6400.0,740.3210940338321,3.9256961,39.831913,0.6200021651424065
6400.0,740.314966464873,3.9258566,39.844418,0.6203747742207663
6400.0,740.3144952878648,3.9259367,39.794514,0.6207473830619773
6400.0,740.3227204105835,3.9261773,39.919292,0.6211199922951578
6400.0,740.3140503311946,3.9264979,39.856884,0.621492600912417
6400.0,740.3227059200034,3.926578,39.80698,0.6218652101383043
6400.0,740.3151005221109,3.9270191,39.86935,0.6222378192841367
6400.0,740.3241461378911,3.926899,39.881855,0.6226104292348951
6400.0,740.3162463663472,3.9272196,39.794514,0.6229830389574441
6400.0,740.3247362289168,3.9270992,39.894321,0.6233556492051991
6400.0,740.316750722114,3.9275403,39.856884,0.6237282591815962
6400.0,740.3230810197764,3.9274602,39.769543,0.6241008685962738
6400.0,740.3154700393419,3.9277008,39.906788,0.6244734779280885
6400.0,740.3248120348019,3.9279814,39.844418,0.6248460882139971
6400.0,740.3151453462586,3.9281418,39.831913,0.62521869738239
6400.0,740.3235126138013,3.9283822,39.856884,0.6255913070142916
6400.0,740.3130632878854,3.9287031,39.819447,0.6259639151347605
6400.0,740.3147027823896,3.9284625,39.906788,0.6263365240804059
6400.0,740.3221656340417,3.9289036,39.881855,0.6267091330343637
6400.0,740.313769802924,3.9289436,39.856884,0.6270817415104298
6400.0,740.32403643259,3.9292243,39.881855,0.6274543514059728
6400.0,740.3156143502439,3.9292243,39.86935,0.6278269608104208
6400.0,740.324419284233,3.929585,39.856884,0.6281995708986555
6400.0,740.3167818371251,3.9299057,39.95673,0.6285721808907132
6400.0,740.3249375364745,3.9300261,39.881855,0.6289447912397876
6400.0,740.3174373396379,3.9302266,39.856884,0.6293174015617673
6400.0,740.3235815596263,3.9301865,39.856884,0.6296900112283698
6400.0,740.316258145977,3.9306273,39.919292,0.6300626209568476
6400.0,740.3236719659818,3.9305873,39.86935,0.6304352306689521
6400.0,740.3174904762785,3.9308679,39.881855,0.6308078410176761
6400.0,740.3189358921521,3.9309483,39.831913,0.6311804520938945
6400.0,740.3265498380598,3.9311485,39.844418,0.6315530632544508
6400.0,740.3177898281375,3.9315095,39.856884,0.631925673753842
6400.0,740.3258500898228,3.9317501,39.894321,0.6322982845622105
6400.0,740.3195836310041,3.9318302,39.894321,0.6326708959644434
6400.0,740.3278533606081,3.9319906,39.856884,0.633043507781071
6400.0,740.321250127144,3.9320707,39.931759,0.6334161200220707
6400.0,740.3278580114027,3.9323914,39.894321,0.6337887318410391
6400.0,740.3213246872651,3.9325118,39.919292,0.6341613441195658
6400.0,740.3288077109441,3.9325519,39.881855,0.6345339564165241
6400.0,740.3199049920098,3.9328725,39.881855,0.6349065679805017
6400.0,740.325224061397,3.9329929,39.881855,0.635279178473786
6400.0,740.3184673885004,3.9331131,39.86935,0.6356517893142012
6400.0,740.3170325074598,3.9333937,39.919292,0.6360243994324242
6400.0,740.3264340290383,3.9336743,39.856884,0.636397010534693
6400.0,740.3169813117855,3.9338348,39.944225,0.6367696206271485
6400.0,740.3249410396626,3.9340754,39.881855,0.6371422309779862
6400.0,740.319351869386,3.9341955,39.994171,0.6375148422635707
6400.0,740.3265414389216,3.9344361,39.906788,0.6378874534198997
6400.0,740.3179693076722,3.9343159,39.944225,0.638260064009625
6400.0,740.3257395424386,3.9346766,39.981663,0.6386326747623542
6400.0,740.317077685422,3.9346766,39.844418,0.6390052849033158
6400.0,740.3246173079741,3.9351578,39.86935,0.6393778950912171
6400.0,740.318428338344,3.9353182,39.919292,0.6397505059119779
6400.0,740.3249772948645,3.9354384,39.894321,0.640123116281063
6400.0,740.3166596333903,3.9355187,39.906788,0.6404957262116141
6400.0,740.3178564662098,3.9360399,39.894321,0.6408683367445449
6400.0,740.3254959866673,3.9360399,39.931759,0.641240947374691
6400.0,740.3183642764261,3.9361601,39.906788,0.6416135581632086
6400.0,740.3256639563341,3.9362402,39.906788,0.641986168877895
6400.0,740.3179798418913,3.9366813,39.919292,0.6423587794729222
6400.0,740.3271775512654,3.9369218,39.931759,0.6427313909494107
6400.0,740.3179732622506,3.9367614,39.906788,0.6431040015411263
6400.0,740.3271235709842,3.9372826,39.919292,0.6434766129904461
6400.0,740.317818636908,3.9372425,39.894321,0.643849223504337
6400.0,740.3263697708428,3.937443,39.894321,0.6442218345742644
6400.0,740.3199419424028,3.9376035,39.95673,0.6445944461568396
6400.0,740.3265850792834,3.937844,39.944225,0.6449670573351329
6400.0,740.318724137733,3.9382048,39.981663,0.645339668304773
6400.0,740.319911986651,3.9383652,39.856884,0.6457122798722711
6400.0,740.3261315368721,3.9383252,39.844418,0.6460848908222937
6400.0,740.3184328431868,3.9386058,39.944225,0.6464575016453218
6400.0,740.3251664314073,3.938766,39.931759,0.6468301121096005
6400.0,740.3180100178307,3.9388864,39.95673,0.6472027227198157
6400.0,740.3263353099017,3.9392471,39.95673,0.6475753337723985
6400.0,740.3178388026995,3.9394076,39.95673,0.6479479442964392
6400.0,740.3264029495259,3.9396081,39.931759,0.6483205553830655
6400.0,740.3182514230948,3.9396882,39.931759,0.6486931661147828
6400.0,740.3278873936524,3.9398887,39.994171,0.6490657779485395
6400.0,740.3199611805823,3.9399688,39.95673,0.6494383895407975
6400.0,740.3271137807209,3.9402494,39.969196,0.6498110009851897
6400.0,740.3187826583301,3.9405301,39.969196,0.6501836119842839
6400.0,740.3189145548232,3.9407706,39.931759,0.650556223049763
6400.0,740.3253305436588,3.9410112,39.931759,0.6509288335966404
6400.0,740.3177152802945,3.940891,39.86935,0.6513014440585109
6400.0,740.3228660532849,3.9412117,39.906788,0.6516740533649944
6400.0,740.3149684786895,3.9417729,39.969196,0.6520466624443678
6400.0,740.3232599760169,3.9415724,39.931759,0.6524192719491151
6400.0,740.3158156064598,3.9417329,39.981663,0.6527918814548577
6400.0,740.3256114414614,3.941853,39.919292,0.6531644921431129
6400.0,740.3173233753413,3.9418933,39.981663,0.653537102407733
6400.0,740.3253472920036,3.942214,39.944225,0.65390971296304
6400.0,740.3159230277454,3.9424546,39.994171,0.654282322522849
6400.0,740.3224032453006,3.9428554,39.994171,0.6546549315963982
6400.0,740.3169855596062,3.9429357,39.969196,0.6550275416909918
6400.0,740.3162581705333,3.9431763,39.969196,0.655400151419482
6400.0,740.3233884799251,3.9432964,40.006638,0.6557727609889062
6400.0,740.3177120701796,3.9433365,39.969196,0.656145371449161
6400.0,740.3249074457701,3.9435771,39.931759,0.6565179817830905
6400.0,740.3177592011817,3.9436975,39.906788,0.6568905922670668
6400.0,740.3251168584021,3.9441786,39.95673,0.6572632027063952
6400.0,740.3188715247137,3.9440982,40.044071,0.6576358137502167
6400.0,740.3255046661587,3.9444191,39.994171,0.6580084243847312
6400.0,740.31702860138,3.9447398,40.006638,0.6583810345009882
6400.0,740.3263383495859,3.9448199,39.994171,0.6587536455551009
6400.0,740.3180841506731,3.9450204,39.994171,0.659126256202628
6400.0,740.3256634435128,3.9452209,39.981663,0.6594988669170562
6400.0,740.3175855324725,3.9455416,39.969196,0.659871477313623
6400.0,740.3176266697051,3.9455016,39.981663,0.6602440877308946
6400.0,740.3244428564171,3.9459426,39.994171,0.6606166978309934
6400.0,740.3176704438687,3.9459023,40.019104,0.6609893082702971
6400.0,740.3261927312363,3.9463434,40.031605,0.6613619192511192
6400.0,740.317693881575,3.9463434,39.906788,0.6617345297022194
6400.0,740.3241362743676,3.9467044,39.944225,0.6621071396480134
6400.0,740.3169488652121,3.946624,39.981663,0.6624797497241383
6400.0,740.3230105854188,3.9471052,40.044071,0.6628523591033657
6400.0,740.3158671927829,3.9469047,40.006638,0.6632249686350723
6400.0,740.3239365421086,3.9475863,40.056538,0.6635975784803397
6400.0,740.3174321398534,3.9475462,40.031605,0.6639701887997023
6400.0,740.3252001716155,3.947947,39.981663,0.6643427992809626
6400.0,740.3177470922936,3.9481075,39.994171,0.6647154097588444
6400.0,740.3187271646993,3.9481876,39.969196,0.665088020730008
6400.0,740.3273670299619,3.948348,40.019104,0.6654606323018621
6400.0,740.3180037310232,3.9486287,40.031605,0.6658332429089132
6400.0,740.3251880259754,3.9488292,39.969196,0.6662058533840606
6400.0,740.3184970882533,3.9490297,39.981663,0.666578464239424
6400.0,740.3247959095779,3.9493504,40.006638,0.6669510745172167
6400.0,740.3175991798093,3.9493103,40.019104,0.6673236849206523
6400.0,740.3252350598395,3.9497111,40.019104,0.6676962954194722
6400.0,740.3177292693723,3.9497111,40.006638,0.6680689058883834
6400.0,740.3249099241339,3.950032,40.006638,0.6684415162235604
6400.0,740.3182073309279,3.9502323,39.969196,0.6688141269330856
6400.0,740.325881719196,3.9502726,40.069046,0.6691867377573734
6400.0,740.3178418785736,3.9505932,39.969196,0.669559348282962
6400.0,740.318660551797,3.9506733,39.969196,0.6699319592205986
6400.0,740.3247141833277,3.9508338,40.069046,0.6703045694572579
6400.0,740.3179135091349,3.950994,40.044071,0.6706771800188992
6400.0,740.3267638767253,3.9514351,39.95673,0.6710497912871825
6400.0,740.3182147778132,3.951395,39.981663,0.6714224020004558
6400.0,740.324463790825,3.9516356,39.994171,0.6717950121110909
6400.0,740.3195673717016,3.9517558,40.093979,0.6721676235051404
6400.0,740.325068786617,3.9519963,40.006638,0.6725402339202738
6400.0,740.3182632759841,3.9523573,40.044071,0.6729128446579568
6400.0,740.324716246073,3.9524775,40.006638,0.6732854548956543
6400.0,740.3167419694504,3.952678,40.056538,0.6736580648676461
6400.0,740.3242771078849,3.9530387,39.994171,0.6740306748843226
6400.0,740.3169306890902,3.9532793,39.981663,0.6744032849512991
6400.0,740.3174691268762,3.9532392,40.106445,0.6747758952892776
6400.0,740.3249292232841,3.9536002,40.031605,0.675148505634168
6400.0,740.3172399774282,3.9535198,40.044071,0.675521115856813
6400.0,740.3239722478592,3.9538004,40.044071,0.6758937257200514
6400.0,740.3159947319754,3.9540813,40.019104,0.6762663353159499
6400.0,740.3242021072481,3.9541214,40.056538,0.676638945294878
6400.0,740.3160934982085,3.9543619,39.994171,0.6770115549404867
6400.0,740.3247086779674,3.9546025,40.019104,0.6773841651743752
6400.0,740.3179109335942,3.954843,40.106445,0.6777567757347202
6400.0,740.3249254634808,3.9551237,40.081512,0.6781293860777182
6400.0,740.3191702053687,3.9554043,40.019104,0.6785019972718692
6400.0,740.3257187537325,3.9556849,39.981663,0.6788746080141354
6400.0,740.3193143454,3.9558454,40.006638,0.6792472192808336
6400.0,740.3194488536543,3.9558051,39.994171,0.6796198306152316
6400.0,740.3264483722796,3.9559655,40.11895,0.6799924417247195
6400.0,740.3193918105246,3.9564466,40.156387,0.680365053030407
6400.0,740.3275720721526,3.9566071,40.11895,0.6807376647054603
6400.0,740.3189233557807,3.9567673,40.056538,0.681110275775369
6400.0,740.3270231924427,3.9570479,39.981663,0.6814828871741676
6400.0,740.3188836094548,3.9571283,40.069046,0.6818554982240717
6400.0,740.3254682521581,3.9572885,40.044071,0.6822281088402586
6400.0,740.3193851332729,3.957489,40.069046,0.6826007201425853
6400.0,740.3286949542945,3.9578497,40.093979,0.6829733323827926
6400.0,740.3203358493038,3.9580503,40.019104,0.6833459441636257
6400.0,740.3270593250668,3.9581707,40.143883,0.6837185555806101
6400.0,740.3211398984658,3.9582508,40.081512,0.6840911677661303
6400.0,740.3214973551027,3.9585714,40.056538,0.6844637801315627
6400.0,740.3279318149106,3.958812,40.11895,0.684836391987677
6400.0,740.3206173547084,3.958812,40.031605,0.6852090039101949
6400.0,740.327446546742,3.9591327,40.006638,0.6855816155220705
6400.0,740.3206588209945,3.9594536,40.044071,0.685954227465459
6400.0,740.3285331614035,3.9594936,40.044071,0.6863268396242348
6400.0,740.3191526028396,3.9598143,40.056538,0.6866994508095262
6400.0,740.3276111714055,3.9600148,40.031605,0.6870720625042585
6400.0,740.3213849654752,3.9603755,40.031605,0.6874446748131238
6400.0,740.3278784579549,3.960536,40.106445,0.6878172866423832
6400.0,740.3211922053101,3.9606562,40.156387,0.6881898988542301
6400.0,740.3275413830884,3.9607365,40.031605,0.6885625105138374
6400.0,740.3182225658257,3.9608166,40.069046,0.6889351212310305
6400.0,740.31922420864,3.9612577,40.106445,0.689307732452362
6400.0,740.3266281951595,3.9614179,40.131416,0.6896803436523559
6400.0,740.3182052927597,3.9615383,40.131416,0.6900529543608552
6400.0,740.3260049862281,3.9616988,40.081512,0.690425565247184
6400.0,740.3186244923864,3.9621797,40.106445,0.6907981761666714
6400.0,740.3254095234702,3.9620595,40.056538,0.6911707867532999
6400.0,740.3191182036358,3.9626608,40.044071,0.6915433979212778
6400.0,740.3267401461517,3.9625807,40.093979,0.6919160091776174
6400.0,740.320744978006,3.9630218,40.093979,0.6922886211643697
6400.0,740.3270120470703,3.9632223,40.044071,0.6926612325575587
6400.0,740.3185336238504,3.9632623,40.081512,0.6930338434313109
6400.0,740.3273076417277,3.9633825,40.044071,0.6934064549732748
6400.0,740.3195790659985,3.9637835,40.056538,0.6937790663732101
6400.0,740.3187637371308,3.9638236,40.044071,0.6941516773627808
6400.0,740.3265460047917,3.9639437,40.106445,0.6945242885214078
6400.0,740.3183566101717,3.9643848,40.093979,0.694896899306067
6400.0,740.3257269208119,3.9646254,40.156387,0.6952695100524436
6400.0,740.3191566063258,3.9648259,40.106445,0.6956421212397501
6400.0,740.3277205347575,3.9648659,40.069046,0.6960147329895257
6400.0,740.3194573623925,3.9651065,40.131416,0.6963873443282061
6400.0,740.3262364076144,3.9654672,40.069046,0.6967599553310108
6400.0,740.3167124653289,3.9656677,40.093979,0.6971325652881528
6400.0,740.3245505104328,3.9658682,40.106445,0.6975051754424345
6400.0,740.3181788403652,3.9659083,40.143883,0.6978777861376201
6400.0,740.3269965805742,3.9663093,40.081512,0.6982503975230248
6400.0,740.3196244758126,3.9665899,40.11895,0.6986230089458153
6400.0,740.325437160572,3.96667,40.11895,0.6989956195463538
6400.0,740.3168092418924,3.9668305,40.131416,0.6993682295522047
6400.0,740.3165194972544,3.9670711,40.081512,0.6997408394122236
6400.0,740.3241825637608,3.9673517,40.093979,0.7001134493813154
6400.0,740.3163913003638,3.9675522,40.093979,0.7004860591768114
6400.0,740.3255646390422,3.9676723,40.093979,0.7008586698415106
6400.0,740.318246454753,3.9680331,40.11895,0.7012312805707273
6400.0,740.3264423661714,3.9680331,40.106445,0.7016038916771922
6400.0,740.3192104027108,3.9684741,40.143883,0.701976502891575
6400.0,740.325882341089,3.9685946,40.106445,0.7023491137161757
6400.0,740.3171437984,3.9687948,40.081512,0.7027217238904127
6400.0,740.3258362477385,3.9690354,40.18132,0.7030943346918144
6400.0,740.3197047241828,3.9694364,40.081512,0.7034669461549948
6400.0,740.3267997287916,3.969276,40.143883,0.7038395574413228
6400.0,740.3199846547136,3.9696369,40.056538,0.7042121690453955
6400.0,740.3208022781577,3.9700778,40.131416,0.7045847810609877
6400.0,740.3276312395832,3.9702783,40.168854,0.7049573927658203
6400.0,740.3207046337355,3.9702382,40.106445,0.7053300047322668
6400.0,740.3290642922964,3.9706392,40.131416,0.7057026171583642
6400.0,740.322744663894,3.9708798,40.069046,0.7060752301515816
6400.0,740.3286484205643,3.9707994,40.18132,0.706447842368368
6400.0,740.3187310106163,3.9712806,40.093979,0.7068204533414673
6400.0,740.326856089006,3.9712806,40.106445,0.7071930646561616
6400.0,740.3194595354155,3.9717216,40.131416,0.7075656759959358
6400.0,740.3264113353626,3.9716012,40.106445,0.7079382870867827
6400.0,740.3187666429528,3.9720824,40.18132,0.7083108980778161
6400.0,740.3267610324698,3.9721227,40.156387,0.708683509344668
6400.0,740.3188910563402,3.9724834,40.156387,0.70905612039832
6400.0,740.3200525007485,3.972764,40.168854,0.7094287320365404
6400.0,740.3269458599624,3.9729245,40.093979,0.7098013433964171
6400.0,740.3204343110395,3.9732051,40.156387,0.7101739552268072
6400.0,740.3271558343241,3.9733653,40.106445,0.7105465666923653
6400.0,740.319834252431,3.9732852,40.156387,0.7109191782207388
6400.0,740.3283401547579,3.9736462,40.156387,0.7112917902823731
6400.0,740.3214050095087,3.9740469,40.143883,0.7116644026013269
6400.0,740.3283465026107,3.974087,40.143883,0.7120370146661561
6400.0,740.3199053703806,3.974448,40.143883,0.7124096262303242
6400.0,740.3264803912824,3.9745281,40.231262,0.7127822373559275
6400.0,740.3187570844352,3.9748888,40.131416,0.7131548483421499
6400.0,740.3273377207678,3.9749291,40.168854,0.7135274598992527
6400.0,740.3198349238396,3.9753699,40.11895,0.7139000714279642
6400.0,740.3194727180253,3.9754903,40.168854,0.7142726827743733
6400.0,740.3276245628781,3.975771,40.131416,0.7146452944758456
6400.0,740.3197984007252,3.9760516,40.18132,0.7150179059861745
6400.0,740.326482197617,3.976212,40.106445,0.715390517112687
6400.0,740.319683093816,3.9765728,40.156387,0.7157631285649806
6400.0,740.3253414201375,3.9767332,40.18132,0.7161357391173323
6400.0,740.3190602449674,3.9768133,40.131416,0.716508350256139
6400.0,740.328458624475,3.9770939,40.131416,0.7168809623773998
6400.0,740.3202337990824,3.9773345,40.168854,0.7172535741068699
6400.0,740.3274365123461,3.977535,40.18132,0.7176261857136951
6400.0,740.320770698215,3.9778156,40.143883,0.7179987977133927
6400.0,740.3276132589118,3.9780562,40.168854,0.7183714094091755
6400.0,740.319791589028,3.9784973,40.18132,0.7187440209160761
6400.0,740.319336000323,3.9784169,40.131416,0.7191166321936736
6400.0,740.3266401455754,3.9786174,40.193825,0.7194892433996823
6400.0,740.3194929456167,3.978898,40.093979,0.7198618547562722
6400.0,740.3271308953666,3.9791386,40.193825,0.7202344662092784
6400.0,740.320668879641,3.9792991,40.131416,0.7206070781577295
6400.0,740.3298161275093,3.9794996,40.143883,0.7209796909622305
6400.0,740.3198863521842,3.9797802,40.206291,0.7213523025168265
6400.0,740.3283035334596,3.9799805,40.11895,0.721724914560029
6400.0,740.3201693215501,3.9803414,40.168854,0.7220975262570467
6400.0,740.3280019693241,3.9803014,40.156387,0.72247013814847
6400.0,740.3191593412774,3.9808626,40.18132,0.7228427493371531
6400.0,740.3265122394131,3.9808626,40.131416,0.7232153604787858
6400.0,740.3200271226898,3.9811432,40.156387,0.7235879721042331
6400.0,740.3199035636551,3.9813437,40.193825,0.7239605836674918
6400.0,740.3273328862088,3.9815843,40.131416,0.7243331952221613
6400.0,740.320619368525,3.9818249,40.193825,0.7247058071456929
6400.0,740.3270835686664,3.9821856,40.218758,0.7250784185748792
6400.0,740.3180870188423,3.9820251,40.231262,0.72545102922385
6400.0,740.3246121807837,3.9824662,40.143883,0.7258236394091707
6400.0,740.3183561345991,3.9829874,40.18132,0.7261962501935906
6400.0,740.3242724444028,3.9829473,40.193825,0.7265688602079198
6400.0,740.3182679148631,3.9830275,40.156387,0.7269414709479376
6400.0,740.3259441700338,3.983268,40.168854,0.7273140818036572
6400.0,740.3178728112546,3.983669,40.143883,0.7276866923448148
6400.0,740.3249507932958,3.9838696,40.193825,0.7280593027005614
6400.0,740.3180177814917,3.9840701,40.256195,0.7284319133146842
6400.0,740.3163821930672,3.9842703,40.11895,0.7288045231055964
6400.0,740.3253097428791,3.9843907,40.18132,0.7291771336420046
6400.0,740.3184910093553,3.9847114,40.193825,0.7295497444943084
6400.0,740.3263137157427,3.9850721,40.193825,0.7299223555360229
6400.0,740.3189190588474,3.9855533,40.206291,0.7302949666037689
6400.0,740.3274287608854,3.9854331,40.18132,0.7306675782066928
6400.0,740.320047386297,3.9856336,40.18132,0.7310401898423391
6400.0,740.3269610088612,3.9859142,40.156387,0.7314128012098403
6400.0,740.3202810647346,3.9861548,40.156387,0.7317854129630996
6400.0,740.3266653896474,3.9864354,40.218758,0.7321580241818139
6400.0,740.3198580439517,3.9865556,40.131416,0.7325306357221619
6400.0,740.3278594635098,3.9866359,40.231262,0.7329032475418612
6400.0,740.3210897157367,3.9871171,40.206291,0.7332758597021239
6400.0,740.3201437722116,3.9873977,40.143883,0.7336484713862824
6400.0,740.3291670274424,3.9875579,40.143883,0.734021083864087
6400.0,740.3212886522061,3.9876783,40.231262,0.7343936961244769
6400.0,740.3286513749146,3.9880791,40.218758,0.7347663083427503
6400.0,740.3205470909066,3.9880791,40.256195,0.7351389202299037
6400.0,740.3263521804149,3.9886405,40.243729,0.7355115312909776
6400.0,740.3211989062996,3.9887207,40.18132,0.7358841435061972
6400.0,740.3290832990198,3.9891214,40.231262,0.7362567559418609
6400.0,740.3213553144254,3.9890413,40.218758,0.7366293682358025
6400.0,740.3280070113855,3.9892018,40.231262,0.7370019801297636
6400.0,740.3187110883408,3.989723,40.256195,0.7373745910928357
6400.0,740.3261520816504,3.9899635,40.243729,0.7377472020531987
6400.0,740.3190903472381,3.9901237,40.231262,0.7381198132071561
6400.0,740.3182972477049,3.9900837,40.218758,0.7384924239619374
6400.0,740.3267544163374,3.9904044,40.218758,0.7388650352254593
6400.0,740.3198663445759,3.9908454,40.18132,0.7392376467699852
6400.0,740.3263328321517,3.9908855,40.206291,0.739610257821321
6400.0,740.3185239433701,3.9913666,40.206291,0.7399828686902008
6400.0,740.32724077154,3.991487,40.256195,0.7403554801985085
6400.0,740.320946564094,3.9915671,40.193825,0.7407280922867213
6400.0,740.327220349135,3.9916875,40.218758,0.7411007037847502
6400.0,740.3176954196143,3.9922488,40.218758,0.7414733142366244
6400.0,740.3261737609384,3.992409,40.306141,0.7418459252078987
6400.0,740.318572112692,3.9924893,40.281166,0.7422185361010227
6400.0,740.3255115992745,3.9930906,40.2687,0.7425911467390267
6400.0,740.3176667700501,3.9930906,40.168854,0.7429637571764813
6400.0,740.3193324478532,3.9932911,40.256195,0.7433363684522909
6400.0,740.325590078952,3.9936519,40.281166,0.7437089791297942
6400.0,740.3195478159281,3.9936519,40.256195,0.7440815905140009
6400.0,740.3258926562473,3.994173,40.206291,0.7444542013437934
6400.0,740.318630315081,3.9944537,40.18132,0.7448268122662113
6400.0,740.3245755836325,3.9947343,40.231262,0.7451994224331125
6400.0,740.3186608937427,3.9948146,40.18132,0.745572033370921
6400.0,740.326424446482,3.9950151,40.281166,0.745944644468367
6400.0,740.3193833508989,3.9955363,40.231262,0.7463172557697966
6400.0,740.3263263259097,3.995496,40.218758,0.7466898668178578
6400.0,740.319943724163,3.995496,40.293633,0.7470624784013297
6400.0,740.3275123552706,3.9957769,40.168854,0.7474350900463271
6400.0,740.321093340852,3.9959772,40.206291,0.7478077022084145
6400.0,740.320596700043,3.9966187,40.218758,0.7481803141205368
6400.0,740.3279547036058,3.9966989,40.306141,0.748552925988171
6400.0,740.318692680367,3.9969394,40.256195,0.7489255369419782
6400.0,740.325717277069,3.9970195,40.318607,0.749298147683501
6400.0,740.3194880626078,3.9973404,40.281166,0.7496707590376332
6400.0,740.3273368048107,3.9977012,40.256195,0.7500433705942751
6400.0,740.3205876301946,3.9980218,40.256195,0.7504159825018323
6400.0,740.3277632106632,3.9980621,40.168854,0.750788594273087
6400.0,740.3208537668697,3.9983428,40.281166,0.7511612063145939
6400.0,740.3275632097153,3.9986234,40.168854,0.7515338179851867
6400.0,740.3206799641245,3.998904,40.2687,0.7519064299392167
6400.0,740.3288122274967,3.9992247,40.2687,0.7522790422384483
6400.0,740.3210218815706,3.9995453,40.231262,0.7526516543645694
6400.0,740.319162368039,3.9993451,40.218758,0.7530242655547758
6400.0,740.3282108697487,3.9999063,40.281166,0.7533968775513401
6400.0,740.3193790177452,4.0000262,40.206291,0.7537694888505887
6400.0,740.3277433988962,4.0003872,40.243729,0.7541421006118719
6400.0,740.3199165639348,4.0005074,40.281166,0.7545147121816739
6400.0,740.3272369261983,4.0007482,40.306141,0.754887323688046
6400.0,740.3182478583469,4.0009885,40.306141,0.7552599344179691
6400.0,740.3269222394838,4.0012293,40.293633,0.7556325457659575
6400.0,740.3204942712462,4.0017104,40.318607,0.7560051576265261
6400.0,740.3270003283039,4.0016704,40.2687,0.7563777690138171
6400.0,740.3194474500604,4.0017905,40.281166,0.7567503803475085
6400.0,740.3269008403444,4.002512,40.206291,0.7571229916847265
6400.0,740.319521363329,4.0023518,40.306141,0.7574956030556195
6400.0,740.3199004267997,4.0026727,40.2687,0.7578682146172994
6400.0,740.327634022652,4.0029931,40.2687,0.7582408263235327
6400.0,740.3210933165004,4.0031538,40.256195,0.7586134384856078
6400.0,740.3266284879957,4.0035944,40.256195,0.7589860496857491
6400.0,740.3196345342544,4.0034742,40.206291,0.7593586611136022
6400.0,740.3287027663279,4.0039954,40.306141,0.7597312733577413
6400.0,740.3199143305445,4.0042763,40.231262,0.7601038849264191
6400.0,740.3277636379461,4.0046773,40.281166,0.7604764966978887
6400.0,740.3193182635532,4.0047174,40.293633,0.7608491079665591
6400.0,740.3262504831898,4.0048776,40.2687,0.7612217189764482
6400.0,740.3189424838664,4.0050778,40.281166,0.7615943300559843
6400.0,740.327489100479,4.0052385,40.306141,0.7619669416892775
6400.0,740.3195711187797,4.005559,40.306141,0.7623395530852128
6400.0,740.318510882109,4.006,40.256195,0.7627121639475188
6400.0,740.3262313180771,4.0061603,40.2687,0.763084774947762
6400.0,740.3187382123484,4.0064812,40.256195,0.7634573859244859
6400.0,740.3269717883418,4.0068822,40.231262,0.7638299972974124
6400.0,740.3196330813433,4.0069623,40.343575,0.7642026087245343
6400.0,740.3292648551786,4.0070024,40.293633,0.7645752212515763
6400.0,740.3225292591893,4.0074034,40.306141,0.7649478341363779
6400.0,740.3279250524624,4.0077643,40.293633,0.7653204459890885
6400.0,740.3214732953049,4.0079246,40.293633,0.7656930583424113
6400.0,740.3275817154863,4.0080447,40.2687,0.7660656700223182
6400.0,740.3201231425118,4.0082855,40.306141,0.7664382816960935
6400.0,740.3272860846081,4.008646,40.318607,0.7668108932272074
6400.0,740.3201170513356,4.0088868,40.281166,0.767183504897917
6400.0,740.3266745451253,4.0088868,40.243729,0.7675561161212391
6400.0,740.3211466731241,4.0095282,40.293633,0.7679287283101692
6400.0,740.3194805185205,4.009769,40.218758,0.7683013396605044
6400.0,740.3266973362086,4.0100493,40.256195,0.7686739508952974
6400.0,740.3196768434336,4.0102096,40.318607,0.7690465623444452
6400.0,740.3273773324328,4.0104103,40.281166,0.7694191739214848
6400.0,740.3203373505088,4.0108113,40.306141,0.7697917857030735
6400.0,740.3290103732016,4.0109715,40.306141,0.7701643981020331
6400.0,740.3206790606594,4.0113325,40.318607,0.7705370100556084
6400.0,740.3280975388864,4.0112119,40.293633,0.7709096219951326
6400.0,740.3223005010043,4.011693,40.380974,0.7712822347647975
6400.0,740.3296116337469,4.0118937,40.243729,0.7716548474663755
6400.0,740.3224986565853,4.0121741,40.293633,0.7720274603357744
6400.0,740.3295677736045,4.0122542,40.256195,0.7724000730152772
6400.0,740.321739969148,4.012856,40.243729,0.7727726855028201
6400.0,740.3210361389254,4.0130963,40.281166,0.773145297636117
6400.0,740.3265908412592,4.0129361,40.256195,0.7735179088173104
6400.0,740.320018321323,4.0136976,40.281166,0.7738905204383281
6400.0,740.3277144678719,4.0135374,40.306141,0.77426313218505
6400.0,740.3201486552206,4.0140185,40.256195,0.7746357438716662
6400.0,740.327453675491,4.0143795,40.293633,0.7750083554871298
6400.0,740.3201948588152,4.0145397,40.306141,0.7753809671970007
6400.0,740.32880856551,4.01474,40.331074,0.7757535794943892
6400.0,740.3219576315945,4.01474,40.343575,0.7761261920914839
6400.0,740.3290959204418,4.0152612,40.343575,0.7764988045335001
6400.0,740.3217804226936,4.0154219,40.281166,0.7768714170414036
6400.0,740.327737148451,4.0157423,40.306141,0.7772440287995409
6400.0,740.3212962939043,4.0161433,40.318607,0.7776166410637768
6400.0,740.3212911430277,4.0161834,40.281166,0.7779892533254202
6400.0,740.328358538565,4.0166245,40.306141,0.7783618653963073
6400.0,740.3207535229647,4.0166245,40.356041,0.7787344773873603
6400.0,740.3280198894228,4.0172257,40.256195,0.779107089287803
6400.0,740.3213898849092,4.0171456,40.343575,0.7794797015991444
6400.0,740.3283167784118,4.0175867,40.306141,0.7798523136490132
6400.0,740.3212056328686,4.0177469,40.356041,0.7802249258676184
6400.0,740.3276833764905,4.0183082,40.306141,0.7805975375986919
6400.0,740.3199095328685,4.0183082,40.306141,0.780970149164955
6400.0,740.3264834309666,4.0186291,40.356041,0.7813427602920882
6400.0,740.320778217746,4.0188293,40.368507,0.7817153722955704
6400.0,740.3308550614479,4.0191102,40.2687,0.7820879856229735
6400.0,740.3223134398935,4.0195513,40.256195,0.7824605983991508
6400.0,740.323147738459,4.0194712,40.318607,0.7828332115952402
6400.0,740.3313714578327,4.0198317,40.331074,0.783205825182549
6400.0,740.3246415538694,4.0199122,40.368507,0.783578439130493
6400.0,740.3320387712437,4.0203128,40.306141,0.783951053053665
6400.0,740.3241995642072,4.0207539,40.380974,0.7843236667791504
6400.0,740.3304192559848,4.020874,40.343575,0.7846962798872098
6400.0,740.3234573065337,4.0210748,40.281166,0.7850688932391084
6400.0,740.329544128774,4.021275,40.2687,0.7854415059067107
6400.0,740.3213263108421,4.0213552,40.318607,0.7858141181860545
6400.0,740.3292837638807,4.0217962,40.331074,0.7861867307226134
6400.0,740.3217001612268,4.0219569,40.331074,0.7865593431901204
6400.0,740.3288991423285,4.0225182,40.393482,0.7869319555330968
6400.0,740.3232115441734,4.0227985,40.405949,0.7873045687613003
6400.0,740.3237864680347,4.0231996,40.356041,0.7876771822788696
6400.0,740.3305457333688,4.0231595,40.331074,0.788049795450586
6400.0,740.3228551978881,4.0235605,40.393482,0.7884224084994363
6400.0,740.3301666053081,4.023921,40.331074,0.7887950214803351
6400.0,740.3227908550059,4.0242419,40.343575,0.7891676344968008
6400.0,740.3295327026392,4.0243621,40.293633,0.7895402471586522
6400.0,740.3229240331303,4.0244827,40.356041,0.7899128602421481
6400.0,740.3305823423889,4.0249634,40.293633,0.79028547343229
6400.0,740.3233629591965,4.0250039,40.318607,0.7906580867367026
6400.0,740.3297871109467,4.0252843,40.393482,0.7910306995265993
6400.0,740.3232430989459,4.0256853,40.293633,0.7914033127706847
6400.0,740.3312891821311,4.0256853,40.306141,0.7917759263165837
6400.0,740.3225257194069,4.0260463,40.318607,0.7921485391996036
6400.0,740.3235785466405,4.0262866,40.356041,0.7925211526125238
6400.0,740.3300390654467,4.0265675,40.293633,0.7928937655292309
6400.0,740.323394465675,4.0266476,40.306141,0.7932663788495009
6400.0,740.3305240532621,4.0271688,40.331074,0.7936389920103054
6400.0,740.3225761098411,4.0274091,40.393482,0.7940116049186875
6400.0,740.3312101779677,4.0275297,40.318607,0.7943842184248232
6400.0,740.3227387798089,4.0279703,40.306141,0.7947568314150789
6400.0,740.3299229392373,4.0282111,40.343575,0.795129444273339
6400.0,740.3235348455316,4.0283713,40.281166,0.7955020576642637
6400.0,740.3315077750023,4.0288925,40.331074,0.795874671320182
6400.0,740.3229026951875,4.0289326,40.405949,0.7962472843929382
6400.0,740.3307221015598,4.0294538,40.331074,0.7966198976534218
6400.0,740.3237400692179,4.0295744,40.318607,0.7969925111476381
6400.0,740.3233035844515,4.030015,40.331074,0.7973651244221666
6400.0,740.3302861248153,4.0301757,40.368507,0.7977377374632202
6400.0,740.3236820984762,4.030416,40.306141,0.7981103509282592
6400.0,740.331197116166,4.0306568,40.380974,0.7984829644278207
6400.0,740.3227464337853,4.0309372,40.380974,0.7988555774219288
6400.0,740.3295999634796,4.0311379,40.306141,0.799228190117633
6400.0,740.3242150921429,4.0314183,40.356041,0.7996008038509338
6400.0,740.3304255541107,4.0315385,40.356041,0.7999734169621632
6400.0,740.323671856681,4.0319395,40.331074,0.8003460304220473
6400.0,740.3314425155157,4.0321403,40.318607,0.8007186440451199
6400.0,740.3231718592382,4.0325809,40.368507,0.8010912572533496
6400.0,740.3304930959182,4.0326614,40.380974,0.8014638703985731
6400.0,740.3219793843332,4.0330219,40.405949,0.8018364830066164
6400.0,740.3230817593126,4.0332627,40.380974,0.8022090961694978
6400.0,740.329355468218,4.0337038,40.343575,0.8025817087421458
6400.0,740.3224570795915,4.0337439,40.380974,0.8029543215906186
6400.0,740.3290751442187,4.034225,40.331074,0.8033269340221779
6400.0,740.3229022556308,4.0343852,40.318607,0.8036995470947129
6400.0,740.3294007561157,4.0348263,40.393482,0.8040721596901548
6400.0,740.3225218865866,4.0351067,40.343575,0.8044447725712457
6400.0,740.3308628249822,4.0352674,40.418415,0.8048173859025564
6400.0,740.3230977626162,4.0353074,40.356041,0.8051899990734923
6400.0,740.3302439130273,4.0358286,40.356041,0.8055626120933005
6400.0,740.3228088477745,4.036109,40.368507,0.8059352251188223
6400.0,740.3303151045432,4.0362697,40.368507,0.8063078381744616
6400.0,740.3250040772776,4.0363498,40.356041,0.8066804523048677
6400.0,740.3253647444386,4.0368309,40.331074,0.8070530666168019
6400.0,740.3315533436624,4.0371919,40.356041,0.8074256802956551
6400.0,740.3234373240955,4.037272,40.368507,0.8077982936374962
6400.0,740.3320107680455,4.0377531,40.468357,0.8081709075465741
6400.0,740.3246320450781,4.0379934,40.368507,0.8085435214897321
6400.0,740.3300766509967,4.0381136,40.380974,0.8089161344253563
6400.0,740.3234455516647,4.0384345,40.418415,0.8092887477713384
6400.0,740.3307235297243,4.0387955,40.380974,0.8096613610325408
6400.0,740.3241669107475,4.039196,40.368507,0.8100339747415913
6400.0,740.3291795760135,4.0392365,40.380974,0.8104065872257119
6400.0,740.3218881732375,4.039557,40.443386,0.8107791997878475
6400.0,740.3308630566318,4.0396771,40.318607,0.8111518131192748
6400.0,740.3241521528547,4.0401983,40.418415,0.8115244268208974
6400.0,740.3227802833386,4.0404792,40.368507,0.8118970398320424
6400.0,740.331116024701,4.0408001,40.405949,0.8122696532907902
6400.0,740.322334643391,4.0408802,40.405949,0.8126422660776393
6400.0,740.3301723916358,4.0413213,40.368507,0.8130148790614503
6400.0,740.3234963079868,4.0414815,40.306141,0.8133874924329788
6400.0,740.3296327646067,4.0416417,40.318607,0.813760105145192
6400.0,740.3235154855942,4.0419626,40.418415,0.8141327185263728
6400.0,740.3303418991528,4.042243,40.343575,0.8145053315954981
6400.0,740.3227094586314,4.042644,40.356041,0.8148779445709962
6400.0,740.3298334856736,4.0429649,40.331074,0.8152505573842336
6400.0,740.3232873124617,4.0431252,40.380974,0.8156231706505722
6400.0,740.3313764264292,4.043366,40.393482,0.8159957842403818
6400.0,740.3238214535189,4.0436864,40.343575,0.8163683977755597
6400.0,740.3230589197555,4.0438871,40.368507,0.8167410109269455
6400.0,740.3298583515756,4.0442476,40.405949,0.8171136237526981
6400.0,740.3235835514075,4.0444484,40.380974,0.8174862371681373
6400.0,740.3299281274099,4.0448494,40.443386,0.8178588500290085
6400.0,740.3211387265192,4.0452499,40.418415,0.8182314622139389
6400.0,740.3308392648717,4.0452499,40.443386,0.8186040755333917
6400.0,740.3246452287111,4.0457711,40.343575,0.8189766894831851
6400.0,740.3314409899439,4.0457311,40.405949,0.8193493031054899
6400.0,740.3241139809933,4.0461321,40.393482,0.8197219167879003
6400.0,740.3305398248726,4.0465331,40.418415,0.8200945299566429
6400.0,740.3242449009665,4.046854,40.480824,0.8204671437049469
6400.0,740.3328180843505,4.0470142,40.418415,0.8208397580203523
6400.0,740.3249684453504,4.0473347,40.393482,0.8212123721328244
6400.0,740.3256128019891,4.0476155,40.418415,0.8215849865696088
6400.0,740.331662475365,4.0479364,40.455853,0.8219576003033886
6400.0,740.3253799420929,4.048337,40.343575,0.8223302146229718
6400.0,740.333524497219,4.048738,40.368507,0.8227028292939194
6400.0,740.3255751558358,4.0485778,40.356041,0.823075443711756
6400.0,740.3314986682278,4.049099,40.418415,0.8234480573630906
6400.0,740.3249045534844,4.0494599,40.418415,0.8238206714434053
6400.0,740.332106410254,4.0496602,40.418415,0.8241932854006204
6400.0,740.3245539331011,4.0497403,40.443386,0.8245658993044639
6400.0,740.3338579579842,4.0501814,40.455853,0.8249385141432444
6400.0,740.3271578638232,4.0505424,40.393482,0.8253111293576761
6400.0,740.3335716164169,4.0506225,40.318607,0.8256837440523391
6400.0,740.3263253963348,4.0511837,40.368507,0.8260563588477804
6400.0,740.3240815227557,4.0512238,40.468357,0.8264289725138542
6400.0,740.3335056982025,4.0517049,40.380974,0.82680158717534
6400.0,740.3247258681395,4.0519457,40.405949,0.8271742011657204
6400.0,740.3315218127199,4.0520658,40.443386,0.8275468148287037
6400.0,740.324503810944,4.0523062,40.405949,0.8279194287073202
6400.0,740.3319122324685,4.0528674,40.480824,0.8282920425668043
6400.0,740.3234871038976,4.0527873,40.455853,0.8286646559337002
6400.0,740.3312646579736,4.0534286,40.418415,0.829037269467256
6400.0,740.3239909718137,4.0536294,40.368507,0.8294098830877544
6400.0,740.3303903245513,4.0539498,40.405949,0.8297824961812525
6400.0,740.3226726793135,4.0541506,40.443386,0.8301551091382392
6400.0,740.3320362566591,4.0543509,40.380974,0.8305277230601456
6400.0,740.3233099809437,4.054832,40.43092,0.8309003363378935
6400.0,740.3235391058353,4.0549521,40.443386,0.8312729497309626
6400.0,740.3311605435713,4.0553932,40.418415,0.8316455632121169
6400.0,740.3238939259501,4.055594,40.405949,0.832018176783771
6400.0,740.3323974889728,4.0557542,40.405949,0.832390790887488
6400.0,740.3244457421819,4.0561552,40.443386,0.8327634047368776
6400.0,740.3304695730517,4.0564756,40.443386,0.833136017870262
6400.0,740.3221216689358,4.0567565,40.468357,0.8335086305499187
6400.0,740.3301665807517,4.0571175,40.405949,0.8338812435308052
6400.0,740.3227412702212,4.0572777,40.380974,0.8342538565223143
6400.0,740.3303944750074,4.0577588,40.43092,0.8346264696179013
6400.0,740.3236954529797,4.0580397,40.393482,0.8349990830896618
6400.0,740.3306124449624,4.0583601,40.418415,0.8353716962949546
6400.0,740.3229162694695,4.0586009,40.405949,0.8357443093745429
6400.0,740.3236491515694,4.0588012,40.443386,0.8361169228229992
6400.0,740.3318917611551,4.0593224,40.368507,0.8364895366721801
6400.0,740.3252801743744,4.0594826,40.393482,0.8368621509415491
6400.0,740.3313074560479,4.0598035,40.380974,0.8372347644966455
6400.0,740.3251080809482,4.0599236,40.393482,0.8376073786793978
6400.0,740.3339473992696,4.0603247,40.405949,0.8379799935631947
6400.0,740.3261331000782,4.0604849,40.443386,0.8383526082618511
6400.0,740.3332472984423,4.0607257,40.505795,0.8387252227932828
6400.0,740.3275393802578,4.0611267,40.393482,0.8390978381997362
6400.0,740.3331987508752,4.061367,40.405949,0.8394704527067335
6400.0,740.3260067821495,4.0618081,40.468357,0.8398430673418126
6400.0,740.3349050587974,4.0618882,40.43092,0.8402156827076057
6400.0,740.3265111260474,4.0623693,40.455853,0.8405882975965269
6400.0,740.3339098137197,4.0627303,40.405949,0.8409609124614067
6400.0,740.3268396398776,4.0628905,40.393482,0.8413335275156728
6400.0,740.326280792784,4.0632114,40.455853,0.8417061422886646
6400.0,740.333981042275,4.0634918,40.468357,0.8420787571893942
6400.0,740.3278596667233,4.0638528,40.443386,0.8424513727570515
6400.0,740.334102344174,4.0640531,40.455853,0.8428239877188333
6400.0,740.325958821351,4.064414,40.455853,0.8431966023297731
6400.0,740.3333471766454,4.0645742,40.443386,0.843569216911474
6400.0,740.3264438167711,4.0650554,40.480824,0.8439418317665177
6400.0,740.3326912525346,4.0650554,40.443386,0.8443144460180878
6400.0,740.326216217436,4.0654564,40.468357,0.8446870607585781
6400.0,740.332375906683,4.0657773,40.393482,0.8450596748514325
6400.0,740.3250603755346,4.0661378,40.418415,0.8454322890101743
6400.0,740.3335246195921,4.0663786,40.455853,0.8458049036811834
6400.0,740.3258324420317,4.0666995,40.418415,0.8461775182285151
6400.0,740.3242464635621,4.0672607,40.443386,0.8465501319776055
6400.0,740.3336759258386,4.0675011,40.405949,0.8469227467247681
6400.0,740.325356700018,4.0675812,40.455853,0.8472953610326533
6400.0,740.3316816771078,4.0679822,40.405949,0.8476679747760976
6400.0,740.3255067724285,4.0681024,40.443386,0.848040589159516
6400.0,740.3322253080727,4.0687037,40.443386,0.8484132031765732
6400.0,740.3251405144249,4.0688243,40.505795,0.8487858173756497
6400.0,740.3331898147684,4.0689044,40.49329,0.8491584318781494
6400.0,740.3257489956202,4.0694656,40.443386,0.8495310463834815
6400.0,740.3337101180908,4.0695858,40.455853,0.8499036611478533
6400.0,740.3266716960472,4.070147,40.418415,0.8502762761175913
6400.0,740.3352079170598,4.0704279,40.405949,0.8506488916358149
6400.0,740.323762749978,4.0704679,40.443386,0.8510215051414467
6400.0,740.3244193507688,4.070909,40.43092,0.8513941189775532
6400.0,740.3317949711353,4.07131,40.443386,0.8517667327780191
6400.0,740.3244494896692,4.0714302,40.418415,0.8521393466292949
6400.0,740.3312738253206,4.0719113,40.468357,0.8525119601674647
6400.0,740.3246676287115,4.0721517,40.43092,0.8528845741285324
6400.0,740.3322740508638,4.0721917,40.418415,0.8532571881701221
6400.0,740.3261114695067,4.0727129,40.468357,0.8536298028578916
6400.0,740.3329078430286,4.0730739,40.443386,0.854002417218473
6400.0,740.3257963953085,4.0733547,40.443386,0.854375031747662
6400.0,740.332210256172,4.0736752,40.443386,0.8547476457571435
6400.0,740.3250767089152,4.0739961,40.455853,0.855120259924106
6400.0,740.3322983427578,4.0741563,40.468357,0.8554928739779221
6400.0,740.3247805186725,4.0743971,40.49329,0.8558654879958085
6400.0,740.3246056657385,4.0749183,40.480824,0.8562381019256896
6400.0,740.3315819448112,4.0751586,40.480824,0.8566107156189379
6400.0,740.3245885520835,4.0753994,40.368507,0.8569833295402054
6400.0,740.331193514752,4.0759606,40.405949,0.8573559430379544
6400.0,740.3239396899879,4.0760407,40.480824,0.857728556632642
6400.0,740.330532305266,4.0765219,40.530727,0.8581011697976
6400.0,740.3237890681315,4.076642,40.455853,0.858473783316478
6400.0,740.3331884357169,4.0768423,40.468357,0.8588463978182835
6400.0,740.3238441215916,4.0771232,40.418415,0.8592190113648706
6400.0,740.3322965484969,4.0776043,40.480824,0.8595916254177836
6400.0,740.3250725947212,4.0780053,40.518261,0.8599642395826753
6400.0,740.331764856079,4.0778852,40.455853,0.860336853367984
6400.0,740.324303396598,4.0783658,40.518261,0.8607094671457296
6400.0,740.3238936578778,4.0788069,40.480824,0.8610820807172488
6400.0,740.3310623131088,4.0789676,40.49329,0.861454694148963
6400.0,740.324490883719,4.079288,40.49329,0.861827308021073
6400.0,740.3321986106658,4.0795689,40.443386,0.8621999220246932
6400.0,740.3244962793395,4.079689,40.43092,0.8625725358995188
6400.0,740.3319685192181,4.08005,40.43092,0.8629451497873325
6400.0,740.3272905291315,4.0805712,40.468357,0.8633177650685363
6400.0,740.335459370403,4.0807314,40.480824,0.863690380713318
6400.0,740.3285489340705,4.0810924,40.418415,0.8640629966278917
6400.0,740.3349233693443,4.0813327,40.443386,0.8644356120029005
6400.0,740.3269820888023,4.0818539,40.480824,0.8648082271288627
6400.0,740.3340092167547,4.0817738,40.530727,0.8651808420437728
6400.0,740.3261244208786,4.0821748,40.418415,0.8655534567380608
6400.0,740.3271419945557,4.0826559,40.455853,0.8659260719445054
6400.0,740.3330520698437,4.0829768,40.518261,0.8662986863776773
6400.0,740.3265574029016,4.0831771,40.49329,0.8666713012898901
6400.0,740.3349310962485,4.0835381,40.518261,0.8670439166687881
6400.0,740.3285537430014,4.0838985,40.530727,0.867416532585782
6400.0,740.3363359503348,4.0842595,40.49329,0.8677891486717522
6400.0,740.3275800052879,4.0844197,40.505795,0.8681617640986526
6400.0,740.3342730113712,4.0847406,40.505795,0.8685343791463322
6400.0,740.3279350083468,4.0848608,40.455853,0.8689069947519099
6400.0,740.3354032672132,4.085422,40.49329,0.8692796103684546
6400.0,740.3268220987392,4.0855427,40.480824,0.869652225413892
6400.0,740.3332343463262,4.0858231,40.543232,0.8700248399388046
6400.0,740.3280288919802,4.0864244,40.480824,0.870397455591635
6400.0,740.3278636833061,4.086585,40.443386,0.8707700711613139
6400.0,740.3345440337813,4.0868654,40.518261,0.8711426863454008
6400.0,740.327597180129,4.0872264,40.543232,0.8715153017809456
6400.0,740.3349443045706,4.0874667,40.418415,0.8718879171664914
6400.0,740.3273744883592,4.0877876,40.468357,0.8722605324899528
6400.0,740.3347789348223,4.0882688,40.480824,0.872633147792267
6400.0,740.3271280054779,4.088429,40.518261,0.8730057629916708
6400.0,740.3357161713311,4.0887899,40.468357,0.8733783787657021
6400.0,740.328331429807,4.0893111,40.418415,0.8737509945708032
6400.0,740.3373513366457,4.0893111,40.505795,0.8741236111678239
6400.0,740.3296057527167,4.089632,40.568165,0.8744962276143065
6400.0,740.3359593120978,4.0901132,40.480824,0.8748688435107121
6400.0,740.3285870195758,4.0901532,40.468357,0.8752414594444546
6400.0,740.3280079942081,4.0906744,40.518261,0.8756140750867668
6400.0,740.3346054962205,4.0907545,40.49329,0.8759866903017882
6400.0,740.3269638457647,4.0913959,40.43092,0.8763593054185685
6400.0,740.334790593016,4.0913959,40.480824,0.8767319207267503
6400.0,740.3268814974264,4.0917969,40.418415,0.8771045358020837
6400.0,740.3346560825902,4.092278,40.480824,0.8774771510425655
6400.0,740.3278424675306,4.0922379,40.480824,0.8778497666015662
6400.0,740.334566128688,4.0925984,40.43092,0.8782223817967737
6400.0,740.3277206779778,4.0930395,40.480824,0.8785949972944763
6400.0,740.3344918485795,4.0931201,40.530727,0.8789676124522982
6400.0,740.3287115553351,4.0936413,40.43092,0.8793402284487208
6400.0,740.337313420811,4.0939617,40.49329,0.8797128450266583
6400.0,740.3279245471825,4.0941219,40.480824,0.8800854606269706
6400.0,740.3283120821477,4.0944829,40.543232,0.8804580764223339
6400.0,740.3345193017122,4.0947237,40.455853,0.880830691593973
6400.0,740.3291199759989,4.0950441,40.455853,0.8812033077959585
6400.0,740.3364455703022,4.095365,40.480824,0.881575923937101
6400.0,740.328468562919,4.0955653,40.455853,0.8819485398112229
6400.0,740.3366197161309,4.0958462,40.480824,0.8823211560400143
6400.0,740.3294963661131,4.0960865,40.505795,0.8826937724314413
6400.0,740.3366392111192,4.0967684,40.455853,0.8830663886700445
6400.0,740.3297765645117,4.0968885,40.455853,0.8834390052024987
6400.0,740.3360806270936,4.0975299,40.443386,0.883811621159963
6400.0,740.3274382332969,4.0974898,40.555698,0.884184236515508
6400.0,740.3350347952369,4.0980911,40.480824,0.8845568519465984
6400.0,740.3285966022404,4.0979309,40.518261,0.8849294678851638
6400.0,740.3308580290313,4.0983319,40.518261,0.8853020849619315
6400.0,740.3366792263291,4.0988131,40.480824,0.8856747012206747
6400.0,740.3296207183145,4.0990534,40.468357,0.8860473176746897
6400.0,740.3364987197556,4.0992942,40.468357,0.8864199338425828
6400.0,740.3297825701502,4.0997353,40.480824,0.8867925503780596
6400.0,740.3356245578194,4.0998955,40.580669,0.8871651661059813
6400.0,740.3298913710875,4.1003366,40.505795,0.8875377826962189
6400.0,740.3381775006709,4.1008577,40.530727,0.8879103997090533
6400.0,740.328437630852,4.1009779,40.49329,0.8882830155676066
6400.0,740.3364491461365,4.1011782,40.468357,0.888655631710549
6400.0,740.3287927685609,4.1016593,40.455853,0.8890282477478472
6400.0,740.3339811030523,4.10186,40.468357,0.8894008626486074
6400.0,740.3259430496946,4.1019802,40.505795,0.8897734772516093
6400.0,740.3265447073238,4.1023812,40.480824,0.8901460921574323
6400.0,740.3352115424163,4.1027417,40.555698,0.8905187076774806
6400.0,740.3277320184601,4.1031828,40.455853,0.8908913231808911
6400.0,740.3345665559709,4.1032629,40.443386,0.8912639383763136
6400.0,740.3276905270039,4.103704,40.49329,0.891636553858841
6400.0,740.3359300033128,4.1039047,40.443386,0.8920091697404954
6400.0,740.326055451191,4.104466,40.518261,0.8923817844000701
6400.0,740.3350749575811,4.104466,40.518261,0.8927543998513744
6400.0,740.3270562523401,4.1047864,40.480824,0.893127015014664
6400.0,740.3352260323827,4.1052275,40.393482,0.8934996305420052
6400.0,740.3259463699032,4.1052675,40.480824,0.8938722451466782
6400.0,740.3330062689199,4.1059494,40.393482,0.894244859556798
6400.0,740.3266191213353,4.1062298,40.505795,0.8946174745000746
6400.0,740.3263401789885,4.1063905,40.443386,0.8949900893029561
6400.0,740.3337019882555,4.1066308,40.455853,0.895362704063236
6400.0,740.3257807335413,4.1069117,40.518261,0.8957353185845423
6400.0,740.3335413916749,4.1073928,40.480824,0.8961079332639929
6400.0,740.3268777746999,4.1077132,40.530727,0.8964805483374526
6400.0,740.3331436841738,4.1080742,40.468357,0.8968531628167344
6400.0,740.326802701558,4.1084352,40.480824,0.897225777852409
6400.0,740.3354366415297,4.1085153,40.505795,0.8975983934857512
6400.0,740.3280271707922,4.1090765,40.518261,0.8979710091377152
6400.0,740.335081511913,4.1089964,40.468357,0.8983436245923184
6400.0,740.3267549359816,4.1095977,40.555698,0.898716239603952
6400.0,740.3356788663392,4.109838,40.505795,0.8990888553592075
6400.0,740.326563555059,4.1101589,40.468357,0.8994614702745168
6400.0,740.3275781494498,4.1104398,40.505795,0.8998340857004833
6400.0,740.3356474702526,4.1106801,40.468357,0.900206701439937
6400.0,740.3271155904553,4.1113214,40.49329,0.9005793166330921
6400.0,740.3345915440414,4.1112814,40.443386,0.9009519318410912
6400.0,740.3270932759925,4.1119227,40.530727,0.9013245470230152
6400.0,740.3339177489448,4.1118426,40.505795,0.9016971618918888
6400.0,740.3284967854094,4.1122036,40.518261,0.9020697777802156
6400.0,740.3349937799638,4.1126046,40.405949,0.9024423931906626
6400.0,740.3298100483817,4.1130056,40.555698,0.9028150097399694
6400.0,740.3364925309062,4.1130857,40.455853,0.9031876259047475
6400.0,740.3264337697888,4.1134868,40.555698,0.9035602407547344
6400.0,740.3342818862914,4.1138473,40.443386,0.9039328558068808
6400.0,740.3269739535236,4.1142483,40.43092,0.9043054709287486
6400.0,740.3267459514663,4.1145692,40.443386,0.90467808593586
6400.0,740.3340169434543,4.1150103,40.49329,0.905050700854659
6400.0,740.3278330064194,4.1150904,40.455853,0.905423316408898
6400.0,740.3353831012189,4.1154914,40.468357,0.905795932015293
6400.0,740.3265148369051,4.1157317,40.468357,0.9061685469060818
6400.0,740.3341034062422,4.1160526,40.468357,0.906541161868398
6400.0,740.3266336230247,4.1166139,40.468357,0.9069137768189734
6400.0,740.3321206560879,4.1166139,40.455853,0.9072863907833586
6400.0,740.3267128580405,4.1168542,40.505795,0.907659005773814
6400.0,740.3345296905401,4.1173353,40.505795,0.9080316209506816
6400.0,740.3275856691854,4.1177363,40.468357,0.9084042363804328
6400.0,740.3344326561833,4.1178966,40.543232,0.9087768515084628
6400.0,740.3275831055136,4.1183376,40.505795,0.9091494669369236
6400.0,740.3355452597968,4.1185784,40.530727,0.909522082624934
6400.0,740.3278858146202,4.1190596,40.455853,0.909894698205752
6400.0,740.3284314658025,4.1192999,40.455853,0.9102673140612024
6400.0,740.3362235472986,4.1197009,40.443386,0.9106399300905994
6400.0,740.3297730007869,4.1196609,40.443386,0.91101254662126
6400.0,740.3366906635144,4.120182,40.405949,0.9113851628857594
6400.0,740.3289479310714,4.1204224,40.468357,0.9117577790011528
6400.0,740.3359491686302,4.1207032,40.468357,0.9121303948924532
6400.0,740.3296278594746,4.1212645,40.468357,0.9125030113500624
6400.0,740.3358631323067,4.1213446,40.468357,0.91287562719806
6400.0,740.3277331296301,4.1216254,40.49329,0.91324824270203
6400.0,740.3351787658459,4.1221066,40.393482,0.9136208582055816
6400.0,740.3269698522217,4.1221867,40.505795,0.9139934733253848
6400.0,740.3361919793166,4.1227479,40.468357,0.9143660893388936
6400.0,740.3285970417971,4.1229081,40.480824,0.9147387052776804
6400.0,740.3282584560193,4.1232691,40.455853,0.9151113210460528
6400.0,740.3367002104638,4.1237102,40.455853,0.9154839373153576
6400.0,740.3279120224754,4.1236701,40.505795,0.915856552909366
6400.0,740.3354424636689,4.1243515,40.468357,0.9162291685456384
6400.0,740.328616035642,4.1242714,40.443386,0.9166017844939852
6400.0,740.3337507435295,4.1250329,40.443386,0.916974399278804
6400.0,740.3285689895635,4.1252337,40.43092,0.9173470152034716
6400.0,740.3353526929171,4.1255541,40.480824,0.917719630794562
6400.0,740.328737031005,4.1257949,40.49329,0.9180922468038069
6400.0,740.3376846883392,4.126236,40.468357,0.9184648635686056
6400.0,740.3306161357119,4.1264362,40.468357,0.9188374805236256
6400.0,740.335720150915,4.1267171,40.518261,0.91921009629966
6400.0,740.3284615930387,4.1270375,40.468357,0.9195827121702737
6400.0,740.3283004361448,4.1275187,40.468357,0.9199553279597752
6400.0,740.3360673455112,4.1276388,40.518261,0.920327943910555
6400.0,740.328700361167,4.1279597,40.43092,0.9207005599013436
6400.0,740.3361089589393,4.1283207,40.555698,0.9210731758730674
6400.0,740.3283036593563,4.1286812,40.455853,0.9214457916641914
6400.0,740.3363888800076,4.1290421,40.49329,0.9218184077768014
6400.0,740.328682051009,4.1296034,40.530727,0.922191023758374
6400.0,740.3367474145863,4.1294432,40.518261,0.922563640051437
6400.0,740.3292843430078,4.1300044,40.468357,0.9229362563361504
6400.0,740.3383422477076,4.1300445,40.468357,0.9233088734319028
6400.0,740.3305023424904,4.1306458,40.530727,0.9236814903296496
6400.0,740.3365912007253,4.1310067,40.405949,0.9240541065440888
6400.0,740.3298272359101,4.1309266,40.518261,0.9244267231020464
6400.0,740.3299164810738,4.131568,40.505795,0.9247993397049222
6400.0,740.3371593312911,4.131969,40.505795,0.9251719562053056
6400.0,740.330068555432,4.13237,40.49329,0.925544572884722
6400.0,740.338115061702,4.1326504,40.518261,0.9259171898661304
6400.0,740.3304228872869,4.1328111,40.555698,0.9262898067238864
6400.0,740.3359011821789,4.1330113,40.468357,0.9266624225910348
6400.0,740.3293076581375,4.1333723,40.49329,0.927035038887483
6400.0,740.3369680462602,4.1338935,40.543232,0.9274076552915912
6400.0,740.329155644556,4.1340938,40.468357,0.927780271511529
6400.0,740.337225371674,4.1342139,40.505795,0.9281528880451506
6400.0,740.3293141643142,4.1348557,40.49329,0.9285255043448736
6400.0,740.3379965305936,4.1348958,40.468357,0.9288981212666244
6400.0,740.3288889103455,4.1353369,40.555698,0.929270737352312
6400.0,740.3303892571026,4.1356974,40.530727,0.9296433541931414
6400.0,740.3384634763464,4.1360984,40.505795,0.9300159713499092
6400.0,740.3286688917275,4.1360583,40.530727,0.9303885873248589
6400.0,740.3362547121449,4.1366596,40.505795,0.9307612033699412
6400.0,740.3279401594281,4.1367397,40.468357,0.9311338189781114
6400.0,740.3369173256483,4.137341,40.543232,0.9315064353566916
6400.0,740.3314064642777,4.137341,40.618069,0.9318790527094932
6400.0,740.3375607372042,4.138063,40.518261,0.9322516694119064
6400.0,740.3307036359499,4.1381831,40.555698,0.9326242864109664
6400.0,740.3389738670323,4.1385841,40.518261,0.9329969038246172
6400.0,740.3310105439695,4.1387844,40.468357,0.9333695209781472
6400.0,740.3393365884925,4.1391454,40.455853,0.9337421385743582
6400.0,740.3313177568957,4.1395063,40.455853,0.9341147558825122
6400.0,740.3309186487778,4.1396666,40.49329,0.9344873729897906
6400.0,740.3390034453247,4.1401076,40.568165,0.9348599904183282
6400.0,740.3319113328607,4.1404686,40.443386,0.935232608025236
6400.0,740.3376429146799,4.140749,40.480824,0.9356052247690098
6400.0,740.3307556988689,4.1410699,40.530727,0.9359778417942736
6400.0,740.3367785430071,4.1414709,40.455853,0.9363504581030034
6400.0,740.3281776952422,4.1414709,40.505795,0.9367230738307284
6400.0,740.3376681714393,4.141952,40.518261,0.937095690587214
6400.0,740.3299277847218,4.1421924,40.543232,0.9374683071957788
6400.0,740.3384190430146,4.1427937,40.49329,0.9378409243301832
6400.0,740.3300750006273,4.1431146,40.505795,0.9382135410128436
6400.0,740.3382677967269,4.1433949,40.480824,0.9385861580711248
6400.0,740.3330323114452,4.1437559,40.468357,0.9389587762422338
6400.0,740.3309873010761,4.143836,40.418415,0.9393313933840656
6400.0,740.3384555662916,4.1442771,40.518261,0.9397040105368524
6400.0,740.3302859616751,4.144598,40.518261,0.940076627325692
6400.0,740.3390372833495,4.1446381,40.455853,0.9404492447712604
6400.0,740.330070826066,4.1456404,40.505795,0.94082186145182
6400.0,740.3370653370276,4.1458807,40.480824,0.9411944779048952
6400.0,740.3292373335591,4.1461215,40.49329,0.941567094165948
6400.0,740.337234478039,4.1460414,40.530727,0.941939710704153
6400.0,740.3294156773677,4.1466427,40.49329,0.9423123270549684
6400.0,740.3371090745923,4.1467628,40.530727,0.942684943530057
6400.0,740.330533580692,4.1471639,40.543232,0.9430575604435262
6400.0,740.3372195976245,4.1473641,40.468357,0.9434301769742418
6400.0,740.330287426455,4.148046,40.518261,0.9438027937638186
6400.0,740.3298148456483,4.1480861,40.530727,0.94417541031554
6400.0,740.3375876539823,4.1485267,40.49329,0.9445480270315008
6400.0,740.3288788034051,4.1488476,40.505795,0.9449206431121014
6400.0,740.3369770294335,4.1492486,40.455853,0.9452932595207308
6400.0,740.3294632239841,4.1494088,40.530727,0.9456658758954772
6400.0,740.3370168989416,4.1498899,40.468357,0.9460384923241733
6400.0,740.329534805433,4.150291,40.505795,0.946411108734947
6400.0,740.3363895882577,4.1503711,40.530727,0.9467837248479136
6400.0,740.3289271914823,4.1506519,40.455853,0.9471563409528684
6400.0,740.3380337013434,4.1511731,40.518261,0.9475289578933276
6400.0,740.3287968084722,4.1515737,40.49329,0.9479015739326592
6400.0,740.3377384840375,4.1517744,40.505795,0.9482741907245338
6400.0,740.3310352753805,4.1521354,40.480824,0.9486468078905116
6400.0,740.3316595879858,4.1523757,40.49329,0.9490194253707132
6400.0,740.3374770208551,4.1527367,40.543232,0.9493920420309916
6400.0,740.3312150348565,4.1530972,40.518261,0.9497646592874444
6400.0,740.3374314640638,4.1534181,40.530727,0.9501372759247938
6400.0,740.330863071042,4.1539392,40.530727,0.9505098930040992
6400.0,740.3373111139334,4.1543002,40.518261,0.9508825095808756
6400.0,740.3301734867147,4.1544204,40.543232,0.9512551263131052
6400.0,740.3384199581532,4.1547813,40.480824,0.95162774344797
6400.0,740.3300971319414,4.1549816,40.505795,0.9520003601417696
6400.0,740.3387763567264,4.155623,40.49329,0.952372977456012
6400.0,740.3296222563539,4.156024,40.555698,0.952745593910801
6400.0,740.337593952722,4.1561847,40.505795,0.953118210629932
6400.0,740.3291518970686,4.1565452,40.555698,0.9534908268479836
6400.0,740.3290815241963,4.1567459,40.518261,0.953863443030616
6400.0,740.336196435501,4.1570663,40.505795,0.9542360590463674
6400.0,740.3291066333642,4.1573071,40.530727,0.9546086752416376
6400.0,740.3369311317163,4.1577082,40.505795,0.9549812916271664
6400.0,740.3296426298502,4.1581488,40.480824,0.9553539080922095
6400.0,740.3387307262657,4.1584296,40.505795,0.955726525383486
6400.0,740.329514505196,4.1588306,40.530727,0.9560991417840426
6400.0,740.3378354216009,4.1591511,40.443386,0.9564717586247063
6400.0,740.3306177476246,4.1595922,40.518261,0.9568443755805378
6400.0,740.3373007625544,4.1599131,40.530727,0.9572169921521042
6400.0,740.3314008490835,4.1600733,40.518261,0.9575896095020796
6400.0,740.3382894764242,4.1603942,40.530727,0.957962226571272
6400.0,740.328926153981,4.1605945,40.443386,0.9583348426757048
6400.0,740.3283440273644,4.1611557,40.568165,0.9587074584871464
6400.0,740.33645964465,4.1614366,40.505795,0.9590800746353728
6400.0,740.329494998535,4.1618776,40.505795,0.9594526910261114
6400.0,740.336600783077,4.1620779,40.49329,0.9598253072453736
6400.0,740.3306094836303,4.1624389,40.480824,0.9601979241970456
6400.0,740.337177434131,4.1625991,40.49329,0.96057054070654
6400.0,740.3316593195042,4.1630402,40.543232,0.9609431581866064
6400.0,740.3381970809929,4.1636815,40.505795,0.9613157752092956
6400.0,740.330473485426,4.1636014,40.49329,0.9616883920925182
6400.0,740.3375323433531,4.1641626,40.530727,0.9620610087806408
6400.0,740.3315933409716,4.1646037,40.505795,0.9624336262274994
6400.0,740.3390695591723,4.1647639,40.468357,0.9628062436893128
6400.0,740.3315781672596,4.1653657,40.530727,0.9631788611285343
6400.0,740.331892192497,4.1654458,40.480824,0.9635514787258084
6400.0,740.3396429871871,4.1654859,40.568165,0.9639240964762316
6400.0,740.3319535442242,4.1661272,40.543232,0.9642967141043848
6400.0,740.338561072433,4.1665683,40.480824,0.9646693313102734
6400.0,740.3314659366338,4.1668892,40.468357,0.965041948693008
6400.0,740.3374917793057,4.1670895,40.518261,0.9654145653607143
6400.0,740.330029395591,4.1676908,40.518261,0.9657871820204216
6400.0,740.3373388852774,4.1679716,40.49329,0.9661597986111752
6400.0,740.329183720732,4.1680517,40.518261,0.9665324148452442
6400.0,740.3380452735894,4.1684928,40.505795,0.966905031791528
6400.0,740.3305105461174,4.1687331,40.530727,0.9672776486934036
6400.0,740.3383861684226,4.1693344,40.455853,0.9676502658112616
6400.0,740.3299756116888,4.169415,40.518261,0.9680228824438986
6400.0,740.3321489902283,4.1698961,40.505795,0.968395500170422
6400.0,740.3387927506393,4.1702967,40.480824,0.9687681174929156
6400.0,740.3318401541344,4.1707778,40.43092,0.9691407350639984
6400.0,740.3376054144638,4.1710987,40.480824,0.969513351788898
6400.0,740.3309340795117,4.1710186,40.49329,0.9698859689039429
6400.0,740.3391104891116,4.1716599,40.530727,0.9702585863863564
6400.0,740.3324324118383,4.172101,40.49329,0.9706312042555292
6400.0,740.3381412943771,4.1722612,40.530727,0.9710038212501406
6400.0,740.3307592627983,4.1725421,40.505795,0.9713764382771982
6400.0,740.3401297815416,4.1730232,40.480824,0.9717490562726282
6400.0,740.3337823692048,4.1733036,40.530727,0.9721216748212502
6400.0,740.3391919348039,4.1737847,40.518261,0.972494292344656
6400.0,740.3308068094148,4.1741056,40.468357,0.972866909395644
6400.0,740.3306908544254,4.1744261,40.455853,0.9732395263882708
6400.0,740.3381711657104,4.1746669,40.480824,0.9736121433979168
6400.0,740.3310065151086,4.175108,40.505795,0.9739847605494194
6400.0,740.3370373332156,4.1752682,40.468357,0.9743573769884
6400.0,740.3303339965516,4.1757092,40.49329,0.9747299938014162
6400.0,740.337079667786,4.1762705,40.518261,0.9751026102617042
6400.0,740.3301108768893,4.1765113,40.49329,0.9754752269624216
6400.0,740.3381102394212,4.1767516,40.505795,0.975847843941403
6400.0,740.3301089365368,4.1772327,40.480824,0.976220460641144
6400.0,740.3386874401313,4.1772728,40.530727,0.976593077910634
6400.0,740.3309883754117,4.1779943,40.480824,0.9769656950530068
6400.0,740.3394376638246,4.1781149,40.49329,0.9773383127000892
6400.0,740.3320595134173,4.1784754,40.480824,0.977710930381578
6400.0,740.3296140774878,4.1790371,40.568165,0.9780835468322504
6400.0,740.3374462466617,4.1790771,40.530727,0.97845616347704
6400.0,740.3304295285229,4.1793976,40.543232,0.9788287803381386
6400.0,740.3380307222319,4.1797986,40.505795,0.9792013972770984
6400.0,740.3299564222126,4.1801195,40.505795,0.9795740139000768
6400.0,740.3371314746133,4.1804399,40.505795,0.9799466303864396
6400.0,740.3305346059151,4.180881,40.568165,0.9803192473004247
6400.0,740.3382029643187,4.1813221,40.530727,0.9806918643260752
6400.0,740.3297725610255,4.1818433,40.580669,0.9810644808565144
6400.0,740.3366905906635,4.1820035,40.480824,0.9814370971209772
6400.0,740.3279818223687,4.1824846,40.43092,0.981809712750117
6400.0,740.3355349323602,4.1828055,40.480824,0.9821823284329296
6400.0,740.3288611761153,4.1830459,40.418415,0.982554944504658
6400.0,740.3377429647784,4.1832466,40.543232,0.9829275612987878
6400.0,740.3312845167465,4.1838479,40.49329,0.9833001785902116
6400.0,740.3316915831335,4.1841288,40.505795,0.9836727960865168
6400.0,740.3372435839949,4.1846094,40.568165,0.9840454126293048
6400.0,740.3306283064,4.1847701,40.505795,0.9844180295904504
6400.0,740.3381758163003,4.1851711,40.443386,0.9847906466024372
6400.0,740.330205652119,4.1853313,40.555698,0.985163263350856
6400.0,740.3373208432149,4.1861329,40.580669,0.9855358799325292
6400.0,740.3301640264219,4.1864538,40.555698,0.9859084966599976
6400.0,740.3365527730924,4.1866541,40.543232,0.986281112855096
6400.0,740.3298860853561,4.1870151,40.49329,0.9866537294426732
6400.0,740.3362401243619,4.187376,40.443386,0.9870263454804136
6400.0,740.3280657208197,4.1876969,40.505795,0.9873989611517802
6400.0,740.3355362264873,4.1879373,40.49329,0.987771576835244
6400.0,740.3287049145084,4.1884584,40.468357,0.9881441928283244
6400.0,740.3307997531783,4.1888995,40.518261,0.9885168098757612
6400.0,740.3396580145312,4.1890998,40.480824,0.988889427633748
6400.0,740.3308941862578,4.189621,40.518261,0.989262044728714
6400.0,740.3392062536933,4.190022,40.443386,0.9896346622593264
6400.0,740.3304442986939,4.190022,40.455853,0.9900072791278588
6400.0,740.339221573669,4.1905832,40.505795,0.990379896666182
6400.0,740.3312141680211,4.1909442,40.505795,0.9907525139221984
6400.0,740.339193167949,4.1912246,40.418415,0.9911251314462248
6400.0,740.3296805929837,4.1916656,40.43092,0.9914977479303756
6400.0,740.3380612164814,4.1920266,40.555698,0.9918703648846832
6400.0,740.3310821250091,4.1922674,40.505795,0.9922429820742412
6400.0,740.3383675898008,4.1928687,40.49329,0.9926155991827486
6400.0,740.3302485842082,4.1929488,40.455853,0.9929882159527756
6400.0,740.3290768486876,4.1933899,40.505795,0.9933608321330548
6400.0,740.3376848952277,4.1939111,40.505795,0.9937334488979576
6400.0,740.3304240352913,4.1940312,40.480824,0.9941060657562912
6400.0,740.3367324733945,4.1945524,40.543232,0.994478682041834
6400.0,740.3279509138347,4.1949134,40.455853,0.9948512976554172
6400.0,740.3327796319564,4.1953144,40.518261,0.9952239119514692
6400.0,740.3236921691961,4.1955948,40.505795,0.9955965254215768
6400.0,740.3313716045577,4.1958756,40.518261,0.9959691390089594
6400.0,740.3232781697631,4.1963162,40.49329,0.9963417522706964
6400.0,740.3315396225189,4.1967974,40.580669,0.9967143659426436
6400.0,740.3238785453518,4.1970782,40.505795,0.9970869795065566
6400.0,740.3309333817128,4.1974392,40.518261,0.9974595928733788
6400.0,740.3236033267548,4.1977997,40.49329,0.9978322062987712
6400.0,740.32391444617,4.1982007,40.455853,0.9982048198807532
6400.0,740.3310770838376,4.1984816,40.530727,0.9985774333199018
6400.0,740.325151183294,4.1986818,40.49329,0.998950047524348
6400.0,740.3328122491146,4.1993632,40.555698,0.9993226618368164
6400.0,740.325326109692,4.199564,40.468357,0.9996952761293052
6400.0,740.3295849968302,4.1999249,40.505795,1.0
6400.0,-703.2015527541679,4.1828456,39.694668,1.0
6400.0,-703.2015527541679,4.1559439,39.682201,0.9996631411564186
6400.0,-739.7635287905408,4.153779,39.657227,0.9993087713752588
6400.0,-739.7542434043155,4.1519346,39.732101,0.998954402477762
6400.0,-739.7628256373127,4.1500101,39.694668,0.9986000330334344
6400.0,-739.754407966541,4.1486073,39.732101,0.9982456640571064
6400.0,-739.7610119189798,4.1467628,39.732101,0.9978912954816064
6400.0,-739.7537206528319,4.1457605,39.632256,0.9975369268345262
6400.0,-739.7601312257256,4.1444373,39.732101,0.997182558680906
6400.0,-739.7509402335846,4.1432748,39.694668,0.9968281913657466
6400.0,-739.7511667950395,4.1419115,39.694668,0.9964738239420564
6400.0,-739.7585086217102,4.1410699,39.682201,0.996119456565714
6400.0,-739.7515674767744,4.1397867,39.707134,0.9957650889500824
6400.0,-739.7575726425144,4.1387844,39.669693,0.9954107220221032
6400.0,-739.7502712059279,4.1376219,39.657227,0.9950563550274322
6400.0,-739.7571035115458,4.1366997,39.694668,0.9947019883241812
6400.0,-739.7501133209166,4.1356173,39.607323,0.9943476214051428
6400.0,-739.7580805310075,4.1348557,39.694668,0.9939932542338692
6400.0,-739.7497662888351,4.1338134,39.732101,0.9936388874810718
6400.0,-739.7571470298526,4.1328511,39.769543,0.9932845207569744
6400.0,-739.749356805866,4.1321692,39.682201,0.9929301542003336
6400.0,-739.7571588219064,4.1314478,39.732101,0.9925757874705876
6400.0,-739.7500983307531,4.1302853,39.719635,0.99222142055873
6400.0,-739.7499896642645,4.1297641,39.719635,0.9918670536989276
6400.0,-739.7567372986227,4.128561,39.669693,0.991512687171104
6400.0,-739.7485592753889,4.1279998,39.707134,0.9911583209965092
6400.0,-739.7552179666494,4.1275988,39.782009,0.9908039551964932
6400.0,-739.7477958389787,4.1267972,39.669693,0.990449589387612
6400.0,-739.757228829614,4.1256747,39.732101,0.99009522262433
6400.0,-739.7482069942968,4.1249928,39.744568,0.9897408566184906
6400.0,-739.7553990467449,4.1243515,39.719635,0.9893864907317312
6400.0,-739.7468202697723,4.1236701,39.719635,0.989032125390183
6400.0,-739.754870894452,4.122788,39.719635,0.9886777597564252
6400.0,-739.7481686766134,4.1223869,39.744568,0.9883233937689414
6400.0,-739.7541984054601,4.1215048,39.719635,0.9879690284573268
6400.0,-739.7466835882714,4.1209035,39.64476,0.9876146631812538
6400.0,-739.7485306012044,4.1201019,39.719635,0.9872602970203952
6400.0,-739.7555734007058,4.1194201,39.769543,0.986905931050115
6400.0,-739.748935714072,4.1187787,39.694668,0.9865515646951928
6400.0,-739.7549932339906,4.1182575,39.657227,0.9861971990028304
6400.0,-739.7459413675953,4.1172152,39.732101,0.985842834082308
6400.0,-739.7551113498608,4.1169744,39.732101,0.9854884683333645
6400.0,-739.7463338950748,4.115972,39.669693,0.985134103224807
6400.0,-739.752530903734,4.1153307,39.782009,0.9847797387119775
6400.0,-739.7464956130726,4.1148095,39.719635,0.9844253735259516
6400.0,-739.7525524736818,4.1140079,39.707134,0.9840710090027894
6400.0,-739.7451809096975,4.1138072,39.682201,0.9837166444465536
6400.0,-739.753520630783,4.1131258,39.64476,0.9833622794596144
6400.0,-739.7470847338764,4.1122036,39.732101,0.983007913991378
6400.0,-739.7474558259172,4.1116824,39.694668,0.9826535483453754
6400.0,-739.7533686158004,4.1112013,39.719635,0.982299183431256
6400.0,-739.7449186550512,4.1104798,39.694668,0.9819448190006492
6400.0,-739.752196124068,4.1099586,39.744568,0.98159045464819
6400.0,-739.7449226711607,4.1091566,39.732101,0.9812360902156596
6400.0,-739.7524087595091,4.1085153,39.80698,0.980881725761341
6400.0,-739.7451250383867,4.1082344,39.831913,0.9805273612318696
6400.0,-739.7506995339241,4.1074729,39.744568,0.9801729975963234
6400.0,-739.7420025308659,4.1070318,39.719635,0.9798186345626456
6400.0,-739.7524007639031,4.1063905,39.757076,0.9794642701121572
6400.0,-739.7446882483812,4.1059093,39.682201,0.9791099057919236
6400.0,-739.7499338559619,4.1053481,39.769543,0.9787555425231612
6400.0,-739.744342253908,4.1047063,39.657227,0.9784011783686716
6400.0,-739.7540044102783,4.1042252,39.707134,0.9780468131499866
6400.0,-739.7438150712716,4.1035838,39.719635,0.9776924492480366
6400.0,-739.7441659729901,4.1030226,39.719635,0.9773380851779918
6400.0,-739.7518440348198,4.1024613,39.757076,0.976983720994194
6400.0,-739.7431433336479,4.1019402,39.782009,0.9766293574140305
6400.0,-739.7514800313636,4.1012588,39.694668,0.9762749934046018
6400.0,-739.7428710815282,4.1006169,39.744568,0.9759206299548566
6400.0,-739.7512294562604,4.1004567,39.769543,0.9755662660654612
6400.0,-739.7434106786309,4.0997753,39.782009,0.9752119023572297
6400.0,-739.7518545695157,4.0991335,39.757076,0.9748575381683854
6400.0,-739.7436143397663,4.0985723,39.732101,0.9745031743625928
6400.0,-739.7516376127589,4.097971,39.669693,0.9741488102776776
6400.0,-739.7441154727436,4.0974097,39.744568,0.9737944462318244
6400.0,-739.7510643430569,4.0967684,39.782009,0.9734400824215236
6400.0,-739.743569296096,4.0964875,39.707134,0.9730857186373084
6400.0,-739.7412746045163,4.0959263,39.769543,0.9727313559523332
6400.0,-739.7498225882861,4.0954452,39.769543,0.9723769927368714
6400.0,-739.7412852490274,4.094964,39.769543,0.9720226300467972
6400.0,-739.7483758519163,4.0941625,39.707134,0.9716682675243672
6400.0,-739.7418565598596,4.0938015,39.769543,0.9713139045606142
6400.0,-739.7487382440127,4.0932002,39.794514,0.9709595418645872
6400.0,-739.7420417518545,4.0927591,39.769543,0.9706051788121208
6400.0,-739.7480622882135,4.0922379,39.769543,0.9702508164398976
6400.0,-739.741114302557,4.091516,39.782009,0.9698964538317127
6400.0,-739.7488280638006,4.0911155,39.80698,0.9695420910926592
6400.0,-739.7408887421063,4.0907545,39.707134,0.969187728592526
6400.0,-739.74774049691,4.0900326,39.782009,0.9688333663744508
6400.0,-739.7394608067735,4.0897121,39.769543,0.96847900455835
6400.0,-739.7405988020544,4.0889902,39.719635,0.9681246421971084
6400.0,-739.7467713632215,4.0889902,39.769543,0.9677702804432786
6400.0,-739.7392276779736,4.0881486,39.794514,0.9674159187388548
6400.0,-739.747868769092,4.0875874,39.732101,0.9670615564593332
6400.0,-739.7406949319701,4.0872664,39.794514,0.966707194052042
6400.0,-739.7486601551925,4.0869055,39.757076,0.966352831393422
6400.0,-739.7404347280833,4.0863042,39.757076,0.9659984691107776
6400.0,-739.7467004277581,4.0857029,39.769543,0.965644107390928
6400.0,-739.7408147922591,4.0852618,39.819447,0.9652897449262194
6400.0,-739.7474618820552,4.0847006,39.782009,0.9649353828416096
6400.0,-739.7390012752568,4.0843797,39.694668,0.9645810212456408
6400.0,-739.7457156934593,4.0836983,39.831913,0.9642266599975094
6400.0,-739.7387988347521,4.0832171,39.782009,0.9638722984985172
6400.0,-739.7402706297223,4.0828562,39.86935,0.963517936294482
6400.0,-739.7471805939706,4.0822949,39.794514,0.963163574344618
6400.0,-739.7387123849713,4.0816536,39.757076,0.962809212887038
6400.0,-739.7455881537002,4.0813727,39.782009,0.9624548517000022
6400.0,-739.7376656857098,4.0808916,39.694668,0.9621004907438288
6400.0,-739.7458035967284,4.0803704,39.819447,0.9617461294535892
6400.0,-739.7374339119158,4.0798092,39.782009,0.961391768608444
6400.0,-739.7467077886428,4.0795689,39.719635,0.9610374068850682
6400.0,-739.738188766827,4.0790076,39.744568,0.9606830456783204
6400.0,-739.745017728228,4.0784864,39.819447,0.960328684764536
6400.0,-739.7389707943979,4.0781255,39.794514,0.959974323183169
6400.0,-739.7461152683791,4.0776043,39.744568,0.9596199617436288
6400.0,-739.7384776936655,4.0768423,39.769543,0.9592656003984744
6400.0,-739.7393514689498,4.0766821,39.80698,0.9589112386347506
6400.0,-739.7468411267776,4.0764017,39.819447,0.9585568768475016
6400.0,-739.7383491786692,4.0756798,39.782009,0.9582025155639108
6400.0,-739.745996615358,4.0753188,39.782009,0.9578481541812092
6400.0,-739.7377517327043,4.0747175,39.856884,0.9574937931838164
6400.0,-739.7462675396956,4.0741162,39.819447,0.9571394316713334
6400.0,-739.7376306883056,4.0736752,39.782009,0.9567850707319254
6400.0,-739.7457603958381,4.0733547,39.819447,0.9564307094623802
6400.0,-739.7386803050534,4.0728335,39.819447,0.9560763480201678
6400.0,-739.7457955644667,4.0726728,39.782009,0.9557219867337758
6400.0,-739.7374856328763,4.0720315,39.794514,0.9553676258638544
6400.0,-739.7439740091633,4.0716305,39.769543,0.9550132654500444
6400.0,-739.7365424975878,4.07127,39.819447,0.9546589050319184
6400.0,-739.7360054029006,4.0706682,39.819447,0.9543045448710804
6400.0,-739.7427509312465,4.0702271,39.782009,0.9539501850431626
6400.0,-739.7361493475563,4.0697465,39.831913,0.95359582481337
6400.0,-739.7429786302527,4.0693054,39.80698,0.9532414648763772
6400.0,-739.7353638165001,4.0688643,39.819447,0.9528871050228824
6400.0,-739.7427045198767,4.0685434,39.831913,0.9525327452171968
6400.0,-739.7348958987706,4.0677819,39.744568,0.9521783855878514
6400.0,-739.7412823563809,4.067421,39.819447,0.9518240264634268
6400.0,-739.7359603103351,4.0671802,39.819447,0.9514696663241896
6400.0,-739.7434322215594,4.0668998,39.80698,0.9511153061699126
6400.0,-739.7354245340367,4.0663786,39.831913,0.9507609462873317
6400.0,-739.7421242066571,4.0660577,39.794514,0.9504065867596344
6400.0,-739.7355722506082,4.0654564,39.819447,0.950052226806292
6400.0,-739.7346465713043,4.0650554,39.856884,0.9496978672963832
6400.0,-739.7409748229975,4.0645742,39.794514,0.9493435083192764
6400.0,-739.7348026985042,4.0641332,39.844418,0.9489891487345772
6400.0,-739.7434832594744,4.0635719,39.744568,0.9486347885558516
6400.0,-739.7367278238618,4.0633316,39.86935,0.9482804280489476
6400.0,-739.7431568904701,4.0628905,39.856884,0.9479260680265628
6400.0,-739.7347976448293,4.0623693,39.819447,0.9475717084442844
6400.0,-739.7429567673408,4.0620885,39.769543,0.9472173485177648
6400.0,-739.7346526259659,4.061367,39.844418,0.9468629890049556
6400.0,-739.7422563362671,4.0612068,39.856884,0.946508629413964
6400.0,-739.7351568472743,4.0607657,39.80698,0.9461542696596148
6400.0,-739.7419588371389,4.0604048,39.819447,0.9457999102111349
6400.0,-739.7348546147634,4.0597234,39.794514,0.9454455506015657
6400.0,-739.735352598313,4.0594425,39.881855,0.9450911907534444
6400.0,-739.74292383256,4.0592022,39.831913,0.9447368308427015
6400.0,-739.7335698062867,4.0586009,39.831913,0.944382471848602
6400.0,-739.7395748398061,4.0580797,39.757076,0.9440281135421308
6400.0,-739.7317682643666,4.057879,39.831913,0.9436737554110346
6400.0,-739.7381906281356,4.0572376,39.769543,0.9433193977676444
6400.0,-739.7310814511345,4.0569968,39.881855,0.9429650399655564
6400.0,-739.7377841318923,4.0563154,39.819447,0.9426106825168904
6400.0,-739.7304395107022,4.0562754,39.732101,0.9422563250223148
6400.0,-739.7391982386596,4.0555139,39.844418,0.9419019668962476
6400.0,-739.7295980961467,4.055233,39.782009,0.9415476098047396
6400.0,-739.7393466891652,4.0550728,39.80698,0.94119325160756
6400.0,-739.7314439860536,4.0545917,39.782009,0.9408388936318048
6400.0,-739.7300865704701,4.0542307,39.819447,0.9404845363063004
6400.0,-739.7380562768922,4.0536294,39.819447,0.9401301787272685
6400.0,-739.7323712766564,4.0533886,39.769543,0.9397758203073076
6400.0,-739.7397165886666,4.0531883,39.856884,0.9394214619329344
6400.0,-739.7313053636054,4.0528674,39.831913,0.9390671040235844
6400.0,-739.7392754607379,4.0522661,39.86935,0.9387127458605252
6400.0,-739.732119947268,4.0519052,39.831913,0.9383583875609602
6400.0,-739.7398135374084,4.0517049,39.819447,0.9380040291401456
6400.0,-739.7322775026819,4.0508227,39.80698,0.937649670765106
6400.0,-739.7392158169114,4.0505424,39.794514,0.9372953126306182
6400.0,-739.7329379366,4.0502214,39.86935,0.9369409539392068
6400.0,-739.7395203351415,4.0497804,39.894321,0.9365865956588452
6400.0,-739.7316124544923,4.04954,39.881855,0.9362322376023876
6400.0,-739.7322211553125,4.0491791,39.881855,0.9358778792543404
6400.0,-739.7391361167251,4.0485377,39.831913,0.9355235211580312
6400.0,-739.7320530897241,4.0484576,39.86935,0.9351691628904932
6400.0,-739.7417770978168,4.0478559,39.831913,0.9348148035290722
6400.0,-739.7330776332303,4.0475755,39.844418,0.9344604447707412
6400.0,-739.7407288378092,4.0470943,39.80698,0.9341060859114692
6400.0,-739.7328663793749,4.0469341,39.782009,0.9337517272543364
6400.0,-739.7400368540274,4.0464129,39.794514,0.933397368726546
6400.0,-739.7312683032465,4.0459719,39.856884,0.9330430108349492
6400.0,-739.7388337957382,4.045651,39.80698,0.9326886528834616
6400.0,-739.7310528379954,4.0452499,39.794514,0.9323342950950804
6400.0,-739.7379993063211,4.0447688,39.819447,0.931979937543339
6400.0,-739.7293194719823,4.0442476,39.744568,0.9316255805853024
6400.0,-739.729971861531,4.0443683,39.831913,0.9312712233147477
6400.0,-739.738373283044,4.0438871,39.86935,0.93091686558386
6400.0,-739.7297244383502,4.0434461,39.844418,0.9305625084318296
6400.0,-739.735449744131,4.0428848,39.831913,0.930208152101408
6400.0,-739.728663676713,4.0426841,39.794514,0.9298537954575212
6400.0,-739.7371698584793,4.0421629,39.86935,0.9294994383031112
6400.0,-739.728950699266,4.0418425,39.794514,0.9291450815217298
6400.0,-739.7368518025633,4.0414815,39.831913,0.9287907245196786
6400.0,-739.7292892230905,4.0411205,39.856884,0.9284363675761322
6400.0,-739.7351368519076,4.04076,39.831913,0.9280820113955958
6400.0,-739.7275324075023,4.0404391,39.844418,0.9277276552936274
6400.0,-739.734774679464,4.0399179,39.856884,0.9273732992865829
6400.0,-739.727173473654,4.039597,39.80698,0.9270189433565568
6400.0,-739.7276163426599,4.0393968,39.906788,0.9266645872143804
6400.0,-739.7336682647765,4.0388756,39.906788,0.9263102317373426
6400.0,-739.7271094724362,4.0386348,39.819447,0.9259558758379756
6400.0,-739.7342735415612,4.0381136,39.819447,0.9256015200709916
6400.0,-739.7272113518382,4.0379534,39.856884,0.9252471641228204
6400.0,-739.7346455405914,4.0373921,39.80698,0.9248928081776372
6400.0,-739.726877869487,4.0370312,39.844418,0.924538452389216
6400.0,-739.7331650638728,4.0365901,39.782009,0.9241840971532274
6400.0,-739.727535019775,4.0363097,39.931759,0.9238297410500076
6400.0,-739.7341840879463,4.0359087,39.86935,0.9234753853258748
6400.0,-739.7271164914289,4.0356278,39.856884,0.9231210294231452
6400.0,-739.7358531033339,4.0351467,39.86935,0.922766672899502
6400.0,-739.726575124339,4.0349464,39.80698,0.9224123172561064
6400.0,-739.7273922714176,4.0344653,39.831913,0.9220579612212684
6400.0,-739.7351614003657,4.0344253,39.881855,0.9217036050289724
6400.0,-739.726556374394,4.0339842,39.856884,0.9213492493945588
6400.0,-739.7339799485903,4.0333428,39.844418,0.9209948937682152
6400.0,-739.7249231911256,4.0332227,39.769543,0.9206405389161554
6400.0,-739.7336657989979,4.0329819,39.80698,0.920286183440299
6400.0,-739.7265845602801,4.0322204,39.881855,0.9199318277923836
6400.0,-739.7338119423702,4.0320597,39.844418,0.91957747224652
6400.0,-739.7259790699329,4.0317392,39.80698,0.9192231168886562
6400.0,-739.7354297123277,4.0312982,39.86935,0.9188687605678304
6400.0,-739.7296357303543,4.0311379,39.86935,0.9185144034582946
6400.0,-739.7343115055369,4.0306969,39.86935,0.9181600476731248
6400.0,-739.7265463891349,4.0303359,39.769543,0.9178056920434946
6400.0,-739.725102938784,4.0303359,39.881855,0.9174513371053292
6400.0,-739.7341840146861,4.0294938,39.819447,0.9170969813812314
6400.0,-739.727667318965,4.0292535,39.80698,0.9167426252146356
6400.0,-739.7343675483586,4.0290127,39.856884,0.9163882694026194
6400.0,-739.7277465178371,4.0288124,39.844418,0.9160339131980844
6400.0,-739.7345376054806,4.0282912,39.844418,0.9156795573046056
6400.0,-739.7287244796081,4.028091,39.856884,0.9153252006315918
6400.0,-739.7355782848996,4.0278502,39.819447,0.9149708442395952
6400.0,-739.7294313855257,4.0274892,39.894321,0.914616487227948
6400.0,-739.7360633217512,4.0268478,39.86935,0.9142621306036036
6400.0,-739.7286032765403,4.0265274,39.906788,0.9139077739886504
6400.0,-739.7368481893059,4.0263267,39.844418,0.9135534169883298
6400.0,-739.729106411427,4.0259256,39.819447,0.913199060132357
6400.0,-739.7351745229703,4.0256453,39.819447,0.9128447039337748
6400.0,-739.7276520358499,4.0253644,39.856884,0.9124903477745
6400.0,-739.7272702505245,4.0251241,39.831913,0.9121359917981144
6400.0,-739.7361837569596,4.0245628,39.844418,0.9117816351160778
6400.0,-739.7277940395904,4.0242419,39.894321,0.9114272788887782
6400.0,-739.735114696019,4.023921,39.881855,0.911072922718855
6400.0,-739.7284495540745,4.0237207,39.819447,0.9107185661775404
6400.0,-739.7359146270875,4.0234399,39.80698,0.9103642096244252
6400.0,-739.7283441957435,4.0227184,39.794514,0.9100098531335812
6400.0,-739.7349473732622,4.0227585,39.794514,0.9096554970438108
6400.0,-739.7252981405302,4.0223975,39.856884,0.9093011420121369
6400.0,-739.734335687873,4.0220771,39.856884,0.9089467862153828
6400.0,-739.7266484272316,4.0219164,39.844418,0.9085924305368728
6400.0,-739.7328880603714,4.021235,39.856884,0.9082380754335774
6400.0,-739.7252297936502,4.0211549,39.906788,0.9078837204346438
6400.0,-739.7257990170865,4.0206738,39.856884,0.9075293651630318
6400.0,-739.7324362757188,4.0203128,39.819447,0.9071750102761554
6400.0,-739.7258166317657,4.0202327,39.819447,0.9068206549961056
6400.0,-739.7343624213984,4.0198717,39.819447,0.9064662991865452
6400.0,-739.7291479761938,4.0197515,39.856884,0.9061119423106612
6400.0,-739.7358974394629,4.0190701,39.782009,0.9057575857657796
6400.0,-739.7274826885024,4.0187893,39.856884,0.9054032296876284
6400.0,-739.7338592814766,4.018549,39.782009,0.905048874119088
6400.0,-739.7253290607539,4.0180678,39.856884,0.904694519072602
6400.0,-739.7321717601135,4.017787,39.906788,0.9043401643124368
6400.0,-739.7254641309625,4.0173459,39.86935,0.9039858092012472
6400.0,-739.7329354238808,4.0170255,39.844418,0.9036314540752634
6400.0,-739.7236043007065,4.0168247,39.819447,0.9032770998549994
6400.0,-739.7225290249484,4.0165043,39.856884,0.9029227461498311
6400.0,-739.7324513636612,4.0159831,39.881855,0.9025683912557272
6400.0,-739.7247433701056,4.0159831,39.794514,0.9022140364898084
6400.0,-739.7323682699981,4.0155821,39.906788,0.9018596816355088
6400.0,-739.7245713006217,4.015141,39.856884,0.901505326952017
6400.0,-739.7318644829874,4.01478,39.881855,0.9011509723390472
6400.0,-739.7258098203243,4.0144997,39.86935,0.90079661706226
6400.0,-739.7331097412723,4.0145397,39.844418,0.9004422618527727
6400.0,-739.7254611402167,4.0140185,39.844418,0.9000879067430158
6400.0,-739.7322251417024,4.0136976,39.856884,0.8997335519572793
6400.0,-739.7248164532965,4.0132971,39.86935,0.8993791971563506
6400.0,-739.7342302552221,4.0130162,39.844418,0.8990248414101021
6400.0,-739.7266721941705,4.0127754,39.894321,0.8986704857202069
6400.0,-739.7264771389689,4.0122948,39.856884,0.8983161301237502
6400.0,-739.7333920547821,4.0121341,39.856884,0.8979617747790258
6400.0,-739.7249515845375,4.0117331,39.831913,0.8976074199133645
6400.0,-739.7334238298572,4.0115728,39.831913,0.8972530645534189
6400.0,-739.7260102221364,4.0112519,39.881855,0.896898709180632
6400.0,-739.7330442868687,4.0108113,39.819447,0.8965443540024994
6400.0,-739.7277948574157,4.0108113,39.831913,0.896189997774808
6400.0,-739.7362579639102,4.0103302,39.80698,0.895835641057224
6400.0,-739.7268451059847,4.0100093,39.844418,0.8954812852844978
6400.0,-739.7348028656847,4.0097284,39.844418,0.895126929263951
6400.0,-739.7280459549266,4.0094481,39.831913,0.8947725729159749
6400.0,-739.7350917466488,4.009047,39.80698,0.8944182167570452
6400.0,-739.7271855707501,4.0087667,39.881855,0.8940638608212241
6400.0,-739.7295328499016,4.0082855,39.831913,0.8937095037609718
6400.0,-739.7358477443914,4.0080848,39.769543,0.8933551472398957
6400.0,-739.728495586594,4.0077643,39.844418,0.8930007906765298
6400.0,-739.7363370292857,4.0074835,39.844418,0.892646433921071
6400.0,-739.7267967053481,4.0070024,39.856884,0.8922920781715303
6400.0,-739.7357969751015,4.0070024,39.86935,0.8919377216747743
6400.0,-739.726491787305,4.0065613,39.80698,0.8915833660713004
6400.0,-739.7339908007428,4.0060401,39.86935,0.891229010439758
6400.0,-739.7267076310549,4.00596,39.819447,0.8908746547328872
6400.0,-739.736276945898,4.0056796,39.856884,0.8905202980062104
6400.0,-739.7284912654114,4.0053186,39.906788,0.8901659414449143
6400.0,-739.7349158301693,4.0049577,39.769543,0.8898115853702542
6400.0,-739.7281862496294,4.0047574,39.881855,0.8894572289550718
6400.0,-739.7278548913935,4.0046773,39.856884,0.8891028726986221
6400.0,-739.7353818727292,4.0042362,39.819447,0.8887485164007131
6400.0,-739.7270421753611,4.0037551,39.894321,0.8883941605335834
6400.0,-739.7368298420266,4.0036349,39.844418,0.8880398035420519
6400.0,-739.7265391991948,4.0031538,39.856884,0.8876854479158659
6400.0,-739.7324890714308,4.0029531,39.794514,0.8873310930036988
6400.0,-739.7267323745649,4.0026326,39.856884,0.8869767372849751
6400.0,-739.7330884277225,4.0022316,39.881855,0.8866223820856975
6400.0,-739.7250460176425,4.0022717,39.782009,0.8862680271747992
6400.0,-739.7337718298296,4.0016704,39.856884,0.8859136716481508
6400.0,-739.7278217982235,4.0015097,39.844418,0.8855593154075538
6400.0,-739.7333850845504,4.0009885,39.856884,0.8852049600661686
6400.0,-739.7260645554079,4.0007081,39.906788,0.8848506046673541
6400.0,-739.7266036520174,4.0007482,39.831913,0.8844962490102931
6400.0,-739.7327382427086,4.0001869,39.782009,0.8841418939787651
6400.0,-739.7265057032513,3.9999464,39.80698,0.8837875383686249
6400.0,-739.7322905595782,3.9997859,39.769543,0.8834331835515511
6400.0,-739.7257680602074,3.9995053,39.844418,0.8830788282947686
6400.0,-739.7332722665606,3.9991846,39.819447,0.8827244730074266
6400.0,-739.7257846494845,3.9986634,39.86935,0.8823701177426971
6400.0,-739.7336406645605,3.998503,39.80698,0.882015762278881
6400.0,-739.7250333468256,3.9981422,39.86935,0.8816614073740525
6400.0,-739.7332344367247,3.997581,39.86935,0.8813070521048322
6400.0,-739.7250653046787,3.9976611,39.844418,0.8809526971846948
6400.0,-739.7321682078381,3.9973404,39.844418,0.8805983424262314
6400.0,-739.726311685602,3.9973004,39.856884,0.8802439869090326
6400.0,-739.7269918094321,3.9965787,39.894321,0.8798896310660301
6400.0,-739.7322871537976,3.9964182,39.894321,0.8795352762505879
6400.0,-739.7263966827915,3.9960575,39.831913,0.8791809206926724
6400.0,-739.7332647592834,3.995857,39.881855,0.8788265654089267
6400.0,-739.725796209336,3.9955764,39.819447,0.8784722101386596
6400.0,-739.7378837784971,3.9952958,39.844418,0.8781178526422596
6400.0,-739.7328995090722,3.9950151,39.95673,0.8777634939692565
6400.0,-739.7399180057055,3.994494,39.844418,0.8774091354983984
6400.0,-739.7323164796044,3.9944537,39.844418,0.8770547771046874
6400.0,-739.7417180520944,3.994173,39.919292,0.8767004177715508
6400.0,-739.734966333008,3.9938924,39.86935,0.8763460581084647
6400.0,-739.7419430167097,3.9935317,39.906788,0.8759916986675631
6400.0,-739.7344900412926,3.9930506,39.819447,0.8756373392326379
6400.0,-739.7343016143835,3.9930105,39.919292,0.8752829798879759
6400.0,-739.7422646005236,3.9926095,39.831913,0.8749286202930255
6400.0,-739.7331646201661,3.9924893,39.856884,0.8745742614930248
6400.0,-739.7406167033852,3.9922488,39.881855,0.8742199026874686
6400.0,-739.7335538029575,3.9916472,39.856884,0.8738655437010351
6400.0,-739.7418894885748,3.9915271,39.856884,0.8735111842857752
6400.0,-739.7346920544546,3.9912865,39.856884,0.8731568247540783
6400.0,-739.7421713992815,3.9910059,39.856884,0.8728024652037745
6400.0,-739.7329193820306,3.9906852,39.86935,0.8724481065212514
6400.0,-739.7402937036337,3.9903643,39.86935,0.8720937478704223
6400.0,-739.7341148232274,3.9902442,39.794514,0.8717393886152399
6400.0,-739.7403604886409,3.9895225,39.844418,0.8713850299324187
6400.0,-739.7335485417312,3.9894023,39.831913,0.8710306709485055
6400.0,-739.7350541377434,3.9893219,39.819447,0.8706763112433576
6400.0,-739.7425147362065,3.9888809,39.86935,0.8703219515285847
6400.0,-739.7339894453936,3.9885602,39.844418,0.8699675923334629
6400.0,-739.7415155241813,3.9885201,39.86935,0.8696132330973435
6400.0,-739.735068566378,3.9878788,39.80698,0.8692588733852838
6400.0,-739.7405757241795,3.9878788,39.919292,0.8689045145993581
6400.0,-739.7326051134818,3.9876783,39.856884,0.8685501560673811
6400.0,-739.7383822674196,3.9872773,39.844418,0.8681957983321894
6400.0,-739.7308312813891,3.9871571,39.831913,0.8678414406499417
6400.0,-739.7391577232646,3.9864755,39.831913,0.8674870825432826
6400.0,-739.7318850362859,3.9864354,39.881855,0.8671327243562483
6400.0,-739.7380549707939,3.9861548,39.831913,0.866778366777842
6400.0,-739.7334286569755,3.9858742,39.782009,0.8664240078513579
6400.0,-739.7304039029985,3.9855132,39.831913,0.8660696503738399
6400.0,-739.738113992011,3.9853127,39.856884,0.8657152927671605
6400.0,-739.7313340744579,3.9850321,39.794514,0.8653609348440569
6400.0,-739.7393105927363,3.9848719,39.919292,0.8650065766641684
6400.0,-739.732071082774,3.9842703,39.831913,0.8646522183880112
6400.0,-739.7394449928624,3.9842303,39.894321,0.864297860143741
6400.0,-739.7310723203047,3.9837091,39.831913,0.863943502346027
6400.0,-739.738680682134,3.9835889,39.844418,0.8635891444678854
6400.0,-739.7325808094516,3.9833484,39.894321,0.8632347859475509
6400.0,-739.7392632658314,3.9830678,39.856884,0.8628804277903335
6400.0,-739.7323709348641,3.9826267,39.856884,0.8625260693705363
6400.0,-739.738339786738,3.9823861,39.80698,0.8621717116556943
6400.0,-739.7310979671009,3.9819851,39.894321,0.8618173538456946
6400.0,-739.7321524423143,3.9818649,39.844418,0.8614629955305633
6400.0,-739.7403414576169,3.9816244,39.80698,0.8611086368568585
6400.0,-739.7303480194863,3.9812233,39.844418,0.8607542794061106
6400.0,-739.7403382595433,3.9810631,39.794514,0.8603999207339378
6400.0,-739.7335299505065,3.9806621,39.881855,0.8600455617589304
6400.0,-739.7415342620623,3.9803414,39.844418,0.8596912025138352
6400.0,-739.7333629834519,3.9800208,39.844418,0.8593368436188111
6400.0,-739.7416918923211,3.9797802,39.86935,0.858982484298206
6400.0,-739.7332193074312,3.9796598,39.831913,0.8586281254720078
6400.0,-739.7385690360004,3.9791787,39.86935,0.8582737676473483
6400.0,-739.73207525754,3.9789381,39.856884,0.8579194093691913
6400.0,-739.7392678191162,3.9786975,39.86935,0.8575650512097928
6400.0,-739.7327155377401,3.9783368,39.819447,0.8572106926249186
6400.0,-739.732737473781,3.9779358,39.831913,0.8568563340295361
6400.0,-739.7409927429555,3.9776952,39.80698,0.8565019750438453
6400.0,-739.7323087037165,3.9776151,39.831913,0.8561476166538591
6400.0,-739.7396078478216,3.9773746,39.844418,0.8557932583315763
6400.0,-739.7315543615065,3.9769738,39.769543,0.8554389003029472
6400.0,-739.7388228215962,3.9766529,39.86935,0.8550845423567164
6400.0,-739.7334237009629,3.9765327,39.794514,0.8547301834326064
6400.0,-739.7396800161742,3.9763322,39.844418,0.8543758250757527
6400.0,-739.7331198816072,3.975811,39.80698,0.8540214662971831
6400.0,-739.7406918502866,3.97541,39.919292,0.8536671074556293
6400.0,-739.7338028740157,3.9752498,39.931759,0.8533127483498819
6400.0,-739.7401347427711,3.9750092,39.86935,0.8529583897751999
6400.0,-739.7317494289863,3.9746482,39.894321,0.8526040316531266
6400.0,-739.7323208496437,3.9742875,39.831913,0.852249673257322
6400.0,-739.7407366259256,3.9743276,39.831913,0.8518953143943193
6400.0,-739.7328124977081,3.9738464,39.856884,0.8515409557629977
6400.0,-739.7402231709478,3.9736462,39.831913,0.8511865971459559
6400.0,-739.7331137658748,3.9732051,39.844418,0.8508322383703161
6400.0,-739.7409592712316,3.9730046,39.782009,0.8504778794006593
6400.0,-739.7326696761935,3.9728441,39.906788,0.8501235208377543
6400.0,-739.7403889677234,3.9725635,39.856884,0.8497691621412906
6400.0,-739.7345296163386,3.9722428,39.831913,0.8494148026874074
6400.0,-739.742122729597,3.9720824,39.919292,0.8490604431604178
6400.0,-739.7339877363813,3.9719622,39.86935,0.8487060839661147
6400.0,-739.7418830677176,3.9713609,39.819447,0.8483517245539306
6400.0,-739.7336121645017,3.9708798,39.831913,0.8479973655395399
6400.0,-739.7327857888545,3.9707193,39.86935,0.8476430069210128
6400.0,-739.740986151175,3.9705188,39.881855,0.8472886479384797
6400.0,-739.7350114378131,3.9699976,39.844418,0.8469342882537866
6400.0,-739.7408049856178,3.970118,39.856884,0.8465799293580375
6400.0,-739.7326402695807,3.9698775,39.856884,0.8462255708092193
6400.0,-739.7396651478846,3.9695969,39.931759,0.845871212459488
6400.0,-739.7323088746382,3.969276,39.881855,0.84551685406942
6400.0,-739.7405465125973,3.9689953,39.86935,0.8451624952974874
6400.0,-739.733608538977,3.9686747,39.856884,0.8448081362848335
6400.0,-739.7412620926083,3.9683139,39.80698,0.8444537771701158
6400.0,-739.7343439971291,3.9681935,39.856884,0.844099417805151
6400.0,-739.74079634291,3.9676723,39.844418,0.8437450589135419
6400.0,-739.732757505434,3.9674718,39.856884,0.8433907003085636
6400.0,-739.7413063311252,3.9674318,39.831913,0.8430363411726542
6400.0,-739.7334014598108,3.9671111,39.919292,0.8426819822591987
6400.0,-739.7348114509504,3.96667,39.894321,0.8423276226703066
6400.0,-739.7413672445733,3.9662693,39.894321,0.8419732635052178
6400.0,-739.7340636027923,3.9661088,39.881855,0.8416189042745719
6400.0,-739.7410691350245,3.9657078,39.819447,0.8412645452522869
6400.0,-739.7356130463298,3.9657078,39.819447,0.8409101852794019
6400.0,-739.7436132894151,3.9652267,39.80698,0.8405558250383877
6400.0,-739.7363441952706,3.9648659,39.906788,0.8402014647152559
6400.0,-739.7442300408593,3.9646254,39.782009,0.8398471041787985
6400.0,-739.7350234616241,3.9644248,39.894321,0.8394927444883457
6400.0,-739.7434618116313,3.9642243,39.819447,0.8391383843198941
6400.0,-739.7352816024795,3.9638636,39.906788,0.8387840245057824
6400.0,-739.7402881615919,3.9634626,39.80698,0.8384296658576081
6400.0,-739.7350262082399,3.9632623,39.856884,0.8380753061658396
6400.0,-739.7344327295278,3.9632223,39.844418,0.8377209467583686
6400.0,-739.7415604706925,3.9627411,39.782009,0.8373665875007185
6400.0,-739.7345446186685,3.9625406,39.794514,0.8370122280396487
6400.0,-739.7412675247597,3.9624202,39.831913,0.836657868922329
6400.0,-739.7333999828551,3.9620996,39.819447,0.8363035100095808
6400.0,-739.7405759072277,3.9614582,39.757076,0.8359491512235673
6400.0,-739.7342746369972,3.9612176,39.86935,0.8355947918918284
6400.0,-739.7396201891462,3.9610972,39.86935,0.8352404335636336
6400.0,-739.7321198496313,3.9608166,39.856884,0.8348860752641154
6400.0,-739.7414813687637,3.9606161,39.844418,0.8345317160443577
6400.0,-739.7343766262372,3.9602954,39.919292,0.8341773566637621
6400.0,-739.7410586125173,3.9600148,39.86935,0.8338229976465179
6400.0,-739.7345880632669,3.9594135,39.856884,0.8334686381646366
6400.0,-739.7329772553147,3.9596138,39.831913,0.8331142794543901
6400.0,-739.7396971793703,3.9591327,39.894321,0.8327599210893146
6400.0,-739.7331561606939,3.9590926,39.86935,0.832405562293366
6400.0,-739.7413132769797,3.9584513,39.819447,0.8320512031541295
6400.0,-739.7350166135018,3.9583309,39.819447,0.8316968434669572
6400.0,-739.7396349597727,3.9582107,39.844418,0.831342485131687
6400.0,-739.733524384169,3.9579301,39.86935,0.8309881261593461
6400.0,-739.7420714841925,3.957489,39.894321,0.8306337666569046
6400.0,-739.734172037381,3.9572084,39.86935,0.8302794073743146
6400.0,-739.7400465220454,3.9569278,39.894321,0.8299250488418932
6400.0,-739.7330346769174,3.9567273,39.856884,0.8295706901041398
6400.0,-739.7392116786312,3.9564466,39.86935,0.8292163319716342
6400.0,-739.7328719579906,3.9562061,39.831913,0.828861973311829
6400.0,-739.7323493163151,3.9558454,39.831913,0.828507614902388
6400.0,-739.7406965011835,3.9554844,39.831913,0.8281532560586063
6400.0,-739.7339153979352,3.9552038,39.881855,0.8277988968989558
6400.0,-739.7429111251263,3.9550836,39.856884,0.8274445369943002
6400.0,-739.7346800427171,3.9548831,39.831913,0.8270901774683573
6400.0,-739.7426513457006,3.9544821,39.86935,0.8267358176881442
6400.0,-739.7341370644818,3.954041,39.831913,0.8263814584223075
6400.0,-739.7409301817669,3.9539609,39.894321,0.8260270994665855
6400.0,-739.733485590216,3.9536002,39.844418,0.8256727405128284
6400.0,-739.740452664394,3.9532793,39.844418,0.8253183817858519
6400.0,-739.7346456434109,3.9528785,39.856884,0.8249640222763877
6400.0,-739.7430986748082,3.953119,39.856884,0.8246096622818898
6400.0,-739.7347080336624,3.9525979,39.831913,0.8242553027425384
6400.0,-739.733597748094,3.9521167,39.819447,0.8239009437350536
6400.0,-739.7409332943532,3.9518361,39.844418,0.8235465847778406
6400.0,-739.733893754881,3.9517558,39.894321,0.823192225628558
6400.0,-739.7403439603324,3.9514351,39.844418,0.8228378669536542
6400.0,-739.7333245312913,3.9510744,39.757076,0.8224835080770502
6400.0,-739.7417990220047,3.950954,39.819447,0.8221291487051265
6400.0,-739.7330987388865,3.9503927,39.819447,0.8217747899366852
6400.0,-739.7400495129748,3.9503927,39.856884,0.8214204314028309
6400.0,-739.7334482249248,3.9499516,39.856884,0.8210660724669732
6400.0,-739.7418123517791,3.9494305,39.856884,0.8207117130886642
6400.0,-739.7341863928584,3.949671,39.894321,0.8203573537991974
6400.0,-739.7423824358136,3.9493103,39.794514,0.8200029941478005
6400.0,-739.7336610897465,3.9490297,39.894321,0.8196486351099728
6400.0,-739.7336831479547,3.9487088,39.719635,0.8192942760615785
6400.0,-739.7420999634796,3.9484682,39.844418,0.8189399165454945
6400.0,-739.7340989665449,3.948308,39.782009,0.818585557297908
6400.0,-739.7425263573608,3.947947,39.831913,0.8182311975775681
6400.0,-739.7350877800524,3.9477868,39.906788,0.8178768378563045
6400.0,-739.7430762502818,3.9474258,39.919292,0.8175224778725487
6400.0,-739.7352650378099,3.9470251,39.86935,0.8171681180663722
6400.0,-739.7435003250072,3.946624,39.919292,0.8168137578794714
6400.0,-739.7344171291,3.9463034,39.856884,0.8164593984794737
6400.0,-739.7425866724492,3.9461832,39.831913,0.8161050387302411
6400.0,-739.7348628545852,3.9460227,39.919292,0.8157506791167248
6400.0,-739.7436202718995,3.9457021,39.844418,0.8153963188723657
6400.0,-739.736139410783,3.9453011,39.831913,0.8150419586473332
6400.0,-739.7371022608722,3.9449804,39.844418,0.8146875979610606
6400.0,-739.7425022235493,3.9446998,39.86935,0.8143332382522817
6400.0,-739.7352397328572,3.9444993,39.80698,0.8139788784582271
6400.0,-739.7427571445246,3.9443789,39.844418,0.813624518627333
6400.0,-739.7354061989644,3.943898,39.856884,0.8132701587535351
6400.0,-739.7410325627368,3.9439781,39.894321,0.8129157997487694
6400.0,-739.7336258484681,3.9436171,39.844418,0.8125614407278237
6400.0,-739.7399428105231,3.9430559,39.894321,0.8122070822450832
6400.0,-739.733009774687,3.9430959,39.844418,0.8118527235192589
6400.0,-739.7408084161596,3.9427752,39.844418,0.8114983646218663
6400.0,-739.7343821559962,3.9422941,39.80698,0.8111440052386218
6400.0,-739.7429807053784,3.9421339,39.86935,0.8107896453006352
6400.0,-739.7335513615553,3.9419334,39.944225,0.8104352863153713
6400.0,-739.7345985732877,3.9417729,39.906788,0.8100809268284552
6400.0,-739.742430141042,3.9415724,39.782009,0.809726567154206
6400.0,-739.735079003344,3.9409711,39.881855,0.8093722074371467
6400.0,-739.7428468058977,3.9407706,39.831913,0.8090178475633019
6400.0,-739.734511549799,3.9405301,39.844418,0.8086634881180733
6400.0,-739.742443483504,3.9400089,39.844418,0.8083091284374325
6400.0,-739.7326749005854,3.9400489,39.856884,0.807954769872025
6400.0,-739.7415926973513,3.9395678,39.856884,0.8076004105989373
6400.0,-739.7346848281661,3.9397283,39.831913,0.807246051070702
6400.0,-739.7418639145251,3.9390869,39.769543,0.806891691667693
6400.0,-739.7348659185393,3.9390466,39.856884,0.8065373320527089
6400.0,-739.7418606554183,3.9387259,39.86935,0.806182972651261
6400.0,-739.7343405181746,3.9381647,39.881855,0.8058286132879626
6400.0,-739.7345874770889,3.9380043,39.856884,0.8054742538063622
6400.0,-739.742442433714,3.9380043,39.819447,0.8051198941262243
6400.0,-739.7335410587789,3.9373629,39.844418,0.8047655351458958
6400.0,-739.7412283155653,3.9371624,39.881855,0.8044111760473583
6400.0,-739.7348581303222,3.9368417,39.856884,0.8040568164361052
6400.0,-739.7433731513956,3.9365208,39.86935,0.8037024563101245
6400.0,-739.7342212925494,3.9364407,39.831913,0.8033480970039396
6400.0,-739.7415702854101,3.9361601,39.831913,0.8029937377415879
6400.0,-739.7351880846318,3.9359195,39.86935,0.8026393779722747
6400.0,-739.7418127427388,3.9357591,39.86935,0.8022850185937784
6400.0,-739.7353787336249,3.9355187,39.944225,0.8019306587331376
6400.0,-739.7423707410921,3.9350777,39.856884,0.8015762990873428
6400.0,-739.7346540540776,3.9348772,39.856884,0.8012219395738494
6400.0,-739.7341450963686,3.9345565,39.831913,0.8008675803041652
6400.0,-739.7432738103657,3.934356,39.86935,0.800513220225772
6400.0,-739.7346654310874,3.9340754,39.831913,0.8001588607068286
6400.0,-739.7425484031545,3.9338748,39.844418,0.7998045009759281
6400.0,-739.7346245378315,3.9334338,39.819447,0.7994501414765741
6400.0,-739.742288465544,3.9334338,39.856884,0.7990957818701919
6400.0,-739.7346271740977,3.9329929,39.794514,0.798741422369575
6400.0,-739.7407654347813,3.9327524,39.881855,0.798387063492772
6400.0,-739.7344007229204,3.9327123,39.881855,0.7980327041006334
6400.0,-739.7417043677856,3.9322712,39.906788,0.7976783447740521
6400.0,-739.7328429175728,3.9318702,39.856884,0.7973239861281584
6400.0,-739.7403669706334,3.93171,39.80698,0.796969627442232
6400.0,-739.7332211872628,3.931349,39.86935,0.7966152686151334
6400.0,-739.7331646812498,3.9310684,39.80698,0.7962609098151032
6400.0,-739.7418202865949,3.9308279,39.794514,0.7959065504329933
6400.0,-739.7335263981902,3.9306674,39.831913,0.7955521914596877
6400.0,-739.7411300116379,3.9301462,39.819447,0.7951978324082409
6400.0,-739.7339262256526,3.9301462,39.844418,0.7948434732434035
6400.0,-739.7403724516421,3.9298656,39.86935,0.7944891145548517
6400.0,-739.7345876466293,3.9296653,39.844418,0.7941347550731699
6400.0,-739.7413373126675,3.9292243,39.856884,0.7937803959224194
6400.0,-739.7337557186108,3.9292643,39.819447,0.7934260368392612
6400.0,-739.7424078997684,3.9287431,39.819447,0.7930716771756661
6400.0,-739.733186201932,3.9285426,39.856884,0.7927173183653268
6400.0,-739.7425401515599,3.9283822,39.819447,0.792362958638379
6400.0,-739.7364726004288,3.9279013,39.86935,0.7920085982537366
6400.0,-739.7350919790676,3.9279413,39.86935,0.7916542385304615
6400.0,-739.7421797248013,3.9275403,39.881855,0.7912998789761694
6400.0,-739.734094144722,3.9271395,39.844418,0.7909455197308928
6400.0,-739.7418565049622,3.9267786,39.831913,0.7905911603314331
6400.0,-739.7357875570623,3.926578,39.881855,0.790236800274951
6400.0,-739.7422624644161,3.9264979,39.881855,0.7898824406810241
6400.0,-739.7339580977632,3.9260969,39.856884,0.7895280815009189
6400.0,-739.7426344511935,3.9260569,39.80698,0.7891737217287987
6400.0,-739.7342706576579,3.9257762,39.894321,0.788819362398966
6400.0,-739.7408488944128,3.9252951,39.80698,0.7884650034821832
6400.0,-739.7322525271665,3.9251349,39.881855,0.7881106451191077
6400.0,-739.7398953860574,3.9247339,39.831913,0.7877562866590849
6400.0,-739.7319642106274,3.9243731,39.856884,0.7874019284341234
6400.0,-739.7337706232272,3.9243731,39.831913,0.7870475693438252
6400.0,-739.7407616504215,3.9241726,39.856884,0.786693210468835
6400.0,-739.7327219099318,3.9239321,39.86935,0.7863388518809082
6400.0,-739.740911309388,3.9232104,39.844418,0.7859844929342267
6400.0,-739.7312787648456,3.9230902,39.906788,0.7856301350376182
6400.0,-739.7394234594809,3.9230499,39.856884,0.7852757768036632
6400.0,-739.7315404331542,3.9225287,39.844418,0.7849214187817063
6400.0,-739.7387493105151,3.9224887,39.80698,0.7845670608706895
6400.0,-739.7318068751453,3.922128,39.86935,0.7842127027210973
6400.0,-739.7395487289925,3.9218073,39.844418,0.7838583444271343
6400.0,-739.7313430342125,3.9215267,39.881855,0.7835039864997385
6400.0,-739.7413538288512,3.9214463,39.906788,0.7831496273410764
6400.0,-739.7340400434814,3.9212458,39.794514,0.7827952681217162
6400.0,-739.7333024856681,3.9209251,39.831913,0.7824409092556728
6400.0,-739.7428832316139,3.9206045,39.844418,0.782086549364379
6400.0,-739.7350204834634,3.9203238,39.831913,0.7817321896753527
6400.0,-739.7412883987995,3.9202435,39.86935,0.7813778305480337
6400.0,-739.7324832634592,3.9200833,39.819447,0.7810234720744271
6400.0,-739.7398570800302,3.9197223,39.819447,0.7806691136327544
6400.0,-739.7333945628318,3.9192815,39.831913,0.7803147547226026
6400.0,-739.7405793497918,3.919081,39.757076,0.7799603959349399
6400.0,-739.7345439593845,3.9187603,39.856884,0.779606036474186
6400.0,-739.7410064151395,3.9184394,39.819447,0.7792516774819458
6400.0,-739.7337682428575,3.9181988,39.794514,0.7788973183927879
6400.0,-739.7415347989285,3.9181187,39.80698,0.7785429591474354
6400.0,-739.7327308821691,3.9178782,39.80698,0.7781886005552107
6400.0,-739.7441650380393,3.9175174,39.856884,0.7778342400498915
6400.0,-739.7353321637842,3.9172368,39.831913,0.7774798802115593
6400.0,-739.7358480915782,3.9171565,39.831913,0.777125520126079
6400.0,-739.7416975687585,3.9167156,39.86935,0.7767711608027548
6400.0,-739.7341607091256,3.9165952,39.856884,0.7764168015255914
6400.0,-739.7424444234036,3.9162745,39.856884,0.7760624418445006
6400.0,-739.7343586819671,3.9159136,39.707134,0.775708082472501
6400.0,-739.7413319537252,3.9154327,39.831913,0.7753537233243176
6400.0,-739.7331870565405,3.9157133,39.757076,0.7749993645135689
6400.0,-739.7426361968018,3.9151921,39.844418,0.7746450047406126
6400.0,-739.7348502694083,3.9150317,39.819447,0.7742906451331251
6400.0,-739.7439087129954,3.9149113,39.80698,0.7739362847505938
6400.0,-739.7352427723062,3.91431,39.819447,0.7735819249550832
6400.0,-739.7434051707054,3.91431,39.856884,0.7732275648137644
6400.0,-739.7336660948205,3.9140694,39.769543,0.7728732057735391
6400.0,-739.7343771876543,3.9135482,39.831913,0.7725188463926747
6400.0,-739.7433008368296,3.9134681,39.856884,0.772164486301335
6400.0,-739.735977277983,3.913027,39.794514,0.7718101261539698
6400.0,-739.7435383257152,3.9129069,39.856884,0.7714557659488656
6400.0,-739.7360725655172,3.9124258,39.831913,0.7711014057558543
6400.0,-739.742582913004,3.9123054,39.782009,0.7707470460084225
6400.0,-739.735373655138,3.9119847,39.794514,0.7703926861502143
6400.0,-739.7428822674647,3.9117441,39.794514,0.7700383262593823
6400.0,-739.7338939745059,3.9114635,39.881855,0.7696839671099945
6400.0,-739.7405043736092,3.911263,39.769543,0.7693296083582479
6400.0,-739.7326724717683,3.9111428,39.894321,0.7689752497940038
6400.0,-739.7403505275054,3.9107418,39.856884,0.7686208911159541
6400.0,-739.7344006498145,3.9102607,39.831913,0.7682665317238505
6400.0,-739.7346779064775,3.9105413,39.757076,0.7679121721989312
6400.0,-739.7420982178201,3.9100602,39.831913,0.7675578126836835
6400.0,-739.7342070592392,3.9098196,39.856884,0.7672034533843166
6400.0,-739.741706211006,3.9097795,39.844418,0.7668490940568525
6400.0,-739.732401684243,3.9091783,39.80698,0.7664947356223253
6400.0,-739.7405435342532,3.9087772,39.844418,0.7661403768518195
6400.0,-739.7326912579082,3.9087772,39.844418,0.7657860182785762
6400.0,-739.7408358331227,3.9084566,39.856884,0.7654316593680501
6400.0,-739.7339830856336,3.908216,39.819447,0.7650773001759748
6400.0,-739.7433835886202,3.9078553,39.831913,0.7647229400449944
6400.0,-739.7358094075145,3.9076548,39.831913,0.7643685799780452
6400.0,-739.7454999817422,3.9074142,39.769543,0.7640142188332466
6400.0,-739.7358899006285,3.907294,39.794514,0.7636598587277382
6400.0,-739.7360945748687,3.9070535,39.856884,0.7633054985241837
6400.0,-739.7441233508393,3.9067726,39.782009,0.7629511380388342
6400.0,-739.7353039532651,3.9066925,39.819447,0.7625967782140157
6400.0,-739.7428500286811,3.9064519,39.794514,0.7622424183386273
6400.0,-739.7351486075037,3.9062114,39.831913,0.761888058588225
6400.0,-739.741997399308,3.9056902,39.80698,0.7615336991212726
6400.0,-739.7353296370491,3.90553,39.844418,0.7611793392841507
6400.0,-739.7411966746813,3.905169,39.831913,0.7608249802007703
6400.0,-739.7336885680803,3.9049284,39.819447,0.7604706211497794
6400.0,-739.7426046293314,3.9047279,39.80698,0.7601162613919448
6400.0,-739.7353615335626,3.9044473,39.782009,0.7597619015395434
6400.0,-739.7432425845375,3.904247,39.782009,0.7594075414761083
6400.0,-739.7369346953103,3.9039261,39.794514,0.7590531808701058
6400.0,-739.7364038872515,3.9036856,39.844418,0.7586988205183793
6400.0,-739.7433148868254,3.9035254,39.86935,0.7583444604203093
6400.0,-739.735433616061,3.9031644,39.856884,0.7579901005333778
6400.0,-739.7420353637442,3.9029238,39.819447,0.7576357410482392
6400.0,-739.7330421352112,3.9027236,39.794514,0.7572813823069129
6400.0,-739.7393131927058,3.9023626,39.794514,0.7569270241257791
6400.0,-739.7338774588976,3.9020019,39.782009,0.7565726649843026
6400.0,-739.7412627641771,3.902122,39.757076,0.7562183058692634
6400.0,-739.7354152932155,3.9018013,39.844418,0.7558639459911091
6400.0,-739.7444334964449,3.9014404,39.819447,0.7555095853571903
6400.0,-739.7367197429521,3.9012001,39.844418,0.7551552248541575
6400.0,-739.7433942327331,3.9009192,39.80698,0.7548008647180784
6400.0,-739.7360306225331,3.9005585,39.831913,0.7544465045451592
6400.0,-739.7352608997248,3.9005184,39.794514,0.754092144740965
6400.0,-739.7424278093009,3.9001977,39.80698,0.7537377850678326
6400.0,-739.73548559334,3.9000373,39.794514,0.7533834251560021
6400.0,-739.7426564117045,3.8996363,39.782009,0.7530290653733622
6400.0,-739.7361233466003,3.8995562,39.782009,0.7526747051560247
6400.0,-739.7449217926335,3.8991554,39.819447,0.7523203442881968
6400.0,-739.7362818787389,3.8988345,39.856884,0.7519659839949169
6400.0,-739.7441618886694,3.8987143,39.819447,0.7516116234911067
6400.0,-739.7373046519957,3.8984737,39.831913,0.7512572627078815
6400.0,-739.7453529231547,3.8979125,39.894321,0.7509029016335286
6400.0,-739.7365431690348,3.8979926,39.782009,0.7505485412150812
6400.0,-739.7437499479198,3.897752,39.782009,0.7501941809086033
6400.0,-739.7369536405542,3.897351,39.819447,0.7498398202935252
6400.0,-739.7362106509,3.8971508,39.744568,0.749485460034366
6400.0,-739.7454880066675,3.8971508,39.80698,0.7491310988953039
6400.0,-739.7380363871144,3.8969502,39.86935,0.7487767377615513
6400.0,-739.7431572935035,3.8965092,39.856884,0.7484223777389734
6400.0,-739.7359013871181,3.896389,39.831913,0.7480680176279626
6400.0,-739.74354582097,3.8958275,39.794514,0.7477136574192679
6400.0,-739.736872281014,3.8957074,39.80698,0.7473592968431642
6400.0,-739.7449425205622,3.8954668,39.782009,0.7470049359654067
6400.0,-739.7372984387547,3.8951862,39.757076,0.746650575185158
6400.0,-739.744359961012,3.8949056,39.80698,0.7462962145864649
6400.0,-739.7360445142045,3.894665,39.831913,0.7459418544068912
6400.0,-739.7439262302654,3.8944244,39.831913,0.7455874940159685
6400.0,-739.7366374800492,3.894264,39.782009,0.7452331335523428
6400.0,-739.7358674273687,3.8939033,39.794514,0.7448787734575999
6400.0,-739.7423973164839,3.8936226,39.80698,0.7445244137990747
6400.0,-739.7350774042211,3.8935826,39.80698,0.7441700540827814
6400.0,-739.7426461577328,3.8932216,39.782009,0.7438156943050535
6400.0,-739.7359536696108,3.8930614,39.819447,0.7434613341689975
6400.0,-739.7433418280576,3.8927004,39.831913,0.7431069740580217
6400.0,-739.7367161785112,3.8924198,39.782009,0.7427526135566966
6400.0,-739.7429255782579,3.8924599,39.831913,0.7423982536451175
6400.0,-739.7344875994811,3.8919787,39.794514,0.7420438942113619
6400.0,-739.740363296471,3.8917782,39.819447,0.7416895355271955
6400.0,-739.7329325777371,3.8913774,39.757076,0.7413351768383514
6400.0,-739.7420066033875,3.8911769,39.769543,0.7409808173669898
6400.0,-739.7346086687174,3.8909364,39.844418,0.7406264578752377
6400.0,-739.7336881894026,3.8906157,39.794514,0.7402720988244283
6400.0,-739.738918671921,3.8906958,39.819447,0.7399177408322822
6400.0,-739.7315517004794,3.8903351,39.707134,0.7395633828049278
6400.0,-739.7397247919157,3.8901346,39.831913,0.7392090244266251
6400.0,-739.7327699563701,3.889854,39.794514,0.7388546658156823
6400.0,-739.7402531880341,3.8897336,39.769543,0.7385003071842614
6400.0,-739.7321307872378,3.8893728,39.794514,0.7381459488795038
6400.0,-739.741269868472,3.8890522,39.757076,0.7377915897610612
6400.0,-739.7340455729847,3.8888516,39.794514,0.7374372305390521
6400.0,-739.7419400506949,3.8886111,39.80698,0.7370828710995715
6400.0,-739.7351053335711,3.8882904,39.819447,0.736728511369899
6400.0,-739.7442513667897,3.8882101,39.844418,0.7363741508232259
6400.0,-739.7353458600287,3.8879695,39.80698,0.7360197909783326
6400.0,-739.7346940927251,3.8876088,39.80698,0.7356654314456593
6400.0,-739.7425769437305,3.8874886,39.782009,0.7353110717010869
6400.0,-739.7343908474738,3.887208,39.744568,0.7349567123136791
6400.0,-739.7402572041457,3.8869674,39.856884,0.7346023536803343
6400.0,-739.7340386272513,3.8864462,39.769543,0.7342479944616526
6400.0,-739.7417594707589,3.8865263,39.744568,0.7338936351086752
6400.0,-739.7345478538512,3.8859651,39.80698,0.7335392756460556
6400.0,-739.7417315043954,3.8858447,39.769543,0.7331849163064751
6400.0,-739.7352956647145,3.8856442,39.769543,0.7328305564856271
6400.0,-739.743300604873,3.8856041,39.819447,0.7324761963943986
6400.0,-739.7369110870404,3.8853235,39.744568,0.7321218357997054
6400.0,-739.7439553081169,3.8849628,39.819447,0.7317674753948535
6400.0,-739.7372464247436,3.8847222,39.794514,0.7314131146395213
6400.0,-739.7385052938979,3.8845618,39.819447,0.7310587532811456
6400.0,-739.7457317823216,3.884161,39.819447,0.7307043920253072
6400.0,-739.7368702913444,3.8840806,39.757076,0.7303500314501565
6400.0,-739.7425974026634,3.8838801,39.757076,0.7299956716957837
6400.0,-739.7364237723856,3.8834794,39.819447,0.7296413113345316
6400.0,-739.7452386156602,3.8832788,39.782009,0.7292869503149355
6400.0,-739.7364118341634,3.8832388,39.894321,0.7289325899594024
6400.0,-739.7455236392602,3.8829982,39.794514,0.728578228803271
6400.0,-739.7353970315561,3.8825572,39.744568,0.7282238689338648
6400.0,-739.7434726027251,3.8822365,39.744568,0.7278695087602438
6400.0,-739.7376468383328,3.882076,39.844418,0.7275151478130992
6400.0,-739.7431189752493,3.8818758,39.906788,0.7271607878088769
6400.0,-739.7352491683889,3.8813946,39.819447,0.7268064280103024
6400.0,-739.7358897419338,3.8812742,39.744568,0.7264520679048702
6400.0,-739.7434396434132,3.881114,39.819447,0.7260977077470377
6400.0,-739.7337668148098,3.8811941,39.782009,0.7257433486585639
6400.0,-739.7422287602241,3.8808331,39.856884,0.7253889890807824
6400.0,-739.7357799892375,3.8803923,39.794514,0.7250346290279257
6400.0,-739.7422197879987,3.8798711,39.819447,0.724680269454442
6400.0,-739.7337704889353,3.8799913,39.757076,0.7243259103642081
6400.0,-739.7411059393711,3.8798711,39.819447,0.7239715513242927
6400.0,-739.735017810107,3.8796306,39.769543,0.7236171916365473
6400.0,-739.7401424574995,3.8791094,39.80698,0.7232628330581696
6400.0,-739.7332192098713,3.8789489,39.80698,0.7229084742320183
6400.0,-739.7412615430032,3.8786683,39.844418,0.722554115117564
6400.0,-739.7353089828953,3.8787084,39.794514,0.7221997552903362
6400.0,-739.7360663401004,3.8783877,39.80698,0.7218453951003069
6400.0,-739.7426482694885,3.8781071,39.744568,0.7214910353215674
6400.0,-739.7351957389151,3.8779466,39.782009,0.7211366755485876
6400.0,-739.7418237286474,3.8777061,39.80698,0.7207823161648287
6400.0,-739.73623414969,3.8773854,39.769543,0.7204279558944128
6400.0,-739.7425706077468,3.8772249,39.80698,0.7200735961528756
6400.0,-739.7354795021639,3.8769042,39.782009,0.719719236243963
6400.0,-739.7417698222404,3.8767037,39.80698,0.7193648768860269
6400.0,-739.7336144473114,3.8766236,39.80698,0.7190105178705426
6400.0,-739.7401500992745,3.8762627,39.794514,0.7186561592885045
6400.0,-739.7322371829933,3.8757014,39.856884,0.7183018009327793
6400.0,-739.7409850403008,3.8758619,39.794514,0.7179474419507783
6400.0,-739.7343669097411,3.8756614,39.819447,0.7175930825748373
6400.0,-739.7342190828967,3.8751402,39.794514,0.7172387232697109
6400.0,-739.7432649355479,3.8749397,39.856884,0.7168843631955691
6400.0,-739.7348313237552,3.8748195,39.80698,0.7165300035971572
6400.0,-739.7409617614644,3.8747392,39.794514,0.7161756446263076
6400.0,-739.735107103667,3.8742983,39.744568,0.7158212848957871
6400.0,-739.7423815570495,3.8742983,39.757076,0.7154669252448111
6400.0,-739.7349487915114,3.8737371,39.831913,0.715112565590128
6400.0,-739.7413170489589,3.8735366,39.819447,0.7147582064490845
6400.0,-739.7345468159406,3.8731756,39.80698,0.7144038469869621
6400.0,-739.7443695313924,3.8731356,39.856884,0.7140494863836844
6400.0,-739.7346404800003,3.8729753,39.794514,0.7136951268766935
6400.0,-739.7437291835656,3.8725743,39.86935,0.7133407665801624
6400.0,-739.7342944488719,3.8723338,39.80698,0.7129864072389329
6400.0,-739.7355983369868,3.8721333,39.794514,0.7126320472730941
6400.0,-739.7416445285816,3.8719327,39.769543,0.7122776879751778
6400.0,-739.7373914561666,3.8717725,39.794514,0.7119233271503703
6400.0,-739.7431065728916,3.871572,39.782009,0.7115689671520892
6400.0,-739.7383922205836,3.8713715,39.794514,0.7112146058478795
6400.0,-739.7448415309732,3.8710108,39.819447,0.7108602450184994
6400.0,-739.7366109661618,3.8706498,39.757076,0.7105058845675747
6400.0,-739.7435348589528,3.8703291,39.831913,0.7101515243641311
6400.0,-739.7357384122437,3.8702891,39.794514,0.7097971643311912
6400.0,-739.7416359469067,3.8700485,39.769543,0.7094428050373858
6400.0,-739.7348049566938,3.8699684,39.819447,0.7090884454516045
6400.0,-739.7410579291818,3.8697679,39.757076,0.7087340864346876
6400.0,-739.7346925670662,3.8693669,39.819447,0.7083797269027451
6400.0,-739.7427138827932,3.8692467,39.831913,0.7080253670925747
6400.0,-739.7349294556187,3.8689661,39.794514,0.7076710074471542
6400.0,-739.73494656999,3.8687656,39.794514,0.7073166477935352
6400.0,-739.7423531018072,3.8683646,39.707134,0.7069622881561901
6400.0,-739.7348453010665,3.8680439,39.819447,0.7066079285510826
6400.0,-739.7420581048958,3.8680439,39.782009,0.7062535690550502
6400.0,-739.7339949998111,3.8678434,39.881855,0.7058992098572676
6400.0,-739.7414078819834,3.8675227,39.819447,0.7055448506727123
6400.0,-739.7370427885162,3.8675628,39.80698,0.7051904900149292
6400.0,-739.743361005244,3.8671217,39.744568,0.704836129894767
6400.0,-739.73613207481,3.8667209,39.819447,0.7044817696732485
6400.0,-739.742356104452,3.8664804,39.80698,0.7041274100344651
6400.0,-739.736050141677,3.8664403,39.782009,0.7037730498521956
6400.0,-739.745003311586,3.8663599,39.794514,0.7034186889453176
6400.0,-739.7345395037053,3.8659191,39.831913,0.7030643294866978
6400.0,-739.7351568108237,3.8657987,39.794514,0.702709969732366
6400.0,-739.739581663799,3.8655181,39.819447,0.702355611422626
6400.0,-739.7340790568546,3.8653979,39.844418,0.7020012521845771
6400.0,-739.7399083741896,3.8649969,39.782009,0.7016468937183328
6400.0,-739.7334078197243,3.8647163,39.794514,0.7012925348018304
6400.0,-739.7412781693843,3.8647964,39.856884,0.7009381756794115
6400.0,-739.7340646893036,3.8642752,39.80698,0.7005838164482452
6400.0,-739.7401981462986,3.8641551,39.757076,0.700229457843191
6400.0,-739.7339245653435,3.8641551,39.819447,0.699875098679149
6400.0,-739.7414280846078,3.8636339,39.80698,0.6995207394849159
6400.0,-739.7349760744185,3.8635938,39.831913,0.6991663798171632
6400.0,-739.7407070968486,3.8633533,39.757076,0.6988120209683059
6400.0,-739.7349239750745,3.8632329,39.769543,0.6984576613255107
6400.0,-739.7353773051167,3.8627517,39.819447,0.698103301465554
6400.0,-739.7416169283144,3.862391,39.819447,0.697748942180859
6400.0,-739.7327921610461,3.8623109,39.844418,0.6973945835592794
6400.0,-739.7419801995331,3.8621504,39.794514,0.6970402241005662
6400.0,-739.7341847203224,3.8617897,39.844418,0.6966858648119006
6400.0,-739.7416071143132,3.8615088,39.819447,0.6963315055319068
6400.0,-739.7334654486226,3.8615088,39.844418,0.6959771465877983
6400.0,-739.7403967802684,3.8611481,39.782009,0.6956227878875921
6400.0,-739.7341945838491,3.861028,39.782009,0.6952684285942016
6400.0,-739.7402740502049,3.8607471,39.80698,0.694914069952787
6400.0,-739.7327134012958,3.8605468,39.856884,0.6945597113689362
6400.0,-739.7398394529212,3.8604665,39.819447,0.6942053529357072
6400.0,-739.7325075189907,3.8599052,39.769543,0.6938509944504814
6400.0,-739.7338079276906,3.8598652,39.794514,0.6934966353423131
6400.0,-739.740285756693,3.8597448,39.844418,0.6931422766952908
6400.0,-739.7336507387785,3.8596246,39.782009,0.6927879176624215
6400.0,-739.7411157659575,3.8592639,39.80698,0.6924335586177989
6400.0,-739.7345536030816,3.8589029,39.794514,0.6920791991524253
6400.0,-739.7411501288774,3.8588228,39.794514,0.6917248400913416
6400.0,-739.7347257700741,3.8583417,39.819447,0.6913704805434938
6400.0,-739.7415417938447,3.8582616,39.819447,0.6910161212947905
6400.0,-739.7356508271843,3.8582616,39.80698,0.6906617613038071
6400.0,-739.7430180346711,3.8578606,39.744568,0.6903074013479384
6400.0,-739.7358071982711,3.8577001,39.819447,0.6899530412820475
6400.0,-739.74281024553,3.8574195,39.757076,0.6895986814257165
6400.0,-739.7354825534817,3.8574998,39.794514,0.689244321515342
6400.0,-739.735112426335,3.8568983,39.782009,0.6888899617822719
6400.0,-739.7413058308379,3.8563771,39.794514,0.6885356026466022
6400.0,-739.7352086779065,3.8564575,39.782009,0.6881812428674241
6400.0,-739.7426154323454,3.856297,39.80698,0.6878268831044145
6400.0,-739.7342920439971,3.8561366,39.782009,0.6874725237643371
6400.0,-739.7421327885493,3.8557358,39.794514,0.687118164232529
6400.0,-739.7344994160476,3.8556957,39.80698,0.6867638047931127
6400.0,-739.7421004760963,3.8554552,39.757076,0.6864094452767834
6400.0,-739.734119364393,3.8552146,39.819447,0.6860550860194256
6400.0,-739.7423875503678,3.8548136,39.856884,0.6857007263655786
6400.0,-739.7350116940677,3.8546131,39.844418,0.6853463666807628
6400.0,-739.7410830267332,3.8543725,39.757076,0.6849920076518233
6400.0,-739.734800257345,3.8541722,39.744568,0.6846376480682933
6400.0,-739.7356910119414,3.8538113,39.844418,0.6842832880580599
6400.0,-739.7433428292462,3.8537312,39.831913,0.6839289279466045
6400.0,-739.735171825227,3.8538113,39.844418,0.6835745681850801
6400.0,-739.7419749625547,3.85325,39.831913,0.6832202087288756
6400.0,-739.7333204179158,3.8531699,39.831913,0.682865849854242
6400.0,-739.7410786930244,3.852809,39.782009,0.6825114908273785
6400.0,-739.7336133486241,3.8530095,39.844418,0.6821571318124203
6400.0,-739.7431840755279,3.8525684,39.782009,0.6818027717770131
6400.0,-739.7354244731578,3.8522077,39.844418,0.6814484118944613
6400.0,-739.7434502513054,3.8520472,39.744568,0.6810940517315474
6400.0,-739.7369916653852,3.8518066,39.881855,0.6807396910982542
6400.0,-739.7442814086882,3.8517265,39.80698,0.68038533053719
6400.0,-739.7370670429221,3.8513658,39.782009,0.6800309698677882
6400.0,-739.7368574743157,3.8512053,39.769543,0.6796766092987773
6400.0,-739.7423869768714,3.8511252,39.794514,0.679322249645205
6400.0,-739.7359149370485,3.8505638,39.844418,0.6789678895277034
6400.0,-739.7419931876653,3.8505638,39.794514,0.6786135300627684
6400.0,-739.7356497651267,3.8502431,39.856884,0.6782591700722936
6400.0,-739.7430800831918,3.8499224,39.80698,0.6779048100867019
6400.0,-739.7367633217914,3.849762,39.782009,0.6775504495627934
6400.0,-739.7443870850879,3.8495214,39.86935,0.677196088951107
6400.0,-739.7370884059328,3.8493612,39.794514,0.6768417282714715
6400.0,-739.7432437437062,3.8491206,39.769543,0.6764873682074812
6400.0,-739.7365433890178,3.8492808,39.856884,0.6761330077889284
6400.0,-739.7449746979544,3.84884,39.844418,0.6757786468957572
6400.0,-739.7368335729057,3.848479,39.80698,0.6754242863381958
6400.0,-739.7343008085295,3.8482385,39.819447,0.6750699269939199
6400.0,-739.7417613878022,3.8481183,39.782009,0.6747155676400243
6400.0,-739.7336515562968,3.8479178,39.819447,0.6743612086067635
6400.0,-739.741575155883,3.8477974,39.819447,0.6740068493420787
6400.0,-739.7337354912753,3.8473966,39.831913,0.67365249026861
6400.0,-739.7418464587487,3.847156,39.769543,0.6732981308739628
6400.0,-739.7356603117262,3.8468354,39.86935,0.6729437708784358
6400.0,-739.7436032550193,3.8467953,39.844418,0.6725894106422284
6400.0,-739.7359630814049,3.8465145,39.844418,0.6722350505016639
6400.0,-739.7424265277591,3.8463542,39.831913,0.6718806908291455
6400.0,-739.7334488718284,3.8459532,39.819447,0.6715263318929777
6400.0,-739.7419790153987,3.8457527,39.80698,0.6711719724348317
6400.0,-739.7345460711703,3.845793,39.757076,0.6708176129730662
6400.0,-739.7340416058212,3.8455122,39.732101,0.6704632537529576
6400.0,-739.7416350803696,3.8451915,39.80698,0.6701088944595672
6400.0,-739.7345047264375,3.8448308,39.831913,0.6697545350176071
6400.0,-739.7412095288784,3.8447907,39.831913,0.6694001759280692
6400.0,-739.7339971967764,3.8445902,39.769543,0.669045816729234
6400.0,-739.7406563520896,3.8442292,39.744568,0.668691457904685
6400.0,-739.7355067723835,3.8440289,39.844418,0.6683370979827089
6400.0,-739.7417304424296,3.8438685,39.80698,0.6679827386436371
6400.0,-739.7344299587139,3.8439085,39.80698,0.6676283792374935
6400.0,-739.7436222616403,3.8433874,39.794514,0.6672740189921813
6400.0,-739.7359586988317,3.8433874,39.794514,0.6669196588537162
6400.0,-739.7430046069776,3.8429866,39.782009,0.6665652989042798
6400.0,-739.7360877142637,3.8428662,39.757076,0.6662109387040117
6400.0,-739.7360500927691,3.8427861,39.782009,0.6658565785217656
6400.0,-739.7419395256976,3.8426256,39.86935,0.6655022190825364
6400.0,-739.7352720808985,3.8422248,39.782009,0.6651478592729859
6400.0,-739.74135423168,3.8422649,39.80698,0.6647935001141309
6400.0,-739.7349363405754,3.8419843,39.782009,0.6644391404654121
6400.0,-739.7428136026068,3.8416233,39.794514,0.6640847806074729
6400.0,-739.7364414361006,3.8414631,39.80698,0.6637304202377592
6400.0,-739.7421635865829,3.8411422,39.856884,0.6633760606911978
6400.0,-739.7341869299751,3.8410621,39.819447,0.6630217014014737
6400.0,-739.7448954251022,3.840661,39.794514,0.6626673405462766
6400.0,-739.7355998874065,3.8405809,39.856884,0.6623129805796951
6400.0,-739.743019084461,3.8403804,39.831913,0.6619586206233236
6400.0,-739.7351435416531,3.8401802,39.794514,0.661604260875348
6400.0,-739.7346259537546,3.8397791,39.782009,0.6612499013753157
6400.0,-739.7422386970078,3.8397791,39.819447,0.6608955417927741
6400.0,-739.7336576964831,3.8394985,39.844418,0.660541182756572
6400.0,-739.7409157039253,3.8393381,39.794514,0.6601868238077853
6400.0,-739.7358964313613,3.8390975,39.819447,0.6598324636991486
6400.0,-739.7434922926304,3.8389373,39.831913,0.6594781035160956
6400.0,-739.7352686997085,3.8386164,39.831913,0.6591237437081648
6400.0,-739.7429975635623,3.8385763,39.80698,0.6587693837621026
6400.0,-739.7364209284657,3.8382556,39.844418,0.6584150234022128
6400.0,-739.7443664429022,3.8378546,39.831913,0.6580606628004146
6400.0,-739.7346050309146,3.8376141,39.881855,0.6577063033104052
6400.0,-739.7417099467643,3.837534,39.819447,0.6573519439811514
6400.0,-739.7342954863731,3.8374538,39.819447,0.6569975846394249
6400.0,-739.7353741926129,3.8373334,39.856884,0.6566432247809593
6400.0,-739.7417180395603,3.8368926,39.86935,0.6562888654478288
6400.0,-739.7339467944734,3.8367722,39.80698,0.6559345062731383
6400.0,-739.7436298422288,3.836251,39.856884,0.6555801460241948
6400.0,-739.7351477287995,3.836251,39.856884,0.6552257862742135
6400.0,-739.7427932285985,3.836211,39.819447,0.654871426426034
6400.0,-739.7340867719146,3.8361309,39.831913,0.6545170671842893
6400.0,-739.742448378431,3.8355694,39.819447,0.6541627075013037
6400.0,-739.7349870478873,3.8356097,39.769543,0.6538083478282943
6400.0,-739.7436147059152,3.8351285,39.769543,0.6534539875866016
6400.0,-739.7360879828476,3.8349681,39.86935,0.6530996273862048
6400.0,-739.7437337002204,3.8348479,39.819447,0.65274526708751
6400.0,-739.7357474330819,3.8347275,39.80698,0.6523909070502488
6400.0,-739.7365564011665,3.8344069,39.794514,0.6520365466254628
6400.0,-739.7428671428154,3.8343668,39.794514,0.6516821867418761
6400.0,-739.7355706393862,3.8338857,39.769543,0.6513278267893053
6400.0,-739.743799362024,3.8339658,39.831913,0.6509734664591567
6400.0,-739.7359989697403,3.8335648,39.782009,0.6506191063014003
6400.0,-739.7436981409902,3.8332441,39.794514,0.6502647460197395
6400.0,-739.7358939289778,3.833164,39.86935,0.6499103859123015
6400.0,-739.7433985787203,3.8328834,39.744568,0.6495560257741405
6400.0,-739.7369762848892,3.832763,39.86935,0.649201665148215
6400.0,-739.7439535620482,3.8324423,39.782009,0.6488473047441996
6400.0,-739.7363432189042,3.8322418,39.831913,0.6484929444215356
6400.0,-739.7430086595148,3.8320012,39.831913,0.6481385844701579
6400.0,-739.7362831116669,3.8317606,39.80698,0.6477842241762873
6400.0,-739.7382932707926,3.8319211,39.794514,0.6474298629194783
6400.0,-739.7458788290403,3.83144,39.86935,0.6470755015932
6400.0,-739.7360403270582,3.8311994,39.831913,0.6467211414156321
6400.0,-739.7451735150747,3.8311193,39.906788,0.6463667804272212
6400.0,-739.73767297344,3.8309989,39.819447,0.6460124194675568
6400.0,-739.7461464937596,3.8305981,39.819447,0.6456580580130589
6400.0,-739.7385349203914,3.8304377,39.831913,0.6453036966404908
6400.0,-739.7456011418965,3.8302372,39.819447,0.6449493354472334
6400.0,-739.7363270322472,3.8299565,39.831913,0.6445949751323233
6400.0,-739.7444998297663,3.829716,39.86935,0.6442406144666287
6400.0,-739.7372184222363,3.8295958,39.894321,0.6438862537247109
6400.0,-739.7442919674673,3.8295557,39.86935,0.6435318931585887
6400.0,-739.7366599042989,3.8293152,39.831913,0.6431775326842208
6400.0,-739.7432796208406,3.8289945,39.881855,0.6428231726030443
6400.0,-739.7350222776039,3.8289142,39.80698,0.6424688129131587
6400.0,-739.7358617877204,3.828393,39.86935,0.6421144528211176
6400.0,-739.7421992191756,3.828393,39.856884,0.6417600932574871
6400.0,-739.737420887131,3.8279922,39.856884,0.6414057324185811
6400.0,-739.7448168849543,3.8279922,39.819447,0.6410513716010071
6400.0,-739.7373345958787,3.8277917,39.819447,0.6406970108034379
6400.0,-739.7441803334584,3.8273907,39.831913,0.6403426502907918
6400.0,-739.7365070975507,3.8274307,39.80698,0.6399882898896241
6400.0,-739.7442064443744,3.8272305,39.819447,0.6396339293644702
6400.0,-739.7365578537705,3.8269496,39.844418,0.6392795689389883
6400.0,-739.7432824161878,3.8268294,39.856884,0.6389252088564726
6400.0,-739.7357364588968,3.8264284,39.794514,0.6385708488244685
6400.0,-739.7427366121781,3.8264687,39.782009,0.63821648900341
6400.0,-739.7363726742201,3.8263083,39.80698,0.6378621286666357
6400.0,-739.7373427747447,3.8258672,39.86935,0.6375077678651485
6400.0,-739.7446881367089,3.8255064,39.819447,0.637153407109249
6400.0,-739.7373918954164,3.8255064,39.831913,0.636799046284231
6400.0,-739.7433259464547,3.825346,39.881855,0.6364446861808631
6400.0,-739.7364285697547,3.8251858,39.894321,0.636090325817313
6400.0,-739.7437106777946,3.8249853,39.80698,0.6357359655296467
6400.0,-739.7357846885861,3.8248649,39.844418,0.6353816054745387
6400.0,-739.7439588602133,3.8247848,39.856884,0.6350272450679854
6400.0,-739.7363693417333,3.8243036,39.819447,0.6346728847328076
6400.0,-739.7434963328893,3.8240631,39.844418,0.6343185245478191
6400.0,-739.7362807926366,3.8239026,39.819447,0.6339641642550595
6400.0,-739.7441218247558,3.8237824,39.80698,0.633609803770441
6400.0,-739.7358430379034,3.8235018,39.831913,0.6332554436873817
6400.0,-739.7364998587796,3.8231008,39.819447,0.6329010832896815
6400.0,-739.7429274459836,3.8230207,39.794514,0.6325467233772076
6400.0,-739.7356513516647,3.8229806,39.831913,0.632192363385973
6400.0,-739.7431199275295,3.8227401,39.819447,0.6318380033812945
6400.0,-739.735480673599,3.8224194,39.86935,0.6314836434718205
6400.0,-739.7438332735137,3.8220184,39.86935,0.6311292831254272
6400.0,-739.7369115633293,3.8220584,39.856884,0.6307749225305056
6400.0,-739.7426032375923,3.8217778,39.86935,0.6304205627733378
6400.0,-739.7355929778936,3.8215373,39.844418,0.6300662028100661
6400.0,-739.7415002776193,3.8214972,39.831913,0.6297118435812504
6400.0,-739.7350193969519,3.8211365,39.80698,0.6293574838927448
6400.0,-739.7433804026202,3.8212566,39.894321,0.6290031237632906
6400.0,-739.735288523452,3.8208556,39.856884,0.6286487639458637
6400.0,-739.7360033767675,3.8204949,39.894321,0.6282944037859961
6400.0,-739.7439805643647,3.8205349,39.844418,0.6279400433690457
6400.0,-739.7352300157471,3.8202143,39.831913,0.6275856835796461
6400.0,-739.7451362347416,3.8202543,39.782009,0.6272313226090935
6400.0,-739.7369093295297,3.8198936,39.831913,0.6268769620152421
6400.0,-739.743660555031,3.819613,39.881855,0.6265226017515862
6400.0,-739.7376005497122,3.819613,39.794514,0.6261682408266155
6400.0,-739.7453511158993,3.8189714,39.894321,0.6258138797531283
6400.0,-739.7375154547581,3.8189714,39.831913,0.6254595188689211
6400.0,-739.7448908472608,3.8187709,39.894321,0.6251051580159168
6400.0,-739.7370166533066,3.8185704,39.80698,0.6247507973706535
6400.0,-739.7460358367922,3.8182898,39.819447,0.6243964359691637
6400.0,-739.7376303835013,3.8181295,39.819447,0.6240420750299015
6400.0,-739.7363531792233,3.8180091,39.819447,0.6236877147024661
6400.0,-739.7438897682773,3.8178489,39.86935,0.6233333543290098
6400.0,-739.736366546005,3.817528,39.782009,0.6229789939951713
6400.0,-739.7433638741583,3.8173277,39.794514,0.6226246338736348
6400.0,-739.7363195492437,3.8174479,39.894321,0.6222702735623094
6400.0,-739.7413662317205,3.8168466,39.831913,0.6219159143977058
6400.0,-739.7352837627127,3.8167262,39.894321,0.6215615545825594
6400.0,-739.741998656805,3.8163655,39.86935,0.6212071951150044
6400.0,-739.7358204551635,3.8164055,39.856884,0.6208528350427631
6400.0,-739.742894914057,3.8162451,39.782009,0.6204984751458731
6400.0,-739.7351280264047,3.8158443,39.844418,0.6201441154053299
6400.0,-739.7435221389978,3.8156438,39.881855,0.6197897552079795
6400.0,-739.7359162554118,3.8155236,39.856884,0.6194353950898464
6400.0,-739.7350851801601,3.8152831,39.794514,0.6190810353698282
6400.0,-739.7437722503288,3.8151226,39.80698,0.6187266750526668
6400.0,-739.7349414795831,3.8151226,39.844418,0.6183723154014862
6400.0,-739.7398821779399,3.8146815,39.881855,0.6180179569477907
6400.0,-739.7335043889922,3.814441,39.881855,0.6176635979850283
6400.0,-739.7404277252318,3.8142807,39.844418,0.6173092392699986
6400.0,-739.7349101321063,3.8141203,39.80698,0.6169548796338347
6400.0,-739.7414399135714,3.8137596,39.86935,0.6166005204339353
6400.0,-739.7354848117352,3.8139598,39.819447,0.616246160522479
6400.0,-739.7436152549574,3.8135991,39.881855,0.6158918002805234
6400.0,-739.7368451205814,3.8132784,39.856884,0.6155374397174304
6400.0,-739.7442945187843,3.813118,39.794514,0.6151830791500861
6400.0,-739.7364513483304,3.8128374,39.931759,0.6148287187756241
6400.0,-739.7358389971736,3.812717,39.919292,0.6144743586945005
6400.0,-739.7437867522664,3.8124363,39.881855,0.6141199983703921
6400.0,-739.734872693351,3.8126369,39.80698,0.6137656387521627
6400.0,-739.7414483484189,3.8121157,39.844418,0.6134112795482227
6400.0,-739.7351239984646,3.8121157,39.794514,0.6130569198096091
6400.0,-739.742972599946,3.8116345,39.856884,0.6127025598755051
6400.0,-739.7354523903321,3.811434,39.844418,0.61234819997958
6400.0,-739.7431794735393,3.8111134,39.819447,0.611993839946377
6400.0,-739.7341413859202,3.8111134,39.931759,0.6116394806784703
6400.0,-739.7441046127026,3.8110733,39.86935,0.6112851202020969
6400.0,-739.7357848352074,3.8108327,39.844418,0.6109307601469188
6400.0,-739.7448431301124,3.810472,39.819447,0.6105763993167725
6400.0,-739.7347712043421,3.8103516,39.844418,0.61022203974716
6400.0,-739.7344107204322,3.8101914,39.856884,0.6098676803502322
6400.0,-739.7441043077928,3.810111,39.894321,0.6095133198740049
6400.0,-739.7362174623926,3.8097904,39.894321,0.6091589596115828
6400.0,-739.7448730985459,3.8095098,39.919292,0.6088045987670807
6400.0,-739.7361448921457,3.8091891,39.894321,0.6084502385394223
6400.0,-739.7438672457807,3.8091488,39.844418,0.608095878176755
6400.0,-739.7363378113124,3.8088682,39.819447,0.6077415178566815
6400.0,-739.7439719459576,3.808748,39.831913,0.6073871574438596
6400.0,-739.7386997995003,3.8085475,39.80698,0.6070327959923087
6400.0,-739.7443340085877,3.8082669,39.856884,0.6066784354060476
6400.0,-739.7371810810922,3.8080263,39.80698,0.6063240746820173
6400.0,-739.7433315009281,3.8080664,39.831913,0.6059697145759886
6400.0,-739.7360466378079,3.8077056,39.80698,0.6056153543953976
6400.0,-739.7373776625155,3.8073447,39.881855,0.6052609935771978
6400.0,-739.7434804882233,3.8072646,39.819447,0.6049066333997996
6400.0,-739.7370147855996,3.8069839,39.881855,0.6045522727554309
6400.0,-739.7444614750866,3.8068635,39.856884,0.6041979121081092
6400.0,-739.7363587095962,3.8067834,39.906788,0.6038435517780246
6400.0,-739.7454133112474,3.8065028,39.856884,0.6034891906747439
6400.0,-739.7386270216508,3.8063424,39.881855,0.6031348292580562
6400.0,-739.7451033729395,3.8063023,39.819447,0.6027804683032455
6400.0,-739.7359826981598,3.8059816,39.881855,0.6024261081532839
6400.0,-739.7434064033389,3.805701,39.894321,0.6020717480113745
6400.0,-739.7358718463669,3.8056209,39.881855,0.6017173879145148
6400.0,-739.743607564581,3.8055406,39.856884,0.6013630276762431
6400.0,-739.7361128608799,3.8052599,39.931759,0.6010086674639288
6400.0,-739.733427363015,3.8050997,39.906788,0.6006543085380646
6400.0,-739.7400648936766,3.8050594,39.831913,0.6002999499968426
6400.0,-739.7324218502391,3.804338,39.894321,0.5999455915526551
6400.0,-739.7406254070238,3.8044181,39.894321,0.5995912327429297
6400.0,-739.7324625361483,3.804338,39.86935,0.5992368742792523
6400.0,-739.740311965221,3.8040571,39.844418,0.5988825156196753
6400.0,-739.7326912826691,3.8038568,39.844418,0.59852815704642
6400.0,-739.7399008789349,3.8036964,39.86935,0.5981737985837662
6400.0,-739.7333707349882,3.8033757,39.844418,0.5978194396850288
6400.0,-739.7422224249565,3.8033357,39.819447,0.597465080110282
6400.0,-739.7343203889616,3.8030548,39.856884,0.5971107207566263
6400.0,-739.7408556206401,3.8029346,39.894321,0.5967563618366214
6400.0,-739.7345727556211,3.802614,39.919292,0.596402002362073
6400.0,-739.7348614387132,3.8023734,39.80698,0.5960476427492349
6400.0,-739.7421317016176,3.802213,39.794514,0.5956932832179475
6400.0,-739.7357318203248,3.8020124,39.844418,0.5953389231881653
6400.0,-739.7416227391985,3.8017719,39.844418,0.5949845639006867
6400.0,-739.7328811742556,3.8018522,39.944225,0.5946302052364666
6400.0,-739.7418149762028,3.8014913,39.819447,0.5942758458569004
6400.0,-739.7345431050829,3.8014512,39.856884,0.5939214863965556
6400.0,-739.7427675327896,3.80093,39.894321,0.5935671265606852
6400.0,-739.7362056339572,3.80089,39.86935,0.5932127663039293
6400.0,-739.7439663799222,3.8004889,39.919292,0.5928584058937738
6400.0,-739.7337757743596,3.8004489,39.86935,0.5925040468010081
6400.0,-739.740846880576,3.8001683,39.894321,0.59214968788519
6400.0,-739.7317693630283,3.8000481,39.931759,0.5917953297535673
6400.0,-739.7324627068142,3.8000078,39.856884,0.5914409712898082
6400.0,-739.7408397514176,3.7998075,39.86935,0.5910866123774051
6400.0,-739.7350280026873,3.7996871,39.856884,0.5907322526847769
6400.0,-739.7416203707251,3.7993264,39.856884,0.5903778933984328
6400.0,-739.7333393998919,3.7990458,39.856884,0.5900235345147061
6400.0,-739.7415429533204,3.7988453,39.919292,0.5896691752654476
6400.0,-739.7349390503567,3.7986448,39.906788,0.5893148156154308
6400.0,-739.7434950513475,3.7984443,39.881855,0.5889604554310562
6400.0,-739.7366478684655,3.7984443,39.881855,0.5886060949624541
6400.0,-739.7428512735929,3.7980435,39.86935,0.5882517350864691
6400.0,-739.7358192588653,3.797883,39.894321,0.5878973750148009
6400.0,-739.7426835111215,3.7976825,39.894321,0.5875430152191794
6400.0,-739.7366070969165,3.7975624,39.906788,0.5871886547701083
6400.0,-739.7361237131023,3.7971613,39.856884,0.5868342945525954
6400.0,-739.74255727787,3.7973218,39.906788,0.5864799348174436
6400.0,-739.7362274476773,3.7968807,39.95673,0.5861255745502382
6400.0,-739.7435609331363,3.7968006,39.86935,0.5857712143343043
6400.0,-739.7354662574472,3.79656,39.906788,0.5854168544317363
6400.0,-739.7417950911756,3.7964396,39.844418,0.5850624950616957
6400.0,-739.7352621445217,3.796119,39.894321,0.5847081352569051
6400.0,-739.7426351834373,3.7960789,39.919292,0.5843537754844342
6400.0,-739.7361046580714,3.7956378,39.894321,0.5839994152760494
6400.0,-739.7412950883967,3.7958784,39.944225,0.5836450561455258
6400.0,-739.7351108879888,3.7955177,39.906788,0.5832906964131925
6400.0,-739.7440135235743,3.7951567,39.856884,0.5829363359804536
6400.0,-739.735454135974,3.7950366,39.844418,0.5825819760836922
6400.0,-739.7350393672143,3.7946355,39.931759,0.5822276163856202
6400.0,-739.7418914661907,3.7945554,39.931759,0.5818732569694129
6400.0,-739.734538161195,3.794395,39.906788,0.5815188975114365
6400.0,-739.742040490423,3.7941544,39.831913,0.5811645380238419
6400.0,-739.7334222604323,3.7941947,39.944225,0.5808101791004221
6400.0,-739.7409867247737,3.7940342,39.86935,0.5804558201176142
6400.0,-739.7332807331852,3.7938337,39.881855,0.5801014612619909
6400.0,-739.7413014603966,3.793433,39.931759,0.579747102128415
6400.0,-739.7332314288533,3.7931924,39.944225,0.5793927432964102
6400.0,-739.7426292754527,3.793112,39.969196,0.5790383835267694
6400.0,-739.7340612956309,3.7928314,39.86935,0.5786840242972286
6400.0,-739.7398095090441,3.7926309,39.86935,0.5783296658783439
6400.0,-739.7331141442456,3.7924707,39.86935,0.5779753071025227
6400.0,-739.732081996029,3.7923906,39.844418,0.5776209488211378
6400.0,-739.7387869569446,3.7921901,39.944225,0.5772665908920872
6400.0,-739.7322352422316,3.7921097,39.981663,0.5769122325372917
6400.0,-739.740067591514,3.7916689,39.906788,0.5765578739947773
6400.0,-739.7319424335883,3.7915084,39.844418,0.5762035157802478
6400.0,-739.739458591377,3.791348,39.944225,0.5758491575294633
6400.0,-739.7326203356922,3.7909472,39.944225,0.5754947989901943
6400.0,-739.7396463733223,3.7909071,39.86935,0.5751404406494566
6400.0,-739.7338343069277,3.7907867,39.894321,0.5747860815286515
6400.0,-739.7414459317533,3.7905862,39.906788,0.5744317223258693
6400.0,-739.7345660661935,3.790426,39.95673,0.5740773628545253
6400.0,-739.7415672455213,3.7900651,39.919292,0.5737230035936299
6400.0,-739.7343305452191,3.7898245,39.944225,0.5733686442351088
6400.0,-739.7411968212017,3.7899048,39.919292,0.5730142851516582
6400.0,-739.7333224195567,3.7893836,39.906788,0.5726599262760658
6400.0,-739.734883508739,3.7893836,39.894321,0.5723055666526554
6400.0,-739.7419085317235,3.7890627,39.944225,0.5719512072282732
6400.0,-739.734519789851,3.788702,39.86935,0.5715968477790974
6400.0,-739.74322568957,3.7887421,39.856884,0.5712424877237555
6400.0,-739.7347730842249,3.7885015,39.856884,0.5708881281532424
6400.0,-739.7420533079901,3.7885416,39.894321,0.570533768659508
6400.0,-739.7347238048585,3.7883413,39.894321,0.5701794091126015
6400.0,-739.7416391940933,3.7880604,39.86935,0.5698250498172405
6400.0,-739.7343438748595,3.7877798,39.919292,0.5694706904523341
6400.0,-739.7436654262201,3.7874591,39.95673,0.5691163301863448
6400.0,-739.7358678546473,3.787339,39.894321,0.5687619700913973
6400.0,-739.7445069466463,3.7872987,39.906788,0.5684076094222935
6400.0,-739.7352333972441,3.7871785,39.931759,0.5680532496312739
6400.0,-739.7367896156957,3.7868979,39.86935,0.5676988890947697
6400.0,-739.7408755914104,3.7866573,39.931759,0.5673445301651981
6400.0,-739.7331710165047,3.7863367,39.894321,0.5669901713621331
6400.0,-739.7405919350953,3.7863367,39.931759,0.5666358125684419
6400.0,-739.7334849436195,3.7860157,39.931759,0.5662814536149945
6400.0,-739.7421607789576,3.7858956,39.981663,0.565927094069778
6400.0,-739.735161144182,3.7854946,39.906788,0.5655727343133704
6400.0,-739.7406692181555,3.7855349,39.944225,0.565218375482658
6400.0,-739.7332279747108,3.7855349,39.944225,0.5648640166523079
6400.0,-739.7407232346577,3.7851338,39.881855,0.56450965779572
6400.0,-739.7331132774102,3.7850537,39.931759,0.5641552990203142
6400.0,-739.7416431005194,3.7845325,39.919292,0.5638009397230819
6400.0,-739.7342995759085,3.7848933,39.894321,0.5634465803793963
6400.0,-739.7346599746901,3.784292,39.944225,0.5630922208630668
6400.0,-739.7425770409333,3.7840514,39.844418,0.5627378611184479
6400.0,-739.7365124806885,3.7841716,39.906788,0.5623835007147014
6400.0,-739.7435264848826,3.7838509,39.919292,0.5620291405152693
6400.0,-739.7338089651918,3.7834098,39.931759,0.5616747814066039
6400.0,-739.7426646394588,3.7834899,39.906788,0.5613204216200226
6400.0,-739.7375793090733,3.7831693,39.944225,0.5609660607052268
6400.0,-739.7441772817007,3.7831693,39.856884,0.5606117001940427
6400.0,-739.7358485677646,3.7827282,39.969196,0.5602573401083344
6400.0,-739.7442949335843,3.782608,39.919292,0.5599029795407915
6400.0,-739.7354665627631,3.7823675,39.969196,0.5595486196380772
6400.0,-739.7413908042746,3.7821269,39.906788,0.5591942604617026
6400.0,-739.7353157699339,3.7820868,39.881855,0.5588399006312237
6400.0,-739.7352303940155,3.7816858,39.969196,0.5584855408416427
6400.0,-739.7419260977995,3.7817662,39.856884,0.5581311814088459
6400.0,-739.7353373399333,3.7814856,39.906788,0.5577768215680341
6400.0,-739.7437394738605,3.7813251,39.881855,0.5574224612665736
6400.0,-739.7339885911432,3.7810044,39.844418,0.557068102071861
6400.0,-739.7432134580846,3.7806835,39.894321,0.5567137420223784
6400.0,-739.7345169821515,3.7805634,39.919292,0.5563593825745474
6400.0,-739.7413242388945,3.7805233,39.944225,0.5560050234300598
6400.0,-739.7341175335204,3.7802427,39.931759,0.5556506641735791
6400.0,-739.7410581973592,3.7801623,39.969196,0.5552963051565336
6400.0,-739.7338722096937,3.7799621,39.95673,0.5549419460175719
6400.0,-739.7417095801563,3.7796412,39.894321,0.5545875866884937
6400.0,-739.7345226216974,3.7793205,39.856884,0.5542332272379612
6400.0,-739.7337877497232,3.7792404,39.86935,0.5538788681394589
6400.0,-739.7422455327161,3.7789998,39.969196,0.5535245085536428
6400.0,-739.733897307402,3.7787192,39.919292,0.5531701494026583
6400.0,-739.7431536067558,3.7788794,40.019104,0.5528157893818464
6400.0,-739.7348082529601,3.7785587,39.969196,0.5524614297944862
6400.0,-739.7421570802386,3.7779574,39.906788,0.5521070702510417
6400.0,-739.7351241935844,3.7779574,39.906788,0.5517527105123345
6400.0,-739.7420198483397,3.777837,39.95673,0.5513983510346283
6400.0,-739.7340096354343,3.777797,39.931759,0.5510439918298347
6400.0,-739.7422333379631,3.7773962,39.919292,0.5506896322498602
6400.0,-739.7334147289303,3.7773159,39.95673,0.5503352733300482
6400.0,-739.7408944516133,3.7773559,39.894321,0.549980914391442
6400.0,-739.7333379225269,3.7769952,39.931759,0.5496265555084231
6400.0,-739.7333024612653,3.7766345,39.919292,0.5492721966423914
6400.0,-739.741114337793,3.7766745,39.994171,0.5489178375984528
6400.0,-739.7338482112866,3.7762735,39.95673,0.5485634784709872
6400.0,-739.7418925890363,3.7761934,39.969196,0.5482091190542421
6400.0,-739.7339850018391,3.7759929,40.006638,0.5478547598612488
6400.0,-739.7407081959561,3.7758727,39.894321,0.5475004010118649
6400.0,-739.7328967988815,3.7754717,39.919292,0.5471460423401601
6400.0,-739.7418769887073,3.7755117,39.931759,0.546791682930888
6400.0,-739.7341212560422,3.7751911,39.994171,0.5464373236726241
6400.0,-739.7428986009071,3.775111,39.95673,0.5460829637739679
6400.0,-739.7332452225044,3.7749505,39.969196,0.5457286049353556
6400.0,-739.7411459053657,3.7744694,39.906788,0.5453742458762952
6400.0,-739.7341869908541,3.7743492,39.919292,0.545019886586542
6400.0,-739.7336377992755,3.7739882,39.981663,0.5446655275598713
6400.0,-739.7403749173183,3.7740684,39.931759,0.5443111688701382
6400.0,-739.7335029975741,3.7738681,40.019104,0.5439568099080424
6400.0,-739.7419813226855,3.7737877,40.006638,0.5436024504487911
6400.0,-739.7339415818992,3.7735071,39.931759,0.5432480912765976
6400.0,-739.7423837785932,3.7731864,40.019104,0.5428937316245573
6400.0,-739.7351570545444,3.7731063,39.95673,0.5425393718701087
6400.0,-739.7421660648444,3.773066,39.969196,0.5421850123223602
6400.0,-739.734610939249,3.7727053,39.969196,0.5418306528295204
6400.0,-739.741848765524,3.7725852,39.981663,0.5414762934337681
6400.0,-739.7360665111755,3.7724247,39.994171,0.541121933243657
6400.0,-739.7425515162012,3.7719836,39.95673,0.5407675735112653
6400.0,-739.734651514962,3.7717831,40.006638,0.5404132139989883
6400.0,-739.7337897027631,3.7719035,39.95673,0.5400588548995503
6400.0,-739.7409104546687,3.7716229,39.906788,0.5397044959532782
6400.0,-739.7340317059718,3.7713423,39.969196,0.539350136737912
6400.0,-739.7413012044975,3.7711418,39.944225,0.5389957776044585
6400.0,-739.7341960361463,3.7710617,39.944225,0.5386414183103723
6400.0,-739.7410850290081,3.7707808,39.969196,0.5382870592804736
6400.0,-739.7344784929006,3.7708611,39.969196,0.5379326998510804
6400.0,-739.741190022328,3.7702999,39.906788,0.5375783407708866
6400.0,-739.7331918906416,3.7701795,39.994171,0.5372239819578222
6400.0,-739.7421019286127,3.7702596,39.944225,0.5368696224407968
6400.0,-739.7329718597454,3.7698188,39.969196,0.5365152637331352
6400.0,-739.7405317663739,3.7695382,39.994171,0.5361609049682665
6400.0,-739.7345863298007,3.7698188,39.95673,0.5358065454872155
6400.0,-739.7348307258106,3.7692575,39.95673,0.53545218588909
6400.0,-739.7426798246807,3.769017,39.969196,0.5350978260952346
6400.0,-739.7359981400463,3.7688565,39.944225,0.5347434659378757
6400.0,-739.7430159592384,3.768656,39.969196,0.5343891059830013
6400.0,-739.7373763442546,3.7686961,39.994171,0.534034745165433
6400.0,-739.7430566088243,3.7682149,40.031605,0.5336803851910862
6400.0,-739.7332044026614,3.7680547,40.044071,0.533326026372028
6400.0,-739.7427063389371,3.7680147,39.994171,0.5329716665654713
6400.0,-739.7350550411574,3.7676136,40.019104,0.5326173068598908
6400.0,-739.7415578580867,3.7674532,39.981663,0.5322629476034922
6400.0,-739.7346366594581,3.7672126,40.019104,0.5319085880983315
6400.0,-739.7419734856863,3.7671325,40.006638,0.5315542286428344
6400.0,-739.7338790330551,3.766932,39.981663,0.531199869500604
6400.0,-739.7338953422886,3.7668118,39.95673,0.5308455103505609
6400.0,-739.7415670012865,3.7662106,40.044071,0.5304911510897825
6400.0,-739.7346776747279,3.7663708,40.006638,0.5301367915649741
6400.0,-739.7413586996311,3.7661302,39.969196,0.5297824324039786
6400.0,-739.733008602638,3.7659297,40.081512,0.5294280736787157
6400.0,-739.7405457189623,3.7656491,39.994171,0.5290737149071634
6400.0,-739.7337812069169,3.765569,39.969196,0.5287193558117952
6400.0,-739.7412254956106,3.7655289,39.944225,0.5283649967146087
6400.0,-739.734075626859,3.7650478,39.969196,0.5280106374782028
6400.0,-739.7416881202396,3.7649274,39.931759,0.5276562781594046
6400.0,-739.7353690291511,3.7646468,39.994171,0.5273019183034124
6400.0,-739.7409626280015,3.7644465,39.944225,0.5269475593321478
6400.0,-739.7325610827053,3.7644062,40.006638,0.5265932008212629
6400.0,-739.7322217901169,3.7640855,40.006638,0.5262388424729115
6400.0,-739.7420277950246,3.7637649,40.019104,0.5258844829913986
6400.0,-739.7343519562168,3.7638049,40.019104,0.525530123622621
6400.0,-739.7421100825952,3.7636847,39.994171,0.5251757641016898
6400.0,-739.7350450072718,3.7634039,40.019104,0.5248214044009157
6400.0,-739.7424537126122,3.7634039,39.981663,0.524467044715375
6400.0,-739.733997966103,3.7629631,40.006638,0.5241126855161714
6400.0,-739.741242817554,3.7628026,40.006638,0.5237583264106871
6400.0,-739.7350591062389,3.7626421,40.006638,0.5234039667031591
6400.0,-739.7435339434049,3.762522,40.044071,0.5230496065001542
6400.0,-739.7355020359958,3.7622013,39.969196,0.522695246580447
6400.0,-739.7432479429683,3.7619607,40.019104,0.5223408865144451
6400.0,-739.7359261309097,3.7619607,40.019104,0.5219865263915813
6400.0,-739.7364340630886,3.7616801,39.969196,0.5216321660253995
6400.0,-739.7423466197124,3.7614396,40.093979,0.5212778063911596
6400.0,-739.735082653425,3.7615597,40.006638,0.5209234466723518
6400.0,-739.7445504896008,3.7610385,39.981663,0.5205690859823895
6400.0,-739.7369448761241,3.7608783,39.981663,0.5202147253715099
6400.0,-739.7449362333845,3.7605574,39.981663,0.5198603644967644
6400.0,-739.7366118330996,3.7605174,40.069046,0.5195060040454245
6400.0,-739.7436577967233,3.7602768,40.056538,0.5191516437830899
6400.0,-739.7369841456496,3.7601566,40.056538,0.5187972831533988
6400.0,-739.7439062232744,3.759876,40.044071,0.5184429227720602
6400.0,-739.7359260451674,3.7597156,40.069046,0.5180885626492373
6400.0,-739.7460493747852,3.7598357,39.994171,0.5177342012412623
6400.0,-739.7378039662635,3.7593548,40.069046,0.5173798402188478
6400.0,-739.7381075900902,3.7590339,40.044071,0.5170254790509864
6400.0,-739.7445990005377,3.7588737,40.031605,0.5166711183377859
6400.0,-739.737436658685,3.7588737,40.006638,0.5163167574913249
6400.0,-739.7443139643526,3.7587533,40.069046,0.5159623969146655
6400.0,-739.7373392225818,3.7583926,40.044071,0.5156080361148798
6400.0,-739.7437318324946,3.758112,39.994171,0.5152536758170798
6400.0,-739.7363294002876,3.7578313,40.031605,0.5148993155010354
6400.0,-739.7438220554951,3.757791,39.981663,0.5145449551600157
6400.0,-739.7354906103851,3.7575505,39.994171,0.5141905952457818
6400.0,-739.7435507766743,3.7572699,40.006638,0.5138362350347132
6400.0,-739.7357753381826,3.7573903,40.056538,0.5134818749840844
6400.0,-739.7437744232711,3.7570293,40.056538,0.5131275146658821
6400.0,-739.7368988434,3.756829,39.994171,0.5127731540770539
6400.0,-739.7361408030197,3.7564681,40.069046,0.5124187938513544
6400.0,-739.7422117923032,3.7564681,40.081512,0.5120644342817009
6400.0,-739.7354874487688,3.7561073,39.969196,0.5117100743689815
6400.0,-739.7410187076581,3.7559068,40.031605,0.5113557153708529
6400.0,-739.7336483826069,3.7558668,40.006638,0.5110013563391124
6400.0,-739.7436237141567,3.7556262,40.006638,0.5106469960931044
6400.0,-739.7346401873717,3.7553456,40.006638,0.5102926365862537
6400.0,-739.7426686308094,3.7554257,40.069046,0.5099382767977604
6400.0,-739.7359496901693,3.755105,40.006638,0.5095839166636108
6400.0,-739.7427231478546,3.7549446,40.006638,0.5092295568490021
6400.0,-739.735567575381,3.7547441,40.081512,0.5088751968978992
6400.0,-739.7413518150144,3.7545438,40.019104,0.5085208377402017
6400.0,-739.7341909212855,3.7544234,40.031605,0.5081664784485657
6400.0,-739.7407154589474,3.7543032,39.944225,0.5078121195957025
6400.0,-739.7349057737824,3.7537417,40.019104,0.5074577599616265
6400.0,-739.7336679383804,3.7537417,40.044071,0.507103400920518
6400.0,-739.7425804224642,3.7534211,40.031605,0.5067490411742792
6400.0,-739.733758880176,3.7534211,40.019104,0.5063946820896064
6400.0,-739.7422729623155,3.7532206,40.006638,0.5060403224906507
6400.0,-739.7325916370155,3.7530603,40.031605,0.5056859639651293
6400.0,-739.7412569289411,3.7528198,40.019104,0.5053316048528852
6400.0,-739.7335857609128,3.7525792,40.156387,0.5049772458511427
6400.0,-739.7419446524789,3.7522585,40.056538,0.5046228864094576
6400.0,-739.735450778931,3.7521782,40.081512,0.5042685265143044
6400.0,-739.742071118403,3.7521381,40.081512,0.5039141670120382
6400.0,-739.7339409710626,3.7516971,40.069046,0.5035598078401372
6400.0,-739.7398918825625,3.7514968,40.081512,0.5032054493817929
6400.0,-739.7327072979439,3.7512562,40.081512,0.5028510908008658
6400.0,-739.733863945904,3.7510958,40.18132,0.5024967316658627
6400.0,-739.7414368979322,3.7509756,40.044071,0.5021423724674078
6400.0,-739.7341613686654,3.7508152,40.056538,0.5017880131899285
6400.0,-739.7407465505335,3.7504141,40.044071,0.5014336543221716
6400.0,-739.7344255514821,3.7504945,40.093979,0.5010792949181392
6400.0,-739.7408544488862,3.7500935,39.981663,0.5007249359986956
6400.0,-739.7324069820478,3.7501736,40.069046,0.5003705775616306
6400.0,-739.7400491220662,3.7497728,40.056538,0.5000162190279637
6400.0,-739.7309487246915,3.7495322,40.019104,0.4996618612894564
6400.0,-739.739885168818,3.7496123,40.106445,0.4993075028343281
6400.0,-739.7338556690177,3.7492917,40.056538,0.4989531437032899
6400.0,-739.7406864059592,3.7493317,40.069046,0.4985987848643441
6400.0,-739.7325150751514,3.7489309,40.069046,0.4982444263754986
6400.0,-739.7344493309295,3.74861,40.11895,0.4978900669600751
6400.0,-739.739410654141,3.7485299,40.056538,0.4975357087322541
6400.0,-739.7321688484938,3.7485299,40.056538,0.4971813504092637
6400.0,-739.7387256043958,3.7479286,40.069046,0.4968269925096029
6400.0,-739.7330147302392,3.7480488,40.093979,0.4964726337814046
6400.0,-739.7410314031588,3.7477682,40.11895,0.4961182747771944
6400.0,-739.7329462983333,3.747287,40.11895,0.4957639160817775
6400.0,-739.7409104430043,3.7471669,40.106445,0.495409557135511
6400.0,-739.7333277783428,3.7469263,40.069046,0.4950551982573515
6400.0,-739.7408621516432,3.7468863,40.093979,0.494700839334218
6400.0,-739.7339254320766,3.746846,40.081512,0.4943464801697608
6400.0,-739.7394216771402,3.7466857,40.093979,0.4939921219366595
6400.0,-739.7336631288356,3.7464051,40.069046,0.493637762897855
6400.0,-739.7332354568957,3.7460041,40.11895,0.4932834040639208
6400.0,-739.7400792494008,3.7459641,40.11895,0.4929290455158218
6400.0,-739.7347962779035,3.7457235,40.069046,0.4925746859341982
6400.0,-739.7412987871156,3.745523,40.056538,0.4922203268019027
6400.0,-739.7342508573452,3.7451222,40.069046,0.4918659674815551
6400.0,-739.739708532552,3.7449617,40.131416,0.4915116091110411
6400.0,-739.7336198181711,3.7448816,40.093979,0.491157250092984
6400.0,-739.7419821768422,3.7448013,40.11895,0.4908028906333235
6400.0,-739.733089852289,3.744601,40.11895,0.4904485318691391
6400.0,-739.7416818951693,3.7443202,40.056538,0.490094172553323
6400.0,-739.734876526069,3.7442801,40.131416,0.4897398129332576
6400.0,-739.7428544229628,3.7442801,40.106445,0.489385453055764
6400.0,-739.7353868510493,3.7439194,40.093979,0.4890310931912346
6400.0,-739.7351258294395,3.7436788,40.081512,0.4886767334517439
6400.0,-739.7416969826769,3.7433982,40.11895,0.4883223741287003
6400.0,-739.7359835524101,3.7432377,40.081512,0.4879680139783294
6400.0,-739.7442383293397,3.7430775,40.156387,0.4876136534379017
6400.0,-739.7369606109462,3.7429171,40.031605,0.4872592928194846
6400.0,-739.7444943980753,3.7426364,40.069046,0.4869049321563919
6400.0,-739.7361716247882,3.742476,40.069046,0.4865505719159276
6400.0,-739.7440911121582,3.7422755,40.218758,0.4861962114460214
6400.0,-739.7368694372988,3.7422354,40.093979,0.4858418508712798
6400.0,-739.7454996642473,3.7418747,40.106445,0.4854874897266333
6400.0,-739.7379615948346,3.7417543,40.131416,0.4851331286287089
6400.0,-739.7450369667673,3.7415941,40.093979,0.4847787677057089
6400.0,-739.7370579490291,3.7412331,40.081512,0.4844244070406634
6400.0,-739.7377252070248,3.7412732,40.093979,0.4840700460559773
6400.0,-739.7455102116691,3.7408724,40.081512,0.4837156849062783
6400.0,-739.7357171834738,3.740752,40.143883,0.4833613248835077
6400.0,-739.7448756257157,3.7404714,40.106445,0.4830069640377951
6400.0,-739.7382329926849,3.7403913,40.131416,0.4826526028098614
6400.0,-739.7442725946476,3.7401106,40.131416,0.4822982422530195
6400.0,-739.7371368308443,3.7398701,40.11895,0.4819438815501867
6400.0,-739.745298527971,3.7396696,40.081512,0.4815895205018907
6400.0,-739.7373469862428,3.73979,40.093979,0.481235159698386
6400.0,-739.7458639974318,3.7392285,40.093979,0.4808807983792125
6400.0,-739.7373343395728,3.7392688,40.131416,0.480526437581766
6400.0,-739.7442452755523,3.7389479,40.131416,0.4801720770380108
6400.0,-739.7372742320287,3.7389879,40.056538,0.4798177162693579
6400.0,-739.7370628322427,3.7384667,40.11895,0.4794633556019732
6400.0,-739.7425976588694,3.7383866,40.131416,0.4791089958474777
6400.0,-739.7361122997697,3.7383466,40.106445,0.4787546356354322
6400.0,-739.744744398902,3.738106,40.168854,0.4784002748525813
6400.0,-739.7375058473326,3.7380259,40.18132,0.4780459139729764
6400.0,-739.7443637939731,3.7375047,40.11895,0.4776915533724472
6400.0,-739.7366333173567,3.7374644,40.168854,0.4773371929108155
6400.0,-739.7438492407575,3.7373443,40.106445,0.4769828325567732
6400.0,-739.7349265626885,3.7371438,40.131416,0.4766284729127384
6400.0,-739.7426752592199,3.7370236,40.106445,0.47627411312107
6400.0,-739.7351335687488,3.7368231,40.143883,0.4759197533778718
6400.0,-739.7423435317337,3.7365825,40.143883,0.4755653937451111
6400.0,-739.7345688860688,3.7363019,40.231262,0.4752110342724164
6400.0,-739.7361698551017,3.7361014,40.093979,0.4748566740327998
6400.0,-739.7427214147802,3.7361815,40.11895,0.4745023142190213
6400.0,-739.734531434933,3.7357004,40.131416,0.474147954764267
6400.0,-739.7419246569475,3.7355402,40.206291,0.4737935953321603
6400.0,-739.734708619687,3.7352195,40.193825,0.4734392357925281
6400.0,-739.7415809909143,3.7352195,40.168854,0.4730848765250482
6400.0,-739.735116747313,3.7349389,40.18132,0.4727305167899082
6400.0,-739.7426118066819,3.7348585,40.081512,0.4723761570286354
6400.0,-739.735697860166,3.734658,40.11895,0.4720217970151215
6400.0,-739.7428479292035,3.7344174,40.156387,0.4716674371407386
6400.0,-739.7359889353432,3.7341771,40.18132,0.4713130769877892
6400.0,-739.7446515645235,3.7339766,40.156387,0.4709587162494088
6400.0,-739.7373682996293,3.733696,40.156387,0.4706043554356942
6400.0,-739.7363292171389,3.7334154,40.156387,0.4702499951197375
6400.0,-739.7419021840756,3.7334154,40.131416,0.4698956356983961
6400.0,-739.7351781847823,3.7332149,40.168854,0.4695412759338253
6400.0,-739.7431676817174,3.7328939,40.168854,0.4691869159062711
6400.0,-739.7350856071317,3.7328939,40.18132,0.4688325561860483
6400.0,-739.7413624962691,3.7328138,40.168854,0.4684781970232342
6400.0,-739.7339677658119,3.7325733,40.168854,0.4681238378384976
6400.0,-739.7418524275106,3.7322927,40.11895,0.4677694784409911
6400.0,-739.7362325263176,3.7320921,40.156387,0.4674151181713528
6400.0,-739.7429297528612,3.7322125,40.2687,0.4670607582577739
6400.0,-739.7356296721854,3.731611,40.206291,0.4667063982769244
6400.0,-739.7408693536526,3.731571,40.143883,0.4663520393503409
6400.0,-739.7311581595687,3.7312503,40.193825,0.4659976815115068
6400.0,-739.7320398207837,3.7312503,40.193825,0.4656433232503253
6400.0,-739.7402365746476,3.7310898,40.143883,0.4652889646268627
6400.0,-739.733148677588,3.7307291,40.193825,0.4649346058344988
6400.0,-739.7405225014148,3.7305286,40.156387,0.4645802470740684
6400.0,-739.7334998723828,3.730248,40.156387,0.4642258881134696
6400.0,-739.7403151636015,3.7301278,40.18132,0.4638715294523605
6400.0,-739.733272969422,3.7299674,40.143883,0.4635171706004564
6400.0,-739.7404193633377,3.7298872,40.168854,0.4631628118894323
6400.0,-739.7342484041765,3.7295663,40.18132,0.4628084525702599
6400.0,-739.7419825797732,3.7296066,40.206291,0.4624540931104064
6400.0,-739.7346526017805,3.7291656,40.18132,0.4620997335976087
6400.0,-739.7437824919199,3.7290452,40.168854,0.4617453732755413
6400.0,-739.7362721983609,3.7290452,40.243729,0.4613910129868986
6400.0,-739.7360285353548,3.7287245,40.243729,0.4610366528149793
6400.0,-739.7422504648871,3.7284839,40.256195,0.4606822932268005
6400.0,-739.7349597531114,3.7282033,40.206291,0.4603279335668663
6400.0,-739.7430589165205,3.7279627,40.218758,0.459973573591414
6400.0,-739.7364897754745,3.7279627,40.156387,0.4596192131985441
6400.0,-739.7421710823493,3.7277222,40.206291,0.459264853648392
6400.0,-739.736937954333,3.7276821,40.168854,0.4589104930408283
6400.0,-739.743077288254,3.7273214,40.206291,0.4585561330565754
6400.0,-739.7365935712355,3.7273614,40.218758,0.4582017726139835
6400.0,-739.7416876688095,3.7268403,40.243729,0.4578474132954016
6400.0,-739.7354255230395,3.7266798,40.218758,0.4574930534123469
6400.0,-739.7443599484268,3.7267199,40.206291,0.4571386928136597
6400.0,-739.7334488109494,3.7265193,40.256195,0.4567843338775212
6400.0,-739.7353956399332,3.7263191,40.231262,0.4564299740087816
6400.0,-739.744148058045,3.7262387,40.18132,0.4560756135115966
6400.0,-739.7364029353901,3.7258379,40.18132,0.4557212531603262
6400.0,-739.7437754607829,3.7257576,40.18132,0.4553668928416268
6400.0,-739.7356392542362,3.7254369,40.256195,0.4550125328561872
6400.0,-739.7443805545962,3.7251563,40.281166,0.454658172247629
6400.0,-739.7362585141898,3.7249558,40.206291,0.4543038119655416
6400.0,-739.7454233827849,3.7249558,40.293633,0.4539494508574363
6400.0,-739.7371226215789,3.7248356,40.243729,0.4535950901614103
6400.0,-739.7442063594499,3.7247152,40.293633,0.4532407296362971
6400.0,-739.736526994349,3.7242744,40.218758,0.452886369225598
6400.0,-739.7437471283231,3.724194,40.318607,0.4525320089204708
6400.0,-739.7354165870225,3.724194,40.218758,0.4521776490416967
6400.0,-739.7357322350183,3.7238333,40.243729,0.4518232890117159
6400.0,-739.7417393049692,3.7237129,40.256195,0.4514689296683987
6400.0,-739.7361383858668,3.7235126,40.2687,0.451114569443857
6400.0,-739.7429488203619,3.7233922,40.256195,0.4507602095211442
6400.0,-739.7346185320395,3.722831,40.218758,0.4504058500246672
6400.0,-739.7423647714606,3.7229111,40.256195,0.450051490381732
6400.0,-739.7357170377734,3.722831,40.231262,0.4496971303590312
6400.0,-739.7413074784761,3.72243,40.168854,0.4493427712225723
6400.0,-739.7340168625414,3.7223499,40.2687,0.4489884120143166
6400.0,-739.7409584288417,3.7222698,40.243729,0.4486340530450634
6400.0,-739.734636207214,3.7219489,40.218758,0.4482796935401194
6400.0,-739.7416638651804,3.7220292,40.293633,0.4479253342329401
6400.0,-739.7353267926176,3.7217083,40.218758,0.4475709743971808
6400.0,-739.7354030622624,3.7214277,40.343575,0.4472166145248856
6400.0,-739.7429728562545,3.721107,40.231262,0.4468622545906588
6400.0,-739.7355099946742,3.7212274,40.2687,0.4465078946671392
6400.0,-739.7425450339017,3.7209065,40.193825,0.4461535349378526
6400.0,-739.735546152719,3.7207463,40.281166,0.445799174997012
6400.0,-739.7427900303204,3.7206659,40.218758,0.4454448151503645
6400.0,-739.7355638768014,3.7202251,40.293633,0.4450904552010334
6400.0,-739.743779623108,3.7201848,40.306141,0.4447360948803401
6400.0,-739.7365317312483,3.7199445,40.243729,0.4443817344673719
6400.0,-739.7435278515536,3.7197039,40.318607,0.4440273742672851
6400.0,-739.7366643235017,3.719383,40.293633,0.4436730137908004
6400.0,-739.7438978003983,3.719383,40.206291,0.4433186534134966
6400.0,-739.7351458362293,3.7194231,40.293633,0.4429642936644219
6400.0,-739.7417492413437,3.7192228,40.331074,0.4426099343163448
6400.0,-739.7352338122446,3.7187417,40.331074,0.4422555745251265
6400.0,-739.7364094294933,3.7187016,40.293633,0.4419012141707451
6400.0,-739.7428801068004,3.7187016,40.281166,0.4415468542809482
6400.0,-739.7347467907299,3.7183006,40.293633,0.4411924947230307
6400.0,-739.7431382622236,3.71806,40.331074,0.4408381347095694
6400.0,-739.7339596237803,3.7181001,40.306141,0.4404837755287331
6400.0,-739.7418301377891,3.7178996,40.343575,0.4401294161419041
6400.0,-739.7320867195247,3.7176189,40.318607,0.4397750578582564
6400.0,-739.7405465006773,3.7172983,40.318607,0.4394206990863296
6400.0,-739.7337764335925,3.7174587,40.318607,0.439066339993248
6400.0,-739.7409634336591,3.7168975,40.256195,0.4387119810215973
6400.0,-739.7362089668533,3.7170177,40.293633,0.4383576207632448
6400.0,-739.7427765291621,3.7171378,40.256195,0.4380032609230648
6400.0,-739.7362702702865,3.7166569,40.356041,0.4376489006353458
6400.0,-739.7340016888294,3.7163761,40.281166,0.4372945414343589
6400.0,-739.7418601791759,3.7163761,40.2687,0.4369401820331391
6400.0,-739.7343043977314,3.7159753,40.293633,0.4365858226871437
6400.0,-739.7419644767288,3.7159352,40.293633,0.4362314632359622
6400.0,-739.7363122006856,3.7157347,40.318607,0.435877102928157
6400.0,-739.7454196225723,3.7155342,40.318607,0.4355227418218529
6400.0,-739.7362316836292,3.715414,40.356041,0.4351683815526183
6400.0,-739.7442184684598,3.7152936,40.356041,0.4348140210217044
6400.0,-739.7362009586532,3.715013,40.318607,0.4344596607671881
6400.0,-739.742498696214,3.7148526,40.331074,0.4341053010600988
6400.0,-739.7360975044286,3.7144918,40.306141,0.4337509408551409
6400.0,-739.7429960864895,3.714572,40.331074,0.4333965809097861
6400.0,-739.7348949588037,3.7142913,40.281166,0.4330422212808907
6400.0,-739.7363483820588,3.7139306,40.293633,0.4326878609557533
6400.0,-739.74272494232,3.7140107,40.2687,0.4323335011402851
6400.0,-739.7370860133362,3.7139306,40.356041,0.4319791404617958
6400.0,-739.7430736377271,3.7137702,40.331074,0.4316247804792916
6400.0,-739.7352042471417,3.7133291,40.306141,0.431270420702236
6400.0,-739.7441627307525,3.7134495,40.356041,0.4309160601980222
6400.0,-739.7355548433782,3.7130888,40.393482,0.4305617002530184
6400.0,-739.7424351217121,3.7130485,40.368507,0.4302073405763832
6400.0,-739.735832540314,3.7128079,40.405949,0.4298529804983526
6400.0,-739.743630549865,3.7125273,40.318607,0.4294986202490701
6400.0,-739.7365999679322,3.7123671,40.368507,0.429144259803414
6400.0,-739.7427558632386,3.7122867,40.318607,0.4287898999731337
6400.0,-739.7339560958667,3.7122066,40.331074,0.4284355407939875
6400.0,-739.7351057000731,3.7118459,40.356041,0.4280811810641394
6400.0,-739.7437238489752,3.7117255,40.368507,0.4277268207701638
6400.0,-739.7359374100014,3.7117255,40.306141,0.4273724606418967
6400.0,-739.7426555937687,3.7112443,40.331074,0.4270181008596486
6400.0,-739.7363699645409,3.7112043,40.356041,0.4266637405241724
6400.0,-739.7431427667025,3.7109237,40.343575,0.4263093805085533
6400.0,-739.7343289824189,3.7108836,40.343575,0.425955021150781
6400.0,-739.7437446378857,3.710603,40.405949,0.4256006608468468
6400.0,-739.7362251404136,3.7106431,40.368507,0.4252463005807466
6400.0,-739.7427692058028,3.7105227,40.343575,0.4248919407440747
6400.0,-739.7367042030453,3.710242,40.393482,0.4245375802484862
6400.0,-739.7434752272,3.7100418,40.43092,0.4241832200736082
6400.0,-739.7373415539925,3.7099214,40.405949,0.4238288592727057
6400.0,-739.7359728225596,3.7097609,40.343575,0.4234744991274748
6400.0,-739.7439863506925,3.7095606,40.331074,0.4231201387077526
6400.0,-739.7366656045191,3.7094002,40.356041,0.4227657782306542
6400.0,-739.7446507465877,3.7093601,40.405949,0.4224114174926657
6400.0,-739.7359541696374,3.7091196,40.368507,0.4220570573563703
6400.0,-739.745262688183,3.7084379,40.368507,0.4217026963252427
6400.0,-739.736190815083,3.7086785,40.356041,0.4213483360755856
6400.0,-739.7455932193589,3.7085583,40.405949,0.4209939748861232
6400.0,-739.7365294974487,3.708478,40.380974,0.420639614474225
6400.0,-739.743590205598,3.7085183,40.380974,0.4202852542442687
6400.0,-739.7364708428156,3.7081573,40.405949,0.4199308938604682
6400.0,-739.7440624125788,3.7078366,40.43092,0.41957653340431
6400.0,-739.736507647099,3.707556,40.331074,0.4192221730028789
6400.0,-739.7359653148975,3.7077162,40.380974,0.4188678128612444
6400.0,-739.7439386816337,3.707516,40.418415,0.4185134524643573
6400.0,-739.7361889719323,3.7072754,40.418415,0.418159092215583
6400.0,-739.7433467595125,3.7071149,40.393482,0.417804732102245
6400.0,-739.7371000386345,3.7070348,40.480824,0.417450371417037
6400.0,-739.7444610118898,3.7067943,40.393482,0.4170960107699374
6400.0,-739.7366308269444,3.7065938,40.405949,0.4167416503094987
6400.0,-739.7448369535412,3.7063131,40.418415,0.4163872894823113
6400.0,-739.7373599376147,3.706233,40.418415,0.4160329286726024
6400.0,-739.7457465161134,3.7060726,40.393482,0.4156785674097061
6400.0,-739.7376591304719,3.705832,40.393482,0.4153242064566731
6400.0,-739.7454300840463,3.7055113,40.380974,0.4149698453453576
6400.0,-739.7364411430627,3.7055514,40.393482,0.4146154849757844
6400.0,-739.7355332128067,3.7053909,40.43092,0.4142611250411424
6400.0,-739.7432940979147,3.7052708,40.405949,0.4139067649530308
6400.0,-739.7376491946067,3.7052708,40.405949,0.4135524040047574
6400.0,-739.7434946728705,3.7047896,40.393482,0.4131980438205643
6400.0,-739.7373443980147,3.7049098,40.393482,0.4128436830182994
6400.0,-739.7425740263171,3.7045891,40.405949,0.4124893232751246
6400.0,-739.7360219919345,3.704509,40.418415,0.4121349631063398
6400.0,-739.7423692519968,3.704108,40.405949,0.4117806034612583
6400.0,-739.7372564713165,3.7038674,40.443386,0.4114262427011135
6400.0,-739.7439020359835,3.7040279,40.405949,0.4110718823217807
6400.0,-739.7361119091208,3.7039478,40.455853,0.4107175221099223
6400.0,-739.7450263704371,3.7037873,40.455853,0.4103631611919983
6400.0,-739.7371203274118,3.7035468,40.455853,0.4100088004970713
6400.0,-739.735918635321,3.7035468,40.405949,0.4096544403777981
6400.0,-739.7425862822568,3.7032661,40.368507,0.4093000806287523
6400.0,-739.7356971887574,3.7030656,40.418415,0.4089457206155599
6400.0,-739.7434053291971,3.7028251,40.455853,0.4085913604741651
6400.0,-739.7353118761323,3.7029052,40.405949,0.4082370006455514
6400.0,-739.743605001088,3.7025044,40.468357,0.4078826404085076
6400.0,-739.7359318676573,3.7025845,40.43092,0.4075282802828955
6400.0,-739.7437061122315,3.7024643,40.443386,0.4071739199974163
6400.0,-739.7372165424559,3.7022638,40.418415,0.4068195592563989
6400.0,-739.7440855206454,3.7020233,40.49329,0.4064651987891712
6400.0,-739.7371618554978,3.7017827,40.405949,0.4061108380743508
6400.0,-739.7435742876719,3.7017426,40.505795,0.4057564778520196
6400.0,-739.734652284391,3.7015021,40.505795,0.405402118339374
6400.0,-739.7373013924614,3.7013016,40.418415,0.4050477575577104
6400.0,-739.7444935316404,3.7012615,40.49329,0.4046933968950327
6400.0,-739.7385805369895,3.7011011,40.49329,0.4043390355006128
6400.0,-739.744885183511,3.7009408,40.555698,0.4039846746503217
6400.0,-739.7368612825798,3.7007003,40.455853,0.4036303140794865
6400.0,-739.7444135748899,3.7006199,40.505795,0.4032759534551106
6400.0,-739.7372652237756,3.7001791,40.443386,0.402921592690773
6400.0,-739.745800044146,3.7003796,40.43092,0.4025672314022352
6400.0,-739.7380274155934,3.7001791,40.505795,0.4022128702727803
6400.0,-739.7432174861675,3.6998584,40.468357,0.4018585102213682
6400.0,-739.7365480758838,3.7000186,40.43092,0.4015041498005703
6400.0,-739.7434227244008,3.6996579,40.568165,0.4011497896508427
6400.0,-739.7364532893992,3.699698,40.455853,0.4007954292754509
6400.0,-739.7364542657144,3.6995776,40.480824,0.4004410688995914
6400.0,-739.7435880204797,3.6992569,40.49329,0.4000867086706818
6400.0,-739.7354324073822,3.6991768,40.505795,0.3997323487843293
6400.0,-739.7434711868387,3.6991367,40.518261,0.3993779886113866
6400.0,-739.7362065249396,3.6989763,40.555698,0.3990236283542039
6400.0,-739.7446218034898,3.6986957,40.49329,0.39866926763008
6400.0,-739.73573601934,3.698415,40.518261,0.3983149075982864
6400.0,-739.7458660847335,3.6984951,40.530727,0.397960546278113
6400.0,-739.7358013143906,3.6981745,40.505795,0.3976061862150408
6400.0,-739.743470625109,3.6981745,40.555698,0.3972518260423672
6400.0,-739.7355028662014,3.698014,40.555698,0.3968974661222623
6400.0,-739.7434586990449,3.6976132,40.543232,0.3965431059553017
6400.0,-739.7365169359072,3.6977735,40.518261,0.396188745549421
6400.0,-739.7383405850456,3.6975329,40.518261,0.3958343842699467
6400.0,-739.7452479295277,3.6972923,40.555698,0.3954800232458889
6400.0,-739.7376969479049,3.6971321,40.505795,0.39512566227474
6400.0,-739.744349743568,3.6970117,40.505795,0.3947713016809413
6400.0,-739.7368849644159,3.6970518,40.468357,0.3944169410987617
6400.0,-739.7441756703856,3.6967311,40.543232,0.3940625805883495
6400.0,-739.7362675355396,3.6965709,40.518261,0.3937082203019404
6400.0,-739.7437348107877,3.6965306,40.480824,0.3933538600027137
6400.0,-739.7371425436497,3.6965306,40.518261,0.3929994992971443
6400.0,-739.7442034417296,3.6962099,40.530727,0.3926451387734288
6400.0,-739.7379090195087,3.6960897,40.555698,0.3922907777006899
6400.0,-739.7458447349117,3.6960897,40.530727,0.3919364163907438
6400.0,-739.7359455151986,3.6958091,40.49329,0.3915820562585941
6400.0,-739.7370661401733,3.6960094,40.518261,0.3912276955896248
6400.0,-739.7449528839126,3.6954482,40.505795,0.390873334706903
6400.0,-739.7374323130487,3.6952076,40.580669,0.3905189738625237
6400.0,-739.7444182741837,3.6952477,40.543232,0.3901646132358967
6400.0,-739.736636540159,3.6950071,40.580669,0.3898102527727212
6400.0,-739.7441764269302,3.6950874,40.530727,0.3894558922619466
6400.0,-739.7379268418161,3.6948068,40.555698,0.3891015311806702
6400.0,-739.7438778543891,3.6947265,40.605602,0.3887471708129211
6400.0,-739.7366318887973,3.6945262,40.543232,0.3883928103519738
6400.0,-739.7446971947795,3.6945262,40.568165,0.3880384495917352
6400.0,-739.7370090113014,3.6941252,40.630577,0.3876840889501326
6400.0,-739.742932267855,3.6942053,40.530727,0.387329729035349
6400.0,-739.7365211352294,3.6938846,40.580669,0.3869753686274566
6400.0,-739.7359566117557,3.6935639,40.555698,0.3866210084899912
6400.0,-739.7439894998577,3.6938045,40.580669,0.3862666480687605
6400.0,-739.7359209548629,3.6935239,40.643044,0.3859122879483762
6400.0,-739.7429906666674,3.6933234,40.593136,0.3855579280056176
6400.0,-739.735511703584,3.6934435,40.605602,0.3852035680812793
6400.0,-739.7429502125102,3.6931229,40.580669,0.3848492081578997
6400.0,-739.7361395694777,3.6930428,40.605602,0.384494847932791
6400.0,-739.7437055996148,3.6929624,40.593136,0.3841404876475573
6400.0,-739.7368970855822,3.6928823,40.568165,0.3837861270595712
6400.0,-739.7445558118108,3.6925216,40.580669,0.3834317663670594
6400.0,-739.7385941239588,3.6925216,40.605602,0.3830774049661308
6400.0,-739.7463611437794,3.6923611,40.555698,0.3827230434088088
6400.0,-739.7372639419397,3.6921606,40.605602,0.3823686826450853
6400.0,-739.7376739620335,3.69188,40.630577,0.3820143216849473
6400.0,-739.7440010115309,3.6920004,40.605602,0.3816599612582022
6400.0,-739.7374666506573,3.69188,40.568165,0.3813056003973739
6400.0,-739.7439436991386,3.6916795,40.643044,0.3809512399980831
6400.0,-739.7378119615717,3.6914389,40.643044,0.3805968789718385
6400.0,-739.7439330547187,3.6913989,40.605602,0.3802425185776468
6400.0,-739.7370693504928,3.6913188,40.680477,0.3798881579071396
6400.0,-739.7429043133606,3.6908376,40.605602,0.379533798005747
6400.0,-739.7358460163709,3.6909981,40.65551,0.3791794379212608
6400.0,-739.7453168022971,3.6907175,40.593136,0.3788250768642109
6400.0,-739.7368156775435,3.6906772,40.605602,0.3784707163152221
6400.0,-739.744868398536,3.690557,40.605602,0.3781163554729716
6400.0,-739.7375608768504,3.6905169,40.605602,0.3777619945670055
6400.0,-739.7373355358712,3.6903965,40.630577,0.3774076337689859
6400.0,-739.7447804220452,3.6903565,40.680477,0.3770532729688788
6400.0,-739.7372538227211,3.690196,40.717918,0.3766989122100028
6400.0,-739.7466479736115,3.6900358,40.630577,0.3763445505152804
6400.0,-739.7375538942825,3.6898754,40.605602,0.3759901896126592
6400.0,-739.7460618503007,3.6899154,40.605602,0.375635828198708
6400.0,-739.7392542156243,3.6895947,40.605602,0.3752814664815718
6400.0,-739.7446195696679,3.6893942,40.643044,0.374927105758518
6400.0,-739.7378952256531,3.6893942,40.680477,0.3745727446923869
6400.0,-739.7451890060249,3.6889131,40.680477,0.3742183836965553
6400.0,-739.73718846628,3.6890736,40.668011,0.3738640229689874
6400.0,-739.7428078407335,3.6891136,40.668011,0.3735096631138082
6400.0,-739.7349593258328,3.6887529,40.630577,0.3731553034540787
6400.0,-739.7410939888528,3.6885123,40.668011,0.372800944419888
6400.0,-739.7344477073525,3.6883519,40.65551,0.3724465850052422
6400.0,-739.7356742644813,3.6882718,40.668011,0.3720922250030313
6400.0,-739.7429506027538,3.6881917,40.643044,0.3717378650794647
6400.0,-739.7365893846006,3.6880713,40.643044,0.3713835046388784
6400.0,-739.7432200502743,3.6880312,40.643044,0.371029144586238
6400.0,-739.7360147779242,3.6875901,40.630577,0.370674784420909
6400.0,-739.7419920401611,3.6877105,40.668011,0.3703204249565237
6400.0,-739.7349925414259,3.6877506,40.630577,0.3699660652808827
6400.0,-739.7428723676179,3.6873496,40.692944,0.3696117053947932
6400.0,-739.7348859738789,3.6875901,40.717918,0.369257345770202
6400.0,-739.7425041899102,3.6872694,40.692944,0.368902986060481
6400.0,-739.7348504518408,3.6871893,40.705452,0.368548626452906
6400.0,-739.7422260628982,3.6869888,40.717918,0.3681942668764166
6400.0,-739.7338590012998,3.6867883,40.618069,0.3678399077437821
6400.0,-739.7341854288725,3.6867483,40.630577,0.3674855484547771
6400.0,-739.7412163278542,3.6866682,40.692944,0.3671311893619822
6400.0,-739.7373183974552,3.6863875,40.668011,0.3667768285721725
6400.0,-739.7435937947338,3.6863875,40.692944,0.3664224683404969
6400.0,-739.7342674835589,3.6862271,40.755356,0.3660681090121848
6400.0,-739.7423051523953,3.6859465,40.730385,0.365713749397809
6400.0,-739.734657045028,3.6859465,40.705452,0.3653593898828828
6400.0,-739.7424136615907,3.6860266,40.705452,0.3650050302165277
6400.0,-739.7342219272259,3.6859465,40.692944,0.3646506709100387
6400.0,-739.7406661300746,3.6854653,40.680477,0.3642963120808057
6400.0,-739.7343701317247,3.6855054,40.730385,0.3639419527033213
6400.0,-739.7418939689064,3.6850643,40.730385,0.3635875932859153
6400.0,-739.7368888336614,3.6852648,40.692944,0.3632332327018821
6400.0,-739.7370901389897,3.6852248,40.668011,0.3628788720214165
6400.0,-739.7428730879417,3.6850243,40.730385,0.3625245121349818
6400.0,-739.7350307613766,3.6850243,40.717918,0.3621701524410322
6400.0,-739.7419299304537,3.6845431,40.705452,0.3618157930063994
6400.0,-739.7351542232095,3.6845431,40.717918,0.361461433253307
6400.0,-739.7425406638697,3.6845431,40.692944,0.3611070735261139
6400.0,-739.7352306385548,3.6846235,40.717918,0.3607527137364158
6400.0,-739.7424317398742,3.6841824,40.742889,0.3603983540614007
6400.0,-739.7356301604453,3.6841424,40.717918,0.3600439940803173
6400.0,-739.7422926768797,3.684062,40.767822,0.3596896344719176
6400.0,-739.735415891467,3.6839018,40.730385,0.3593352745934768
6400.0,-739.7414275108046,3.6837814,40.767822,0.3589809153995186
6400.0,-739.734823731374,3.6837013,40.705452,0.3586265558047438
6400.0,-739.7347913703383,3.6835008,40.792793,0.358272196225471
6400.0,-739.7427968420861,3.6836612,40.730385,0.3579178363755605
6400.0,-739.7325043080573,3.6831801,40.767822,0.3575634778918728
6400.0,-739.7405149940864,3.6831,40.717918,0.3572091191350387
6400.0,-739.7332101645792,3.68314,40.792793,0.3568547603132204
6400.0,-739.7426737702781,3.6827791,40.80526,0.3565004005222651
6400.0,-739.7347269050841,3.6826189,40.755356,0.3561460409738735
6400.0,-739.7423495621938,3.6828594,40.755356,0.3557916813382241
6400.0,-739.7339188153969,3.6826189,40.767822,0.3554373221769365
6400.0,-739.7426840119716,3.6822979,40.767822,0.3550829623810752
6400.0,-739.73432558936,3.6823382,40.767822,0.3547286030249282
6400.0,-739.7432973573796,3.6823783,40.767822,0.3543742429352553
6400.0,-739.7358744222145,3.6819372,40.767822,0.3540198828371617
6400.0,-739.7367171302702,3.6820173,40.830231,0.3536655223353807
6400.0,-739.744292626809,3.6818571,40.717918,0.3533111617689427
6400.0,-739.7354558569574,3.6818972,40.717918,0.352956801871357
6400.0,-739.7431693173843,3.6816566,40.80526,0.3526024418430192
6400.0,-739.7331513634272,3.6814961,40.792793,0.3522480830493688
6400.0,-739.7423279796992,3.681376,40.780327,0.3518937234240579
6400.0,-739.7357506309187,3.6812155,40.792793,0.3515393633852648
6400.0,-739.7427136876714,3.681376,40.817764,0.3511850035751879
6400.0,-739.7352889755938,3.6811755,40.830231,0.3508306437575443
6400.0,-739.7434074654071,3.6808548,40.780327,0.3504762836151263
6400.0,-739.7355204566569,3.6806543,40.755356,0.3501219236865949
6400.0,-739.7428981730102,3.6806142,40.80526,0.3497675637881438
6400.0,-739.736732779964,3.6802533,40.767822,0.3494132032788659
6400.0,-739.7365714894431,3.6802533,40.767822,0.349058842846852
6400.0,-739.7449276639879,3.6803737,40.842697,0.3487044819762115
6400.0,-739.737235011411,3.6801331,40.817764,0.3483501212263468
6400.0,-739.7438144380719,3.6799326,40.780327,0.3479957608889761
6400.0,-739.7370689111407,3.6798925,40.742889,0.3476414002186793
6400.0,-739.7438452607644,3.6798525,40.842697,0.3472870398665436
6400.0,-739.7364407528231,3.6798525,40.792793,0.3469326794971573
6400.0,-739.7444625980344,3.6795318,40.817764,0.3465783188492978
6400.0,-739.7369081698611,3.6795318,40.755356,0.3462239582560019
6400.0,-739.7446601333061,3.679251,40.842697,0.3458695975135169
6400.0,-739.7367071086627,3.6792109,40.792793,0.3455152370165366
6400.0,-739.7438964452892,3.6791708,40.817764,0.3451608766398819
6400.0,-739.7368324255152,3.6789303,40.830231,0.3448065160828703
6400.0,-739.7357938679145,3.6788502,40.80526,0.3444521560233651
6400.0,-739.7431426940562,3.6787701,40.867672,0.3440977960077807
6400.0,-739.7357965048458,3.6786497,40.855206,0.3437434359470123
6400.0,-739.743879294218,3.6786497,40.742889,0.3433890755785735
6400.0,-739.7377942497674,3.6782889,40.880135,0.3430347145608135
6400.0,-739.7452004929372,3.6782086,40.842697,0.3426803535594794
6400.0,-739.7359411816357,3.6780083,40.830231,0.3423259934294057
6400.0,-739.7440489245174,3.677968,40.842697,0.3419716329797087
6400.0,-739.7355155857215,3.6782486,40.830231,0.3416172730535107
6400.0,-739.7419154773222,3.6777678,40.817764,0.3412629136258013
6400.0,-739.7356115449713,3.6777275,40.892601,0.3409085536536354
6400.0,-739.7438930517869,3.6776073,40.830231,0.3405541932786063
6400.0,-739.7378041496167,3.6771262,40.817764,0.3401998322561039
6400.0,-739.73761342762,3.6772466,40.830231,0.3398454713249642
6400.0,-739.7447685444802,3.6770461,40.830231,0.3394911105305468
6400.0,-739.7370485012192,3.6769257,40.830231,0.3391367498700272
6400.0,-739.7440671006175,3.6769257,40.830231,0.3387823894116232
6400.0,-739.7357925009503,3.6767654,40.80526,0.3384280293527729
6400.0,-739.7428397625335,3.676645,40.867672,0.3380736694823022
6400.0,-739.7357888021662,3.6765249,40.830231,0.3377193094252237
6400.0,-739.7431779598363,3.676605,40.880135,0.3373649493927459
6400.0,-739.7346013324375,3.6763244,40.917572,0.3370105899045081
6400.0,-739.7430698169419,3.6761639,40.830231,0.3366562299238342
6400.0,-739.7357693566911,3.6761239,40.842697,0.3363018698760708
6400.0,-739.743688741789,3.6759636,40.817764,0.3359475095989125
6400.0,-739.7366412398146,3.6757631,40.867672,0.3355931491334857
6400.0,-739.7362760193123,3.6758432,40.855206,0.3352387888430127
6400.0,-739.7431821956262,3.6756427,40.955013,0.3348844288085059
6400.0,-739.7360632760951,3.6753221,40.892601,0.3345300686199445
6400.0,-739.7431912655659,3.6754022,40.96748,0.3341757085810929
6400.0,-739.7361438913765,3.6751215,40.905106,0.3338213483539139
6400.0,-739.742738296958,3.6751616,40.867672,0.3334669885320483
6400.0,-739.7350166255752,3.674921,40.880135,0.3331126288448702
6400.0,-739.7417231668531,3.6747208,40.905106,0.3327582695092836
6400.0,-739.7342087192412,3.6748009,40.905106,0.3324039102091217
6400.0,-739.7417109718955,3.6746004,40.880135,0.3320495508793769
6400.0,-739.7333869216451,3.6743999,40.905106,0.3316951919728855
6400.0,-739.7426612212977,3.6746805,40.905106,0.3313408321879416
6400.0,-739.7340311442478,3.6746004,40.855206,0.3309864729728445
6400.0,-739.7359003253677,3.6739187,40.917572,0.3306321128623424
6400.0,-739.7436275472202,3.6741192,40.942547,0.3302777526144983
6400.0,-739.7372375386577,3.6739187,40.905106,0.3299233918634229
6400.0,-739.7435880691834,3.6738386,40.955013,0.32956903163449
6400.0,-739.7364021663705,3.6735179,40.96748,0.3292146712835879
6400.0,-739.744155345388,3.6736381,40.979984,0.328860310782912
6400.0,-739.7367225381688,3.6733174,40.892601,0.3285059502785404
6400.0,-739.7438337132795,3.6733975,40.942547,0.3281515899319363
6400.0,-739.7365655810063,3.6733174,40.917572,0.3277972295027528
6400.0,-739.7434592358089,3.673157,40.955013,0.3274428693355351
6400.0,-739.7360229441028,3.6726761,40.892601,0.3270885091662942
6400.0,-739.7435321855695,3.6726358,40.892601,0.3267341489641313
6400.0,-739.7348401376047,3.6727962,40.942547,0.3263797893614972
6400.0,-739.7363380428574,3.6724355,40.979984,0.3260254290413127
6400.0,-739.7425935941563,3.6725156,40.942547,0.3256710692887642
6400.0,-739.7350322748597,3.6722751,41.004913,0.3253167095940896
6400.0,-739.7412859944121,3.672235,40.942547,0.3249623504679222
6400.0,-739.7343395655457,3.6719944,40.930038,0.3246079911050802
6400.0,-739.7412440015861,3.6719143,40.979984,0.3242536319990287
6400.0,-739.7339045703202,3.6719544,41.004913,0.323899272844565
6400.0,-739.7406310713875,3.6717138,40.942547,0.3235449140321262
6400.0,-739.7344522361377,3.6715133,40.942547,0.3231905546153109
6400.0,-739.7421586307763,3.6713128,40.930038,0.3228361950711235
6400.0,-739.7344475485555,3.6713128,40.96748,0.3224818356565538
6400.0,-739.7426160674376,3.6711123,40.992447,0.32212747589324
6400.0,-739.7327037338098,3.6710322,40.930038,0.3217731173140202
6400.0,-739.7323113890952,3.6710322,41.017422,0.3214187589227477
6400.0,-739.7396122547397,3.6707916,40.979984,0.3210644005983538
6400.0,-739.7346245372687,3.6708317,40.96748,0.3207100410990001
6400.0,-739.7409541079227,3.6708717,41.042355,0.3203556821318167
6400.0,-739.7334934881688,3.6705511,40.979984,0.3200013231742761
6400.0,-739.7410924872235,3.6702304,41.029888,0.3196469641408048
6400.0,-739.7338828419331,3.6698697,40.992447,0.3192926049967498
6400.0,-739.7397973384383,3.6700299,40.979984,0.318938246583695
6400.0,-739.7339674488318,3.6698294,40.992447,0.3185838873991103
6400.0,-739.741202717215,3.6699898,41.017422,0.3182295283128353
6400.0,-739.7337705378432,3.6698294,41.017422,0.317875169222578
6400.0,-739.7410412413074,3.6695487,41.017422,0.317520810213655
6400.0,-739.7345885153063,3.6693482,40.979984,0.3171664507315571
6400.0,-739.7347460215055,3.6693082,41.004913,0.3168120911740081
6400.0,-739.7405714639866,3.6693885,41.067326,0.316457732390123
6400.0,-739.732418639715,3.6691079,41.004913,0.3161033739474736
6400.0,-739.7400188604895,3.6689475,40.992447,0.3157490154283028
6400.0,-739.7338942067671,3.6688673,41.017422,0.3153946562788037
6400.0,-739.7416083220832,3.6688673,41.004913,0.3150402969982314
6400.0,-739.7357762662041,3.6686268,41.079792,0.3146859369471581
6400.0,-739.7425830105137,3.6685464,40.96748,0.3143315771996796
6400.0,-739.7345270283153,3.6685064,41.042355,0.3139772177470361
6400.0,-739.7413359089571,3.6679451,41.042355,0.3136228585969581
6400.0,-739.7324269524125,3.6681056,41.092297,0.3132685001503266
6400.0,-739.7398307862196,3.6679051,40.979984,0.3129141417212493
6400.0,-739.7328650975902,3.6677847,41.029888,0.3125597830647305
6400.0,-739.7329424168098,3.6677446,41.067326,0.312205424371173
6400.0,-739.7400048712709,3.6673439,41.017422,0.3118510658587035
6400.0,-739.7340243697942,3.6673439,41.017422,0.3114967066468516
6400.0,-739.7420936890917,3.6672635,41.004913,0.3111423471337733
6400.0,-739.7348436403482,3.6670229,41.017422,0.3107879875294613
6400.0,-739.7405381629303,3.6671834,41.054859,0.3104336287615286
6400.0,-739.7344327296813,3.6667023,40.992447,0.3100792693540576
6400.0,-739.7400614633395,3.6667023,41.029888,0.3097249108144788
6400.0,-739.7329670504051,3.6663415,40.992447,0.3093705521091209
6400.0,-739.7404916785176,3.6665418,41.104763,0.3090161933634556
6400.0,-739.7337841360675,3.666101,41.067326,0.3086618342666842
6400.0,-739.7423222791147,3.6662612,41.067326,0.3083074746441042
6400.0,-739.7329924892406,3.6660206,41.042355,0.3079531159265602
6400.0,-739.7407383476426,3.6659806,41.092297,0.3075987570627327
6400.0,-739.7340807044761,3.6659405,41.104763,0.3072443978238944
6400.0,-739.7339895187554,3.6656199,41.054859,0.3068900386287375
6400.0,-739.7423228040096,3.6656199,41.042355,0.306535679005906
6400.0,-739.7353197979763,3.6654994,41.067326,0.3061813191734974
6400.0,-739.7426819854472,3.6652992,41.054859,0.3058269593786068
6400.0,-739.7356523406673,3.6650183,41.129734,0.3054725993868982
6400.0,-739.7423471206648,3.6650987,41.029888,0.3051182397524183
6400.0,-739.737046938419,3.664818,41.067326,0.3047638790926473
6400.0,-739.7441747061341,3.6648581,41.029888,0.304409518582697
6400.0,-739.7361842839408,3.6643369,41.067326,0.3040551583361685
6400.0,-739.7431974664889,3.6640162,41.017422,0.3037007982943465
6400.0,-739.7354552714955,3.664417,41.104763,0.3033464383970412
6400.0,-739.7431597837362,3.6641765,41.092297,0.3029920783732703
6400.0,-739.7371959612547,3.6640162,41.029888,0.302637717642112
6400.0,-739.7365248583651,3.6637354,41.1422,0.3022833572324361
6400.0,-739.7440877550814,3.6638558,41.079792,0.3019289967641381
6400.0,-739.7373205948297,3.6636953,41.104763,0.3015746359732758
6400.0,-739.743065764507,3.6635351,41.117229,0.3012202759945431
6400.0,-739.7364233571805,3.6633747,41.154667,0.3008659156334899
6400.0,-739.7437759856779,3.6632142,41.104763,0.3005115553145391
6400.0,-739.7363835504872,3.6631341,41.029888,0.3001571949725548
6400.0,-739.7442192256183,3.663094,41.054859,0.2998028344412782
6400.0,-739.7370862081491,3.6628935,41.129734,0.2994484737626956
6400.0,-739.7437956638166,3.6625328,41.1422,0.2990941134343184
6400.0,-739.7373114144782,3.6621318,41.092297,0.2987397526478538
6400.0,-739.7442880977737,3.6622922,41.154667,0.2983853920835854
6400.0,-739.736874490769,3.6622922,41.192108,0.298031031506423
6400.0,-739.7360481396269,3.6620116,41.117229,0.2976766713251125
6400.0,-739.742265223133,3.6620917,41.1422,0.2973223117298641
6400.0,-739.7341238319921,3.6618111,41.154667,0.2969679524703662
6400.0,-739.7410424503051,3.6617711,41.104763,0.2966135934608641
6400.0,-739.7343606718414,3.66133,41.167133,0.2962592340879114
6400.0,-739.7420150872456,3.6612096,41.1422,0.2959048746124858
6400.0,-739.7354184185091,3.6612096,41.129734,0.2955505147328344
6400.0,-739.7417696878958,3.6612499,41.1422,0.2951961553749628
6400.0,-739.7343733915661,3.6607287,41.067326,0.2948417959959169
6400.0,-739.7417095678782,3.6608489,41.192108,0.2944874366668446
6400.0,-739.735205431162,3.6608088,41.1422,0.2941330768892218
6400.0,-739.7430264581611,3.6604881,41.154667,0.2937787169293181
6400.0,-739.7352895612602,3.6603277,41.129734,0.293424357111394
6400.0,-739.7364740529305,3.6602075,41.167133,0.2930699967260557
6400.0,-739.7429560837624,3.6600471,41.192108,0.2927156367998635
6400.0,-739.7353825907456,3.6598065,41.092297,0.2923612769373749
6400.0,-739.743410444314,3.6598866,41.179642,0.2920069167935298
6400.0,-739.7362788633345,3.6596861,41.129734,0.2916525565016944
6400.0,-739.7427688513708,3.6595259,41.067326,0.2912981966651923
6400.0,-739.7360496164803,3.6594458,41.167133,0.2909438364831744
6400.0,-739.7413761312602,3.6591649,41.192108,0.2905894773138286
6400.0,-739.7342263952344,3.6592853,41.092297,0.2902351180051993
6400.0,-739.741614023077,3.6589646,41.204575,0.289880758721896
6400.0,-739.7348311289423,3.658684,41.129734,0.2895263991235774
6400.0,-739.7418792708238,3.6587641,41.167133,0.2891720397132121
6400.0,-739.7358714562296,3.658684,41.154667,0.2888176796165393
6400.0,-739.7352000963181,3.6586437,41.242008,0.2884633198414721
6400.0,-739.7421215578431,3.658323,41.1422,0.2881089603150439
6400.0,-739.7334121163506,3.6582029,41.192108,0.2877546013964834
6400.0,-739.7433918771518,3.657882,41.229542,0.2874002412615326
6400.0,-739.7350232784754,3.6578019,41.1422,0.2870458815711674
6400.0,-739.7434799637376,3.6575212,41.154667,0.2866915213940204
6400.0,-739.7368471588518,3.6574812,41.167133,0.286337160829951
6400.0,-739.744347131576,3.6574411,41.1422,0.2859828002374035
6400.0,-739.7371033349009,3.6571202,41.192108,0.2856284395506165
6400.0,-739.7458106521404,3.6571605,41.167133,0.2852740782569972
6400.0,-739.735429282805,3.6570401,41.242008,0.2849197183721413
6400.0,-739.741892943059,3.6570001,41.167133,0.2845653589552267
6400.0,-739.7349262328164,3.656559,41.1422,0.2842109993113499
6400.0,-739.7339546435695,3.6563585,41.167133,0.2838566401328994
6400.0,-739.7420186397512,3.6562383,41.1422,0.2835022806557721
6400.0,-739.734170389606,3.6558774,41.204575,0.2831479213739714
6400.0,-739.7413382888903,3.6559577,41.217075,0.2827935622227533
6400.0,-739.7334428538094,3.6559577,41.154667,0.2824392032894685
6400.0,-739.7421833018634,3.6554766,41.179642,0.2820848437334629
6400.0,-739.7337567679298,3.6557171,41.167133,0.281730484649802
6400.0,-739.7409436094092,3.655196,41.254517,0.2813761256876477
6400.0,-739.7333281812698,3.6550756,41.1422,0.2810217668092951
6400.0,-739.7410787421373,3.654835,41.229542,0.280667407782408
6400.0,-739.733896501548,3.6547949,41.192108,0.2803130486318096
6400.0,-739.7394572122231,3.6546347,41.242008,0.2799586903816859
6400.0,-739.7329236548169,3.6544342,41.179642,0.279604331697116
6400.0,-739.7337746757747,3.6544342,41.167133,0.2792499726048766
6400.0,-739.7396487170347,3.6543138,41.242008,0.2788956142630161
6400.0,-739.7320525282303,3.653913,41.179642,0.2785412559957472
6400.0,-739.7394397194074,3.6540732,41.229542,0.2781868977540031
6400.0,-739.7314027751524,3.6535921,41.217075,0.2778325397979894
6400.0,-739.7399540411781,3.653512,41.217075,0.2774781813098691
6400.0,-739.7314118327228,3.6533518,41.192108,0.2771238233495164
6400.0,-739.7395049175026,3.6533518,41.279449,0.2767694650765404
6400.0,-739.7324635981034,3.6531913,41.242008,0.2764151066123543
6400.0,-739.7401931782135,3.6530709,41.291954,0.2760607480096799
6400.0,-739.7342939607141,3.6527903,41.266983,0.2757063886686843
6400.0,-739.7407315475411,3.6525097,41.229542,0.2753520298081142
6400.0,-739.7321498300927,3.6524296,41.291954,0.2749976714942342
6400.0,-739.731794948792,3.6522291,41.229542,0.2746433133503552
6400.0,-739.7383577191149,3.652189,41.229542,0.2742889556269229
6400.0,-739.7310569637,3.6519885,41.217075,0.2739345978365654
6400.0,-739.7403529934885,3.6520689,41.254517,0.2735802391573345
6400.0,-739.7316915799003,3.6516678,41.279449,0.2732258810629728
6400.0,-739.7374110954785,3.6516678,41.291954,0.2728715237930028
6400.0,-739.7324987908834,3.6513472,41.254517,0.2725171653119581
6400.0,-739.7403485254351,3.6512668,41.279449,0.2721628066348676
6400.0,-739.7323583494315,3.6511066,41.266983,0.2718084482210994
6400.0,-739.7387480044168,3.650826,41.242008,0.2714540903107083
6400.0,-739.7302450778222,3.6507456,41.254517,0.2710997329092732
6400.0,-739.7385249928099,3.6507056,41.229542,0.2707453751057116
6400.0,-739.7322750616123,3.6503849,41.266983,0.2703910167318413
6400.0,-739.7320665050299,3.6502244,41.266983,0.270036658457877
6400.0,-739.7381894807593,3.6498637,41.266983,0.2696823008150362
6400.0,-739.7302123633812,3.6499038,41.30442,0.2693279434292725
6400.0,-739.7393103240985,3.6495028,41.291954,0.2689735852495127
6400.0,-739.730998809605,3.6493425,41.291954,0.268619227487013
6400.0,-739.739266098269,3.6495028,41.266983,0.2682648693284389
6400.0,-739.730937433117,3.6489816,41.229542,0.2679105115953407
6400.0,-739.7376456179402,3.6489015,41.291954,0.2675561542130271
6400.0,-739.7306865921164,3.648741,41.217075,0.2672017966000908
6400.0,-739.7373098494788,3.6484203,41.30442,0.2668474393786207
6400.0,-739.7302314429681,3.6480596,41.254517,0.2664930819837172
6400.0,-739.737756727054,3.6483002,41.291954,0.2661387245481789
6400.0,-739.7314255533189,3.6480196,41.291954,0.2657843665812536
6400.0,-739.7326347395659,3.6480596,41.30442,0.2654300080350845
6400.0,-739.7394519022914,3.6478591,41.229542,0.2650756497875045
6400.0,-739.7333468949688,3.647378,41.30442,0.2647212909001873
6400.0,-739.7409675716323,3.6474984,41.379295,0.2643669319265544
6400.0,-739.7325212882902,3.6472979,41.254517,0.2640125734347326
6400.0,-739.7417822250072,3.6470172,41.266983,0.2636582140708553
6400.0,-739.7321753057626,3.6468568,41.254517,0.2633038557447716
6400.0,-739.7415718964181,3.6467767,41.354324,0.2629494964816483
6400.0,-739.732992563114,3.6462555,41.291954,0.2625951377640689
6400.0,-739.7421159421831,3.6462555,41.30442,0.2622407782403307
6400.0,-739.7342614412906,3.6459749,41.254517,0.261886418914913
6400.0,-739.7405237097987,3.6458545,41.266983,0.2615320601539037
6400.0,-739.7356823698832,3.6458545,41.354324,0.2611777001478101
6400.0,-739.7329311250306,3.6458144,41.279449,0.2608233414596618
6400.0,-739.7412164625057,3.6453733,41.279449,0.2604689823668023
6400.0,-739.7339610764867,3.6452932,41.354324,0.2601146231852702
6400.0,-739.7402705710618,3.6451728,41.254517,0.2597602645455222
6400.0,-739.733299202038,3.6446517,41.291954,0.2594059056810518
6400.0,-739.74192175171,3.644732,41.291954,0.2590515462503369
6400.0,-739.7353048446566,3.644371,41.279449,0.2586971864250914
6400.0,-739.7424896872564,3.6440904,41.416733,0.2583428267223177
6400.0,-739.7342509919953,3.6438498,41.354324,0.2579884674019056
6400.0,-739.7420398802966,3.6439703,41.341858,0.2576341079146034
6400.0,-739.7339740039163,3.6438098,41.329391,0.2572797487268785
6400.0,-739.7413748490021,3.6438498,41.379295,0.2569253895581471
6400.0,-739.7326330672857,3.6433287,41.329391,0.2565710310127791
6400.0,-739.7345156636859,3.6432085,41.329391,0.2562166715655797
6400.0,-739.7407804010412,3.6429279,41.316887,0.2558623126816073
6400.0,-739.73453877152,3.6427674,41.341858,0.2555079532233385
6400.0,-739.7433691961636,3.642607,41.316887,0.2551535930992526
6400.0,-739.7354175518783,3.6425669,41.366829,0.2547992332200163
6400.0,-739.7446387705921,3.6422062,41.254517,0.2544448724877647
6400.0,-739.7368455360935,3.6419656,41.366829,0.2540905119244726
6400.0,-739.7435614702072,3.6417251,41.30442,0.2537361517082814
6400.0,-739.7360964792055,3.6415646,41.391762,0.2533817915038146
6400.0,-739.7422730967623,3.6414044,41.366829,0.2530274319047944
6400.0,-739.7352060045502,3.641284,41.279449,0.252673072126897
6400.0,-739.743284820882,3.6412439,41.30442,0.2523187120432294
6400.0,-739.7368351109451,3.6409233,41.316887,0.2519643514849314
6400.0,-739.7353607895084,3.6406827,41.366829,0.2516099916328863
6400.0,-739.7432633359995,3.6404822,41.354324,0.2512556315595107
6400.0,-739.736101447138,3.6404021,41.404228,0.250901271352664
6400.0,-739.7434927447767,3.6403217,41.404228,0.2505469111693945
6400.0,-739.735866292461,3.6401215,41.329391,0.2501925510751954
6400.0,-739.7427524079358,3.6397204,41.341858,0.2498381912465702
6400.0,-739.7343073029397,3.6396403,41.366829,0.2494838318991831
6400.0,-739.7414586512989,3.6395199,41.404228,0.2491294726903077
6400.0,-739.735395493619,3.6393998,41.366829,0.2487751128216382
6400.0,-739.7432888491696,3.6389987,41.379295,0.248420752736041
6400.0,-739.7352231188192,3.6390388,41.379295,0.2480663929499452
6400.0,-739.7428905684792,3.6387582,41.316887,0.2477120330551368
6400.0,-739.7362533144053,3.6385577,41.366829,0.2473576727755402
6400.0,-739.7362688171709,3.6381168,41.329391,0.2470033124885173
6400.0,-739.7425753564604,3.6379964,41.404228,0.2466489527447053
6400.0,-739.7360877754496,3.6377959,41.379295,0.2462945925444079
6400.0,-739.7416386206993,3.6375554,41.354324,0.2459402332493215
6400.0,-739.7371932271217,3.6374352,41.391762,0.2455858725194729
6400.0,-739.7452400556938,3.6371145,41.366829,0.245231511499187
6400.0,-739.7389092227133,3.6371946,41.341858,0.2448771499473148
6400.0,-739.747068911143,3.636874,41.316887,0.2445227880509501
6400.0,-739.7367019330252,3.6366735,41.30442,0.2441684275564491
6400.0,-739.7457062207549,3.6363528,41.316887,0.2438140663128556
6400.0,-739.7375784057106,3.6361923,41.404228,0.2434597053984926
6400.0,-739.7465276120215,3.6358316,41.404228,0.2431053437614271
6400.0,-739.7368646516962,3.6359117,41.354324,0.2427509831889779
6400.0,-739.7360889349136,3.6356711,41.366829,0.242396622988125
6400.0,-739.7414340788471,3.6353104,41.404228,0.2420422637910206
6400.0,-739.7341592686973,3.6350698,41.329391,0.2416879045145473
6400.0,-739.7411057076191,3.6349494,41.441666,0.2413335454747429
6400.0,-739.7332809890818,3.6349895,41.379295,0.2409791866189971
6400.0,-739.7427948526012,3.6343081,41.366829,0.2406248267700396
6400.0,-739.7359623366345,3.6343081,41.391762,0.2402704666298319
6400.0,-739.7429125412173,3.6341476,41.416733,0.2399161067244979
6400.0,-739.7367262731734,3.633827,41.429199,0.2395617462183371
6400.0,-739.7454778746596,3.6337066,41.429199,0.2392073850841284
6400.0,-739.7369498567441,3.6336265,41.416733,0.238853024470863
6400.0,-739.7454562440753,3.6332657,41.404228,0.2384986633470161
6400.0,-739.7362253481185,3.6332657,41.366829,0.2381443030808164
6400.0,-739.7431835016222,3.6330252,41.391762,0.237789943045684
6400.0,-739.7375859745587,3.6327846,41.354324,0.2374355821276952
6400.0,-739.7372022720045,3.6326642,41.491611,0.2370812213935138
6400.0,-739.7446069105926,3.6322231,41.441666,0.2367268606765241
6400.0,-739.73947131737,3.6319826,41.429199,0.2363724988553883
6400.0,-739.7451470866638,3.6317019,41.391762,0.2360181378796375
6400.0,-739.7370411648369,3.6315017,41.416733,0.2356637772226322
6400.0,-739.7439619482942,3.6313412,41.391762,0.2353094168145996
6400.0,-739.7366967573877,3.6311407,41.379295,0.2349550563225778
6400.0,-739.7434635812845,3.6308601,41.391762,0.2346006961532785
6400.0,-739.7368262854312,3.6306996,41.45417,0.2342463355992082
6400.0,-739.7448075829558,3.6305795,41.404228,0.2338919747860902
6400.0,-739.7379430894545,3.6302989,41.491611,0.2335376136970306
6400.0,-739.7453554005975,3.6301785,41.404228,0.2331832526214908
6400.0,-739.7380200176159,3.6294971,41.479103,0.2328288914955799
6400.0,-739.7382639986253,3.6297777,41.416733,0.2324745302527932
6400.0,-739.7465605954804,3.6292164,41.391762,0.2321201685999276
6400.0,-739.7367522499952,3.6289358,41.416733,0.2317658080813229
6400.0,-739.7437570278629,3.6290159,41.429199,0.2314114477714535
6400.0,-739.7373632823795,3.6285348,41.45417,0.2310570869601423
6400.0,-739.7456125921785,3.6286149,41.466637,0.2307027257613998
6400.0,-739.7380915874004,3.6280937,41.391762,0.2303483646012044
6400.0,-739.745343401478,3.6279335,41.391762,0.2299940035314126
6400.0,-739.7372088637187,3.6278932,41.404228,0.2296396427940735
6400.0,-739.7445573619392,3.6275725,41.391762,0.2292852821008192
6400.0,-739.7364790212724,3.6271315,41.404228,0.2289309217131009
6400.0,-739.7456855296609,3.6270914,41.429199,0.228576560479419
6400.0,-739.7370981347071,3.6269712,41.441666,0.2282221997951231
6400.0,-739.7368065221575,3.6266906,41.479103,0.2278678392505201
6400.0,-739.7434009962044,3.6264501,41.391762,0.227513479111201
6400.0,-739.7355675019169,3.6263297,41.479103,0.2271591191601333
6400.0,-739.7438435031336,3.626009,41.379295,0.2268047588088396
6400.0,-739.7367212199078,3.6258888,41.391762,0.2264503983050994
6400.0,-739.7432684267645,3.6254478,41.491611,0.2260960382292852
6400.0,-739.7371533346861,3.6252472,41.404228,0.2257416775185465
6400.0,-739.7429474775312,3.6250868,41.441666,0.2253873175964769
6400.0,-739.736500395845,3.6248062,41.429199,0.2250329571985195
6400.0,-739.7430644216763,3.6245656,41.366829,0.22467859722043
6400.0,-739.7364596854819,3.6242049,41.466637,0.2243242368419743
6400.0,-739.7426571928055,3.6243653,41.379295,0.2239698770589602
6400.0,-739.7354759134736,3.6238039,41.45417,0.2236155171517666
6400.0,-739.7381953096973,3.6236036,41.416733,0.2232611559418844
6400.0,-739.7449168489004,3.6234832,41.45417,0.2229067950764246
6400.0,-739.7369937160361,3.6233227,41.516544,0.222552434442149
6400.0,-739.7435384476792,3.6230822,41.504078,0.2221980742369864
6400.0,-739.7364775810488,3.6224008,41.429199,0.221843713849958
6400.0,-739.7450110870916,3.6224809,41.479103,0.2214893529393552
6400.0,-739.7365643364141,3.6224008,41.553978,0.2211349925107679
6400.0,-739.7445418340519,3.6220801,41.416733,0.2207806318249519
6400.0,-739.7370519679469,3.621639,41.491611,0.2204262711627715
6400.0,-739.7450008949204,3.6213984,41.504078,0.220071910257051
6400.0,-739.7381721038429,3.6210778,41.479103,0.2197175490582853
6400.0,-739.7438543679481,3.6211178,41.45417,0.219363188701787
6400.0,-739.7361736879219,3.6207969,41.416733,0.2190088284603343
6400.0,-739.736810257776,3.6207969,41.466637,0.2186544679139418
6400.0,-739.7443939333813,3.6202357,41.504078,0.2183001072989749
6400.0,-739.7368048009695,3.6200352,41.45417,0.2179457467551964
6400.0,-739.7442079824293,3.6200352,41.45417,0.2175913862293057
6400.0,-739.7376485594185,3.6197948,41.429199,0.2172370252813366
6400.0,-739.7428258948696,3.619514,41.391762,0.2168826654175089
6400.0,-739.7366057664797,3.6192734,41.516544,0.2165283049690751
6400.0,-739.7465412957163,3.6190732,41.379295,0.2161739433254547
6400.0,-739.7380886208016,3.6187522,41.504078,0.2158195821666803
6400.0,-739.745484857707,3.618552,41.491611,0.2154652210291266
6400.0,-739.7379499619283,3.6181109,41.466637,0.2151108599367748
6400.0,-739.7463313213547,3.6180708,41.504078,0.2147564983937386
6400.0,-739.738972003,3.6179104,41.466637,0.2144021368117924
6400.0,-739.7362694275981,3.6173892,41.491611,0.214047776524477
6400.0,-739.7446328868571,3.6173491,41.553978,0.2136934157950439
6400.0,-739.7380878644693,3.616868,41.404228,0.2133390546366318
6400.0,-739.746099643353,3.6167479,41.416733,0.2129846932045766
6400.0,-739.7376549919263,3.6165073,41.541512,0.2126303322535261
6400.0,-739.7444758186348,3.6163068,41.491611,0.2122759715993335
6400.0,-739.73927748246,3.6157856,41.45417,0.2119216098710516
6400.0,-739.7440482162673,3.6157856,41.45417,0.2115672494216939
6400.0,-739.7339367477981,3.6155851,41.429199,0.2112128902518161
6400.0,-739.7446346451018,3.615144,41.491611,0.2108585295215407
6400.0,-739.7377982902925,3.6149838,41.45417,0.2105041685018451
6400.0,-739.7450637734505,3.6146629,41.466637,0.2101498075660039
6400.0,-739.7371948994017,3.6146228,41.479103,0.2097954468353542
6400.0,-739.737778478111,3.6141016,41.441666,0.2094410858251494
6400.0,-739.7452759081694,3.613781,41.45417,0.209086724787689
6400.0,-739.7377575432997,3.6135004,41.404228,0.2087323637875126
6400.0,-739.7454559749772,3.6135004,41.529045,0.2083780026637947
6400.0,-739.7384920006826,3.6131394,41.466637,0.2080236413117868
6400.0,-739.7443290645476,3.6128988,41.466637,0.207669280727894
6400.0,-739.736992996129,3.612498,41.466637,0.2073149200939633
6400.0,-739.7452465255104,3.6125782,41.491611,0.2069605590705781
6400.0,-739.7377192257379,3.612498,41.441666,0.2066061980887573
6400.0,-739.7431753353615,3.6120169,41.45417,0.2062518380575367
6400.0,-739.7361960637753,3.6116562,41.504078,0.2058974778053653
6400.0,-739.74429659391,3.6113353,41.416733,0.2055431172370269
6400.0,-739.7380953713129,3.6112151,41.45417,0.2051887560750188
6400.0,-739.7354568823852,3.610774,41.491611,0.2048343961769418
6400.0,-739.7431436091947,3.6106539,41.429199,0.2044800361609191
6400.0,-739.7328594944694,3.610373,41.429199,0.2041256775070844
6400.0,-739.7429767013915,3.6100523,41.466637,0.2037713175710157
6400.0,-739.7329761570879,3.6098921,41.441666,0.2034169588612954
6400.0,-739.742231934355,3.6095712,41.45417,0.2030625992819933
6400.0,-739.7338866993097,3.6090901,41.529045,0.2027082401360905
6400.0,-739.741924303334,3.6092105,41.516544,0.2023538807041533
6400.0,-739.7348843875457,3.6088898,41.466637,0.2019995210803219
6400.0,-739.7420248652307,3.6085289,41.491611,0.2016451616002124
6400.0,-739.7351982408893,3.6083283,41.466637,0.201290801826034
6400.0,-739.742521486888,3.6079676,41.466637,0.2009364421080272
6400.0,-739.7357385457682,3.6075666,41.479103,0.2005820820750234
6400.0,-739.7337872373163,3.6074064,41.391762,0.2002277229767664
6400.0,-739.7415781708061,3.6072059,41.491611,0.1998733637106375
6400.0,-739.7348441415002,3.6068852,41.491611,0.1995190041060854
6400.0,-739.7413553055148,3.6066446,41.479103,0.1991646449467159
6400.0,-739.7358862024582,3.6064842,41.466637,0.1988102848429791
6400.0,-739.743324530159,3.6061234,41.529045,0.1984559247402896
6400.0,-739.7362529241656,3.6059229,41.516544,0.19810156446088
6400.0,-739.7428770546334,3.6055622,41.516544,0.1977472045725452
6400.0,-739.7352471908952,3.6052012,41.504078,0.197392844774918
6400.0,-739.7409816588721,3.6050007,41.491611,0.1970384857945368
6400.0,-739.7340301679325,3.6047602,41.591419,0.1966841265799074
6400.0,-739.7413831507329,3.6048405,41.516544,0.1963297674071991
6400.0,-739.7344243553885,3.6042793,41.466637,0.1959754080037397
6400.0,-739.734707850258,3.6039183,41.529045,0.1956210484644761
6400.0,-739.7416995948736,3.6036377,41.466637,0.1952666891401812
6400.0,-739.7357168669029,3.6033971,41.441666,0.1949123291175623
6400.0,-739.7417014382474,3.6031165,41.45417,0.1945579697923844
6400.0,-739.7346146253458,3.6029961,41.491611,0.1942036102977788
6400.0,-739.7438841652024,3.6025152,41.504078,0.1938492499270067
6400.0,-739.7354384257081,3.6023548,41.529045,0.1934948900377711
6400.0,-739.7409974916691,3.6022344,41.479103,0.1931405310498055
6400.0,-739.7331295861321,3.6017535,41.529045,0.1927861722665872
6400.0,-739.7402378558825,3.6013925,41.504078,0.1924318136425108
6400.0,-739.7326717145152,3.6013525,41.479103,0.1920774550786295
6400.0,-739.7422599987398,3.6007109,41.529045,0.1917230954858837
6400.0,-739.7345174092255,3.6006308,41.529045,0.1913687360378481
6400.0,-739.7331842125183,3.6003101,41.553978,0.1910143772284618
6400.0,-739.7405179480276,3.6001096,41.516544,0.1906600184702126
6400.0,-739.7319210708845,3.5996685,41.404228,0.1903056602659165
6400.0,-739.7390686360529,3.5993078,41.479103,0.1899513022019329
6400.0,-739.7323767453317,3.5992277,41.553978,0.1895969437793524
6400.0,-739.7395945421432,3.5991073,41.516544,0.1892425854634433
6400.0,-739.7335783999742,3.5987866,41.529045,0.188888226465227
6400.0,-739.7406726727421,3.5986261,41.479103,0.1885338676328599
6400.0,-739.7326275378337,3.5980248,41.516544,0.1881795090901407
6400.0,-739.7399537481373,3.5979447,41.466637,0.1878251506021608
6400.0,-739.7330557704745,3.5975437,41.429199,0.1874707918543028
6400.0,-739.7389503615599,3.597223,41.578953,0.1871164338469764
6400.0,-739.7331101158962,3.597183,41.466637,0.186762075073085
6400.0,-739.7334004830351,3.596822,41.591419,0.1864077161600973
6400.0,-739.7415165620511,3.5963809,41.491611,0.1860533569234808
6400.0,-739.7327245830835,3.5959802,41.466637,0.1856989983342735
6400.0,-739.738845319127,3.5958598,41.466637,0.1853446403772656
6400.0,-739.7329738133991,3.5956192,41.504078,0.184990281668668
6400.0,-739.740570621085,3.5952585,41.504078,0.1846359228851868
6400.0,-739.7318413598869,3.5949779,41.516544,0.1842815647190752
6400.0,-739.7396380478536,3.5946972,41.529045,0.1839272063823255
6400.0,-739.7321476816261,3.5942161,41.516544,0.1835728480694748
6400.0,-739.7387549013117,3.594136,41.529045,0.1832184901557799
6400.0,-739.730370798011,3.5936549,41.45417,0.1828641326941203
6400.0,-739.740255214456,3.5932539,41.516544,0.1825097740617287
6400.0,-739.7331609458871,3.5932539,41.516544,0.1821554152634878
6400.0,-739.7334117746095,3.5927727,41.491611,0.1818010563450911
6400.0,-739.7385866386041,3.592452,41.504078,0.1814466985119993
6400.0,-739.7320716323735,3.5922115,41.541512,0.1810923402355788
6400.0,-739.7407899340753,3.5918508,41.541512,0.1807379813470398
6400.0,-739.7345367085909,3.5914097,41.466637,0.1803836218897592
6400.0,-739.7418773058954,3.5912492,41.45417,0.1800292624803352
6400.0,-739.7332655350194,3.5910487,41.504078,0.1796749036319924
6400.0,-739.7438935889602,3.5906479,41.529045,0.179320543256706
6400.0,-739.7359380936881,3.5904074,41.566486,0.1789661831281115
6400.0,-739.7427942176113,3.5902469,41.541512,0.1786118232794583
6400.0,-739.734646510195,3.5897257,41.45417,0.1782574637695787
6400.0,-739.7406471479077,3.5896056,41.441666,0.1779031049494387
6400.0,-739.7327435527812,3.5891244,41.491611,0.1775487463511442
6400.0,-739.7354629129892,3.588964,41.516544,0.1771943864501784
6400.0,-739.7428337566299,3.5885231,41.491611,0.1768400265825847
6400.0,-739.7351426866865,3.5881221,41.45417,0.1764856668350187
6400.0,-739.7422389411402,3.5880017,41.466637,0.1761313072523602
6400.0,-739.734686439465,3.587641,41.45417,0.1757769477233531
6400.0,-739.7417154518178,3.5872803,41.429199,0.1754225883914622
6400.0,-739.7352468248024,3.5869997,41.516544,0.1750682285940104
6400.0,-739.7428599164542,3.5864782,41.479103,0.1747138687138853
6400.0,-739.7346511609429,3.5863581,41.479103,0.1743595092017779
6400.0,-739.7412526321692,3.5860775,41.466637,0.1740051500915921
6400.0,-739.7338201103497,3.5855563,41.45417,0.1736507909775878
6400.0,-739.7411219674945,3.5854762,41.479103,0.1732964319299944
6400.0,-739.7355520846888,3.584995,41.466637,0.1729420719863121
6400.0,-739.7419537588439,3.5847545,41.466637,0.1725877125402648
6400.0,-739.73497307119,3.5842733,41.504078,0.1722333528739508
6400.0,-739.7353839824707,3.5842333,41.516544,0.1718789930107955
6400.0,-739.7428504677307,3.5837522,41.479103,0.1715246331351966
6400.0,-739.7360156815939,3.5834312,41.591419,0.1711702729694347
6400.0,-739.7424782492526,3.583271,41.429199,0.1708159132721401
6400.0,-739.7357314048127,3.5825894,41.429199,0.170461553242557
6400.0,-739.7422002812439,3.5824692,41.479103,0.1701071936784178
6400.0,-739.7347667731681,3.581908,41.479103,0.169752834110928
6400.0,-739.7411474440345,3.5820282,41.366829,0.1693984750511305
6400.0,-739.7339545089195,3.5813465,41.466637,0.1690441158727445
6400.0,-739.7432630556463,3.5810258,41.479103,0.1686897557995032
6400.0,-739.7348477058389,3.5808654,41.416733,0.1683353961932437
6400.0,-739.7393267546414,3.5805047,41.479103,0.1679810380056132
6400.0,-739.732343530148,3.5802641,41.491611,0.167626679598944
6400.0,-739.7326467639397,3.579783,41.429199,0.1672723210470148
6400.0,-739.7398152343898,3.5795023,41.541512,0.1669179626253873
6400.0,-739.7321542976919,3.5791013,41.516544,0.1665636043093672
6400.0,-739.7383451942818,3.5785401,41.466637,0.1662092465919348
6400.0,-739.7308492377326,3.5787005,41.479103,0.1658548889010854
6400.0,-739.7389023632396,3.5780189,41.441666,0.1655005309167516
6400.0,-739.7314583899273,3.5776582,41.466637,0.1651461729340964
6400.0,-739.7392408048796,3.5773776,41.404228,0.1647918147876385
6400.0,-739.7321392346877,3.5770566,41.566486,0.1644374564788341
6400.0,-739.7403611838965,3.5765758,41.466637,0.1640830977956798
6400.0,-739.7313698896362,3.5763352,41.553978,0.1637287398554194
6400.0,-739.7390283282115,3.5762548,41.491611,0.1633743818107445
6400.0,-739.7319916641492,3.5755332,41.45417,0.1630200235726317
6400.0,-739.7319968031569,3.5752926,41.491611,0.1626656653320572
6400.0,-739.7392433198735,3.5748918,41.466637,0.1623113071843946
6400.0,-739.7328796115577,3.5747714,41.529045,0.161956948520923
6400.0,-739.7402689722297,3.5743306,41.479103,0.161602589881941
6400.0,-739.7332274495141,3.5737691,41.441666,0.1612482310518426
6400.0,-739.7405934485936,3.5734084,41.404228,0.1608938722574262
6400.0,-739.7330908537745,3.5732479,41.504078,0.1605395134927621
6400.0,-739.7397993399968,3.5726466,41.404228,0.1601851550787485
6400.0,-739.7318203149819,3.5725265,41.491611,0.1598307969227181
6400.0,-739.7423778091152,3.5720453,41.529045,0.1594764372735375
6400.0,-739.7343914088909,3.5716844,41.466637,0.1591220778858607
6400.0,-739.7423588150792,3.5714037,41.491611,0.1587677182457788
6400.0,-739.7352655378876,3.571003,41.45417,0.1584133584393627
6400.0,-739.7337365413616,3.5705619,41.441666,0.1580589993653909
6400.0,-739.7403693878106,3.5704818,41.466637,0.1577046406783067
6400.0,-739.732320519925,3.5698802,41.429199,0.1573502822826602
6400.0,-739.7417165261643,3.5693991,41.466637,0.1569959229502547
6400.0,-739.7344313015311,3.5688379,41.516544,0.1566415635434678
6400.0,-739.7406512860856,3.5688779,41.479103,0.1562872047213455
6400.0,-739.733820134906,3.5682366,41.45417,0.1559328456073295
6400.0,-739.73929997231,3.5678356,41.466637,0.1555784874325286
6400.0,-739.7328577002265,3.5676351,41.466637,0.1552241287795533
6400.0,-739.7404219270352,3.5669537,41.504078,0.1548697700673012
6400.0,-739.7328785617783,3.5668333,41.404228,0.1545154114043326
6400.0,-739.7406889207484,3.5663121,41.404228,0.154161052564182
6400.0,-739.7324820793367,3.5661519,41.529045,0.1538066940911428
6400.0,-739.7330697229227,3.5656304,41.429199,0.153452335336601
6400.0,-739.740610221495,3.5650291,41.541512,0.15309797653415
6400.0,-739.7330502041881,3.5648286,41.491611,0.1527436177889584
6400.0,-739.7398107542627,3.5642674,41.504078,0.1523892593694771
6400.0,-739.7320134901473,3.5639868,41.429199,0.1520349011209089
6400.0,-739.7391875084966,3.5636661,41.479103,0.1516805429999816
6400.0,-739.7321006605132,3.563225,41.441666,0.1513261847096557
6400.0,-739.7405521885743,3.5627038,41.466637,0.1509718259350042
6400.0,-739.7324681633137,3.5621026,41.516544,0.1506174674686311
6400.0,-739.7387149112722,3.561862,41.404228,0.1502631095740927
6400.0,-739.7317603414738,3.5613809,41.479103,0.1499087514467918
6400.0,-739.7393479958008,3.5610199,41.491611,0.1495543932489862
6400.0,-739.7323364381003,3.5608196,41.491611,0.1492000348457143
6400.0,-739.731549783353,3.5602982,41.491611,0.1488456768192783
6400.0,-739.7385218682011,3.5598974,41.504078,0.1484913190172135
6400.0,-739.7324965689526,3.5593362,41.379295,0.1481369605372332
6400.0,-739.738868500249,3.5590956,41.466637,0.1477826025691208
6400.0,-739.7324182613442,3.5585344,41.504078,0.1474282441266527
6400.0,-739.7411047799977,3.5582938,41.479103,0.1470738850872927
6400.0,-739.7320362562403,3.5577726,41.45417,0.1467195268278187
6400.0,-739.7390924394774,3.5575721,41.466637,0.1463651687524325
6400.0,-739.7320634657856,3.5570509,41.504078,0.1460108104799241
6400.0,-739.7402905663886,3.5563693,41.416733,0.1456564518305978
6400.0,-739.7313084276107,3.5559683,41.45417,0.1453020939197799
6400.0,-739.7396810419705,3.5556076,41.466637,0.1449477355624348
6400.0,-739.7332589064708,3.555367,41.441666,0.1445933767172673
6400.0,-739.7337139093047,3.5548058,41.491611,0.1442390176541371
6400.0,-739.7400536267496,3.5544851,41.479103,0.1438846591183123
6400.0,-739.7334443063112,3.554044,41.416733,0.1435303001843317
6400.0,-739.7424516011633,3.5533223,41.479103,0.1431759404998023
6400.0,-739.7330092376216,3.5531619,41.479103,0.1428215817742353
6400.0,-739.7417791732495,3.5528011,41.491611,0.1424672224118199
6400.0,-739.7354899756062,3.5522399,41.479103,0.14211286249789
6400.0,-739.741532638162,3.5517988,41.466637,0.1417585032535726
6400.0,-739.734594289093,3.5512776,41.441666,0.1414041437687088
6400.0,-739.7424435079581,3.5508366,41.516544,0.1410497840880564
6400.0,-739.7367368812659,3.5501149,41.479103,0.1406954235768139
6400.0,-739.742548366422,3.5497541,41.404228,0.140341063845931
6400.0,-739.7343918363742,3.5493531,41.491611,0.1399867044580494
6400.0,-739.7352638901637,3.5490324,41.504078,0.1396323446524227
6400.0,-739.742264039101,3.5482707,41.466637,0.1392779850577414
6400.0,-739.7344347314244,3.5480702,41.541512,0.1389236256493115
6400.0,-739.7432822571844,3.5474288,41.491611,0.1385692655668721
6400.0,-739.7351106197118,3.5468276,41.479103,0.1382149058346674
6400.0,-739.7426035180479,3.5464265,41.553978,0.1378605460773651
6400.0,-739.7364758598608,3.5458252,41.466637,0.1375061856911613
6400.0,-739.7420835081756,3.5453441,41.429199,0.1371518261829599
6400.0,-739.7348139166529,3.5450232,41.491611,0.1367974665928867
6400.0,-739.7430572194623,3.5444219,41.516544,0.1364431066182473
6400.0,-739.734099088303,3.5438206,41.441666,0.1360887473706026
6400.0,-739.7434961503527,3.5435801,41.429199,0.1357343871857016
6400.0,-739.7347116225062,3.5430989,41.479103,0.1353800276446309
6400.0,-739.7348718016525,3.5424573,41.466637,0.1350256680268287
6400.0,-739.7420494753359,3.5418561,41.441666,0.1346713085349302
6400.0,-739.7347215587807,3.5412948,41.429199,0.1343169489890996
6400.0,-739.7425379782081,3.5412145,41.429199,0.133962589263193
6400.0,-739.7340506879477,3.5402524,41.379295,0.1336082300387338
6400.0,-739.7409918033628,3.5398915,41.541512,0.1332538710534931
6400.0,-739.7364621388552,3.5394104,41.504078,0.1328995106738621
6400.0,-739.7430286792957,3.5389695,41.45417,0.1325451507128943
6400.0,-739.7349019534449,3.5383279,41.391762,0.1321907910806483
6400.0,-739.7452212204565,3.5376463,41.391762,0.131836430069385
6400.0,-739.7371972064608,3.5373256,41.479103,0.1314820693376302
6400.0,-739.7446820818969,3.5368044,41.366829,0.1311277085846311
6400.0,-739.7378936632621,3.5361228,41.45417,0.1307733475192484
6400.0,-739.7372777599423,3.5356016,41.416733,0.1304189867489056
6400.0,-739.7450162511168,3.5352809,41.354324,0.130064625835829
6400.0,-739.7362585025255,3.5347598,41.404228,0.1297102655537471
6400.0,-739.7453040947227,3.5341184,41.516544,0.1293559045027845
6400.0,-739.7366318157425,3.5334768,41.441666,0.1290015440418722
6400.0,-739.7425272973628,3.5327551,41.391762,0.128647184321082
6400.0,-739.7353081036795,3.5325146,41.45417,0.1282928244942754
6400.0,-739.7443861332168,3.5319133,41.391762,0.127938463883045
6400.0,-739.7369840846683,3.5314322,41.441666,0.1275841032533831
6400.0,-739.7438511936124,3.5305099,41.45417,0.1272297428984054
6400.0,-739.7360103713064,3.5301492,41.429199,0.1268753827351873
6400.0,-739.7426544950704,3.5293875,41.429199,0.1265210229534655
6400.0,-739.7349635014174,3.5291069,41.416733,0.1261666632917358
6400.0,-739.734447035944,3.5283051,41.504078,0.1258123038774116
6400.0,-739.7412911207841,3.5276234,41.441666,0.1254579447487885
6400.0,-739.7327040147742,3.5274229,41.466637,0.1251035861694341
6400.0,-739.7411372991345,3.5266612,41.404228,0.1247492271144964
6400.0,-739.7346563736194,3.5258994,41.429199,0.124394867599892
6400.0,-739.7411414131651,3.5253782,41.416733,0.1240405085429835
6400.0,-739.735222984783,3.5248971,41.429199,0.1236861487569519
6400.0,-739.7431838804061,3.5243359,41.441666,0.123331788721638
6400.0,-739.7345386616308,3.523494,41.404228,0.1229774292634218
6400.0,-739.7423272104672,3.523133,41.466637,0.1226230696384795
6400.0,-739.7340374556114,3.5222912,41.404228,0.122268710420359
6400.0,-739.7433854803908,3.5218501,41.404228,0.1219143502884724
6400.0,-739.7360021562199,3.5210483,41.429199,0.1215599901291897
6400.0,-739.7357683308541,3.5204871,41.45417,0.1212056300819177
6400.0,-739.7440983632805,3.5199659,41.416733,0.120851269608538
6400.0,-739.7362802673377,3.5192842,41.466637,0.12049690931603
6400.0,-739.7432294371973,3.5188835,41.429199,0.1201425492588929
6400.0,-739.7357656212773,3.5179613,41.404228,0.1197881892129189
6400.0,-739.7425564236111,3.51736,41.416733,0.1194338294781764
6400.0,-739.7356372400103,3.5167985,41.429199,0.1190794694937016
6400.0,-739.7443145142133,3.5159967,41.466637,0.1187251089167789
6400.0,-739.7372464859295,3.5154755,41.441666,0.1183707481614174
6400.0,-739.7432660220703,3.5146737,41.466637,0.1180163880867551
6400.0,-739.7373720100777,3.5140321,41.391762,0.1176620272712631
6400.0,-739.7442253168557,3.5135512,41.491611,0.1173076667370687
6400.0,-739.739072832776,3.5128295,41.366829,0.1169533051068213
6400.0,-739.7386204048688,3.5120277,41.391762,0.1165989436933033
6400.0,-739.7450293616223,3.5114262,41.379295,0.1162445827739464
6400.0,-739.7375835330541,3.5106645,41.379295,0.1158902218571272
6400.0,-739.7439750467261,3.5103037,41.429199,0.11553586144282
6400.0,-739.7369071812677,3.509582,41.466637,0.1151815008499977
6400.0,-739.7445489507273,3.5087802,41.416733,0.1148271401607726
6400.0,-739.7385977619663,3.5081787,41.404228,0.1144727787581013
6400.0,-739.7471189114311,3.5072968,41.45417,0.1141184168377849
6400.0,-739.74025925293,3.5066152,41.391762,0.1137640546391996
6400.0,-739.7463164290712,3.5058935,41.441666,0.1134096931032973
6400.0,-739.7370111843243,3.5049314,41.429199,0.1130553324606538
6400.0,-739.7438536959188,3.5045304,41.416733,0.1127009721044774
6400.0,-739.7353344341111,3.5036485,41.491611,0.1123466122650575
6400.0,-739.7347290052569,3.503047,41.466637,0.1119922527156599
6400.0,-739.7432900700364,3.5022852,41.379295,0.1116378926294778
6400.0,-739.7361516789798,3.5015635,41.354324,0.1112835323985683
6400.0,-739.7423626847728,3.5010827,41.429199,0.1109291727566327
6400.0,-739.7356407802021,3.5000803,41.379295,0.110574812770462
6400.0,-739.7442940429,3.4992783,41.45417,0.1102204522033457
6400.0,-739.736305389193,3.4985166,41.416733,0.1098660918988034
6400.0,-739.7438811619437,3.4979153,41.391762,0.10951173152947
6400.0,-739.7356969079977,3.4971535,41.391762,0.1091573715164121
6400.0,-739.7434481520324,3.4962313,41.429199,0.1088030113545038
6400.0,-739.7346630385931,3.4957504,41.466637,0.1084486518367066
6400.0,-739.7437476163833,3.4946678,41.441666,0.1080942915313456
6400.0,-739.7374650152115,3.4942269,41.354324,0.1077399306713007
6400.0,-739.7364419853419,3.4932647,41.404228,0.107385570301324
6400.0,-739.7443861452905,3.4929037,41.416733,0.1070312096900878
6400.0,-739.7367417519966,3.4918213,41.366829,0.106676849176512
6400.0,-739.7440938706706,3.4911799,41.366829,0.1063224887052844
6400.0,-739.736756741946,3.4899371,41.366829,0.1059681281845279
6400.0,-739.7455214053358,3.4893355,41.416733,0.1056137670294668
6400.0,-739.7352724476051,3.4884136,41.466637,0.1052594072197407
6400.0,-739.7416068695668,3.4879725,41.429199,0.1049050479398641
6400.0,-739.7347311170937,3.4869702,41.416733,0.1045506883894548
6400.0,-739.7416291717711,3.4861684,41.429199,0.1041963290988948
6400.0,-739.7332397178131,3.4853666,41.354324,0.1038419702629194
6400.0,-739.7411922557409,3.4845245,41.391762,0.1034876111816558
6400.0,-739.7350531247472,3.4836826,41.429199,0.1031332514769933
6400.0,-739.7430593188377,3.4827604,41.416733,0.1027788915013482
6400.0,-739.7340184249323,3.4819186,41.441666,0.1024245322923441
6400.0,-739.7361497746431,3.4811168,41.391762,0.1020701720623468
6400.0,-739.7422413216873,3.4802349,41.366829,0.1017158124785479
6400.0,-739.7354515358771,3.4793127,41.441666,0.1013614525830321
6400.0,-739.7432598819246,3.4786711,41.379295,0.1010070925113111
6400.0,-739.7364306452688,3.4778693,41.466637,0.1006527321467667
6400.0,-739.743033476406,3.4768269,41.404228,0.100298372183501
6400.0,-739.7359368359992,3.4761453,41.341858,0.099944012055509
6400.0,-739.744094444474,3.4751832,41.416733,0.0995896515840065
6400.0,-739.735377805757,3.4743814,41.416733,0.0992352917238101
6400.0,-739.7436956998705,3.4734592,41.329391,0.0988809314433187
6400.0,-739.736010517416,3.4726574,41.391762,0.0985265712800306
6400.0,-739.7426269314334,3.4716952,41.441666,0.0981722115115126
6400.0,-739.7362809021166,3.4706929,41.416733,0.0978178512187006
6400.0,-739.7354883158088,3.4698911,41.45417,0.0974634913055658
6400.0,-739.7439946636782,3.4689288,41.379295,0.0971091308818615
6400.0,-739.7338749317532,3.4682875,41.416733,0.0967547717415958
6400.0,-739.7406582441671,3.4670446,41.416733,0.0964004129161403
6400.0,-739.7320531380436,3.4660423,41.379295,0.0960460546485793
6400.0,-739.7395339097135,3.4652405,41.329391,0.0956916963617151
6400.0,-739.732589012567,3.4644384,41.379295,0.095337337837451
6400.0,-739.7396907827116,3.4635966,41.391762,0.0949829794754397
6400.0,-739.7329793062214,3.4623537,41.366829,0.0946286207642109
6400.0,-739.7419630729161,3.4618325,41.391762,0.0942742613137018
6400.0,-739.7344207421419,3.46067,41.379295,0.0939199019119733
6400.0,-739.7394571755931,3.459868,41.366829,0.0935655436618671
6400.0,-739.7330791224385,3.4586654,41.391762,0.0932111849028227
6400.0,-739.731920595312,3.4578636,41.404228,0.0928568266987544
6400.0,-739.7401888448117,3.4565804,41.466637,0.0925024680981559
6400.0,-739.7341098670613,3.4557786,41.391762,0.0921481088453477
6400.0,-739.7409969055875,3.4547763,41.391762,0.0917937498576629
6400.0,-739.7325530626363,3.4537339,41.404228,0.0914393913506201
6400.0,-739.7410564886367,3.452852,41.404228,0.0910850323343931
6400.0,-739.7346687393249,3.4519699,41.379295,0.090730672813865
6400.0,-739.7434208079713,3.4509275,41.354324,0.0903763126650554
6400.0,-739.73407927694,3.4498851,41.429199,0.090021953426901
6400.0,-739.7416231050903,3.4487627,41.416733,0.0896675941392471
6400.0,-739.7347082163507,3.4478405,41.404228,0.0893132345998081
6400.0,-739.741346504878,3.4468381,41.416733,0.0889588754446544
6400.0,-739.733924846001,3.4459162,41.379295,0.0886045162804779
6400.0,-739.7309025577266,3.4449139,41.429199,0.0882501585640863
6400.0,-739.740495206262,3.4439116,41.391762,0.0878957998167311
6400.0,-739.7343045804708,3.4425082,41.441666,0.0875414404706482
6400.0,-739.7409191343647,3.4416664,41.379295,0.0871870815202182
6400.0,-739.7337228086919,3.4405839,41.316887,0.0868327224528249
6400.0,-739.741608981425,3.4395413,41.404228,0.0864783631719367
6400.0,-739.7317015900481,3.4385793,41.391762,0.0861240050727799
6400.0,-739.7398319702517,3.4377372,41.441666,0.0857696466431354
6400.0,-739.7324370360245,3.4364142,41.429199,0.0854152881916735
6400.0,-739.7398204827256,3.4352517,41.404228,0.0850609297675318
6400.0,-739.7328428197571,3.4343295,41.466637,0.0847065711216849
6400.0,-739.7405883707207,3.4331267,41.416733,0.084352212329701
6400.0,-739.7331123867348,3.4320843,41.391762,0.0839978535547218
6400.0,-739.7334363470189,3.4309218,41.341858,0.083643494624554
6400.0,-739.7396732047666,3.4299595,41.429199,0.0832891362709631
6400.0,-739.7320821299628,3.4289572,41.391762,0.082934777989514
6400.0,-739.7402459255544,3.4277143,41.379295,0.082580419361572
6400.0,-739.7324543571799,3.4269125,41.441666,0.0822260609018126
6400.0,-739.7404130521151,3.4256697,41.491611,0.0818717021938118
6400.0,-739.732846713968,3.4244268,41.416733,0.0815173435460994
6400.0,-739.7394872171845,3.4234645,41.416733,0.0811629852816024
6400.0,-739.732137012757,3.4221015,41.404228,0.0808086269738624
6400.0,-739.7406946090548,3.4212596,41.404228,0.080454268130987
6400.0,-739.7316971707429,3.4200568,41.404228,0.0800999100339472
6400.0,-739.739796166889,3.4186935,41.391762,0.0797455516214536
6400.0,-739.7309378114877,3.4176111,41.429199,0.0793911938881742
6400.0,-739.731696157798,3.4165287,41.404228,0.0790368357916196
6400.0,-739.73961135147,3.4154463,41.429199,0.0786824774676584
6400.0,-739.7313060348093,3.4142034,41.429199,0.0783281195579867
6400.0,-739.7390863120193,3.413121,41.366829,0.0779737614855358
6400.0,-739.7315661533632,3.4118378,41.45417,0.0776194034512579
6400.0,-739.739992676518,3.4107955,41.441666,0.0772650449446302
6400.0,-739.7331801959353,3.409673,41.429199,0.0769106861371679
6400.0,-739.7403911530464,3.4085906,41.441666,0.0765563274396574
6400.0,-739.7316730863889,3.4070671,41.341858,0.0762019693541549
6400.0,-739.7387804507026,3.4059443,41.441666,0.075847611428221
6400.0,-739.7334128855749,3.4046614,41.379295,0.075493252509292
6400.0,-739.7410175968862,3.4036591,41.404228,0.0751388935116954
6400.0,-739.7326342026028,3.4024162,41.466637,0.0747845349657836
6400.0,-739.732596934411,3.4009731,41.416733,0.0744301764377246
6400.0,-739.7386209288777,3.3998103,41.479103,0.0740758185882067
6400.0,-739.7305998737901,3.3989284,41.391762,0.0737214610168116
6400.0,-739.7401475968659,3.3976455,41.391762,0.0733671024359721
6400.0,-739.7316863066517,3.3964427,41.291954,0.0730127443441365
6400.0,-739.740460257056,3.3949592,41.416733,0.0726583856135231
6400.0,-739.7318019555066,3.3938367,41.466637,0.0723040274662876
6400.0,-739.740088697715,3.3922732,41.45417,0.0719496689136627
6400.0,-739.7334800608152,3.3914311,41.416733,0.0715953099625543
6400.0,-739.7411078681811,3.3901882,41.429199,0.071240950921715
6400.0,-739.7327384504032,3.3888252,41.379295,0.0708865923258647
6400.0,-739.7410431090331,3.3873417,41.416733,0.070532233316047
6400.0,-739.7314563026466,3.3863795,41.391762,0.0701778753343917
6400.0,-739.7324552854059,3.384856,41.391762,0.0698235168741876
6400.0,-739.7398076294494,3.3836935,41.366829,0.0694691584562031
6400.0,-739.7319318252912,3.3824906,41.416733,0.0691148002467553
6400.0,-739.7414352258398,3.3812878,41.429199,0.0687604410491014
6400.0,-739.7357669153913,3.3797643,41.45417,0.0684060810025075
6400.0,-739.7430113330003,3.3786018,41.329391,0.0680517210498492
6400.0,-739.734421218533,3.3771183,41.441666,0.0676973616478925
6400.0,-739.7415069541197,3.3757954,41.416733,0.0673430024158785
6400.0,-739.735362717992,3.3744721,41.416733,0.0669886425629096
6400.0,-739.7416969710126,3.3731492,41.404228,0.0666342832398717
6400.0,-739.7334125192776,3.3718662,41.441666,0.0662799243211182
6400.0,-739.7401241957585,3.3707438,41.45417,0.0659255657514886
6400.0,-739.7334498971538,3.3693404,41.416733,0.0655712068148297
6400.0,-739.7337419122213,3.367857,41.416733,0.0652168477382851
6400.0,-739.7400604262372,3.366534,41.404228,0.0648624891992031
6400.0,-739.7335168157813,3.3650506,41.441666,0.0645081302304878
6400.0,-739.7403901274037,3.3635674,41.404228,0.0641537715334687
6400.0,-739.7341665318202,3.3623645,41.416733,0.0637994122535161
6400.0,-739.7414612643141,3.3608811,41.391762,0.0634450530433889
6400.0,-739.7338002856853,3.3595982,41.354324,0.0630906939388814
6400.0,-739.7422225470227,3.3583553,41.391762,0.0627363343640761
6400.0,-739.7341388344242,3.3567116,41.441666,0.0623819750973915
6400.0,-739.741973766449,3.3552282,41.416733,0.0620276156417599
6400.0,-739.7341235146026,3.3540654,41.429199,0.0616732563824141
6400.0,-739.7418191145853,3.3526223,41.366829,0.0613188970008655
6400.0,-739.7348381111008,3.3508983,41.45417,0.0609645373992023
6400.0,-739.7349856564692,3.3496954,41.391762,0.0606101777268595
6400.0,-739.74281963276,3.3484926,41.45417,0.0602558178660315
6400.0,-739.733522626607,3.3468089,41.404228,0.0599014588945327
6400.0,-739.739705467902,3.3452051,41.416733,0.0595471005254867
6400.0,-739.7337866995346,3.3439221,41.466637,0.0591927414274874
6400.0,-739.7423558486553,3.342479,41.416733,0.0588383817888265
6400.0,-739.7348385870827,3.3409152,41.366829,0.0584840221869353
6400.0,-739.7426191191954,3.3395121,41.466637,0.0581296624221596
6400.0,-739.7340779455823,3.3380287,41.429199,0.0577753031846429
6400.0,-739.7403137112898,3.3365452,41.404228,0.0574209445242295
6400.0,-739.734219229518,3.3350217,41.416733,0.0570665852190328
6400.0,-739.7416838598932,3.3334982,41.391762,0.0567122259022754
6400.0,-739.7346816301248,3.3319347,41.366829,0.0563578663755722
6400.0,-739.7347854985313,3.3304513,41.391762,0.0560035067991122
6400.0,-739.7425513817544,3.3288076,41.404228,0.0556491470667849
6400.0,-739.735226244215,3.3272841,41.341858,0.0552947872791919
6400.0,-739.7402161516287,3.32552,41.429199,0.0549404286655125
6400.0,-739.7340666668998,3.3242371,41.354324,0.0545860694333988
6400.0,-739.7399474369147,3.3225932,41.404228,0.0542317109484422
6400.0,-739.7338891772392,3.3210697,41.404228,0.0538773518013524
6400.0,-739.7411266555331,3.3194661,41.391762,0.0535229927515133
6400.0,-739.7342333280757,3.3180227,41.441666,0.0531686334395628
6400.0,-739.7416341407769,3.3162587,41.404228,0.0528142741466225
6400.0,-739.7326164660376,3.3146551,41.441666,0.0524599156092071
6400.0,-739.7405476597436,3.3130114,41.441666,0.0521055568367251
6400.0,-739.7322352790659,3.3112874,41.441666,0.051751198481912
6400.0,-739.7332797195239,3.309844,41.416733,0.0513968396267744
6400.0,-739.7399589727353,3.3079998,41.416733,0.0510424811362917
6400.0,-739.73337243162,3.3066769,41.429199,0.0506881222367417
6400.0,-739.7413690878449,3.3049128,41.404228,0.05033376307077
6400.0,-739.7325489367782,3.3030283,41.341858,0.0499794045657035
6400.0,-739.7393574066664,3.3015852,41.429199,0.0496250463633898
6400.0,-739.7329920869274,3.2997811,41.366829,0.0492706876460385
6400.0,-739.7397734132545,3.2981372,41.416733,0.0489163292444446
6400.0,-739.7318303486628,3.2964935,41.429199,0.0485619710836078
6400.0,-739.74128024451,3.2946491,41.391762,0.0482076119601948
6400.0,-739.732818698978,3.2928853,41.404228,0.0478532533259026
6400.0,-739.740950763124,3.2913618,41.379295,0.0474988943603215
6400.0,-739.7346138688089,3.2894373,41.329391,0.0471445348660783
6400.0,-739.7349582394237,3.2875931,41.379295,0.0467901752068692
6400.0,-739.7441102404362,3.2859893,41.391762,0.0464358147278
6400.0,-739.7363804130179,3.2839446,41.391762,0.0460814543873187
6400.0,-739.7423270524871,3.2821805,41.491611,0.045727094762452
6400.0,-739.7370788719714,3.2804165,41.391762,0.0453727340873837
6400.0,-739.7455926093346,3.2786527,41.416733,0.0450183728982136
6400.0,-739.7373265757074,3.2766881,41.429199,0.0446640121044862
6400.0,-739.7419051384259,3.274924,41.379295,0.0443096526817296
6400.0,-739.7364434501218,3.2731199,41.441666,0.0439552923110512
6400.0,-739.7441142320937,3.271436,41.416733,0.0436009318300698
6400.0,-739.7375873658744,3.2693112,41.466637,0.0432465709114146
6400.0,-739.744884500022,3.2675872,41.45417,0.0428922100614509
6400.0,-739.7375692380465,3.2655425,41.429199,0.0425378491514796
6400.0,-739.7370863063741,3.2638586,41.416733,0.0421834884728499
6400.0,-739.7433662545008,3.2617338,41.429199,0.0418291283501731
6400.0,-739.7348860596211,3.2598495,41.45417,0.0414747687255407
6400.0,-739.7426521640456,3.2577646,41.429199,0.0411204089449356
6400.0,-739.7357749473291,3.2560408,41.416733,0.040766048894494
6400.0,-739.7427502107438,3.2541564,41.553978,0.0404116890669214
6400.0,-739.7355135719049,3.2519515,41.441666,0.0400573291416881
6400.0,-739.7438362157906,3.2498264,41.441666,0.0397029687938852
6400.0,-739.7355038791464,3.2478619,41.491611,0.0393486088732951
6400.0,-739.7433482124381,3.2460177,41.416733,0.0389942487592611
6400.0,-739.7370803367513,3.2437725,41.491611,0.038639888083491
6400.0,-739.746134213366,3.2417278,41.429199,0.0382855266348757
6400.0,-739.7368434242566,3.2396431,41.466637,0.0379311660725953
6400.0,-739.7462371075153,3.2376385,41.45417,0.0375768045746905
6400.0,-739.7369076204152,3.2356739,41.529045,0.0372224439816578
6400.0,-739.738349947318,3.233429,41.504078,0.0368680826976986
6400.0,-739.7452975148111,3.2313843,41.429199,0.036513721649888
6400.0,-739.7379527697301,3.2291791,41.45417,0.0361593605561911
6400.0,-739.7451420697729,3.226974,41.504078,0.0358049995828435
6400.0,-739.7380324199511,3.2247691,41.466637,0.0354506384509914
6400.0,-739.7459293905465,3.2224035,41.429199,0.0350962771004926
6400.0,-739.7379659290116,3.2201583,41.441666,0.034741916000492
6400.0,-739.7446011606903,3.2183542,41.441666,0.0343875552862567
6400.0,-739.737052101983,3.2158284,41.429199,0.0340331946240121
6400.0,-739.7448962433449,3.213383,41.504078,0.033678833768423
6400.0,-739.7369248200172,3.2112982,41.441666,0.0333244731671511
6400.0,-739.7431352229487,3.2090931,41.504078,0.0329701131551456
6400.0,-739.7362511534559,3.2066474,41.541512,0.0326157528765842
6400.0,-739.7361340643773,3.2043221,41.479103,0.0322613926541127
6400.0,-739.7464777582537,3.2018766,41.491611,0.0319070310409287
6400.0,-739.736101898973,3.1996315,41.391762,0.0315526708338656
6400.0,-739.744383142441,3.1971457,41.504078,0.0311983102240678
6400.0,-739.7373754528629,3.1946599,41.504078,0.0308439494069265
6400.0,-739.7454644833917,3.1925752,41.504078,0.0304895882791327
6400.0,-739.7376666260604,3.1898088,41.441666,0.030135227322509
6400.0,-739.7446596567055,3.187243,41.479103,0.0297808665802523
6400.0,-739.7372467544112,3.1848373,41.45417,0.0294265058247622
6400.0,-739.7430614315143,3.1821914,41.491611,0.0290721458481051
6400.0,-739.7362148744714,3.1796656,41.441666,0.0287177855869227
6400.0,-739.7451842574137,3.1770196,41.541512,0.0283634245933659
6400.0,-739.7375818849209,3.174614,41.404228,0.0280090636773362
6400.0,-739.7363349057973,3.1718075,41.553978,0.0276547033586544
6400.0,-739.7450949135356,3.1692417,41.45417,0.0273003424078961
6400.0,-739.737417225079,3.1664352,41.391762,0.0269459815707445
6400.0,-739.7460136438642,3.1636689,41.491611,0.0265916201798857
6400.0,-739.7387910343335,3.1608224,41.541512,0.02623725868463
6400.0,-739.7430772274766,3.1582565,41.45417,0.0258828987004062
6400.0,-739.7351576041949,3.1552896,41.491611,0.0255285389456942
6400.0,-739.7432993466598,3.1525233,41.441666,0.0251741788550684
6400.0,-739.7358419277565,3.1494362,41.491611,0.0248198187725408
6400.0,-739.7450764445994,3.1468303,41.541512,0.0244654578306297
6400.0,-739.7364821094246,3.1438234,41.441666,0.0241110974414321
6400.0,-739.7450693031627,3.1409369,41.45417,0.0237567365029419
6400.0,-739.7370603418303,3.1378095,41.466637,0.0234023758367502
6400.0,-739.7364832083165,3.1347225,41.416733,0.0230480154470261
6400.0,-739.7427318150677,3.1317959,41.441666,0.0226936556282656
6400.0,-739.735676974058,3.1284683,41.504078,0.0223392956247568
6400.0,-739.742495851754,3.1255815,41.529045,0.0219849359190301
6400.0,-739.7347978159429,3.1222939,41.416733,0.0216305763366696
6400.0,-739.7440099832446,3.1188862,41.491611,0.0212762159056267
6400.0,-739.736818301992,3.1157191,41.466637,0.0209218553553808
6400.0,-739.7441642692165,3.1123111,41.441666,0.0205674948504301
6400.0,-739.7365445117497,3.1089435,41.529045,0.0202131344313395
6400.0,-739.7433808414652,3.106097,41.566486,0.0198587743016751
6400.0,-739.736108600781,3.1024485,41.441666,0.0195044140914016
6400.0,-739.7434837847275,3.0989606,41.529045,0.0191500539124242
6400.0,-739.7369577294756,3.0953121,41.553978,0.0187956932953874
6400.0,-739.7354045884329,3.0920649,41.541512,0.0184413334223612
6400.0,-739.7464114974764,3.0882158,41.479103,0.0180869718409181
6400.0,-739.7384977010053,3.0844874,41.429199,0.0177326104861796
6400.0,-739.7445480114416,3.0808389,41.516544,0.0173782497974044
6400.0,-739.7365677051214,3.0770302,41.491611,0.0170238893672034
6400.0,-739.7449027127522,3.0731814,41.479103,0.0166695285085152
6400.0,-739.7372221576502,3.069453,41.566486,0.0163151677648079
6400.0,-739.7453214889032,3.0654838,41.491611,0.0159608067055129
6400.0,-739.7378650752931,3.0614345,41.541512,0.0156064456538249
6400.0,-739.744199388681,3.0573051,41.553978,0.0152520851320509
6400.0,-739.738764044976,3.0531757,41.504078,0.014897723649724
6400.0,-739.7462341042565,3.0487654,41.479103,0.0145433621532579
6400.0,-739.7368928502442,3.044596,41.553978,0.0141890015673006
6400.0,-739.7396252103226,3.040226,41.566486,0.0138346396724446
6400.0,-739.7463672348122,3.0359762,41.516544,0.0134802781122048
6400.0,-739.73896458108,3.0312853,41.529045,0.0131259165338139
6400.0,-739.7459570399267,3.0267148,41.479103,0.0127715551700702
6400.0,-739.7378849961361,3.0218637,41.504078,0.0124171941088394
6400.0,-739.7460557099504,3.0170126,41.541512,0.0120628326978296
6400.0,-739.7378101675334,3.0124822,41.529045,0.0117084716724444
6400.0,-739.747732977572,3.0071902,41.491611,0.0113541094579712
6400.0,-739.7393501869477,3.0021386,41.516544,0.0109997476948613
6400.0,-739.7453663998588,2.997087,41.516544,0.0106453866140525
6400.0,-739.7371904682277,2.9914742,41.603924,0.0102910258855256
6400.0,-739.7464517439266,2.9860215,41.504078,0.0099366642848032
6400.0,-739.7393531177353,2.9802885,41.466637,0.0095823025202893
6400.0,-739.7396661157031,2.9746757,41.491611,0.0092279406058381
6400.0,-739.7466283325122,2.9687822,41.541512,0.0088735789205244
6400.0,-739.7374739508191,2.9625678,41.566486,0.008519218056199
6400.0,-739.7399362309696,2.9561532,41.491611,0.0081648595766104
6400.0,-739.7257872982846,2.9497786,41.61639,0.0078105043106121
6400.0,-739.7320452095461,2.9429629,41.479103,0.0074561496110686
6400.0,-739.7253427570241,2.9361072,41.529045,0.0071017945580216
6400.0,-739.7341828057649,2.9289308,41.516544,0.0067474388345029
6400.0,-739.7254910231183,2.9215138,41.529045,0.0063930837104311
6400.0,-739.733626309041,2.9137759,41.479103,0.0060387282534917
6400.0,-739.7272824694041,2.9058778,41.541512,0.0056843722712526
6400.0,-739.7331206544835,2.897619,41.566486,0.0053300170565375
6400.0,-739.7262553263637,2.8888788,41.578953,0.0049756615663369
6400.0,-739.7268090585964,2.8797379,41.541512,0.0046213058108786
6400.0,-739.7336399076067,2.8705568,41.491611,0.0042669503474251
6400.0,-739.7252317222873,2.8606141,41.529045,0.0039125953475677
6400.0,-739.7331337406371,2.8499897,41.479103,0.0035582401265839
6400.0,-739.7262107461414,2.8390446,41.541512,0.0032038846577388
6400.0,-739.7331713382606,2.8272176,41.491611,0.0028495294187446
6400.0,-739.7278529747787,2.8146687,41.591419,0.0024951731632129
6400.0,-739.7222000018728,2.8011177,41.566486,0.0021408231798307
6400.0,-739.7077946450737,2.7869651,41.504078,0.0017864765329606
6400.0,-739.7177733544172,2.7714896,41.566486,0.0014321286700805
6400.0,-739.7092598849978,2.7550521,41.566486,0.0010777813213078
6400.0,-739.7167934780189,2.7376924,41.466637,0.0007234339278189
6400.0,-739.7077652508415,2.7194905,41.479103,0.0003690872950297
6400.0,-739.7074217589309,2.7008076,41.566486,1.47408267856e-05
6400.0,-739.8715430238564,2.7000861,41.591419,0.0
