Cycle,Current,Voltage,Temperature,SOC
1000.0,-703.0273117281861,4.1930647,40.047501,1.0
1000.0,-703.0273117281861,4.1759801,39.985092,0.9997213747625252
1000.0,-739.5805155786346,4.1744561,40.02253,0.9994282656319292
1000.0,-739.5794780730072,4.172852,40.034996,0.9991351569125152
1000.0,-739.5722639986321,4.1718493,40.047501,0.9988420481040114
1000.0,-739.5797272930952,4.1707664,39.972588,0.9985489392858272
1000.0,-739.5727568796522,4.1695633,39.997559,0.9982558302819836
1000.0,-739.5799115714522,4.1687613,39.972588,0.9979627213907664
1000.0,-739.579356526936,4.1677589,39.985092,0.9976696127195234
1000.0,-739.5723395109778,4.167037,40.034996,0.9973765038810924
1000.0,-739.5793377890215,4.1661544,40.02253,0.9970833952172754
1000.0,-739.5716442749392,4.165513,40.047501,0.996790286654382
1000.0,-739.5775025984271,4.1644702,40.010063,0.9964971787178842
1000.0,-739.5795681613844,4.1637082,40.010063,0.9962040699627668
1000.0,-739.5717645502655,4.1630263,39.947655,0.9959109613522052
1000.0,-739.5775163924424,4.1626253,40.010063,0.9956178534102408
1000.0,-739.569921907434,4.1618233,40.010063,0.9953247455299594
1000.0,-739.5768572824259,4.1610613,39.985092,0.995031637849212
1000.0,-739.5751235694063,4.1605401,39.997559,0.9947385308555668
1000.0,-739.5685762715827,4.1599784,39.985092,0.9944454235085906
1000.0,-739.5764184494785,4.159297,40.010063,0.9941523160017608
1000.0,-739.5687669201122,4.1588154,40.010063,0.9938592085792264
1000.0,-739.5765592949688,4.1582541,39.935146,0.9935661010165768
1000.0,-739.577930383945,4.1574922,39.997559,0.99327299291054
1000.0,-739.5704253963142,4.1571712,39.947655,0.9929798848307148
1000.0,-739.5787500173027,4.1565695,39.960121,0.9926867763998426
1000.0,-739.5702420475501,4.1561685,40.034996,0.9923936683926826
1000.0,-739.5781923848826,4.1554871,39.972588,0.9921005601828102
1000.0,-739.5776721061807,4.1550455,40.010063,0.9918074521791336
1000.0,-739.5708257362539,4.1544442,40.047501,0.9915143439406447
1000.0,-739.5783118679515,4.1541634,40.02253,0.9912212356834192
1000.0,-739.5707227460081,4.1533213,39.997559,0.9909281274857478
1000.0,-739.5771659632976,4.1530004,40.010063,0.9906350196826644
1000.0,-739.5771499964151,4.1523585,40.010063,0.9903419118859096
1000.0,-739.5688364388334,4.1519175,40.034996,0.9900488044358232
1000.0,-739.5766365170663,4.1514764,40.010063,0.9897556968425693
1000.0,-739.5693458236805,4.1513562,40.059967,0.9894625891906026
1000.0,-739.5788696102331,4.1505141,40.034996,0.9891694807123336
1000.0,-739.5775119856826,4.1501932,40.010063,0.9888763727721156
1000.0,-739.5711729148304,4.1497521,40.02253,0.9885832643960324
1000.0,-739.5775827502162,4.1492305,40.010063,0.9882901564277692
1000.0,-739.5705186087725,4.1488295,40.034996,0.987997048311002
1000.0,-739.5767537418269,4.1483483,40.02253,0.9877039406712896
1000.0,-739.575685730657,4.1481881,40.010063,0.9874108334548494
1000.0,-739.569507151058,4.1473856,40.02253,0.9871177257389452
1000.0,-739.5770116289705,4.1470652,39.972588,0.9868246179970276
1000.0,-739.5689436771015,4.1463833,39.985092,0.9865315105044404
1000.0,-739.5776335805776,4.1458616,39.947655,0.9862384025160322
1000.0,-739.5786133222286,4.1456614,39.972588,0.9859452941393346
1000.0,-739.569778585327,4.1452203,40.072475,0.9856521863158548
1000.0,-739.5783623199128,4.1446986,39.972588,0.9853590780386342
1000.0,-739.5722846528207,4.1443377,40.034996,0.9850659692219448
1000.0,-739.5791393870792,4.1439366,40.010063,0.984772860636758
1000.0,-739.5781140153384,4.1434555,40.02253,0.9844797524579448
1000.0,-739.572028562712,4.1431346,39.972588,0.9841866437427494
1000.0,-739.576725775342,4.1425333,40.072475,0.9838935361141208
1000.0,-739.5785924114884,4.1421323,40.047501,0.9836004277457104
1000.0,-739.5705975634763,4.1415305,40.010063,0.9833073195976518
1000.0,-739.5771310631949,4.1412096,39.997559,0.9830142118084004
1000.0,-739.5705349905493,4.1409693,40.034996,0.9827211036851404
1000.0,-739.5771480798769,4.1402874,40.034996,0.982427995889145
1000.0,-739.5780347058305,4.1400065,40.059967,0.9821348877417636
1000.0,-739.5709776398152,4.1393247,40.010063,0.9818417794430722
1000.0,-739.5772133146406,4.1390042,40.059967,0.981548671621223
1000.0,-739.5706181566424,4.1388836,39.972588,0.9812555634650024
1000.0,-739.5780354748644,4.1381216,40.047501,0.9809624553173164
1000.0,-739.5775170394339,4.1379614,40.047501,0.9806693473750956
1000.0,-739.5707431438465,4.1373997,39.960121,0.98037623916934
1000.0,-739.5787667532383,4.1369586,40.010063,0.9800831307318348
1000.0,-739.5702947084391,4.1365576,39.985092,0.9797900227038044
1000.0,-739.5774100319829,4.1360364,39.997559,0.9794969148039924
1000.0,-739.5769382032744,4.1359563,40.02253,0.9792038070911748
1000.0,-739.5704220638243,4.1354747,40.02253,0.9789106990126704
1000.0,-739.5781401140721,4.1350737,39.997559,0.9786175908235136
1000.0,-739.5697157438608,4.1346726,40.010063,0.9783244830249396
1000.0,-739.5786026654217,4.1344724,39.985092,0.9780313746524654
1000.0,-739.5778070922541,4.1337104,40.010063,0.9777382665952914
1000.0,-739.5696460176171,4.1333094,40.034996,0.9774451588243512
1000.0,-739.5789459900366,4.1328678,40.072475,0.9771520503158114
1000.0,-739.5702801699409,4.1325874,40.084942,0.9768589422935426
1000.0,-739.5775456162435,4.1323066,40.072475,0.9765658343399964
1000.0,-739.5773771827021,4.1319456,39.972588,0.9762727264532032
1000.0,-739.5693036485854,4.1315846,39.997559,0.9759796188179514
1000.0,-739.5769962846174,4.1311436,39.997559,0.975686511082115
1000.0,-739.5685448508368,4.1305418,39.997559,0.9753934037475916
1000.0,-739.5763705610501,4.1303415,40.02253,0.9751002962597408
1000.0,-739.5756584966334,4.1297798,40.047501,0.974807189054094
1000.0,-739.5686024677385,4.1293788,40.010063,0.9745140816967358
1000.0,-739.5758020276684,4.1290584,40.109909,0.9742209744342052
1000.0,-739.569247996989,4.1288977,40.109909,0.9739278668210092
1000.0,-739.5780340832404,4.1283765,40.010063,0.9736347586738746
1000.0,-739.5776399160562,4.1281357,39.997559,0.9733416506829554
1000.0,-739.5693751326149,4.1274137,40.072475,0.973048543019373
1000.0,-739.5757310068201,4.1271334,40.072475,0.9727554357849892
1000.0,-739.5692875475556,4.1265717,40.072475,0.9724623281561188
1000.0,-739.5774840314311,4.1265316,40.097408,0.9721692202269794
1000.0,-739.5776272695022,4.1259699,40.047501,0.9718761122410722
1000.0,-739.5697656093541,4.1256495,40.059967,0.9715830044227354
1000.0,-739.5749351650467,4.1253285,40.072475,0.971289897503758
1000.0,-739.5667084945843,4.1248474,40.047501,0.9709967908970232
1000.0,-739.5760261621976,4.1245265,40.059967,0.9707036835456636
1000.0,-739.5773982643849,4.1240449,40.072475,0.9704105756505156
1000.0,-739.5701695869494,4.1237245,40.02253,0.9701174676720732
1000.0,-739.5773408787835,4.1233234,40.134884,0.969824359799668
1000.0,-739.5704031185868,4.1230025,40.034996,0.969531251728672
1000.0,-739.5767636295744,4.1226416,40.059967,0.9692381440850412
1000.0,-739.577907861845,4.1222405,40.034996,0.96894503598793
1000.0,-739.5705090873322,4.1216788,40.059967,0.9686519278749366
1000.0,-739.5774509502066,4.1213984,40.047501,0.968358819958908
1000.0,-739.5695406225859,4.120997,40.02253,0.9680657122297384
1000.0,-739.5783207302928,4.1205959,40.072475,0.967772603969
1000.0,-739.579020489964,4.1201949,40.059967,0.9674794954309348
1000.0,-739.5704738702136,4.1200347,40.02253,0.9671863873318982
1000.0,-739.578219960702,4.1195536,40.02253,0.9668932791110968
1000.0,-739.5708218056147,4.1191926,40.059967,0.966600170874166
1000.0,-739.5798821645668,4.1189518,40.02253,0.9663070619946031
1000.0,-739.5778161987472,4.1184306,40.097408,0.9660139539338204
1000.0,-739.5709645173425,4.1179895,40.010063,0.9657208456403296
1000.0,-739.5782972926834,4.117548,40.047501,0.96542773738888
1000.0,-739.578020899577,4.1175079,40.02253,0.9651346292469702
1000.0,-739.5696325899244,4.1171069,40.072475,0.964841521481352
1000.0,-739.5769463331992,4.1164656,40.072475,0.9645484137653122
1000.0,-739.5689703493447,4.1161847,40.072475,0.9642553062621544
1000.0,-739.5769545363843,4.1158237,40.122375,0.9639621985428636
1000.0,-739.576217252094,4.1155829,40.109909,0.9636690911157718
1000.0,-739.5696399873647,4.1151419,40.047501,0.9633759833472216
1000.0,-739.577478513818,4.1146207,40.072475,0.9630828754202692
1000.0,-739.5699069783158,4.11446,40.059967,0.9627897675459046
1000.0,-739.5787468434371,4.1139789,40.034996,0.96249665911629
1000.0,-739.5787589284917,4.1134977,40.034996,0.962203550681886
1000.0,-739.5708608557072,4.1132169,40.059967,0.9619104424294788
1000.0,-739.5767567203501,4.1128559,40.010063,0.961617334788586
1000.0,-739.5691796867643,4.1125751,40.097408,0.9613242272024632
1000.0,-739.5770935141984,4.1123347,40.047501,0.961031119428093
1000.0,-739.5774291849198,4.1119738,40.109909,0.9607380115206904
1000.0,-739.5714729500339,4.1113319,40.097408,0.9604449030256969
1000.0,-739.5782576928746,4.1109309,40.010063,0.9601517947899416
1000.0,-739.5702997377111,4.1108108,40.034996,0.9598586867599176
1000.0,-739.5771763149102,4.1102896,40.047501,0.959565578952732
1000.0,-739.5784480381466,4.1099286,40.097408,0.9592724706415396
1000.0,-739.571302479622,4.1095276,40.122375,0.958979362214107
1000.0,-739.5787852836169,4.1092868,40.109909,0.958686253769258
1000.0,-739.5706403733342,4.1088457,40.047501,0.9583931456042328
1000.0,-739.5783445463665,4.1085649,40.097408,0.9581000373340558
1000.0,-739.5791844434808,4.1080837,40.072475,0.9578069287310126
1000.0,-739.5714859992983,4.107923,40.059967,0.957513820230847
1000.0,-739.5790608588386,4.107522,40.059967,0.9572207116767828
1000.0,-739.5709487337149,4.1072817,40.047501,0.9569276033895474
1000.0,-739.5795958226926,4.1065998,40.059967,0.9566344946234672
1000.0,-739.5794395962336,4.106359,40.122375,0.9563413859193022
1000.0,-739.570218268333,4.1061988,40.010063,0.9560482779215664
1000.0,-739.5791885817098,4.105958,40.059967,0.9557551693168832
1000.0,-739.5725163778411,4.1054368,40.02253,0.955462060408356
1000.0,-739.5801362186725,4.1049957,40.059967,0.955168951428107
1000.0,-739.5793996912464,4.1045947,40.109909,0.954875842739757
1000.0,-739.5722706147902,4.1041937,40.02253,0.9545827339286312
1000.0,-739.5799909908095,4.104033,40.047501,0.9542896250059384
1000.0,-739.5719958236381,4.1034718,40.047501,0.9539965163037184
1000.0,-739.579606748003,4.1034718,40.059967,0.9537034075333084
1000.0,-739.5786923387725,4.1030307,40.097408,0.953410299125295
1000.0,-739.5715094122949,4.1026697,40.122375,0.9531171906158504
1000.0,-739.5782011617496,4.1023088,40.109909,0.9528240824024996
1000.0,-739.5719919784374,4.1019077,40.034996,0.9525309737018032
1000.0,-739.5796770487067,4.101707,40.059967,0.9522378649035316
1000.0,-739.5804670920277,4.1012659,40.072475,0.9519447557921517
1000.0,-739.5730232846562,4.1009049,40.084942,0.951651646682726
1000.0,-739.5806537385935,4.1006241,40.072475,0.9513585374973744
1000.0,-739.5724730430424,4.1000628,40.072475,0.9510654286060218
1000.0,-739.579626963008,4.0999827,40.034996,0.9507723198276
1000.0,-739.5802957532104,4.0994611,40.034996,0.9504792107841248
1000.0,-739.572611848588,4.0992608,40.084942,0.9501861018377604
1000.0,-739.5812683170697,4.0989399,40.047501,0.9498929924088402
1000.0,-739.5736311797758,4.0984988,40.034996,0.9495998830584924
1000.0,-739.5805657498499,4.0983782,40.059967,0.9493067739080124
1000.0,-739.5793617271557,4.0976968,40.047501,0.9490136652347084
1000.0,-739.5729713683586,4.097456,40.122375,0.9487205561458584
1000.0,-739.5806266510198,4.097095,40.084942,0.948427446971242
1000.0,-739.5736397735657,4.096734,40.122375,0.9481343376174884
1000.0,-739.5808015908929,4.0964932,40.047501,0.9478412283735403
1000.0,-739.5803388076441,4.095932,40.072475,0.947548119313002
1000.0,-739.5725411457923,4.0957313,40.097408,0.9472550103946584
1000.0,-739.5798911001875,4.0956111,40.047501,0.9469619015115543
1000.0,-739.5715188360346,4.0950499,40.097408,0.946668792998375
1000.0,-739.5792773272921,4.0948491,40.122375,0.9463756843585204
1000.0,-739.5797730453216,4.094368,40.097408,0.9460825755222032
1000.0,-739.5722833467036,4.0940471,40.072475,0.9457894667060316
1000.0,-739.5792543169143,4.0936861,40.034996,0.945496358075296
1000.0,-739.5797974594864,4.093245,40.097408,0.9452032492293037
1000.0,-739.5739416886104,4.0930042,40.109909,0.9449101397558942
1000.0,-739.5808431194988,4.0926838,40.084942,0.9446170304954876
1000.0,-739.5739628554525,4.0922422,40.134884,0.9443239210136894
1000.0,-739.5810181936907,4.0922823,40.084942,0.9440308116838978
1000.0,-739.5808869063554,4.0918813,40.072475,0.9437377024061376
1000.0,-739.5742695923201,4.0914402,40.084942,0.9434445928027728
1000.0,-739.5812068299462,4.0910792,40.084942,0.9431514833982212
1000.0,-739.5722808442689,4.0909591,40.084942,0.9428583745830412
1000.0,-739.580353810176,4.0902772,40.134884,0.9425652655165568
1000.0,-739.5805781766362,4.0898762,40.084942,0.9422721563611518
1000.0,-739.5744037225874,4.0900369,40.122375,0.9419790467046284
1000.0,-739.5820316025391,4.0898762,40.072475,0.9416859369732042
1000.0,-739.5735408237235,4.0893149,40.097408,0.9413928276586664
1000.0,-739.5801385624359,4.0887933,40.084942,0.9410997186774888
1000.0,-739.5812253969549,4.088593,40.072475,0.9408066092655788
1000.0,-739.5736342681327,4.088192,40.122375,0.9405134999140068
1000.0,-739.5809004440159,4.0880313,40.034996,0.9402203906308816
1000.0,-739.5733364912243,4.0875101,40.047501,0.9399272813973254
1000.0,-739.5817926851563,4.087029,40.109909,0.9396341717605888
1000.0,-739.5813755564388,4.0869083,40.122375,0.9393410622891676
1000.0,-739.5728668522811,4.0867081,40.034996,0.9390479532417396
1000.0,-739.580673013622,4.0860262,40.122375,0.9387548440487492
1000.0,-739.5739410294032,4.0857053,40.084942,0.9384617345756012
1000.0,-739.5827239279887,4.085465,40.084942,0.9381686245697962
1000.0,-739.5814092724742,4.0851841,40.084942,0.937875515085013
1000.0,-739.5735909089695,4.0850639,40.084942,0.9375824057506252
1000.0,-739.5823801029267,4.0845423,40.084942,0.9372892958810844
1000.0,-739.5748929781574,4.0842214,40.134884,0.9369961860306582
1000.0,-739.5822403926385,4.0840611,40.084942,0.9367030762164869
1000.0,-739.5811007624843,4.0836601,40.097408,0.9364099668539718
1000.0,-739.5739039812968,4.0833793,40.14735,0.9361168573955064
1000.0,-739.5815774496177,4.0830584,40.059967,0.935823747844072
1000.0,-739.5747371560817,4.0825772,40.134884,0.9355306380554012
1000.0,-739.5808355266832,4.0824571,40.072475,0.9352375287980036
1000.0,-739.5813018866359,4.0820961,40.072475,0.9349444193557794
1000.0,-739.5742885009344,4.0817752,40.122375,0.9346513097449208
1000.0,-739.580650442652,4.0814142,40.047501,0.9343582005608756
1000.0,-739.5726425491101,4.0811734,40.134884,0.934065091602344
1000.0,-739.5805612087921,4.080893,40.072475,0.9337719824536636
1000.0,-739.579940099415,4.0806122,40.097408,0.93347887355114
1000.0,-739.5726973462389,4.080091,40.072475,0.9331857645708912
1000.0,-739.5810271292859,4.0795693,40.134884,0.9328926552375582
1000.0,-739.5743072630552,4.0794091,40.109909,0.9325995456192636
1000.0,-739.5817711030198,4.0790882,40.122375,0.9323064359910804
1000.0,-739.5806005034226,4.0788875,40.134884,0.932013326826827
1000.0,-739.5725388020779,4.0784464,40.047501,0.9317202179094124
1000.0,-739.5794531338813,4.0782061,40.097408,0.9314271091998824
1000.0,-739.5728810123574,4.077805,40.059967,0.9311340001468426
1000.0,-739.5796205909057,4.0773234,40.084942,0.9308408913709462
1000.0,-739.5784480259196,4.077364,40.109909,0.9305477830597584
1000.0,-739.571561548243,4.0770831,40.109909,0.9302546745296512
1000.0,-739.5790197453396,4.0765214,40.047501,0.9299615659918808
1000.0,-739.5728710636768,4.0763612,40.134884,0.929668456942784
1000.0,-739.5791947462969,4.0760403,40.084942,0.9293753483356572
1000.0,-739.5791970045732,4.0760002,40.122375,0.9290822397276358
1000.0,-739.5714276255784,4.0753584,40.134884,0.9287891312506052
1000.0,-739.5795177948801,4.075078,40.109909,0.9284960225154488
1000.0,-739.5722005346104,4.0747972,40.122375,0.9282029137320972
1000.0,-739.5794636075568,4.0743961,40.109909,0.927909805018416
1000.0,-739.5796743509716,4.0740752,40.14735,0.9276166962212136
1000.0,-739.5719013538011,4.073915,40.134884,0.927323587556434
1000.0,-739.5794400234525,4.0735941,40.109909,0.9270304788520995
1000.0,-739.5730466976528,4.0733933,40.122375,0.926737369733395
1000.0,-739.5810962580566,4.0728321,40.134884,0.9264442603726653
1000.0,-739.5807598670627,4.0722704,40.122375,0.9261511511452528
1000.0,-739.5732861985035,4.0722303,40.097408,0.9258580419316288
1000.0,-739.5808420330532,4.0720301,40.122375,0.925564932671653
1000.0,-739.5805494655204,4.0717092,40.097408,0.9252718235276268
1000.0,-739.5722754975818,4.0713882,40.097408,0.9249787147145656
1000.0,-739.5795364718047,4.0707865,40.109909,0.9246856059720072
1000.0,-739.5718139030081,4.0707064,40.097408,0.9243924973418864
1000.0,-739.5791119333709,4.0701852,40.097408,0.92409938876758
1000.0,-739.5781789937106,4.0703454,40.109909,0.9238062805630148
1000.0,-739.5721988499754,4.0697842,40.097408,0.9235131717803308
1000.0,-739.5782494286309,4.0694633,40.109909,0.9232200635478508
1000.0,-739.5708105752262,4.0689821,40.084942,0.9229269553153708
1000.0,-739.5781020523181,4.0689015,40.109909,0.9226338471412986
1000.0,-739.5771869839505,4.0688214,40.172321,0.9223407393298848
1000.0,-739.57084007945,4.0683403,40.072475,0.9220476310857116
1000.0,-739.5787664358328,4.0679393,40.047501,0.921754522648332
1000.0,-739.5701674385211,4.0673776,40.097408,0.9214614146707416
1000.0,-739.5763482098607,4.0674181,40.097408,0.9211683071917488
1000.0,-739.5771928433081,4.0670571,40.084942,0.9208751993780128
1000.0,-739.571730126622,4.0666561,40.109909,0.9205820907810942
1000.0,-739.5789484314505,4.0663352,40.072475,0.920288982271587
1000.0,-739.569446518995,4.0662546,40.109909,0.9199958745797124
1000.0,-739.5781222673487,4.0657735,40.084942,0.9197027663976288
1000.0,-739.5780419690072,4.0655732,40.072475,0.9194096582473688
1000.0,-739.5709032017335,4.0651321,40.097408,0.9191165499781788
1000.0,-739.5776138904996,4.0650115,40.034996,0.918823441997574
1000.0,-739.5707556804352,4.0643702,40.14735,0.91853033378685
1000.0,-739.5782825343096,4.0643296,40.14735,0.91823722554125
1000.0,-739.5778477418785,4.0640492,40.159855,0.9179441174679654
1000.0,-739.5702837465833,4.0636883,40.072475,0.9176510094442792
1000.0,-739.5783534086886,4.0634875,40.072475,0.91735790117059
1000.0,-739.5707296795432,4.0632472,40.122375,0.917064792970171
1000.0,-739.5779029058082,4.0626855,40.097408,0.9167716848750244
1000.0,-739.57837381902,4.0624852,40.14735,0.916478576593246
1000.0,-739.5724823203399,4.0621243,40.109909,0.9161854676982166
1000.0,-739.5802303109828,4.0620036,40.047501,0.9158923586806772
1000.0,-739.5723122772065,4.0615625,40.072475,0.9155992498530394
1000.0,-739.5796675515608,4.0613623,40.184788,0.9153061410585316
1000.0,-739.5813594675125,4.0608006,40.14735,0.915013031593487
1000.0,-739.5735720247837,4.0606403,40.14735,0.9147199222665836
1000.0,-739.5793049641636,4.0604396,40.084942,0.914426813615776
1000.0,-739.5731932423543,4.0599985,40.122375,0.9141337044389924
1000.0,-739.580625454735,4.0598783,40.072475,0.9138405952648502
1000.0,-739.5794210658678,4.0595174,40.059967,0.9135474865680292
1000.0,-739.5734562050327,4.0592766,40.084942,0.9132543772870276
1000.0,-739.5817387419655,4.0588756,40.122375,0.9129612676716696
1000.0,-739.5728038032827,4.0585546,40.034996,0.9126681586492296
1000.0,-739.5810260916975,4.0583544,40.047501,0.9123750493163076
1000.0,-739.5816825771287,4.0581937,40.097408,0.912081939723209
1000.0,-739.5751715779446,4.0580335,40.122375,0.9117888297623672
1000.0,-739.581019011473,4.0575523,40.134884,0.9114957204322516
1000.0,-739.5731890431855,4.0570712,40.109909,0.9112026112571322
1000.0,-739.578775249413,4.0566697,40.122375,0.91090950281626
1000.0,-739.5793297811572,4.0563092,40.134884,0.9106163941556168
1000.0,-739.5710853297614,4.0561085,40.14735,0.9103232858142454
1000.0,-739.5797172345331,4.0559483,40.172321,0.9100301770000476
1000.0,-739.5718175773383,4.0557075,40.034996,0.9097370683684702
1000.0,-739.5801602544115,4.0552263,40.097408,0.9094439593786956
1000.0,-739.5804803733541,4.0550256,40.059967,0.9091508502620518
1000.0,-739.5733260054526,4.0545044,40.072475,0.9088577410326512
1000.0,-739.5794926971239,4.0544243,40.14735,0.9085646323074414
1000.0,-739.5722360446518,4.0540233,40.097408,0.9082715235100164
1000.0,-739.5798824697323,4.0536222,40.134884,0.9079784146303328
1000.0,-739.5794305385339,4.0533414,40.084942,0.9076853059297576
1000.0,-739.5722499239939,4.0531406,40.072475,0.907392197126832
1000.0,-739.5797293073222,4.0528197,40.109909,0.9070990883078492
1000.0,-739.5740453014273,4.0524588,40.14735,0.906805978793376
1000.0,-739.5803504287474,4.0522184,40.109909,0.9065128697282316
1000.0,-739.5804798362833,4.0520177,40.047501,0.9062197606118008
1000.0,-739.573256450073,4.0516167,40.109909,0.9059266514099664
1000.0,-739.5792225418393,4.0512958,40.122375,0.9056335427918242
1000.0,-739.5797464338369,4.0510554,40.072475,0.905340433966054
1000.0,-739.5727801217278,4.0507746,40.084942,0.9050473249529992
1000.0,-739.5805285060189,4.0504937,40.14735,0.9047542158172798
1000.0,-739.57225273154,4.0501328,40.122375,0.9044611070132412
1000.0,-739.5808621137137,4.0499325,40.072475,0.9041679977453068
1000.0,-739.5808059610528,4.0496116,40.109909,0.9038748884996268
1000.0,-739.5747489358139,4.0492506,40.109909,0.9035817787062878
1000.0,-739.5808519574564,4.0488095,40.122375,0.9032886694423784
1000.0,-739.5751191367827,4.0486493,40.184788,0.9029955595023206
1000.0,-739.5794992400728,4.0481677,40.097408,0.9027024507745176
1000.0,-739.579274898118,4.0479674,40.072475,0.9024093421356256
1000.0,-739.5736153473428,4.0478067,40.122375,0.9021162327915524
1000.0,-739.5807329382366,4.0474057,40.122375,0.9018231235748128
1000.0,-739.5729429627196,4.0469646,40.109909,0.9015300144972204
1000.0,-739.5807958780556,4.0468845,40.159855,0.9012369052555366
1000.0,-739.5798960439973,4.0467238,40.097408,0.9009437963704732
1000.0,-739.5729330385186,4.0462027,40.122375,0.9006506872968142
1000.0,-739.5804044451983,4.0459619,40.072475,0.9003575782102621
1000.0,-739.5736926907605,4.0454407,40.184788,0.9000644688355361
1000.0,-739.5810316092594,4.0454407,40.084942,0.8997713595004276
1000.0,-739.5811515073968,4.0451198,40.184788,0.8994782501178015
1000.0,-739.5743490963804,4.0447989,40.134884,0.8991851404829273
1000.0,-739.580391249359,4.0441976,40.134884,0.8988920314016051
1000.0,-739.5741513433684,4.0440369,40.097408,0.8985989218451049
1000.0,-739.581687105985,4.0437164,40.109909,0.8983058122502112
1000.0,-739.5816140099085,4.0435157,40.134884,0.8980127026842869
1000.0,-739.5735820467237,4.0430746,40.097408,0.8977195933534116
1000.0,-739.5817457855087,4.0428338,40.072475,0.8974264837352622
1000.0,-739.5744726066096,4.0424728,40.072475,0.8971333740514383
1000.0,-739.5809491746568,4.0423126,40.184788,0.8968402647490001
1000.0,-739.5805495509821,4.0419116,40.097408,0.89654715560494
1000.0,-739.5740808725268,4.0416708,40.134884,0.896254046076369
1000.0,-739.5810009572857,4.0413904,40.159855,0.8959609367534086
1000.0,-739.5730096250413,4.0409894,40.109909,0.8956678276493966
1000.0,-739.5802125984376,4.0410295,40.134884,0.895374718638877
1000.0,-739.5802667858119,4.0406685,40.122375,0.8950816096068818
1000.0,-739.5730270566486,4.0401869,40.109909,0.8947885004959614
1000.0,-739.5814833572563,4.0397058,40.184788,0.894495390981817
1000.0,-739.5743542844494,4.0394249,40.134884,0.8942022813448868
1000.0,-739.5815184159945,4.0394249,40.122375,0.8939091718168479
1000.0,-739.5820709215726,4.0388637,40.23473,0.8936160620698413
1000.0,-739.5729135684362,4.0385828,40.034996,0.8933229530038986
1000.0,-739.5819315653328,4.0382619,40.097408,0.8930298433121213
1000.0,-739.5733908487962,4.0378609,40.14735,0.8927367340570219
1000.0,-739.5807610145927,4.0376606,40.14735,0.8924436248291551
1000.0,-739.581206842122,4.0374999,40.122375,0.8921505154245987
1000.0,-739.5737736596517,4.0370588,40.14735,0.8918574060177828
1000.0,-739.581568123293,4.0367379,40.14735,0.8915642964700442
1000.0,-739.573401505643,4.0364575,40.097408,0.8912711872107213
1000.0,-739.57971375539,4.0362167,40.047501,0.8909780783979022
1000.0,-739.5822503903786,4.0356555,40.14735,0.8906849685797686
1000.0,-739.5739035051358,4.0354948,40.122375,0.8903918591214923
1000.0,-739.5815334796617,4.0350537,40.159855,0.8900987495874835
1000.0,-739.5737805809312,4.034853,40.097408,0.8898056401779246
1000.0,-739.5819721173579,4.0347328,40.097408,0.8895125304700758
1000.0,-739.5820395126962,4.034452,40.122375,0.889219420735517
1000.0,-739.5734773963031,4.0340509,40.109909,0.888926311446117
1000.0,-739.5806014067689,4.03369,40.184788,0.8886332022815056
1000.0,-739.5733889689647,4.033289,40.159855,0.8883400930271511
1000.0,-739.5814073315395,4.0328879,40.072475,0.8880469835431373
1000.0,-739.5820312606412,4.0328479,40.134884,0.8877538738118488
1000.0,-739.5726667311776,4.0323668,40.184788,0.8874607648437333
1000.0,-739.5801193606163,4.0320859,40.134884,0.8871676558701654
1000.0,-739.5729723816105,4.0316849,40.134884,0.8868745467809138
1000.0,-739.5809940602372,4.0314445,40.084942,0.8865814374606867
1000.0,-739.5811127376103,4.031003,40.109909,0.8862883280934257
1000.0,-739.5721104227392,4.0308828,40.14735,0.8859952193457873
1000.0,-739.5802342416071,4.0302815,40.134884,0.88570211032669
1000.0,-739.5794616300687,4.0301208,40.109909,0.8854090016137928
1000.0,-739.5722503146428,4.02988,40.109909,0.8851158928107121
1000.0,-739.5804535299386,4.0297198,40.109909,0.884822783704707
1000.0,-739.5739768446582,4.0293589,40.134884,0.8845296742173646
1000.0,-739.581393000423,4.0288377,40.134884,0.8842365647390302
1000.0,-739.5796063817787,4.0283566,40.134884,0.8839434559687652
1000.0,-739.5727910226022,4.0284367,40.134884,0.8836503469513902
1000.0,-739.5813599801804,4.0281959,40.134884,0.8833572374861424
1000.0,-739.5754925236685,4.0278349,40.059967,0.883064127398103
1000.0,-739.5827433739919,4.0272737,40.109909,0.8827710173845911
1000.0,-739.5818974342671,4.0268326,40.109909,0.8824779077063405
1000.0,-739.571046621474,4.0266719,40.084942,0.8821847993803102
1000.0,-739.5801185061017,4.0263109,40.097408,0.8818916904070812
1000.0,-739.5733151778633,4.0260301,40.109909,0.8815985811819718
1000.0,-739.5807257237444,4.0256691,40.122375,0.8813054719680912
1000.0,-739.580161646125,4.0257096,40.084942,0.8810123629777649
1000.0,-739.5715287725137,4.0253086,40.059967,0.8807192544606475
1000.0,-739.5787168628788,4.0249071,40.072475,0.8804261460429148
1000.0,-739.5709474031502,4.0245867,40.122375,0.880133037756207
1000.0,-739.5787377491456,4.0242257,40.122375,0.8798399293301967
1000.0,-739.5797339337649,4.0238247,40.159855,0.8795468205093805
1000.0,-739.5729924010366,4.0235438,40.109909,0.8792537114121948
1000.0,-739.5811350278433,4.0231028,40.084942,0.8789606020360996
1000.0,-739.5740809823137,4.0228219,40.084942,0.8786674925074851
1000.0,-739.5821147450338,4.0223408,40.159855,0.8783743827431104
1000.0,-739.5804283589223,4.0224609,40.097408,0.8780812736470809
1000.0,-739.573632547047,4.0219398,40.084942,0.8777881642961912
1000.0,-739.5809413865659,4.0216188,40.097408,0.8774950549968396
1000.0,-739.5739558853419,4.021378,40.097408,0.8772019455178037
1000.0,-739.5810117238741,4.020977,40.14735,0.8769088361905762
1000.0,-739.5795048065175,4.0206561,40.097408,0.8766157274605674
1000.0,-739.5730912409384,4.0204558,40.084942,0.8763226183242092
1000.0,-739.5800309934726,4.0203757,40.072475,0.8760295093856627
1000.0,-739.5725304158907,4.0196538,40.059967,0.875736400471572
1000.0,-739.5810822442817,4.0192928,40.197292,0.8754432911163961
1000.0,-739.580083105619,4.019052,40.109909,0.8751501821571966
1000.0,-739.5742308230258,4.0185709,40.184788,0.8748570725691969
1000.0,-739.581347382394,4.01825,40.122375,0.8745639631089418
1000.0,-739.5740416271483,4.0182099,40.072475,0.8742708535959247
1000.0,-739.5801554692468,4.0176888,40.134884,0.8739777446080463
1000.0,-739.5809344285867,4.0173278,40.072475,0.8736846353114522
1000.0,-739.5729821348899,4.0170069,40.134884,0.8733915262183353
1000.0,-739.5796197974497,4.0170069,40.159855,0.8730984174427534
1000.0,-739.5728304144997,4.0162449,40.14735,0.8728053084097666
1000.0,-739.5806354034901,4.0161247,40.097408,0.8725121992316816
1000.0,-739.5806508576567,4.0157638,40.172321,0.8722190900474719
1000.0,-739.573111675365,4.0154428,40.14735,0.8719259809030152
1000.0,-739.5796151220986,4.0150018,40.122375,0.8716328721292861
1000.0,-739.5715734134616,4.0146008,40.109909,0.8713397635944764
1000.0,-739.5803290419884,4.0144401,40.072475,0.871046654537808
1000.0,-739.5801588018184,4.0139589,40.14735,0.8707535455486091
1000.0,-739.5732502611835,4.0138388,40.134884,0.8704604363492277
1000.0,-739.5801390994812,4.0131969,40.122375,0.8701673273678369
1000.0,-739.5740956918103,4.0129962,40.084942,0.8698742178333928
1000.0,-739.5811616636543,4.0127959,40.122375,0.8695811084467413
1000.0,-739.5816139243701,4.012435,40.109909,0.8692879988808508
1000.0,-739.574425487681,4.011713,40.097408,0.8689948892157012
1000.0,-739.5840078461445,4.0119138,40.097408,0.8687017787010564
1000.0,-739.5754361275447,4.0113521,40.059967,0.8684086686353677
1000.0,-739.5804611227542,4.0111113,40.122375,0.8681155595263534
1000.0,-739.581093364944,4.0106702,40.122375,0.8678224501667701
1000.0,-739.5724703819129,4.0102291,40.122375,0.8675293412764721
1000.0,-739.5791308665782,4.0098681,40.14735,0.8672362326946623
1000.0,-739.5727914132511,4.009748,40.097408,0.8669431236771326
1000.0,-739.5788838680382,4.0091863,40.159855,0.8666500151932126
1000.0,-739.5787223804151,4.0090261,40.197292,0.8663569067732935
1000.0,-739.5726809156821,4.0087452,40.122375,0.8660637977995561
1000.0,-739.5812090027862,4.0083041,40.109909,0.8657706883941435
1000.0,-739.580460475793,4.0080233,40.159855,0.8654775792853855
1000.0,-739.5726986279468,4.0075822,40.059967,0.8651844703046285
1000.0,-739.5813008490729,4.0072613,40.109909,0.8648913608628154
1000.0,-739.5744064324966,4.0069408,40.14735,0.8645982512052178
1000.0,-739.580514602083,4.0063791,40.134884,0.8643051420750087
1000.0,-739.5802548228619,4.0061789,40.172321,0.8640120330477548
1000.0,-739.5729680358205,4.0057373,40.122375,0.8637189239602254
1000.0,-739.5798302966552,4.005537,40.072475,0.8634258151012189
1000.0,-739.5716598754309,4.0049753,40.14735,0.8631327065321425
1000.0,-739.5786489180889,4.0044141,40.172321,0.8628395981413376
1000.0,-739.5792265458261,4.0042539,40.109909,0.8625464895216084
1000.0,-739.5723728726014,4.0041332,40.14735,0.8622533806699555
1000.0,-739.5805030053317,4.0034113,40.14735,0.8619602715443423
1000.0,-739.5714773933327,4.0033312,40.122375,0.8616671630475875
1000.0,-739.5804080097774,4.00281,40.14735,0.8613740539596227
1000.0,-739.5806263458287,4.0026093,40.209759,0.8610809447851275
1000.0,-739.5726808423715,4.0022082,40.172321,0.8607878358114194
1000.0,-739.5781880269434,4.002008,40.097408,0.8604947276032741
1000.0,-739.5711319482799,4.0013661,40.134884,0.8602016192434269
1000.0,-739.5822915404054,4.0010452,40.14735,0.8599085094089848
1000.0,-739.5811185969934,4.0007644,40.184788,0.8596154000394016
1000.0,-739.5728895938179,4.0004034,40.159855,0.8593222909829605
1000.0,-739.5806700350988,4.000123,40.159855,0.8590291817911505
1000.0,-739.5740027968214,3.999722,40.109909,0.8587360722935227
1000.0,-739.5796589088785,3.9992809,40.209759,0.8584429635024402
1000.0,-739.5809375657807,3.99892,40.134884,0.8581498542046029
1000.0,-739.5741955814915,3.9984386,40.184788,0.8578567446305702
1000.0,-739.5787130297641,3.9980776,40.172321,0.8575636362143566
1000.0,-739.5717857417294,3.997797,40.197292,0.8572705275953967
1000.0,-739.5784156036531,3.9975162,40.109909,0.8569774192970584
1000.0,-739.5791608351142,3.997035,40.14735,0.8566843107033717
1000.0,-739.5716605956451,3.9967141,40.159855,0.8563912021340099
1000.0,-739.5797256205744,3.9963131,40.134884,0.8560980933164882
1000.0,-739.5728163886387,3.9959521,40.14735,0.85580498428906
1000.0,-739.5799682856102,3.9957917,40.097408,0.8555118753753661
1000.0,-739.5777682859781,3.9952705,40.134884,0.8552187673335716
1000.0,-739.570626896804,3.9949896,40.159855,0.8549256591738874
1000.0,-739.5780224988569,3.9944282,40.184788,0.8546325510313438
1000.0,-739.5694765358049,3.9939871,40.159855,0.8543394433275731
1000.0,-739.5779249275314,3.9935861,40.23473,0.8540463352236987
1000.0,-739.5768435615637,3.9933856,40.209759,0.8537532275483893
1000.0,-739.5693567121328,3.9931047,40.122375,0.8534601198921072
1000.0,-739.5774751936272,3.9927437,40.14735,0.8531670119664706
1000.0,-739.5694933815923,3.992383,40.122375,0.8528739042560236
1000.0,-739.5764891529358,3.9920621,40.122375,0.8525807967211726
1000.0,-739.5766042661388,3.991621,40.14735,0.8522876891407003
1000.0,-739.5715657108843,3.9911397,40.172321,0.8519945806089435
1000.0,-739.5793910851047,3.9907787,40.159855,0.8517014719240044
1000.0,-739.5727789009755,3.9903777,40.159855,0.8514083629114333
1000.0,-739.57772296099,3.9900167,40.172321,0.8511152548876021
1000.0,-739.5789384582924,3.989696,40.172321,0.8508221463820472
1000.0,-739.5720609231339,3.9893351,40.159855,0.8505290376540267
1000.0,-739.5796465432533,3.9892147,40.14735,0.8502359288678449
1000.0,-739.5728863712714,3.9886932,40.14735,0.8499428198126812
1000.0,-739.5805910306798,3.9884527,40.184788,0.849649710652182
1000.0,-739.5801652959868,3.9879313,40.109909,0.849356601660409
1000.0,-739.5738248555817,3.9874902,40.097408,0.8490634922333032
1000.0,-739.5790702826987,3.9872897,40.172321,0.848770383675504
1000.0,-739.5727222242455,3.9867282,40.197292,0.8484772746853952
1000.0,-739.5801918828894,3.9863272,40.184788,0.8481841656830855
1000.0,-739.5816399622306,3.9860866,40.159855,0.8478910561068757
1000.0,-739.5733838910917,3.9855251,40.197292,0.8475979468545338
1000.0,-739.5814948440661,3.9852443,40.222263,0.8473048373358371
1000.0,-739.5728850039491,3.9848833,40.122375,0.8470117282812152
1000.0,-739.5806305942037,3.9848032,40.14735,0.8467186191050363
1000.0,-739.5804623065816,3.9845226,40.172321,0.8464255099955527
1000.0,-739.5699415729848,3.9837606,40.14735,0.8461324021074774
1000.0,-739.579181721381,3.9834797,40.159855,0.8458392935055129
1000.0,-739.5796445657396,3.9830387,40.172321,0.845546184720115
1000.0,-739.5719351793098,3.9827178,40.159855,0.8452530760419296
1000.0,-739.5783955354242,3.9823568,40.134884,0.8449599677515448
1000.0,-739.5730580011473,3.9819958,40.122375,0.8446668586283603
1000.0,-739.5792458816064,3.9817953,40.247196,0.8443737500009679
1000.0,-739.5794849459445,3.9811537,40.159855,0.8440806412788302
1000.0,-739.5720991430846,3.9809132,40.109909,0.8437875325356623
1000.0,-739.5798378774484,3.9803917,40.172321,0.8434944236736514
1000.0,-739.5719579330224,3.9799907,40.134884,0.843201314986448
1000.0,-739.5790343696503,3.9797902,40.14735,0.8429082064428819
1000.0,-739.5796065282991,3.9793892,40.159855,0.8426150976725587
1000.0,-739.5713240371385,3.9790282,40.134884,0.8423219892365824
1000.0,-739.5777510249654,3.9787073,40.197292,0.8420288812016288
1000.0,-739.5691710318908,3.9783063,40.197292,0.8417357736189359
1000.0,-739.5776460685313,3.9779854,40.14735,0.8414426656255786
1000.0,-739.5778357057195,3.9775844,40.222263,0.8411495575570644
1000.0,-739.569690829493,3.9771032,40.134884,0.8408564497683644
1000.0,-739.5778391966803,3.9766619,40.172321,0.8405633416984666
1000.0,-739.570850553276,3.9765418,40.109909,0.8402702334501425
1000.0,-739.57808822154,3.9761407,40.172321,0.8399771252815518
1000.0,-739.5774431498631,3.9756193,40.184788,0.8396840173686146
1000.0,-739.5710858669548,3.9753387,40.109909,0.8393909090270305
1000.0,-739.5775789415237,3.9750979,40.247196,0.8390978010602766
1000.0,-739.570940310949,3.9746969,40.14735,0.8388046927763795
1000.0,-739.5779406380063,3.9745364,40.097408,0.8385115846662788
1000.0,-739.577009126485,3.9739349,40.159855,0.838218476925353
1000.0,-739.5704503352159,3.9736943,40.109909,0.8379253688356442
1000.0,-739.5775698230339,3.973213,40.172321,0.8376322608725041
1000.0,-739.5717521965199,3.9731328,40.172321,0.8373391522668387
1000.0,-739.5780244763193,3.9726918,40.172321,0.8370460441235115
1000.0,-739.578039197884,3.97205,40.134884,0.8367529359743496
1000.0,-739.5706778732626,3.9718897,40.109909,0.8364598277944624
1000.0,-739.5788814390432,3.971288,40.172321,0.8361667193115053
1000.0,-739.5714270517552,3.9711678,40.209759,0.835873610834702
1000.0,-739.5802023689712,3.9709272,40.097408,0.8355805018282365
1000.0,-739.5805080956363,3.9702454,40.172321,0.8352873927006059
1000.0,-739.5741042732964,3.9702454,40.172321,0.8349942831627607
1000.0,-739.5799568721628,3.969764,40.159855,0.83470117425359
1000.0,-739.572063975168,3.9694033,40.122375,0.83440806552436
1000.0,-739.5789807678972,3.9690824,40.159855,0.834114957002037
1000.0,-739.5795398285745,3.9688418,40.14735,0.8338218482581481
1000.0,-739.5717239499851,3.9683604,40.122375,0.8335287396636776
1000.0,-739.579502731443,3.9680798,40.197292,0.8332356309344912
1000.0,-739.5718974720218,3.9677589,40.109909,0.8329425222712499
1000.0,-739.5792267043179,3.9675183,40.134884,0.8326494136514578
1000.0,-739.5768195260293,3.9669569,40.097408,0.8323563059856742
1000.0,-739.5694095196176,3.9664755,40.184788,0.8320631983084633
1000.0,-739.5782074850969,3.9663954,40.159855,0.8317700900926065
1000.0,-739.572095725265,3.9661949,40.109909,0.8314769813507932
1000.0,-739.578844488074,3.9657938,40.097408,0.8311838728824802
1000.0,-739.5782058374076,3.9653928,40.14735,0.8308907646672763
1000.0,-739.570645695529,3.9649115,40.159855,0.8305976565001416
1000.0,-739.5780366098346,3.9649515,40.14735,0.8303045483520056
1000.0,-739.56958353017,3.96435,40.159855,0.8300114406058307
1000.0,-739.5773786216996,3.9638689,40.197292,0.8297183327184673
1000.0,-739.5763534711143,3.9638689,40.184788,0.8294252252373896
1000.0,-739.5691819570658,3.9632671,40.109909,0.8291321176503669
1000.0,-739.5768641065466,3.9629865,40.109909,0.8288390099669151
1000.0,-739.5705576953668,3.962786,40.172321,0.8285459018346569
1000.0,-739.5782025412104,3.9623449,40.109909,0.8282527936207593
1000.0,-739.5783496733139,3.9617434,40.109909,0.8279596853485505
1000.0,-739.5709573151242,3.961623,40.184788,0.8276665770579142
1000.0,-739.5788775571226,3.961302,40.14735,0.8273734685764956
1000.0,-739.5698973223789,3.960901,40.059967,0.8270803607059578
1000.0,-739.5784563023009,3.9607005,40.159855,0.82678725239149
1000.0,-739.5784648721066,3.9603796,40.122375,0.8264941440736259
1000.0,-739.5698680012014,3.959738,40.172321,0.8262010362147088
1000.0,-739.5799851801685,3.9596579,40.197292,0.8259079272943192
1000.0,-739.579792515779,3.959337,40.109909,0.8256148184502858
1000.0,-739.5715212406535,3.9590964,40.172321,0.8253217099361535
1000.0,-739.5780936539472,3.9587355,40.084942,0.8250286017654097
1000.0,-739.5709793243734,3.9586151,40.14735,0.8247354934660508
1000.0,-739.5810464532996,3.9578531,40.084942,0.8244423841250593
1000.0,-739.579390987595,3.9578531,40.109909,0.8241492754401588
1000.0,-739.5727561835857,3.9576125,40.14735,0.8238561664365913
1000.0,-739.5794440763733,3.9571714,40.109909,0.8235630577306509
1000.0,-739.5716674806017,3.95661,40.134884,0.8232699491585602
1000.0,-739.5780570691255,3.9564495,40.122375,0.8229768410023159
1000.0,-739.5767114685709,3.9559681,40.159855,0.8226837333793573
1000.0,-739.5690374875714,3.9557676,40.14735,0.822390625849591
1000.0,-739.5758801776623,3.9555271,40.097408,0.8220975185560879
1000.0,-739.5702070134394,3.9553266,40.059967,0.8218044105628128
1000.0,-739.5778759524767,3.954685,40.134884,0.8215113024783482
1000.0,-739.5783809603288,3.954685,40.109909,0.82121819419374
1000.0,-739.5711307151984,3.9542437,40.159855,0.8209250858343814
1000.0,-739.5789909977217,3.953923,40.109909,0.8206319773080042
1000.0,-739.570358880553,3.9536822,40.134884,0.8203388692545407
1000.0,-739.5775466536273,3.9534016,40.14735,0.8200457613005832
1000.0,-739.5785450967786,3.953161,40.134884,0.8197526529509245
1000.0,-739.5720768289289,3.9525192,40.122375,0.8194595442166002
1000.0,-739.5793588462701,3.952399,40.14735,0.819166435544438
1000.0,-739.5728285468439,3.9519176,40.122375,0.8188733265121912
1000.0,-739.5801945933121,3.951998,40.109909,0.8185802175088074
1000.0,-739.5787470020823,3.9512761,40.134884,0.81828710907913
1000.0,-739.572529195292,3.9509552,40.072475,0.817994000165523
1000.0,-739.5800072993758,3.9509151,40.184788,0.817700891236367
1000.0,-739.5709231235741,3.9505141,40.134884,0.8174077829592817
1000.0,-739.5792842729162,3.9502735,40.134884,0.8171146743166742
1000.0,-739.5791366649795,3.9501531,40.159855,0.8168215657325663
1000.0,-739.571019094744,3.9497521,40.14735,0.8165284574174455
1000.0,-739.5796451147818,3.9493911,40.097408,0.8162353486318299
1000.0,-739.5710750882988,3.9491105,40.134884,0.8159422402945175
1000.0,-739.5787536181124,3.9487896,40.097408,0.815649131862218
1000.0,-739.5780762712265,3.9482682,40.122375,0.8153560236983636
1000.0,-739.5718850208299,3.9481077,40.097408,0.8150629150400569
1000.0,-739.5784672398127,3.9478672,40.159855,0.8147698067212544
1000.0,-739.5710863309655,3.9473057,40.122375,0.8144766983794863
1000.0,-739.5786559003687,3.947386,40.134884,0.8141835899859143
1000.0,-739.5793425500717,3.9467442,40.047501,0.8138904813202105
1000.0,-739.5710153590231,3.9468646,40.109909,0.8135973730065702
1000.0,-739.5785309001601,3.9464235,40.084942,0.813304264662538
1000.0,-739.5714611702506,3.9460223,40.109909,0.8130111561722129
1000.0,-739.5791440258897,3.9458621,40.109909,0.8127180475851877
1000.0,-739.5771203453869,3.9455411,40.084942,0.8124249398001839
1000.0,-739.5700282055178,3.9450197,40.02253,0.8121318318777744
1000.0,-739.5771307215272,3.9448593,40.134884,0.8118387240886582
1000.0,-739.5696064181745,3.9444582,40.122375,0.811545616333412
1000.0,-739.5773422826474,3.9443781,40.059967,0.8112525084604504
1000.0,-739.5775408921631,3.9440973,40.134884,0.8109594005087764
1000.0,-739.5698996173644,3.9439371,40.059967,0.810666292637329
1000.0,-739.5770443317948,3.9435358,40.097408,0.8103731848824508
1000.0,-739.569618198009,3.9433353,40.159855,0.810080077122536
1000.0,-739.5780477919393,3.9428542,40.109909,0.8097869689699683
1000.0,-739.5764581466835,3.9425333,40.122375,0.8094938614474059
1000.0,-739.5700766065893,3.9421723,40.097408,0.8092007535058139
1000.0,-739.5772951998749,3.9419317,40.059967,0.808907645651512
1000.0,-739.5694490337335,3.9417312,40.134884,0.8086145379586409
1000.0,-739.5778779421663,3.9416912,40.109909,0.8083214298733876
1000.0,-739.5794151573716,3.9411697,40.059967,0.8080283211789082
1000.0,-739.5704075865824,3.9409692,40.184788,0.8077352131061416
1000.0,-739.5780872692599,3.9405682,40.134884,0.8074421049379283
1000.0,-739.5714077163228,3.9402072,40.047501,0.8071489964687881
1000.0,-739.5787009444409,3.9400868,40.109909,0.8068558880573642
1000.0,-739.5803240007457,3.9396858,40.084942,0.8065627790026939
1000.0,-739.5707724649344,3.9393249,40.109909,0.8062696707853177
1000.0,-739.5800369750756,3.9391243,40.097408,0.8059765618444007
1000.0,-739.5789897157706,3.9389238,40.084942,0.8056834533185316
1000.0,-739.5722982267893,3.9385629,40.134884,0.8053903444964624
1000.0,-739.5800600098819,3.9382021,40.159855,0.8050972355464164
1000.0,-739.5731046198448,3.9380817,40.097408,0.804804126404756
1000.0,-739.5790026430233,3.9377208,40.109909,0.8045110178737634
1000.0,-739.578927691704,3.9376004,40.097408,0.8042179093724756
1000.0,-739.5721097388989,3.9371593,40.122375,0.8039248006251083
1000.0,-739.5800107789281,3.9369187,40.097408,0.8036316916945734
1000.0,-739.5732819013912,3.9366782,40.047501,0.8033385824826522
1000.0,-739.5784659215384,3.9363172,40.097408,0.8030454741643722
1000.0,-739.5781484761069,3.9359963,40.047501,0.8027523659719016
1000.0,-739.5707285686035,3.9358759,40.072475,0.8024592577719226
1000.0,-739.5778232909812,3.9354348,40.097408,0.8021661497083288
1000.0,-739.5712964249733,3.9350739,40.047501,0.8018730412832956
1000.0,-739.5774019267808,3.9348733,40.047501,0.801579933386696
1000.0,-739.5782811548231,3.9346328,40.084942,0.8012868251416424
1000.0,-739.5701723333734,3.9344323,40.109909,0.8009937171621117
1000.0,-739.5787528005858,3.9341114,40.097408,0.8007006087301363
1000.0,-739.5702252628207,3.9339509,40.109909,0.8004075007296285
1000.0,-739.5779347055164,3.9336703,40.072475,0.800114392621879
1000.0,-739.5780938613473,3.9331889,40.097408,0.7998212844510532
1000.0,-739.5704514091424,3.9329484,40.109909,0.7995281763609186
1000.0,-739.5791844436214,3.9329083,40.109909,0.7992350677578753
1000.0,-739.5715069829918,3.9326677,40.084942,0.7989419592493935
1000.0,-739.5797514999432,3.9324672,40.059967,0.7986488504216155
1000.0,-739.5789816960302,3.9318655,40.047501,0.7983557418989246
1000.0,-739.5696674648927,3.9318254,40.072475,0.7980626341194845
1000.0,-739.5779248666518,3.9315848,40.109909,0.7977695260156343
1000.0,-739.5707467203738,3.9313042,40.097408,0.7974764178084615
1000.0,-739.5786635054114,3.9306223,40.084942,0.7971833094118753
1000.0,-739.5787298026142,3.9308228,40.072475,0.7968902009890144
1000.0,-739.5706122607204,3.9304218,40.059967,0.7965970928351308
1000.0,-739.5780475595735,3.9299808,40.14735,0.7963039846826552
1000.0,-739.5728247748515,3.92974,40.02253,0.7960108756519034
1000.0,-739.5782351952031,3.9295797,40.072475,0.7957177674250644
1000.0,-739.5800951416245,3.9290984,40.122375,0.7954246584610951
1000.0,-739.5734817056168,3.9289379,40.084942,0.7951315491699871
1000.0,-739.577729442829,3.9287775,40.059967,0.7948384411435869
1000.0,-739.5724229335215,3.928617,40.084942,0.7945453322720937
1000.0,-739.5786327316273,3.9282963,40.034996,0.7942522238877038
1000.0,-739.5779948006707,3.9280558,40.059967,0.7939591157561375
1000.0,-739.5707342572618,3.9276545,40.097408,0.793666007553904
1000.0,-739.5784708287438,3.927454,40.084942,0.7933728992336793
1000.0,-739.5715073371132,3.9271333,40.072475,0.7930797907250571
1000.0,-739.5787062181519,3.9269328,40.047501,0.7927866823115431
1000.0,-739.5791194896586,3.9267323,40.072475,0.7924935737342421
1000.0,-739.5713554454944,3.9264915,39.997559,0.792200465285818
1000.0,-739.5799029776758,3.9261708,40.02253,0.7919073563980068
1000.0,-739.5732536912814,3.9258499,40.010063,0.7916142471972659
1000.0,-739.5814810746282,3.9256895,40.109909,0.7913211376840261
1000.0,-739.5806650179521,3.9254088,40.02253,0.7910280284942045
1000.0,-739.5732211718579,3.925128,40.02253,0.7907349193063519
1000.0,-739.5799685419697,3.9248474,40.034996,0.7904418103925561
1000.0,-739.5727267040717,3.9246469,40.059967,0.790148701400672
1000.0,-739.5811348936012,3.9244463,40.072475,0.7898555920246301
1000.0,-739.5804470723491,3.924005,40.072475,0.7895624829211841
1000.0,-739.5730885675309,3.9236443,40.109909,0.7892693737858855
1000.0,-739.5807397864278,3.9233634,40.059967,0.7889762645664318
1000.0,-739.5746921491435,3.9230025,40.097408,0.7886831547955983
1000.0,-739.581913462237,3.9229624,40.02253,0.7883900451109956
1000.0,-739.5809622358958,3.922802,40.072475,0.788096935803381
1000.0,-739.5735823278927,3.922401,40.02253,0.7878038264723943
1000.0,-739.581461604401,3.92204,40.084942,0.7875107169668709
1000.0,-739.5721601415089,3.9217994,40.097408,0.787217608199528
1000.0,-739.5818680275121,3.9217594,40.072475,0.7869244985329319
1000.0,-739.57838648999,3.9215589,40.034996,0.786631390246132
1000.0,-739.5727216867195,3.921278,40.02253,0.7863382812562364
1000.0,-739.5811109796725,3.9209974,40.034996,0.786045171889672
1000.0,-739.5815431599837,3.920917,40.072475,0.7857520623518266
1000.0,-739.5716678711995,3.9202754,40.072475,0.7854589537795813
1000.0,-739.5796791359571,3.9202754,40.047501,0.7851658449804826
1000.0,-739.5717895376641,3.9196339,39.997559,0.784872736360018
1000.0,-739.5801007206544,3.9195535,40.047501,0.7845796273938377
1000.0,-739.5787603081188,3.9193931,40.059967,0.7842865189588868
1000.0,-739.571113466535,3.9192326,40.047501,0.7839934106063643
1000.0,-739.5771076499884,3.9190724,40.02253,0.7837003028263919
1000.0,-739.573208721024,3.9187515,40.072475,0.7834071936434738
1000.0,-739.5813676096261,3.9184706,39.997559,0.7831140841752022
1000.0,-739.5813773998894,3.9183505,40.02253,0.7828209747030507
1000.0,-739.5733548503157,3.9180696,40.02253,0.7825278654622183
1000.0,-739.5792278030161,3.9177489,40.047501,0.782234756841991
1000.0,-739.572368368219,3.9175081,40.047501,0.7819416479921232
1000.0,-739.5785305458304,3.9172676,40.059967,0.7816485396482313
1000.0,-739.5781775289927,3.9169869,40.047501,0.7813554314442466
1000.0,-739.5706977463233,3.916666,40.084942,0.7810623232564831
1000.0,-739.5777932614634,3.9164655,40.084942,0.7807692152047904
1000.0,-739.5729050234263,3.9163854,40.047501,0.7804761061422344
1000.0,-739.5793104328428,3.9159842,39.985092,0.7801829974892593
1000.0,-739.5805503566396,3.9155831,40.047501,0.7798898883448798
1000.0,-739.5712272970002,3.9155431,40.072475,0.7795967799472437
1000.0,-739.5786607591773,3.9151821,40.034996,0.7793036715517461
1000.0,-739.5727687692231,3.9147811,40.034996,0.7790105625431907
1000.0,-739.5810168262012,3.9146609,40.047501,0.7787174532139409
1000.0,-739.5820497423672,3.9145005,40.072475,0.7784243434753279
1000.0,-739.5740930795376,3.9139791,40.047501,0.778131233941919
1000.0,-739.5808872479464,3.9137785,40.072475,0.7778381246640236
1000.0,-739.5743938595467,3.9137785,40.047501,0.7775450150114088
1000.0,-739.5806703279861,3.9134576,40.047501,0.7772519058194827
1000.0,-739.5794707121331,3.9133775,40.047501,0.776958797102986
1000.0,-739.5737716089496,3.9126956,39.997559,0.7766656876969831
1000.0,-739.5809068891482,3.9125352,40.047501,0.7763725784113034
1000.0,-739.5730199522717,3.9125352,40.034996,0.7760794693031985
1000.0,-739.5802605356224,3.9120941,40.097408,0.7757863602736804
1000.0,-739.5807220861097,3.9120541,40.122375,0.7754932510612416
1000.0,-739.5738078758606,3.9118135,40.034996,0.7752001416408653
1000.0,-739.5812125794902,3.9114525,40.02253,0.7749070322340349
1000.0,-739.5737662866909,3.911212,40.084942,0.7746139228301413
1000.0,-739.5808365884188,3.9110916,40.02253,0.7743208135723231
1000.0,-739.5811863832404,3.910851,40.047501,0.7740277041758749
1000.0,-739.572673628003,3.9106102,39.985092,0.7737345952050259
1000.0,-739.5811641660629,3.9103696,40.059967,0.7734414858173828
1000.0,-739.5741465706067,3.9098885,40.02253,0.7731483762627742
1000.0,-739.580161804719,3.910089,40.010063,0.7728552672723851
1000.0,-739.581087773994,3.9095275,39.997559,0.7725621579150175
1000.0,-739.5842891750707,3.909327,40.034996,0.772269044340671
1000.0,-739.5915203501967,3.9090462,40.097408,0.7719759308486847
1000.0,-739.5843967302902,3.9089661,40.034996,0.7716828172317116
1000.0,-739.5929136073783,3.908565,39.997559,0.7713897031875525
1000.0,-739.5918031032421,3.9082441,39.960121,0.7710965895835061
1000.0,-739.5850324212354,3.9082441,40.034996,0.7708034757145948
1000.0,-739.5930878998296,3.9077227,40.084942,0.7705103616013604
1000.0,-739.5840240758969,3.9075623,40.047501,0.7702172481320785
1000.0,-739.5913443120858,3.907402,40.059967,0.7699241347098595
1000.0,-739.59265894266,3.9072015,39.985092,0.7696310207666285
1000.0,-739.5858246292747,3.9069207,40.059967,0.7693379065837476
1000.0,-739.5943855390522,3.9063993,40.109909,0.7690447919562352
1000.0,-739.5852194072045,3.9062791,40.047501,0.7687516780132172
1000.0,-739.5902396669236,3.9061186,40.059967,0.768458565028789
1000.0,-739.5915988420502,3.9059181,40.084942,0.768165451505695
1000.0,-739.5845823376309,3.9056373,39.997559,0.7678723378151617
1000.0,-739.593092270271,3.9052765,40.072475,0.7675792237001953
1000.0,-739.5915012095381,3.9054368,40.010063,0.7672861102157948
1000.0,-739.5865956340213,3.9050357,40.010063,0.7669929957273478
1000.0,-739.5934828730677,3.9047551,40.034996,0.7666998814575783
1000.0,-739.5864366623259,3.9046748,40.072475,0.7664067670321352
1000.0,-739.5946809509683,3.9044342,39.997559,0.7661136522875458
1000.0,-739.5937527596379,3.9039931,40.02253,0.7658205379108154
1000.0,-739.5855139250646,3.9036722,40.02253,0.7655274238510733
1000.0,-739.5929188320785,3.9035118,40.072475,0.7652343098048435
1000.0,-739.5841279329461,3.9035118,40.084942,0.7649411962944008
1000.0,-739.5934511467988,3.9031508,40.072475,0.764648082037205
1000.0,-739.5927593461674,3.9029503,40.084942,0.7643549680541823
1000.0,-739.5854789397849,3.9025896,40.034996,0.7640618540083058
1000.0,-739.5923929624136,3.9023488,40.047501,0.7637687401704877
1000.0,-739.5853842745468,3.9019878,40.010063,0.763475626162129
1000.0,-739.5925844065501,3.9019077,40.034996,0.7631825122484381
1000.0,-739.5924574769175,3.9016671,40.047501,0.7628893983850517
1000.0,-739.5857229325609,3.9013062,40.034996,0.7625962842424755
1000.0,-739.5924240907322,3.9012661,40.047501,0.7623031703923207
1000.0,-739.5859474067047,3.9009452,40.010063,0.7620100561607802
1000.0,-739.5956223624897,3.9005442,40.02253,0.7617169410430925
1000.0,-739.5956487052599,3.9004238,40.034996,0.7614238259149645
1000.0,-739.5865069135426,3.9002633,40.047501,0.7611307114616793
1000.0,-739.5945912528628,3.9000628,40.034996,0.7608375967526388
1000.0,-739.5870238423105,3.8997421,40.059967,0.7605444820944833
1000.0,-739.594558697096,3.8996217,40.010063,0.7602513673983454
1000.0,-739.5959282475443,3.8992608,40.034996,0.7599582521594298
1000.0,-739.5884960400414,3.8990202,39.997559,0.7596651369178098
1000.0,-739.59612644226,3.8986192,39.997559,0.7593720216003462
1000.0,-739.5881036223743,3.8985388,40.059967,0.7590789065142499
1000.0,-739.5956364490133,3.8984587,40.034996,0.7587857913909792
1000.0,-739.5951120813871,3.8980176,40.047501,0.7584926764755251
1000.0,-739.5874308229553,3.8979373,40.059967,0.7581995616560743
1000.0,-739.5955114974059,3.8976967,40.034996,0.7579064465823243
1000.0,-739.5880610078792,3.8973758,39.985092,0.7576133315131172
1000.0,-739.5963522366288,3.8973758,40.097408,0.7573202161061671
1000.0,-739.5943073650005,3.8969347,39.997559,0.7570271015096367
1000.0,-739.5868679958064,3.8969748,39.997559,0.7567339869132466
1000.0,-739.5938481706062,3.8966541,40.034996,0.7564408724987031
1000.0,-739.5862614069765,3.8965738,39.972588,0.7561477581427174
1000.0,-739.5950070388519,3.8962529,40.059967,0.7558546432688934
1000.0,-739.593810377247,3.8961327,39.997559,0.7555615288693283
1000.0,-739.5839092451741,3.8956513,39.997559,0.7552684154455563
1000.0,-739.5920532753504,3.8955712,40.034996,0.7549753017423623
1000.0,-739.5852607159213,3.8952904,40.034996,0.7546821877829726
1000.0,-739.5926613108265,3.8948092,40.02253,0.754389073838803
1000.0,-739.5921411055255,3.8950098,40.02253,0.7540959601008004
1000.0,-739.5845808118696,3.8944483,40.02253,0.7538028464108718
1000.0,-739.5924594667094,3.8940473,40.059967,0.7535097325466967
1000.0,-739.584342433674,3.8942077,40.047501,0.7532166189512426
1000.0,-739.5949193434305,3.8940072,40.02253,0.752923504112174
1000.0,-739.5935233030777,3.8937263,40.034996,0.7526303898263814
1000.0,-739.5857772538357,3.8933654,40.010063,0.7523372756622764
1000.0,-739.5926418403948,3.8931248,40.010063,0.7520441617258234
1000.0,-739.5859718087551,3.8929243,40.02253,0.7517510474846121
1000.0,-739.5914523320955,3.8926837,40.02253,0.7514579340195826
1000.0,-739.5925215645478,3.8924832,40.010063,0.7511648201307971
1000.0,-739.5851822737652,3.8923228,40.010063,0.7508717062024958
1000.0,-739.5924916202614,3.8918817,39.985092,0.7505785923255779
1000.0,-739.583949991553,3.8917613,40.02253,0.7502854788856572
1000.0,-739.590750643998,3.8916008,40.02253,0.7499923656987195
1000.0,-739.5918654080713,3.8912799,40.034996,0.7496992520699807
1000.0,-739.5839773722756,3.8912799,40.02253,0.7494061386192086
1000.0,-739.5918314601561,3.8908789,39.947655,0.7491130250039238
1000.0,-739.5862094908836,3.8907588,39.997559,0.7488199106685138
1000.0,-739.5932583599338,3.8904378,40.034996,0.7485267964877228
1000.0,-739.5917717190246,3.8903174,40.034996,0.7482336828961147
1000.0,-739.5848896965645,3.8899164,40.072475,0.7479405690837683
1000.0,-739.5919675942774,3.8899968,39.985092,0.7476474554145313
1000.0,-739.5929389367839,3.8895154,40.034996,0.7473543413603335
1000.0,-739.5861035710075,3.8892748,40.047501,0.7470612270669018
1000.0,-739.5948653266214,3.8892348,40.02253,0.746768112249241
1000.0,-739.5866050209522,3.8888338,40.047501,0.7464749977570736
1000.0,-739.5933869743462,3.8886333,39.960121,0.7461818835253106
1000.0,-739.5926224679844,3.8883524,40.010063,0.7458887695965353
1000.0,-739.5856603598769,3.8882322,40.084942,0.7455956554787578
1000.0,-739.5927452226044,3.8880718,40.072475,0.7453025415013327
1000.0,-739.5852613260416,3.8878713,40.02253,0.7450094275417012
1000.0,-739.5944824390646,3.8875504,40.010063,0.7447163128757857
1000.0,-739.5938738175067,3.8874702,40.047501,0.7444231984510778
1000.0,-739.586448063892,3.8872695,40.059967,0.744130084021116
1000.0,-739.5946162535184,3.8873498,40.02253,0.7438369693021675
1000.0,-739.5884570263102,3.8867083,40.034996,0.7435438540760094
1000.0,-739.594445061017,3.8864675,40.02253,0.7432507394249076
1000.0,-739.5939017349618,3.8863473,40.02253,0.7429576249891355
1000.0,-739.5854638766784,3.8861468,40.059967,0.7426645109492288
1000.0,-739.5936500126229,3.885906,40.059967,0.7423713966132189
1000.0,-739.5862217951984,3.8853848,40.02253,0.7420782822729324
1000.0,-739.5944246263338,3.8853045,39.960121,0.7417851676299291
1000.0,-739.5937977674893,3.8851039,39.972588,0.7414920532353613
1000.0,-739.5872873786841,3.8849435,39.997559,0.7411989384727604
1000.0,-739.5960771252562,3.8847029,39.997559,0.7409058231748419
1000.0,-739.5872869273609,3.8845425,40.047501,0.7406127084124201
1000.0,-739.5938084727889,3.8844223,39.997559,0.7403195940136095
1000.0,-739.5928679163449,3.8841815,40.072475,0.7400264799875585
1000.0,-739.5861241395214,3.8837805,39.935146,0.739733365685975
1000.0,-739.5942040314947,3.88362,40.02253,0.7394402511303975
1000.0,-739.5877859361079,3.883219,39.997559,0.7391471361702074
1000.0,-739.5960685561666,3.8833795,40.02253,0.738854020875685
1000.0,-739.595487107593,3.8829784,39.985092,0.738560905811601
1000.0,-739.5880202000073,3.8830185,39.997559,0.7382677907585671
1000.0,-739.595535301035,3.882858,40.010063,0.7379746756753833
1000.0,-739.5864783858387,3.8822565,39.997559,0.7376815612334042
1000.0,-739.5930783057112,3.8821363,40.02253,0.7373884471239722
1000.0,-739.5925089295174,3.8819358,40.010063,0.737095333240194
1000.0,-739.5848314698239,3.8816149,39.972588,0.7368022194509243
1000.0,-739.5926222847315,3.8814144,40.034996,0.7365091055222214
1000.0,-739.5858949292968,3.881294,40.034996,0.7362159913114791
1000.0,-739.5928598105544,3.8810935,39.972588,0.7359228772886406
1000.0,-739.5933924186224,3.8806524,39.997559,0.7356297630547198
1000.0,-739.5864361497144,3.8806124,40.072475,0.7353366486294799
1000.0,-739.5922071581866,3.880532,39.92268,0.7350435348652993
1000.0,-739.5881002046568,3.880091,39.985092,0.7347504197805577
1000.0,-739.5930201629002,3.8798904,40.034996,0.7344573056941686
1000.0,-739.5932296490994,3.8799305,39.960121,0.7341641915247563
1000.0,-739.5844207170331,3.8795295,39.935146,0.7338710778982768
1000.0,-739.592241130556,3.8792086,40.010063,0.7335779641206324
1000.0,-739.5841141756179,3.8791685,39.947655,0.733284850615642
1000.0,-739.592487420897,3.8788075,39.972588,0.7329917367403881
1000.0,-739.5937816419585,3.8786471,39.935146,0.7326986223522112
1000.0,-739.5859787912206,3.8784466,40.02253,0.7324055081082325
1000.0,-739.5915127691989,3.8784466,40.047501,0.7321123946192508
1000.0,-739.5851499743246,3.8782461,40.010063,0.7318192807037506
1000.0,-739.5937134774392,3.8780055,39.985092,0.7315261663425885
1000.0,-739.5925823922017,3.8776846,40.034996,0.7312330524296958
1000.0,-739.5849541373647,3.877444,40.047501,0.73093993859181
1000.0,-739.5918884187304,3.877003,40.097408,0.7306468249539517
1000.0,-739.5856526817536,3.8770831,39.997559,0.7303537108392173
1000.0,-739.5911254017196,3.8767221,39.985092,0.7300605975037564
1000.0,-739.5939365010174,3.8765619,39.960121,0.729767483054206
1000.0,-739.5870046284826,3.8763211,39.960121,0.7294743684036654
1000.0,-739.592732869155,3.8760405,40.047501,0.729181254431136
1000.0,-739.5854017550108,3.8760004,40.047501,0.7288881404158495
1000.0,-739.5922913263751,3.8759601,40.010063,0.7285950266183115
1000.0,-739.5923356619926,3.8756394,39.997559,0.7283019128032026
1000.0,-739.5862810969909,3.8754389,40.034996,0.7280087984394134
1000.0,-739.5919525548597,3.8751581,40.072475,0.7277156847761367
1000.0,-739.5918276027408,3.8747971,39.972588,0.7274225711623808
1000.0,-739.5831564648433,3.8747971,40.047501,0.7271294580369523
1000.0,-739.5918484041342,3.8744764,39.972588,0.7268363444149525
1000.0,-739.5851947736091,3.874316,39.935146,0.7265432304816972
1000.0,-739.5930762911581,3.8741155,40.010063,0.7262501163730635
1000.0,-739.5939078755168,3.8738749,39.960121,0.725957001934858
1000.0,-739.585822004417,3.8736341,40.010063,0.7256638877530173
1000.0,-739.5940282742487,3.8735139,39.935146,0.7253707732670955
1000.0,-739.5868617703895,3.8734336,40.047501,0.7250776586731726
1000.0,-739.5942309484774,3.8728721,40.047501,0.7247845441069274
1000.0,-739.5921811933817,3.8728721,40.034996,0.7244914303530372
1000.0,-739.5853805518203,3.8726716,39.985092,0.7241983163461538
1000.0,-739.5923176691452,3.8724711,40.02253,0.7239052025381758
1000.0,-739.5849797109526,3.872391,39.997559,0.7236120886901547
1000.0,-739.592615180539,3.8719096,39.972588,0.7233189747642674
1000.0,-739.5926533641417,3.8715889,40.010063,0.7230258608232474
1000.0,-739.5850529165922,3.8715889,39.960121,0.7227327469462133
1000.0,-739.5940322900533,3.8713081,40.010063,0.7224396324586999
1000.0,-739.586726834345,3.8711877,40.02253,0.7221465179182551
1000.0,-739.5940906402643,3.8710675,40.010063,0.7218534034076166
1000.0,-739.5943947795571,3.870827,39.947655,0.7215602887764421
1000.0,-739.5877372546861,3.8706264,40.097408,0.7212671738355455
1000.0,-739.5946276180574,3.870065,40.084942,0.7209740591120929
1000.0,-739.5863478932464,3.8698645,40.072475,0.7206809447218309
1000.0,-739.594610808833,3.869704,39.997559,0.7203878300050401
1000.0,-739.5937870739564,3.8698242,40.010063,0.7200947156147104
1000.0,-739.5858654249707,3.8695035,40.047501,0.7198016014156612
1000.0,-739.5935387450173,3.8691425,39.997559,0.7195084871237487
1000.0,-739.5849338986206,3.8690221,40.02253,0.719215373293884
1000.0,-739.5919820591756,3.868902,40.059967,0.7189222596189142
1000.0,-739.5914971565917,3.8687415,40.034996,0.7186291461361202
1000.0,-739.585951862742,3.8687012,40.072475,0.7183360319028137
1000.0,-739.5937456060253,3.8683405,40.010063,0.7180429175289184
1000.0,-739.5857810140104,3.86814,40.047501,0.7177498033633232
1000.0,-739.5930917208194,3.8678992,39.935146,0.7174566892485744
1000.0,-739.5929819792975,3.8676186,40.034996,0.7171635751773182
1000.0,-739.5854402435455,3.867378,40.02253,0.7168704611467779
1000.0,-739.5930583958205,3.8673377,39.997559,0.7165773470452365
1000.0,-739.5865525677937,3.8668966,40.010063,0.7162842325738574
1000.0,-739.5944979176342,3.8668566,40.010063,0.7159911179018075
1000.0,-739.5948964793942,3.8668566,39.997559,0.7156980030718003
1000.0,-739.5870029559978,3.8666561,40.084942,0.7154048884219224
1000.0,-739.5930681370733,3.8661346,40.02253,0.7151117743165203
1000.0,-739.5876088493744,3.8661346,40.034996,0.7148186594265136
1000.0,-739.5938064830992,3.8660545,40.034996,0.7145255450284916
1000.0,-739.5942413003681,3.8658941,40.02253,0.7142324304581438
1000.0,-739.5862091974365,3.8656535,40.010063,0.7139393161228499
1000.0,-739.5947342106189,3.8652925,40.047501,0.7136462013571527
1000.0,-739.5887570251238,3.8648512,39.997559,0.7133530860120987
1000.0,-739.5956742423725,3.8647311,40.034996,0.71305997087385
1000.0,-739.5947606266492,3.8649316,40.072475,0.7127668560976836
1000.0,-739.5883566363977,3.8645306,40.047501,0.7124737409113124
1000.0,-739.5966119917027,3.8642898,39.997559,0.7121806254014167
1000.0,-739.5884122028787,3.8641696,40.02253,0.7118875101930232
1000.0,-739.5951129352368,3.8640492,40.034996,0.7115943952772307
1000.0,-739.5946289730641,3.8636482,40.047501,0.711301280553241
1000.0,-739.587477307105,3.8635681,40.010063,0.7110081657153674
1000.0,-739.5964007355946,3.8632872,40.010063,0.7107150502891963
1000.0,-739.588457417266,3.8628862,40.034996,0.7104219350628834
1000.0,-739.5948046087556,3.8628461,40.010063,0.7101288202692861
1000.0,-739.5941806065471,3.8627257,39.997559,0.7098357057229923
1000.0,-739.5876049184315,3.8623648,39.985092,0.7095425908345435
1000.0,-739.5952522553581,3.8622847,40.072475,0.7092494758635359
1000.0,-739.5889132867306,3.8622046,39.985092,0.7089563604565517
1000.0,-739.5947439152415,3.8618436,40.010063,0.7086632456870086
1000.0,-739.5947570498942,3.8616431,40.010063,0.7083701309122598
1000.0,-739.5874874633625,3.8614826,40.047501,0.708077016070361
1000.0,-739.5910224227481,3.8612421,40.047501,0.7077839027757125
1000.0,-739.5928136920335,3.8612421,39.960121,0.7074907887711516
1000.0,-739.5847261847267,3.8608007,40.034996,0.7071976750236085
1000.0,-739.5945330617574,3.8605602,40.034996,0.7069045603376303
1000.0,-739.5868239165314,3.8605201,39.985092,0.7066114457587098
1000.0,-739.594164578526,3.8604801,40.02253,0.7063183312187681
1000.0,-739.5931307349432,3.8604398,40.010063,0.7060252170885574
1000.0,-739.5858616895569,3.8599586,40.072475,0.7057321028909886
1000.0,-739.5923813776848,3.8595576,40.047501,0.7054389890577617
1000.0,-739.5868151029888,3.8595576,40.02253,0.7051458744823341
1000.0,-739.5938711078004,3.8592367,40.047501,0.7048527600587002
1000.0,-739.5943225380465,3.8590763,40.02253,0.7045596454561565
1000.0,-739.5884871778978,3.8590362,40.034996,0.7042665302180487
1000.0,-739.5954486187735,3.8589158,40.059967,0.7039734151692186
1000.0,-739.5865875894983,3.8586352,39.972588,0.7036803006839598
1000.0,-739.5968040214093,3.8583946,40.02253,0.7033871850979592
1000.0,-739.5954142435754,3.8578331,40.034996,0.7030940700627527
1000.0,-739.5874929316286,3.8579533,39.997559,0.7028009552186867
1000.0,-739.5934271480479,3.8575523,40.047501,0.7025078409710022
1000.0,-739.585913153815,3.8574722,39.985092,0.7022147267530369
1000.0,-739.594320121381,3.8571513,39.985092,0.7019216121514509
1000.0,-739.5946213802997,3.8571112,39.997559,0.7016284974304703
1000.0,-739.5875738031135,3.8568304,39.960121,0.7013353825543532
1000.0,-739.5942826699709,3.8568304,39.985092,0.7010422679676098
1000.0,-739.5887143008417,3.8566298,39.985092,0.7007491526394882
1000.0,-739.5969540586991,3.8561888,39.947655,0.7004560369940251
1000.0,-739.5965151039686,3.8561087,40.02253,0.7001629215225278
1000.0,-739.5879698095732,3.8561087,39.947655,0.6998698064894646
1000.0,-739.5937686534169,3.8557477,40.034996,0.6995766921064352
1000.0,-739.5868155426479,3.8555872,40.010063,0.6992835775308335
1000.0,-739.5938416153534,3.8555472,39.947655,0.6989904631188879
1000.0,-739.5939981467094,3.8551059,39.997559,0.6986973486449062
1000.0,-739.5855216276418,3.8552263,39.985092,0.6984042345821115
1000.0,-739.5937599745394,3.8547451,39.985092,0.6981111202025218
1000.0,-739.5856123006488,3.8546648,39.947655,0.6978180061037914
1000.0,-739.5944267871002,3.8545847,39.960121,0.6975248914599317
1000.0,-739.5928588950065,3.8543842,40.02253,0.697231777437456
1000.0,-739.5845667247714,3.8541033,40.034996,0.6969386637531103
1000.0,-739.5924239197575,3.8537424,40.010063,0.6966455499030233
1000.0,-739.585737044113,3.8537827,39.985092,0.6963524357548543
1000.0,-739.592847054174,3.8535821,39.960121,0.6960593217370713
1000.0,-739.5933121202298,3.8530607,39.935146,0.6957662075349744
1000.0,-739.5861081116615,3.8531008,39.947655,0.695473093239743
1000.0,-739.5947496525584,3.8528602,40.02253,0.695179978467926
1000.0,-739.588052145531,3.8526194,39.972588,0.6948868634022313
1000.0,-739.5944055832872,3.8525794,40.010063,0.694593748766775
1000.0,-739.5941634553735,3.8524592,40.02253,0.6943006342272785
1000.0,-739.5858275343807,3.8520582,39.997559,0.6940075200432462
1000.0,-739.5932636455136,3.8522184,39.997559,0.6937144058603606
1000.0,-739.5848511598382,3.8519778,40.010063,0.6934212920632871
1000.0,-739.5927157424356,3.8518174,39.985092,0.6931281780975453
1000.0,-739.5930524752508,3.8513362,39.935146,0.6928350639983504
1000.0,-739.5856460534096,3.8510957,40.034996,0.692541949886243
1000.0,-739.5915610120609,3.8510554,39.997559,0.6922488363781418
1000.0,-739.5822500606556,3.8508949,39.997559,0.6919557236119412
1000.0,-739.591542664884,3.8508949,40.010063,0.6916626101111114
1000.0,-739.5925735542187,3.8503337,40.010063,0.6913694962017215
1000.0,-739.5849285882308,3.8503337,40.010063,0.6910763823739614
1000.0,-739.5923288752949,3.8500528,40.047501,0.690783268561542
1000.0,-739.5841848782601,3.8498924,39.997559,0.6904901550285306
1000.0,-739.5916513814793,3.8495717,39.997559,0.6901970414846145
1000.0,-739.5916732929286,3.8493712,39.997559,0.6899039279320143
1000.0,-739.582941829977,3.8494112,40.047501,0.6896108148916503
1000.0,-739.5935758788302,3.8491304,40.034996,0.6893177005850211
1000.0,-739.585109581351,3.8489299,40.047501,0.6890245866855293
1000.0,-739.5925515570264,3.8488898,40.034996,0.6887314727848574
1000.0,-739.593621704208,3.8485289,40.010063,0.6884383584600666
1000.0,-739.5870343892169,3.8483284,39.960121,0.688145243797731
1000.0,-739.5932825791814,3.8481679,39.885246,0.6878521296073418
1000.0,-739.5937805064253,3.8477669,39.985092,0.6875590152196147
1000.0,-739.5856158409429,3.8479273,40.034996,0.6872659011194813
1000.0,-739.5936366093836,3.8475664,39.985092,0.6869727867887834
1000.0,-739.5876329703582,3.8476064,40.010063,0.686679671889217
1000.0,-739.5950762535704,3.8473258,40.010063,0.686386556987962
1000.0,-739.5950442093971,3.8471653,40.02253,0.6860934420994067
1000.0,-739.5875036496102,3.8469248,40.02253,0.685800327251093
1000.0,-739.5944816581682,3.8468044,39.972588,0.685507212585487
1000.0,-739.587196070182,3.8465638,40.02253,0.6852140978590736
1000.0,-739.5954005958968,3.8464835,40.010063,0.684920982829276
1000.0,-739.5955270491335,3.8461628,40.059967,0.6846278677493627
1000.0,-739.5880148291477,3.8459623,40.034996,0.6843347526984571
1000.0,-739.5947868595291,3.8460824,39.947655,0.6840416379118943
1000.0,-739.5873372932388,3.8457618,40.02253,0.6837485231295112
1000.0,-739.5953488621251,3.8456414,39.985092,0.6834554081202167
1000.0,-739.5939966210351,3.8453608,39.997559,0.6831622936468394
1000.0,-739.5872714121125,3.84512,40.047501,0.6828691788905666
1000.0,-739.5943572061831,3.8450799,39.985092,0.6825760642742832
1000.0,-739.5876496940806,3.8447993,40.059967,0.6822829493680888
1000.0,-739.5950105424491,3.8445988,39.972588,0.6819898344928763
1000.0,-739.5962875636333,3.8443179,39.997559,0.6816967191115573
1000.0,-739.5878633526318,3.8441975,40.047501,0.6814036041206852
1000.0,-739.5952006191984,3.8439569,40.010063,0.6811104891701419
1000.0,-739.5861747984371,3.8437965,40.02253,0.6808173748484813
1000.0,-739.5940610744548,3.8436763,40.010063,0.6805242603495602
1000.0,-739.5910986682966,3.843596,40.097408,0.6802311470246941
1000.0,-739.585774922425,3.8435159,40.034996,0.6799380328615132
1000.0,-739.5935261593046,3.8429945,40.072475,0.6796449185745885
1000.0,-739.587057960857,3.8430345,39.985092,0.6793518039029112
1000.0,-739.5949692459019,3.842834,39.997559,0.6790586890440652
1000.0,-739.5937627939313,3.8423929,39.910179,0.6787655746633581
1000.0,-739.5847620732668,3.8425133,39.997559,0.6784724609015915
1000.0,-739.5936861942578,3.8421924,39.985092,0.6781793465512422
1000.0,-739.5858769240455,3.842032,40.034996,0.6778862323476357
1000.0,-739.5898302409631,3.8418715,40.02253,0.6775931195254704
1000.0,-739.5915768322727,3.8415105,39.997559,0.6773000060110994
1000.0,-739.5843170800692,3.8415105,39.972588,0.6770068924256935
1000.0,-739.5932894637981,3.8410695,39.985092,0.6767137782325756
1000.0,-739.584457325992,3.8411498,40.02253,0.6764206645915871
1000.0,-739.5917775902767,3.8408689,40.02253,0.6761275509976521
1000.0,-739.5920583780867,3.840508,39.997559,0.6758344372924358
1000.0,-739.5844989637626,3.8405883,40.047501,0.6755413236349453
1000.0,-739.592646601489,3.8403075,39.985092,0.6752482096966054
1000.0,-739.5855930264536,3.840107,39.960121,0.6749550956055138
1000.0,-739.5937836802494,3.840107,40.034996,0.674661981216529
1000.0,-739.592991061413,3.8396659,40.034996,0.6743688671416734
1000.0,-739.5854319067009,3.839746,39.985092,0.6740757531144371
1000.0,-739.5931580174083,3.8395855,40.010063,0.6737826389734138
1000.0,-739.584058927038,3.839345,39.997559,0.6734895254903196
1000.0,-739.5924331479843,3.8391445,39.972588,0.6731964116365752
1000.0,-739.5933069444379,3.8388638,39.985092,0.6729032974365294
1000.0,-739.5852810893155,3.8389039,40.059967,0.6726101834690654
1000.0,-739.593438121934,3.8385429,39.985092,0.6723170692170316
1000.0,-739.5844064715473,3.8385029,40.02253,0.672023955596198
1000.0,-739.5924145078687,3.8383024,40.010063,0.6717308417498409
1000.0,-739.5942874918424,3.8380215,40.02253,0.6714377271611864
1000.0,-739.5882632287461,3.8376606,40.02253,0.6711446120118347
1000.0,-739.5951007773185,3.8376205,39.985092,0.6708514971008606
1000.0,-739.5879653175201,3.8372996,40.02253,0.6705583820695777
1000.0,-739.5965275064285,3.8372595,40.047501,0.670265266593165
1000.0,-739.5958973146545,3.8368585,39.972588,0.6699721513665087
1000.0,-739.5870485983801,3.8367383,40.02253,0.6696790366985417
1000.0,-739.5940049456854,3.8368185,39.985092,0.6693859222218655
1000.0,-739.5869358548357,3.836658,40.072475,0.6690928075985814
1000.0,-739.5938905291192,3.8363774,40.034996,0.6687996931672505
1000.0,-739.5955536972227,3.8362169,40.034996,0.6685065780767759
1000.0,-739.5879137063338,3.8360164,40.010063,0.6682134630659476
1000.0,-739.5954716779318,3.8359361,40.034996,0.6679203480079788
1000.0,-739.5958536011348,3.8357756,39.997559,0.667627232798647
1000.0,-739.5872938482311,3.835495,39.935146,0.6673341180334822
1000.0,-739.5950268026314,3.8353746,39.985092,0.6670410031518256
1000.0,-739.586694021986,3.8352144,40.034996,0.666747888624385
1000.0,-739.5962893827575,3.835094,40.034996,0.6664547732423451
1000.0,-739.5967986256322,3.8348935,40.02253,0.666161657658483
1000.0,-739.5881004731384,3.8347731,40.047501,0.6658685425736349
1000.0,-739.595439023939,3.8346529,39.947655,0.6655754275286074
1000.0,-739.5870421651559,3.834332,39.960121,0.6652823128631903
1000.0,-739.5938396375328,3.8342919,40.084942,0.6649891984520285
1000.0,-739.595078767848,3.8340914,40.034996,0.6646960835497772
1000.0,-739.5872091076031,3.8337305,40.034996,0.6644029688181968
1000.0,-739.5969272522206,3.8338106,39.935146,0.6641098531833577
1000.0,-739.5863112234085,3.8333695,39.960121,0.6638167388076287
1000.0,-739.5950165976703,3.8333294,40.010063,0.6635236239300165
1000.0,-739.5935017450374,3.833209,39.960121,0.6632305096527679
1000.0,-739.5877646591465,3.832768,40.034996,0.6629373947010102
1000.0,-739.593979079618,3.8327279,40.010063,0.6626442802345851
1000.0,-739.5872300911176,3.8325274,40.02253,0.6623511654946885
1000.0,-739.594635088858,3.832407,39.985092,0.6620580507682752
1000.0,-739.5952259366328,3.8321664,40.010063,0.6617649358076981
1000.0,-739.5878740827891,3.832006,40.034996,0.6614718208125736
1000.0,-739.5948183906763,3.8319659,40.034996,0.6611787060135144
1000.0,-739.5877081775362,3.8317654,39.997559,0.6608855910841417
1000.0,-739.5936792483521,3.8315647,40.047501,0.6605924767365452
1000.0,-739.5936799201768,3.8311236,40.034996,0.6602993623886824
1000.0,-739.5870110616045,3.8312039,40.02253,0.6600062477355921
1000.0,-739.5939449118199,3.830883,40.047501,0.6597131332827083
1000.0,-739.586653080078,3.8309231,40.034996,0.6594200187714941
1000.0,-739.5932852887855,3.8305621,40.02253,0.6591269045800309
1000.0,-739.5943417643458,3.8306022,39.960121,0.6588337899698673
1000.0,-739.587045241337,3.8302011,40.047501,0.6585406753032308
1000.0,-739.594771136827,3.8300006,40.034996,0.6582475605228991
1000.0,-739.5862371270935,3.8299205,40.010063,0.6579544461765362
1000.0,-739.5930954811344,3.82968,40.059967,0.6576613320602972
1000.0,-739.5935500486767,3.8294392,40.047501,0.6573682177639049
1000.0,-739.5862987848528,3.8295195,40.059967,0.6570751033931056
1000.0,-739.5936648439243,3.8291986,40.02253,0.6567819890512178
1000.0,-739.5871154072207,3.8290782,39.997559,0.6564888743567731
1000.0,-739.5948640328014,3.8289981,40.047501,0.6561957595396251
1000.0,-739.5945934869918,3.8287976,39.935146,0.6559026448296992
1000.0,-739.586258428202,3.828557,40.034996,0.6556095304748942
1000.0,-739.5924919255805,3.8283565,40.010063,0.6553164165978551
1000.0,-739.5859519966758,3.8282361,40.072475,0.6550233023644957
1000.0,-739.5933520738439,3.8283165,40.034996,0.6547301881465644
1000.0,-739.5946219663813,3.8278351,39.972588,0.6544370734253516
1000.0,-739.5877012562568,3.8276346,40.010063,0.654143958498722
1000.0,-739.5951121666186,3.8274341,40.010063,0.6538508435832341
1000.0,-739.5865893960193,3.8275142,40.047501,0.6535577290972592
1000.0,-739.5924836977238,3.8273137,40.02253,0.653264615223481
1000.0,-739.5941449984085,3.826993,39.997559,0.6529715006912993
1000.0,-739.5863264700729,3.8269527,40.084942,0.6526783863095278
1000.0,-739.5934834954725,3.8269126,40.034996,0.6523852720395117
1000.0,-739.5866843664711,3.8264716,39.997559,0.6520921575158979
1000.0,-739.593033602872,3.8265116,40.010063,0.6517990434241823
1000.0,-739.5946124691587,3.8263912,39.972588,0.6515059287067336
1000.0,-739.5871344373883,3.82587,39.972588,0.6512128140047467
1000.0,-739.592501739991,3.8259101,40.02253,0.6509197001238181
1000.0,-739.5870138207031,3.8257096,40.109909,0.6506265854696344
1000.0,-739.5953496311525,3.825469,40.034996,0.650333470460035
1000.0,-739.5945885186,3.8253086,40.010063,0.6500403557520782
1000.0,-739.5859221264617,3.8251882,40.010063,0.6497472415305569
1000.0,-739.5927575025889,3.825068,39.997559,0.6494541275482649
1000.0,-739.5870295187931,3.8246667,39.997559,0.6491610128878597
1000.0,-739.594308695246,3.8246267,40.02253,0.6488678982908019
1000.0,-739.5930014985353,3.8246667,40.097408,0.6485747842118099
1000.0,-739.5856343100003,3.8242257,40.059967,0.6482816701043568
1000.0,-739.5927967978845,3.8241856,40.047501,0.6479885561064912
1000.0,-739.5926672313964,3.8240652,40.010063,0.6476954421599753
1000.0,-739.5849540031239,3.8238246,39.972588,0.6474023283221428
1000.0,-739.5935157103133,3.823544,40.034996,0.6471092140393593
1000.0,-739.5865127850426,3.8235841,40.02253,0.6468160995837471
1000.0,-739.5936398443941,3.8232632,40.02253,0.646522985251767
1000.0,-739.5951535607778,3.8232231,40.02253,0.6462298703198739
1000.0,-739.5874772824465,3.8229825,39.997559,0.64593675548201
1000.0,-739.5953950051003,3.822782,39.997559,0.645643640454428
1000.0,-739.5851603135262,3.8225815,40.047501,0.6453505265348302
1000.0,-739.5941238799294,3.8223007,40.034996,0.6450574120110181
1000.0,-739.594813068364,3.8222206,40.010063,0.6447642972140681
1000.0,-739.5875576287347,3.8221002,39.997559,0.6444711823443612
1000.0,-739.5954383280693,3.8219798,39.997559,0.6441780672996097
1000.0,-739.5900869997449,3.8217793,39.972588,0.6438849514274573
1000.0,-739.5970763128784,3.8218195,40.059967,0.6435918357335426
1000.0,-739.5970762883219,3.8213382,39.985092,0.6432987200396377
1000.0,-739.5887008488295,3.8212981,40.047501,0.6430056047168475
1000.0,-739.5955009748476,3.8208971,39.997559,0.6427124896472678
1000.0,-739.5898398205918,3.8210976,39.947655,0.6424193738730779
1000.0,-739.5955307237053,3.8208971,39.972588,0.6421262587917083
1000.0,-739.596344827015,3.8205361,39.972588,0.6418331433876947
1000.0,-739.591174384775,3.8204157,39.960121,0.6415400270845877
1000.0,-739.5974977141182,3.8203356,40.034996,0.6412469112236641
1000.0,-739.5901252682966,3.8201752,40.02253,0.640953795336345
1000.0,-739.5958388064633,3.8198543,40.010063,0.6406606801328765
1000.0,-739.5971627392407,3.8196938,40.034996,0.6403675644047097
1000.0,-739.5894331693077,3.8194933,40.010063,0.6400744487916846
1000.0,-739.5969727604105,3.8192928,40.059967,0.6397813331388097
1000.0,-739.5895002104094,3.8193331,39.985092,0.6394882174992149
1000.0,-739.5993020205465,3.8190923,40.034996,0.6391951009232121
1000.0,-739.5973742274078,3.8188517,39.997559,0.6389019851112285
1000.0,-739.5896524432576,3.8189318,40.072475,0.6386088694113005
1000.0,-739.5965416544457,3.8186512,39.985092,0.6383157539292805
1000.0,-739.5890073658932,3.8183706,40.047501,0.638022638485011
1000.0,-739.5961192886474,3.8182502,40.034996,0.6377295231703823
1000.0,-739.5953668553817,3.8182101,40.034996,0.6374364081539566
1000.0,-739.587494628772,3.8178492,40.034996,0.6371432933092179
1000.0,-739.5949228710726,3.8178892,40.072475,0.6368501784687514
1000.0,-739.5879734106439,3.8175282,40.010063,0.6365570634342609
1000.0,-739.5953332618985,3.8174081,40.059967,0.6362639484311489
1000.0,-739.5936213258334,3.8175683,40.02253,0.6359708341065081
1000.0,-739.5873848515195,3.8170471,40.010063,0.6356777193052767
1000.0,-739.594248514451,3.8168867,40.02253,0.6353846047320697
1000.0,-739.586302703006,3.8168867,40.010063,0.6350914903597176
1000.0,-739.5938601090508,3.8163652,40.02253,0.6347983759404427
1000.0,-739.5937256602209,3.8162448,40.010063,0.6345052615744523
1000.0,-739.5862111752372,3.8162851,40.02253,0.6342121472383747
1000.0,-739.5928471026731,3.8160443,40.02253,0.6339190332205725
1000.0,-739.5858892040088,3.8159242,40.047501,0.6336259190120992
1000.0,-739.5933476429321,3.8159642,40.059967,0.6333328047959239
1000.0,-739.5939388692863,3.8156433,40.010063,0.633039690345435
1000.0,-739.5867154452617,3.8153226,40.02253,0.6327465758095039
1000.0,-739.5923843808412,3.8156033,40.047501,0.6324534619750868
1000.0,-739.587457556007,3.8152423,40.010063,0.632160347145041
1000.0,-739.5957679686633,3.8150017,39.947655,0.6318672319696468
1000.0,-739.5955176375517,3.8148813,39.960121,0.6315741168934634
1000.0,-739.5862403742474,3.8146007,40.02253,0.6312810025458135
1000.0,-739.5933733756782,3.8147209,40.034996,0.63098788831944
1000.0,-739.5867558623823,3.8144803,40.047501,0.6306947737674907
1000.0,-739.5917293233698,3.8144002,39.997559,0.6304016601926847
1000.0,-739.5913296998486,3.8139591,40.02253,0.6301085467762568
1000.0,-739.5845392470517,3.8138387,39.935146,0.6298154331028012
1000.0,-739.5931538916111,3.8138788,40.047501,0.629522318963413
1000.0,-739.5836730769381,3.8135982,39.997559,0.6292292056332398
1000.0,-739.5918726469152,3.8133574,40.047501,0.628936092001632
1000.0,-739.5922553761851,3.8131971,39.960121,0.6286429782183418
1000.0,-739.5839414959114,3.8129563,40.010063,0.6283498647817882
1000.0,-739.5922756518652,3.8127959,40.034996,0.6280567509904623
1000.0,-739.5909214213925,3.8130767,39.997559,0.6277636377358425
1000.0,-739.5850960436989,3.8123147,40.034996,0.6274705238417161
1000.0,-739.5925096743977,3.8123147,40.034996,0.6271774099576428
1000.0,-739.5847559209047,3.8121943,40.072475,0.6268842961983147
1000.0,-739.5917515768705,3.8119538,39.997559,0.6265911826146892
1000.0,-739.5919648837526,3.8120339,40.034996,0.6262980689465263
1000.0,-739.5845932877713,3.8117132,40.059967,0.6260049552516532
1000.0,-739.593198447316,3.8113923,40.02253,0.6257118410946069
1000.0,-739.586373906391,3.8113923,40.034996,0.6254187266940352
1000.0,-739.5945477591237,3.8113923,40.02253,0.6251256120022322
1000.0,-739.5927226397398,3.8111117,40.02253,0.624832498033757
1000.0,-739.5863368704604,3.8109112,39.985092,0.6245393836478635
1000.0,-739.5948612010288,3.8108308,40.034996,0.6242462688318378
1000.0,-739.5865772985908,3.8105903,39.985092,0.6239531543506573
1000.0,-739.5942921549151,3.8104699,40.034996,0.6236600397601549
1000.0,-739.5934881222222,3.8103497,40.084942,0.6233669254883052
1000.0,-739.5852102275692,3.8101089,40.02253,0.6230738115489252
1000.0,-739.5923616390756,3.8100288,40.059967,0.622780697723521
1000.0,-739.5855986657948,3.8097882,40.02253,0.6224875836301944
1000.0,-739.5942093297621,3.8097882,40.047501,0.622194469072517
1000.0,-739.5948682567223,3.8095877,40.034996,0.621901354253695
1000.0,-739.5870748183087,3.8093469,40.072475,0.6216082395753365
1000.0,-739.594309110353,3.8091867,40.047501,0.6213151249781143
1000.0,-739.5875497556962,3.8087854,40.047501,0.6210220101115277
1000.0,-739.5947168520453,3.8089459,39.972588,0.62072889535271
1000.0,-739.594278165492,3.8087854,40.047501,0.6204357807677519
1000.0,-739.5877317371029,3.8085849,40.034996,0.620142665829042
1000.0,-739.5965115758148,3.8082643,39.997559,0.6198495503589428
1000.0,-739.5890920211881,3.8082643,40.010063,0.6195564348811224
1000.0,-739.5962084003644,3.8082643,39.985092,0.6192633195311772
1000.0,-739.5952355317744,3.8082242,40.084942,0.6189702045667974
1000.0,-739.5889681936718,3.8080637,40.072475,0.6186770891380525
1000.0,-739.5951444668956,3.8074219,40.010063,0.6183839742097634
1000.0,-739.5878556256006,3.8073819,40.034996,0.6180908592219538
1000.0,-739.594517863848,3.8072214,40.010063,0.6177977445419989
1000.0,-739.5946283504547,3.8071413,40.059967,0.6175046298182559
1000.0,-739.5881425869931,3.8070209,40.010063,0.6172115147167172
1000.0,-739.5946403381147,3.8067002,40.034996,0.6169183999882235
1000.0,-739.587353747968,3.8065798,40.034996,0.616625285199319
1000.0,-739.5952707490554,3.8066199,40.010063,0.616332170220982
1000.0,-739.5952598969285,3.8062589,40.034996,0.6160390552469459
1000.0,-739.5872168591906,3.8062189,39.985092,0.6157459405122935
1000.0,-739.594708868321,3.8058178,40.010063,0.61545282575664
1000.0,-739.5866952792655,3.8057778,40.010063,0.6151597112287013
1000.0,-739.5945979791924,3.8056974,40.034996,0.614866596516995
1000.0,-739.5949044386642,3.8054569,40.047501,0.6145734816838334
1000.0,-739.5863881395987,3.8053365,40.034996,0.6142803672776209
1000.0,-739.5931350316127,3.8054168,40.02253,0.6139872531457073
1000.0,-739.5855024751023,3.8048954,40.109909,0.6136941390905032
1000.0,-739.5929771211029,3.8050158,40.109909,0.6134010250211724
1000.0,-739.5928747033494,3.8048954,40.02253,0.6131079109924317
1000.0,-739.5658935203497,3.8046548,40.02253,0.612814804708689
1000.0,-739.570842149318,3.8046949,40.059967,0.6125216994118478
1000.0,-739.5634455704748,3.8043339,40.072475,0.6122285940982816
1000.0,-739.5702827592255,3.8042939,39.997559,0.6119354890231368
1000.0,-739.569254384987,3.8042538,40.097408,0.6116423843555552
1000.0,-739.5625656791511,3.8037724,39.935146,0.6113492793907095
1000.0,-739.571430666068,3.8037724,39.985092,0.6110561738606284
1000.0,-739.5639543936361,3.8035719,40.059967,0.6107630683454044
1000.0,-739.5679609694807,3.8034918,40.047501,0.6104699641904269
1000.0,-739.5691411394585,3.8034518,40.034996,0.6101768595677265
1000.0,-739.5625821465677,3.8030908,40.02253,0.6098837545963544
1000.0,-739.5714419698296,3.8029704,39.985092,0.6095906490617934
1000.0,-739.5706784281286,3.8026898,40.097408,0.6092975438298378
1000.0,-739.5623469548517,3.8024893,40.02253,0.6090044389516773
1000.0,-739.5700696234203,3.8024089,40.02253,0.6087113339610021
1000.0,-739.5610428225044,3.8021684,40.02253,0.608418229599698
1000.0,-739.5678771066113,3.8020079,40.084942,0.6081251254779568
1000.0,-739.5678646802087,3.8022084,39.960121,0.6078320213611403
1000.0,-739.5606464376739,3.8018875,40.010063,0.6075389171569323
1000.0,-739.5691438371936,3.8015668,40.072475,0.6072458125331629
1000.0,-739.5633362694088,3.8014464,40.034996,0.6069527072629153
1000.0,-739.5699944152811,3.8014464,40.109909,0.6066596023020463
1000.0,-739.5710265257896,3.8011658,40.047501,0.6063664969321333
1000.0,-739.5629933995896,3.8011255,40.084942,0.6060733917977725
1000.0,-739.5703069657857,3.8008449,40.047501,0.6057802867130342
1000.0,-739.5628192303424,3.8004839,40.072475,0.6054871816477004
1000.0,-739.5691906275391,3.8004839,40.047501,0.6051940770053872
1000.0,-739.5705140349099,3.8003635,40.010063,0.6049009718385836
1000.0,-739.5634269302399,3.8004038,40.109909,0.6046078665324051
1000.0,-739.5702689654357,3.7999225,40.034996,0.6043147614627269
1000.0,-739.5626323782049,3.7999225,40.059967,0.6040216564714468
1000.0,-739.5710651611296,3.7995615,40.084942,0.6037285510862219
1000.0,-739.5716127227699,3.7996018,40.059967,0.6034354454839885
1000.0,-739.5632418966968,3.7994413,40.084942,0.6031423402511428
1000.0,-739.5726697354012,3.7992408,40.047501,0.6028492342299961
1000.0,-739.5623461125725,3.79896,40.02253,0.6025561293521695
1000.0,-739.5691595963211,3.7989199,40.109909,0.6022630247221544
1000.0,-739.5704373992202,3.79896,40.034996,0.6019699195857229
1000.0,-739.5632898822562,3.7987194,40.010063,0.6016768143338594
1000.0,-739.5708374381553,3.798559,39.997559,0.6013837090388854
1000.0,-739.562759074095,3.7983584,39.985092,0.6010906039973929
1000.0,-739.570215144567,3.7981179,40.034996,0.600797498949045
1000.0,-739.5682019011864,3.7979975,40.047501,0.6005043946985817
1000.0,-739.5624355406803,3.7978773,40.034996,0.6002112897853128
1000.0,-739.5691167743043,3.7975965,40.047501,0.5999181851722688
1000.0,-739.5605803486383,3.7975564,39.972588,0.5996250809942534
1000.0,-739.5703960293105,3.7974761,40.02253,0.5993319758742176
1000.0,-739.5694699377647,3.7972355,40.072475,0.5990388711212086
1000.0,-739.5623834045019,3.797035,40.084942,0.5987457662286022
1000.0,-739.5702066484307,3.7971554,39.997559,0.5984526611836215
1000.0,-739.5624270693903,3.7971153,40.084942,0.5981595562737099
1000.0,-739.5698221607115,3.7965539,40.084942,0.5978664513811085
1000.0,-739.5693598422199,3.7963934,40.059967,0.5975733466717323
1000.0,-739.562441229134,3.7963533,40.010063,0.5972802417562089
1000.0,-739.5682316984409,3.7964334,40.072475,0.5969871374939365
1000.0,-739.5616370825654,3.795872,40.034996,0.5966940328971141
1000.0,-739.5689422981908,3.7957115,40.010063,0.5964009283532182
1000.0,-739.5684660993479,3.7957919,40.047501,0.5961078239980485
1000.0,-739.5602044471933,3.7953506,39.997559,0.595814719969011
1000.0,-739.568800122252,3.795511,40.084942,0.5955216154814621
1000.0,-739.5610059697226,3.7952704,40.134884,0.5952285111347636
1000.0,-739.5675357474557,3.7952304,40.059967,0.5949354071483092
1000.0,-739.5666608772694,3.7949095,40.059967,0.5946423035085816
1000.0,-739.5582695687098,3.7949495,40.047501,0.5943492002463793
1000.0,-739.5673388958777,3.7949495,40.047501,0.5940560963379407
1000.0,-739.5603860383603,3.7945886,40.072475,0.5937629922369346
1000.0,-739.5675709526631,3.7945085,40.084942,0.5934698882365278
1000.0,-739.5673530072647,3.7941475,40.059967,0.5931767843224965
1000.0,-739.5602213418886,3.7942276,40.047501,0.5928836802867634
1000.0,-739.5784391759395,3.793947,40.059967,0.5925905719790832
1000.0,-739.572537447264,3.7937465,40.047501,0.5922974630622057
1000.0,-739.5800462277564,3.7936261,40.059967,0.5920043541176216
1000.0,-739.5805930817606,3.7934256,40.084942,0.5917112449563096
1000.0,-739.5734625034532,3.7934256,40.059967,0.5914181356728119
1000.0,-739.5826456806002,3.793546,40.059967,0.5911250256980178
1000.0,-739.5757710506053,3.7930245,39.985092,0.5908319154995919
1000.0,-739.5818231417269,3.7931049,40.034996,0.5905388058507848
1000.0,-739.5810906183517,3.7926636,40.034996,0.59024569649229
1000.0,-739.5744710074865,3.7926636,40.109909,0.5899525868090999
1000.0,-739.5820159163136,3.792383,39.997559,0.5896594770838928
1000.0,-739.5834310853536,3.792383,40.059967,0.5893663667978285
1000.0,-739.5761878205965,3.7921021,40.010063,0.5890732564342275
1000.0,-739.5828704377643,3.7919416,40.034996,0.588780146370358
1000.0,-739.5753255809143,3.7917011,40.047501,0.5884870363484817
1000.0,-739.5826365617522,3.7917814,40.047501,0.5881939263773015
1000.0,-739.5810577570612,3.7914605,40.02253,0.5879008170318302
1000.0,-739.575326594064,3.7913401,40.034996,0.5876077070095522
1000.0,-739.5827197654845,3.7913401,40.084942,0.5873145970053969
1000.0,-739.5749959074155,3.7909391,40.134884,0.5870214871141775
1000.0,-739.5835699776804,3.790899,40.059967,0.5867283767730677
1000.0,-739.5822060297954,3.7908189,40.02253,0.5864352669725151
1000.0,-739.574542808509,3.7907786,40.109909,0.5861421572608687
1000.0,-739.5824448494383,3.790458,40.047501,0.5858490473656676
1000.0,-739.5759703779283,3.7902575,40.047501,0.5855559370882439
1000.0,-739.5814070019197,3.7902172,40.02253,0.5852628276043605
1000.0,-739.5838508994257,3.790097,40.097408,0.5849697171519164
1000.0,-739.5751105308427,3.7899365,40.097408,0.5846766072152692
1000.0,-739.5823929445897,3.7896559,40.059967,0.5843834973406388
1000.0,-739.5735138343915,3.789696,40.02253,0.5840903880367976
1000.0,-739.5833472589096,3.7896156,40.02253,0.5837972777839553
1000.0,-739.5827973296143,3.7894554,39.997559,0.5835041677490599
1000.0,-739.5759352092954,3.7890141,40.047501,0.5832110574855743
1000.0,-739.5828131376502,3.7890141,40.047501,0.5829179474444139
1000.0,-739.5750146818913,3.7888536,40.034996,0.5826248375457537
1000.0,-739.5808644453014,3.788533,40.047501,0.5823317282768953
1000.0,-739.5810714777955,3.7884927,40.059967,0.5820386189259862
1000.0,-739.5747081399644,3.7882121,40.109909,0.5817455091488153
1000.0,-739.5812600157738,3.7882922,40.072475,0.5814523997231852
1000.0,-739.5741772100451,3.7879715,40.084942,0.5811592901564335
1000.0,-739.5810268977386,3.7878511,40.072475,0.5808661808231923
1000.0,-739.5797296855944,3.787771,40.072475,0.5805730720040597
1000.0,-739.5740157359664,3.7877309,40.010063,0.5802799625013038
1000.0,-739.5815277054589,3.78741,40.072475,0.5799868529695834
1000.0,-739.5731030088529,3.7872496,39.997559,0.5796937438285614
1000.0,-739.5804902856325,3.7872095,40.097408,0.5794006347079893
1000.0,-739.580820463195,3.7870491,40.059967,0.5791075254565617
1000.0,-739.5752118484695,3.786608,40.059967,0.5788144154797601
1000.0,-739.5815674765364,3.7869689,40.059967,0.5785213059322777
1000.0,-739.5738691667086,3.7867682,40.059967,0.5782281964876104
1000.0,-739.5824421396296,3.7863672,40.072475,0.5779350865934832
1000.0,-739.581276788675,3.7863271,40.059967,0.5776419771612058
1000.0,-739.5728699653988,3.7861667,40.02253,0.5773488681125439
1000.0,-739.581193291902,3.786207,39.997559,0.5770557587133578
1000.0,-739.5739272477489,3.7858057,40.059967,0.5767626492456717
1000.0,-739.5812057434749,3.7856455,40.084942,0.5764695398415507
1000.0,-739.5804225604699,3.7855251,40.034996,0.5761764307478192
1000.0,-739.5730263489684,3.7853646,40.010063,0.5758833216371791
1000.0,-739.580068933301,3.7853246,40.072475,0.5755902126835966
1000.0,-739.5727769230214,3.7851641,40.034996,0.5752971036718095
1000.0,-739.5824815683487,3.7847631,40.072475,0.5750039937620561
1000.0,-739.5815806848585,3.7846026,40.034996,0.574710884209339
1000.0,-739.573568215829,3.784723,40.109909,0.5744177748839452
1000.0,-739.5809703054654,3.7845225,40.02253,0.5741246655731326
1000.0,-739.5735226840523,3.784322,40.059967,0.573831556265784
1000.0,-739.5828128202576,3.7844422,40.072475,0.5735384462247494
1000.0,-739.5826641131109,3.7843621,40.034996,0.5732453362426501
1000.0,-739.5734579996337,3.7840011,40.059967,0.5729522269609374
1000.0,-739.5809543136651,3.7836802,40.084942,0.5726591176564626
1000.0,-739.5735599033361,3.7838807,40.034996,0.5723660083343631
1000.0,-739.5814625198466,3.7834797,40.072475,0.572072898828477
1000.0,-739.5817150845755,3.78356,40.034996,0.571779789222495
1000.0,-739.5741593022002,3.7831187,40.072475,0.5714866796628405
1000.0,-739.5807248330601,3.7832391,40.184788,0.571193570449313
1000.0,-739.5737074974077,3.7829986,40.034996,0.5709004610687188
1000.0,-739.5820171253115,3.782758,40.059967,0.5706073513430325
1000.0,-739.5816331260618,3.7829182,40.109909,0.570314241769532
1000.0,-739.572642903027,3.7821965,40.047501,0.5700211328108601
1000.0,-739.5802100230245,3.7824771,40.109909,0.5697280238013611
1000.0,-739.5790317080849,3.7822766,40.034996,0.5694349152588497
1000.0,-739.5731450857709,3.7819157,40.034996,0.5691418061011516
1000.0,-739.5809811451094,3.7821162,40.097408,0.568848696786043
1000.0,-739.5746602522207,3.781996,40.059967,0.568555587027851
1000.0,-739.5812100402468,3.7817152,40.072475,0.5682624776220272
1000.0,-739.5810727228095,3.7815948,40.02253,0.5679693682706246
1000.0,-739.573487064403,3.7814345,40.059967,0.5676762589773929
1000.0,-739.580344227722,3.7811537,40.047501,0.5673831499147062
1000.0,-739.5732444018593,3.7810736,40.097408,0.5670900407176469
1000.0,-739.579647275446,3.7807927,40.084942,0.566796931931175
1000.0,-739.577818225182,3.7809532,40.097408,0.5665038238695888
1000.0,-739.572400948317,3.7806726,40.034996,0.5662107150068088
1000.0,-739.5795697974686,3.780472,40.097408,0.5659176062510428
1000.0,-739.5732953415346,3.7802715,40.059967,0.565624497033795
1000.0,-739.5800610351154,3.7801111,40.059967,0.5653313880833426
1000.0,-739.5821951042037,3.7803917,40.072475,0.56503827828712
1000.0,-739.5743699460633,3.7799506,40.084942,0.5647451686439828
1000.0,-739.5806118805724,3.7794693,40.02253,0.5644520594752205
1000.0,-739.5745979354332,3.7797501,40.059967,0.5641589497417261
1000.0,-739.5821755120127,3.7794693,40.109909,0.5638658399532682
1000.0,-739.5817898163187,3.7795095,40.122375,0.5635727303176686
1000.0,-739.5761071449477,3.7792287,40.059967,0.5632796199860411
1000.0,-739.5814816604028,3.7789881,40.034996,0.5629865104725693
1000.0,-739.5754240303719,3.7789078,40.072475,0.5626934004116751
1000.0,-739.5816869352662,3.7787476,40.072475,0.5624002908168492
1000.0,-739.5822731809502,3.7786272,40.084942,0.5621071809896834
1000.0,-739.5736683744011,3.7785068,40.034996,0.5618140716245945
1000.0,-739.5822740475896,3.7782261,40.097408,0.5615209617970852
1000.0,-739.574956564426,3.7783463,40.02253,0.5612278519214582
1000.0,-739.5804908956567,3.7781458,40.02253,0.5609347428006444
1000.0,-739.5819196024851,3.7781458,40.072475,0.5606416331136082
1000.0,-739.5760280558369,3.7779453,40.097408,0.5603485228133254
1000.0,-739.5829571078499,3.7774642,39.997559,0.5600554127151071
1000.0,-739.5756103944541,3.7773838,40.097408,0.5597623025803528
1000.0,-739.5817073578759,3.7774241,40.109909,0.5594691929774329
1000.0,-739.5822323965082,3.7773438,40.097408,0.5591760831664307
1000.0,-739.5761603552571,3.7770231,40.072475,0.5588829728137148
1000.0,-739.5842749742534,3.7772636,40.059967,0.5585898621932022
1000.0,-739.5761905183044,3.7766621,40.059967,0.558296751828532
1000.0,-739.5832440723334,3.7767022,40.122375,0.5580036416165844
1000.0,-739.5814048659144,3.7765818,40.047501,0.5577105321335476
1000.0,-739.5745792344215,3.7763011,40.097408,0.5574174224074647
1000.0,-739.5813902906143,3.7764213,40.072475,0.5571243129302044
1000.0,-739.5743587398217,3.7761006,40.084942,0.5568312032915085
1000.0,-739.5814105906461,3.7761407,40.097408,0.5565380938062028
1000.0,-739.5812169496246,3.7758598,40.059967,0.5562449843976406
1000.0,-739.5735372107072,3.7756593,40.059967,0.5559518750845348
1000.0,-739.5802141972185,3.7754588,40.072475,0.5556587660733815
1000.0,-739.5734467694498,3.7754588,40.072475,0.5553656567961195
1000.0,-739.5806862580882,3.7752583,40.084942,0.5550725475978799
1000.0,-739.580393568873,3.7752583,40.02253,0.5547794385156385
1000.0,-739.5740367563152,3.7749777,40.034996,0.5544863290045516
1000.0,-739.5801950447933,3.7750578,40.084942,0.5541932200009888
1000.0,-739.5733446210033,3.7745767,40.059967,0.5539001107642105
1000.0,-739.5821472159784,3.7744162,40.047501,0.553607000986967
1000.0,-739.5818543188515,3.7744963,40.097408,0.5533138913258039
1000.0,-739.5744853016756,3.7742157,40.047501,0.5530207816369487
1000.0,-739.5821873038345,3.7741354,40.02253,0.5527276718438175
1000.0,-739.5747215192288,3.7738948,40.097408,0.5524345620613441
1000.0,-739.5830715496887,3.7739348,40.109909,0.5521414519177703
1000.0,-739.5810127613859,3.7738547,40.097408,0.5518483425901316
1000.0,-739.5740661264005,3.7738147,40.047501,0.5515552330674048
1000.0,-739.5820567365672,3.7733333,40.109909,0.5512621233260199
1000.0,-739.5736286166157,3.7734137,39.997559,0.550969013976688
1000.0,-739.5820069441907,3.7732131,40.059967,0.5506759042550365
1000.0,-739.5822604735804,3.7730527,40.14735,0.5503827944329069
1000.0,-739.5747765964265,3.7729723,40.097408,0.5500896846286052
1000.0,-739.5825203628965,3.7730126,40.059967,0.5497965747034768
1000.0,-739.5826092786731,3.7727318,40.134884,0.5495034647431094
1000.0,-739.5744124748161,3.7726517,40.072475,0.5492103550831171
1000.0,-739.5818210425563,3.7722507,40.047501,0.548917245435142
1000.0,-739.5757750172571,3.7721303,40.059967,0.548624135235144
1000.0,-739.582475050033,3.7721303,40.047501,0.5483310253279738
1000.0,-739.5837473342702,3.7717292,40.122375,0.5480379149165745
1000.0,-739.5762791657282,3.7718496,40.097408,0.5477448045167713
1000.0,-739.5829356356548,3.7719698,40.084942,0.5474516944270628
1000.0,-739.5754341377216,3.7716489,40.034996,0.5471585843621629
1000.0,-739.5821380238701,3.7714484,40.059967,0.5468654745885624
1000.0,-739.5803896748275,3.7712882,40.010063,0.5465723655078641
1000.0,-739.5734519323998,3.7711678,40.097408,0.546279256228556
1000.0,-739.579972704397,3.7709272,40.097408,0.5459861473131107
1000.0,-739.5742385016096,3.7708468,40.109909,0.5456930377220678
1000.0,-739.5803363540927,3.7706463,40.072475,0.5453999286625015
1000.0,-739.5825560434766,3.7706063,40.14735,0.5451068187232322
1000.0,-739.5752696612327,3.7705662,40.02253,0.544813708723518
1000.0,-739.5819819440467,3.7702854,40.097408,0.5445205990117746
1000.0,-739.5743954338066,3.7700849,40.122375,0.5442274893585362
1000.0,-739.5821292348977,3.7700849,40.02253,0.5439343795884187
1000.0,-739.5835653266812,3.7700849,40.14735,0.5436412692491522
1000.0,-739.576261770495,3.7698042,40.072475,0.5433481588562433
1000.0,-739.5823358034788,3.7696037,40.072475,0.543055049004259
1000.0,-739.5732456589342,3.7692027,40.097408,0.5427619398067016
1000.0,-739.5800822756607,3.7692428,40.010063,0.5424688308478313
1000.0,-739.5808138225061,3.7692428,40.097408,0.5421757215990356
1000.0,-739.574450365304,3.7691224,40.059967,0.5418826119240264
1000.0,-739.5809706594881,3.7687614,40.034996,0.5415895026130735
1000.0,-739.5745836164832,3.7689219,40.084942,0.541296392885254
1000.0,-739.581002519897,3.7686813,40.084942,0.5410032835616742
1000.0,-739.5814311233507,3.7685609,40.034996,0.540710174068231
1000.0,-739.5744296742134,3.7684407,40.109909,0.5404170644014222
1000.0,-739.5820181382667,3.7681198,40.084942,0.5401239546753345
1000.0,-739.5736092439909,3.7681198,40.122375,0.5398308453336803
1000.0,-739.5811035942057,3.7681599,40.059967,0.5395377359700428
1000.0,-739.5823150638859,3.7679193,40.14735,0.5392446261262781
1000.0,-739.5744374626353,3.7677188,40.084942,0.5389515164563826
1000.0,-739.5828795316465,3.7675183,40.059967,0.538658406388909
1000.0,-739.5748308569246,3.7673979,40.14735,0.5383652965631027
1000.0,-739.5808569134165,3.7671974,40.109909,0.5380721872972294
1000.0,-739.5828573761672,3.7674379,40.072475,0.5377790772385365
1000.0,-739.5759954144506,3.7669969,40.084942,0.5374859669511902
1000.0,-739.5828680083089,3.7670369,40.109909,0.5371928568882837
1000.0,-739.5773004864834,3.7668364,40.122375,0.5368997460837086
1000.0,-739.5823661870195,3.7668364,40.059967,0.5366066362196829
1000.0,-739.5834821473007,3.7663553,40.034996,0.5363135259133818
1000.0,-739.5757938038063,3.7663553,40.14735,0.5360204157059384
1000.0,-739.5838759484781,3.7661948,40.059967,0.5357273052435668
1000.0,-739.5758640553299,3.7660344,40.097408,0.5354341950082812
1000.0,-739.5846303592575,3.7658339,40.159855,0.535141084246923
1000.0,-739.5846864751348,3.7657537,40.047501,0.5348479734633251
1000.0,-739.5754871650869,3.7657135,40.084942,0.5345548633774093
1000.0,-739.5828694851771,3.7655129,40.122375,0.5342617533139173
1000.0,-739.5766024065144,3.7655933,40.122375,0.5339686427860069
1000.0,-739.5829733188168,3.7654328,40.134884,0.5336755326813638
1000.0,-739.5821265005325,3.7651522,40.072475,0.5333824229123301
1000.0,-739.5773298076609,3.7649114,40.084942,0.5330893120961344
1000.0,-739.5842772326318,3.7650318,40.084942,0.5327962014747267
1000.0,-739.5761233309908,3.7650318,40.084942,0.5325030911366844
1000.0,-739.5847565929183,3.7646308,40.059967,0.5322099803252975
1000.0,-739.584965065446,3.7645907,40.084942,0.5319168694312892
1000.0,-739.577063671395,3.7643499,40.109909,0.5316237587205692
1000.0,-739.5850722565718,3.7643902,40.084942,0.5313306477840791
1000.0,-739.5770979480224,3.7640693,40.059967,0.5310375370597745
1000.0,-739.583814998451,3.763989,40.109909,0.5307444266215586
1000.0,-739.5841685648425,3.7636683,40.109909,0.5304513160432179
1000.0,-739.5760713051109,3.7637484,40.134884,0.5301582057257946
1000.0,-739.5845495358676,3.7634678,40.109909,0.5298650949964682
1000.0,-739.584554419335,3.7634678,40.072475,0.5295719842652065
1000.0,-739.5758482593219,3.7633874,40.109909,0.529278874036181
1000.0,-739.5829547880801,3.7633874,40.122375,0.5289857639388821
1000.0,-739.5760381633912,3.7631068,40.084942,0.5286926536345935
1000.0,-739.5846018070172,3.7629464,40.159855,0.528399542884551
1000.0,-739.5854038868553,3.762826,40.072475,0.52810643181663
1000.0,-739.5791682750597,3.7626657,40.059967,0.527813320271809
1000.0,-739.584424975527,3.7625854,40.072475,0.5275202095918482
1000.0,-739.5767049077522,3.7623849,40.097408,0.5272270990233141
1000.0,-739.5840240449867,3.7621043,40.084942,0.5269339885022493
1000.0,-739.5854341967264,3.7621443,40.059967,0.5266408774223158
1000.0,-739.5773591896151,3.7619839,40.097408,0.5263477665944754
1000.0,-739.5841966292272,3.7620239,40.097408,0.5260546560050123
1000.0,-739.5771535509284,3.7617834,40.097408,0.525761545258671
1000.0,-739.5860404377371,3.7617033,40.109909,0.5254684339384733
1000.0,-739.5853692912627,3.7615829,40.047501,0.525175322884263
1000.0,-739.5770647823604,3.7614625,40.084942,0.5248822121731027
1000.0,-739.5846134887441,3.7615428,40.122375,0.5245891014184306
1000.0,-739.5778219806662,3.761302,40.072475,0.5242959904071759
1000.0,-739.5854142750692,3.760901,40.109909,0.5240028793351378
1000.0,-739.5855746633289,3.7608609,40.097408,0.5237097681995349
1000.0,-739.5768420537562,3.7606204,40.184788,0.5234166575766468
1000.0,-739.5857887639995,3.7602994,40.134884,0.5231235463561918
1000.0,-739.5765589861653,3.7603798,40.084942,0.5228304358454897
1000.0,-739.5841509866929,3.7602994,40.122375,0.5225373252741156
1000.0,-739.5835671088685,3.7601793,40.134884,0.5222442149341427
1000.0,-739.5758222702219,3.7600589,40.097408,0.5219511047154175
1000.0,-739.5842495466217,3.7600188,40.084942,0.5216579941049823
1000.0,-739.577725423881,3.7599385,40.122375,0.5213648831319951
1000.0,-739.5849725359395,3.7596579,40.034996,0.5210717722350261
1000.0,-739.58431801646,3.7595775,40.109909,0.5207786615974551
1000.0,-739.5767560555418,3.7596979,40.109909,0.52048555100865
1000.0,-739.5816297695989,3.7591364,40.109909,0.5201924414364798
1000.0,-739.5760703281816,3.7593369,40.122375,0.5198993311194436
1000.0,-739.584905397677,3.758976,40.184788,0.5196062202490828
1000.0,-739.5825780774013,3.7588155,40.097408,0.519313110301081
1000.0,-739.57737807398,3.7587354,40.14735,0.5190199994657563
1000.0,-739.5848044447182,3.7586954,40.084942,0.518726888635405
1000.0,-739.5757949880311,3.7583745,40.047501,0.5184337784274922
1000.0,-739.5841725687782,3.7581739,40.072475,0.5181406678475646
1000.0,-739.5844401242211,3.7584949,40.159855,0.5178475571616
1000.0,-739.5780625186857,3.7579334,40.109909,0.5175544460550149
1000.0,-739.5857971995631,3.7579334,40.134884,0.5172613348312167
1000.0,-739.5803345787392,3.7576928,40.134884,0.516968222824164
1000.0,-739.5873717193512,3.757813,40.134884,0.5166751109763552
1000.0,-739.5861801113696,3.7576125,40.109909,0.5163819996008023
1000.0,-739.5787168613253,3.757452,40.122375,0.5160888882348866
1000.0,-739.5862109708968,3.7573719,40.072475,0.5157957768471035
1000.0,-739.5790933615333,3.7571313,40.084942,0.5155026653319725
1000.0,-739.5865715929818,3.7569308,40.172321,0.5152095538012683
1000.0,-739.5857735054151,3.75669,40.059967,0.5149164425868606
1000.0,-739.5784255542962,3.7568104,40.172321,0.5146233313363965
1000.0,-739.5856242490216,3.7567303,40.14735,0.5143302201811418
1000.0,-739.5775857753912,3.7567303,40.097408,0.5140371092635004
1000.0,-739.5846040531175,3.7564094,40.14735,0.5137439985125679
1000.0,-739.5841199442198,3.756249,40.084942,0.5134508879534965
1000.0,-739.5764772234935,3.7561688,40.084942,0.5131577774751986
1000.0,-739.5849802389013,3.7560084,40.084942,0.5128646665751768
1000.0,-739.5770940914643,3.755888,40.109909,0.5125715558524008
1000.0,-739.5856575005556,3.7556875,40.122375,0.5122784446839679
1000.0,-739.5850460721911,3.755527,40.109909,0.5119853337578552
1000.0,-739.5775124238465,3.7553666,40.084942,0.5116922228692846
1000.0,-739.5860323324582,3.755487,40.109909,0.5113991115522992
1000.0,-739.5780339182339,3.7554469,40.122375,0.5111060004570489
1000.0,-739.5857258729865,3.7552865,40.109909,0.5108128892615189
1000.0,-739.585905512716,3.7550859,40.134884,0.5105197779947943
1000.0,-739.5777650590899,3.7548854,40.134884,0.5102266670060989
1000.0,-739.5861204796167,3.7546046,40.159855,0.5099335556541791
1000.0,-739.5853503221927,3.7545245,40.134884,0.5096404446074866
1000.0,-739.5775655484136,3.7544844,40.097408,0.5093473336978617
1000.0,-739.5837351642783,3.754324,40.097408,0.5090542232912855
1000.0,-739.5782427183323,3.7544444,40.122375,0.5087611121132831
1000.0,-739.5855720756888,3.7542439,40.072475,0.5084680009787057
1000.0,-739.5835965038058,3.7540433,40.14735,0.5081748906270832
1000.0,-739.5755447329016,3.7540433,40.122375,0.507881780518352
1000.0,-739.5835600042666,3.7539229,40.122375,0.5075886701811949
1000.0,-739.5757405204421,3.753963,40.172321,0.5072955599948689
1000.0,-739.5833024954976,3.7537625,40.14735,0.507002449759767
1000.0,-739.582853189081,3.7534819,40.122375,0.5067093397027336
1000.0,-739.5748012427093,3.7533214,40.134884,0.506416229888664
1000.0,-739.5819013776813,3.7532814,40.134884,0.5061231202088505
1000.0,-739.5747666108349,3.7530406,40.122375,0.5058300104085064
1000.0,-739.5831456591296,3.7530406,40.084942,0.5055369002355616
1000.0,-739.5835400580529,3.7528,40.109909,0.5052437899063096
1000.0,-739.5754656196438,3.7527199,40.109909,0.5049506798289328
1000.0,-739.5828721098567,3.7526796,40.134884,0.5046575697644007
1000.0,-739.5753553418532,3.7527599,40.097408,0.5043644597307293
1000.0,-739.5833414238783,3.752439,40.109909,0.5040713494801996
1000.0,-739.583459332275,3.752439,40.122375,0.5037782391829406
1000.0,-739.576710926078,3.7517974,40.159855,0.5034851286120213
1000.0,-739.5847725356056,3.7519579,40.159855,0.5031920177943161
1000.0,-739.5782443908171,3.7518375,40.097408,0.502898906615651
1000.0,-739.5857625675451,3.7515569,40.122375,0.5026057954055781
1000.0,-739.584543468982,3.751677,40.197292,0.5023126846786562
1000.0,-739.5761551550634,3.7513561,40.222263,0.5020195743280013
1000.0,-739.5834364073589,3.7513964,40.097408,0.5017264640398278
1000.0,-739.5772303939615,3.751276,40.14735,0.501433353263032
1000.0,-739.586298996296,3.7510355,40.134884,0.5011402418403628
1000.0,-739.5848425919978,3.7507949,40.084942,0.500847130994893
1000.0,-739.5762051302922,3.7507949,40.072475,0.5005540206244318
1000.0,-739.5854203779709,3.7508349,40.084942,0.5002609095499748
1000.0,-739.5777023158423,3.7505541,40.159855,0.499967798586146
1000.0,-739.5846590700919,3.7503536,40.184788,0.4996746878134092
1000.0,-739.5831515428646,3.7504339,40.122375,0.4993815776381327
1000.0,-739.5748339207253,3.7505541,40.097408,0.4990884678111121
1000.0,-739.5824566291866,3.750113,40.122375,0.4987953579112424
1000.0,-739.5751662313597,3.7500329,40.159855,0.4985022479525198
1000.0,-739.5834201352054,3.7498724,40.159855,0.4982091376707953
1000.0,-739.5828289336125,3.7498724,40.122375,0.4979160276233747
1000.0,-739.5743353759888,3.7495515,40.14735,0.4976229179939384
1000.0,-739.5817095182331,3.7496316,40.184788,0.4973298083901623
1000.0,-739.574889816669,3.7495916,40.14735,0.4970366985409889
1000.0,-739.5825834114803,3.749351,40.134884,0.4967435885908731
1000.0,-739.5806367466789,3.7491906,40.134884,0.4964504794122559
1000.0,-739.5737559593582,3.7488296,40.097408,0.4961573700124551
1000.0,-739.5808248332271,3.74891,40.122375,0.4958642607592957
1000.0,-739.5739589128198,3.7488296,40.172321,0.4955711512790601
1000.0,-739.5806026393512,3.7486291,40.159855,0.4952780421139601
1000.0,-739.5813771072579,3.7483485,40.23473,0.4949849326419245
1000.0,-739.5729619201394,3.7483485,40.134884,0.4946918235568191
1000.0,-739.5816192833637,3.7483084,40.109909,0.4943987139888047
1000.0,-739.5742553832082,3.7482281,40.14735,0.4941056043910713
1000.0,-739.5824534554649,3.7480276,40.109909,0.4938124944924595
1000.0,-739.5808903607885,3.7478671,40.159855,0.4935193852133303
1000.0,-739.5734863440865,3.7478271,40.134884,0.4932262759203841
1000.0,-739.5821084339134,3.7478271,40.197292,0.4929331661585105
1000.0,-739.5742962521637,3.7476666,40.14735,0.4926400565445799
1000.0,-739.5821425408319,3.7474661,40.184788,0.4923469467691891
1000.0,-739.5830383218927,3.7475865,40.159855,0.4920538366387841
1000.0,-739.5759125412227,3.7471855,40.14735,0.4917607263842824
1000.0,-739.5834346497281,3.7471051,40.122375,0.4914676160968055
1000.0,-739.5757484551782,3.7470651,40.159855,0.4911745059073348
1000.0,-739.5839222742967,3.7468646,40.159855,0.4908813954266035
1000.0,-739.5833387873298,3.7467041,40.122375,0.4905882851771186
1000.0,-739.5761221230282,3.7467442,40.134884,0.490295174839555
1000.0,-739.5858510320962,3.746664,40.122375,0.4900020635944221
1000.0,-739.5843723990585,3.7465036,40.134884,0.4897089529352982
1000.0,-739.5774250222427,3.7461827,40.209759,0.4894158420813669
1000.0,-739.5852477575095,3.7459822,40.134884,0.4891227310753227
1000.0,-739.5763891013686,3.7459021,40.172321,0.4888296206319497
1000.0,-739.5854899342293,3.7460225,40.122375,0.4885365095299264
1000.0,-739.5847984019798,3.745822,40.159855,0.4882433987019698
1000.0,-739.5774874609929,3.7456214,40.172321,0.4879502878232927
1000.0,-739.5852338779766,3.7457817,40.159855,0.4876571768227491
1000.0,-739.5783088802182,3.7456214,40.159855,0.4873640656185254
1000.0,-739.5860761072669,3.745461,40.184788,0.4870709542841911
1000.0,-739.5858871774079,3.7451,40.14735,0.4867778430247332
1000.0,-739.57758327311,3.74506,40.184788,0.4864847321080836
1000.0,-739.5838935022757,3.7451401,40.172321,0.4861916216387552
1000.0,-739.5763132964506,3.7447391,40.197292,0.4858985112254254
1000.0,-739.5833149345877,3.7448192,40.097408,0.4856054009853938
1000.0,-739.5835199653187,3.7448595,40.184788,0.4853122906641048
1000.0,-739.575702996047,3.7445385,40.159855,0.4850191804926504
1000.0,-739.5837230059508,3.7444985,40.122375,0.4847260700908928
1000.0,-739.5776605311436,3.744298,40.134884,0.4844329591436241
1000.0,-739.5843738761313,3.7442176,40.159855,0.4841398484839149
1000.0,-739.5847867685472,3.7440572,40.122375,0.4838467376605689
1000.0,-739.5778901078701,3.7441375,40.122375,0.4835536266223139
1000.0,-739.5858016909452,3.7439771,40.222263,0.4832605153967357
1000.0,-739.5773185649942,3.743897,40.159855,0.4829674045849958
1000.0,-739.5855054134128,3.7434556,40.159855,0.4826742934768379
1000.0,-739.5844128041026,3.743536,40.159855,0.4823811828017007
1000.0,-739.5774893771984,3.7433355,40.14735,0.4820880719222641
1000.0,-739.584768555817,3.7433355,40.172321,0.4817949611061362
1000.0,-739.576794690493,3.7432952,40.184788,0.4815018505020192
1000.0,-739.5839292201,3.7430146,40.159855,0.4812087400185352
1000.0,-739.5832094411339,3.7428141,40.159855,0.4809156298203126
1000.0,-739.5763061548812,3.7428942,40.222263,0.4806225194098131
1000.0,-739.5850772980193,3.7428141,40.159855,0.480329408471325
1000.0,-739.5783166925823,3.7427337,40.14735,0.480036297264005
1000.0,-739.5862578830017,3.7425332,40.14735,0.4797431858576298
1000.0,-739.58525820691,3.7422526,40.134884,0.4794500748474443
1000.0,-739.57538895935,3.7421725,40.14735,0.4791569648004496
1000.0,-739.5837684653346,3.7419717,40.184788,0.4788638543806756
1000.0,-739.5753021558954,3.7422526,40.084942,0.478570744368083
1000.0,-739.5825397107504,3.7418516,40.14735,0.4782776344352867
1000.0,-739.582319580029,3.7418115,40.159855,0.4779845245897321
1000.0,-739.5759062664887,3.7417312,40.159855,0.4776914143377172
1000.0,-739.5838463955607,3.7415707,40.097408,0.477398303887058
1000.0,-739.5772108627442,3.7414906,40.159855,0.4771051931180028
1000.0,-739.5842326640347,3.74125,40.14735,0.4768120825142585
1000.0,-739.5848890520585,3.7413301,40.197292,0.4765189716503757
1000.0,-739.5782580258757,3.74125,40.122375,0.4762258604663066
1000.0,-739.5852681559719,3.7410092,40.172321,0.4759327494521781
1000.0,-739.5769999019011,3.7408087,40.222263,0.4756396387667314
1000.0,-739.5835253237495,3.7409291,40.159855,0.4753465284433187
1000.0,-739.5853949757143,3.7404881,40.159855,0.4750534173789293
1000.0,-739.5784188897319,3.7406485,40.184788,0.4747603061311063
1000.0,-739.5856833186355,3.7405281,40.159855,0.4744671949524413
1000.0,-739.5763010770594,3.7403276,40.184788,0.4741740845439543
1000.0,-739.5834521304704,3.7401671,40.159855,0.4738809742495495
1000.0,-739.5826461930122,3.7400467,40.084942,0.4735878642745523
1000.0,-739.5765934586287,3.7400067,40.14735,0.473294753750188
1000.0,-739.5832282153891,3.7398462,40.23473,0.4730016435445248
1000.0,-739.577334018852,3.739686,40.172321,0.4727085327266601
1000.0,-739.5840666112067,3.7396457,40.14735,0.4724154221887255
1000.0,-739.5832185354254,3.7396057,40.172321,0.4721223119868987
1000.0,-739.5768229250567,3.7394452,40.159855,0.4718292013715917
1000.0,-739.5834073179453,3.7393651,40.122375,0.471536091094947
1000.0,-739.576066153825,3.7394052,40.172321,0.4712429807795651
1000.0,-739.5834148254784,3.7390041,40.23473,0.470949870499945
1000.0,-739.5831741624617,3.7391245,40.172321,0.470656760315704
1000.0,-739.5765146625557,3.738924,40.134884,0.4703636498225683
1000.0,-739.5839538416648,3.7383626,40.222263,0.4700705393293263
1000.0,-739.5842283674675,3.7388036,40.14735,0.4697774287272847
1000.0,-739.5744814197429,3.7383626,40.209759,0.469484319039968
1000.0,-739.5814831256067,3.7387233,40.109909,0.4691912095259155
1000.0,-739.5741013926445,3.7382421,40.134884,0.4688980999892119
1000.0,-739.5808447917191,3.7382822,40.209759,0.4686049907281426
1000.0,-739.5817098112739,3.7380817,40.209759,0.4683118811242504
1000.0,-739.5738682515794,3.7381217,40.209759,0.4680187716799458
1000.0,-739.5824810307662,3.7378812,40.14735,0.4677256617704054
1000.0,-739.5763159577335,3.7376807,40.109909,0.4674325513560208
1000.0,-739.5846722536529,3.7378812,40.222263,0.4671394405780592
1000.0,-739.5827323633732,3.7377207,40.122375,0.466846330568911
1000.0,-739.5739229993142,3.7374401,40.14735,0.4665532211029087
1000.0,-739.5822373898658,3.7374802,40.172321,0.4662601112899276
1000.0,-739.5751687092893,3.7374401,40.14735,0.4659670013302229
1000.0,-739.582388464872,3.7372797,40.159855,0.465673891457368
1000.0,-739.5816443446944,3.7369587,40.197292,0.4653807818794214
1000.0,-739.5729422303297,3.7367983,40.172321,0.4650876728021194
1000.0,-739.5814294506445,3.7369187,40.197292,0.4647945633093392
1000.0,-739.574265051615,3.7369187,40.197292,0.464501453707774
1000.0,-739.5843788195574,3.7364776,40.159855,0.4642083430461056
1000.0,-739.5835265081909,3.7365978,40.209759,0.4639152327222235
1000.0,-739.5760708412024,3.7363172,40.172321,0.463622122404984
1000.0,-739.583349590753,3.7362771,40.247196,0.4633290121512176
1000.0,-739.5768872922905,3.7361567,40.23473,0.4630359015104005
1000.0,-739.5828973420595,3.7359562,40.14735,0.4627427914358684
1000.0,-739.5835915476921,3.7358358,40.197292,0.4624496810862101
1000.0,-739.5768699097446,3.7357957,40.209759,0.4621565704522821
1000.0,-739.5840573824684,3.7357156,40.172321,0.461863459918005
1000.0,-739.5767151378831,3.7355151,40.14735,0.4615703493454165
1000.0,-739.5848526016324,3.7354751,40.134884,0.4612772384959797
1000.0,-739.5841001930255,3.7352743,40.222263,0.460984127944736
1000.0,-739.5751188558185,3.7354348,40.159855,0.4606910180047893
1000.0,-739.5829542146861,3.7353146,40.184788,0.4603979079077175
1000.0,-739.5769004519813,3.7352343,40.209759,0.4601047972616849
1000.0,-739.5846168824511,3.7351141,40.209759,0.4598116865056679
1000.0,-739.5863076025273,3.7350338,40.272167,0.4595185750795879
1000.0,-739.578167303654,3.7349937,40.209759,0.4592254639314741
1000.0,-739.5853383222544,3.7348733,40.209759,0.4589323528895374
1000.0,-739.5758373217666,3.7347531,40.172321,0.4586392426648468
1000.0,-739.5842872545447,3.7345526,40.222263,0.4583461320394673
1000.0,-739.5855948297325,3.7344322,40.197292,0.458053020895872
1000.0,-739.5778600418199,3.7344723,40.197292,0.4577599098695328
1000.0,-739.5853140665813,3.7343118,40.172321,0.4574667988372091
1000.0,-739.578359026727,3.7343922,40.184788,0.4571736876131111
1000.0,-739.5874522128655,3.7340312,40.172321,0.4568805757334014
1000.0,-739.5858952217048,3.7341917,40.172321,0.4565874644707554
1000.0,-739.5769177127692,3.7338307,40.197292,0.456294353817882
1000.0,-739.5841509744146,3.7337906,40.172321,0.4560012432465127
1000.0,-739.5769219479025,3.7334697,40.184788,0.4557081325919608
1000.0,-739.5845842530148,3.7337103,40.197292,0.4554150218488754
1000.0,-739.5845596926366,3.7335498,40.184788,0.4551219111155237
1000.0,-739.5776928674185,3.7335098,40.247196,0.4548288001554394
1000.0,-739.5855816461715,3.7330687,40.159855,0.4545356890170691
1000.0,-739.5793832162652,3.7332692,40.247196,0.4542425773870622
1000.0,-739.5859866164591,3.7331088,40.172321,0.4539494660881948
1000.0,-739.5853700973295,3.7329886,40.159855,0.4536563550336651
1000.0,-739.5789122954606,3.7331891,40.197292,0.4533632435902946
1000.0,-739.5842771466841,3.7329082,40.14735,0.4530701329689209
1000.0,-739.576822840133,3.7327478,40.159855,0.4527770223536477
1000.0,-739.5844380604527,3.7325473,40.222263,0.452483911668501
1000.0,-739.5827762357939,3.7325072,40.122375,0.4521908016419655
1000.0,-739.5752537428527,3.7324271,40.247196,0.4518976916485601
1000.0,-739.5805968165981,3.7322667,40.197292,0.4516045824857678
1000.0,-739.5763863676449,3.7322266,40.184788,0.4513114720434782
1000.0,-739.5840407442184,3.7322266,40.184788,0.4510183615157952
1000.0,-739.583318950597,3.7319858,40.134884,0.450725251274172
1000.0,-739.5744220456119,3.7316651,40.259705,0.4504321416103866
1000.0,-739.5808836709867,3.7318254,40.297138,0.4501390323339088
1000.0,-739.5813287422274,3.7315848,40.259705,0.4498459228810411
1000.0,-739.5728549871137,3.7317052,40.159855,0.4495528138383156
1000.0,-739.5807473308978,3.7312641,40.309605,0.4492597046158718
1000.0,-739.5739598160802,3.7315447,40.184788,0.4489665951352781
1000.0,-739.583089347005,3.7314646,40.197292,0.448673484984651
1000.0,-739.5810197192627,3.7310634,40.259705,0.4483803756542547
1000.0,-739.572969110412,3.7313843,40.197292,0.4480872665662996
1000.0,-739.5809287524053,3.7311437,40.297138,0.4477941572719551
1000.0,-739.5729116273163,3.7310233,40.184788,0.4475010482067818
1000.0,-739.5823167478471,3.7311037,40.297138,0.4472079383623497
1000.0,-739.5826170307478,3.7308228,40.23473,0.44691482839891
1000.0,-739.5739733048246,3.7307026,40.259705,0.4466217189129705
1000.0,-739.5818145113484,3.7305021,40.23473,0.4463286092675838
1000.0,-739.5749075043263,3.7306223,40.197292,0.4460354994114003
1000.0,-739.5822237059663,3.7305822,40.172321,0.4457423896038424
1000.0,-739.5815586136898,3.7302213,40.184788,0.4454492800598725
1000.0,-739.5750283292281,3.7302613,40.259705,0.4451561701558035
1000.0,-739.5825661879674,3.7301009,40.222263,0.4448630602125138
1000.0,-739.5755031559078,3.7299807,40.184788,0.4445699501202605
1000.0,-739.5824980355217,3.7299004,40.259705,0.4442768402039808
1000.0,-739.5824154305584,3.7298603,40.284672,0.4439837303204389
1000.0,-739.57679060106,3.7296999,40.297138,0.4436906197179427
1000.0,-739.5826324112961,3.7295396,40.222263,0.4433975097484074
1000.0,-739.575105098797,3.7297802,40.209759,0.443104399813913
1000.0,-739.5815011304253,3.7296598,40.23473,0.4428112902927248
1000.0,-739.5806091586901,3.7292988,40.222263,0.4425181811250411
1000.0,-739.5730808159435,3.7294593,40.159855,0.4422250719928146
1000.0,-739.5807640786287,3.7290983,40.23473,0.4419319627637333
1000.0,-739.5741652106369,3.7290983,40.222263,0.4416388532017373
1000.0,-739.5811953673347,3.7288578,40.23473,0.4413457438017286
1000.0,-739.582073704488,3.7288578,40.272167,0.4410526340536189
1000.0,-739.5748038552889,3.7290983,40.209759,0.4407595242385139
1000.0,-739.5819598491399,3.7284968,40.23473,0.4404664145355272
1000.0,-739.57640250478,3.7285769,40.197292,0.4401733040868421
1000.0,-739.5833718319753,3.7286172,40.247196,0.4398801938242611
1000.0,-739.5825325087411,3.7282562,40.259705,0.439587083894319
1000.0,-739.5749262665239,3.7283363,40.23473,0.4392939740306997
1000.0,-739.5833461968414,3.7283764,40.297138,0.4390008637782783
1000.0,-739.5764064233425,3.7282162,40.297138,0.4387077533280402
1000.0,-739.5823658573486,3.7281759,40.259705,0.4384146434641451
1000.0,-739.5823171874083,3.7279754,40.347084,0.4381215336195388
1000.0,-739.5732646288367,3.7278152,40.23473,0.4378284244144632
1000.0,-739.5815863486084,3.7277348,40.309605,0.4375353148595015
1000.0,-739.5736116118265,3.7278953,40.35955,0.4372422055169088
1000.0,-739.5817773164514,3.7276144,40.247196,0.4369490958862631
1000.0,-739.5819393168447,3.7276144,40.247196,0.4366559861914137
1000.0,-739.57485562517,3.7274139,40.334579,0.4363628763557912
1000.0,-739.5818377166177,3.7273738,40.309605,0.4360697667012078
1000.0,-739.5741411753954,3.7272937,40.209759,0.4357766571487374
1000.0,-739.5812376523828,3.7271733,40.284672,0.4354835477319703
1000.0,-739.5808971973154,3.7270932,40.259705,0.4351904384501318
1000.0,-739.5739475232249,3.7269328,40.309605,0.4348973289744101
1000.0,-739.5808970139602,3.7267323,40.272167,0.4346042196926441
1000.0,-739.5730195497539,3.7268124,40.247196,0.4343111105846988
1000.0,-739.5826214859089,3.7268124,40.222263,0.4340180006194934
1000.0,-739.5824121219806,3.7264113,40.247196,0.4337248907372628
1000.0,-739.5730939875031,3.7266119,40.297138,0.4334317815998161
1000.0,-739.5814182569777,3.7265317,40.247196,0.4331386721114721
1000.0,-739.5731687671979,3.7265317,40.322113,0.4328455629443887
1000.0,-739.5806510412165,3.7260504,40.297138,0.4325524537601062
1000.0,-739.5806485499605,3.7262108,40.209759,0.432259344576811
1000.0,-739.5731138975004,3.7262912,40.297138,0.4319662354314736
1000.0,-739.5810119798755,3.7258499,40.322113,0.4316731261041446
1000.0,-739.581218182565,3.7258499,40.272167,0.4313800166950938
1000.0,-739.5753347363003,3.7257698,40.23473,0.4310869066695889
1000.0,-739.5826701558492,3.7260504,40.259705,0.4307937966850947
1000.0,-739.5737726954611,3.7255692,40.247196,0.4305006872786611
1000.0,-739.5810941950045,3.7256494,40.272167,0.4302075779187488
1000.0,-739.5803839859074,3.7256494,40.272167,0.4299144688403052
1000.0,-739.5739843277129,3.7254889,40.272167,0.429621359349997
1000.0,-739.5802505504419,3.7252884,40.309605,0.4293282503244363
1000.0,-739.5726641188025,3.7252483,40.334579,0.4290351413573561
1000.0,-739.580275342879,3.7250879,40.284672,0.4287420323219696
1000.0,-739.5807218787097,3.7250879,40.272167,0.428448923109613
1000.0,-739.5736532133766,3.7250078,40.23473,0.4281558137505328
1000.0,-739.5811965392932,3.7249677,40.297138,0.4278627043500596
1000.0,-739.5726465044047,3.7246869,40.247196,0.4275695953899603
1000.0,-739.5822598872942,3.7247672,40.247196,0.427276485568063
1000.0,-739.580215698848,3.7248073,40.322113,0.4269833765563146
1000.0,-739.5732789230259,3.7245667,40.35955,0.4266902673455739
1000.0,-739.581521846485,3.7245264,40.247196,0.4263971578161755
1000.0,-739.5746031358316,3.7243259,40.309605,0.4261040480806201
1000.0,-739.5816378623948,3.7243659,40.259705,0.4258109385052425
1000.0,-739.581346662326,3.7240453,40.347084,0.4255178290452728
1000.0,-739.5731586844045,3.7239249,40.347084,0.4252247198821853
1000.0,-739.5810807186074,3.7240052,40.259705,0.4249316105276139
1000.0,-739.5746681376396,3.7239249,40.222263,0.4246385007662968
1000.0,-739.5818017673486,3.7240052,40.272167,0.4243453911259608
1000.0,-739.5805569362442,3.7238047,40.322113,0.4240522819789738
1000.0,-739.575085091598,3.7233634,40.222263,0.4237591720524086
1000.0,-739.5830775920177,3.7235639,40.259705,0.4234660619064402
1000.0,-739.5771978383175,3.7233634,40.347084,0.4231729511425469
1000.0,-739.5836627508723,3.7232432,40.284672,0.4228798407646694
1000.0,-739.5836444654959,3.7232432,40.272167,0.4225867303940388
1000.0,-739.5748778416124,3.7231629,40.284672,0.4222936205496114
1000.0,-739.5832320848781,3.7231629,40.297138,0.4220005103424146
1000.0,-739.5760872234908,3.7230828,40.297138,0.4217074000186825
1000.0,-739.5828938382576,3.7230024,40.322113,0.421414289945539
1000.0,-739.5831765671559,3.7229624,40.259705,0.4211211797603449
1000.0,-739.57610974484,3.7228823,40.334579,0.4208280694276871
1000.0,-739.5828449493554,3.7226818,40.284672,0.4205349593739191
1000.0,-739.5749039645439,3.7226818,40.272167,0.4202418495191386
1000.0,-739.5820983019056,3.7225614,40.309605,0.4199487397612805
1000.0,-739.5822274168612,3.7222807,40.259705,0.4196556299522519
1000.0,-739.5756264458471,3.7225614,40.347084,0.4193625198111361
1000.0,-739.5821274160803,3.7222004,40.322113,0.4190694100417396
1000.0,-739.5732969651116,3.7223208,40.35955,0.4187763008238484
1000.0,-739.5815100908839,3.7218394,40.272167,0.418483191299109
1000.0,-739.5812895699189,3.7217593,40.334579,0.418190081861766
1000.0,-739.573900257982,3.721679,40.297138,0.4178969724047766
1000.0,-739.5786744555597,3.7218795,40.322113,0.4176038640038507
1000.0,-739.5739763686252,3.7218795,40.347084,0.4173107545166969
1000.0,-739.5803458996097,3.7217193,40.23473,0.4170176454533476
1000.0,-739.5818829813913,3.7213984,40.322113,0.416724535780825
1000.0,-739.5724093107409,3.7215989,40.334579,0.4164314269147308
1000.0,-739.5797011450184,3.7214384,40.272167,0.4161383181069094
1000.0,-739.5728195017052,3.7213583,40.334579,0.4158452090782475
1000.0,-739.5819989485975,3.7213182,40.347084,0.4155520993597649
1000.0,-739.5806300196331,3.7209973,40.35955,0.4152589901838137
1000.0,-739.5740901866076,3.7209973,40.322113,0.4149658806515513
1000.0,-739.5813463572117,3.7209573,40.396988,0.4146727711917026
1000.0,-739.5750516930609,3.7207165,40.334579,0.414379661278374
1000.0,-739.5837909750413,3.7204759,40.372017,0.4140865508496789
1000.0,-739.5844773801001,3.7203958,40.284672,0.4137934401489492
1000.0,-739.5770242790883,3.7205563,40.35955,0.4135003294538412
1000.0,-739.5845484496522,3.7205963,40.35955,0.4132072187249453
1000.0,-739.5766520520758,3.7202353,40.35955,0.4129141081773591
1000.0,-739.5842117292176,3.720155,40.334579,0.4126209975819116
1000.0,-739.5849416035614,3.7201953,40.309605,0.4123278866972017
1000.0,-739.5778158524511,3.7199948,40.309605,0.4120347756883757
1000.0,-739.5843025863894,3.7199948,40.35955,0.4117416650569199
1000.0,-739.5839486784581,3.7198343,40.322113,0.4114485545657242
1000.0,-739.5787527993872,3.7197139,40.35955,0.4111554431855654
1000.0,-739.5849250991444,3.7198744,40.309605,0.4108623323073965
1000.0,-739.5766508439087,3.7197139,40.334579,0.4105692217602892
1000.0,-739.5829063628862,3.7195938,40.309605,0.410276111682182
1000.0,-739.5822059931653,3.7193933,40.334579,0.4099830018816439
1000.0,-739.5754132518182,3.7195134,40.396988,0.4096898918250216
1000.0,-739.5830534705867,3.7192729,40.372017,0.409396781688613
1000.0,-739.5770181269309,3.719353,40.372017,0.4091036709959432
1000.0,-739.5823542237114,3.7188318,40.309605,0.4088105611366587
1000.0,-739.5821074090893,3.7188718,40.297138,0.4085174513751913
1000.0,-739.5745844587623,3.7189519,40.396988,0.408224341647038
1000.0,-739.5829790443671,3.7187114,40.322113,0.4079312315401258
1000.0,-739.5736284451312,3.7186713,40.35955,0.4076381221908617
1000.0,-739.5826257710165,3.7185109,40.322113,0.4073450122239582
1000.0,-739.5816359212043,3.7185109,40.309605,0.4070519026493499
1000.0,-739.5763477934703,3.7184305,40.384521,0.4067587922223482
1000.0,-739.5830933149244,3.7183504,40.396988,0.4064656820701484
1000.0,-739.5754670962925,3.71823,40.347084,0.4061725719921864
1000.0,-739.5837070143551,3.7179093,40.284672,0.4058794615967665
1000.0,-739.5832404346986,3.7179093,40.35955,0.4055863513862606
1000.0,-739.575191231457,3.71819,40.322113,0.4052932414176298
1000.0,-739.5814068678823,3.7178693,40.384521,0.4050001319337996
1000.0,-739.5752390211803,3.7177889,40.384521,0.4047070219462287
1000.0,-739.5824127936007,3.7177489,40.396988,0.4044139120637319
1000.0,-739.5833199394051,3.7175884,40.384521,0.4041208018217169
1000.0,-739.5753680492998,3.7173879,40.322113,0.4038276917830093
1000.0,-739.5829201204551,3.7172675,40.471901,0.4035345816994497
1000.0,-739.575812554135,3.7173479,40.334579,0.403241471484575
1000.0,-739.583045352825,3.7172675,40.372017,0.4029483613513836
1000.0,-739.5833274714945,3.7170269,40.396988,0.4026552511063834
1000.0,-739.5772690291174,3.7169068,40.35955,0.4023621403142756
1000.0,-739.5835519110614,3.7167463,40.421959,0.402069029980326
1000.0,-739.5698600667723,3.7169869,40.384521,0.4017759221245535
1000.0,-739.5633496527172,3.7168264,40.322113,0.4014828197971241
1000.0,-739.5637960058067,3.7166259,40.334579,0.4011897172927969
1000.0,-739.5550700353141,3.7163453,40.347084,0.4008966152986402
1000.0,-739.5620660399572,3.7165859,40.35955,0.4006035134799298
1000.0,-739.5532703612542,3.716265,40.347084,0.4003104121990236
1000.0,-739.5607958671688,3.7162249,40.409492,0.4000173108837056
1000.0,-739.5605383829565,3.7161045,40.409492,0.3997242096704332
1000.0,-739.5547726123481,3.7161045,40.309605,0.3994311077941518
1000.0,-739.562306275691,3.7161849,40.384521,0.3991380058802317
1000.0,-739.5534976429952,3.7159441,40.384521,0.3988449045092487
1000.0,-739.5615502533918,3.7157435,40.44693,0.3985518028949538
1000.0,-739.561400265215,3.7157035,40.372017,0.398258701340102
1000.0,-739.5563841037311,3.7153025,40.409492,0.397965598825151
1000.0,-739.5627136631558,3.7153425,40.409492,0.3976724967497757
1000.0,-739.5541724440549,3.7153025,40.372017,0.3973793951113543
1000.0,-739.5613783413852,3.7153425,40.421959,0.3970862935651912
1000.0,-739.5620568482583,3.7152624,40.35955,0.3967931917501236
1000.0,-739.5544382876923,3.715102,40.396988,0.3965000900063424
1000.0,-739.5614018030652,3.715102,40.409492,0.3962069884508811
1000.0,-739.5543259592507,3.714781,40.421959,0.3959138867516182
1000.0,-739.5600250006761,3.7149014,40.434425,0.3956207857418085
1000.0,-739.5617079205879,3.714781,40.409492,0.3953276840650273
1000.0,-739.5540214565151,3.714741,40.409492,0.3950345824864454
1000.0,-739.5603668120804,3.71438,40.471901,0.3947414813411697
1000.0,-739.552423587708,3.7142599,40.409492,0.3944483803958586
1000.0,-739.5604574376026,3.7141395,40.396988,0.3941552792146664
1000.0,-739.5620622680804,3.7140994,40.421959,0.3938621773974508
1000.0,-739.5537738131467,3.7140994,40.372017,0.3935690759170156
1000.0,-739.5612611164776,3.7141395,40.384521,0.3932759744173109
1000.0,-739.5530961430992,3.7137384,40.434425,0.3929828732054512
1000.0,-739.5617070903738,3.7136583,40.384521,0.392689771528999
1000.0,-739.5622731090815,3.7136583,40.35955,0.3923966696282233
1000.0,-739.5541568801034,3.7137384,40.396988,0.3921035679959702
1000.0,-739.5623141251731,3.7134175,40.384521,0.3918104660789391
1000.0,-739.5628711224401,3.7132571,40.384521,0.3915173639411599
1000.0,-739.5553390647146,3.7132974,40.421959,0.3912242618403809
1000.0,-739.5620426638156,3.713177,40.372017,0.3909311600309349
1000.0,-739.5545216491802,3.7128963,40.459396,0.3906380582541157
1000.0,-739.5614963226328,3.7130165,40.459396,0.3903449566611945
1000.0,-739.5598411503272,3.7129765,40.421959,0.3900518557242481
1000.0,-739.5529756724213,3.7128963,40.434425,0.3897587545601336
1000.0,-739.5588147406079,3.7126958,40.44693,0.3894656540299719
1000.0,-739.5535323352369,3.7125754,40.421959,0.3891725526452397
1000.0,-739.5601752213211,3.7123349,40.409492,0.3888794515758949
1000.0,-739.560632560575,3.7124951,40.434425,0.3885863503252982
1000.0,-739.553393016824,3.7123749,40.434425,0.388293248995781
1000.0,-739.561414327489,3.7120941,40.409492,0.388000147435356
1000.0,-739.5548084401114,3.7122145,40.434425,0.3877070455448752
1000.0,-739.5619280877347,3.7121344,40.384521,0.3874139437808377
1000.0,-739.562565859688,3.7117331,40.409492,0.3871208417640397
1000.0,-739.553345128671,3.7118535,40.409492,0.3868277404535016
1000.0,-739.5620951418537,3.711653,40.459396,0.3865346386232575
1000.0,-739.552770082847,3.7115729,40.421959,0.3862415375406228
1000.0,-739.559841809055,3.7114124,40.434425,0.3859484366034152
1000.0,-739.5605606116959,3.7112119,40.421959,0.3856553353813333
1000.0,-739.5523605512178,3.7114525,40.421959,0.3853622344610049
1000.0,-739.5610764840044,3.7110515,40.459396,0.3850691330344734
1000.0,-739.5536083108208,3.7111316,40.459396,0.3847760316196303
1000.0,-739.559269162346,3.7110515,40.409492,0.3844829309093731
1000.0,-739.5591332483123,3.7107706,40.396988,0.384189830252981
1000.0,-739.5505057252684,3.710891,40.459396,0.3838967300677611
1000.0,-739.5589442947154,3.7106504,40.521809,0.3836036294862547
1000.0,-739.5531488160361,3.7106504,40.459396,0.3833105282535197
1000.0,-739.560097389321,3.7106104,40.409492,0.3830174272150211
1000.0,-739.5603412995242,3.7105701,40.434425,0.3827243260798564
1000.0,-739.551972551935,3.7103295,40.484367,0.3824312253133007
1000.0,-739.5605868818199,3.7100489,40.421959,0.3821381240808074
1000.0,-739.5529956061563,3.7100489,40.409492,0.3818450229087928
1000.0,-739.5612149494575,3.7099285,40.459396,0.3815519214273849
1000.0,-739.5604457552618,3.7098885,40.44693,0.3812588202508226
1000.0,-739.5530552254405,3.7096479,40.484367,0.3809657190551795
1000.0,-739.5599336308876,3.7096479,40.459396,0.3806726180815813
1000.0,-739.5533840934944,3.7096076,40.459396,0.3803795167556006
1000.0,-739.5596162589209,3.709367,40.44693,0.3800864159077827
1000.0,-739.5601370744507,3.7094874,40.434425,0.3797933148535561
1000.0,-739.551991314542,3.7094874,40.434425,0.3795002140795644
1000.0,-739.5597572870485,3.7091665,40.409492,0.3792071131758545
1000.0,-739.5521395923003,3.7090461,40.44693,0.3789140123430971
1000.0,-739.5599626595239,3.7088056,40.434425,0.3786209113579943
1000.0,-739.5606337450164,3.7088859,40.44693,0.3783278101069283
1000.0,-739.5525522489161,3.7087655,40.434425,0.3780347091106259
1000.0,-739.5590274493347,3.708565,40.396988,0.3777416084961638
1000.0,-739.5520908497947,3.7087255,40.409492,0.3774485076827241
1000.0,-739.5599328741384,3.7082841,40.484367,0.3771554067094259
1000.0,-739.5608714172572,3.7082441,40.546776,0.376862305364166
1000.0,-739.5540377035395,3.7081239,40.471901,0.3765692037791452
1000.0,-739.5611804641645,3.7080836,40.496876,0.3762761023114044
1000.0,-739.5533718254,3.7080035,40.471901,0.3759830009902858
1000.0,-739.5614569548957,3.7080035,40.546776,0.3756898994129668
1000.0,-739.561742954923,3.707803,40.421959,0.3753967977223008
1000.0,-739.553573118041,3.7078431,40.571751,0.3751036963214054
1000.0,-739.5605818649288,3.7072816,40.471901,0.3748105950909004
1000.0,-739.5549270547466,3.7075222,40.496876,0.3745174931534101
1000.0,-739.5636561977274,3.7072415,40.484367,0.3742243907044913
1000.0,-739.5636247641922,3.7073216,40.396988,0.3739312882680303
1000.0,-739.5560950429845,3.7073216,40.421959,0.3736381858676404
1000.0,-739.5626842440713,3.7068806,40.434425,0.3733450838039245
1000.0,-739.5543670968924,3.707001,40.44693,0.3730519820883579
1000.0,-739.5623329970404,3.7070811,40.471901,0.3727588801638475
1000.0,-739.5615721899092,3.7067604,40.484367,0.3724657785408587
1000.0,-739.553840048292,3.7066,40.496876,0.3721726770341731
1000.0,-739.5612310744767,3.7064395,40.509342,0.3718795755463746
1000.0,-739.5628098308732,3.7063191,40.471901,0.3715864734328863
1000.0,-739.5557490606615,3.7060785,40.484367,0.3712933711696169
1000.0,-739.5626909696847,3.7061989,40.571751,0.3710002691032355
1000.0,-739.5550073892682,3.7060785,40.409492,0.3707071671339069
1000.0,-739.5610012271615,3.7059984,40.471901,0.370414065737201
1000.0,-739.5612238601892,3.7057176,40.434425,0.3701209642522616
1000.0,-739.5540156211332,3.7057176,40.44693,0.3698278626759925
1000.0,-739.5616560527786,3.7057977,40.44693,0.3695347610197674
1000.0,-739.5530745491575,3.7054369,40.44693,0.3692416598164659
1000.0,-739.5617549421737,3.7055571,40.509342,0.3689485581210491
1000.0,-739.5612927081975,3.7053566,40.434425,0.3686554566088241
1000.0,-739.5539383143963,3.7054369,40.521809,0.3683623550631933
1000.0,-739.5612134355499,3.7048755,40.471901,0.3680692535823854
1000.0,-739.5547044362363,3.7049155,40.434425,0.3677761517331238
1000.0,-739.5618860101888,3.7048352,40.509342,0.3674830499857623
1000.0,-739.5621663456478,3.7047551,40.484367,0.367189948127299
1000.0,-739.5548391403266,3.704675,40.534309,0.3668968462246511
1000.0,-739.5640269027073,3.7044744,40.471901,0.3666037436288152
1000.0,-739.5546269344819,3.704314,40.459396,0.3663106418102692
1000.0,-739.5627401890764,3.7045145,40.496876,0.3660175397243813
1000.0,-739.5615697972885,3.7042336,40.421959,0.3657244381023408
1000.0,-739.5547691091953,3.7040732,40.434425,0.3654313362274478
1000.0,-739.5619189322566,3.703913,40.459396,0.3651382344670387
1000.0,-739.5557342536562,3.7036722,40.496876,0.3648451322096377
1000.0,-739.564149034411,3.7039931,40.509342,0.3645520295653989
1000.0,-739.564403870206,3.7037525,40.484367,0.364258926820164
1000.0,-739.5567402666632,3.7035921,40.434425,0.3639658241640578
1000.0,-739.5644702400551,3.7036321,40.509342,0.3636727213925194
1000.0,-739.5577815710843,3.703512,40.496876,0.3633796183237212
1000.0,-739.5646307144672,3.703151,40.484367,0.3630865154885839
1000.0,-739.5653031423811,3.703151,40.521809,0.3627934123869513
1000.0,-739.5568848955685,3.7029505,40.496876,0.3625003096735254
1000.0,-739.5641872305989,3.70275,40.459396,0.3622072070141487
1000.0,-739.5554862079746,3.7028301,40.584217,0.3619141048550536
1000.0,-739.5630953547093,3.7025895,40.509342,0.3616210026284072
1000.0,-739.5633504952094,3.7025495,40.559284,0.3613279003006439
1000.0,-739.555356118207,3.7024291,40.471901,0.3610347981931062
1000.0,-739.5622917611682,3.7024291,40.496876,0.3607416962849384
1000.0,-739.5567268757345,3.7021482,40.559284,0.3604485936341393
1000.0,-739.5640844958622,3.7023087,40.559284,0.3601554910154783
1000.0,-739.5640753405887,3.7019477,40.509342,0.3598623884004456
1000.0,-739.5556067396338,3.7018275,40.509342,0.3595692861935812
1000.0,-739.5638107759215,3.7018275,40.559284,0.3592761836834003
1000.0,-739.557281670434,3.7017071,40.509342,0.3589830808127239
1000.0,-739.5641082876223,3.7015467,40.596722,0.3586899781846338
1000.0,-739.5618538686082,3.701226,40.546776,0.3583968764500106
1000.0,-739.5548804122091,3.7013061,40.521809,0.3581037745310058
1000.0,-739.5628176922243,3.7011857,40.484367,0.3578106724144019
1000.0,-739.5563458225944,3.7012661,40.484367,0.3575175699146226
1000.0,-739.5649999794135,3.7011056,40.571751,0.3572244669331389
1000.0,-739.5657828081911,3.7009852,40.546776,0.356931363641406
1000.0,-739.5583956306396,3.7009051,40.521809,0.3566382603292425
1000.0,-739.5634602369361,3.7006645,40.496876,0.3563451579579866
1000.0,-739.5564406221757,3.7006645,40.571751,0.3560520554206361
1000.0,-739.5634457109536,3.7005041,40.459396,0.3557589530551371
1000.0,-739.5622522589842,3.7005441,40.546776,0.3554658511626247
1000.0,-739.5565941737966,3.7004237,40.571751,0.3551727485644183
1000.0,-739.562580325507,3.7001832,40.521809,0.3548796465418872
1000.0,-739.5566531941131,3.6999826,40.534309,0.3545865439202897
1000.0,-739.5633036569787,3.6999426,40.496876,0.3542934416110893
1000.0,-739.5647142842959,3.6997821,40.596722,0.3540003387428317
1000.0,-739.5572990896097,3.699702,40.609188,0.3537072358652516
1000.0,-739.5639825180791,3.6995816,40.534309,0.3534141332870062
1000.0,-739.5550665438255,3.6995015,40.584217,0.3531210312942333
1000.0,-739.5630125176872,3.6993411,40.534309,0.3528279291004166
1000.0,-739.5618486804357,3.699301,40.521809,0.3525348273678497
1000.0,-739.5554989522554,3.6991806,40.609188,0.3522417252037038
1000.0,-739.5628314127539,3.6990602,40.584217,0.3519486230816623
1000.0,-739.5627310335984,3.6988997,40.534309,0.3516555209994028
1000.0,-739.5549795085191,3.69894,40.546776,0.3513624190411239
1000.0,-739.5633731518458,3.6987796,40.534309,0.3510693167043814
1000.0,-739.5551034825543,3.6986992,40.596722,0.3507762146969688
1000.0,-739.5633627509444,3.6984987,40.596722,0.3504831123643483
1000.0,-739.5641197010696,3.6983786,40.559284,0.3501900097317349
1000.0,-739.5565134001274,3.6982982,40.584217,0.3498969071655409
1000.0,-739.564971170967,3.6981378,40.609188,0.3496038041954745
1000.0,-739.5576612829412,3.6980176,40.559284,0.3493107011743492
1000.0,-739.5634484451142,3.6980577,40.534309,0.3490175988077666
1000.0,-739.5639161113953,3.6980176,40.609188,0.3487244962558394
1000.0,-739.5559984121213,3.6978171,40.546776,0.3484313938937465
1000.0,-739.5632272646028,3.6977367,40.546776,0.3481382916148217
1000.0,-739.5568851026594,3.6975765,40.534309,0.3478451889013138
1000.0,-739.5640157823007,3.6972156,40.559284,0.3475520863098852
1000.0,-739.563416059401,3.6971753,40.671597,0.3472589839561376
1000.0,-739.5553690454319,3.6968946,40.559284,0.3469658818434766
1000.0,-739.5626710236756,3.6972556,40.584217,0.3466727797850002
1000.0,-739.558571435128,3.697015,40.609188,0.3463796764031615
1000.0,-739.5652229539811,3.6967342,40.559284,0.346086573333309
1000.0,-739.5646149066359,3.6969347,40.634159,0.3457934705044366
1000.0,-739.5557634645352,3.6967342,40.571751,0.3455003682354586
1000.0,-739.5623633075254,3.6964133,40.609188,0.3452072662989356
1000.0,-739.5560458363659,3.6963732,40.621693,0.3449141639180474
1000.0,-739.563322114046,3.6961327,40.559284,0.3446210616015321
1000.0,-739.5633238591938,3.6960123,40.596722,0.3443279592843252
1000.0,-739.5572579644507,3.6960123,40.559284,0.3440348564230439
1000.0,-739.5648292510297,3.695852,40.584217,0.343741753509223
1000.0,-739.5561875715225,3.695852,40.559284,0.343448651072162
1000.0,-739.5624286034374,3.6956916,40.559284,0.3431555491097611
1000.0,-739.564436975629,3.6955712,40.609188,0.342862446351406
1000.0,-739.557540238875,3.6954911,40.559284,0.3425693433782531
1000.0,-739.5651968187133,3.6954107,40.559284,0.3422762403187585
1000.0,-739.5590594335719,3.6952503,40.609188,0.3419831367435152
1000.0,-739.5653434627054,3.6950498,40.621693,0.3416900336259029
1000.0,-739.5651088784432,3.6949697,40.621693,0.3413969306012605
1000.0,-739.5572512509785,3.6949296,40.571751,0.3411038277426399
1000.0,-739.5649301669491,3.6946888,40.584217,0.3408107247888242
1000.0,-739.5558411379786,3.6945686,40.534309,0.3405176224890625
1000.0,-739.5643586668235,3.6946087,40.571751,0.3402245197617425
1000.0,-739.5643087770396,3.6944883,40.596722,0.3399314170541949
1000.0,-739.555779394784,3.6941276,40.571751,0.3396383147789034
1000.0,-739.5622590711592,3.6942077,40.609188,0.3393452128836912
1000.0,-739.5548100020931,3.6940472,40.596722,0.3390521109925914
1000.0,-739.5640133530499,3.6939268,40.571751,0.3387590084021256
1000.0,-739.5634249707467,3.6937666,40.596722,0.3384659060448463
1000.0,-739.556228843405,3.6937263,40.559284,0.3381728035914284
1000.0,-739.5634491533642,3.6933253,40.65913,0.337879701224565
1000.0,-739.5554247942429,3.6935661,40.621693,0.3375865990898096
1000.0,-739.5644904060495,3.6931248,40.584217,0.337293496310279
1000.0,-739.5646567404586,3.6932852,40.596722,0.3370003934648271
1000.0,-739.5560676987891,3.6931248,40.584217,0.3367072910752744
1000.0,-739.5623103651651,3.6930046,40.584217,0.3364141891597335
1000.0,-739.5560103145324,3.6927638,40.571751,0.3361210867929233
1000.0,-739.564062474011,3.6926837,40.584217,0.33582798418299
1000.0,-739.563677206214,3.6926837,40.559284,0.3355348817257452
1000.0,-739.5563844577503,3.6924031,40.559284,0.3352417792106539
1000.0,-739.5622596326843,3.6923227,40.596722,0.3349486773152192
1000.0,-739.5547948044389,3.6920822,40.609188,0.3346555754301425
1000.0,-739.5619542721155,3.6920421,40.596722,0.3343624736557278
1000.0,-739.5611778879841,3.6920018,40.621693,0.334069372189008
1000.0,-739.5533342160811,3.6917212,40.609188,0.3337762708827948
1000.0,-739.5623722430183,3.6914806,40.571751,0.3334831689427305
1000.0,-739.5557307132598,3.6916811,40.596722,0.3331900666867326
1000.0,-739.5628320600221,3.6917212,40.559284,0.3328969645644345
1000.0,-739.5615041471492,3.6914003,40.621693,0.3326038629684124
1000.0,-739.5556429817838,3.6914403,40.621693,0.3323107607471844
1000.0,-739.5620526370249,3.6911998,40.671597,0.3320176589337857
1000.0,-739.5641962641131,3.6912801,40.621693,0.331724556270829
1000.0,-739.5542361400848,3.6906383,40.646626,0.3314314546071634
1000.0,-739.5626433139275,3.6907988,40.634159,0.3311383525596688
1000.0,-739.5554500871733,3.6906383,40.571751,0.3308452504148892
1000.0,-739.5619737298598,3.6904378,40.596722,0.3305521486327629
1000.0,-739.5607799979464,3.6903176,40.584217,0.3302590473237342
1000.0,-739.5541308916173,3.6903577,40.646626,0.3299659457017808
1000.0,-739.5605787521891,3.6901572,40.609188,0.3296728444725094
1000.0,-739.5534774522382,3.6898763,40.621693,0.3293797431095285
1000.0,-739.5623205092465,3.6897962,40.584217,0.3290866411899673
1000.0,-739.562590872315,3.6896758,40.621693,0.3287935391632564
1000.0,-739.5536120705863,3.6895957,40.646626,0.3285004377469233
1000.0,-739.5609980532352,3.6893952,40.65913,0.3282073363514752
1000.0,-739.5539321380919,3.6892748,40.609188,0.3279142348082923
1000.0,-739.561861412362,3.6891546,40.634159,0.3276211330706795
1000.0,-739.5615589328833,3.6891546,40.634159,0.3273280314529448
1000.0,-739.5556839729065,3.6889942,40.684105,0.3270349292154711
1000.0,-739.5622462657682,3.6886733,40.584217,0.3267418273253339
1000.0,-739.5547136403254,3.6887937,40.634159,0.3264487254724244
1000.0,-739.5636797207986,3.6887937,40.671597,0.3261556230141831
1000.0,-739.5654055601345,3.6885128,40.65913,0.3258625198719604
1000.0,-739.5560817005544,3.6879914,40.634159,0.3255694174768584
1000.0,-739.562924711864,3.6883926,40.634159,0.3252763153178408
1000.0,-739.5568823435609,3.6879113,40.646626,0.3249832126054264
1000.0,-739.5634554885295,3.6879113,40.721539,0.3246901102360523
1000.0,-739.5634843096634,3.6878312,40.621693,0.324397007855256
1000.0,-739.5571118595107,3.6877508,40.646626,0.3241039050518793
1000.0,-739.5643177368844,3.6876707,40.734005,0.3238108023407806
1000.0,-739.557109368689,3.6873097,40.671597,0.3235176995383911
1000.0,-739.5634274613886,3.6870692,40.596722,0.3232245971801248
1000.0,-739.5628193888731,3.6871893,40.646626,0.3229314950628485
1000.0,-739.5561685656043,3.6869888,40.709038,0.32263839263332
1000.0,-739.5648605863389,3.6867883,40.646626,0.3223452897070804
1000.0,-739.5570684146053,3.6864676,40.696571,0.3220521869209218
1000.0,-739.5624437400579,3.6865077,40.671597,0.321759084952522
1000.0,-739.563774117993,3.6863873,40.696571,0.3214659824568693
1000.0,-739.5556914191781,3.6862268,40.646626,0.3211728802164446
1000.0,-739.5637362520899,3.6860664,40.671597,0.3208797777357988
1000.0,-739.5569932806867,3.6857858,40.646626,0.3205866749794175
1000.0,-739.5635916342128,3.6858659,40.646626,0.3202935725560865
1000.0,-739.5645884171407,3.6858659,40.65913,0.3200004697377124
1000.0,-739.5565359587202,3.6857858,40.684105,0.3197073671625779
1000.0,-739.5514888340084,3.6852243,40.684105,0.3194142695358055
1000.0,-739.5354513521964,3.6851842,40.646626,0.3191211753169658
1000.0,-739.545069182836,3.6851039,40.65913,0.3188280802344171
1000.0,-739.5427649221277,3.6849034,40.634159,0.3185349860650887
1000.0,-739.5361652158953,3.6849034,40.709038,0.3182418915633291
1000.0,-739.5456622765065,3.6848233,40.709038,0.3179487962457267
1000.0,-739.5377359238605,3.6843822,40.634159,0.3176557011214609
1000.0,-739.5448625896983,3.6844223,40.671597,0.3173626061207888
1000.0,-739.5444725000298,3.6843419,40.709038,0.3170695112747164
1000.0,-739.535931842569,3.6842217,40.646626,0.3167764168654478
1000.0,-739.544639053401,3.6840613,40.671597,0.3164833219533672
1000.0,-739.5367789828219,3.6837804,40.696571,0.3161902272083583
1000.0,-739.5443339128174,3.6835399,40.634159,0.3158971324172104
1000.0,-739.5440769406077,3.6833394,40.609188,0.3156040377279053
1000.0,-739.53678635522,3.6832592,40.734005,0.3153109429799746
1000.0,-739.5440820438556,3.6833394,40.671597,0.315017848288647
1000.0,-739.5356710045172,3.6828983,40.696571,0.3147247539827542
1000.0,-739.5421533587025,3.6828983,40.646626,0.3144316600557994
1000.0,-739.5432008743159,3.6826978,40.684105,0.3141385657136952
1000.0,-739.5353535491819,3.6827378,40.646626,0.3138454715336171
1000.0,-739.5425420695241,3.6822968,40.684105,0.3135523774526091
1000.0,-739.5354167817127,3.6823769,40.684105,0.3132592832474705
1000.0,-739.5430784978657,3.6820962,40.709038,0.3129661889538663
1000.0,-739.5432951992733,3.6819358,40.671597,0.3126730945743795
1000.0,-739.5357225658748,3.6819358,40.684105,0.3123800002480518
1000.0,-739.5425111981278,3.6816952,40.634159,0.3120869061792788
1000.0,-739.5429089655877,3.6813743,40.771484,0.3117938119528633
1000.0,-739.5346442511026,3.6815348,40.709038,0.3115007180538956
1000.0,-739.5419038338624,3.6813743,40.709038,0.311207624225832
1000.0,-739.5341849754823,3.6807728,40.671597,0.3109145305088854
1000.0,-739.5422660551887,3.6809733,40.646626,0.3106214365372669
1000.0,-739.5409597117136,3.6806123,40.671597,0.310328343083376
1000.0,-739.5339293623852,3.6804519,40.808922,0.3100352494677345
1000.0,-739.5423861845154,3.6803718,40.671597,0.3097421554485066
1000.0,-739.5341745022446,3.6800508,40.684105,0.3094490617357108
1000.0,-739.5410752281036,3.6800909,40.671597,0.3091559682360386
1000.0,-739.5427904105367,3.6798103,40.709038,0.3088628740566086
1000.0,-739.5355340909789,3.6798904,40.721539,0.3085697798049778
1000.0,-739.5416079211985,3.679369,40.734005,0.3082766860941897
1000.0,-739.5335548150124,3.679369,40.721539,0.3079835926269896
1000.0,-739.5409802571058,3.678968,40.634159,0.3076904991649561
1000.0,-739.5411866906263,3.6790082,40.684105,0.3073974056211094
1000.0,-739.534922484797,3.678968,40.721539,0.3071043116118715
1000.0,-739.541735436708,3.6789279,40.709038,0.3068112178505467
1000.0,-739.5352490576607,3.6783664,40.696571,0.3065181237118809
1000.0,-739.542655363347,3.6785669,40.75898,0.3062250295859726
1000.0,-739.5415347645494,3.6778853,40.75898,0.3059319359041778
1000.0,-739.5358997995365,3.6780457,40.721539,0.3056388415076086
1000.0,-739.5419530039366,3.6778049,40.696571,0.305345747660058
1000.0,-739.5350647689903,3.6775243,40.671597,0.3050526535944298
1000.0,-739.5412384246026,3.677444,40.709038,0.3047595600300799
1000.0,-739.54004427748,3.6771634,40.671597,0.3044664669389921
1000.0,-739.5340598544659,3.677043,40.696571,0.3041733732716337
1000.0,-739.5421785424063,3.6770029,40.734005,0.3038802793346982
1000.0,-739.5345068980075,3.6768825,40.721539,0.3035871854901665
1000.0,-739.5416738518957,3.6766019,40.783951,0.3032940917532489
1000.0,-739.5403746868966,3.6764414,40.734005,0.3030009985312139
1000.0,-739.5326545751578,3.6762409,40.734005,0.3027079054207987
1000.0,-739.5418129148901,3.676281,40.721539,0.302414811628768
1000.0,-739.5319428353694,3.6759603,40.783951,0.302121718800431
1000.0,-739.5413244118131,3.67588,40.684105,0.3018286252020028
1000.0,-739.5412622894182,3.675519,40.746513,0.3015355316281948
1000.0,-739.5348588622313,3.6753988,40.746513,0.301242437644172
1000.0,-739.5437138041428,3.6750779,40.671597,0.3009493430987844
1000.0,-739.5369271871162,3.6750379,40.721539,0.3006562482950389
1000.0,-739.5429818179408,3.6746769,40.671597,0.3003631540397507
1000.0,-739.5434792571245,3.6745565,40.734005,0.3000700595873183
1000.0,-739.5354587741163,3.674396,40.721539,0.2997769653655373
1000.0,-739.5425047401802,3.6741154,40.721539,0.2994838712993236
1000.0,-739.5354437344405,3.6740353,40.709038,0.299190777083503
1000.0,-739.5429199646442,3.6737945,40.771484,0.2988976828527284
1000.0,-739.5425277379471,3.673594,40.783951,0.2986045887774003
1000.0,-739.5354027564144,3.6734738,40.746513,0.2983114945778203
1000.0,-739.542326699283,3.6734335,40.75898,0.2980184005821674
1000.0,-739.5355824915388,3.6730325,40.709038,0.2977253063113544
1000.0,-739.5441569585448,3.6726315,40.709038,0.2974322115903367
1000.0,-739.5436214455463,3.6729524,40.75898,0.2971391170815525
1000.0,-739.5377509502349,3.6723509,40.721539,0.2968460219513315
1000.0,-739.544166053041,3.6722305,40.734005,0.2965529272267095
1000.0,-739.5373436401272,3.6719899,40.721539,0.2962598322579144
1000.0,-739.5432736167787,3.6718695,40.734005,0.295966737886981
1000.0,-739.5427484058417,3.6717494,40.771484,0.2956736437241983
1000.0,-739.5362234676014,3.6714685,40.671597,0.2953805491993522
1000.0,-739.5436959206742,3.6713483,40.709038,0.2950874546610522
1000.0,-739.536523368497,3.6710675,40.709038,0.2947943600173489
1000.0,-739.5447138094961,3.6709471,40.771484,0.2945012650756411
1000.0,-739.5463750615795,3.6707869,40.721539,0.2942081694755491
1000.0,-739.5376657214493,3.6705863,40.783951,0.2939150743791061
1000.0,-739.5452971505565,3.6703455,40.671597,0.2936219792062097
1000.0,-739.537593248609,3.6700249,40.771484,0.2933288841384892
1000.0,-739.5445767118395,3.669744,40.646626,0.2930357892511158
1000.0,-739.543625083181,3.6699045,40.65913,0.2927426947408899
1000.0,-739.5368454002975,3.6695836,40.734005,0.2924495999695582
1000.0,-739.545339765071,3.6692629,40.709038,0.2921565047797729
1000.0,-739.5456387661228,3.6688216,40.684105,0.2918634094714881
1000.0,-739.5382234459133,3.6690221,40.771484,0.2915703141540066
1000.0,-739.5458810766754,3.6687014,40.75898,0.2912772187496897
1000.0,-739.5392853552735,3.6683004,40.734005,0.2909841230113501
1000.0,-739.5454030225897,3.6682601,40.771484,0.2906910277964947
1000.0,-739.5440432130871,3.6680596,40.771484,0.2903979331205564
1000.0,-739.5377558086876,3.6676185,40.746513,0.2901048379884098
1000.0,-739.5439252678557,3.6676586,40.771484,0.2898117433592154
1000.0,-739.5371033826627,3.6672976,40.696571,0.2895186484856396
1000.0,-739.5429852728344,3.6672175,40.833893,0.2892255542289821
1000.0,-739.5448968672844,3.6669769,40.734005,0.2889324592147253
1000.0,-739.5382636432555,3.666656,40.783951,0.2886393638813126
1000.0,-739.546692299304,3.6664155,40.734005,0.2883462681554936
1000.0,-739.538194051681,3.6661346,40.821388,0.2880531728496616
1000.0,-739.5448568402054,3.6659741,40.771484,0.2877600778512682
1000.0,-739.5431220774502,3.6657336,40.709038,0.2874669835403926
1000.0,-739.5354823454494,3.6655331,40.746513,0.2871738893092697
1000.0,-739.5433865199489,3.6651721,40.734005,0.2868807948935907
1000.0,-739.5363329393333,3.664731,40.734005,0.2865877003253587
1000.0,-739.5443450581897,3.6648514,40.808922,0.2862946055297937
1000.0,-739.5441786382421,3.6648514,40.734005,0.286001510800184
1000.0,-739.5377169418846,3.66429,40.75898,0.2857084156834412
1000.0,-739.5447214999749,3.663969,40.808922,0.2854153207386855
1000.0,-739.5351146957207,3.663969,40.796417,0.2851222266532703
1000.0,-739.5430050236195,3.6636884,40.746513,0.2848291323887852
1000.0,-739.5424340733546,3.6633275,40.746513,0.2845360383505781
1000.0,-739.5377876812588,3.6632071,40.75898,0.2842429432057997
1000.0,-739.5450650325845,3.6628861,40.709038,0.2839498481248959
1000.0,-739.5372501105129,3.6626055,40.783951,0.2836567531931687
1000.0,-739.5450872369721,3.662405,40.821388,0.2833636581034648
1000.0,-739.5464037969704,3.6623247,40.734005,0.2830705624919845
1000.0,-739.5376153922012,3.6621242,40.771484,0.282777467415488
1000.0,-739.5462241574455,3.6616831,40.734005,0.2824843718752021
1000.0,-739.536609439357,3.6617632,40.808922,0.2821912771973869
1000.0,-739.5449708302049,3.6613221,40.771484,0.2818981821538172
1000.0,-739.5448014567254,3.6607606,40.821388,0.2816050871773732
1000.0,-739.5366777988221,3.6608007,40.746513,0.2813119924724658
1000.0,-739.5437146834698,3.6606805,40.746513,0.2810188979267297
1000.0,-739.5357050005895,3.6603997,40.771484,0.2807258036073636
1000.0,-739.5436265846057,3.6601591,40.783951,0.2804327090965427
1000.0,-739.5442829965722,3.6595976,40.75898,0.2801396143255739
1000.0,-739.5367704131023,3.6592767,40.821388,0.2798465195839613
1000.0,-739.5450676449858,3.6593971,40.746513,0.2795534245020222
1000.0,-739.5365015296068,3.6589561,40.746513,0.279260329866974
1000.0,-739.5447599042791,3.6585951,40.696571,0.2789672349069981
1000.0,-739.5439613517761,3.6583946,40.734005,0.2786741402635029
1000.0,-739.5379063576938,3.6581137,40.75898,0.2783810450716904
1000.0,-739.5427991995092,3.6578732,40.696571,0.2780879508887772
1000.0,-739.5356060266515,3.6576326,40.709038,0.2777948566086367
1000.0,-739.5451314147118,3.6572716,40.783951,0.2775017615014244
1000.0,-739.5434643763008,3.6571512,40.783951,0.2772086670548896
1000.0,-739.536838112823,3.6569507,40.75898,0.2769155722864461
1000.0,-739.5439356196441,3.6565096,40.771484,0.276622477653149
1000.0,-739.536809549001,3.656229,40.746513,0.2763293828960261
1000.0,-739.5452478212745,3.6559482,40.734005,0.2760362877426798
1000.0,-739.543798289724,3.6557477,40.833893,0.2757431931638091
1000.0,-739.5374694577224,3.655467,40.746513,0.2754500981451496
1000.0,-739.5445121481202,3.6552665,40.783951,0.2751570032833639
1000.0,-739.5371303728389,3.6552665,40.746513,0.2748639083990913
1000.0,-739.544027978036,3.6547852,40.709038,0.274570813729191
1000.0,-739.5451211730184,3.6546247,40.75898,0.2742777186260377
1000.0,-739.5393313998665,3.6543441,40.696571,0.2739846228694496
1000.0,-739.5446485749754,3.6541033,40.771484,0.2736915279535954
1000.0,-739.5363100512776,3.6537023,40.721539,0.2733984333944343
1000.0,-739.5445914459382,3.6537023,40.734005,0.2731053385012215
1000.0,-739.5454958332302,3.6531408,40.746513,0.2728122432495836
1000.0,-739.5370310315805,3.6529002,40.796417,0.2725191484046821
1000.0,-739.5444117329486,3.6524591,40.771484,0.2722260535826928
1000.0,-739.5436015480362,3.6525393,40.684105,0.2719329590817944
1000.0,-739.5364243818716,3.6521783,40.746513,0.2716398644773216
1000.0,-739.544250245172,3.6518173,40.783951,0.2713467697193327
1000.0,-739.536301091523,3.6516571,40.721539,0.2710536751637226
1000.0,-739.5433685269992,3.6512158,40.746513,0.2707605807551747
1000.0,-739.5435768771538,3.6510153,40.721539,0.2704674862640537
1000.0,-739.536645132675,3.6506946,40.734005,0.2701743915720925
1000.0,-739.544943083622,3.6506543,40.734005,0.2698812965395193
1000.0,-739.5368509915494,3.6500127,40.746513,0.2695882017659717
1000.0,-739.5434131312034,3.6497321,40.771484,0.2692951073397462
1000.0,-739.5435962374906,3.6495717,40.709038,0.2690020128409525
1000.0,-739.5364326704222,3.6493311,40.734005,0.2687089182331948
1000.0,-739.5427384326326,3.6488497,40.734005,0.2684158240743646
1000.0,-739.5345248185398,3.6485691,40.771484,0.2681227302227307
1000.0,-739.5419598764795,3.6482482,40.746513,0.2678296363724564
1000.0,-739.5428495049117,3.6480076,40.75898,0.2675365421696062
1000.0,-739.5357159747746,3.6478071,40.796417,0.2672434478458908
1000.0,-739.5432809530301,3.6474862,40.684105,0.26695035347205
1000.0,-739.5359503727101,3.6471653,40.783951,0.2666572590554374
1000.0,-739.5437188951125,3.6470048,40.746513,0.2663641645080323
1000.0,-739.5432984941403,3.6466038,40.796417,0.2660710701272396
1000.0,-739.5368714258225,3.6464837,40.771484,0.2657779753455934
1000.0,-739.5444579734334,3.6461627,40.771484,0.2654848805052781
1000.0,-739.5361139217914,3.6458018,40.734005,0.2651917860238475
1000.0,-739.5425018959247,3.6452403,40.75898,0.2648986919587611
1000.0,-739.5432366535313,3.6451201,40.783951,0.2646055976024769
1000.0,-739.5352972142953,3.6447592,40.783951,0.2643125034447255
1000.0,-739.5421091201855,3.6447592,40.796417,0.2640194095353033
1000.0,-739.5354628997698,3.6441977,40.771484,0.263726315311887
1000.0,-739.5437444195376,3.6437163,40.796417,0.2634332207543661
1000.0,-739.5444826563895,3.6436763,40.75898,0.2631401259042684
1000.0,-739.535271298864,3.6432753,40.734005,0.2628470317567879
1000.0,-739.5431357492762,3.6427939,40.75898,0.262553937440494
1000.0,-739.5359332705145,3.6427138,40.734005,0.2622608430306594
1000.0,-739.5443658591739,3.6423929,40.65913,0.2619677482268507
1000.0,-739.5432264482632,3.6420319,40.721539,0.2616746538746111
1000.0,-739.5366489049231,3.6417913,40.808922,0.2613815591811548
1000.0,-739.5433334924594,3.6413903,40.684105,0.2610884647864917
1000.0,-739.5354042083022,3.6413102,40.709038,0.2607953705863362
1000.0,-739.5424898714301,3.6407888,40.709038,0.2605022765260153
1000.0,-739.5422799101651,3.6404679,40.721539,0.2602091825489059
1000.0,-739.5352149025867,3.6402273,40.746513,0.2599160884237764
1000.0,-739.5418541264104,3.639746,40.783951,0.2596229946154127
1000.0,-739.534899559907,3.6395857,40.709038,0.2593299006152606
1000.0,-739.5431754837235,3.6394653,40.771484,0.2590368062832192
1000.0,-739.5432267531729,3.6391444,40.734005,0.2587437119308587
1000.0,-739.5365852211714,3.6385429,40.783951,0.2584506172626418
1000.0,-739.5424188753428,3.6383023,40.796417,0.2581575232304579
1000.0,-739.537063526857,3.6379013,40.734005,0.2578644283726778
1000.0,-739.5432287553455,3.6376204,40.783951,0.2575713340195239
1000.0,-739.5455637165776,3.6373398,40.721539,0.2572782387409826
1000.0,-739.5349097409254,3.6368585,40.771484,0.2569851447367954
1000.0,-739.5424187656572,3.6368988,40.75898,0.256692050704655
1000.0,-739.5360144350371,3.6363373,40.734005,0.2563989562626532
1000.0,-739.5417142935701,3.6360965,40.734005,0.2561058625097079
1000.0,-739.544135767317,3.6357758,40.709038,0.2558127677970886
1000.0,-739.5359173531577,3.6352544,40.709038,0.2555196733935626
1000.0,-739.5421740254446,3.6350939,40.783951,0.2552265794584171
1000.0,-739.5347308838913,3.634773,40.721539,0.254933485525115
1000.0,-739.543634726924,3.6344924,40.783951,0.2546403910110671
1000.0,-739.5419404424732,3.6341314,40.75898,0.2543472971684949
1000.0,-739.5350927843896,3.6336904,40.684105,0.2540542030917636
1000.0,-739.5439367668414,3.63357,40.734005,0.2537611084580119
1000.0,-739.5448142373554,3.6331289,40.75898,0.2534680134765028
1000.0,-739.5357691361761,3.632848,40.734005,0.2531749191317183
1000.0,-739.5419005741929,3.6325674,40.721539,0.2528818253049466
1000.0,-739.5347364749385,3.632046,40.634159,0.2525887313694285
1000.0,-739.5419757821275,3.631645,40.783951,0.2522956375128505
1000.0,-739.542521280818,3.6313241,40.734005,0.2520025434400815
1000.0,-739.5346024056272,3.6310835,40.721539,0.2517094495576981
1000.0,-739.5432719804979,3.6306024,40.696571,0.2514163551874133
1000.0,-739.5355884484741,3.6306024,40.709038,0.2511232609142393
1000.0,-739.5430986276392,3.6300809,40.75898,0.2508301666126574
1000.0,-739.5428750665808,3.6298404,40.696571,0.2505370723996766
1000.0,-739.5362037288838,3.6295595,40.709038,0.2502439778826535
1000.0,-739.543575839642,3.6293991,40.696571,0.2499508833919438
1000.0,-739.5370182512837,3.628958,40.684105,0.2496577885521075
1000.0,-739.5430793524316,3.6284366,40.646626,0.2493646942581646
1000.0,-739.5442330822318,3.6284366,40.75898,0.2490715995069777
1000.0,-739.5363787404102,3.6279154,40.696571,0.2487785049205937
1000.0,-739.5441729131011,3.6271935,40.709038,0.2484854101932529
1000.0,-739.5377037097529,3.6269529,40.721539,0.2481923150817543
1000.0,-739.5437765242835,3.626632,40.734005,0.2478992205115096
1000.0,-739.5446450103963,3.6263914,40.709038,0.2476061255970681
1000.0,-739.5365687291986,3.6261909,40.696571,0.2473130309353873
1000.0,-739.5423448272933,3.6257496,40.771484,0.2470199369325501
1000.0,-739.5355618986732,3.6254289,40.684105,0.2467268426698984
1000.0,-739.5448407145723,3.6252685,40.634159,0.2464337476778959
1000.0,-739.5451346005071,3.6248271,40.746513,0.246140652569421
1000.0,-739.5370712297412,3.6243861,40.771484,0.2458475577085882
1000.0,-739.5429069761027,3.6239851,40.709038,0.2455544634829611
1000.0,-739.5373438846665,3.6235039,40.721539,0.2452613685140691
1000.0,-739.544937663186,3.623143,40.709038,0.2449682734836441
1000.0,-739.545293219881,3.622822,40.709038,0.2446751783123055
1000.0,-739.5370851699112,3.6225815,40.671597,0.2443820834459479
1000.0,-739.5438241929329,3.6223006,40.709038,0.2440889888568112
1000.0,-739.5370534808978,3.6218996,40.721539,0.2437958940030126
1000.0,-739.5438757558323,3.6215789,40.684105,0.2435027993934407
1000.0,-739.5459428200818,3.6211777,40.721539,0.2432097039646538
1000.0,-739.5361827087397,3.6208169,40.609188,0.2429166094559614
1000.0,-739.5428539602775,3.6203756,40.734005,0.2426235152513455
1000.0,-739.5330263511539,3.6203756,40.75898,0.2423304219935873
1000.0,-739.5411268151503,3.6198142,40.734005,0.2420373284734703
1000.0,-739.5402027499242,3.619333,40.634159,0.241744235319577
1000.0,-739.5327813571995,3.6189721,40.709038,0.2414511421589153
1000.0,-739.541212301613,3.6188517,40.709038,0.2411580486049184
1000.0,-739.5350163436696,3.6183305,40.746513,0.2408649545584822
1000.0,-739.5429948306296,3.6180897,40.709038,0.2405718602980369
1000.0,-739.5442370984457,3.6178892,40.696571,0.2402787655452583
1000.0,-739.5355445275868,3.6175282,40.721539,0.2399856712894912
1000.0,-739.5436824933901,3.6170871,40.65913,0.2396925767565126
1000.0,-739.5350066758766,3.6168466,40.671597,0.2393994827139081
1000.0,-739.5417957519498,3.6163251,40.709038,0.2391063889286792
1000.0,-739.5424706334665,3.6159642,40.65913,0.2388132948759827
1000.0,-739.5346032352189,3.6155632,40.684105,0.2385202009932705
1000.0,-739.5434053926347,3.6151621,40.696571,0.238227106570112
1000.0,-739.5349807850017,3.6148012,40.646626,0.2379340125377686
1000.0,-739.5422695092637,3.6146007,40.65913,0.2376409185647812
1000.0,-739.542957293988,3.6140792,40.721539,0.2373478243192122
1000.0,-739.53505159784,3.6139991,40.771484,0.2370547302588041
1000.0,-739.5431261550555,3.6134777,40.696571,0.2367616359463125
1000.0,-739.5353875579416,3.6132371,40.696571,0.2364685417527559
1000.0,-739.5418762452596,3.6127961,40.646626,0.2361754479356262
1000.0,-739.543226130666,3.6122346,40.734005,0.2358823535835124
1000.0,-739.5364757490303,3.6119137,40.571751,0.2355892589586817
1000.0,-739.5429202333331,3.6115527,40.721539,0.2352961647278006
1000.0,-739.5358179760881,3.6112318,40.65913,0.2350030703636598
1000.0,-739.5426110028661,3.6109512,40.709038,0.2347099762553323
1000.0,-739.5435423679181,3.6106706,40.684105,0.2344168817778881
1000.0,-739.5351162826679,3.6098683,40.646626,0.2341237876918439
1000.0,-739.5440574337505,3.6099086,40.709038,0.2338306930102697
1000.0,-739.5426301683881,3.6094272,40.65913,0.2335375988943465
1000.0,-739.5346612677605,3.6093068,40.684105,0.2332445049886348
1000.0,-739.5428028250703,3.6089058,40.684105,0.2329514108042847
1000.0,-739.5362684988401,3.6083043,40.634159,0.2326583162615919
1000.0,-739.542894366345,3.6079032,40.684105,0.2323652220409623
1000.0,-739.5435763766106,3.6079433,40.671597,0.2320721275500397
1000.0,-739.5369509057869,3.6073818,40.709038,0.2317790327368939
1000.0,-739.5434266810653,3.6069808,40.671597,0.2314859383052984
1000.0,-739.5364936198362,3.6065397,40.684105,0.2311928436733851
1000.0,-739.5442012705266,3.6060584,40.684105,0.2308997489348058
1000.0,-739.5434789761574,3.6057777,40.65913,0.2306066544824848
1000.0,-739.5349856434544,3.6055372,40.721539,0.2303135604482158
1000.0,-739.5433937712758,3.6051762,40.684105,0.2300204660296631
1000.0,-739.5350357897585,3.6048954,40.696571,0.22972737197552
1000.0,-739.5422051291042,3.6044943,40.684105,0.2294342780280477
1000.0,-739.5408300606081,3.6041334,40.696571,0.2291411846255398
1000.0,-739.534895116864,3.6036522,40.709038,0.2288480906271485
1000.0,-739.5419636356689,3.6031308,40.721539,0.2285549967753843
1000.0,-739.5353751197952,3.6027298,40.65913,0.2282619025867573
1000.0,-739.5437769147318,3.6026094,40.684105,0.2279688080163578
1000.0,-739.5427808768887,3.6021683,40.634159,0.2276757138407062
1000.0,-739.535116319093,3.6018877,40.696571,0.2273826197546476
1000.0,-739.5423080838262,3.6016469,40.671597,0.2270895257663724
1000.0,-739.5344011733536,3.6010454,40.671597,0.2267964319637418
1000.0,-739.5437818350338,3.6007648,40.709038,0.2265033373913924
1000.0,-739.5430265690746,3.6003234,40.696571,0.2262102431183685
1000.0,-739.5368079859961,3.5998023,40.684105,0.225917148361865
1000.0,-739.5435472747142,3.5997219,40.671597,0.225624053882476
1000.0,-739.537625390071,3.5992007,40.671597,0.2253309588020172
1000.0,-739.5444193501671,3.5987194,40.609188,0.225037863977009
1000.0,-739.545440364007,3.5984788,40.671597,0.2247447687473545
1000.0,-739.535798957687,3.5980778,40.646626,0.2244516743907512
1000.0,-739.5450905817708,3.5976768,40.646626,0.2241585792997217
1000.0,-739.5367082307603,3.5973959,40.65913,0.2238654845827534
1000.0,-739.5439005726213,3.5972354,40.684105,0.2235723899633461
1000.0,-739.5461431142751,3.5968344,40.671597,0.223279294455179
1000.0,-739.5383251668763,3.5963933,40.646626,0.2229861990973832
1000.0,-739.5465654797664,3.5957918,40.596722,0.222693103421825
1000.0,-739.5392567419296,3.5955913,40.634159,0.2224000076948254
1000.0,-739.5484226310452,3.5952303,40.571751,0.2221069112832446
1000.0,-739.5458216894642,3.5948694,40.634159,0.221813815902464
1000.0,-739.5391941566605,3.5943079,40.65913,0.2215207202002684
1000.0,-739.5466017840814,3.5940273,40.621693,0.2212276245103221
1000.0,-739.5393857694351,3.5937865,40.646626,0.2209345287321861
1000.0,-739.5459780136249,3.5931449,40.65913,0.2206414332894514
1000.0,-739.5453639229274,3.5927839,40.709038,0.2203483380900919
1000.0,-739.5383481891729,3.5925434,40.609188,0.2200552427231719
1000.0,-739.5464480600439,3.5921824,40.609188,0.2197621470941493
1000.0,-739.538430158731,3.5918214,40.671597,0.2194690516947429
1000.0,-739.5465794569113,3.5915005,40.609188,0.2191759560136453
1000.0,-739.5454009467477,3.5913,40.65913,0.2188828607996126
1000.0,-739.5388833675268,3.5906985,40.634159,0.2185897652205896
1000.0,-739.5475519479452,3.590498,40.696571,0.2182966691540762
1000.0,-739.5398671029054,3.5899365,40.65913,0.2180035731851771
1000.0,-739.5468468779075,3.5896959,40.734005,0.2177104773980958
1000.0,-739.5477608356822,3.5890141,40.721539,0.2174173812487964
1000.0,-739.5395708883111,3.588974,40.609188,0.2171242853972937
1000.0,-739.5462866944358,3.5888135,40.634159,0.2168311898322232
1000.0,-739.5385017160328,3.5880115,40.671597,0.2165380944044571
1000.0,-739.5451273739413,3.587811,40.546776,0.2162449992988462
1000.0,-739.5459760478778,3.5872495,40.621693,0.2159519038568906
1000.0,-739.5390289475772,3.587009,40.621693,0.215658808220171
1000.0,-739.546250146193,3.586648,40.596722,0.2153657126695852
1000.0,-739.539222709023,3.5862069,40.609188,0.2150726169560736
1000.0,-739.5454503981982,3.5858059,40.65913,0.2147795217224424
1000.0,-739.5472499194874,3.585485,40.634159,0.2144864257756284
1000.0,-739.5403310169953,3.585084,40.684105,0.2141933296228699
1000.0,-739.5467175920796,3.5846829,40.65913,0.2139002338870269
1000.0,-739.5464977918476,3.5842416,40.671597,0.2136071382382947
1000.0,-739.539245841004,3.583961,40.65913,0.2133140425156154
1000.0,-739.5467754172934,3.5837605,40.65913,0.2130209467568552
1000.0,-739.5385862009689,3.5829585,40.684105,0.2127278512956058
1000.0,-739.5466136616463,3.5827179,40.634159,0.2124347556009523
1000.0,-739.5470421052784,3.5823569,40.546776,0.2121416597364988
1000.0,-739.538437288227,3.5821161,40.521809,0.2118485643342668
1000.0,-739.543918541833,3.5814745,40.634159,0.211555469707738
1000.0,-739.5373214848707,3.581274,40.634159,0.2112623747477235
1000.0,-739.5439854856901,3.5809531,40.621693,0.2109692800946636
1000.0,-739.5446028227555,3.5805521,40.684105,0.2106761851969419
1000.0,-739.5378013404644,3.5801911,40.646626,0.2103830900467501
1000.0,-739.545749093931,3.5796297,40.65913,0.2100899946947403
1000.0,-739.5374673092557,3.5794694,40.571751,0.2097968996769325
1000.0,-739.5459779403647,3.578908,40.584217,0.2095038042342268
1000.0,-739.545248577819,3.5788677,40.559284,0.2092107090805806
1000.0,-739.5363158621033,3.5782661,40.65913,0.2089176145191167
1000.0,-739.5440178589203,3.5779855,40.709038,0.2086245198532267
1000.0,-739.5367975614616,3.5775845,40.65913,0.2083314251008546
1000.0,-739.5444696312178,3.5770631,40.65913,0.2080383302559191
1000.0,-739.5438913320141,3.5767422,40.65913,0.207745235640174
1000.0,-739.538156393045,3.5765016,40.571751,0.207452140349267
1000.0,-739.5454393629208,3.576221,40.596722,0.2071590451200093
1000.0,-739.536806167197,3.57586,40.646626,0.2068659503642266
1000.0,-739.5425683392386,3.575459,40.65913,0.2065728562728075
1000.0,-739.5442522714917,3.5749776,40.621693,0.2062797615140155
1000.0,-739.5353179663671,3.5745766,40.634159,0.2059866673480397
1000.0,-739.541279794717,3.5742157,40.65913,0.205693573767294
1000.0,-739.5344717418574,3.5738947,40.634159,0.2054004799366956
1000.0,-739.5423978304308,3.5734136,40.621693,0.2051073859128522
1000.0,-739.5419392707194,3.5730927,40.609188,0.2048142920707443
1000.0,-739.5361309511368,3.572772,40.646626,0.2045211975825646
1000.0,-739.5445226339461,3.5723307,40.621693,0.2042281027166232
1000.0,-739.5356273402427,3.5718896,40.559284,0.2039350084280356
1000.0,-739.545151299739,3.5714886,40.65913,0.2036419133129426
1000.0,-739.5459793437681,3.5712881,40.584217,0.2033488178696807
1000.0,-739.5371290175389,3.5707667,40.609188,0.2030557229859452
1000.0,-739.5434377896029,3.5703657,40.634159,0.2027626285499472
1000.0,-739.5372802618961,3.5701251,40.671597,0.2024695336062703
1000.0,-739.545503535578,3.5697241,40.571751,0.2021764383515798
1000.0,-739.5430354192337,3.5692427,40.65913,0.2018833440750485
1000.0,-739.5355754721367,3.5687616,40.65913,0.2015902498070174
1000.0,-739.5436431862255,3.5686011,40.559284,0.2012971552896169
1000.0,-739.5361901791582,3.5682001,40.584217,0.2010040607779639
1000.0,-739.5431807081169,3.5675986,40.596722,0.2007109664438519
1000.0,-739.543225435308,3.5675182,40.684105,0.2004178720920137
1000.0,-739.5353667694447,3.5671573,40.596722,0.2001247779066961
1000.0,-739.5421269064512,3.5666761,40.621693,0.1998316839902248
1000.0,-739.5344904549424,3.5661147,40.609188,0.1995385901522099
1000.0,-739.5424178869441,3.5659142,40.609188,0.1992454961204178
1000.0,-739.5414834089477,3.5655131,40.546776,0.1989524024589762
1000.0,-739.5342185084648,3.5651522,40.596722,0.1986593087287397
1000.0,-739.5425034949616,3.5648313,40.621693,0.1983662146630196
1000.0,-739.5361780086748,3.5644703,40.621693,0.1980731201561899
1000.0,-739.5428351741533,3.5639892,40.609188,0.1977800259590193
1000.0,-739.5420546154185,3.5635078,40.634159,0.1974869320711982
1000.0,-739.5321899655123,3.5631869,40.584217,0.1971938391449181
1000.0,-739.5418176514278,3.5628262,40.621693,0.1969007453510102
1000.0,-739.5329667809822,3.5625052,40.646626,0.1966076521168609
1000.0,-739.5406491148826,3.5621843,40.65913,0.1963145587860651
1000.0,-739.5395839116387,3.5616632,40.609188,0.1960214658774286
1000.0,-739.5324865337165,3.5613022,40.65913,0.195728372833612
1000.0,-739.541119368804,3.5609813,40.609188,0.195435279316446
1000.0,-739.533298187947,3.5604999,40.584217,0.1951421859509529
1000.0,-739.5393994985368,3.5602193,40.584217,0.1948490931154027
1000.0,-739.5390948707745,3.5598984,40.609188,0.1945560004005819
1000.0,-739.5340798250353,3.5594573,40.609188,0.1942629067253088
1000.0,-739.540171243538,3.5590963,40.584217,0.193969813583902
1000.0,-739.5396290530159,3.5587354,40.596722,0.1936767206573752
1000.0,-739.5324473010253,3.5583344,40.646626,0.1933836276291073
1000.0,-739.5393794060074,3.5580134,40.596722,0.1930905348015201
1000.0,-739.5316596087767,3.5573719,40.584217,0.1927974420854321
1000.0,-739.53982147358,3.5572917,40.559284,0.1925043490826455
1000.0,-739.5384250671309,3.5566499,40.571751,0.19221125663328
1000.0,-739.5324022939336,3.5565698,40.571751,0.1919181636228494
1000.0,-739.5404041430204,3.5561688,40.546776,0.1916250703891404
1000.0,-739.5320831544493,3.555527,40.546776,0.1913319775051919
1000.0,-739.5408630199198,3.5554068,40.559284,0.1910388840896217
1000.0,-739.5411664026681,3.5548854,40.621693,0.1907457905538153
1000.0,-739.5322118651792,3.554765,40.584217,0.1904526976188559
1000.0,-739.539434544741,3.5545244,40.571751,0.1901596047694162
1000.0,-739.5328779385409,3.5540032,40.584217,0.1898665115704772
1000.0,-739.5390875099666,3.5534818,40.609188,0.1895734188585736
1000.0,-739.5375639172696,3.5531209,40.559284,0.1892803267504975
1000.0,-739.5305727244895,3.5528803,40.584217,0.1889872344651656
1000.0,-739.5385652781412,3.5523589,40.571751,0.188694141960232
1000.0,-739.5313892122073,3.5521584,40.596722,0.1884010493513081
1000.0,-739.5393851796474,3.551677,40.596722,0.1881079565214327
1000.0,-739.5403413009158,3.5511155,40.546776,0.1878148633126291
1000.0,-739.5328703089161,3.5510354,40.571751,0.1875217701167139
1000.0,-739.540987837285,3.5505943,40.571751,0.1872286766516763
1000.0,-739.5337446703785,3.550153,40.621693,0.1869355831092323
1000.0,-739.5410493488372,3.5495915,40.571751,0.1866424896198165
1000.0,-739.539785768034,3.549391,40.634159,0.1863493966311807
1000.0,-739.5326391581344,3.5488698,40.546776,0.1860563035268757
1000.0,-739.5402532871809,3.5487895,40.571751,0.1857632103529535
1000.0,-739.5337638352985,3.5483885,40.559284,0.1854701168029141
1000.0,-739.540313969133,3.5480275,40.546776,0.1851770236049426
1000.0,-739.5417321162613,3.5475464,40.609188,0.1848839298449338
1000.0,-739.5337055833877,3.5471454,40.546776,0.1845908363179808
1000.0,-739.5411725307401,3.5468645,40.534309,0.1842977427797459
1000.0,-739.5315853179558,3.5464234,40.621693,0.1840046500931009
1000.0,-739.5402074983308,3.5461025,40.546776,0.1837115569373257
1000.0,-739.5397185192672,3.5457819,40.634159,0.1834184639753418
1000.0,-739.5327806241957,3.5453005,40.521809,0.1831253708149706
1000.0,-739.5405421930595,3.5448194,40.584217,0.1828322775265499
1000.0,-739.533205781167,3.5445786,40.521809,0.1825391841976796
1000.0,-739.5408583079386,3.5442979,40.584217,0.1822460907839768
1000.0,-739.5401023343433,3.543937,40.584217,0.18195299766988
1000.0,-739.533009700384,3.5434556,40.571751,0.1816599044187209
1000.0,-739.5374285164664,3.5430145,40.596722,0.1813668123643065
1000.0,-739.5321959105787,3.5425735,40.496876,0.1810737194356702
1000.0,-739.5399889672601,3.5422525,40.559284,0.1807806263665028
1000.0,-739.5406319146983,3.542012,40.559284,0.1804875330425238
1000.0,-739.5340495152643,3.541611,40.596722,0.180194439379263
1000.0,-739.5417915892154,3.5412099,40.609188,0.179901345595684
1000.0,-739.5329214075932,3.5409291,40.459396,0.1796082523795172
1000.0,-739.5404062790258,3.540448,40.571751,0.1793151591449617
1000.0,-739.5406501159688,3.540127,40.546776,0.1790220658137691
1000.0,-739.5339956699714,3.539726,40.584217,0.1787289721718485
1000.0,-739.5394010001662,3.5395255,40.546776,0.1784358793357031
1000.0,-739.5342413719643,3.5388436,40.584217,0.1781427855964053
1000.0,-739.5404834281509,3.5386031,40.546776,0.1778496923312742
1000.0,-739.5395865477778,3.538523,40.571751,0.1775565994215929
1000.0,-739.5324937847657,3.5377207,40.521809,0.1772635063749025
1000.0,-739.5410033651723,3.5374801,40.509342,0.176970412903711
1000.0,-739.5327569675295,3.5372396,40.609188,0.1766773197527154
1000.0,-739.5399364401092,3.5369186,40.609188,0.1763842267043655
1000.0,-739.5403171062246,3.5364375,40.521809,0.1760911335051508
1000.0,-739.5332450388236,3.5360365,40.484367,0.1757980401607218
1000.0,-739.5411049275414,3.5355151,40.634159,0.1755049466492792
1000.0,-739.5325323225152,3.5353146,40.496876,0.1752118535873154
1000.0,-739.539619958929,3.5349135,40.546776,0.1749187606643927
1000.0,-739.5410882283095,3.5345926,40.646626,0.1746256671595684
1000.0,-739.532670236925,3.5342317,40.559284,0.1743325740429461
1000.0,-739.5387699667184,3.5337906,40.584217,0.1740394814568907
1000.0,-739.5400018090767,3.5334697,40.534309,0.1737463883826339
1000.0,-739.5337134937722,3.5330687,40.496876,0.1734532948525459
1000.0,-739.5413608986647,3.5328281,40.546776,0.1731602012396573
1000.0,-739.5334658870335,3.532387,40.546776,0.1728671078077013
1000.0,-739.5420713637634,3.5319057,40.509342,0.1725740139132426
1000.0,-739.5424772371159,3.5316651,40.546776,0.1722809198579289
1000.0,-739.5353861549615,3.5311036,40.484367,0.1719878256649283
1000.0,-739.541897278712,3.5308228,40.621693,0.1716947318394626
1000.0,-739.5331599923682,3.5305421,40.546776,0.1714016385287395
1000.0,-739.540935065797,3.5303817,40.546776,0.1711085450846161
1000.0,-739.541868823879,3.5298202,40.559284,0.1708154512704276
1000.0,-739.5353694796354,3.5295396,40.559284,0.1705223570840359
1000.0,-739.542294009274,3.5291386,40.559284,0.1702292631013387
1000.0,-739.5356487385529,3.5288177,40.534309,0.1699361688042705
1000.0,-739.5412792450608,3.5284967,40.496876,0.1696430752237427
1000.0,-739.5430328068323,3.5280156,40.584217,0.1693499809482467
1000.0,-739.5343839127703,3.5274942,40.521809,0.1690568871524569
1000.0,-739.5420430190253,3.5274541,40.546776,0.1687637932692317
1000.0,-739.5329441736862,3.5268123,40.521809,0.1684707000440422
1000.0,-739.5405469050407,3.5267322,40.534309,0.168177606753754
1000.0,-739.5407475528475,3.5262511,40.496876,0.1678845133839454
1000.0,-739.534984911269,3.5257297,40.546776,0.1675914193499666
1000.0,-739.5415046732311,3.5256493,40.571751,0.1672983256800976
1000.0,-739.5339540688307,3.5250478,40.534309,0.1670052320546644
1000.0,-739.5414513651837,3.5246468,40.571751,0.1667121384059223
1000.0,-739.5404415581073,3.5245266,40.546776,0.166419045157385
1000.0,-739.5339055088598,3.5242457,40.484367,0.1661259515511972
1000.0,-739.5423207545659,3.5240452,40.509342,0.1658328575579004
1000.0,-739.534909545294,3.5232031,40.521809,0.1655397635537908
1000.0,-739.5420026137764,3.5228822,40.471901,0.1652466696865789
1000.0,-739.5426916062708,3.5226817,40.584217,0.1649535755463068
1000.0,-739.5355609467096,3.5222406,40.521809,0.1646604812840325
1000.0,-739.5432203807637,3.5219197,40.559284,0.1643673869341975
1000.0,-739.534803905973,3.5217192,40.559284,0.1640742929719551
1000.0,-739.542816827181,3.5212781,40.534309,0.1637811987820557
1000.0,-739.5428387868222,3.5207968,40.44693,0.1634881045834533
1000.0,-739.5353271459,3.5205162,40.584217,0.1631950104138394
1000.0,-739.5441548100565,3.5199144,40.559284,0.1629019156936732
1000.0,-739.5373662844621,3.5193932,40.484367,0.1626088207159036
1000.0,-739.5457547816234,3.5195537,40.509342,0.1623157253616398
1000.0,-739.5453737749913,3.5189519,40.471901,0.1620226301583758
1000.0,-739.5374800289804,3.5187113,40.484367,0.1617295351355268
1000.0,-739.5451479309978,3.5183504,40.521809,0.1614364400217688
1000.0,-739.5358364693948,3.5180697,40.496876,0.1611433456502987
1000.0,-739.5427890799842,3.5173478,40.559284,0.1608502514713961
1000.0,-739.5427230275278,3.5172677,40.609188,0.1605571573186712
1000.0,-739.5372745120517,3.5170269,40.484367,0.1602640623772731
1000.0,-739.5442811049039,3.5167463,40.559284,0.1599709676070539
1000.0,-739.5370212667904,3.5161448,40.459396,0.1596778727660225
1000.0,-739.5436470555098,3.5158639,40.546776,0.1593847782470886
1000.0,-739.543773631529,3.5155029,40.459396,0.1590916836779904
1000.0,-739.5363240528382,3.5152223,40.521809,0.1587985891132802
1000.0,-739.5431329784855,3.5148213,40.559284,0.1585054947980844
1000.0,-739.5361676815468,3.5144203,40.496876,0.1582124002953476
1000.0,-739.5434392666757,3.5142598,40.521809,0.1579193058587642
1000.0,-739.5431957346424,3.5138588,40.459396,0.157626211518697
1000.0,-739.5376811634383,3.5135379,40.496876,0.1573331164161339
1000.0,-739.5448080491198,3.5130568,40.496876,0.1570400214370773
1000.0,-739.5357682808003,3.5125353,40.584217,0.1567469270926318
1000.0,-739.5434823088824,3.512054,40.496876,0.15645383263899
1000.0,-739.5420829851223,3.5119739,40.471901,0.1561607387399256
1000.0,-739.5348372312505,3.5115328,40.496876,0.1558676447644756
1000.0,-739.5422904322119,3.5113323,40.496876,0.1555745507831961
1000.0,-739.5350346180164,3.5108509,40.521809,0.1552814567295174
1000.0,-739.543424117777,3.5104499,40.459396,0.1549883622989377
1000.0,-739.5432162925174,3.5102093,40.496876,0.154695267950723
1000.0,-739.5349849955788,3.509768,40.496876,0.1544021739167108
1000.0,-739.5429875926042,3.5094874,40.484367,0.154109079659134
1000.0,-739.5426502478208,3.509367,40.509342,0.153815985535253
1000.0,-739.5356848841151,3.5087254,40.459396,0.1535228912238596
1000.0,-739.5428462217089,3.5084045,40.584217,0.1532297970223106
1000.0,-739.5358031072828,3.507803,40.44693,0.1529367026640627
1000.0,-739.5421415916417,3.5076828,40.471901,0.1526436087417713
1000.0,-739.5431066964926,3.5072415,40.434425,0.1523505144369915
1000.0,-739.5363802043715,3.5070009,40.546776,0.1520574198500273
1000.0,-739.5425908252074,3.5065999,40.521809,0.1517643257496966
1000.0,-739.5358242993207,3.5065196,40.596722,0.1514712313830497
1000.0,-739.5434021937426,3.5059583,40.496876,0.151178136961159
1000.0,-739.5430567084828,3.5056374,40.509342,0.1508850426761903
1000.0,-739.5377660502782,3.5053566,40.421959,0.1505919475399848
1000.0,-739.5444195335223,3.5049555,40.484367,0.1502988527149039
1000.0,-739.5357352989008,3.5045946,40.44693,0.1500057583835299
1000.0,-739.5432662915778,3.5042739,40.534309,0.1497126640154997
1000.0,-739.542457963136,3.5041134,40.521809,0.1494195699678246
1000.0,-739.5350157821501,3.5037124,40.496876,0.149126475921611
1000.0,-739.5423319240855,3.503191,40.534309,0.1488333819238875
1000.0,-739.5337547531719,3.5027499,40.44693,0.1485402883774475
1000.0,-739.5415662707309,3.502429,40.496876,0.1482471946831662
1000.0,-739.5424609045943,3.5021081,40.509342,0.1479541006343254
1000.0,-739.5345481940369,3.5019076,40.521809,0.1476610067734273
1000.0,-739.541815368902,3.5015869,40.459396,0.1473679129804239
1000.0,-739.5355688562755,3.5012259,40.496876,0.1470748187150148
1000.0,-739.542921600311,3.5008249,40.521809,0.146781724483592
1000.0,-739.5435658787111,3.5000629,40.484367,0.1464886299968299
1000.0,-739.5369217186455,3.5001831,40.434425,0.1461955351952516
1000.0,-739.5433086629829,3.4998221,40.484367,0.1459024408104288
1000.0,-739.5371170422776,3.4992609,40.471901,0.1456093459314394
1000.0,-739.5444900053284,3.49894,40.521809,0.1453162510784293
1000.0,-739.5441804200201,3.4984989,40.44693,0.1450231563481134
1000.0,-739.5370400895599,3.4983385,40.421959,0.1447300614996221
1000.0,-739.5437729844655,3.4976966,40.459396,0.1444369669307803
1000.0,-739.5355900474948,3.4977369,40.496876,0.1441438726569727
1000.0,-739.5422949735255,3.4973357,40.496876,0.1438507786738933
1000.0,-739.544080896249,3.4969347,40.509342,0.1435576839830205
1000.0,-739.536489799294,3.4967744,40.471901,0.1432645893526214
1000.0,-739.5449454999806,3.496213,40.496876,0.1429714943190905
1000.0,-739.5364188031024,3.496213,40.509342,0.1426783997168287
1000.0,-739.543477511772,3.4956915,40.384521,0.1423853052650881
1000.0,-739.543050458856,3.4952505,40.559284,0.1420922109825963
1000.0,-739.5380558683803,3.4948494,40.509342,0.1417991157315294
1000.0,-739.5455663408479,3.4946487,40.471901,0.141506020451948
1000.0,-739.5383728108993,3.4942477,40.496876,0.1412129250752698
1000.0,-739.5457276700305,3.4940472,40.471901,0.1409198297317508
1000.0,-739.5441481204593,3.4933255,40.509342,0.1406267350142358
1000.0,-739.5361258111058,3.4934056,40.471901,0.1403336405280932
1000.0,-739.5441156260838,3.4928441,40.459396,0.1400405458234564
1000.0,-739.5380720182028,3.4927237,40.459396,0.139747450565989
1000.0,-739.5433861542617,3.4920821,40.484367,0.139454356150455
1000.0,-739.543672617179,3.4917212,40.471901,0.1391612616213906
1000.0,-739.5364230877575,3.4914002,40.484367,0.1388681670174307
1000.0,-739.5443470358057,3.4909191,40.496876,0.1385750722210819
1000.0,-739.5384215407175,3.4909592,40.44693,0.1382819768250911
1000.0,-739.5457103364226,3.4903176,40.496876,0.1379888814884416
1000.0,-739.5472680712357,3.4903176,40.484367,0.1376957855344338
1000.0,-739.5393781279415,3.4897962,40.459396,0.1374026897593263
1000.0,-739.5467099390495,3.4894352,40.471901,0.1371095940265163
1000.0,-739.5376437483184,3.4889138,40.434425,0.1368164989387817
1000.0,-739.5449818288521,3.4889541,40.459396,0.136523403890853
1000.0,-739.5450689634647,3.4884727,40.509342,0.1362303088083913
1000.0,-739.5366346471592,3.4881117,40.471901,0.1359372141205857
1000.0,-739.5430807562443,3.4879112,40.44693,0.1356441198260865
1000.0,-739.5353567480419,3.4875102,40.44693,0.1353510256447406
1000.0,-739.5426837936235,3.4870691,40.396988,0.1350579315075648
1000.0,-739.5439429677645,3.4866281,40.396988,0.1347648368713555
1000.0,-739.5358135825669,3.4863071,40.471901,0.134471742508956
1000.0,-739.5428064500176,3.4860263,40.44693,0.1341786483231693
1000.0,-739.5444815333393,3.4855051,40.484367,0.1338855534735168
1000.0,-739.5365498450383,3.4853446,40.509342,0.1335924588193202
1000.0,-739.543249763832,3.4847832,40.521809,0.1332993644578402
1000.0,-739.5358897167431,3.4842618,40.434425,0.133006270065267
1000.0,-739.5422937399711,3.4841416,40.434425,0.1327131760826765
1000.0,-739.5419219493898,3.4839411,40.44693,0.1324200822474334
1000.0,-739.534323939467,3.4832993,40.434425,0.1321269884754123
1000.0,-739.5436887070006,3.4830987,40.471901,0.1318338939399712
1000.0,-739.5358369818017,3.4826977,40.484367,0.1315407995682981
1000.0,-739.5430627023127,3.4824572,40.471901,0.1312477052809539
1000.0,-739.5442493423117,3.4821362,40.496876,0.1309546105233229
1000.0,-739.5357987862026,3.4815748,40.471901,0.1306615161667875
1000.0,-739.5432817224669,3.4816148,40.471901,0.1303684217926417
1000.0,-739.5357212723748,3.4812138,40.434425,0.1300753274668267
1000.0,-739.5437568831842,3.4807327,40.44693,0.1297822329043662
1000.0,-739.5426773851981,3.4802914,40.471901,0.1294891387697302
1000.0,-739.5350383288741,3.4800508,40.509342,0.1291960447145808
1000.0,-739.5430670230272,3.4797702,40.471901,0.1289029504255243
1000.0,-739.5351768911595,3.4792488,40.421959,0.1286098563154596
1000.0,-739.5418758544022,3.4788077,40.421959,0.1283167624984847
1000.0,-739.5417128533319,3.4785669,40.434425,0.1280236687461102
1000.0,-739.53484810762,3.4782462,40.434425,0.1277305747663497
1000.0,-739.5421333639897,3.4777248,40.421959,0.1274374808473191
1000.0,-739.5358557444085,3.4778852,40.384521,0.1271443864682099
1000.0,-739.5413892921065,3.4771233,40.496876,0.1268512928440685
1000.0,-739.5424885044521,3.4767623,40.496876,0.1265581987842894
1000.0,-739.5340320463622,3.4765618,40.459396,0.126265105127952
1000.0,-739.542292019789,3.4760804,40.459396,0.1259720111460432
1000.0,-739.5332137156984,3.4759603,40.44693,0.1256789178140283
1000.0,-739.5406651429037,3.4754388,40.459396,0.1253858244768803
1000.0,-739.5406368223129,3.4751582,40.44693,0.1250927311509563
1000.0,-739.5338591597695,3.4748373,40.434425,0.1247996375631376
1000.0,-739.5405026661145,3.4743159,40.44693,0.1245065442903821
1000.0,-739.5331092362507,3.4739149,40.484367,0.1242134509997747
1000.0,-739.5405879937787,3.4737544,40.44693,0.1239203576932023
1000.0,-739.539825001529,3.4731529,40.459396,0.1236272646890176
1000.0,-739.5327137788275,3.4729524,40.471901,0.1233341715551387
1000.0,-739.539765345629,3.4725513,40.44693,0.1230410785745966
1000.0,-739.5320600957277,3.4723108,40.44693,0.1227479856997867
1000.0,-739.541037080824,3.4718695,40.484367,0.122454892215233
1000.0,-739.5402694740006,3.4715087,40.421959,0.1221617990348958
1000.0,-739.532970198802,3.4714284,40.471901,0.121868705799392
1000.0,-739.5387298655608,3.470907,40.471901,0.1215756132292294
1000.0,-739.53236092444,3.4703858,40.434425,0.1212825202351945
1000.0,-739.5397166763026,3.4699445,40.421959,0.1209894272739409
1000.0,-739.5412347012248,3.4695435,40.521809,0.1206963337110667
1000.0,-739.5336286920606,3.4694633,40.409492,0.1204032402145875
1000.0,-739.5420522105196,3.4690223,40.459396,0.1201101463277195
1000.0,-739.5354063688424,3.468581,40.44693,0.1198170521267078
1000.0,-739.5423495032583,3.4680998,40.484367,0.1195239581220173
1000.0,-739.5417544917258,3.467819,40.459396,0.1192308643531407
1000.0,-739.5339181193092,3.4675784,40.484367,0.1189377707419551
1000.0,-739.5430704904036,3.4670973,40.509342,0.1186446764515244
1000.0,-739.5340741361723,3.466696,40.434425,0.1183515827785058
1000.0,-739.5420517349422,3.4664955,40.434425,0.1180584888918263
1000.0,-739.5412013150393,3.4661345,40.471901,0.1177653953421836
1000.0,-739.5341770411555,3.4658139,40.44693,0.1174723016283816
1000.0,-739.5436038671921,3.4649715,40.484367,0.117179207126564
1000.0,-739.5352400735545,3.4648914,40.396988,0.1168861129914588
1000.0,-739.5432967367142,3.4645305,40.471901,0.1165930186113626
1000.0,-739.5434258506466,3.4642096,40.421959,0.1162999241800962
1000.0,-739.535505441824,3.4639289,40.421959,0.1160068299398196
1000.0,-739.5406186455989,3.4633675,40.409492,0.1157137366210994
1000.0,-739.5332631289987,3.4628863,40.372017,0.1154206432695009
1000.0,-739.5407419138588,3.4626455,40.396988,0.1151275499019272
1000.0,-739.5402258825471,3.462445,40.396988,0.114834456738866
1000.0,-739.5319934083382,3.462044,40.384521,0.1145413638904858
1000.0,-739.5397759540327,3.461683,40.384521,0.1142482709057394
1000.0,-739.5398525158485,3.4611216,40.372017,0.1139551778906502
1000.0,-739.5330119587398,3.4607205,40.44693,0.1136620846385961
1000.0,-739.5408814528399,3.46048,40.396988,0.1133689912157205
1000.0,-739.5330844802834,3.4598784,40.396988,0.1130758979349245
1000.0,-739.5407173397699,3.4594374,40.421959,0.1127828045770899
1000.0,-739.5405068051109,3.4590764,40.459396,0.112489711302694
1000.0,-739.5328421719635,3.4589159,40.396988,0.1121966181179301
1000.0,-739.5420692523145,3.4582341,40.459396,0.1119035242243082
1000.0,-739.5342256244547,3.458194,40.434425,0.1116104304912515
1000.0,-739.5420054214018,3.4576325,40.44693,0.1113173366229269
1000.0,-739.5407613220808,3.4571915,40.459396,0.1110242432476613
1000.0,-739.534021439293,3.4567101,40.396988,0.1107311495955277
1000.0,-739.539803907504,3.4565899,40.509342,0.1104380565997029
1000.0,-739.5307264956841,3.4561889,40.347084,0.1101449642534282
1000.0,-739.5396590340348,3.4554269,40.421959,0.1098518713150193
1000.0,-739.540558489565,3.4548655,40.396988,0.10955877802014
1000.0,-739.5335192436571,3.4548655,40.421959,0.1092656845670376
1000.0,-739.5409091140889,3.4543841,40.421959,0.1089725911331994
1000.0,-739.5333585029914,3.453903,40.496876,0.1086794977438021
1000.0,-739.5425407749877,3.453582,40.384521,0.1083864036633072
1000.0,-739.5399222677402,3.453181,40.421959,0.108093310620574
1000.0,-739.5348576051563,3.4526596,40.459396,0.1078002166370495
1000.0,-739.5436169161017,3.4521382,40.384521,0.1075071221300604
1000.0,-739.5370881363053,3.4520581,40.44693,0.1072140272625271
1000.0,-739.5430928048862,3.4514165,40.509342,0.1069209329632528
1000.0,-739.5433446984044,3.4511356,40.496876,0.1066278385641485
1000.0,-739.536552738173,3.4507747,40.35955,0.1063347439088053
1000.0,-739.5444558738535,3.4501731,40.347084,0.106041649069322
1000.0,-739.5373220705371,3.4498122,40.35955,0.1057485541090755
1000.0,-739.5441895636292,3.4492507,40.459396,0.1054554593751358
1000.0,-739.5452761175135,3.44893,40.409492,0.1051623642105752
1000.0,-739.536972243525,3.448529,40.434425,0.1048692693889728
1000.0,-739.5450522147106,3.4480476,40.471901,0.1045761743131489
1000.0,-739.5361148496081,3.4476867,40.421959,0.1042830798313506
1000.0,-739.5433568203065,3.4472456,40.409492,0.1039899854274422
1000.0,-739.5430237978746,3.4466441,40.434425,0.1036968911555166
1000.0,-739.5346234257713,3.4462831,40.372017,0.1034037972648024
1000.0,-739.5440366335848,3.4459622,40.434425,0.1031107025914717
1000.0,-739.5188177867725,3.4456012,40.384521,0.1028176149648811
1000.0,-739.5199111479066,3.44508,40.459396,0.1025245298529166
1000.0,-739.5182046691122,3.4446788,40.509342,0.1022314454172605
1000.0,-739.511172521746,3.4442377,40.421959,0.1019383608206571
1000.0,-739.5181357967521,3.4436762,40.384521,0.1016452764122964
1000.0,-739.5105895409813,3.4431548,40.434425,0.1013521920467411
1000.0,-739.5190487657188,3.4427941,40.372017,0.1010591072765543
1000.0,-739.5189933089786,3.4421923,40.44693,0.1007660225283459
1000.0,-739.5114994365554,3.4420321,40.409492,0.100472937802179
1000.0,-739.5181332089072,3.4413102,40.434425,0.1001798533948438
1000.0,-739.5096653385308,3.4410696,40.409492,0.0998867693955704
1000.0,-739.5166799419052,3.4404678,40.434425,0.0995936855641913
1000.0,-739.5153177033566,3.4399064,40.421959,0.0993006022726919
1000.0,-739.509674908508,3.4395053,40.434425,0.0990075182696257
1000.0,-739.5160378363454,3.4391446,40.409492,0.0987144346927246
1000.0,-739.507457341009,3.4387434,40.384521,0.0984213515685293
1000.0,-739.5162716873917,3.4381018,40.347084,0.0981282678989488
1000.0,-739.5165088838505,3.4376206,40.409492,0.097835184135363
1000.0,-739.5103504916841,3.4372997,40.459396,0.0975420998645483
1000.0,-739.5182518257586,3.4366179,40.434425,0.0972490154102032
1000.0,-739.5120824169107,3.4360967,40.372017,0.0969559304529883
1000.0,-739.5186193566075,3.4355352,40.384521,0.096662845852984
1000.0,-739.5173772725558,3.4352143,40.409492,0.0963697617452401
1000.0,-739.5078164212227,3.4347329,40.384521,0.0960766784787334
1000.0,-739.5155956955125,3.4340112,40.372017,0.0957835950770607
1000.0,-739.5097011169771,3.4334497,40.396988,0.0954905110636075
1000.0,-739.5169528803355,3.4330084,40.421959,0.0951974271240579
1000.0,-739.5164590783772,3.4324872,40.396988,0.094904343380211
1000.0,-739.5092895715313,3.4321263,40.384521,0.0946112595298623
1000.0,-739.5172437143079,3.4316049,40.409492,0.09431817547505
1000.0,-739.516806700461,3.4310434,40.384521,0.0940250915934341
1000.0,-739.5108390144038,3.4302013,40.409492,0.093732007129007
1000.0,-739.5203409973975,3.4298003,40.384521,0.0934389218466854
1000.0,-739.5102592685149,3.4293189,40.35955,0.0931458376120244
1000.0,-739.5174886869887,3.4286773,40.44693,0.092852753460125
1000.0,-739.5178658124676,3.4282362,40.372017,0.0925596691587639
1000.0,-739.5094608472345,3.4277949,40.334579,0.0922665852405349
1000.0,-739.5176680934314,3.4271934,40.384521,0.0919735010175334
1000.0,-739.5090800396569,3.4267924,40.421959,0.0916804172502269
1000.0,-739.517715896323,3.4260705,40.434425,0.0913873330082802
1000.0,-739.5165685647164,3.425549,40.409492,0.0910942492210419
1000.0,-739.5103503451652,3.4248674,40.434425,0.0908011649502852
1000.0,-739.5180696342006,3.4244263,40.409492,0.0905080805681459
1000.0,-739.5093127403467,3.4237444,40.421959,0.0902149967086149
1000.0,-739.5163119096948,3.4231029,40.384521,0.0899219130230936
1000.0,-739.5169020995603,3.4226615,40.421959,0.0896288291036693
1000.0,-739.509729180261,3.42202,40.372017,0.089335745079094
1000.0,-739.5174142599506,3.4215388,40.409492,0.0890426609566913
1000.0,-739.5105477810436,3.420897,40.409492,0.0887495766076865
1000.0,-739.5187120082448,3.420135,40.396988,0.0884564919709627
1000.0,-739.5195100720737,3.4196539,40.409492,0.0881634070179518
1000.0,-739.509055282871,3.418972,40.484367,0.0878703232604569
1000.0,-739.5168344104137,3.4184909,40.459396,0.0875772393678591
1000.0,-739.5095653144041,3.417809,40.434425,0.0872841554082275
1000.0,-739.516610519889,3.4169266,40.471901,0.0869910716043615
1000.0,-739.5159343205075,3.4163654,40.44693,0.0866979880684856
1000.0,-739.509195052505,3.4159641,40.44693,0.0864049042555969
1000.0,-739.515662346738,3.4154027,40.347084,0.0861118208275091
1000.0,-739.5074674966527,3.4146006,40.471901,0.0858187376992889
1000.0,-739.5157546562216,3.4141195,40.44693,0.0855256542346172
1000.0,-739.5164447713568,3.413558,40.372017,0.0852325704964404
1000.0,-739.508078053669,3.4128761,40.421959,0.084939487126243
1000.0,-739.5151900165655,3.4119136,40.396988,0.0846464038853482
1000.0,-739.5078385652242,3.4113925,40.372017,0.0843533206100654
1000.0,-739.5145547962361,3.410831,40.44693,0.0840602376209199
1000.0,-739.5151426532351,3.4099886,40.459396,0.083767154398796
1000.0,-739.5078418361159,3.4091065,40.44693,0.0834740711222169
1000.0,-739.5162152541217,3.4087052,40.459396,0.0831809874750019
1000.0,-739.5079970602216,3.4079032,40.44693,0.082887904136904
1000.0,-739.5157688899818,3.4072616,40.44693,0.0825948206665912
1000.0,-739.5151237439192,3.4064996,40.384521,0.0823017374519614
1000.0,-739.5095085522388,3.4060183,40.35955,0.0820086535148259
1000.0,-739.5157838923602,3.4051361,40.459396,0.0817155700385673
1000.0,-739.5097551083796,3.4045746,40.434425,0.0814224860037162
1000.0,-739.5164011930001,3.4038527,40.44693,0.0811294022828102
1000.0,-739.5179809500736,3.4032912,40.409492,0.080836317935818
1000.0,-739.5103394196833,3.4026096,40.396988,0.0805432336693914
1000.0,-739.5174938016963,3.4017673,40.384521,0.0802501495154649
1000.0,-739.5093282545719,3.4008448,40.434425,0.0799570656497853
1000.0,-739.5171859382073,3.3999226,40.384521,0.0796639816178706
1000.0,-739.5158517267993,3.3993611,40.396988,0.0793708981147281
1000.0,-739.509959099547,3.3987193,40.35955,0.0790778139990307
1000.0,-739.5176157377667,3.3979976,40.396988,0.0787847297967787
1000.0,-739.5025285674072,3.3968344,40.421959,0.0784916486259652
1000.0,-739.4935430370825,3.3961527,40.372017,0.0781985739641598
1000.0,-739.4924952280192,3.3953507,40.44693,0.07790549971762
1000.0,-739.4871276500836,3.3947892,40.44693,0.0776124246505299
1000.0,-739.4939286460101,3.3939469,40.459396,0.0773193498359006
1000.0,-739.4876543937772,3.3931048,40.44693,0.0770262745600504
1000.0,-739.4948293956674,3.3924632,40.496876,0.0767331993884378
1000.0,-739.4936194167709,3.3914204,40.384521,0.0764401246963617
1000.0,-739.4867069733988,3.3906183,40.421959,0.076147049795995
1000.0,-739.4950404566538,3.3898964,40.484367,0.0758539745407351
1000.0,-739.493805708035,3.388974,40.434425,0.0755608997748284
1000.0,-739.4864902391782,3.3881319,40.384521,0.0752678249603583
1000.0,-739.4936993972593,3.3872898,40.496876,0.0749747502365845
1000.0,-739.4877202008254,3.3865678,40.434425,0.0746816749346534
1000.0,-739.4947495981248,3.3854048,40.44693,0.074388599794666
1000.0,-739.4941893778184,3.3845625,40.44693,0.0740955248767041
1000.0,-739.4855428437653,3.3837204,40.496876,0.0738024504377077
1000.0,-739.4934982603692,3.3829985,40.471901,0.073509375793648
1000.0,-739.4847459597056,3.382036,40.421959,0.0732163016704744
1000.0,-739.4922774045846,3.3813543,40.421959,0.0729232275102619
1000.0,-739.4937766802173,3.3803115,40.384521,0.0726301527558595
1000.0,-739.4852109964252,3.37971,40.421959,0.0723370784483815
1000.0,-739.4917466160501,3.3786674,40.409492,0.0720440044985302
1000.0,-739.4835589407886,3.3777049,40.421959,0.0717509308457983
1000.0,-739.4924902229972,3.3767424,40.421959,0.0714578566012422
1000.0,-739.4940508882181,3.3757396,40.44693,0.0711647817381661
1000.0,-739.4864333419536,3.3747771,40.471901,0.0708717069462456
1000.0,-739.4930694741741,3.3740551,40.372017,0.0705786324721217
1000.0,-739.4866711098242,3.3730526,40.459396,0.0702855575859686
1000.0,-739.4929406160385,3.3722105,40.434425,0.0699924831629135
1000.0,-739.4933325130647,3.3710074,40.372017,0.0696994085845425
1000.0,-739.4868473778116,3.3700449,40.471901,0.0694063336285305
1000.0,-739.4932010670842,3.3690021,40.459396,0.0691132591022539
1000.0,-739.4879375092528,3.3679996,40.421959,0.0688201837141987
1000.0,-739.4962118376591,3.3671572,40.434425,0.0685271079946994
1000.0,-739.4946672855884,3.3663151,40.434425,0.0682340328873339
1000.0,-739.485468124438,3.3650317,40.44693,0.0679409584779504
1000.0,-739.4935861521401,3.3641896,40.459396,0.0676478837990577
1000.0,-739.4862745281345,3.3633475,40.459396,0.0673548090700786
1000.0,-739.4934687209578,3.3620641,40.434425,0.067061734437726
1000.0,-739.4930040438154,3.3611016,40.496876,0.0667686599895334
1000.0,-739.4847233524097,3.3599386,40.421959,0.0664755858753194
1000.0,-739.4925843517074,3.3588958,40.44693,0.0661825115934583
1000.0,-739.4845000502127,3.3578932,40.484367,0.065889437567744
1000.0,-739.4929479768465,3.3569307,40.44693,0.0655963631417717
1000.0,-739.4932087696367,3.3556876,40.434425,0.0653032886124425
1000.0,-739.4850637436853,3.3548052,40.44693,0.065010214363324
1000.0,-739.493812410729,3.3537624,40.396988,0.0647171395947609
1000.0,-739.4883598467582,3.3526397,40.44693,0.0644240640393241
1000.0,-739.4939375452822,3.3515568,40.44693,0.0641309892211679
1000.0,-739.4928856348756,3.3503537,40.44693,0.0638379148199028
1000.0,-739.4864192556739,3.3495114,40.44693,0.0635448400335651
1000.0,-739.4959364456262,3.3482282,40.44693,0.0632517644232085
1000.0,-739.486935390252,3.3469849,40.509342,0.0629586894323152
1000.0,-739.4937503372424,3.3461828,40.372017,0.062665614688353
1000.0,-739.4936824659686,3.3448594,40.396988,0.0623725399712893
1000.0,-739.4856804156155,3.3438168,40.421959,0.0620794654777702
1000.0,-739.493434124956,3.3425734,40.434425,0.0617863908591286
1000.0,-739.4864169723526,3.3414505,40.434425,0.0614933160736957
1000.0,-739.4924425907732,3.340127,40.44693,0.061200241848017
1000.0,-739.4924506964613,3.3390443,40.372017,0.0609071676191259
1000.0,-739.4847570190191,3.3377609,40.484367,0.0606140934915692
1000.0,-739.4936518391141,3.3367584,40.434425,0.0603210187866436
1000.0,-739.487049110214,3.3354349,40.421959,0.0600279437506805
1000.0,-739.49449512904,3.3343921,40.434425,0.0597348687115438
1000.0,-739.494378013818,3.333149,40.44693,0.059441793718822
1000.0,-739.4868762109338,3.3319056,40.421959,0.0591487187513827
1000.0,-739.492629725962,3.330863,40.409492,0.058855644451539
1000.0,-739.4845991825384,3.3296599,40.421959,0.0585625703865364
1000.0,-739.4932792537211,3.3282561,40.434425,0.058269495829273
1000.0,-739.4929833046317,3.327013,40.471901,0.0579764213892997
1000.0,-739.4860603940108,3.3255291,40.434425,0.0576833467451867
1000.0,-739.4940799405923,3.3244865,40.459396,0.0573902718705967
1000.0,-739.4858392900068,3.3230827,40.471901,0.0570971973141121
1000.0,-739.493414959434,3.3217192,40.546776,0.0568041227030661
1000.0,-739.492728457377,3.3206766,40.409492,0.0565110483640933
1000.0,-739.4854058563536,3.3195136,40.409492,0.0562179739793881
1000.0,-739.4918622042678,3.3181098,40.459396,0.0559248999837271
1000.0,-739.4927450469232,3.3166661,40.434425,0.0556318256381795
1000.0,-739.4851114847054,3.3152623,40.496876,0.0553387513701403
1000.0,-739.4929627230188,3.3142998,40.396988,0.0550456769383238
1000.0,-739.4873396735982,3.3129363,40.471901,0.054752601787204
1000.0,-739.4930091834889,3.3114524,40.409492,0.0544595273369744
1000.0,-739.4924050901478,3.3100488,40.459396,0.0541664531261579
1000.0,-739.4870429953002,3.3089259,40.459396,0.0538733780926184
1000.0,-739.4946117072935,3.3076024,40.459396,0.0535803030072796
1000.0,-739.4866634183995,3.3061187,40.434425,0.0532872281241747
1000.0,-739.4950375516211,3.3048754,40.496876,0.0529941528700661
1000.0,-739.4935642158274,3.3034718,40.459396,0.0527010781998672
1000.0,-739.4862764206023,3.3022285,40.484367,0.0524080034701381
1000.0,-739.4946659317072,3.3007448,40.484367,0.0521149283633092
1000.0,-739.4866468167421,3.2992609,40.44693,0.0518218534867839
1000.0,-739.4944171257584,3.2977769,40.471901,0.0515287784785613
1000.0,-739.4942390731968,3.2964935,40.44693,0.0512357035409042
1000.0,-739.487437182347,3.2952504,40.484367,0.0509426283511396
1000.0,-739.4947939344586,3.293606,40.434425,0.0506495531935809
1000.0,-739.487063819813,3.2922826,40.484367,0.0503564781517881
1000.0,-739.4959677322317,3.2907586,40.409492,0.0500634025290322
1000.0,-739.4966490590084,3.289355,40.484367,0.0497703266362541
1000.0,-739.4882396075228,3.2879515,40.44693,0.0494772511284707
1000.0,-739.4960644131797,3.2863874,40.44693,0.0491841754673983
1000.0,-739.4871458384836,3.2849836,40.384521,0.0488911003930997
1000.0,-739.4944945552368,3.2834997,40.409492,0.0485980253541904
1000.0,-739.4943546863802,3.2818556,40.434425,0.0483049503707137
1000.0,-739.4880069428489,3.2803717,40.471901,0.0480118749551404
1000.0,-739.4945208122639,3.2790883,40.44693,0.047718799905825
1000.0,-739.4877612289872,3.2773638,40.471901,0.0474257245876336
1000.0,-739.493595173376,3.2758398,40.484367,0.0471326499051656
1000.0,-739.4932838310508,3.2743962,40.44693,0.0468395753460882
1000.0,-739.4889611133292,3.2729523,40.496876,0.0465464995523561
1000.0,-739.4958347481964,3.2712681,40.459396,0.0462534239823041
1000.0,-739.4884298169081,3.2699447,40.496876,0.0459603483991365
1000.0,-739.4950005147041,3.2682602,40.434425,0.0456672731597064
1000.0,-739.4951835485497,3.2666559,40.471901,0.0453741978477365
1000.0,-739.48767424177,3.2649314,40.44693,0.0450811225640201
1000.0,-739.4959745683493,3.2636483,40.44693,0.0447880469385548
1000.0,-739.4893710237385,3.2618034,40.459396,0.0444949709823662
1000.0,-739.4978073415818,3.2602794,40.459396,0.0442018946305398
1000.0,-739.496248569257,3.2588758,40.484367,0.043908818896483
1000.0,-739.4873987784291,3.257031,40.509342,0.0436157437219388
1000.0,-739.4946749644029,3.2553868,40.421959,0.0433226686115301
1000.0,-739.4867794462392,3.2537024,40.44693,0.0430295936824408
1000.0,-739.4933377742927,3.252018,40.484367,0.0427365191019847
1000.0,-739.4956924867192,3.2506545,40.44693,0.0424434435883135
1000.0,-739.487675767122,3.2488096,40.44693,0.0421503683039925
1000.0,-739.4955497005516,3.2471251,40.484367,0.04185729284691
1000.0,-739.4888108209358,3.245441,40.471901,0.0415642171127422
1000.0,-739.4951983315567,3.2437966,40.459396,0.0412711417949136
1000.0,-739.4957710756731,3.2419116,40.484367,0.0409780662500962
1000.0,-739.4891214762381,3.2403076,40.471901,0.0406849903928088
1000.0,-739.4965537221188,3.2385831,40.484367,0.0403919145378144
1000.0,-739.4894640522008,3.2368586,40.471901,0.0400988385447565
1000.0,-739.4955379089344,3.2352946,40.521809,0.0398057630923473
1000.0,-739.4969446659439,3.2333696,40.496876,0.0395126870824148
1000.0,-739.4894872459818,3.2314847,40.459396,0.0392196110801648
1000.0,-739.4952769696237,3.2298403,40.434425,0.0389265357311705
1000.0,-739.4869255509747,3.2281559,40.421959,0.0386334607441768
1000.0,-739.4937198077954,3.2264314,40.484367,0.0383403860123139
1000.0,-739.4936204047603,3.2245464,40.534309,0.0380473113198462
1000.0,-739.4872129527424,3.2226214,40.471901,0.0377542362189488
1000.0,-739.496216232043,3.2206163,40.496876,0.0374611604977078
1000.0,-739.4859455997131,3.2188919,40.459396,0.0371680858990903
1000.0,-739.4946163697525,3.2171674,40.434425,0.0368750108119038
1000.0,-739.4952354540122,3.2153225,40.496876,0.0365819354793629
1000.0,-739.4880421720538,3.213558,40.471901,0.0362888600498275
1000.0,-739.4942565901598,3.2114725,40.471901,0.0359957851052281
1000.0,-739.4947991461643,3.2094674,40.509342,0.0357027099456039
1000.0,-739.4864359915722,3.2075424,40.484367,0.0354096351526333
1000.0,-739.493801057445,3.2056975,40.496876,0.0351165603885697
1000.0,-739.4868040552782,3.2038126,40.409492,0.0348234854497274
1000.0,-739.4946052616242,3.2016871,40.509342,0.0345304103669431
1000.0,-739.4937685020875,3.1999226,40.521809,0.0342373356157818
1000.0,-739.4865449496693,3.1978772,40.471901,0.0339442607796287
1000.0,-739.4938649865836,3.1957517,40.521809,0.0336511859902289
1000.0,-739.486514383695,3.1939068,40.496876,0.0333581111661898
1000.0,-739.4944794673199,3.1919417,40.521809,0.0330650361332601
1000.0,-739.4946073243693,3.1899366,40.484367,0.0327719610496583
1000.0,-739.4864278000188,3.1879714,40.434425,0.0324788862599342
1000.0,-739.4945027587415,3.1859262,40.459396,0.0321858112177738
1000.0,-739.4856882768875,3.1837204,40.459396,0.031892736721139
1000.0,-739.4931901537708,3.1818757,40.44693,0.0315996621991876
1000.0,-739.4930169593015,3.1797099,40.471901,0.0313065877458763
1000.0,-739.4868369409991,3.1775444,40.496876,0.0310135127940006
1000.0,-739.4951966952759,3.175138,40.471901,0.0307204374768205
1000.0,-739.4866266761207,3.1734538,40.509342,0.0304273626082774
1000.0,-739.49500450718,3.1711276,40.496876,0.0301342873672649
1000.0,-739.4951614166037,3.1690421,40.44693,0.0298412120640664
1000.0,-739.4865134681564,3.166676,40.471901,0.0295481372403901
1000.0,-739.495384721456,3.1644301,40.44693,0.0292550618486919
1000.0,-739.4879951263846,3.1622646,40.496876,0.0289619864378018
1000.0,-739.4959448807805,3.1602192,40.496876,0.0286689108241022
1000.0,-739.4961806975739,3.1579735,40.484367,0.0283758351169442
1000.0,-739.4874484368825,3.1556475,40.44693,0.0280827599227192
1000.0,-739.4963316381334,3.1534417,40.509342,0.0277896841557408
1000.0,-739.4876005603531,3.1510353,40.521809,0.0274966089012259
1000.0,-739.4948655780186,3.1489501,40.484367,0.0272035337152735
1000.0,-739.4951032987584,3.1462629,40.496876,0.0269104584351082
1000.0,-739.4858963693569,3.1441777,40.484367,0.0266173838560018
1000.0,-739.4943687858984,3.1417713,40.509342,0.0263243088669371
1000.0,-739.4872942015749,3.1390443,40.484367,0.026031233733839
1000.0,-739.4951729033112,3.1369588,40.496876,0.0257381584260881
1000.0,-739.4954032767492,3.134352,40.509342,0.025445083027036
1000.0,-739.4877725203571,3.1319458,40.534309,0.0251520077043696
1000.0,-739.4950528957439,3.1296999,40.44693,0.0248589324441798
1000.0,-739.4872297250658,3.1270931,40.471901,0.0245658573366352
1000.0,-739.4957428651772,3.1245265,40.44693,0.0242727818029981
1000.0,-739.4949410789939,3.12204,40.546776,0.0239797065871233
1000.0,-739.4880081993099,3.119313,40.459396,0.0236866311710521
1000.0,-739.4931395436631,3.1168265,40.496876,0.0233935566691584
1000.0,-739.4872508307475,3.1145005,40.546776,0.0231004815532491
1000.0,-739.4936412912831,3.1115727,40.546776,0.0228074068525037
1000.0,-739.4948518570797,3.1089661,40.484367,0.0225143316719892
1000.0,-739.4880195041858,3.1065197,40.534309,0.0222212562514377
1000.0,-739.4942787458438,3.1035118,40.459396,0.0219281812980575
1000.0,-739.4877778908075,3.1009853,40.421959,0.0216351059732626
1000.0,-739.4972546167347,3.0983384,40.571751,0.0213420298404911
1000.0,-739.4959462731335,3.0952904,40.459396,0.0210489542262397
1000.0,-739.4876589583736,3.0925634,40.509342,0.0207558789485804
1000.0,-739.4963398653761,3.0898764,40.496876,0.0204628031783413
1000.0,-739.488452070185,3.0869086,40.509342,0.0201697275863543
1000.0,-739.497413028197,3.0840211,40.534309,0.0198766513908014
1000.0,-739.495141140719,3.081254,40.521809,0.0195835760956386
1000.0,-739.4877102158476,3.0782461,40.484367,0.0192905007976648
1000.0,-739.4956461117876,3.0752382,40.471901,0.0189974253023728
1000.0,-739.4881480679875,3.0719497,40.521809,0.0187043498308686
1000.0,-739.4960424400324,3.0689821,40.534309,0.0184112741785045
1000.0,-739.4947067638299,3.0659342,40.584217,0.0181181990554931
1000.0,-739.488882731029,3.0632071,40.534309,0.0178251232928257
1000.0,-739.4959242635607,3.0600388,40.434425,0.0175320476872972
1000.0,-739.4881850300446,3.0565097,40.471901,0.017238972201144
1000.0,-739.4944174924686,3.0533814,40.534309,0.0169458971927761
1000.0,-739.493658234852,3.0501733,40.484367,0.0166528224853157
1000.0,-739.4881398887121,3.0469248,40.44693,0.0163597470170531
1000.0,-739.4966716673504,3.0434356,40.496876,0.0160666711153149
1000.0,-739.4949230238344,3.0403075,40.584217,0.0157735959065957
1000.0,-739.4894431180035,3.0368586,40.509342,0.0154805199218346
1000.0,-739.4956650571197,3.03353,40.521809,0.0151874444190342
1000.0,-739.4883120079223,3.0300007,40.521809,0.014894368882557
1000.0,-739.496393174242,3.0263112,40.521809,0.0146012930911906
1000.0,-739.4965122658522,3.0229423,40.596722,0.0143082172526261
1000.0,-739.4891831590652,3.0191727,40.571751,0.0140151413708924
1000.0,-739.4967052119251,3.0155632,40.534309,0.0137220654558599
1000.0,-739.48898328025,3.0118735,40.484367,0.0134289896533426
1000.0,-739.4952729288532,3.0080638,40.559284,0.0131359143059498
1000.0,-739.4958872753474,3.0042539,40.484367,0.0128428387150803
1000.0,-739.48633894489,3.0003235,40.534309,0.0125497639605715
1000.0,-739.4931192796474,2.996233,40.484367,0.0122566894667088
1000.0,-739.48692376901,2.9922225,40.559284,0.0119636144804212
1000.0,-739.4925567768153,2.9880517,40.546776,0.0116705402094885
1000.0,-739.4939833955235,2.9840412,40.546776,0.0113774653731611
1000.0,-739.488119796794,2.9797902,40.534309,0.0110843899128613
1000.0,-739.49434660443,2.9755392,40.534309,0.0107913149325876
1000.0,-739.4875609613647,2.9713283,40.484367,0.0104982396937667
1000.0,-739.4935674875704,2.9669168,40.534309,0.010205165022271
1000.0,-739.4937514111797,2.9625053,40.546776,0.0099120902778832
1000.0,-739.4862630427702,2.9580536,40.534309,0.009619015553456
1000.0,-739.4937969802492,2.953161,40.546776,0.0093259407910083
1000.0,-739.4867691072423,2.9482682,40.584217,0.0090328658660166
1000.0,-739.4941075289904,2.9433756,40.534309,0.0087397909804928
1000.0,-739.4946154304668,2.9385228,40.521809,0.0084467158936785
1000.0,-739.4890898113717,2.9337504,40.521809,0.0081536400489405
1000.0,-739.4961264244565,2.9286172,40.521809,0.007860564363292
1000.0,-739.4888312676916,2.9229624,40.521809,0.0075674886210206
1000.0,-739.4963033052643,2.9180295,40.534309,0.007274412865271
1000.0,-739.4950289212426,2.9122546,40.509342,0.0069813376145828
1000.0,-739.4885914493747,2.9068005,40.571751,0.0066882619673567
1000.0,-739.495150173824,2.9009852,40.546776,0.0063951866686139
1000.0,-739.487266297088,2.8950899,40.534309,0.0061021115465749
1000.0,-739.4954272144158,2.8886733,40.546776,0.0058090361380359
1000.0,-739.4966503531355,2.882457,40.559284,0.0055159602447449
1000.0,-739.4890072311817,2.8759201,40.571751,0.0052228844327353
1000.0,-739.4962396208721,2.8693831,40.559284,0.004929808702225
1000.0,-739.4872281743391,2.8624051,40.521809,0.0046367335952949
1000.0,-739.4950716704084,2.8553066,40.559284,0.0043436583276644
1000.0,-739.4949278340416,2.8478069,40.596722,0.0040505831170389
1000.0,-739.4848081655808,2.8404279,40.584217,0.0037575089692116
1000.0,-739.4924899189059,2.8324471,40.534309,0.003464434724776
1000.0,-739.4868152733886,2.8242657,40.521809,0.0031713597814876
1000.0,-739.4937017411763,2.8156836,40.559284,0.0028782850567849
1000.0,-739.4935897283837,2.8066599,40.559284,0.0025852103764748
1000.0,-739.4864040574058,2.7971554,40.509342,0.0022921355961604
1000.0,-739.4925438494604,2.7873297,40.559284,0.0019990613303511
1000.0,-739.4854204431713,2.7769027,40.496876,0.0017059869398648
1000.0,-739.4926129051755,2.7658339,40.496876,0.0014129126466874
1000.0,-739.4924455080843,2.7538829,40.496876,0.0011198384198526
1000.0,-739.4863434255858,2.7413301,40.621693,0.0008267636635679
1000.0,-739.4933105640646,2.7278953,40.546776,0.0005336890938957
1000.0,-739.4866480134497,2.7128963,40.584217,0.0002406142168962
1000.0,-739.4916650421333,2.6999426,40.521809,0.0
