Cycle,Current,Voltage,Temperature,SOC
0.0,742.9996106253485,2.7192132,41.295536,0.0
0.0,742.9996106253485,2.8561351,41.000046,0.0002850182197517
0.0,742.98365874842,2.8771081,40.962608,0.0005700331870349
0.0,742.9947597689594,2.8929081,40.987579,0.0008550495459749
0.0,742.989006025885,2.9063823,41.049992,0.0011400665645201
0.0,742.9921186579468,2.9184127,40.925171,0.0014250847770979
0.0,742.9967213030361,2.9294808,40.962608,0.0017101018884917
0.0,742.9889426594772,2.9395864,41.000046,0.0019951188827291
0.0,742.9921759414688,2.9491305,41.025017,0.0022801342505003
0.0,742.9895284477798,2.9579527,40.962608,0.0025651514694511
0.0,742.9916863636208,2.9666147,41.01255,0.002850166649418
0.0,742.9899095617334,2.9746752,40.987579,0.0031351840145674
0.0,742.9971664958802,2.9820538,40.975075,0.0034202012967393
0.0,742.9824049090149,2.989192,40.925171,0.0037052157830389
0.0,742.9943978651439,2.9964101,40.912663,0.0039902320031508
0.0,742.9864849682334,3.0032675,40.975075,0.0042752480545965
0.0,742.9928823661974,3.0096035,40.925171,0.0045602636933557
0.0,742.9834884855394,3.0158193,40.912663,0.0048452785953246
0.0,742.9960200541121,3.0220752,40.862762,0.005130295437716
0.0,742.984315239519,3.02789,40.912663,0.0054153106568349
0.0,742.98099262308,3.0338249,40.900196,0.0057003246013694
0.0,743.001933257578,3.0391183,40.900196,0.005985343712094
0.0,742.9919527041222,3.0444117,40.962608,0.0062703618610105
0.0,742.99661234248,3.049665,40.937637,0.0065553789306066
0.0,742.9852633430422,3.0548382,40.937637,0.0068403945134262
0.0,742.9865682694464,3.0597305,40.887695,0.0071254077300676
0.0,742.983035936365,3.0648634,40.937637,0.0074104224584348
0.0,742.9921130993313,3.0693147,40.837788,0.0076954378020995
0.0,742.978237020615,3.0742071,40.925171,0.007980450689561
0.0,742.9892742777769,3.0788589,40.900196,0.0082654649442402
0.0,742.9767462194228,3.08323,40.875229,0.0085504772598174
0.0,742.9795023741908,3.0877213,40.887695,0.0088354877659474
0.0,742.9744812274746,3.0919321,40.900196,0.0091204992126542
0.0,742.9701711766457,3.096343,40.937637,0.0094055090059881
0.0,742.9758305403082,3.1001928,40.812817,0.0096905181035849
0.0,742.9656522278646,3.1044436,40.887695,0.0099755261634109
0.0,742.9769245892105,3.1084137,40.80035,0.0102605356806902
0.0,742.9768746123827,3.1125441,40.862762,0.0105455480455202
0.0,742.986263751197,3.1163538,40.887695,0.0108305611453469
0.0,742.9855111934473,3.120003,40.950142,0.0111155768232441
0.0,742.9923863674164,3.1238928,40.825283,0.0114005922717358
0.0,742.98033629067,3.1275423,40.875229,0.0116856059644955
0.0,742.9852262821938,3.1313117,40.825283,0.0119706186663441
0.0,742.9773515755004,3.1348004,40.837788,0.0122556312141412
0.0,742.9885862735566,3.138129,40.80035,0.0125406452048986
0.0,742.9803558584531,3.1418984,40.862762,0.0128256589051646
0.0,742.9775682004777,3.1451869,40.837788,0.013110671536061
0.0,742.9880384434383,3.1485953,40.80035,0.0133956853166681
0.0,742.9844036790445,3.1520441,40.812817,0.0136807005697132
0.0,742.9925515172308,3.1551321,40.80035,0.0139657160815572
0.0,742.9888918906674,3.1585004,40.80035,0.0142507330563191
0.0,742.988567511279,3.1615081,40.787846,0.0145357470398793
0.0,742.9794836578761,3.1648366,40.812817,0.0148207604055616
0.0,742.9892482156446,3.1678843,40.775379,0.0151057746502432
0.0,742.9790003837657,3.1709321,40.762875,0.0153907878305375
0.0,742.9807130008799,3.1738994,40.737942,0.0156757988010697
0.0,742.9733858712418,3.1769071,40.875229,0.0159608098275883
0.0,742.9818839666693,3.1797943,40.775379,0.0162458212473086
0.0,742.9783761557323,3.1831229,40.775379,0.0165308341881435
0.0,742.9803247672949,3.1858096,40.737942,0.0168158478764828
0.0,742.9920739511477,3.1889377,40.775379,0.0171008632051301
0.0,742.979407095769,3.1914639,40.688,0.0173858765414425
0.0,742.9858559975272,3.1945117,40.700466,0.017670889484853
0.0,742.9781853606806,3.1970382,40.762875,0.0179559023524973
0.0,742.9879435943085,3.199805,40.675533,0.0182409160967199
0.0,742.9782484341138,3.2027326,40.775379,0.0185259289885597
0.0,742.9882108809282,3.2052588,40.712971,0.0188109428353147
0.0,742.9761288882885,3.2080259,40.725437,0.0190959549140784
0.0,742.9798410478895,3.2107127,40.663025,0.0193809655501253
0.0,742.9799803474972,3.2133994,40.675533,0.0196659791063421
0.0,742.9913988498505,3.2157655,40.80035,0.0199509941760173
0.0,742.9786752388219,3.218292,40.675533,0.0202360072315831
0.0,742.9717498436252,3.2209787,40.700466,0.0205210176305073
0.0,742.9855884057739,3.2236254,40.613125,0.0208060304712683
0.0,742.969694396616,3.2256706,40.663025,0.0210910400817052
0.0,742.9765368307363,3.2285178,40.737942,0.0213760494502385
0.0,742.9684522637373,3.2311645,40.750408,0.0216610585841825
0.0,742.9821071002339,3.23333,40.688,0.021946070089498
0.0,742.9656137514834,3.2357361,40.625591,0.0222310781345641
0.0,742.9762190067576,3.2382624,40.712971,0.0225160873811786
0.0,742.9753781471492,3.2405884,40.613125,0.0228010991719515
0.0,742.9816867610558,3.2426736,40.625591,0.0230861105160227
0.0,742.9724253532092,3.2454004,40.688,0.0233711211740783
0.0,742.9764219619663,3.247566,40.675533,0.0236561304985474
0.0,742.9669572389064,3.2496512,40.663025,0.0239411390589869
0.0,742.9752571760099,3.2521377,40.625591,0.0242261508033542
0.0,742.9859063518317,3.2542629,40.58815,0.0245111637660808
0.0,742.9714888096605,3.2563081,40.638058,0.0247961740648701
0.0,742.9849199573223,3.2586341,40.663025,0.0250811866492111
0.0,742.9784083698911,3.2609599,40.613125,0.0253661996024036
0.0,742.9804585317374,3.2631655,40.58815,0.0256512104753203
0.0,742.97691218543,3.2652507,40.575645,0.0259362228545635
0.0,742.9801145723694,3.2674963,40.625591,0.0262212335955357
0.0,742.9636219271998,3.2694213,40.638058,0.0265062408765208
0.0,742.9774726634773,3.271667,40.613125,0.026791250604044
0.0,742.9609101111686,3.2737522,40.613125,0.027076256844753
0.0,742.9754231772624,3.2759979,40.650558,0.0273612657860834
0.0,742.9631443537509,3.2778425,40.513237,0.0276462728838672
0.0,742.974162332456,3.2798879,40.613125,0.027931284208243
0.0,742.9875932994171,3.2817326,40.58815,0.0282162978180908
0.0,742.9734306341844,3.2840583,40.575645,0.0285013088617809
0.0,742.9813110754443,3.2860234,40.500771,0.0287863200617373
0.0,742.9761284732368,3.2881086,40.575645,0.0290713321403418
0.0,742.9904256146015,3.2899933,40.650558,0.0293563468366793
0.0,742.9788468932476,3.2918782,40.550713,0.0296413599580932
0.0,742.9846784520947,3.293803,40.525742,0.0299263724497916
0.0,742.9773252328354,3.2958081,40.475796,0.0302113849874834
0.0,742.9859254559113,3.2977331,40.650558,0.0304963979575384
0.0,742.9848050321785,3.2994974,40.575645,0.0307814133645461
0.0,742.9816415581594,3.3014624,40.550713,0.0310664246912773
0.0,742.9754673190663,3.3034275,40.513237,0.0313514365162573
0.0,742.9741562290018,3.3053522,40.525742,0.0316364478382918
0.0,742.9730994097737,3.3072371,40.563179,0.0319214558882139
0.0,742.9656525574586,3.3089614,40.538208,0.0322064639481663
0.0,742.9777974699214,3.3110065,40.500771,0.0324914738002869
0.0,742.9706998729221,3.3125305,40.513237,0.0327764837964332
0.0,742.9846967261138,3.3143752,40.563179,0.0330614962951416
0.0,742.9774028325589,3.3160994,40.463329,0.0333465088626013
0.0,742.98267291142,3.3180645,40.513237,0.0336315205849647
0.0,742.9796046290154,3.3197486,40.488304,0.0339165339970526
0.0,742.9877717427722,3.3214731,40.575645,0.0342015476753521
0.0,742.9801903563063,3.3233979,40.513237,0.0344865613121301
0.0,742.9812727451292,3.3252025,40.488304,0.0347715724973829
0.0,742.9693123671415,3.3268466,40.488304,0.03505658196127
0.0,742.9688480138273,3.3285711,40.463329,0.0353415912470272
0.0,742.9824118748298,3.3302953,40.538208,0.0356266028692556
0.0,742.9725198840531,3.3322203,40.513237,0.0359116135635741
0.0,742.9808139413622,3.3335838,40.500771,0.0361966245728275
0.0,742.9799928596384,3.3354685,40.513237,0.0364816381338441
0.0,742.9765179585685,3.3372331,40.463329,0.0367666474951379
0.0,742.9773007456822,3.3385162,40.463329,0.0370516600234363
0.0,742.9892933818853,3.3404412,40.425896,0.0373366742854438
0.0,742.9771157367721,3.341965,40.463329,0.0376216867427712
0.0,742.9832839254066,3.3434889,40.475796,0.0379066986995224
0.0,742.9734624700363,3.3450527,40.450829,0.0381917097554249
0.0,742.9851687623247,3.3470178,40.425896,0.0384767224352086
0.0,742.9694009043435,3.3485014,40.475796,0.0387617319330594
0.0,742.9690065946306,3.3499451,40.450829,0.0390467412796496
0.0,742.9839332331804,3.3515091,40.438362,0.0393317534854783
0.0,742.979236015032,3.3530331,40.438362,0.0396167667561628
0.0,742.988675568488,3.3548377,40.388416,0.0399017807811742
0.0,742.9844162766402,3.3562009,40.363483,0.0401867960390518
0.0,742.9845248745776,3.3579655,40.438362,0.0404718084718371
0.0,742.9807059422825,3.3595695,40.438362,0.0407568223063983
0.0,742.9898846814613,3.3609331,40.438362,0.0410418367952313
0.0,742.9719790539904,3.3626173,40.475796,0.0413268472820826
0.0,742.9941562989217,3.3640208,40.488304,0.0416118634095285
0.0,742.9798273574917,3.3655446,40.37595,0.041896876907057
0.0,742.9838697318619,3.3669481,40.400921,0.0421818890885264
0.0,742.9792865396686,3.368432,40.400921,0.0424669023785925
0.0,742.9750348137543,3.3699157,40.388416,0.0427519140376597
0.0,742.987809304047,3.3713994,40.450829,0.0430369277303679
0.0,742.9874651638535,3.3730435,40.363483,0.0433219441578251
0.0,742.9986685548295,3.374728,40.388416,0.0436069620161941
0.0,742.9876435932381,3.3757305,40.363483,0.0438919785120983
0.0,742.9936212129759,3.3772943,40.463329,0.0441769944342827
0.0,742.9795729275194,3.3787382,40.413387,0.0444620078342097
0.0,742.9910492507647,3.3801818,40.400921,0.044747022769777
0.0,742.9867532043122,3.3815451,40.363483,0.0450320389241204
0.0,742.9968157981392,3.3831091,40.388416,0.045317056071763
0.0,742.9949958540794,3.3843923,40.463329,0.0456020753880581
0.0,742.9988529064378,3.3859162,40.400921,0.0458870933171453
0.0,742.9887191985998,3.3871593,40.350979,0.0461721102256611
0.0,742.9937294293017,3.3884828,40.388416,0.0464571290561447
0.0,743.0082992100695,3.390167,40.438362,0.0467421506088793
0.0,742.9901327540524,3.39133,40.363483,0.0470271680596472
0.0,743.0005906721703,3.3926933,40.338512,0.0473121866553496
0.0,742.9875098414055,3.3938963,40.363483,0.0475972030999455
0.0,742.9906673517855,3.3952198,40.350979,0.0478822178890145
0.0,742.9804325914691,3.3965833,40.363483,0.0481672316187161
0.0,742.9992346833508,3.3981471,40.213692,0.0484522496942546
0.0,742.9840986756046,3.3992701,40.388416,0.0487372648302978
0.0,742.9958170622285,3.4007537,40.350979,0.0490222815948205
0.0,742.9829081049596,3.4020772,40.313541,0.0493072962741504
0.0,742.9855814843289,3.4034808,40.313541,0.0495923091122563
0.0,742.987834852083,3.4046435,40.363483,0.0498773256815291
0.0,742.9829018061553,3.4060874,40.326008,0.0501623403584427
0.0,742.990788873414,3.4074507,40.313541,0.050447355194128
0.0,742.9931303353698,3.4083731,40.338512,0.0507323737947941
0.0,743.0051108993196,3.4099371,40.326008,0.0510173941244773
0.0,742.9946003725094,3.4109797,40.28857,0.0513024132890624
0.0,742.9988853650786,3.4124634,40.301033,0.0515874312306008
0.0,742.9876565448274,3.413466,40.350979,0.0518724477314734
0.0,742.9975995548964,3.4150701,40.28857,0.0521574651797688
0.0,742.9909402698142,3.4162731,40.276104,0.0524424829403068
0.0,742.9925638830287,3.4175563,40.313541,0.0527274984568943
0.0,742.9910363631515,3.4186792,40.326008,0.0530125162542945
0.0,742.9987324467497,3.4197619,40.313541,0.0532975341371727
0.0,742.985874326573,3.4211655,40.326008,0.0535825499543709
0.0,742.9828569943113,3.422529,40.251133,0.0538675646140944
0.0,742.9974982969767,3.4236116,40.238625,0.0541525820235468
0.0,742.9880327393869,3.4247346,40.301033,0.0544375986687309
0.0,742.9967338031489,3.4259777,40.338512,0.0547226157849198
0.0,742.9877004899383,3.4270203,40.28857,0.0550076323026501
0.0,742.9951486260233,3.4284639,40.326008,0.0552926488107575
0.0,742.9990372538144,3.4295466,40.263599,0.0555776696773686
0.0,743.0006932239869,3.4306695,40.425896,0.0558626883124104
0.0,742.9878985480872,3.4317522,40.28857,0.0561477049061176
0.0,742.9952948182784,3.4331558,40.28857,0.056432721470305
0.0,742.9900178131336,3.4344792,40.276104,0.0567177388769805
0.0,742.9950023362328,3.4355218,40.313541,0.0570027553289704
0.0,742.9842830009047,3.436765,40.251133,0.0572877705357223
0.0,742.9902858799359,3.4376471,40.313541,0.057572785178457
0.0,742.9799226207383,3.4388905,40.338512,0.0578577987125293
0.0,742.9826719121418,3.4399731,40.238625,0.0581428133012536
0.0,742.993615194922,3.4410958,40.213692,0.0584278292211294
0.0,742.9850396501739,3.4423392,40.28857,0.0587128447181386
0.0,742.979916707542,3.4433014,40.238625,0.0589978553832088
0.0,742.979235758624,3.4445045,40.263599,0.0592828686537949
0.0,742.9841556708946,3.4457076,40.276104,0.0595678809449518
0.0,742.9809155360335,3.4468305,40.188721,0.0598528948599151
0.0,742.9907062923933,3.4477928,40.276104,0.0601379096639219
0.0,742.9897063400572,3.4489157,40.263599,0.0604229269511137
0.0,742.9957031334158,3.4502792,40.238625,0.0607079436719328
0.0,742.983156565744,3.451442,40.201187,0.0609929584465744
0.0,742.9828575681427,3.4524848,40.201187,0.0612779702397729
0.0,742.9804326158975,3.453367,40.238625,0.0615629839694838
0.0,742.9784906693342,3.4544497,40.238625,0.0618479969542472
0.0,742.9844807215478,3.4558132,40.213692,0.0621330093700951
0.0,742.9752825664747,3.4565351,40.188721,0.0624180211242024
0.0,742.9825007425422,3.4576178,40.201187,0.062703032780521
0.0,742.9691594747917,3.4586604,40.188721,0.0629880421857572
0.0,742.9786115979026,3.4598234,40.176216,0.0632730523501812
0.0,742.9701594090799,3.4607859,40.251133,0.0635580621390009
0.0,742.9782805658255,3.4618685,40.188721,0.0638430721764394
0.0,742.9736535457198,3.4628711,40.263599,0.0641280833056402
0.0,742.9847359597367,3.4639137,40.16375,0.0644130958193988
0.0,742.974952087122,3.4651568,40.176216,0.0646981074467314
0.0,742.9818571599094,3.4661593,40.238625,0.0649831188561685
0.0,742.9743599756043,3.467242,40.201187,0.0652681302563619
0.0,742.9727052713213,3.468365,40.176216,0.0655531410217965
0.0,742.9810497824946,3.4693274,40.201187,0.0658381521215198
0.0,742.9729089324886,3.4703701,40.238625,0.0661231629650805
0.0,742.9787780294633,3.4711721,40.16375,0.0664081731933484
0.0,742.976874404857,3.4722548,40.251133,0.0666931855580987
0.0,742.987860988872,3.4730568,40.188721,0.0669781992706334
0.0,742.9748179568803,3.4739792,40.101341,0.0672632108465125
0.0,742.9913231902557,3.4751823,40.251133,0.0675482258871643
0.0,742.9784068196375,3.475944,40.213692,0.0678332388397622
0.0,742.982113753105,3.4771471,40.213692,0.0681182503476297
0.0,742.9712155321195,3.4782701,40.16375,0.0684032605415874
0.0,742.9810877832282,3.4789116,40.188721,0.0686882716558879
0.0,742.9779435527581,3.4800346,40.16375,0.0689732844307726
0.0,742.9835065884641,3.4810371,40.201187,0.069258299339686
0.0,742.9966767837207,3.4819193,40.176216,0.069543316434002
0.0,742.982780969308,3.483042,40.126312,0.0698283310645616
0.0,742.9900376241803,3.4840045,40.16375,0.0701133456120641
0.0,742.9821066072167,3.484566,40.188721,0.0703983599839326
0.0,742.9922461078495,3.4858091,40.201187,0.07068337537862
0.0,742.9725398180311,3.4866915,40.176216,0.0709683860805853
0.0,742.9760086784498,3.4876938,40.188721,0.0712533952465168
0.0,742.9832581887634,3.4884958,40.201187,0.0715384100601419
0.0,742.9913175628034,3.4894583,40.176216,0.071823425098635
0.0,742.974996007779,3.4903808,40.151283,0.0721084367428159
0.0,742.9836212930453,3.4912229,40.188721,0.072393448828983
0.0,742.9746786996789,3.4921451,40.16375,0.0726784603514417
0.0,742.9722916014279,3.493268,40.151283,0.072963470958189
0.0,742.9793312062523,3.4941905,40.113808,0.0732484813986581
0.0,742.9773646247456,3.4949522,40.126312,0.073533493951461
0.0,742.9893305647344,3.4957142,40.101341,0.0738185082277321
0.0,742.9779117168933,3.4966767,40.176216,0.0741035209904043
0.0,742.9882109541564,3.4973984,40.213692,0.0743885348371874
0.0,742.975391269673,3.4984813,40.07637,0.0746735466329942
0.0,742.9912466151129,3.4993634,40.151283,0.0749585616442715
0.0,742.9832075298222,3.500005,40.176216,0.0752435764384634
0.0,742.9904130657234,3.5012081,40.051395,0.075528591129987
0.0,742.9792991128104,3.5021706,40.16375,0.0758136044248763
0.0,742.989013729506,3.5028522,40.201187,0.0760986185796079
0.0,742.9858055524656,3.5036542,40.126312,0.0763836343704238
0.0,742.9803563955697,3.5045366,40.113808,0.0766686480708959
0.0,742.9832967062539,3.5052984,40.113808,0.0769536600325499
0.0,742.9679628006157,3.5061808,40.113808,0.0772386689787316
0.0,742.9828070674394,3.5070229,40.101341,0.0775236807525578
0.0,742.9798210464733,3.507865,40.101341,0.0778086942476654
0.0,742.9925775427554,3.5087471,40.051395,0.0780937097694929
0.0,742.9959690185325,3.5093086,40.07637,0.0783787294591024
0.0,742.9988542980234,3.5105116,40.113808,0.0786637473887233
0.0,742.9839710272391,3.5110731,40.151283,0.0789487624757994
0.0,742.9954164009399,3.5116346,40.088875,0.0792337790866265
0.0,742.9914944298883,3.5126772,40.101341,0.0795187970597451
0.0,742.9971663737804,3.5133588,40.126312,0.0798038143418702
0.0,742.9739014328345,3.5141609,40.051395,0.0800888255661627
0.0,742.9846580723998,3.5148425,40.101341,0.0803738409167953
0.0,742.9949514813788,3.5156045,40.138779,0.080658857349277
0.0,742.9852503548392,3.5165269,40.151283,0.0809438729271143
0.0,742.9953977973266,3.517369,40.151283,0.0812288895308049
0.0,742.9880570434681,3.5178905,40.176216,0.0815139061853123
0.0,742.9832646992735,3.5186923,40.038929,0.0817989181346882
0.0,742.9762756161387,3.5192137,40.051395,0.082083930269738
0.0,742.9851053342663,3.5199356,40.063904,0.0823689429251904
0.0,742.9862364952971,3.5206172,40.101341,0.0826539588813197
0.0,742.9888854816759,3.5213392,40.151283,0.0829389729868548
0.0,742.9824693496616,3.5217803,40.063904,0.0832239874978744
0.0,742.9846400119022,3.5227025,40.063904,0.0835089999748269
0.0,742.983418136774,3.5234244,40.101341,0.0837940148498095
0.0,742.9895465873456,3.5239055,40.088875,0.0840790320757187
0.0,742.9960900617942,3.5245471,40.026463,0.0843640489449654
0.0,742.9873251621118,3.5251889,40.088875,0.0846490653187167
0.0,742.9974465145013,3.5256701,40.07637,0.0849340827083051
0.0,742.9891577463719,3.5261915,40.138779,0.0852190997850516
0.0,742.9921067394338,3.5268731,40.101341,0.0855041151262767
0.0,742.9819597572504,3.5274346,40.051395,0.0857891294418122
0.0,742.9892479348309,3.5281563,40.126312,0.0860741436863861
0.0,742.9834551727301,3.5285974,40.07637,0.086359158575576
0.0,742.9951868098307,3.5291989,40.026463,0.0866441750983308
0.0,742.9908966665979,3.5298004,40.16375,0.0869291928421422
0.0,743.001233558908,3.5302014,40.101341,0.087214211684459
0.0,742.9918260201553,3.530803,40.07637,0.0874992297847785
0.0,742.9936201036281,3.5310035,40.063904,0.0877842485733239
0.0,742.9943275522771,3.5318859,40.063904,0.0880692647664634
0.0,742.9798271743558,3.5320461,40.038929,0.0883542782639217
0.0,742.9940671016151,3.5324471,40.101341,0.0886392943571511
0.0,742.9831307601763,3.5330889,40.051395,0.0889243091218935
0.0,742.9884267145644,3.533169,40.088875,0.0892093230514433
0.0,742.9751304187803,3.5336101,40.013962,0.0894943347471854
0.0,742.9852834480657,3.5340111,40.088875,0.0897793474709632
0.0,742.9838052443071,3.5345325,40.101341,0.0900643624944435
0.0,742.9972366134509,3.5347731,40.101341,0.0903493798035129
0.0,742.9882552481104,3.5352943,40.038929,0.0906343965340532
0.0,742.9996928523838,3.5358558,40.088875,0.0909194147853477
0.0,742.9899797029697,3.5361767,40.051395,0.0912044321774038
0.0,742.9841758725034,3.5366578,40.088875,0.0914894473430604
0.0,742.9973003711034,3.5370588,40.063904,0.0917744646765875
0.0,742.9878216686034,3.5371792,40.07637,0.092059481240803
0.0,742.9989873065128,3.5374999,40.101341,0.0923444992214466
0.0,742.9894383725095,3.5377808,40.07637,0.0926295164058438
0.0,743.001183009322,3.5382619,40.07637,0.0929145352287695
0.0,742.9892601629929,3.538342,40.001495,0.0931995523448039
0.0,743.0064593685327,3.5389435,39.976521,0.0934845731917665
0.0,742.9993813073979,3.5391843,40.038929,0.0937695941903595
0.0,742.9993054479163,3.5395854,40.063904,0.0940546122930438
0.0,742.9864915233674,3.5401466,40.063904,0.094339628347004
0.0,742.9885287903176,3.5401466,39.988987,0.0946246423157106
0.0,742.9880258302321,3.5405476,40.126312,0.0949096589582443
0.0,742.9889356527001,3.5408285,40.101341,0.0951946759497937
0.0,742.9920866709491,3.5411491,40.063904,0.0954796912833204
0.0,742.9904183362538,3.5413899,40.07637,0.0957647088436401
0.0,743.0012530536916,3.5417507,40.038929,0.0960497276934353
0.0,742.9983241834357,3.5420315,40.051395,0.0963347482865064
0.0,743.0133403018104,3.5425127,40.113808,0.096619771773028
0.0,743.002506488224,3.5427532,40.051395,0.0969047939704675
0.0,743.0155362122241,3.5431142,40.088875,0.0971898182993509
0.0,743.0005966582339,3.5431542,40.051395,0.0974748397641631
0.0,743.0057334978687,3.5436757,40.063904,0.0977598603326781
0.0,743.0016282574651,3.5439162,40.088875,0.0980448821932207
0.0,743.0096358139702,3.5441968,40.051395,0.098329904258683
0.0,743.0082986122686,3.5445979,40.088875,0.0986149286780314
0.0,743.0041796616157,3.5448387,40.038929,0.0988999515173147
0.0,743.0197118086026,3.5448787,40.038929,0.0991849774479769
0.0,743.0061219743995,3.5453999,40.113808,0.0994700010323483
0.0,743.013835958858,3.5456808,40.051395,0.0997550247090063
0.0,743.0074072711874,3.5459614,40.176216,0.1000400487864286
0.0,743.0110228943248,3.5461619,40.101341,0.1003250713839815
0.0,742.9962045886962,3.5465629,40.126312,0.1006100911639578
0.0,742.9970138704306,3.547004,40.151283,0.1008951083875819
0.0,742.9867779967558,3.5471644,40.101341,0.1011801245514358
0.0,742.9970710363538,3.5475655,40.07637,0.101465141796989
0.0,742.9940462979217,3.547766,40.07637,0.1017501607490262
0.0,743.0063579153888,3.5477259,40.026463,0.1020351815570708
0.0,742.9946327942196,3.5484076,39.988987,0.1023202007340931
0.0,743.0007499289416,3.5484476,40.07637,0.1026052222577013
0.0,743.0100299568409,3.5488889,40.088875,0.1028902444743586
0.0,742.9973759333632,3.548969,40.101341,0.1031752647036728
0.0,743.011348897028,3.54933,40.038929,0.103460287426282
0.0,742.999641962915,3.5496106,40.113808,0.1037453085248648
0.0,743.0083240759458,3.5499716,40.113808,0.104030330087138
0.0,743.0030281655042,3.5503325,40.063904,0.1043153524846974
0.0,743.0080320455096,3.5506532,40.026463,0.1046003739349464
0.0,742.9978019324091,3.5508537,40.101341,0.1048853943276776
0.0,743.0050783674442,3.5510142,40.07637,0.1051704146448814
0.0,742.9997187080812,3.5510943,40.07637,0.1054554357729043
0.0,743.0108704032788,3.5517762,40.113808,0.105740458311961
0.0,743.0070763400508,3.5519767,40.138779,0.1060254822624352
0.0,743.0019781581459,3.5522172,40.151283,0.1063105042572028
0.0,743.0144669803857,3.5526183,40.126312,0.1065955281759236
0.0,743.0022194655943,3.5527787,40.088875,0.1068805502632588
0.0,743.0106988447321,3.5532598,40.138779,0.1071655727365047
0.0,742.9989354476207,3.5534203,40.051395,0.1074505935640622
0.0,743.0060263460873,3.5536208,40.038929,0.1077356142449152
0.0,742.99549197005,3.5536609,40.101341,0.1080206337515248
0.0,743.0001639852228,3.5541019,40.088875,0.108305652183548
0.0,743.0009844371756,3.5543025,40.126312,0.1085906737971156
0.0,743.0068033889978,3.5544229,40.051395,0.108875694776046
0.0,742.9920869930874,3.5551045,40.088875,0.1091607129764769
0.0,742.9948947305628,3.5555055,40.101341,0.1094457293871887
0.0,742.9876497211845,3.5555859,40.16375,0.1097307458854437
0.0,742.9858674784252,3.555666,40.088875,0.110015761700015
0.0,742.9968100852253,3.5561874,40.026463,0.110300778845466
0.0,742.9823608906956,3.556428,40.088875,0.1105857933148798
0.0,742.9875291388847,3.5566685,40.16375,0.1108708069001153
0.0,742.985721592803,3.5569491,40.138779,0.1111558226587236
0.0,742.9926030922998,3.5572701,40.101341,0.111440838190352
0.0,742.9876182271377,3.557591,40.138779,0.1117258546765256
0.0,742.9919979009767,3.557591,40.051395,0.1120108699759997
0.0,742.9857916853249,3.5578716,40.038929,0.112295885761496
0.0,742.9959190769741,3.5583127,40.113808,0.112580902565152
0.0,742.9866578311892,3.5586336,40.088875,0.1128659186829094
0.0,742.9982236182914,3.5585532,40.051395,0.1131509363705986
0.0,742.9810043417684,3.5591547,40.038929,0.1134359503196285
0.0,742.9855756738284,3.5595958,40.113808,0.1137209631555054
0.0,742.984881337916,3.5593553,40.07637,0.1140059785917846
0.0,742.9847349519604,3.5598767,40.07637,0.1142909939719088
0.0,742.9940732783654,3.5599968,40.088875,0.1145760100675077
0.0,742.9861735316829,3.5604382,40.101341,0.1148610259994836
0.0,742.9918703489906,3.5607188,40.151283,0.1151460412500281
0.0,742.9919274357256,3.5611198,40.16375,0.1154310593892515
0.0,742.9980003016724,3.5609994,40.088875,0.1157160769912753
0.0,742.9968730304563,3.5615208,40.07637,0.1160010970276716
0.0,742.9966829360678,3.5617213,40.113808,0.1162861141243477
0.0,742.9921189143106,3.5622425,40.038929,0.1165711323370239
0.0,742.9974211726128,3.562443,40.051395,0.116856149716891
0.0,742.988152648443,3.5626035,40.113808,0.1171411664080732
0.0,742.9928442922851,3.5630445,40.088875,0.1174261820322271
0.0,742.9879425908604,3.5633254,40.113808,0.1177111986428294
0.0,742.9862113855921,3.5633655,40.113808,0.1179962145893264
0.0,742.9911193682411,3.5638466,40.138779,0.1182812295517912
0.0,742.9891016675864,3.5638869,40.026463,0.1185662466070254
0.0,742.9896424926807,3.5641675,40.151283,0.1188512610029535
0.0,742.9821503447506,3.5646086,40.113808,0.1191362753916001
0.0,742.9870274516328,3.564729,40.088875,0.1194212887843859
0.0,742.9826345587705,3.5649295,40.063904,0.1197063033587812
0.0,742.9935763153218,3.565491,40.101341,0.1199913192637426
0.0,742.9857853986708,3.5655711,40.088875,0.1202763350468273
0.0,742.9961673572095,3.5656111,40.101341,0.1205613519457248
0.0,742.9800187628299,3.5662928,40.038929,0.1208463655166781
0.0,742.9848056744356,3.5661726,40.151283,0.1211313780571795
0.0,742.9762887264355,3.5666938,40.088875,0.1214163901972585
0.0,742.972469713359,3.5669746,40.16375,0.121701400872331
0.0,742.9783256954361,3.5672953,40.101341,0.1219864109270814
0.0,742.9680389600132,3.5674958,40.113808,0.1222714199024785
0.0,742.980248130144,3.5678568,40.126312,0.1225564306946841
0.0,742.9645390006277,3.5681777,40.113808,0.1228414383274665
0.0,742.9795607485042,3.5680974,40.138779,0.1231264488559892
0.0,742.9666460221102,3.5684984,40.16375,0.1234114572970433
0.0,742.9754038289736,3.5686989,40.201187,0.1236964662309516
0.0,742.9707186472571,3.5689397,40.07637,0.1239814762343
0.0,742.9779182469894,3.5693004,40.113808,0.1242664861327512
0.0,742.9714637732021,3.5696614,40.07637,0.1245514964219363
0.0,742.9809478531595,3.569942,40.126312,0.124836507482559
0.0,742.9670396726543,3.570303,40.07637,0.1251215160746208
0.0,742.9686382003362,3.5703833,40.088875,0.1254065252798918
0.0,742.9766514798281,3.5707843,40.113808,0.125691534692405
0.0,742.966893176656,3.5708244,40.151283,0.1259765432282697
0.0,742.9829336062145,3.5713456,40.151283,0.1262615550506368
0.0,742.9818764324434,3.571506,40.176216,0.1265465693342082
0.0,742.9921320447434,3.5717869,40.138779,0.1268315846851405
0.0,742.9838875071589,3.5721476,40.088875,0.1271165997401776
0.0,742.9887707838357,3.5724685,40.138779,0.127401613801714
0.0,742.983411252022,3.5727091,40.16375,0.1276866286740555
0.0,742.9972425460943,3.5729096,40.151283,0.1279716459854007
0.0,742.9854352050033,3.5733507,40.113808,0.1282566616341481
0.0,742.988376506774,3.5732305,40.16375,0.128541675544438
0.0,742.9772813609967,3.5737517,40.188721,0.1288266880653002
0.0,742.9896170583149,3.5741527,40.151283,0.1291117053182427
0.0,742.9998972112901,3.5741928,40.126312,0.1293967236479302
0.0,742.986128414702,3.5747142,40.126312,0.1296817395625989
0.0,742.9876373426588,3.5749948,40.151283,0.1299667531893418
0.0,742.9846268591126,3.5749948,40.16375,0.1302517685280007
0.0,742.9930991032167,3.5755162,40.176216,0.1305367842499013
0.0,742.9808260467654,3.5756767,40.176216,0.1308217981305357
0.0,742.9910309278885,3.5757568,40.038929,0.1311068130590743
0.0,742.9849322898696,3.5762382,40.07637,0.131391828514899
0.0,742.9936398043876,3.5765588,40.151283,0.1316768444442152
0.0,742.9816150201336,3.5767193,40.088875,0.1319618586275066
0.0,742.9847799296671,3.5768797,40.151283,0.1322468711581322
0.0,742.9719347183072,3.5771604,40.238625,0.132531881627976
0.0,742.9814052187544,3.5776818,40.16375,0.1328168957307857
0.0,742.9864028144856,3.5777619,40.138779,0.1331019088839578
0.0,742.9810564899692,3.5781629,40.151283,0.1333869228529922
0.0,742.9920425423225,3.5784035,40.151283,0.1336719381695909
0.0,742.9788785947692,3.5787244,40.126312,0.1339569513031658
0.0,742.9933157547949,3.5791254,40.151283,0.134241967108175
0.0,742.9823803485511,3.579406,40.126312,0.134526981585053
0.0,742.9864927319624,3.5798874,40.176216,0.1348119947727178
0.0,742.9842894217484,3.5799675,40.138779,0.1350970099819328
0.0,742.9936972754251,3.5802481,40.226158,0.1353820259332951
0.0,742.9847416413879,3.5804889,40.176216,0.1356670413159855
0.0,742.9999924266762,3.5808096,40.16375,0.135952059682198
0.0,742.9896867722102,3.5808496,40.101341,0.1362370769618834
0.0,742.9929015889,3.581331,40.16375,0.1365220954748004
0.0,743.0010178717858,3.5814512,40.126312,0.1368071142343786
0.0,742.9842887626179,3.5819325,40.138779,0.1370921294433408
0.0,742.9960591900655,3.5821331,40.138779,0.1373771463007449
0.0,742.982926635075,3.5823336,40.126312,0.1376621609871831
0.0,742.9933278764413,3.5825341,40.138779,0.1379471767968422
0.0,742.9922262622345,3.5830553,40.113808,0.138232195050698
0.0,742.9797076612876,3.5833762,40.151283,0.1385172056355771
0.0,742.9849576313497,3.5836167,40.07637,0.1388022211011231
0.0,742.9894010850396,3.5838573,40.151283,0.1390872354044461
0.0,742.9832391948163,3.5844188,40.176216,0.139372250210785
0.0,742.9890571258633,3.5844588,40.16375,0.1396572643821636
0.0,742.9858805155393,3.5844989,40.126312,0.139942280201736
0.0,742.9817947065549,3.5851004,40.088875,0.1402272944539566
0.0,742.981890155877,3.5850604,40.138779,0.1405123058760512
0.0,742.9776251701944,3.5855014,40.101341,0.1407973185288016
0.0,742.9836465251203,3.5859425,40.201187,0.1410823306246478
0.0,742.9777390981683,3.5861833,40.213692,0.1413673433211019
0.0,742.9894966666243,3.5863035,40.16375,0.1416523576610905
0.0,742.985351636271,3.5867045,40.151283,0.1419373732777802
0.0,743.0024878259461,3.5871055,40.151283,0.1422223926012399
0.0,742.9976496745952,3.5872259,40.138779,0.1425074129355636
0.0,743.0021378364121,3.587707,40.213692,0.1427924321247657
0.0,742.9881845818933,3.5878274,40.176216,0.1430774488281979
0.0,742.9981981053771,3.5882285,40.101341,0.1433624665061002
0.0,743.0012583619144,3.588469,40.188721,0.1436474882247476
0.0,742.9932704104732,3.5887899,40.213692,0.1439325068791477
0.0,743.0049000582673,3.589191,40.176216,0.1442175271279513
0.0,742.992480972992,3.589231,40.151283,0.1445025454795163
0.0,742.9981847143649,3.589632,40.16375,0.1447875631522818
0.0,742.9822524073525,3.5899127,40.226158,0.1450725775800804
0.0,742.9847164649531,3.5902336,40.188721,0.1453575900863607
0.0,742.9803176384512,3.5902736,40.138779,0.1456426037719652
0.0,742.9890068202561,3.5909152,40.138779,0.1459276179240464
0.0,742.9787701359311,3.5911157,40.238625,0.1462126310160156
0.0,742.9885353332409,3.5915167,40.151283,0.146497644987232
0.0,742.9815341977102,3.5917974,40.07637,0.1467826591395192
0.0,742.989229221532,3.5921183,40.101341,0.1470676733769146
0.0,742.9824180922642,3.5924392,40.16375,0.1473526878682714
0.0,742.9800753789879,3.5926797,40.16375,0.1476377014609431
0.0,742.990495817514,3.5928402,40.276104,0.1479227161842108
0.0,742.9752571030062,3.5934415,40.176216,0.1482077279285501
0.0,742.9873194331608,3.5933614,40.188721,0.1484927414333415
0.0,742.9755814661662,3.5938425,40.213692,0.1487777533021093
0.0,742.9848753892368,3.5939229,40.16375,0.1490627658693537
0.0,742.9837993363819,3.5946045,40.213692,0.1493477808905677
0.0,742.989617187013,3.5946445,40.176216,0.1496327952767885
0.0,742.9788661071522,3.5951259,40.151283,0.149917808405573
0.0,742.9898149181226,3.5953665,40.188721,0.1502028228676444
0.0,742.985072487038,3.595607,40.138779,0.1504878383772501
0.0,742.9822658168168,3.595968,40.226158,0.1507728499434499
0.0,742.977179811211,3.5964894,40.151283,0.1510578624253568
0.0,742.9870836346548,3.5964894,40.16375,0.151342878706456
0.0,742.9941876836252,3.59677,40.188721,0.1516278948459413
0.0,742.9933462887018,3.5974517,40.176216,0.1519129135294489
0.0,742.9896115356948,3.5976121,40.113808,0.1521979279135018
0.0,742.9860715789191,3.5976522,40.213692,0.1524829438063678
0.0,742.9969635650281,3.5980933,40.188721,0.1527679610106944
0.0,742.9916217732704,3.5984542,40.16375,0.153052979032663
0.0,742.99012037615,3.5986147,40.138779,0.1533379936119096
0.0,742.9863200396524,3.5990157,40.226158,0.1536230096000872
0.0,742.993429586098,3.5993767,40.101341,0.1539080254487626
0.0,742.9877772228776,3.5995371,40.176216,0.1541930419959283
0.0,742.9808207527569,3.6000183,40.213692,0.1544780530077947
0.0,742.9870769333072,3.6004593,40.301033,0.1547630692863233
0.0,742.9915585164904,3.6005797,40.151283,0.155048087284026
0.0,742.9743861844377,3.6011412,40.188721,0.155333095827561
0.0,742.9801646607302,3.6012614,40.276104,0.155618109454482
0.0,742.9851114742074,3.6017425,40.113808,0.1559031221122897
0.0,742.9768489900662,3.6018229,40.201187,0.1561881344672907
0.0,742.9840987250078,3.6020634,40.101341,0.1564731467366029
0.0,742.9754420993057,3.6024244,40.201187,0.1567581585519084
0.0,742.9811203640376,3.6027853,40.226158,0.1570431696787071
0.0,742.9774852417634,3.6029055,40.176216,0.1573281822777797
0.0,742.9901709132021,3.6033466,40.201187,0.1576131968764126
0.0,742.9841165467686,3.6035874,40.138779,0.1578982120193112
0.0,742.9900886866134,3.6041086,40.213692,0.1581832265864015
0.0,742.98363361438,3.6043091,40.188721,0.1584682415440431
0.0,742.9889486650534,3.6049507,40.126312,0.1587532585405842
0.0,742.9858993939037,3.6051912,40.101341,0.1590382715006418
0.0,742.972316649947,3.6053917,40.213692,0.1593232821169978
0.0,742.9842582962015,3.6056325,40.201187,0.1596082944475223
0.0,742.9755313079933,3.6060336,40.138779,0.159893306297049
0.0,742.9837422042659,3.6063943,40.201187,0.1601783184295982
0.0,742.9760405097811,3.6067553,40.213692,0.1604633304744591
0.0,742.9829661016132,3.6070361,40.151283,0.1607483423092916
0.0,742.9699110460344,3.6076376,40.213692,0.1610333520028372
0.0,742.9760597892541,3.6076777,40.176216,0.1613183611883751
0.0,742.9704514244286,3.6079984,40.188721,0.1616033710892144
0.0,742.9872695307917,3.6081989,40.213692,0.161888384574863
0.0,742.9752068709599,3.6085598,40.176216,0.1621733962999328
0.0,742.9641694344888,3.6088407,40.16375,0.1624584037909465
0.0,742.9798279984236,3.6092415,40.176216,0.1627434144219875
0.0,742.9799610849213,3.6096025,40.138779,0.163028427970815
0.0,742.9887078195625,3.6100838,40.16375,0.1633134420081981
0.0,742.9718524922387,3.6102843,40.126312,0.1635984524464992
0.0,742.9766003807393,3.610605,40.201187,0.1638834618394106
0.0,742.9696428833157,3.6108859,40.226158,0.1641684714300866
0.0,742.9808138925945,3.6111665,40.226158,0.1644534824393213
0.0,742.9738317432397,3.6116076,40.126312,0.1647384936368803
0.0,742.9845501797081,3.6122091,40.201187,0.1650235060793727
0.0,742.9702097384559,3.6122491,40.16375,0.1653085158874993
0.0,742.9711782203357,3.6126101,40.16375,0.1655935232004439
0.0,742.9670777461885,3.612891,40.238625,0.1658785318071111
0.0,742.9683506411774,3.6134522,40.176216,0.1661635380353827
0.0,742.9683388487331,3.6134121,40.213692,0.1664485471258197
0.0,742.9657931453654,3.6139736,40.176216,0.1667335552397029
0.0,742.9762182621075,3.6141341,40.16375,0.1670185644860317
0.0,742.9668935551803,3.6144547,40.16375,0.1673035730220416
0.0,742.9763588388561,3.6148958,40.201187,0.1675885823222964
0.0,742.9736214171243,3.6153371,40.251133,0.1678735934391724
0.0,742.9821962853197,3.6156578,40.213692,0.1681586049786997
0.0,742.9746714242268,3.6157782,40.201187,0.1684436164983675
0.0,742.9784081421124,3.6164598,40.16375,0.1687286265847448
0.0,742.9688093910135,3.6165402,40.176216,0.169013635855686
0.0,742.970209404027,3.6169009,40.213692,0.169298642796988
0.0,742.9621773170908,3.6174624,40.201187,0.1695836495238081
0.0,742.9716735351271,3.6175425,40.188721,0.1698686570267578
0.0,742.9699168200768,3.6182644,40.151283,0.1701536667225184
0.0,742.9599496787695,3.6183848,40.176216,0.1704386725947971
0.0,742.9632973056472,3.6187456,40.16375,0.170723676884585
0.0,742.9655883365774,3.6191466,40.138779,0.1710086849199018
0.0,742.9826088731329,3.6193471,40.238625,0.1712936966176997
0.0,742.9772373180956,3.6197081,40.226158,0.1715787091216666
0.0,742.9786313490457,3.6199889,40.213692,0.1718637192936672
0.0,742.975550497316,3.6205101,40.16375,0.1721487311505551
0.0,742.9774667920844,3.6209111,40.238625,0.172433740875826
0.0,742.9712225019741,3.6213522,40.201187,0.1727187510724574
0.0,742.9708274250929,3.6213923,40.188721,0.1730037582508353
0.0,742.9669256227178,3.6219137,40.201187,0.1732887667991466
0.0,742.971953736958,3.6219137,40.201187,0.1735737744095831
0.0,742.9653915481654,3.6227558,40.176216,0.1738587823694101
0.0,742.9620940534186,3.6231167,40.213692,0.1741437890642896
0.0,742.967893131614,3.6233172,40.151283,0.1744287951170584
0.0,742.9620506085132,3.6235979,40.213692,0.174713801795272
0.0,742.9666263768844,3.6240792,40.201187,0.1749988073621075
0.0,742.9640416883589,3.6243999,40.201187,0.1752838148041166
0.0,742.9721519313156,3.6248009,40.263599,0.1755688224905814
0.0,742.9660600751561,3.6252019,40.263599,0.1758538307068612
0.0,742.9766068752148,3.6253624,40.138779,0.1761388401022639
0.0,742.9719228772868,3.6259239,40.16375,0.1764238505675653
0.0,742.9761433838439,3.6261644,40.213692,0.1767088597851705
0.0,742.9692424088987,3.6266055,40.16375,0.176993869222221
0.0,742.9783957400105,3.6267259,40.16375,0.1772788793038409
0.0,742.9751937605863,3.6273675,40.213692,0.1775638910238814
0.0,742.9728004369952,3.6276081,40.16375,0.1778489018258224
0.0,742.9891086640528,3.6281295,40.176216,0.1781339160169713
0.0,742.9722277469335,3.62837,40.188721,0.1784189265992234
0.0,742.9836793620078,3.628731,40.151283,0.178703938707666
0.0,742.9741176305012,3.6292121,40.226158,0.1789889500148938
0.0,742.9820113235338,3.6295331,40.226158,0.1792739614834688
0.0,742.9734624086457,3.6297336,40.176216,0.1795589725393478
0.0,742.9781478261784,3.6302948,40.113808,0.1798439825258667
0.0,742.9745770153967,3.6306558,40.151283,0.1801289940093185
0.0,742.9795096861479,3.6307762,40.138779,0.1804140045182534
0.0,742.9753971657805,3.6312172,40.176216,0.180699016316322
0.0,742.9781353256972,3.6315382,40.263599,0.1809840262980456
0.0,742.9770137598485,3.6320994,40.238625,0.1812690387162537
0.0,742.9728513277628,3.6326208,40.251133,0.1815540495377168
0.0,742.9857983554576,3.6326609,40.188721,0.1818390624590155
0.0,742.9816291191518,3.6331823,40.251133,0.1821240766477153
0.0,742.9895475702842,3.6334229,40.126312,0.1824090910072308
0.0,742.9798721083927,3.6338639,40.226158,0.1826941045219262
0.0,742.9860910330085,3.6344655,40.16375,0.1829791175554973
0.0,742.9811956737321,3.6347461,40.276104,0.1832641315779238
0.0,742.987930898974,3.6348665,40.16375,0.1835491453172764
0.0,742.979814906466,3.6352675,40.151283,0.1838341588100286
0.0,742.9918446041197,3.6359091,40.213692,0.1841191740506973
0.0,742.9816419120336,3.6360695,40.16375,0.1844041882443046
0.0,742.9741822649901,3.636631,40.138779,0.1846891967096152
0.0,742.9733096873329,3.6369116,40.176216,0.184974207706909
0.0,742.9674275002992,3.6371922,40.188721,0.1852592164477449
0.0,742.9817887512834,3.6375532,40.151283,0.1855442278309401
0.0,742.9699994858046,3.6379542,40.176216,0.1858292375584119
0.0,742.9747286419845,3.6385157,40.138779,0.1861142462333153
0.0,742.9757718466778,3.6387963,40.226158,0.1863992581751147
0.0,742.9851803468745,3.6392376,40.226158,0.1866842708593423
0.0,742.9745443861863,3.6397188,40.238625,0.1869692823302773
0.0,742.9749072934176,3.6400797,40.201187,0.1872542910737122
0.0,742.9664856223671,3.6400397,40.16375,0.1875392994532356
0.0,742.9720564717459,3.6406412,40.201187,0.1878243071030816
0.0,742.9735452335797,3.6409218,40.138779,0.188109318190733
0.0,742.9894523301882,3.6415634,40.213692,0.1883943325137139
0.0,742.9810878987342,3.6419644,40.201187,0.188679346494797
0.0,742.9785413772345,3.6419644,40.176216,0.1889643594990123
0.0,742.9874533692716,3.6427665,40.201187,0.1892493730551822
0.0,742.9799611094264,3.6430874,40.226158,0.1895343866040192
0.0,742.9942954350483,3.643368,40.213692,0.1898194027848384
0.0,742.9863384726939,3.6436086,40.16375,0.1901044187800871
0.0,742.9813934121535,3.6442101,40.213692,0.1903894300116283
0.0,742.9753784033783,3.644491,40.226158,0.1906744418024995
0.0,742.9866894617811,3.6451325,40.226158,0.1909594550656308
0.0,742.9767150792959,3.6452928,40.126312,0.1912444673692624
0.0,742.9823294767039,3.6457341,40.251133,0.1915294789598826
0.0,742.9740864421284,3.6461751,40.201187,0.1918144902551462
0.0,742.9879633818898,3.6466563,40.126312,0.1920995040069594
0.0,742.979356631922,3.6468568,40.226158,0.1923845173239135
0.0,742.9816724295094,3.6473382,40.138779,0.1926695315292276
0.0,742.9863461124244,3.6474984,40.138779,0.1929545446606485
0.0,742.9761038273379,3.6480999,40.263599,0.1932395567297986
0.0,742.9872814083566,3.6485412,40.16375,0.1935245702200035
0.0,742.9735765076947,3.6487415,40.176216,0.1938095813196519
0.0,742.9796429386674,3.6494234,40.138779,0.1940945918797031
0.0,742.97189577804,3.649744,40.188721,0.194379602334609
0.0,742.9814507980107,3.6498644,40.188721,0.1946646135881637
0.0,742.9743156763975,3.6504259,40.176216,0.1949496249713636
0.0,742.9843092360823,3.6507065,40.201187,0.1952346373214289
0.0,742.9768039586739,3.6514685,40.201187,0.1955196496591555
0.0,742.9778803316151,3.6518695,40.213692,0.1958046595430622
0.0,742.9695539674103,3.6519096,40.151283,0.1960896690996292
0.0,742.967746322087,3.6523507,40.238625,0.1963746779627679
0.0,742.9681169854574,3.6528721,40.213692,0.1966596841014081
0.0,742.9674024272495,3.6532731,40.201187,0.1969446928326258
0.0,742.9767796177424,3.6535938,40.251133,0.1972297022942933
0.0,742.9822720118292,3.6539547,40.213692,0.1975147167296124
0.0,742.9849520008817,3.6546767,40.238625,0.1977997293262454
0.0,742.9805281597376,3.6549573,40.213692,0.1980847430926077
0.0,742.987586792868,3.6552382,40.113808,0.1983697566999596
0.0,742.9795290923616,3.6557593,40.188721,0.198654770083071
0.0,742.987707411585,3.6559598,40.16375,0.1989397837366927
0.0,742.9787832214415,3.6566014,40.088875,0.1992247968336816
0.0,742.9815212695098,3.6570828,40.151283,0.1995098081142696
0.0,742.9741690220114,3.6573634,40.238625,0.1997948194412116
0.0,742.9696749018942,3.6577244,40.138779,0.2000798290441702
0.0,742.9867973846904,3.6581254,40.188721,0.2003648423487012
0.0,742.982436915392,3.658406,40.201187,0.2006498568472788
0.0,742.987943411222,3.6590075,40.188721,0.2009348705914311
0.0,742.9797763079398,3.6592481,40.188721,0.2012198840693766
0.0,742.9842257152643,3.6598899,40.101341,0.2015048963874029
0.0,742.9787065865225,3.6602106,40.213692,0.201789909454994
0.0,742.9840865054425,3.6606517,40.138779,0.2020749217196187
0.0,742.9796040065019,3.6609325,40.188721,0.2023599351314679
0.0,742.9899664810868,3.6612532,40.201187,0.2026449496516796
0.0,742.9790123345665,3.6620152,40.113808,0.2029299628365582
0.0,742.9933532426305,3.6620553,40.188721,0.2032149786559479
0.0,742.982035574907,3.6626568,40.201187,0.2034999930005677
0.0,742.9800948365876,3.6630177,40.226158,0.2037850066007036
0.0,742.9809677142441,3.6632583,40.101341,0.204070017668945
0.0,742.9700757423527,3.6638598,40.188721,0.2043550274256695
0.0,742.9771794493798,3.6641808,40.201187,0.2046400370407144
0.0,742.9714640536038,3.6646218,40.188721,0.2049250473300071
0.0,742.9825138653515,3.665103,40.238625,0.2052100589913596
0.0,742.972800571236,3.6654239,40.188721,0.205495069793352
0.0,742.9858367344891,3.6661456,40.201187,0.205780082729373
0.0,742.9756961635179,3.6663461,40.213692,0.2060650946421398
0.0,742.9722032744344,3.666707,40.201187,0.2063501023483
0.0,742.9682812929407,3.6672685,40.276104,0.2066351114166582
0.0,742.980400779477,3.667469,40.16375,0.2069201222674208
0.0,742.9703753017119,3.6679502,40.151283,0.2072051321390588
0.0,742.9743154935559,3.6683111,40.263599,0.2074901435221885
0.0,742.9791594280273,3.6687922,40.201187,0.2077751538967628
0.0,742.9756396570444,3.6693537,40.188721,0.2080601657878531
0.0,742.9809165542757,3.6695142,40.201187,0.2083451768364694
0.0,742.9827998658743,3.6700757,40.226158,0.2086301914742779
0.0,742.9900758323652,3.6705568,40.188721,0.2089152060364372
0.0,742.9824433486161,3.6710382,40.251133,0.2092002205374826
0.0,742.9903562051705,3.6713588,40.113808,0.2094852352071943
0.0,742.9782423916729,3.6717598,40.176216,0.2097702480967162
0.0,742.9865618605286,3.6724014,40.238625,0.210055261310899
0.0,742.9806614235019,3.6726823,40.226158,0.2103402751283825
0.0,742.9903043738891,3.673003,40.251133,0.2106252897782115
0.0,742.9769253078515,3.673444,40.151283,0.2109103021624886
0.0,742.9792921183738,3.6739254,40.176216,0.2111953154546948
0.0,742.989598473842,3.6743264,40.188721,0.2114803298337371
0.0,742.9781021823798,3.674567,40.251133,0.2117653426694735
0.0,742.993760886506,3.6748879,40.188721,0.2120503586452373
0.0,742.979419729905,3.6754491,40.188721,0.2123353719863963
0.0,742.9978218337991,3.6758502,40.263599,0.2126203895199591
0.0,742.9854787354975,3.6762912,40.251133,0.2129054051854051
0.0,742.9991266749286,3.6766522,40.151283,0.2131904232195111
0.0,742.9878355476385,3.6772938,40.251133,0.2134754397890508
0.0,742.9902097567093,3.6774142,40.201187,0.2137604544025841
0.0,742.9825962532823,3.6781361,40.201187,0.2140454689622851
0.0,742.9886557682958,3.6783366,40.28857,0.214330482979701
0.0,742.972233569935,3.6785772,40.176216,0.2146154935641868
0.0,742.9702031832179,3.6793392,40.126312,0.2149005033697987
0.0,742.9902092315074,3.6795797,40.16375,0.2151855179831306
0.0,742.9773635748894,3.6800208,40.251133,0.2154705305355308
0.0,742.9864670727835,3.6804619,40.263599,0.2157555437133526
0.0,742.9803940174736,3.6808629,40.188721,0.2160405574282568
0.0,742.9914832005245,3.6811838,40.176216,0.2163255725302894
0.0,742.9846775549139,3.6817853,40.213692,0.2166105878883956
0.0,742.9903372473555,3.6819456,40.151283,0.216895602550835
0.0,742.9731117880577,3.6824269,40.188721,0.2171806134722129
0.0,742.9848305650474,3.6828279,40.201187,0.2174656260222625
0.0,742.9821499903222,3.68363,40.251133,0.2177506404107731
0.0,742.9841305610137,3.6837101,40.138779,0.2180356526922978
0.0,742.9736213681653,3.6841512,40.213692,0.2183206638091551
0.0,742.977021184131,3.6847126,40.213692,0.2186056733634886
0.0,742.9856070669358,3.6848731,40.176216,0.2188906890781638
0.0,742.982029617767,3.6855147,40.176216,0.2191757034204984
0.0,742.995231548814,3.6857953,40.151283,0.2194607199604153
0.0,742.9862811973031,3.6862767,40.226158,0.2197457359336927
0.0,742.9813810342499,3.6866376,40.188721,0.2200307471604857
0.0,742.9723359005069,3.6869984,40.176216,0.2203157577842265
0.0,742.9835718664838,3.6874797,40.238625,0.2206007698514333
0.0,742.9705281328116,3.6878808,40.251133,0.2208857797816986
0.0,742.9799802699448,3.6883218,40.226158,0.2211707904711517
0.0,742.9729341521852,3.6888833,40.238625,0.221455801324387
0.0,742.9855684836881,3.6893244,40.263599,0.2217408141575057
0.0,742.9775165893425,3.6895649,40.201187,0.2220258267686035
0.0,742.9878545681939,3.6898456,40.201187,0.2223108404786753
0.0,742.9800441652915,3.690407,40.16375,0.2225958540593731
0.0,742.9806992406279,3.6907279,40.126312,0.2228808678913636
0.0,742.9796625682048,3.6912491,40.201187,0.2231658784589448
0.0,742.9900496611997,3.69153,40.201187,0.2234508958778376
0.0,742.9924883822836,3.6920912,40.138779,0.2237359113654626
0.0,742.9849329610224,3.6922917,40.138779,0.2240209268215449
0.0,742.9882682910286,3.6930938,40.188721,0.2243059406903227
0.0,742.9927228663115,3.6931341,40.226158,0.2245909591346801
0.0,743.0008457519187,3.6939361,40.238625,0.2248759778282323
0.0,742.9866764344363,3.6940963,40.263599,0.2251609939531261
0.0,742.9920422249298,3.6947381,40.151283,0.2254460092696031
0.0,742.9829271112104,3.6951392,40.151283,0.225731023956224
0.0,742.991698400098,3.6953797,40.151283,0.2260160391408081
0.0,742.981157441401,3.6959813,40.188721,0.2263010531485683
0.0,742.9841363948638,3.695941,40.188721,0.2265860682990809
0.0,742.9933986533106,3.6965828,40.226158,0.2268710841358903
0.0,742.9847472444064,3.6970639,40.263599,0.22715609952073
0.0,742.9974722593721,3.6973848,40.151283,0.2274411169201943
0.0,742.9818585856822,3.6977055,40.213692,0.2277261311969196
0.0,742.9926152628033,3.6982269,40.213692,0.2280111467332166
0.0,742.9911762918127,3.6985476,40.151283,0.2282961645842947
0.0,743.0020682922785,3.6989486,40.151283,0.2285811837468192
0.0,742.9895853080645,3.69947,40.188721,0.2288662009875821
0.0,742.991648545921,3.6999912,40.226158,0.2291512161530419
0.0,742.9886232762099,3.7004726,40.226158,0.2294362330247611
0.0,743.0038945231505,3.7007933,40.276104,0.2297212528878366
0.0,742.9964784402267,3.7010341,40.226158,0.2300062727728646
0.0,742.9927871115826,3.7013547,40.138779,0.2302912912418671
0.0,742.9896943361381,3.7019963,40.151283,0.2305763056576827
0.0,742.9850154560842,3.7023172,40.16375,0.2308613211454107
0.0,742.9983951279809,3.7027583,40.16375,0.2311463388988918
0.0,742.9821950589069,3.7030392,40.138779,0.2314313533046911
0.0,742.9899419328844,3.7035203,40.188721,0.231716367815486
0.0,742.9832836402352,3.7041218,40.16375,0.2320013826388745
0.0,742.9892550271801,3.7041218,40.07637,0.232286396886169
0.0,742.9751229604354,3.7048435,40.238625,0.2325714085790501
0.0,742.9930168150321,3.705004,40.16375,0.2328564242693845
0.0,742.9868287166016,3.7054853,40.113808,0.233141440452695
0.0,742.9883118091195,3.7059665,40.176216,0.2334264543381666
0.0,742.9816411063842,3.7064879,40.188721,0.2337114685314649
0.0,742.9852113780701,3.7068486,40.151283,0.2339964840943503
0.0,742.9920242316732,3.7070894,40.201187,0.234281499403925
0.0,742.9757352743487,3.7078111,40.138779,0.234566511331695
0.0,742.9886630198273,3.7081721,40.188721,0.2348515253518927
0.0,742.9883952375227,3.7083325,40.151283,0.2351365421361342
0.0,742.9912149742801,3.7086532,40.201187,0.2354215571352738
0.0,742.9807685518521,3.7092547,40.138779,0.2357065709938526
0.0,742.9922593770513,3.7096958,40.151283,0.2359915863936302
0.0,742.9847031528533,3.7100968,40.238625,0.2362766017615561
0.0,742.9824757544974,3.7102172,40.138779,0.236561613408289
0.0,742.9860782319727,3.7106183,40.16375,0.2368466293037071
0.0,742.9945825582282,3.7112598,40.151283,0.2371316455946682
0.0,742.9830228019787,3.7118213,40.16375,0.2374166603179969
0.0,742.9789616143626,3.7120218,40.101341,0.2377016734834188
0.0,742.9846342746876,3.7123828,40.201187,0.2379866859581705
0.0,742.9775871820955,3.7126634,40.213692,0.2382716985963484
0.0,742.9839778745901,3.7131445,40.188721,0.2385567108193018
0.0,742.9732335160153,3.7133853,40.16375,0.2388417217873756
0.0,742.9780332864207,3.7139869,40.088875,0.2391267317299565
0.0,742.9712791307684,3.7143476,40.138779,0.2394117419483112
0.0,742.9710383632457,3.7149091,40.151283,0.2396967492076059
0.0,742.9747159797905,3.7153101,40.188721,0.2399817607443657
0.0,742.9845131560413,3.7153904,40.201187,0.2402667731726556
0.0,742.9747541265841,3.7160721,40.088875,0.2405517847240489
0.0,742.9856074363183,3.716433,40.16375,0.24083679757211
0.0,742.9776638056572,3.7169542,40.138779,0.2411218102396813
0.0,742.9776064571093,3.7172751,40.151283,0.2414068228852532
0.0,742.978675831644,3.7175958,40.176216,0.2416918330743175
0.0,742.970948590025,3.7181172,40.176216,0.2419768431658739
0.0,742.977797091355,3.7184782,40.201187,0.2422618530178492
0.0,742.9755372774625,3.7187188,40.151283,0.2425468648696659
0.0,742.9842259471185,3.7192402,40.151283,0.2428318771877811
0.0,742.9822332666818,3.7197213,40.16375,0.2431168916082373
0.0,742.9888850423193,3.720042,40.201187,0.2434019057136038
0.0,742.9771350238977,3.7203228,40.188721,0.2436869181783298
0.0,742.9860850389739,3.7207639,40.201187,0.2439719312096017
0.0,742.984480106962,3.7216461,40.088875,0.2442569464919652
0.0,742.989056662206,3.721606,40.151283,0.244541960663166
0.0,742.9805530128043,3.721967,40.176216,0.2448269744390621
0.0,742.9771921401846,3.7224884,40.226158,0.2451119869256985
0.0,742.9833227199159,3.722729,40.176216,0.2453969988973315
0.0,742.9768419343924,3.7232502,40.226158,0.2456820112496258
0.0,742.984575839245,3.7234106,40.151283,0.2459670237019614
0.0,742.9716413967454,3.7238517,40.138779,0.2462520340592844
0.0,742.9833854275738,3.7242527,40.051395,0.2465370460549724
0.0,742.9766827428164,3.7245336,40.113808,0.2468220583461994
0.0,742.9897188483242,3.7248142,40.113808,0.247107072771418
0.0,742.9864793285324,3.7253356,40.188721,0.2473920888207002
0.0,742.9912279628215,3.7258968,40.151283,0.2476771038248224
0.0,742.9767148351659,3.7262578,40.126312,0.2479621161283603
0.0,742.9837366501506,3.7265787,40.126312,0.2482471282587789
0.0,742.9722656616707,3.7270999,40.176216,0.2485321388555754
0.0,742.9717568259243,3.7272203,40.126312,0.2488171492571781
0.0,742.9863652043792,3.7277818,40.101341,0.2491021623959227
0.0,742.9773006238347,3.7282228,40.138779,0.2493871749241744
0.0,742.9804135117103,3.7284634,40.151283,0.2496721857798211
0.0,742.968453997101,3.7288644,40.188721,0.24995719491443
0.0,742.9940157217894,3.7291853,40.138779,0.2502422109879499
0.0,742.987942371082,3.7297065,40.201187,0.2505272275984679
0.0,742.9931567452799,3.729867,40.101341,0.2508122433424802
0.0,742.9853076789587,3.7303884,40.176216,0.2510972589423076
0.0,742.9859063517293,3.730629,40.201187,0.2513822719050341
0.0,742.9807827609129,3.7311502,40.138779,0.2516672857690636
0.0,742.9860844165693,3.7315111,40.176216,0.2519522988000967
0.0,742.9798147967814,3.7318721,40.138779,0.2522373122928069
0.0,742.9784145097576,3.7323132,40.176216,0.2525223252483548
0.0,742.9842129586792,3.7326341,40.16375,0.2528073375614876
0.0,742.9829335932401,3.7331553,40.113808,0.253092352250595
0.0,742.9982166847665,3.7335162,40.138779,0.2533773699356245
0.0,742.9839964297007,3.7338772,40.151283,0.2536623850324452
0.0,742.9885350160529,3.7343183,40.088875,0.25394739900354
0.0,742.9857727399275,3.7344787,40.101341,0.2542324147817687
0.0,742.983825371624,3.7348797,40.088875,0.2545174269462213
0.0,742.9827804197853,3.7351203,40.101341,0.2548024415765701
0.0,742.9971597207366,3.7356014,40.213692,0.255087458856143
0.0,742.9892592964134,3.7359624,40.16375,0.255372475971845
0.0,742.9903359536377,3.736243,40.113808,0.2556574906337882
0.0,742.9799608648872,3.7364838,40.088875,0.2559425041825313
0.0,742.987554665451,3.7371254,40.101341,0.256227520644322
0.0,742.9929849181977,3.737406,40.16375,0.2565125363224206
0.0,742.9843400563636,3.7379274,40.138779,0.2567975515510596
0.0,742.9897515750656,3.7380075,40.151283,0.2570825659888323
0.0,742.9881145506596,3.7384889,40.16375,0.2573675826653999
0.0,742.9937990946653,3.7387295,40.126312,0.2576525986558205
0.0,742.9969110310891,3.739331,40.113808,0.2579376187067942
0.0,743.0060710970675,3.7396917,40.051395,0.2582226394048139
0.0,742.9930282971707,3.7399325,40.176216,0.2585076579663372
0.0,742.9915583845165,3.7402132,40.113808,0.2587926730972107
0.0,742.9811828076932,3.7406542,40.138779,0.2590776871147017
0.0,742.9859889206764,3.7409351,40.126312,0.259362700109102
0.0,742.9732646925193,3.7412958,40.038929,0.2596477110891354
0.0,742.979859205417,3.7414963,40.038929,0.2599327245988811
0.0,742.982838610916,3.7419777,40.063904,0.2602177363848075
0.0,742.9752253400173,3.7424188,40.07637,0.2605027481169623
0.0,742.9907122373405,3.7428598,40.113808,0.2607877629232496
0.0,742.9819599280698,3.7429802,40.101341,0.2610727772388507
0.0,742.9878667139362,3.7433813,40.051395,0.2613577909535816
0.0,742.9821888333877,3.7440228,40.113808,0.2616428053569927
0.0,742.9884277034747,3.744143,40.101341,0.2619278192869219
0.0,742.9747474249808,3.7443435,40.188721,0.2622128308357443
0.0,742.9866124346199,3.7448249,40.088875,0.2624978440693276
0.0,742.979394644884,3.7450254,40.101341,0.2627828574008639
0.0,742.9869942970457,3.7453864,40.113808,0.2630678707809314
0.0,742.9779493753247,3.745667,40.126312,0.2633528835580497
0.0,742.9810495078107,3.7462285,40.101341,0.2636378975244057
0.0,742.991761974293,3.746429,40.101341,0.2639229127333772
0.0,742.9876944840952,3.74683,40.088875,0.2642079292488036
0.0,742.9918964475771,3.7472711,40.07637,0.2644929445093597
0.0,742.9960975339125,3.7475917,40.126312,0.2647779642482688
0.0,742.9958045376768,3.7479126,40.138779,0.265062981007987
0.0,742.9917809155293,3.7481532,40.101341,0.265347999091004
0.0,742.9993817053338,3.7487147,40.151283,0.2656330172229408
0.0,742.9850403460875,3.7490356,40.151283,0.2659180327202169
0.0,742.9952254086683,3.7492361,40.038929,0.2662030492577785
0.0,742.9916275835844,3.7494366,40.051395,0.266488067281976
0.0,742.999228994763,3.7497973,40.088875,0.2667730853553324
0.0,742.9834242036497,3.7500782,40.101341,0.2670581002326422
0.0,742.987676112751,3.7502387,40.113808,0.2673431167410213
0.0,742.9929844908125,3.7506797,40.113808,0.267628132418956
0.0,742.9869375537594,3.7511208,40.088875,0.2679131486440174
0.0,742.9941241821789,3.751241,40.101341,0.2681981647591431
0.0,742.989789323072,3.7517624,40.026463,0.2684831820781679
0.0,742.9934805871654,3.7517223,40.126312,0.2687681979464076
0.0,742.9873126500664,3.7525644,40.088875,0.2690532143153591
0.0,742.9956453326306,3.752845,40.063904,0.2693382310140055
0.0,742.9876758318891,3.7529655,40.088875,0.2696232475222768
0.0,742.9890824066164,3.7533264,40.013962,0.2699082617033533
0.0,742.9799291634935,3.7536874,40.113808,0.2701932752399354
0.0,742.9977710771711,3.7540884,40.038929,0.2704782927540277
0.0,742.975913288592,3.7542086,40.07637,0.2707633047500855
0.0,742.9790876515315,3.7544491,40.051395,0.2710483179638564
0.0,742.9932648876627,3.75473,40.113808,0.2713333337493527
0.0,742.9775612546931,3.755131,40.038929,0.2716183463775845
0.0,742.9775682085982,3.755532,40.07637,0.2719033561417593
0.0,742.9730165004211,3.7558928,40.051395,0.272188367026584
0.0,742.9764157728227,3.7562537,40.038929,0.2724733763486789
0.0,742.9745703385541,3.7562938,40.07637,0.2727583878295694
0.0,742.9782106799474,3.7567751,40.001495,0.2730433978401993
0.0,742.9825258922788,3.7570558,40.013962,0.2733284123729091
0.0,742.9884661192386,3.7571361,40.113808,0.2736134263175748
0.0,742.9915645587586,3.7574167,40.026463,0.2738984443175954
0.0,742.9942704109617,3.7577777,40.001495,0.2741834604888152
0.0,742.9872746742457,3.7581787,40.063904,0.274468476843199
0.0,742.9977394848372,3.7583392,40.07637,0.2747534943451722
0.0,742.985912119015,3.7586598,40.088875,0.275038510176868
0.0,742.988172497152,3.7589407,40.07637,0.2753235268756643
0.0,742.9914314917186,3.7593415,40.101341,0.2756085419578611
0.0,742.9839008368504,3.7596223,40.026463,0.2758935570180116
0.0,742.9922787253145,3.7601435,40.101341,0.2761785724252113
0.0,742.9884963969664,3.7602239,40.026463,0.2764635892482584
0.0,742.9956324298321,3.7605848,40.07637,0.2767486059419553
0.0,742.9891649364911,3.7606649,40.07637,0.2770336230214599
0.0,742.9994893110551,3.7609859,40.126312,0.277318641194675
0.0,742.9906607911951,3.7613065,40.063904,0.2776036588480025
0.0,742.9935705289942,3.7617075,40.051395,0.2778886747507442
0.0,742.981061946878,3.7619481,40.113808,0.2781736887218719
0.0,742.9869187959681,3.762269,40.113808,0.2784587020729769
0.0,742.9726023179417,3.7625496,40.026463,0.2787437127989177
0.0,742.9759513864777,3.76267,40.026463,0.2790287248095902
0.0,742.9867652310361,3.763031,40.051395,0.2793137381017869
0.0,742.9738631026877,3.763432,40.113808,0.2795987493113757
0.0,742.9760978515069,3.763833,40.013962,0.2798837585115144
0.0,742.9697577385947,3.7639933,40.063904,0.2801687681462499
0.0,742.9827303093251,3.7641938,40.026463,0.2804537798906313
0.0,742.97999974448,3.7646751,40.07637,0.280738793454289
0.0,742.9897132326641,3.7647552,40.07637,0.2810238078773533
0.0,742.9799294809852,3.7649157,40.101341,0.2813088214140573
0.0,742.9849771351655,3.7652767,40.063904,0.2815938340203319
0.0,742.9742010651462,3.7659183,40.026463,0.2818788453595659
0.0,742.987721278942,3.7658782,40.051395,0.2821638590185072
0.0,742.980158288385,3.7661989,40.051395,0.2824488726429837
0.0,742.9760659857579,3.7663593,40.051395,0.2827338846976175
0.0,742.9865048534552,3.7667603,40.038929,0.2830188978899322
0.0,742.9814254826174,3.767041,40.026463,0.2833039120005153
0.0,742.9775173658178,3.7671213,40.038929,0.2835889217451866
0.0,742.9736666563235,3.7673619,40.063904,0.2838739328794167
0.0,742.9844684408215,3.7678833,40.001495,0.2841589452905538
0.0,742.9762695616179,3.7680435,40.038929,0.284443957423281
0.0,742.9840734316695,3.7680838,40.038929,0.2847289696828906
0.0,742.9753085063854,3.7685249,40.001495,0.2850139814469486
0.0,742.9907827697193,3.7687654,39.976521,0.2852989962802926
0.0,742.9750984732567,3.7691264,39.988987,0.2855840079637801
0.0,742.974085376949,3.7692869,40.026463,0.2858690163919239
0.0,742.9680201612372,3.7694471,39.976521,0.2861540253601097
0.0,742.9624569303345,3.7700086,40.038929,0.2864390321941919
0.0,742.9662513380422,3.7702491,40.051395,0.2867240376171608
0.0,742.9654230051733,3.7706101,40.001495,0.287009045589055
0.0,742.9675693016485,3.770891,40.038929,0.287294051517601
0.0,742.9605025691322,3.7708507,40.013962,0.2875790576019733
0.0,742.9722407502986,3.7712517,39.988987,0.2878640653225095
0.0,742.971177214174,3.7714121,39.988987,0.2881490755017681
0.0,742.9847607160553,3.7715726,39.988987,0.2884340880250233
0.0,742.9707703192713,3.7719336,40.051395,0.2887190980481935
0.0,742.9802802836448,3.7722542,40.038929,0.2890041088527333
0.0,742.9710242976389,3.7721741,40.001495,0.2892891189733318
0.0,742.9917119865901,3.7725351,40.063904,0.2895741341631278
0.0,742.9772050917611,3.7729361,40.038929,0.2898591466547325
0.0,742.9758684525755,3.7729361,40.013962,0.2901441586335908
0.0,742.9893181743992,3.7733772,39.988987,0.2904291729051089
0.0,742.9803559559107,3.7735376,39.976521,0.2907141866054124
0.0,742.9833597925422,3.7738583,39.988987,0.2909991985912665
0.0,742.9702612276284,3.7741792,39.988987,0.2912842084191448
0.0,742.9779191258559,3.7743397,39.976521,0.2915692183179331
0.0,742.9754733861082,3.7747004,39.988987,0.2918542301452405
0.0,742.9783703241455,3.7747808,39.95155,0.2921392402171107
0.0,742.9742198398266,3.7751014,40.013962,0.2924242515635468
0.0,742.9798404131618,3.7755024,39.964054,0.2927092621993502
0.0,742.9707702461142,3.7756629,39.95155,0.2929942722224923
0.0,742.9818901068662,3.7759035,39.95155,0.293279283644568
0.0,742.9822331813489,3.7760239,40.026463,0.2935642980649914
0.0,742.9751751328342,3.7762644,39.988987,0.2938493097778863
0.0,742.9791027017166,3.7763848,39.95155,0.2941343201307
0.0,742.9750347162455,3.776866,40.001495,0.2944193317897298
0.0,742.9826849472464,3.7769461,39.964054,0.2947043435167101
0.0,742.9718329490503,3.7771869,39.976521,0.2949893539475143
0.0,742.9742454117999,3.7774675,39.939083,0.2952743624370483
0.0,742.9703883267525,3.7775075,40.013962,0.2955593723136828
0.0,742.9789044458142,3.7777081,39.95155,0.2958443825904446
0.0,742.9763204523855,3.7778685,39.939083,0.296129394742694
0.0,742.9844739467959,3.7782695,39.926579,0.2964144071559431
0.0,742.9692675310098,3.7785904,39.976521,0.2966994166026307
0.0,742.9794078423001,3.778791,40.013962,0.2969844270724978
0.0,742.9703875207962,3.7787507,39.964054,0.2972694369488232
0.0,742.9664167262458,3.7791116,40.001495,0.2975544453019174
0.0,742.9781799915994,3.7793522,39.988987,0.2978394553007751
0.0,742.9738250659879,3.7795527,39.976521,0.2981244664957726
0.0,742.9831698623133,3.7798736,39.964054,0.2984094784087687
0.0,742.9728644748684,3.7801943,39.939083,0.2986944892352751
0.0,742.9860975879543,3.7801542,39.976521,0.2989795022713608
0.0,742.972183093861,3.7803948,39.964054,0.2992645128364836
0.0,742.9800061608755,3.7806756,39.95155,0.2995495235358685
0.0,742.9813745186927,3.7808762,39.95155,0.2998345376269015
0.0,742.9795224787491,3.7811968,39.988987,0.3001195481407437
0.0,742.9809669519723,3.7813172,39.939083,0.3004045620754305
0.0,742.9843981649557,3.7814777,39.976521,0.3006895744596094
0.0,742.9828952631955,3.7818387,39.95155,0.3009745891340131
0.0,742.9716680567424,3.7818787,39.976521,0.3012595995015631
0.0,742.9817126036538,3.7820392,40.001495,0.3015446108555478
0.0,742.9734940982728,3.7820792,39.926579,0.3018296219235832
0.0,742.9785670541689,3.7823598,39.95155,0.30211463207092
0.0,742.9874779566586,3.782841,39.95155,0.3023996485032846
0.0,742.987434387514,3.7828813,39.889141,0.302684662052173
0.0,742.9866312690591,3.7830818,39.95155,0.3029696781597409
0.0,742.9806680788163,3.7834425,39.914112,0.3032546891130408
0.0,742.9792354653815,3.7834425,39.939083,0.3035397023835144
0.0,742.9914826638628,3.783643,39.864166,0.303824717485341
0.0,742.9834806122051,3.784004,39.914112,0.3041097323842897
0.0,742.989255210126,3.7842848,39.964054,0.3043947466316544
0.0,742.980654892769,3.7841644,39.939083,0.3046797604466327
0.0,742.9766510903306,3.7846456,39.976521,0.3049647727257176
0.0,742.9857792882639,3.7847259,39.826733,0.305249785639702
0.0,742.9769503688277,3.7850869,39.95155,0.3055347980335927
0.0,742.9849574941685,3.785167,40.013962,0.305819810632333
0.0,742.9697773553496,3.7853274,39.914112,0.3061048202745936
0.0,742.9862637144519,3.7854476,39.939083,0.3063898333744062
0.0,742.9724437977743,3.7856481,39.988987,0.3066748440395372
0.0,742.9837424119218,3.7858486,39.926579,0.3069598561721661
0.0,742.9791714279175,3.7860491,39.889141,0.3072448694180743
0.0,742.9695928721587,3.7860491,39.914112,0.3075298761228717
0.0,742.974499354743,3.78637,39.876675,0.3078148875765322
0.0,742.983564542306,3.786691,39.939083,0.3080998996409295
0.0,742.9742393095509,3.7866507,39.95155,0.3083849109948344
0.0,742.9819212077856,3.7868512,39.914112,0.308669925295582
0.0,742.9850018424735,3.7872922,39.889141,0.3089549379113344
0.0,742.9812721383945,3.7872922,39.914112,0.3092399519630934
0.0,742.987103514082,3.7873325,39.889141,0.3095249653850572
0.0,742.9736464534931,3.7876532,39.901646,0.3098099765115374
0.0,742.9798722613947,3.7877336,39.901646,0.3100949871595579
0.0,742.9677785120476,3.7878938,39.901646,0.3103799960350449
0.0,742.9756014495279,3.7880542,39.8517,0.3106650050447615
0.0,742.9752950299192,3.7882547,39.8517,0.3109500168036499
0.0,742.9893376692851,3.7883351,39.864166,0.3112350310826464
0.0,742.981838639669,3.7884953,39.901646,0.3115200453517201
0.0,742.9901651395109,3.7887762,39.889141,0.3118050599481381
0.0,742.9848366970705,3.7887361,39.8517,0.3120900753672927
0.0,742.9857474230547,3.7892573,39.876675,0.3123750911358096
0.0,742.9948488196464,3.7892172,39.889141,0.3126601075289098
0.0,742.9848688622701,3.7891772,39.8517,0.3129451229604033
0.0,742.9896616699693,3.7896984,39.876675,0.3132301373636879
0.0,742.9825002823682,3.7896583,39.826733,0.3135151518865736
0.0,742.9917625236421,3.7900193,39.95155,0.3138001670957558
0.0,742.9842196588429,3.7899792,39.864166,0.3140851822782091
0.0,742.9948500894217,3.7901397,39.876675,0.3143701986717964
0.0,742.9868612848308,3.7903802,39.8517,0.3146552148676004
0.0,742.9926607705838,3.7907009,39.901646,0.3149402304213545
0.0,742.9964649269261,3.7905807,39.839233,0.3152252503011987
0.0,742.9982422096008,3.7909014,39.8517,0.3155102679960196
0.0,742.9898074503884,3.7910619,39.889141,0.3157952853219982
0.0,742.9901387846054,3.7910218,39.801758,0.3160803027750795
0.0,743.0065809146664,3.791543,39.8517,0.3163653236686677
0.0,742.9860719816926,3.7916234,39.839233,0.3166503395616881
0.0,742.9860912036761,3.7915833,39.826733,0.3169353525953248
0.0,742.9845813761925,3.7917035,39.76432,0.3172203679165361
0.0,742.9906352714682,3.7918639,39.839233,0.3175053826932989
0.0,742.9844869426016,3.7921045,39.8517,0.3177903979782847
0.0,742.9870078593906,3.792305,39.776787,0.3180754113635548
0.0,742.9828252561089,3.792305,39.801758,0.3183604260111032
0.0,742.9859008342953,3.7927461,39.8517,0.3186454389717132
0.0,742.9822526636583,3.7923853,39.839233,0.3189304533996102
0.0,742.9820053539534,3.7928264,39.826733,0.3192154648658953
0.0,742.9768294223726,3.793107,39.8517,0.3195004772133899
0.0,742.9732521437674,3.7930269,39.801758,0.3197854881886095
0.0,742.9770910572704,3.7932274,39.776787,0.3200704977697467
0.0,742.9680576735589,3.7932675,39.751854,0.3203555067523225
0.0,742.9768557286395,3.7933879,39.814266,0.3206405162431866
0.0,742.9716733059463,3.7935481,39.776787,0.3209255266127503
0.0,742.978555262347,3.7937889,39.826733,0.3212105367555636
0.0,742.9717315572432,3.7939091,39.751854,0.3214955471474731
0.0,742.9760916990829,3.7940295,39.776787,0.3217805563452517
0.0,742.9689429475087,3.7940695,39.876675,0.3220655656674263
0.0,742.9766320825543,3.7943101,39.739349,0.3223505750724986
0.0,742.9695030160707,3.7945106,39.814266,0.3226355846095203
0.0,742.9769629559862,3.794631,39.814266,0.3229205941415173
0.0,742.9661807285734,3.7947512,39.76432,0.3232056024040807
0.0,742.9599496910475,3.7950721,39.801758,0.3234906082763642
0.0,742.9685434402182,3.795032,39.739349,0.3237756145785945
0.0,742.9634820842168,3.7950721,39.76432,0.3240606218059346
0.0,742.9739657594206,3.7951522,39.739349,0.3243456301881926
0.0,742.9718011496362,3.7955132,39.801758,0.3246306406067982
0.0,742.9795539857491,3.7953126,39.789291,0.3249156511327267
0.0,742.9771552752268,3.7953928,39.839233,0.3252006636052213
0.0,742.9834875032758,3.7956336,39.864166,0.325485675640066
0.0,742.9745446306232,3.7955933,39.751854,0.3257706871110947
0.0,742.9821825400801,3.7960346,39.801758,0.3260556986453492
0.0,742.9779749979227,3.7960346,39.801758,0.3263407114322965
0.0,742.9940609610857,3.7961547,39.776787,0.3266257275231704
0.0,742.975130113976,3.7961147,39.714378,0.3269107392187956
0.0,742.9814699262886,3.7962351,39.76432,0.3271957504796881
0.0,742.975728816773,3.7964756,39.726883,0.3274807624049808
0.0,742.9771797990353,3.7966361,39.739349,0.327765774886883
0.0,742.9790000766653,3.7965558,39.776787,0.3280507852003292
0.0,742.9774338991609,3.7968366,39.789291,0.3283357977797064
0.0,742.9830042122115,3.7968767,39.76432,0.3286208096291583
0.0,742.9766634681096,3.7969568,39.776787,0.3289058219129914
0.0,742.9814001507613,3.7972777,39.814266,0.3291908331471176
0.0,742.9767720493708,3.7971973,39.739349,0.3294758454726035
0.0,742.983411562637,3.7972376,39.689445,0.329760857478317
0.0,742.973647064125,3.7973979,39.726883,0.3300458686050314
0.0,742.9798978964263,3.7975984,39.739349,0.3303308792628857
0.0,742.9859443090779,3.7978792,39.751854,0.3306158951069298
0.0,742.9932841628704,3.7975984,39.714378,0.3309009108998201
0.0,742.9867527036719,3.7979994,39.701912,0.3311859270539714
0.0,742.9820619787005,3.7980797,39.701912,0.33147094140872
0.0,742.9913796845843,3.7980397,39.701912,0.3317559564710433
0.0,742.9758675856377,3.7982402,39.676941,0.332040968449569
0.0,742.9878927516944,3.7981999,39.726883,0.3323259821742881
0.0,742.9778480210682,3.7984004,39.726883,0.3326109949125261
0.0,742.9986622559363,3.7987614,39.751854,0.3328960127684787
0.0,742.9853909670849,3.7985609,39.726883,0.3331810284002561
0.0,742.9949587566995,3.7988415,39.714378,0.3334660448355286
0.0,742.9884077009416,3.7989218,39.726883,0.3337510616245512
0.0,742.9967528461955,3.799042,39.714378,0.3340360787480452
0.0,742.9849004052761,3.7989619,39.602062,0.3343210941916388
0.0,742.9901583401256,3.7991624,39.639503,0.3346061087854485
0.0,742.9769694606929,3.799403,39.676941,0.334891121186663
0.0,742.9853777468221,3.7994833,39.776787,0.335176136813369
0.0,742.9938499740757,3.7993228,39.701912,0.3354611528233072
0.0,742.9833159518514,3.7996035,39.751854,0.3357461676590907
0.0,742.9994831467621,3.7995634,39.726883,0.336031185829941
0.0,742.9849773214663,3.7997639,39.639503,0.3363162013030404
0.0,742.9878481470811,3.7998843,39.726883,0.336601215010649
0.0,742.9858361796515,3.8000045,39.676941,0.3368862308132137
0.0,742.9896746095002,3.8001649,39.739349,0.337171245221462
0.0,742.986860882006,3.8001249,39.664474,0.3374562614171115
0.0,742.991965918297,3.800205,39.689445,0.3377412767043168
0.0,742.9792293990686,3.8004456,39.664474,0.3380262899724633
0.0,742.9893240337823,3.8005259,39.689445,0.3383113042462292
0.0,742.9836205893394,3.8003254,39.627037,0.3385963191988743
0.0,742.9926596833025,3.8006461,39.726883,0.3388813376189941
0.0,743.0019728576746,3.8006461,39.639503,0.3391663567449095
0.0,742.9894765434501,3.8006461,39.676941,0.3394513739439493
0.0,743.0028885729778,3.8008869,39.639503,0.3397363934211375
0.0,742.9960260738125,3.8010874,39.689445,0.3400214131326339
0.0,743.0038565224935,3.8009269,39.689445,0.3403064329811322
0.0,742.9937032083243,3.8011675,39.689445,0.3405914518015573
0.0,742.9996863707494,3.800967,39.602062,0.3408764700503653
0.0,742.9879430669445,3.8012476,39.65197,0.3411614866611503
0.0,742.9945184714164,3.8012879,39.627037,0.3414465029275273
0.0,742.9933601680439,3.8012879,39.602062,0.3417315216163592
0.0,742.9962176626632,3.8016086,39.627037,0.3420165385345541
0.0,742.988344175987,3.8014081,39.614529,0.342301555299208
0.0,742.9951801792772,3.801729,39.602062,0.3425865746862119
0.0,742.999470719848,3.801769,39.589558,0.3428715928522953
0.0,742.9886938326401,3.8016486,39.65197,0.3431566097510805
0.0,742.9946713649331,3.8018491,39.639503,0.3434416260761082
0.0,742.9922909230177,3.8019695,39.701912,0.3437266443547684
0.0,742.995339874552,3.80217,39.614529,0.3440116609362396
0.0,742.9869117850517,3.8022904,39.689445,0.3442966771514159
0.0,742.9993561193128,3.8022904,39.589558,0.3445816952735379
0.0,742.9898773476882,3.8024507,39.689445,0.3448667126263297
0.0,742.9916478990622,3.8020496,39.614529,0.3451517277915414
0.0,742.9845822182671,3.8025711,39.577095,0.3454367431130756
0.0,743.0062120285039,3.8026912,39.614529,0.3457217638651573
0.0,743.0002529463915,3.8024106,39.602062,0.3460067851981187
0.0,742.9959367189641,3.8027716,39.602062,0.3462918048753378
0.0,743.0087513361595,3.802932,39.65197,0.3465768266015101
0.0,742.9986358644727,3.8028116,39.65197,0.3468618473141449
0.0,743.0045949051496,3.8028917,39.627037,0.3471468674458903
0.0,742.9941673668511,3.8030121,39.539654,0.3474318864443706
0.0,742.9971284584828,3.8030121,39.564629,0.3477169037119512
0.0,743.0001893847048,3.8030922,39.527149,0.3480019250205297
0.0,743.0080768700569,3.803333,39.577095,0.3482869464879736
0.0,742.9988400867758,3.8032928,39.564629,0.3485719672789497
0.0,743.0055237919402,3.8033731,39.664474,0.3488569877670206
0.0,742.9946960265456,3.8032126,39.602062,0.3491420069682994
0.0,743.0022194895555,3.8031726,39.602062,0.3494270261888239
0.0,742.9881345579611,3.8034132,39.602062,0.3497120428730665
0.0,742.9839141059188,3.8034532,39.564629,0.3499970579383071
0.0,742.9980201625524,3.8035336,39.602062,0.3502820755479497
0.0,742.9885089213666,3.8038142,39.577095,0.3505670923758013
0.0,743.003703579557,3.8038542,39.589558,0.3508521121656299
0.0,742.9976494063183,3.8038142,39.589558,0.3511371324998507
0.0,743.002219733688,3.8039746,39.602062,0.351422151720469
0.0,742.9911765971287,3.8040547,39.55212,0.3517071695716641
0.0,743.0009599610848,3.8040547,39.589558,0.3519921883090275
0.0,742.9942384233078,3.8042152,39.55212,0.3522772073347657
0.0,743.001793901741,3.8042552,39.564629,0.3525622263920328
0.0,742.9960775506556,3.8042953,39.55212,0.3528472461232761
0.0,743.0032644779991,3.8042552,39.564629,0.3531322657446633
0.0,742.996592892681,3.8044958,39.589558,0.3534172856735963
0.0,742.996159874847,3.8045762,39.514683,0.3537023054364199
0.0,743.0096042947943,3.8044558,39.55212,0.3539873274897913
0.0,743.0019464567522,3.8048167,39.639503,0.3542723494723979
0.0,743.0008588865715,3.8046563,39.577095,0.3545573681709886
0.0,742.9975988938191,3.8046563,39.539654,0.3548423884858324
0.0,743.0093308807866,3.8047366,39.577095,0.3551274104343208
0.0,742.9975668380994,3.8048968,39.539654,0.3554124307368678
0.0,742.999496366851,3.8047767,39.564629,0.3556974489127894
0.0,742.9982989884232,3.8048968,39.589558,0.3559824694961955
0.0,742.9966570568525,3.8050573,39.502216,0.3562674865829442
0.0,742.9763846364706,3.8051777,39.489712,0.3565524987598151
0.0,742.99386314587,3.8051376,39.55212,0.3568375147748061
0.0,742.9920665828078,3.8052979,39.514683,0.3571225329674075
0.0,742.9945244206632,3.8050973,39.55212,0.3574075521028567
0.0,742.9992350129448,3.8053782,39.564629,0.3576925701785217
0.0,742.9880376831726,3.8053782,39.452274,0.3579775868256023
0.0,743.0094706397529,3.8053782,39.539654,0.3582626088277029
0.0,742.995855494074,3.8056588,39.527149,0.3585476284737635
0.0,742.9895088981096,3.8057392,39.527149,0.3588326428184441
0.0,742.992009869141,3.8057792,39.514683,0.3591176609892896
0.0,742.9989617327701,3.8057792,39.502216,0.359402678960123
0.0,742.9920233460165,3.8058193,39.55212,0.3596876971361384
0.0,743.0002027181235,3.8056989,39.55212,0.3599727155830198
0.0,742.9899735508634,3.8059397,39.514683,0.3602577329727159
0.0,742.9981469699142,3.8057392,39.55212,0.3605427506310024
0.0,742.994485626915,3.8059397,39.527149,0.3608277697515701
0.0,742.9935757311363,3.8059397,39.477245,0.3611127885230938
0.0,742.9980830170375,3.8061802,39.514683,0.3613978061568477
0.0,742.9894447569282,3.8060598,39.514683,0.3616828233436939
0.0,742.9988595468709,3.8063004,39.514683,0.3619678412753283
0.0,742.9926911776051,3.8062603,39.539654,0.3622528597075297
0.0,743.0018765064998,3.8063807,39.477245,0.3625378787964843
0.0,742.9919014960963,3.8061402,39.527149,0.362822896925757
0.0,742.995797982424,3.8063004,39.502216,0.3631079136829606
0.0,742.9839581733248,3.8065813,39.489712,0.3633929287651058
0.0,742.9986171872054,3.8064609,39.502216,0.3636779466037699
0.0,742.9839015208441,3.8065813,39.489712,0.3639629616641828
0.0,742.9950788382432,3.806541,39.502216,0.3642479781455192
0.0,742.9870901531095,3.8067818,39.452274,0.3645329944291191
0.0,742.9903801406547,3.8068218,39.514683,0.3648180119747866
0.0,742.9995151906285,3.8066614,39.464741,0.3651030301579291
0.0,742.9947794000046,3.8069019,39.477245,0.3653880493911906
0.0,743.0017680589001,3.8068619,39.489712,0.3656730684385442
0.0,742.9962608136937,3.8068218,39.489712,0.3659580882400889
0.0,743.0021508978557,3.8067818,39.514683,0.3662431074343014
0.0,742.9962177354948,3.8069019,39.614529,0.3665281272193209
0.0,743.0047154019027,3.8070223,39.514683,0.3668131473972894
0.0,742.9824943617556,3.8070223,39.514683,0.3670981619179039
0.0,742.9949331462243,3.8071425,39.464741,0.3673831783433521
0.0,742.985830161428,3.807343,39.539654,0.3676681941436082
0.0,742.9948498334202,3.8072629,39.439808,0.3679532105370973
0.0,742.986180257331,3.8071828,39.539654,0.3682382264716533
0.0,742.9912205058401,3.8074634,39.477245,0.3685232443396922
0.0,742.9979938315488,3.8075035,39.502216,0.368808261939234
0.0,742.9821502107145,3.8074234,39.55212,0.3690932763278292
0.0,742.9975357113985,3.8074234,39.477245,0.3693782937516339
0.0,742.9893752991851,3.8074634,39.489712,0.3696633109118356
0.0,742.9931316718756,3.8076639,39.514683,0.3699483266462297
0.0,742.9935828845745,3.807704,39.489712,0.3702333454204975
0.0,743.0010872690921,3.8077843,39.477245,0.3705183642066968
0.0,742.9916859086524,3.8076239,39.514683,0.3708033822532683
0.0,742.9991593775228,3.807744,39.452274,0.3710884002999192
0.0,742.9834170992216,3.8077843,39.477245,0.3713734151745038
0.0,742.9937356055993,3.8079445,39.464741,0.3716584311405697
0.0,742.9825837775852,3.8077843,39.427299,0.3719434456954849
0.0,742.9834876192268,3.8079445,39.477245,0.3722284605971215
0.0,742.9947798742309,3.8079848,39.477245,0.3725134769637739
0.0,742.9885539646788,3.8078644,39.489712,0.3727984938089045
0.0,742.9928317067769,3.8079445,39.527149,0.3730835094282305
0.0,742.985632982367,3.8080649,39.502216,0.373368525152847
0.0,742.9976946240179,3.808145,39.489712,0.3736535426376114
0.0,742.9878671638016,3.8080649,39.539654,0.3739385592192793
0.0,742.9945000753311,3.8083858,39.489712,0.3742235754785995
0.0,742.9894392266575,3.8083858,39.514683,0.3745085926633243
0.0,743.0047223595749,3.8083456,39.477245,0.3747936128439618
0.0,742.9878987558177,3.808506,39.452274,0.3750786294377486
0.0,742.9920295295314,3.8083055,39.514683,0.3753636447493556
0.0,742.9921447197503,3.808506,39.452274,0.375648662971931
0.0,742.9862881797685,3.8086264,39.464741,0.3759336789478869
0.0,742.9915081035681,3.8086264,39.427299,0.3762186940594723
0.0,742.9885732886005,3.8085864,39.477245,0.3765037109120158
0.0,742.992297047935,3.808466,39.464741,0.3767887263262441
0.0,742.9810300981469,3.8085864,39.439808,0.3770737402851544
0.0,742.9938879992891,3.8087065,39.489712,0.3773587563096792
0.0,742.9824563861395,3.808907,39.477245,0.3776437708157259
0.0,742.9885869934454,3.8087869,39.427299,0.3779287848067595
0.0,742.9818570232911,3.8087466,39.364891,0.3782137990828854
0.0,742.9851489014703,3.808867,39.352425,0.3784988117550504
0.0,742.9753839945279,3.8091476,39.514683,0.3787838235480664
0.0,742.9834371853905,3.8088269,39.477245,0.3790688355636089
0.0,742.9679249712116,3.8090274,39.477245,0.3793538444952789
0.0,742.977917759264,3.8089471,39.427299,0.379638857260269
0.0,742.9809864155461,3.8090274,39.427299,0.3799238683356844
0.0,742.9700638772877,3.8091075,39.464741,0.3802088780878573
0.0,742.9845002773901,3.8091879,39.439808,0.380493890511207
0.0,742.9808459928297,3.8095086,39.464741,0.3807789043994928
0.0,742.997350969649,3.8093081,39.402332,0.3810639217524298
0.0,742.9806231913753,3.8095086,39.477245,0.3813489355552471
0.0,742.9872246081717,3.8093884,39.502216,0.3816339490236631
0.0,742.9838888743789,3.8095486,39.464741,0.3819189640792247
0.0,742.9950212330148,3.8095086,39.377399,0.3822039805384635
0.0,742.9871283974119,3.8094685,39.489712,0.3824889968367342
0.0,742.9924819734489,3.8095889,39.514683,0.3827740123219008
0.0,742.9840917423029,3.809629,39.427299,0.3830590274552842
0.0,742.9878227074781,3.809669,39.502216,0.3833440411531341
0.0,742.9803048818922,3.809669,39.414833,0.3836290548338451
0.0,742.9877135024961,3.8098695,39.439808,0.3839140713565671
0.0,742.986969602323,3.8098295,39.452274,0.3841990847271617
0.0,742.9784520709871,3.8097894,39.414833,0.3844840976971184
0.0,742.9820230909015,3.8097091,39.427299,0.3847691091702074
0.0,742.9801014774142,3.81003,39.452274,0.3850541227728907
0.0,742.9818585761283,3.8099496,39.527149,0.3853391341828711
0.0,742.9754360689063,3.8099899,39.439808,0.3856241459958633
0.0,742.9851556033458,3.81003,39.452274,0.3859091586705991
0.0,742.9806234232273,3.8098695,39.452274,0.3861941724735054
0.0,742.9806171626734,3.81007,39.477245,0.3864791834072736
0.0,742.9798208634013,3.8099096,39.439808,0.3867641969023109
0.0,742.9867466883281,3.8104711,39.427299,0.3870492101873946
0.0,742.9831818463196,3.8101904,39.427299,0.3873342249717341
0.0,742.9783764486039,3.8103907,39.502216,0.3876192379126814
0.0,742.9869768898708,3.8103106,39.402332,0.3879042512860715
0.0,742.9900307648636,3.8103507,39.489712,0.3881892686977155
0.0,742.9942762459931,3.8103907,39.452274,0.3884742848711737
0.0,742.988484043232,3.8105111,39.452274,0.3887593016894818
0.0,743.003328004002,3.810431,39.414833,0.3890443213352379
0.0,742.988427024454,3.8105111,39.477245,0.3893293381316731
0.0,742.9927240036483,3.8107917,39.489712,0.3896143537096837
0.0,742.9922587083985,3.8106315,39.377399,0.3898993719759861
0.0,742.995435798137,3.8107116,39.389866,0.3901843885942541
0.0,742.9871669476441,3.8105111,39.427299,0.3904694049073129
0.0,742.9957097128924,3.8107116,39.464741,0.3907544216306559
0.0,742.9937166244231,3.8107917,39.464741,0.3910394404562275
0.0,742.9895661795697,3.8107517,39.427299,0.3913244576896525
0.0,742.995537190043,3.8107917,39.439808,0.391609474346815
0.0,742.9885354711674,3.8107517,39.439808,0.3918944911848513
0.0,742.9917247061358,3.8110325,39.414833,0.3921795063795266
0.0,742.9890378374693,3.8109922,39.452274,0.392464523410275
0.0,742.9930163390454,3.8108721,39.377399,0.3927495391004268
0.0,742.9901841091888,3.8112731,39.439808,0.393034556570895
0.0,742.9889179032006,3.8110325,39.427299,0.3933195706888671
0.0,742.9884010850805,3.8111527,39.414833,0.3936045874753518
0.0,742.9927940964659,3.811233,39.402332,0.3938896030802503
0.0,742.9817679494072,3.8114336,39.402332,0.3941746173222067
0.0,742.9872242297971,3.811233,39.439808,0.3944596307904776
0.0,742.9775550537302,3.8113532,39.377399,0.3947446434163307
0.0,742.9782488003408,3.8111527,39.414833,0.395029656308311
0.0,742.988058402103,3.8115137,39.427299,0.3953146700965744
0.0,742.9810305988896,3.8111928,39.352425,0.3955996840556768
0.0,742.993704453236,3.8114336,39.477245,0.3958847000097925
0.0,742.9827994137324,3.8113132,39.377399,0.3961697146474275
0.0,742.9943401378877,3.8114736,39.502216,0.396454730845395
0.0,742.9830227771155,3.8115537,39.389866,0.3967397455687141
0.0,742.9959377176524,3.8115537,39.439808,0.3970247623795209
0.0,742.9885601782269,3.8115537,39.314987,0.3973097792270351
0.0,742.9913485565728,3.8116741,39.464741,0.3975947942774175
0.0,742.9828572383645,3.8117542,39.427299,0.3978798089372345
0.0,742.9930225160259,3.8115537,39.414833,0.3981648246297559
0.0,742.9901134670164,3.8119147,39.452274,0.3984498420731251
0.0,742.9842004695713,3.8116341,39.439808,0.3987348572482173
0.0,742.9963264886374,3.8119147,39.402332,0.3990198742081585
0.0,742.9857848983374,3.8118746,39.427299,0.3993048899910513
0.0,742.9991088281924,3.8119547,39.352425,0.3995899080183112
0.0,742.9868547297463,3.8119948,39.439808,0.3998749242116006
0.0,742.9888217363017,3.8118746,39.389866,0.4001599382926826
0.0,742.975505953928,3.8121552,39.402332,0.4004449501324833
0.0,742.9926025554335,3.8120351,39.414833,0.4007299656639058
0.0,742.9859313452232,3.8122756,39.377399,0.4010149815029769
0.0,742.994543922786,3.8120351,39.439808,0.4012999977791172
0.0,742.9818774461047,3.8121552,39.439808,0.4015850120630774
0.0,742.9917811760358,3.8123157,39.364891,0.4018700272794148
0.0,742.9857662091947,3.8123958,39.414833,0.4021550430551383
0.0,742.9811707231567,3.8123157,39.414833,0.4024400570679934
0.0,742.986040214887,3.8123157,39.402332,0.4027250700820706
0.0,742.9831624855635,3.8121552,39.439808,0.4030100848589831
0.0,742.9951358575948,3.8125563,39.389866,0.4032951013621924
0.0,742.9889294273855,3.8125563,39.439808,0.4035801183513538
0.0,742.9900441424193,3.8124762,39.464741,0.4038651329013567
0.0,742.9879363534723,3.8126366,39.439808,0.4041501495095663
0.0,742.9890250816388,3.8126366,39.389866,0.4044351636686527
0.0,742.9821442904089,3.8126366,39.414833,0.4047201780549767
0.0,742.989585424523,3.8126767,39.414833,0.4050051924290133
0.0,742.9892861393542,3.8127968,39.439808,0.4052902095550124
0.0,742.9952890563281,3.8130376,39.452274,0.4055752261169895
0.0,742.9817180959362,3.8127968,39.414833,0.4058602403398217
0.0,742.9793175576186,3.8128371,39.464741,0.4061452536417865
0.0,742.9895789545019,3.8129172,39.477245,0.4064302680133412
0.0,742.9845178999411,3.8130777,39.439808,0.4067152833102024
0.0,742.9850280630751,3.8129573,39.452274,0.4070002959360132
0.0,742.9768040194507,3.8131177,39.377399,0.4072853082737631
0.0,742.9820176225804,3.8130376,39.464741,0.4075703197447544
0.0,742.9764469528488,3.8129172,39.452274,0.4078553319455304
0.0,742.9917359980285,3.8129573,39.439808,0.4081403471445373
0.0,742.9800815309918,3.8132782,39.452274,0.408425360739569
0.0,742.987064487987,3.8130777,39.464741,0.4087103741465621
0.0,742.981603337859,3.8131979,39.414833,0.4089953883253721
0.0,742.9860662650257,3.8132381,39.477245,0.4092804013494421
0.0,742.9800630739056,3.8131979,39.414833,0.4095654149373935
0.0,742.9845054611808,3.8135989,39.489712,0.4098504302294831
0.0,742.9876953380797,3.8134387,39.489712,0.4101354438784734
0.0,742.9804833482773,3.8134387,39.33992,0.4104204576276457
0.0,742.9920871226863,3.8133984,39.427299,0.4107054729613457
0.0,742.984741360526,3.8134387,39.439808,0.4109904883439283
0.0,742.9956007768233,3.8135188,39.389866,0.4112755050254829
0.0,742.9768863921405,3.8137193,39.414833,0.4115605173948317
0.0,742.9853589366094,3.8136392,39.439808,0.4118455301475671
0.0,742.9776954219226,3.8137994,39.389866,0.4121305428272667
0.0,742.9843277052232,3.8137593,39.464741,0.4124155551844168
0.0,742.9817997605877,3.8137593,39.414833,0.4127005694385763
0.0,742.9851684326794,3.8135588,39.377399,0.4129855821182335
0.0,742.9807059790658,3.8136392,39.477245,0.4132705959528089
0.0,742.9829780753397,3.8139198,39.439808,0.41355561065898
0.0,742.9842640210355,3.8140402,39.439808,0.4138406229917006
0.0,742.976714871898,3.8138797,39.489712,0.4141256352952527
0.0,742.9796685618302,3.8142807,39.427299,0.4144106458651331
0.0,742.9736347223618,3.8141203,39.427299,0.4146956569871132
0.0,742.9866070392521,3.8142407,39.402332,0.4149806702186268
0.0,742.9781859709417,3.8141603,39.439808,0.4152656830865052
0.0,742.9851177855323,3.8143208,39.464741,0.415550695746734
0.0,742.9815263122912,3.8143609,39.464741,0.4158357098959963
0.0,742.9876252696139,3.8140802,39.377399,0.4161207235181079
0.0,742.9833852878364,3.814441,39.414833,0.4164057383804894
0.0,742.9901776026458,3.8142407,39.464741,0.4166907529816883
0.0,742.97414983274,3.8142807,39.514683,0.4169757643012691
0.0,742.9803366572615,3.814441,39.527149,0.4172607779941695
0.0,742.9832523208585,3.8144813,39.427299,0.417545789938797
0.0,742.9748749998821,3.8143208,39.414833,0.4178308015365582
0.0,742.9849455677975,3.8144813,39.464741,0.4181158141307234
0.0,742.9813927803522,3.8145614,39.414833,0.4184008282287618
0.0,742.9843348098251,3.8144009,39.352425,0.4186858405886373
0.0,742.9793623451366,3.8146415,39.527149,0.418970853907783
0.0,742.9863203553265,3.814842,39.489712,0.4192558670293233
0.0,742.9739582930201,3.8148823,39.364891,0.4195408782754279
0.0,742.9807325444119,3.8149223,39.477245,0.4198258892534571
0.0,742.9684530693867,3.8147218,39.439808,0.4201108983877101
0.0,742.980471373861,3.8148019,39.364891,0.4203959092655531
0.0,742.969044716868,3.8150024,39.477245,0.4206809186267672
0.0,742.9710500054675,3.8148019,39.452274,0.4209659287572275
0.0,742.9738953492104,3.8150425,39.452274,0.4212509371124758
0.0,742.9641887214226,3.814842,39.402332,0.421535944610888
0.0,742.9813999918604,3.815203,39.402332,0.4218209558449533
0.0,742.9669630616265,3.8150828,39.439808,0.4221059644076265
0.0,742.975314473073,3.815243,39.464741,0.4223909733072575
0.0,742.9696492549446,3.8151629,39.439808,0.4226759829003777
0.0,742.9831827779016,3.815203,39.402332,0.4229609948183283
0.0,742.9703246916017,3.8154035,39.377399,0.4232460046705518
0.0,742.9849779653796,3.8154838,39.477245,0.4235310172771449
0.0,742.9715845363552,3.815203,39.389866,0.4238160276126558
0.0,742.9735139263457,3.8154838,39.464741,0.4241010358215885
0.0,742.9685736743054,3.815604,39.402332,0.4243860450021066
0.0,742.9728379246583,3.815644,39.427299,0.4246710558184282
0.0,742.9785038947739,3.815644,39.402332,0.4249560659415367
0.0,742.9676699188153,3.8154435,39.439808,0.4252410747753664
0.0,742.9730873121723,3.8157244,39.414833,0.4255260828206478
0.0,742.9677534266175,3.8155239,39.427299,0.4258110916865118
0.0,742.9695102423319,3.8158045,39.439808,0.426096098359612
0.0,742.9657863336171,3.8157244,39.477245,0.4263811064708822
0.0,742.9811257597123,3.8158045,39.427299,0.4266661175997507
0.0,742.9749457149048,3.8156843,39.464741,0.4269511292246388
0.0,742.9889423665807,3.8158445,39.464741,0.4272361433519952
0.0,742.9855438966142,3.8158848,39.452274,0.4275211590424377
0.0,742.987396288938,3.816045,39.477245,0.4278061725767113
0.0,742.9698980698505,3.8161254,39.414833,0.4280911822652791
0.0,742.9697189203926,3.8158445,39.377399,0.4283761918851235
0.0,742.9753910359119,3.8162456,39.477245,0.4286612008141244
0.0,742.9699174791051,3.8161254,39.414833,0.4289462105101377
0.0,742.9758491198413,3.8161254,39.464741,0.4292312196148618
0.0,742.9643474361982,3.8162456,39.402332,0.4295162271741584
0.0,742.9693512206409,3.816366,39.514683,0.4298012337862572
0.0,742.9620749372018,3.8162858,39.427299,0.4300862404738035
0.0,742.9758689070519,3.8162858,39.514683,0.430371249586118
0.0,742.9706111524562,3.8165665,39.477245,0.4306562595482305
0.0,742.9768423504684,3.8166065,39.464741,0.4309412690339626
0.0,742.9759325022152,3.8165264,39.439808,0.4312262810373909
0.0,742.9825396348299,3.816767,39.502216,0.4315112927086287
0.0,742.9777074452732,3.8165264,39.427299,0.4317963053929405
0.0,742.9786054636063,3.8165264,39.477245,0.4320813184217399
0.0,742.9879500515015,3.8166869,39.414833,0.4323663321684395
0.0,742.982481630162,3.8166065,39.452274,0.43265134668417
0.0,742.9829405275124,3.816807,39.439808,0.4329363585091921
0.0,742.9812468211124,3.816807,39.364891,0.4332213725512392
0.0,742.9809359149195,3.816767,39.414833,0.4335063836072823
0.0,742.9753786717575,3.8169274,39.352425,0.4337913953982564
0.0,742.9817693789752,3.8169274,39.389866,0.4340764067740204
0.0,742.9705592726859,3.8172081,39.439808,0.4343614167162313
0.0,742.972291495467,3.8170879,39.464741,0.4346464244562336
0.0,742.9744420188824,3.8169274,39.439808,0.4349314358878995
0.0,742.9797836497094,3.8170879,39.464741,0.4352164465019282
0.0,742.9713489664729,3.8171279,39.489712,0.4355014567470724
0.0,742.976206518887,3.8172081,39.489712,0.4357864659888965
0.0,742.9755500213341,3.8173285,39.414833,0.4360714778456018
0.0,742.9759195025493,3.8172884,39.477245,0.4363564898440433
0.0,742.9829537110734,3.8173685,39.477245,0.4366415016741227
0.0,742.9713046921804,3.8174086,39.502216,0.436926511902283
0.0,742.9896555173408,3.8172884,39.377399,0.4372115263032075
0.0,742.9780528419298,3.8174086,39.514683,0.4374965391200165
0.0,742.9791528481157,3.817529,39.427299,0.4377815494920666
0.0,742.9790069635022,3.817569,39.377399,0.4380665626748849
0.0,742.983806779803,3.8176091,39.489712,0.4383515748322055
0.0,742.9744423241984,3.8177695,39.489712,0.4386365862639886
0.0,742.9744369166115,3.8177695,39.452274,0.4389215948269848
0.0,742.9678160485163,3.8176894,39.489712,0.4392066037168711
0.0,742.9760596062059,3.8176091,39.464741,0.4394916129023388
0.0,742.9658821831824,3.8178096,39.439808,0.4397766210503777
0.0,742.9720229870534,3.8178899,39.464741,0.440061631554082
0.0,742.9758498393466,3.81793,39.452274,0.4403466406590822
0.0,742.963342082731,3.81793,39.477245,0.4406316478327164
0.0,742.9723494786608,3.81797,39.452274,0.4409166555949614
0.0,742.9692674698238,3.8180501,39.427299,0.4412016650416255
0.0,742.975990331324,3.8178899,39.464741,0.441486674200519
0.0,742.9622407444343,3.8181305,39.427299,0.4417716809516704
0.0,742.9793699395623,3.8180501,39.452274,0.4420566914069979
0.0,742.9757469689525,3.8182907,39.452274,0.442341703339254
0.0,742.9791725381234,3.8182907,39.464741,0.4426267137188573
0.0,742.9765117111408,3.8182907,39.477245,0.4429117259444751
0.0,742.9751045111942,3.8182106,39.489712,0.4431967347635637
0.0,742.9735070622298,3.8184912,39.464741,0.4434817458365723
0.0,742.9735323303994,3.8184512,39.514683,0.4437667569192738
0.0,742.9794969054157,3.8186116,39.452274,0.444051767423306
0.0,742.9792800455016,3.8185716,39.389866,0.4443367807108809
0.0,742.9881467817295,3.8187721,39.452274,0.4446217945330472
0.0,742.9740605992404,3.8186917,39.539654,0.4449068058183972
0.0,742.9798087724312,3.8184912,39.502216,0.4451918164420631
0.0,742.9757093103166,3.8186917,39.464741,0.445476828359873
0.0,742.9851806272278,3.8186917,39.464741,0.4457618410442082
0.0,742.9792678877055,3.8187721,39.514683,0.4460468543271192
0.0,742.9814898606334,3.8186917,39.477245,0.4463318655956586
0.0,742.9725581281637,3.8188922,39.477245,0.4466168763046478
0.0,742.9891021822649,3.8189325,39.427299,0.4469018904933102
0.0,742.9788229797385,3.8189325,39.414833,0.4471869036055508
0.0,742.9784522052279,3.8188922,39.464741,0.4474719165755589
0.0,742.9819095161114,3.8192132,39.414833,0.4477569280050801
0.0,742.982163150013,3.8194137,39.489712,0.4480419423986389
0.0,742.979815424989,3.8192532,39.464741,0.4483269530248567
0.0,742.9797322045179,3.8192532,39.427299,0.4486119664858837
0.0,742.9905472821875,3.8194137,39.539654,0.4488969812288935
0.0,742.9745447527905,3.8194537,39.514683,0.4491819926999691
0.0,742.9856903958159,3.8195741,39.489712,0.4494670055798539
0.0,742.983615182157,3.8196943,39.489712,0.4497520205304248
0.0,742.9868804538737,3.8195741,39.489712,0.4500370338668216
0.0,742.9805837503654,3.8197746,39.364891,0.4503220476545089
0.0,742.9891457370883,3.8195741,39.489712,0.4506070618598792
0.0,742.9826526740135,3.8198147,39.477245,0.4508920764412237
0.0,742.9821437771834,3.8197346,39.489712,0.4511770908273508
0.0,742.9845058558061,3.8196943,39.464741,0.4514621032528404
0.0,742.980055835339,3.8200552,39.439808,0.451747116838015
0.0,742.9854673848229,3.8198948,39.502216,0.4520321296323518
0.0,742.9686442669561,3.8199351,39.514683,0.4523171388399499
0.0,742.9707517040813,3.8198547,39.502216,0.4526021459892808
0.0,742.9611018706923,3.8197746,39.489712,0.4528871523035503
0.0,742.9666198212736,3.8201756,39.477245,0.4531721578678712
0.0,742.9622405498261,3.8202157,39.514683,0.4534571646189479
0.0,742.972004835484,3.8201756,39.477245,0.453742172248986
0.0,742.9682745671903,3.8199751,39.502216,0.4540271813147641
0.0,742.9703373219048,3.8202157,39.514683,0.4543121883051361
0.0,742.9636403837873,3.8204563,39.414833,0.4545971955932013
0.0,742.9693635880753,3.8204162,39.514683,0.4548822050767372
0.0,742.9739785891635,3.8205366,39.577095,0.4551672134639167
0.0,742.9599238974768,3.8204963,39.502216,0.4554522193263056
0.0,742.9774036811374,3.8206968,39.527149,0.4557372290273668
0.0,742.9718581561361,3.8206968,39.514683,0.4560222394678407
0.0,742.9725016894047,3.8204563,39.489712,0.4563072472884744
0.0,742.9699936138952,3.8205767,39.527149,0.4565922570136936
0.0,742.974640409083,3.8207371,39.439808,0.4568772656547505
0.0,742.9717314604507,3.8207371,39.464741,0.4571622760466228
0.0,742.9785801152544,3.8207772,39.489712,0.4574472861989698
0.0,742.9660213667407,3.8208573,39.55212,0.4577322944004007
0.0,742.983984344509,3.8208573,39.502216,0.458017306625836
0.0,742.9722722535895,3.8208573,39.489712,0.4583023172251612
0.0,742.9738821455426,3.8210979,39.527149,0.4585873284420549
0.0,742.9827939328378,3.8212183,39.55212,0.4588723402108426
0.0,742.9727743505912,3.8209777,39.452274,0.4591573510027766
0.0,742.9798658889855,3.8214188,39.527149,0.4594423616483526
0.0,742.9678295253918,3.8213387,39.477245,0.4597273705434088
0.0,742.9742075086527,3.8212984,39.464741,0.460012379018403
0.0,742.9697451777694,3.8210578,39.502216,0.46029738864832
0.0,742.9719860489505,3.8212583,39.514683,0.4605823962711515
0.0,742.9671282586364,3.8214588,39.477245,0.4608674048971957
0.0,742.9811451691621,3.8216593,39.527149,0.4611524160335098
0.0,742.9817818159084,3.8214989,39.489712,0.4614374302807855
0.0,742.9872625235971,3.8220203,39.539654,0.4617224437637461
0.0,742.9830481437147,3.8216994,39.539654,0.4620074584967961
0.0,742.9791652509992,3.8216994,39.489712,0.4622924717403348
0.0,742.9816166314674,3.8219402,39.514683,0.462577483057504
0.0,742.9752379376771,3.8217797,39.464741,0.4628624947944914
0.0,742.9819921703923,3.8218999,39.452274,0.4631475062557191
0.0,742.961705383341,3.8221807,39.477245,0.4634325128015014
0.0,742.96936370823,3.8220603,39.514683,0.4637175194183904
0.0,742.9639540914307,3.8218598,39.527149,0.4640025268267966
0.0,742.9690197855816,3.8220603,39.502216,0.4642875333117552
0.0,742.9617055175819,3.8221407,39.514683,0.464572539857589
0.0,742.972552275365,3.8221407,39.452274,0.4648575476976277
0.0,742.9726476057931,3.8221407,39.55212,0.4651425584409413
0.0,742.9846142917414,3.8223009,39.55212,0.4654275709080274
0.0,742.9750662099343,3.8222208,39.539654,0.4657125825791385
0.0,742.9702475800871,3.8224614,39.502216,0.4659975924017814
0.0,742.9776633502636,3.8226218,39.477245,0.466282602202453
0.0,742.974238162365,3.8224213,39.539654,0.4665676135559178
0.0,742.9819917555923,3.8225014,39.527149,0.4668526250169865
0.0,742.9730487874812,3.822742,39.439808,0.4671376359141969
0.0,742.9762573982975,3.8228624,39.477245,0.4674226451755385
0.0,742.9748942873787,3.8225415,39.539654,0.4677076567806986
0.0,742.9780652685887,3.8228624,39.427299,0.467992666735548
0.0,742.9680389971035,3.8230228,39.502216,0.4682776757109593
0.0,742.9861104173903,3.822742,39.464741,0.4685626887519664
0.0,742.9741626746319,3.8229828,39.589558,0.4688477000764736
0.0,742.9790257478155,3.8230629,39.577095,0.4691327103997674
0.0,742.9700566018867,3.8233435,39.502216,0.4694177201491494
0.0,742.9722656983004,3.8233838,39.427299,0.46970273074596
0.0,742.971361802712,3.823143,39.502216,0.4699877381293276
0.0,742.9664094386691,3.823143,39.577095,0.4702727464796263
0.0,742.9738955691955,3.8232234,39.502216,0.4705577548349589
0.0,742.9811645949416,3.823504,39.589558,0.4708427688454633
0.0,742.9759838979329,3.8233838,39.489712,0.4711277780018889
0.0,742.9726987529688,3.823504,39.502216,0.471412788764823
0.0,742.984817674118,3.8236644,39.539654,0.4716978013099276
0.0,742.9786821846767,3.8237848,39.464741,0.4719828143681579
0.0,742.9806101434053,3.823504,39.539654,0.4722678252992335
0.0,742.97196025547,3.8238249,39.514683,0.4725528357788735
0.0,742.9772753476921,3.8236644,39.55212,0.4728378454307054
0.0,742.9748117192621,3.8237848,39.514683,0.4731228570041917
0.0,742.9776694205445,3.8238249,39.55212,0.4734078696739169
0.0,742.9895418330697,3.8239853,39.502216,0.4736928840312315
0.0,742.9856835313935,3.823905,39.577095,0.4739778997752391
0.0,742.9903179235464,3.8242259,39.589558,0.4742629144302658
0.0,742.9785295487991,3.8241055,39.564629,0.4745479274299437
0.0,742.983341786905,3.8243864,39.527149,0.4748329394088908
0.0,742.9776383296805,3.824306,39.514683,0.4751179520666893
0.0,742.98787920173,3.824266,39.527149,0.4754029657862106
0.0,742.9812597481327,3.824306,39.489712,0.4756879798332165
0.0,742.9916930657121,3.8246269,39.539654,0.4759729950157543
0.0,742.9797707778739,3.8245869,39.527149,0.4762580084915784
0.0,742.9855559963037,3.8245466,39.527149,0.476543021319907
0.0,742.9774467164966,3.824667,39.539654,0.476828033904201
0.0,742.9779500591137,3.824667,39.527149,0.4771130466815816
0.0,742.9914501682595,3.8246269,39.539654,0.4773980617709428
0.0,742.9852637336176,3.824707,39.514683,0.4776830773539122
0.0,742.9884336975093,3.8247874,39.564629,0.4779680912861408
0.0,742.9875548849224,3.824667,39.55212,0.4782531077480157
0.0,743.0001393634021,3.8253086,39.577095,0.478538126170594
0.0,742.9927607327546,3.8247874,39.527149,0.4788231446294773
0.0,743.0010494879087,3.8251081,39.55212,0.4791081634011835
0.0,742.9840857851628,3.8251481,39.55212,0.4793931785322818
0.0,742.9804323840891,3.8253486,39.527149,0.4796781893951681
0.0,742.9777461297462,3.825429,39.502216,0.4799632020943196
0.0,742.9885602233924,3.8253889,39.564629,0.4802482160750841
0.0,742.9861164270603,3.8256295,39.55212,0.4805332319851542
0.0,742.9870897262402,3.8253486,39.539654,0.4808182482685902
0.0,742.9875423959617,3.8255091,39.577095,0.4811032618589112
0.0,742.9775808228471,3.8253889,39.514683,0.4813882744946496
0.0,742.9884019828023,3.8256695,39.489712,0.4816732884147122
0.0,742.9871859658405,3.8257899,39.502216,0.4819583047350666
0.0,742.9926544598728,3.8257496,39.539654,0.4822433202863999
0.0,742.9866250549994,3.8256295,39.602062,0.482528336391584
0.0,742.9875677988322,3.82587,39.614529,0.4828133499916496
0.0,742.9807057474185,3.8259904,39.564629,0.4830983638261361
0.0,742.9987386233464,3.8259101,39.539654,0.4833833817113837
0.0,742.991634687808,3.8261507,39.502216,0.4836683997383064
0.0,742.9974533505678,3.8263111,39.539654,0.4839534171305172
0.0,742.9826783819444,3.8261507,39.527149,0.4842384317217234
0.0,742.9901385767981,3.8263512,39.602062,0.4845234491747249
0.0,742.996657728268,3.8263912,39.589558,0.4848084662617312
0.0,742.9861481166874,3.8263111,39.564629,0.4850934821839576
0.0,742.9903180823451,3.8267522,39.589558,0.4853784968390452
0.0,742.9843019218482,3.8264716,39.55212,0.4856635120530554
0.0,742.9947349276683,3.8266721,39.577095,0.4859485284024661
0.0,742.9908710193413,3.8268325,39.577095,0.486233546136439
0.0,742.9993747356904,3.8269126,39.539654,0.4865185642657023
0.0,742.9798978281925,3.8268325,39.614529,0.486803577790264
0.0,742.9923286281952,3.8268325,39.539654,0.4870885932166066
0.0,742.9891333321968,3.8270731,39.539654,0.4873736102839877
0.0,742.9985859736554,3.8269527,39.564629,0.4876586281106781
0.0,742.9934998161245,3.8271532,39.614529,0.4879436468530801
0.0,742.9811071734412,3.8271132,39.577095,0.4882286608415572
0.0,742.9828002927641,3.8273137,39.539654,0.4885136726127845
0.0,742.9826978151414,3.8272336,39.527149,0.4887986872114455
0.0,742.9866575278052,3.8273938,39.627037,0.4890837004623268
0.0,742.9842136282389,3.8275142,39.577095,0.4893687156424667
0.0,742.9908263742695,3.8272736,39.539654,0.4896537304925376
0.0,742.9812722358009,3.8274341,39.527149,0.4899387445443339
0.0,742.9878424584678,3.8276346,39.527149,0.4902237582497603
0.0,742.9836015831141,3.8277147,39.602062,0.4905087731951145
0.0,742.9889809534214,3.8275542,39.664474,0.490793787337273
0.0,742.9831944438769,3.8277948,39.627037,0.491078802126445
0.0,742.9932843213621,3.8278351,39.564629,0.4913638179193961
0.0,742.9771480610119,3.8280756,39.589558,0.4916488303891233
0.0,742.9900942286552,3.8281958,39.564629,0.4919338449583396
0.0,742.9824186540394,3.8280756,39.627037,0.4922188594499119
0.0,742.9834108611174,3.8279552,39.539654,0.4925038743221034
0.0,742.988560956199,3.8281558,39.55212,0.492788888303149
0.0,742.9874975487548,3.8281958,39.55212,0.4930739047430293
0.0,742.9903423990002,3.8282361,39.614529,0.493358919407445
0.0,742.9868039732195,3.8284366,39.577095,0.4936439355812637
0.0,742.9882558518361,3.8284366,39.527149,0.4939289494452697
0.0,742.9869691943763,3.8285968,39.589558,0.4942139656824688
0.0,742.994295691459,3.8285568,39.564629,0.4944989818633863
0.0,742.9915330771432,3.8286371,39.602062,0.4947839998513303
0.0,742.9956066245421,3.8288376,39.564629,0.4950690165351281
0.0,742.9916410597438,3.8288777,39.639503,0.4953540345644951
0.0,742.9974534363108,3.8290381,39.602062,0.4956390519567388
0.0,742.9948048515275,3.8289578,39.589558,0.4959240711997637
0.0,742.9928758198855,3.8291583,39.602062,0.4962090897027955
0.0,742.994212952049,3.8291583,39.564629,0.4964941058519738
0.0,742.9842700490724,3.8291984,39.589558,0.4967791210537572
0.0,742.9950150439607,3.8290782,39.664474,0.4970641375106219
0.0,742.9822521876764,3.8293989,39.65197,0.4973491519383363
0.0,742.9929148493227,3.8292387,39.55212,0.4976341675895562
0.0,742.9897635661309,3.8294392,39.577095,0.4979191848987004
0.0,742.9974406794188,3.8296397,39.55212,0.4982042022860504
0.0,742.9909154168242,3.8296397,39.602062,0.4984892200370546
0.0,743.0005471288323,3.8299603,39.627037,0.4987742386160535
0.0,742.9869370416593,3.8297198,39.664474,0.4990592548409185
0.0,742.9962812003304,3.8297198,39.65197,0.4993442717834868
0.0,742.980667673782,3.8299203,39.602062,0.4996292856033679
0.0,742.984436393882,3.8298402,39.65197,0.4999143008689627
0.0,742.9873707514162,3.8301208,39.639503,0.50019931439344
0.0,742.9877392840958,3.8301208,39.639503,0.5004843309260522
0.0,742.9950153607394,3.8301609,39.614529,0.5007693473830382
0.0,742.9789363217391,3.8302009,39.726883,0.5010543605387577
0.0,742.9893376084054,3.8304415,39.564629,0.5013393748177308
0.0,742.9755499235184,3.8304818,39.589558,0.5016243866743987
0.0,742.9791344888652,3.8308425,39.589558,0.5019093970394061
0.0,742.9739967814525,3.8306019,39.602062,0.5021944083002751
0.0,742.9806993043376,3.8305619,39.614529,0.5024794192655533
0.0,742.970094700284,3.8305218,39.564629,0.5027644290295502
0.0,742.9863389224887,3.8308828,39.676941,0.5030494421582129
0.0,742.983487362614,3.8308425,39.639503,0.5033344570597511
0.0,742.980769625983,3.8308425,39.689445,0.5036194709187419
0.0,742.9900319351834,3.8309629,39.602062,0.5039044854640622
0.0,742.9791145196426,3.8311234,39.577095,0.5041894986881399
0.0,742.9795029354665,3.8312435,39.602062,0.5044745091944852
0.0,742.9730236535523,3.8311634,39.589558,0.5047595200820539
0.0,742.981464567244,3.8312838,39.639503,0.5050445313408907
0.0,742.974589589421,3.8315644,39.639503,0.505329542829166
0.0,742.9888353225891,3.831404,39.55212,0.5056145569154598
0.0,742.9813678529006,3.8317649,39.589558,0.5058995710039357
0.0,742.9923484156103,3.8315644,39.614529,0.5061845864378689
0.0,742.986409565985,3.831805,39.639503,0.5064696024603896
0.0,742.9924431424757,3.8319254,39.614529,0.5067546179306605
0.0,742.9869179987021,3.831805,39.701912,0.5070396341482204
0.0,742.9927998559658,3.8320858,39.602062,0.5073246526221117
0.0,742.9928956105405,3.8320055,39.627037,0.5076096682659514
0.0,742.9839769355224,3.8320858,39.639503,0.5078946833552941
0.0,742.9846330784795,3.832166,39.564629,0.5081796958295869
0.0,742.9804895612115,3.8324065,39.664474,0.5084647095811424
0.0,742.9835317907011,3.8322864,39.589558,0.5087497216329759
0.0,742.9731632772814,3.8324466,39.589558,0.5090347325741056
0.0,742.9887195868279,3.8324869,39.65197,0.5093197466160027
0.0,742.9830547597804,3.8325269,39.676941,0.5096047613515906
0.0,742.9921696304467,3.8327274,39.639503,0.509889776716941
0.0,742.9864540357042,3.8326874,39.589558,0.5101747927565207
0.0,742.9912850917565,3.8327274,39.589558,0.5104598077825577
0.0,742.9774213018081,3.8330481,39.589558,0.5107448203571024
0.0,742.9740224163286,3.8331685,39.627037,0.5110298316278052
0.0,742.9845129968335,3.8331685,39.639503,0.5113148440560341
0.0,742.9801255372121,3.8332086,39.639503,0.511599857667947
0.0,742.9936403413561,3.8330884,39.614529,0.5118848735974691
0.0,742.9806806617837,3.833329,39.614529,0.5121698874223325
0.0,742.9780005593723,3.833369,39.676941,0.5124548973523592
0.0,742.979063371853,3.8334091,39.627037,0.5127399105568161
0.0,742.9881596966017,3.8335295,39.602062,0.5130249243839367
0.0,742.9882421257656,3.8336096,39.676941,0.5133099411094432
0.0,742.9935768523926,3.8338101,39.627037,0.5135949570146106
0.0,742.9781851407361,3.8338501,39.602062,0.5138799698821706
0.0,742.9963518184522,3.8338101,39.65197,0.5141649868518283
0.0,742.9843909840679,3.8340106,39.65197,0.5144500021000035
0.0,742.9828763423031,3.8340507,39.701912,0.514735016767149
0.0,742.9932710647455,3.834131,39.676941,0.5150200325550148
0.0,742.9799615244269,3.8342111,39.602062,0.515305046104011
0.0,742.9958491301142,3.8342111,39.701912,0.515590062880835
0.0,742.9920425107318,3.8342512,39.676941,0.5158750810642021
0.0,742.9928316944987,3.8342512,39.664474,0.5161600966835235
0.0,742.9849134422878,3.834532,39.602062,0.5164451121321181
0.0,742.9952119931507,3.8348927,39.676941,0.5167301286645334
0.0,742.9845632244222,3.8347726,39.676941,0.5170151439787816
0.0,742.9945310811742,3.8346522,39.689445,0.5173001602499957
0.0,742.9790634940204,3.834933,39.676941,0.5175851734544996
0.0,742.9885551938139,3.8349731,39.701912,0.5178701874333347
0.0,742.9819024089583,3.834933,39.676941,0.5181552017268709
0.0,742.9781470799916,3.8350933,39.739349,0.5184402145798304
0.0,742.9878480737185,3.8350532,39.664474,0.5187252282874109
0.0,742.9887955162573,3.8350532,39.664474,0.5190102452252028
0.0,742.9958231904798,3.8354142,39.714378,0.5192952619920763
0.0,742.9774342290331,3.8356147,39.639503,0.51958027457158
0.0,742.9909729928868,3.8358953,39.676941,0.5198652894778945
0.0,742.9880127686129,3.8356147,39.664474,0.5201503061154176
0.0,742.9894839104485,3.8358552,39.627037,0.5204353204505128
0.0,742.9845763098303,3.8359356,39.689445,0.5207203357697806
0.0,742.9895920654166,3.8358953,39.701912,0.5210053501463646
0.0,742.980730697994,3.8360958,39.701912,0.5212903639904224
0.0,742.9902858065223,3.8362563,39.676941,0.5215753786331288
0.0,742.9865108596695,3.8363366,39.65197,0.5218603946945066
0.0,742.9789749442076,3.8363767,39.689445,0.522145407865042
0.0,742.9954287543125,3.8364568,39.689445,0.522430424480608
0.0,742.9824562273425,3.8361762,39.726883,0.5227154389865937
0.0,742.9967398091549,3.8365371,39.676941,0.5230004561050865
0.0,742.9926334747312,3.8364167,39.627037,0.5232854745151526
0.0,742.9962246573748,3.8367376,39.726883,0.5235704914360307
0.0,742.9912209936908,3.8366973,39.726883,0.5238555093042567
0.0,742.9993755896422,3.8368578,39.726883,0.5241405274338476
0.0,742.9975668137478,3.8370984,39.676941,0.5244255477363853
0.0,743.0130674247714,3.8370183,39.676941,0.5247105711182299
0.0,743.0012463742216,3.8372989,39.689445,0.5249955928322788
0.0,743.0008526856484,3.8372188,39.714378,0.5252806115284908
0.0,742.995485439266,3.8373792,39.639503,0.5255656310325951
0.0,742.9927868311298,3.8372588,39.714378,0.52585064950149
0.0,742.9921130989508,3.8374994,39.689445,0.5261356648451546
0.0,742.9819146524965,3.8377402,39.664474,0.5264206791433875
0.0,742.9905150927217,3.8377402,39.676941,0.5267056938740493
0.0,742.9894130185977,3.8379004,39.701912,0.5269907110487204
0.0,742.9936654270386,3.8377802,39.676941,0.5272757269878655
0.0,742.9953838895826,3.8377802,39.664474,0.5275607464530145
0.0,742.9984265613115,3.8381009,39.639503,0.5278457642185536
0.0,742.9878603889388,3.8382213,39.701912,0.5281307807976225
0.0,742.9997765439206,3.8383818,39.664474,0.5284157990810214
0.0,742.9896616018564,3.8382213,39.627037,0.5287008163510513
0.0,742.9989612320223,3.8384619,39.739349,0.5289858343216927
0.0,742.9891712717972,3.8383014,39.714378,0.5292708514036276
0.0,742.9855497311776,3.8384619,39.701912,0.5295558670963082
0.0,742.9859577187908,3.8387024,39.751854,0.5298408800787394
0.0,742.9878157358662,3.838943,39.726883,0.5301258966406791
0.0,742.9961225085149,3.838903,39.751854,0.5304109135223725
0.0,742.9837414139341,3.838943,39.726883,0.5306959285213669
0.0,742.9956581383286,3.8391435,39.701912,0.5309809452249257
0.0,742.9898455850062,3.8391838,39.676941,0.531265962565533
0.0,742.9956136429917,3.8391035,39.714378,0.5315509792520231
0.0,742.9854670531718,3.8395045,39.664474,0.5318359949129877
0.0,742.9883254932237,3.8395045,39.664474,0.5321210088037086
0.0,742.9785926094362,3.8395848,39.639503,0.532406021827577
0.0,742.9904832934994,3.8395848,39.701912,0.5326910365460404
0.0,742.9801008794698,3.8397853,39.776787,0.5329760501484944
0.0,742.9816026910067,3.8399055,39.814266,0.5332610643270562
0.0,742.9940667355444,3.840106,39.776787,0.5335460804201452
0.0,742.9820364291572,3.840066,39.751854,0.5338310947650927
0.0,742.9876952652288,3.8402264,39.701912,0.5341161084140551
0.0,742.985206605155,3.8402264,39.789291,0.5344011239751095
0.0,742.9903371375675,3.8404269,39.776787,0.5346861386375068
0.0,742.981622808095,3.8402665,39.701912,0.5349711528237858
0.0,742.9867025351449,3.8406675,39.76432,0.535256166091932
0.0,742.982596729571,3.8407075,39.726883,0.5355411806518158
0.0,742.9901713650927,3.8406274,39.701912,0.5358261952506219
0.0,742.9799681040677,3.8407879,39.676941,0.536111208802142
0.0,742.9927361492882,3.8409884,39.714378,0.5363962243848117
0.0,742.9803615222994,3.8409081,39.676941,0.5366812380872504
0.0,742.9713553631697,3.8408279,39.776787,0.5369662483348486
0.0,742.982889416657,3.8409081,39.76432,0.5372512601402644
0.0,742.9799037972012,3.8413491,39.739349,0.5375362736671158
0.0,742.9816737363574,3.8414695,39.739349,0.5378212850061908
0.0,742.9745949840184,3.8415899,39.751854,0.5381062964965355
0.0,742.9883443534267,3.8417904,39.726883,0.5383913103944912
0.0,742.9760146676094,3.8417501,39.814266,0.5386763224294389
0.0,742.9880138218415,3.8419106,39.751854,0.538961336200601
0.0,742.975441940918,3.8418705,39.739349,0.5392463480158458
0.0,742.9922915787954,3.842031,39.751854,0.539531363427976
0.0,742.9809792935308,3.8422315,39.789291,0.5398163773673973
0.0,742.9882428637039,3.8420711,39.751854,0.540101391226421
0.0,742.9844422036846,3.8423116,39.76432,0.5403864064942445
0.0,742.9856450431658,3.8425922,39.714378,0.5406714222234876
0.0,743.0006860584031,3.8423517,39.776787,0.5409564408557807
0.0,742.9904829719692,3.8427527,39.726883,0.5412414584408952
0.0,742.9921003674339,3.8425121,39.801758,0.5415264737796759
0.0,742.9893433777061,3.8431537,39.789291,0.5418114909276321
0.0,742.9895992553522,3.8431938,39.751854,0.5420965053069743
0.0,742.9741751741689,3.8430336,39.789291,0.5423815166362763
0.0,742.9913934665051,3.8430336,39.839233,0.5426665317038865
0.0,742.9823802265885,3.8431137,39.751854,0.5429515461807177
0.0,742.9950982354148,3.8433542,39.739349,0.5432365626694949
0.0,742.9892795110103,3.8433142,39.76432,0.5435215797929515
0.0,742.9957280236439,3.8435547,39.776787,0.5438065965233185
0.0,742.9872172277798,3.8436351,39.676941,0.5440916128556653
0.0,742.9880835610456,3.8436751,39.751854,0.5443766266535798
0.0,742.9840536926088,3.8437953,39.76432,0.5446616417723671
0.0,742.9794840730941,3.8436751,39.751854,0.5449466551382087
0.0,742.9899868791399,3.8440361,39.726883,0.5452316696662451
0.0,742.9832708230017,3.8441563,39.751854,0.5455166844847169
0.0,742.9904576340136,3.8442767,39.726883,0.5458016991933372
0.0,742.9762685114292,3.8442767,39.751854,0.5460867113256616
0.0,742.9810376244228,3.8443167,39.701912,0.5463717224207209
0.0,742.984912380435,3.8445573,39.76432,0.5466567378689082
0.0,742.9924565212608,3.8446376,39.76432,0.5469417533443113
0.0,742.9848877834694,3.8448782,39.751854,0.547226768783063
0.0,742.9918390743052,3.8445573,39.789291,0.5475117840216105
0.0,742.9836782548675,3.8451188,39.801758,0.5477967989963766
0.0,742.9935322234275,3.8450387,39.776787,0.5480818148844241
0.0,742.9723615108268,3.8451588,39.839233,0.5483668255179892
0.0,742.9828314207491,3.8453994,39.751854,0.5486518401679024
0.0,742.9922592548827,3.8455198,39.714378,0.548936855567633
0.0,742.9874781399095,3.8454397,39.701912,0.549221872000068
0.0,742.9970330480262,3.8455198,39.751854,0.5495068892310487
0.0,742.986783953333,3.8454797,39.739349,0.5497919053971877
0.0,742.9990640162814,3.8459208,39.76432,0.5500769234072576
0.0,742.9951046302558,3.8458407,39.751854,0.5503619427652802
0.0,743.001895989619,3.8460813,39.801758,0.5506469618617087
0.0,742.9949892621606,3.8461614,39.776787,0.5509319811754751
0.0,742.9914311742236,3.8460009,39.801758,0.5512169962575502
0.0,742.9821056669173,3.846442,39.776787,0.5515020106290579
0.0,742.9978726158022,3.8464019,39.839233,0.5517870281821008
0.0,742.9927992942418,3.8463619,39.739349,0.5520720466557766
0.0,742.9875867208638,3.8468833,39.8517,0.5523570631298641
0.0,743.0019975767492,3.8467228,39.776787,0.5526420822652619
0.0,742.984575858814,3.8467629,39.814266,0.5529270975843567
0.0,743.0031369628988,3.8470435,39.8517,0.5532121171568284
0.0,742.9919210146262,3.8470035,39.814266,0.5534971352935886
0.0,743.0028373153974,3.847244,39.776787,0.5537821547511141
0.0,742.9957273688059,3.8474445,39.839233,0.5540671743480247
0.0,743.0061221476573,3.8473244,39.801758,0.5543521950656276
0.0,742.9957403207917,3.8476853,39.76432,0.5546372146675067
0.0,743.0015839515266,3.8477654,39.789291,0.5549222336442359
0.0,742.9966629727202,3.8477254,39.8517,0.5552072536000522
0.0,743.0031116938612,3.8478858,39.826733,0.5554922731628307
0.0,742.9919335638896,3.847966,39.776787,0.5557772913044048
0.0,743.0016725566207,3.8481665,39.864166,0.5560623131819409
0.0,743.0061788979107,3.8479259,39.826733,0.5563473339213135
0.0,742.9948818169327,3.8482466,39.751854,0.5566323531938632
0.0,742.9980827485533,3.848367,39.826733,0.556917370827514
0.0,742.9901203392856,3.8487279,39.801758,0.5572023882735194
0.0,742.9975673282889,3.8485274,39.839233,0.5574874057094527
0.0,742.9893627626091,3.848768,39.801758,0.5577724228648452
0.0,742.9981785129303,3.8490486,39.776787,0.5580574405352317
0.0,742.9876371233714,3.8488884,39.826733,0.558342457028654
0.0,742.9981334446086,3.8492091,39.8517,0.5586274746817521
0.0,742.9834673916354,3.8492491,39.76432,0.5589124895756293
0.0,742.9976179633624,3.8493695,39.889141,0.5591975070309864
0.0,742.988172399541,3.8496101,39.839233,0.5594825237297453
0.0,742.9834177829083,3.84953,39.839233,0.559767538604592
0.0,742.999782623289,3.8498507,39.801758,0.5600525568903231
0.0,742.9888401938861,3.849931,39.814266,0.5603375738452536
0.0,742.9979682948455,3.8499711,39.76432,0.5606225914349995
0.0,742.9924113931839,3.8500111,39.864166,0.5609076097598731
0.0,742.9960086527576,3.8502517,39.76432,0.5611926265978909
0.0,742.9860710176555,3.8500512,39.751854,0.5614776424905416
0.0,742.995601130846,3.8501315,39.826733,0.5617626591722319
0.0,742.9842758719716,3.8505726,39.814266,0.5620476743762491
0.0,742.9997190731389,3.8505325,39.826733,0.5623326926376019
0.0,742.9952314730741,3.8508132,39.789291,0.5626177120442826
0.0,742.9901069120823,3.8507731,39.801758,0.5629027266183643
0.0,742.9855687125396,3.8509736,39.751854,0.5631877423183264
0.0,742.9879374517502,3.8512142,39.826733,0.5634727589269573
0.0,742.9923042742961,3.8510537,39.864166,0.5637577743439577
0.0,742.9907122435843,3.8512943,39.826733,0.5640427920170228
0.0,742.9970204014338,3.8514147,39.839233,0.5643278092431522
0.0,742.9804708483309,3.8512943,39.826733,0.5646128229875294
0.0,742.9944481829655,3.8517356,39.864166,0.5648978392269434
0.0,742.9828570672894,3.8516953,39.826733,0.5651828538866948
0.0,742.993996910597,3.8519361,39.8517,0.5654678699529986
0.0,742.9847286170635,3.8519762,39.76432,0.5657528853306927
0.0,742.9894709826842,3.8520162,39.814266,0.5660378996608288
0.0,742.9848939235534,3.8522568,39.826733,0.566322915101936
0.0,742.9999924879651,3.8523371,39.889141,0.5666079334681721
0.0,742.9901775289342,3.8524973,39.839233,0.566892950936116
0.0,742.9848497585361,3.8524973,39.8517,0.5671779663602811
0.0,742.9952884460994,3.8526177,39.814266,0.567462982922024
0.0,742.9854797119151,3.8528984,39.839233,0.5677479985878446
0.0,742.9968666405615,3.8526978,39.826733,0.5680330157549907
0.0,742.9794894558225,3.8530989,39.801758,0.5683180291228972
0.0,742.9884270568205,3.8533797,39.8517,0.5686030430525782
0.0,742.9794257479239,3.8532193,39.901646,0.5688880563960459
0.0,742.989885413769,3.8534198,39.789291,0.5691730708851598
0.0,742.9873706453644,3.8536203,39.914112,0.5694580872763588
0.0,742.9843409747319,3.8536203,39.814266,0.5697430996385993
0.0,742.9785358472709,3.8537407,39.8517,0.5700281126406933
0.0,742.9884206844113,3.8537807,39.826733,0.5703131265679299
0.0,742.9845243083021,3.8539813,39.814266,0.5705981418672494
0.0,742.9856957992833,3.8539813,39.889141,0.5708831576159631
0.0,742.9995789118555,3.8543823,39.839233,0.5711681758235494
0.0,742.9901385520373,3.854342,39.839233,0.5714531932765414
0.0,742.9931440620574,3.8544624,39.8517,0.5717382090156884
0.0,742.987846717455,3.8546228,39.826733,0.5720232255895129
0.0,742.9925133329054,3.8544624,39.839233,0.5723082410867091
0.0,742.9912468726969,3.8549435,39.864166,0.5725932589648626
0.0,742.9980640594272,3.8548634,39.876675,0.5728782765913442
0.0,742.9844482711229,3.8549035,39.95155,0.5731632918614952
0.0,742.994118163997,3.855104,39.814266,0.5734483079743123
0.0,742.987351004258,3.8553848,39.826733,0.573733324357977
0.0,743.0008458859562,3.8554649,39.839233,0.5740183430515806
0.0,742.9886365694251,3.855505,39.801758,0.5743033599283991
0.0,742.983506198071,3.8560264,39.876675,0.5745883748371627
0.0,742.9918387446343,3.855545,39.876675,0.5748733900755837
0.0,742.9922703783438,3.8560665,39.889141,0.5751584083463628
0.0,742.9886244819972,3.8560264,39.889141,0.5754434223517771
0.0,742.9796743919593,3.856307,39.864166,0.5757284357906268
0.0,743.000266414794,3.8561065,39.776787,0.5760134542619425
0.0,742.9925251747412,3.8565075,39.901646,0.5762984726304637
0.0,743.0017751389455,3.8565879,39.889141,0.5765834916805332
0.0,742.992996412526,3.856668,39.839233,0.5768685102298253
0.0,742.9980826998495,3.8568285,39.839233,0.5771535278634575
0.0,742.9923152143604,3.8571091,39.839233,0.5774385461514361
0.0,743.0016795088106,3.857029,39.889141,0.5777235651648215
0.0,742.9967715540836,3.8572295,39.864166,0.5780085851622906
0.0,742.991589937329,3.8572695,39.889141,0.5782936031720466
0.0,742.9966640634332,3.85743,39.876675,0.5785786202614831
0.0,742.9910425031587,3.8575501,39.901646,0.5788636380612386
0.0,742.9939587639313,3.8575904,39.876675,0.5791486541129092
0.0,742.9886177710071,3.8579912,39.876675,0.5794336709825164
0.0,743.000407101791,3.8580716,39.914112,0.5797186895078004
0.0,742.9806935885994,3.8579512,39.901646,0.5800037033376226
0.0,742.9961410146951,3.8583121,39.876675,0.5802887202264151
0.0,742.986377400376,3.858232,39.876675,0.5805737362365967
0.0,742.9906541921416,3.8585126,39.876675,0.5808587510206177
0.0,742.9892098214154,3.8585527,39.801758,0.5811437681173406
0.0,742.9983247908261,3.8586731,39.864166,0.5814287858438401
0.0,742.9817748212672,3.8587933,39.914112,0.5817138000884325
0.0,742.9822780057012,3.8590341,39.914112,0.581998814526051
0.0,742.9926863933372,3.8590341,39.8517,0.582283830089634
0.0,742.979776417829,3.8592346,39.889141,0.5825688435676216
0.0,742.982966430926,3.8593147,39.939083,0.5828538554025805
0.0,742.9781152684018,3.8596356,39.901646,0.5831388682433367
0.0,742.9856904447242,3.8595552,39.826733,0.5834238811232403
0.0,742.9803493522253,3.8597157,39.926579,0.5837088948210105
0.0,742.9908208556077,3.8596356,39.901646,0.5839939096689644
0.0,742.9832509017494,3.8600366,39.889141,0.5842789244797941
0.0,742.9939581408105,3.8601968,39.914112,0.5845639405312256
0.0,742.9867971494488,3.8601568,39.988987,0.5848489567024268
0.0,742.9895279410539,3.8602772,39.901646,0.5851339710544123
0.0,742.98973750459,3.8603973,39.876675,0.5854189883535591
0.0,742.9857084338797,3.8604777,39.901646,0.5857040041071195
0.0,742.9985098626559,3.8605978,39.889141,0.5859890219046133
0.0,742.9919593446707,3.8606782,39.926579,0.5862740400560773
0.0,742.9967209976555,3.8608787,39.926579,0.5865590571673539
0.0,742.9856001332759,3.8610392,39.901646,0.5868440728793692
0.0,743.0010241100041,3.8611193,39.864166,0.5871290916413405
0.0,742.9893306090736,3.8613999,39.876675,0.5874141087843986
0.0,742.997618952375,3.8614802,39.988987,0.587699126240135
0.0,742.9945812806442,3.8613999,39.901646,0.5879841453973963
0.0,743.0031817995709,3.8618009,39.901646,0.5882691649870676
0.0,742.9912584812516,3.8620415,39.889141,0.5885541828696742
0.0,743.0019659966936,3.8619213,39.914112,0.5888392019929577
0.0,742.9955939835904,3.8621619,39.8517,0.5891242215387006
0.0,742.9947404110343,3.8624024,39.939083,0.5894092407570056
0.0,742.9963836671968,3.8626029,39.939083,0.5896942577388806
0.0,742.9917425850754,3.8624024,39.926579,0.5899792758071937
0.0,743.0024369101612,3.8627634,39.926579,0.5902642951111219
0.0,742.990928197121,3.8628435,40.001495,0.5905493128670286
0.0,743.0006798818318,3.8630843,39.889141,0.5908343314969523
0.0,742.992487149808,3.863004,39.988987,0.5911193498508868
0.0,743.0002214074542,3.8630843,39.864166,0.5914043683049375
0.0,742.9953064604739,3.8634853,39.926579,0.5916893877403839
0.0,742.9994769334585,3.8635254,39.95155,0.5919744059088509
0.0,742.9921496391843,3.8636055,39.889141,0.5922594241333133
0.0,742.9950530199588,3.863806,39.95155,0.5925444406047458
0.0,742.9865102119986,3.8636055,39.826733,0.5928294566658752
0.0,742.9894129455429,3.8641269,39.939083,0.5931144738405183
0.0,742.9990056905245,3.864167,39.95155,0.5933994918282142
0.0,742.995497646379,3.864207,39.864166,0.5936845113370012
0.0,743.0023289629002,3.8645279,39.914112,0.5939695305995203
0.0,742.9911701027187,3.8645279,39.939083,0.5942545484482241
0.0,743.0066184758645,3.8647285,39.901646,0.594539569356221
0.0,742.9972610778796,3.8648889,39.901646,0.5948245895414757
0.0,743.0021693917577,3.8650491,39.914112,0.5951096087427824
0.0,742.9919593569489,3.8650491,39.95155,0.595394626894251
0.0,742.9979362997851,3.8650894,39.889141,0.5956796444717235
0.0,742.9870646287366,3.8651295,39.95155,0.5959646607455319
0.0,743.0001266805889,3.8655705,39.901646,0.5962496791632449
0.0,742.9876379167426,3.8656907,39.939083,0.5965346956569716
0.0,742.9979164878135,3.8658912,39.964054,0.596819713226844
0.0,742.9918571231696,3.8659716,40.001495,0.5971047313390949
0.0,742.9914242522638,3.8660116,39.914112,0.5973897492852926
0.0,743.0029596546035,3.8660917,39.914112,0.5976747687897481
0.0,742.9869378958074,3.8663726,39.95155,0.5979597850149407
0.0,742.9996746148413,3.866533,39.988987,0.5982448032592391
0.0,742.9944927191672,3.8666131,39.939083,0.5985298223825274
0.0,743.0006861441461,3.8667336,39.901646,0.5988148410148534
0.0,742.9947091366123,3.8668938,39.914112,0.5990998602211612
0.0,742.9960909165903,3.8669741,39.876675,0.5993848770907358
0.0,742.9949324386047,3.8672948,39.889141,0.5996698963827043
0.0,742.9990890403681,3.8672147,39.976521,0.5999549144023735
0.0,742.9877392836866,3.8672547,39.988987,0.6002399309349854
0.0,743.0034047135659,3.8675756,40.001495,0.6005249506101676
0.0,742.9948741381954,3.8676958,39.976521,0.6008099698797715
0.0,742.9974463799042,3.8677762,39.964054,0.6010949901361097
0.0,742.9955179398012,3.8680968,39.914112,0.6013800067858875
0.0,742.9935627183737,3.8680568,39.926579,0.6016650255524195
0.0,742.9947731842244,3.8681772,39.988987,0.6019500419165056
0.0,742.9972939271753,3.8682573,39.939083,0.6022350621143615
0.0,742.9989363540468,3.8685381,39.976521,0.6025200800754595
0.0,742.9876564959962,3.8686182,39.976521,0.6028050965763134
0.0,742.9923546044598,3.8686583,39.95155,0.6030901120126207
0.0,742.9868412780409,3.8688989,39.964054,0.6033751282007499
0.0,742.992175843648,3.8690593,39.95155,0.6036601435684836
0.0,742.9855939936012,3.8691797,39.988987,0.6039451592781437
0.0,743.0030478388013,3.8692999,40.001495,0.604230178816427
0.0,743.0021239822239,3.8694203,39.95155,0.604515200867134
0.0,743.0007619286567,3.8694603,39.939083,0.6048002223953454
0.0,743.0081909940939,3.869741,39.95155,0.6050852439065677
0.0,742.9862372400931,3.8697009,39.926579,0.6053702598629828
0.0,742.9957277551596,3.8698614,39.926579,0.6056552765932468
0.0,742.981781389039,3.8703024,39.914112,0.6059402908403587
0.0,742.9886372747007,3.8703425,39.95155,0.6062253048506805
0.0,742.9818837807969,3.8705029,39.939083,0.6065103191370708
0.0,742.9944617203446,3.8706234,39.95155,0.6067953353816778
0.0,742.9863135705147,3.8706634,39.964054,0.6070803513673738
0.0,742.9999355780944,3.8707838,39.95155,0.607365369711779
0.0,742.992334477096,3.8710244,40.001495,0.6076503880071469
0.0,742.9956389609376,3.8709843,39.939083,0.6079354047033492
0.0,742.9910554062367,3.871305,39.964054,0.6082204225080544
0.0,742.9920485530001,3.8715858,39.976521,0.6085054406937394
0.0,742.9974145928547,3.8717461,39.964054,0.6087904580710825
0.0,742.9848872096719,3.8717864,40.013962,0.6090754735096141
0.0,742.9945948756613,3.8719065,40.013962,0.6093604898053002
0.0,742.9907877071705,3.872107,39.964054,0.6096455075073138
0.0,742.9932962355572,3.872067,39.939083,0.6099305233048352
0.0,742.9888144738816,3.872067,39.914112,0.6102155402498994
0.0,742.9947474029793,3.8722675,39.964054,0.6105005566040957
0.0,742.9841430480709,3.8726685,40.051395,0.6107855717571605
0.0,742.9883762138355,3.8727486,40.013962,0.6110705856673381
0.0,742.9849574607862,3.8726685,39.988987,0.6113556011328186
0.0,742.9970579626319,3.87323,39.964054,0.6116406183733567
0.0,742.9953894433863,3.8730295,40.026463,0.6119256378406361
0.0,742.9997819158,3.8733501,40.001495,0.612210658992906
0.0,742.9968292629231,3.8735106,39.964054,0.6124956761457139
0.0,742.9898775545745,3.8735907,40.001495,0.612780693498585
0.0,742.9921508803387,3.8735507,39.988987,0.6130657088567427
0.0,742.9828006229228,3.8739116,39.964054,0.6133507234948417
0.0,742.9848879500861,3.8739917,40.001495,0.6136357360669044
0.0,742.9800818608641,3.8741522,39.964054,0.6139207496620626
0.0,742.9884082694684,3.8743927,39.988987,0.6142057635845368
0.0,742.9785298535012,3.8743927,40.051395,0.6144907765843316
0.0,742.9871418327455,3.8745131,40.026463,0.6147757900209946
0.0,742.9771424087786,3.8749142,40.038929,0.6150608024885534
0.0,742.9858296302965,3.8747137,39.976521,0.6153458154218493
0.0,742.9829081901134,3.8748341,40.051395,0.6156308301012119
0.0,742.9837290969318,3.8754356,39.988987,0.6159158450954815
0.0,742.9919409673682,3.8752351,39.976521,0.6162008603731156
0.0,742.9841872006053,3.8755958,39.988987,0.6164858755431176
0.0,742.9918647700117,3.8757563,40.013962,0.6167708907915221
0.0,742.9855370116575,3.8758366,39.988987,0.6170559064793234
0.0,742.9897255006774,3.8757563,39.964054,0.6173409209070938
0.0,742.9853063970205,3.8759968,40.013962,0.6176259365064294
0.0,742.9966634049099,3.8762376,40.038929,0.6179109535956132
0.0,742.9853964965369,3.8762376,39.988987,0.6181959692295117
0.0,742.9905276785369,3.8762777,40.013962,0.6184809839650014
0.0,742.9815840751235,3.8765583,39.988987,0.618765998136422
0.0,742.9870073343933,3.8767989,39.976521,0.6190510115214908
0.0,742.9857465439412,3.8770397,40.001495,0.6193360272896705
0.0,742.9816475638577,3.8773603,39.976521,0.619621041485446
0.0,742.9869820414131,3.8770797,39.939083,0.6199060548608122
0.0,742.9936842386264,3.8773603,39.964054,0.6201910736739603
0.0,742.9983561756577,3.8773203,40.001495,0.6204760914124992
0.0,742.9928303118464,3.8775208,40.013962,0.6207611098980736
0.0,742.9956773159242,3.8780019,40.001495,0.621046126608989
0.0,742.987401541211,3.8780019,39.976521,0.62133114301204
0.0,742.9980451134811,3.8782024,40.001495,0.6216161606312538
0.0,742.989349884292,3.8783629,40.001495,0.6219011777817061
0.0,742.9931312081673,3.8783629,40.038929,0.6221861935159223
0.0,742.9825520638111,3.878443,40.038929,0.6224712080586717
0.0,742.9895411250242,3.8787639,40.026463,0.6227562224157148
0.0,742.9789993948589,3.8788843,40.051395,0.6230412355956296
0.0,742.97897450506,3.8791649,40.038929,0.6233262487659966
0.0,742.9911269610567,3.879245,39.988987,0.623611263731374
0.0,742.9817876758466,3.8794055,40.07637,0.6238962779808975
0.0,742.9944416272011,3.8794456,40.038929,0.6241812942177968
0.0,742.9828758908776,3.8795259,40.051395,0.6244663088847691
0.0,742.9808021739304,3.8798065,40.026463,0.6247513198895085
0.0,742.9908322380758,3.8800874,40.038929,0.6250363376086046
0.0,743.004377618786,3.8801675,40.026463,0.6253213576569979
0.0,742.9937349591373,3.8804481,40.013962,0.6256063764896028
0.0,742.9990443868463,3.8805685,40.013962,0.6258913944921428
0.0,742.9879238412478,3.8805285,39.988987,0.6261764110955526
0.0,742.9883310472878,3.8806889,40.038929,0.626461424988404
0.0,742.9823356836097,3.8810096,39.95155,0.6267464394481481
0.0,742.9868420705936,3.88117,40.051395,0.6270314556365814
0.0,742.9986056395159,3.8812101,39.976521,0.6273164734708158
0.0,742.9874149321397,3.88113,40.051395,0.6276014898790035
0.0,742.9871029890847,3.8814106,40.063904,0.627886503300766
0.0,742.9812787671477,3.8814907,40.038929,0.6281715173550678
0.0,742.9920487433478,3.8818517,40.038929,0.6284565326740453
0.0,742.9772303356814,3.8817716,40.013962,0.6287415451753338
0.0,742.9859387251643,3.8821726,40.063904,0.6290265581504789
0.0,742.977428076671,3.8822927,40.101341,0.6293115707276224
0.0,742.9915390973375,3.8823731,40.013962,0.6295965858510973
0.0,742.9862240928852,3.8826537,40.051395,0.6298816018024689
0.0,742.9938256329665,3.8828943,40.001495,0.6301666178030698
0.0,742.979680825081,3.8826537,39.976521,0.6304516312443872
0.0,742.9733732611953,3.8830948,40.013962,0.6307366422660685
0.0,742.9783828494902,3.8829746,40.026463,0.6310216523427434
0.0,742.9785351879358,3.8832152,40.001495,0.6313066653445845
0.0,742.9815022383323,3.8833356,40.101341,0.631591676617872
0.0,742.9729524261228,3.8834558,39.976521,0.6318766874781173
0.0,742.9936275609309,3.8839371,40.07637,0.6321617034027368
0.0,742.9789934010892,3.8838568,40.038929,0.6324467165803523
0.0,742.9827498772667,3.8840973,40.026463,0.6327317283322401
0.0,742.97134912527,3.8842578,40.088875,0.6330167385774453
0.0,742.9894271229512,3.8844583,40.038929,0.6333017528907566
0.0,742.9763083181225,3.8844984,40.013962,0.6335867650383512
0.0,742.9840102235707,3.8844583,40.051395,0.6338717772737139
0.0,742.9785031082736,3.8848593,40.07637,0.6341567902632489
0.0,742.9864086627246,3.8849797,40.001495,0.6344418062854231
0.0,742.9839583670166,3.8853407,40.113808,0.6347268185008934
0.0,742.9765174974102,3.8852203,40.038929,0.6350118307287309
0.0,742.9773387764922,3.8856213,40.013962,0.6352968404048944
0.0,742.9744298844149,3.8856213,40.07637,0.6355818518319055
0.0,742.9790829261703,3.8857415,40.038929,0.6358668621771333
0.0,742.9761801578618,3.8857818,40.088875,0.6361518742755644
0.0,742.9830618048549,3.8860624,40.07637,0.636436886147109
0.0,742.9679126181935,3.8860223,40.113808,0.6367218950740404
0.0,742.9723686924773,3.8864634,40.051395,0.6370069028436558
0.0,742.9710242124082,3.8866239,40.051395,0.6372919129642216
0.0,742.9739464359185,3.886744,40.088875,0.637576921339067
0.0,742.9682231022159,3.8869445,40.113808,0.6378619303851026
0.0,742.9625398278117,3.8869445,40.088875,0.638146937250985
0.0,742.9753404249858,3.887145,40.088875,0.6384319461605714
0.0,742.9689809600615,3.8876665,40.063904,0.6387169554973279
0.0,742.9801077610001,3.8875461,40.063904,0.6390019662356872
0.0,742.9697447871205,3.8877065,40.07637,0.6392869758654544
0.0,742.9772493710183,3.8879874,39.976521,0.6395719855073215
0.0,742.9697257318851,3.8880675,40.051395,0.6398569951297789
0.0,742.9808719374864,3.8880274,40.001495,0.64014200616128
0.0,742.9702289766865,3.8883481,40.07637,0.6404270159767865
0.0,742.9742708269487,3.8884685,40.07637,0.6407120244760698
0.0,742.9707701852351,3.888629,40.051395,0.6409970344991887
0.0,742.9796121283555,3.8887894,40.07637,0.6412820450474208
0.0,742.9708339909495,3.8888295,40.063904,0.6415670550950161
0.0,742.9690832544128,3.8888295,40.063904,0.6418520644710135
0.0,742.9823296848201,3.8893907,40.038929,0.6421370760617134
0.0,742.9764086350824,3.8895512,40.07637,0.6424220882477905
0.0,742.9855054829895,3.8898721,40.07637,0.6427071010567419
0.0,742.9655883243505,3.8896716,40.138779,0.642992109092054
0.0,742.9763715833163,3.8899922,40.063904,0.6432771183971975
0.0,742.9765626387427,3.8899922,40.088875,0.6435621306423516
0.0,742.9893622909523,3.8901927,40.113808,0.6438471449307931
0.0,742.9828125734232,3.8904736,40.038929,0.6441321595734762
0.0,742.9933733234957,3.8905137,40.101341,0.6444171754005691
0.0,742.9816476244297,3.8907542,40.07637,0.6447021895963677
0.0,742.9929011285884,3.8909547,40.063904,0.6449872052423242
0.0,742.9801074709793,3.8911552,40.101341,0.6452722188473068
0.0,742.9769630640985,3.8910351,40.088875,0.6455572312460675
0.0,742.984518648919,3.8913558,40.013962,0.6458422436764646
0.0,742.9797380026562,3.8916767,40.101341,0.6461272571397157
0.0,742.9830229008261,3.8917167,40.07637,0.6464122689963367
0.0,742.9764286918032,3.8918371,40.001495,0.6466972811901076
0.0,742.9767915439088,3.8920777,40.088875,0.6469822906563502
0.0,742.9710364070386,3.8924787,40.113808,0.6472673007815939
0.0,742.9751938303111,3.8926392,40.051395,0.6475523096349458
0.0,742.9653400832422,3.8927193,40.026463,0.6478373175750304
0.0,742.9734745704775,3.8923984,40.088875,0.648122325768866
0.0,742.9684212704842,3.8929198,40.07637,0.6484073348909207
0.0,742.9766643703483,3.8930402,40.088875,0.6486923443083787
0.0,742.9663591585335,3.8931603,40.088875,0.6489773526393895
0.0,742.9653529981889,3.8930402,40.101341,0.6492623605844284
0.0,742.9769186198572,3.8934009,40.088875,0.6495473700994179
0.0,742.9730097741591,3.893842,40.113808,0.6498323809816623
0.0,742.9802215799226,3.8939223,40.088875,0.6501173917636831
0.0,742.9766072547764,3.8939624,40.026463,0.6504024040259523
0.0,742.9770202931396,3.8942029,40.101341,0.6506874135799441
0.0,742.9772049087147,3.894243,40.101341,0.6509724260714785
0.0,742.9841115178648,3.894604,40.063904,0.6512574383456982
0.0,742.9762375181762,3.8946843,40.101341,0.6515424504661332
0.0,742.9817247739526,3.8949249,40.088875,0.6518274618247865
0.0,742.9736848076845,3.8951654,40.07637,0.6521124729659797
0.0,742.9857154937766,3.8953259,40.088875,0.6523974858554922
0.0,742.9795787016002,3.8952055,40.101341,0.6526824992576342
0.0,742.9816422297666,3.8955665,40.088875,0.652967510584623
0.0,742.9778801131108,3.8957269,40.026463,0.6532525233351717
0.0,742.9832769139732,3.895767,40.113808,0.65353753815598
0.0,742.9817556457581,3.8959675,40.101341,0.6538225495264758
0.0,742.9816220636316,3.8960075,40.101341,0.6541075637124691
0.0,742.9813806435972,3.8962884,40.101341,0.6543925749391123
0.0,742.9779431739524,3.8963685,40.07637,0.6546775877138516
0.0,742.9827420163249,3.8967295,40.138779,0.654962599462724
0.0,742.9793883696384,3.89697,40.113808,0.655247612791853
0.0,742.9888094320677,3.8970101,40.038929,0.655532626868215
0.0,742.9757534139432,3.8972907,40.07637,0.6558176388029435
0.0,742.9882047037368,3.8973711,40.113808,0.6561026526473289
0.0,742.9797770528126,3.8975315,40.07637,0.6563876661255602
0.0,742.9925777501043,3.8976917,40.101341,0.6566726816474672
0.0,742.9855622061583,3.8978522,40.101341,0.6569576973449333
0.0,742.9762568298197,3.8980527,40.101341,0.6572427094727765
0.0,742.9871411238814,3.8980927,40.126312,0.6575277229091675
0.0,742.9783889491641,3.8982933,40.176216,0.6578127358549102
0.0,742.9823668915861,3.8985741,40.063904,0.6580977474598828
0.0,742.9875995623465,3.8988147,40.126312,0.6583827639388964
0.0,742.9895416503284,3.8987346,40.138779,0.658667778296141
0.0,742.9868031307357,3.8992558,40.063904,0.6589527944696365
0.0,742.9952958558156,3.8989751,40.188721,0.659237811034222
0.0,742.988247936182,3.8991356,40.113808,0.6595228277619574
0.0,742.9916042338368,3.8995767,40.101341,0.6598078429104188
0.0,742.9864854930703,3.8998172,40.113808,0.6600928589620658
0.0,742.9965107187934,3.8999777,40.126312,0.6603778759926786
0.0,742.9931433843016,3.9001381,40.113808,0.6606628945983503
0.0,742.9880888551091,3.9002583,40.07637,0.6609479112650609
0.0,742.997790327413,3.9006193,40.088875,0.6612329287865376
0.0,742.9893940855296,3.9006994,40.151283,0.6615179459539459
0.0,742.9957028649059,3.9008198,40.113808,0.6618029626746619
0.0,742.9809412927445,3.9008999,40.188721,0.6620879765995056
0.0,743.0021951242991,3.9010603,40.138779,0.6623729958106835
0.0,742.996637716624,3.9012609,40.126312,0.6626580157568115
0.0,743.0055811047419,3.9015415,40.138779,0.6629430362668678
0.0,742.9881660145085,3.9014213,40.151283,0.6632280529631773
0.0,742.9983245835285,3.9019425,40.113808,0.6635130706895973
0.0,742.9882165031676,3.9019425,40.138779,0.6637980874052747
0.0,742.9935952486826,3.9020629,40.126312,0.6640831033174991
0.0,742.9915512530606,3.902544,40.126312,0.6643681213124155
0.0,742.9830994492781,3.9024639,40.088875,0.6646531360651468
0.0,742.9911966272053,3.9028249,40.188721,0.6649381510572484
0.0,742.9831373641175,3.9028649,40.113808,0.6652231658245241
0.0,742.9837431074843,3.9031055,40.126312,0.6655081779574198
0.0,742.9749258423558,3.903266,40.113808,0.6657931895746846
0.0,742.9879362579163,3.903306,40.138779,0.6660782033160929
0.0,742.9844235642681,3.9034665,40.138779,0.6663632185767662
0.0,742.9858684487868,3.9039075,40.188721,0.666648231524953
0.0,742.9797066787124,3.9039075,40.138779,0.6669332449761881
0.0,742.9952253600669,3.9042284,40.176216,0.667218261513731
0.0,742.9894449155205,3.9041884,40.138779,0.6675032787006381
0.0,742.9997375547626,3.904469,40.16375,0.6677882969690805
0.0,742.9930539074905,3.9046295,40.101341,0.6680733155404281
0.0,742.9872806066248,3.9045894,40.101341,0.6683583318970876
0.0,742.9944550311566,3.9051907,40.16375,0.6686433481391286
0.0,742.9815398493295,3.9051507,40.176216,0.6689283622935839
0.0,742.9939201768859,3.9054716,40.176216,0.6692133783304522
0.0,742.9849449608398,3.905632,40.126312,0.6694983937911377
0.0,742.9921507217447,3.9057522,40.16375,0.6697834091492346
0.0,742.9822968894522,3.9057922,40.113808,0.670068423594097
0.0,742.994079028114,3.906033,40.151283,0.6703534396919014
0.0,742.992124700273,3.9063137,40.176216,0.6706384579067972
0.0,742.9919028321622,3.9064341,40.188721,0.6709234731698024
0.0,742.9910174668411,3.9066746,40.201187,0.6712084909599538
0.0,742.9947606479315,3.9069552,40.138779,0.671493507319231
0.0,742.9752059552167,3.9067547,40.151283,0.6717785190439495
0.0,742.9838629837086,3.9071558,40.138779,0.6720635340895792
0.0,742.9884907283206,3.9071958,40.101341,0.672348548043685
0.0,742.979801905777,3.9073963,40.16375,0.67263356153145
0.0,742.9869444069549,3.9076772,40.16375,0.6729185748923795
0.0,742.9817429247537,3.9077172,40.201187,0.6732035891247362
0.0,742.9881725384181,3.9079578,40.16375,0.6734886029567829
0.0,742.9761613709032,3.9080381,40.07637,0.6737736150480071
0.0,742.9885733948797,3.9084792,40.126312,0.6740586290338243
0.0,742.983696773549,3.9083989,40.176216,0.6743436440156944
0.0,742.9937606300953,3.9087198,40.063904,0.6746286599913598
0.0,742.9829839837765,3.9090807,40.16375,0.6749136746997975
0.0,742.9857799838264,3.9090405,40.16375,0.6751986876140487
0.0,742.984536747267,3.9092813,40.16375,0.67548370291814
0.0,742.9919214054797,3.9095619,40.176216,0.67576872105505
0.0,742.9996677543718,3.9098024,40.138779,0.6760537392967167
0.0,742.9889997638328,3.9096019,40.16375,0.6763387563128598
0.0,742.9952250911733,3.9100029,40.138779,0.6766237728502995
0.0,742.9860401097353,3.910404,40.201187,0.6769087887310936
0.0,743.0018320971105,3.910404,40.126312,0.6771938078030125
0.0,742.9938688817252,3.9105644,40.176216,0.6774788266869914
0.0,743.0141618148363,3.9106445,40.151283,0.6777638504886493
0.0,742.9955051049286,3.9110456,40.176216,0.6780488700002976
0.0,743.0021380930785,3.9110055,40.151283,0.678333889189598
0.0,742.9970828194039,3.9113665,40.16375,0.6786189093064713
0.0,743.0105651278391,3.9114065,40.201187,0.6789039317284228
0.0,742.9918439397412,3.9115269,40.213692,0.6791889498356163
0.0,742.9883500842191,3.9116874,40.188721,0.6794739666025367
0.0,743.0000561723573,3.9119279,40.176216,0.6797589849932023
0.0,742.9994893390085,3.9121284,40.213692,0.6800440060332372
0.0,742.9978660845943,3.912369,40.213692,0.6803290235837748
0.0,742.9955170431509,3.9126496,40.28857,0.6806140431000026
0.0,743.0011641861583,3.9126496,40.226158,0.6808990619157077
0.0,742.9893948913837,3.9130106,40.138779,0.6811840790834252
0.0,742.9991835476575,3.9130507,40.201187,0.6814690971393478
0.0,742.9884776471492,3.9130507,40.113808,0.6817541139552024
0.0,742.9969120387588,3.9134917,40.16375,0.6820391311397633
0.0,742.996159337679,3.9138927,40.213692,0.682324150902381
0.0,743.0066133607476,3.9138527,40.151283,0.6826091718084156
0.0,743.0020162560317,3.9140933,40.126312,0.6828941938177978
0.0,743.0025952331054,3.9142137,40.201187,0.6831792160492807
0.0,742.9949514690495,3.9143341,40.213692,0.6834642324817576
0.0,742.9908072385924,3.9144943,40.251133,0.6837492501912636
0.0,743.0002218713673,3.9147351,40.238625,0.6840342686454923
0.0,742.9987513907511,3.9149356,40.226158,0.6843192894024439
0.0,743.0056646377358,3.9152963,40.251133,0.6846043099445438
0.0,742.9985342531942,3.9155371,40.201187,0.6848893306181996
0.0,743.0070129359743,3.9155371,40.226158,0.6851743516775133
0.0,742.9924303389395,3.9156573,40.226158,0.6854593700096546
0.0,742.9981724943392,3.9156973,40.113808,0.6857443876777324
0.0,742.995765540872,3.9162989,40.201187,0.6860294072892861
0.0,743.001679020341,3.9161787,40.188721,0.6863144263024841
0.0,742.9936527816697,3.9165797,40.213692,0.6865994451035651
0.0,742.9948048638056,3.9166198,40.188721,0.6868844643465948
0.0,743.0079877578285,3.9167802,40.213692,0.6871694857798547
0.0,743.0015390977366,3.9170208,40.188721,0.6874545076061949
0.0,743.0074332264422,3.9170208,40.188721,0.687739528826734
0.0,743.0104497742122,3.9172213,40.176216,0.6880245540712868
0.0,743.0161156220975,3.9175823,40.16375,0.6883095786224346
0.0,743.0017360819846,3.9176223,40.201187,0.6885946005243396
0.0,743.0046015089014,3.9180634,40.176216,0.6888796206586182
0.0,742.9962817368406,3.9182639,40.226158,0.6891646404681891
0.0,743.0015771035401,3.918344,40.176216,0.6894496594422914
0.0,742.992874916625,3.9185848,40.151283,0.6897346779449766
0.0,743.0012662251279,3.9188254,40.138779,0.6900196967998243
0.0,742.9898455848015,3.9187853,40.176216,0.6903047141404317
0.0,742.9965040377568,3.9192665,40.238625,0.6905897340352792
0.0,743.0036912873966,3.919507,40.126312,0.6908747538203925
0.0,742.9957206678164,3.9193869,40.226158,0.6911597734147326
0.0,743.001864482619,3.9195471,40.188721,0.6914447924990748
0.0,742.9967201134608,3.9199481,40.151283,0.6917298124768108
0.0,742.9945952055368,3.9199481,40.213692,0.6920148287726233
0.0,742.9770584614197,3.9201889,40.263599,0.6922998412079794
0.0,742.9821766317885,3.9204295,40.238625,0.6925848527399674
0.0,742.9753909889645,3.9208705,40.188721,0.6928698645356666
0.0,742.9882102461365,3.92063,40.176216,0.693154878382178
0.0,742.9769625877074,3.9208705,40.238625,0.6934398907807561
0.0,742.9877080341944,3.9211111,40.238625,0.6937249044346167
0.0,742.9852952892086,3.9215121,40.201187,0.6940099200296911
0.0,742.9813489198324,3.9215522,40.138779,0.6942949341109041
0.0,742.9852897345784,3.9217527,40.226158,0.6945799468370933
0.0,742.979521755877,3.9220335,40.226158,0.6948649602173905
0.0,742.9891915991985,3.9221537,40.16375,0.6951499744403538
0.0,742.9778155385814,3.9223943,40.213692,0.6954349871661311
0.0,742.9847804296986,3.9224746,40.213692,0.6957199996969485
0.0,742.9864792924143,3.9227552,40.138779,0.6960050157462169
0.0,742.9858931436119,3.9228756,40.28857,0.6962900287038768
0.0,742.9828002071038,3.9229958,40.188721,0.6965750433418161
0.0,742.9965370490806,3.9234371,40.263599,0.6968600603825292
0.0,742.9827613407099,3.9235973,40.188721,0.6971450750055591
0.0,742.9875810558581,3.9236777,40.188721,0.6974300886107102
0.0,742.9778794658491,3.9239182,40.251133,0.6977151013610107
0.0,742.9810938678454,3.9239182,40.213692,0.6980001153443834
0.0,742.9803690903497,3.9242392,40.263599,0.69828512618299
0.0,742.9696433591953,3.9245198,40.201187,0.6985701357738485
0.0,742.9853974260427,3.9246402,40.188721,0.6988551485413488
0.0,742.9781340664106,3.9249609,40.276104,0.6991401613893161
0.0,742.9867527799747,3.9251213,40.238625,0.6994251746767366
0.0,742.9797322405337,3.9252014,40.226158,0.6997101881377774
0.0,742.9928003954102,3.9257629,40.263599,0.6999952037450923
0.0,742.9825835704943,3.9256024,40.188721,0.7002802182999279
0.0,742.9813551674664,3.9257629,40.263599,0.7005652295167983
0.0,742.9717816427706,3.9261239,40.213692,0.700850239927921
0.0,742.9834565948403,3.9264045,40.251133,0.7011352519509091
0.0,742.9752513408838,3.926605,40.213692,0.7014202636930379
0.0,742.9739650312533,3.926605,40.226158,0.7017052749417273
0.0,742.9825392314896,3.9268456,40.188721,0.7019902866128104
0.0,742.9852314100301,3.926966,40.226158,0.7022753021833803
0.0,742.9863331973477,3.9272065,40.226158,0.7025603153098469
0.0,742.9807182956588,3.927407,40.176216,0.702845329149147
0.0,742.9885996768726,3.9276476,40.213692,0.703130343145046
0.0,742.9860337494638,3.9278481,40.213692,0.7034153590234002
0.0,742.9879502596177,3.9279685,40.188721,0.7037003727701796
0.0,742.976848684392,3.9282491,40.238625,0.7039853851250634
0.0,742.9797383010343,3.9284096,40.238625,0.704270395721696
0.0,742.9721893678789,3.9286904,40.188721,0.7045554062892255
0.0,742.9816929499692,3.9290111,40.238625,0.704840417635671
0.0,742.9729331022012,3.9291315,40.263599,0.7051254284885033
0.0,742.9833284940677,3.9291716,40.201187,0.7054104404623514
0.0,742.97591912336,3.9295325,40.16375,0.7056954524606474
0.0,742.9780130471053,3.929733,40.326008,0.7059804652621907
0.0,742.9827432856908,3.9301741,40.238625,0.70626547701155
0.0,742.9808460531972,3.9302542,40.213692,0.706550490899859
0.0,742.9866574793061,3.9303346,40.213692,0.7068355041507217
0.0,742.9758243366707,3.9305351,40.213692,0.7071205161126567
0.0,742.9914697363032,3.9306953,40.176216,0.7074055312095243
0.0,742.979572622293,3.9310162,40.16375,0.7076905446093342
0.0,742.9843277181153,3.9310162,40.263599,0.7079755569664893
0.0,742.981603581989,3.9313772,40.238625,0.7082605711453929
0.0,742.9943407112817,3.9315376,40.188721,0.7085455873435803
0.0,742.9854159669775,3.9315376,40.238625,0.7088306029849478
0.0,742.9942397460446,3.9318182,40.28857,0.7091156191444045
0.0,742.9840658516325,3.9320188,40.16375,0.709400634267856
0.0,742.979642910037,3.9322193,40.238625,0.7096856476946289
0.0,742.988814387772,3.9326603,40.313541,0.709970661772892
0.0,742.9757412430505,3.9327807,40.213692,0.7102556737029517
0.0,742.981215201407,3.9327807,40.226158,0.7105406848661304
0.0,742.9786940981381,3.9329009,40.213692,0.7108256979289308
0.0,742.9847858624128,3.9334624,40.226158,0.7111107104618323
0.0,742.9831504742865,3.9335425,40.176216,0.7113957252341372
0.0,742.9870844960013,3.9336228,40.263599,0.7116807386488055
0.0,742.9781089813896,3.934144,40.226158,0.7119657514871501
0.0,742.9924880399252,3.9343045,40.213692,0.7122507669746438
0.0,742.9832832134681,3.9342244,40.201187,0.7125357817978687
0.0,742.9881408973806,3.9342644,40.28857,0.7128207956177777
0.0,742.981265912773,3.934906,40.251133,0.7131058096671484
0.0,742.9844928269937,3.9349461,40.213692,0.7133908249543914
0.0,742.9880194855913,3.9351466,40.213692,0.7136758387277263
0.0,742.9803163564106,3.935307,40.201187,0.713960852412839
0.0,742.9923484035368,3.9352269,40.28857,0.7142458678467676
0.0,742.9829206172096,3.9356279,40.213692,0.7145308825308974
0.0,742.9887016427866,3.9359086,40.276104,0.7148158965659109
0.0,742.9787455389655,3.9359486,40.251133,0.7151009096484445
0.0,742.9834872223087,3.9361091,40.28857,0.7153859216831814
0.0,742.9765618083325,3.93643,40.276104,0.715670933928017
0.0,742.9940537592811,3.9365904,40.226158,0.7159559500161282
0.0,742.983314988019,3.9368711,40.276104,0.716240964851542
0.0,742.9815976613742,3.9371116,40.313541,0.7165259761614342
0.0,742.9807182713072,3.9373522,40.263599,0.716810990000725
0.0,742.9756511441481,3.937633,40.238625,0.7170960018962219
0.0,742.9876702898458,3.9378335,40.276104,0.7173810155356035
0.0,742.9770393572765,3.9380741,40.226158,0.7176660279636311
0.0,742.9835325233031,3.9382746,40.251133,0.7179510400157456
0.0,742.9733480173774,3.9383948,40.213692,0.7182360510277431
0.0,742.9830475837822,3.9387558,40.201187,0.7185210628938326
0.0,742.9792673132941,3.9388361,40.213692,0.7188060761765233
0.0,742.9928513724327,3.9391968,40.301033,0.7190910918033931
0.0,742.9775803587341,3.9392371,40.263599,0.7193761044389535
0.0,742.9946579009164,3.9395578,40.276104,0.7196611207588163
0.0,742.9908068473296,3.9395177,40.251133,0.7199461384681722
0.0,742.9961601798078,3.9397984,40.201187,0.7202311553643165
0.0,742.9816544727566,3.9401193,40.226158,0.7205161695627422
0.0,742.9850724136762,3.9401593,40.28857,0.7208011850723197
0.0,742.9866325031046,3.9403198,40.276104,0.7210861983136014
0.0,742.9823225732362,3.9408813,40.226158,0.7213712127683163
0.0,742.9873896607321,3.9410818,40.226158,0.7216562263000473
0.0,742.9743788839628,3.9410818,40.176216,0.7219412377074942
0.0,742.9781029527738,3.9414828,40.313541,0.7222262476767994
0.0,742.9740094156396,3.9414024,40.263599,0.722511258942515
0.0,742.985505470302,3.9417233,40.226158,0.7227962717514615
0.0,742.9702098486009,3.9418035,40.313541,0.7230812815596304
0.0,742.976301551276,3.942004,40.213692,0.7233662908379093
0.0,742.9683132017323,3.9423649,40.238625,0.723651299918508
0.0,742.9818131654481,3.9425654,40.251133,0.7239363113110685
0.0,742.9696817502212,3.9426455,40.338512,0.7242213209166543
0.0,742.973360077767,3.9430466,40.276104,0.7245063319332782
0.0,742.9806876837971,3.943167,40.251133,0.7247913428940986
0.0,742.9757342613013,3.9433675,40.350979,0.72507635482148
0.0,742.9823735932569,3.943608,40.238625,0.7253613664290235
0.0,742.9734881410305,3.9437284,40.276104,0.7256463774947737
0.0,742.9812535557797,3.9438889,40.28857,0.7259313886726653
0.0,742.9821759057535,3.9441295,40.301033,0.7262164030711172
0.0,742.9888597738956,3.94437,40.213692,0.7265014171667907
0.0,742.9728129855424,3.9444101,40.251133,0.7267864279735454
0.0,742.9778415620331,3.9446106,40.201187,0.7270714378425799
0.0,742.9684722709363,3.9450917,40.301033,0.7273564469841989
0.0,742.977510981335,3.9454927,40.301033,0.727641456726421
0.0,742.9600068318906,3.9454126,40.326008,0.7279264626206242
0.0,742.9621193461444,3.9456933,40.213692,0.7282114693252062
0.0,742.9697963647325,3.9458938,40.301033,0.7284964761080643
0.0,742.967440916091,3.9460542,40.238625,0.7287814848540466
0.0,742.9722854158939,3.9462948,40.276104,0.7290664925917167
0.0,742.9567728012706,3.9466558,40.301033,0.7293514972453178
0.0,742.9750534242814,3.9466958,40.276104,0.7296365060448092
0.0,742.960712968763,3.9470167,40.238625,0.7299215122098927
0.0,742.972997638828,3.9471772,40.201187,0.7302065202207749
0.0,742.9700507184155,3.9473777,40.28857,0.7304915299679
0.0,742.9767462558065,3.9476583,40.251133,0.7307765394167698
0.0,742.9703621910314,3.9479392,40.363483,0.7310615492833784
0.0,742.9729660231654,3.9479792,40.263599,0.7313465572821328
0.0,742.967263047855,3.9482999,40.151283,0.7316315659598833
0.0,742.9747166514038,3.9485004,40.226158,0.7319165774969006
0.0,742.9928125899586,3.9486609,40.276104,0.7322015931088934
0.0,742.9801015142486,3.9486609,40.263599,0.7324866067115908
0.0,742.9907943788,3.949142,40.276104,0.732771621549388
0.0,742.9853963866477,3.9493024,40.238625,0.7330566371832443
0.0,742.9881782637639,3.9494629,40.238625,0.7333416510174873
0.0,742.980393041056,3.9496233,40.263599,0.7336266647320169
0.0,742.9761934691588,3.9497435,40.213692,0.733911673968835
0.0,742.966607716622,3.9501445,40.28857,0.7341966823951948
0.0,742.9847163065638,3.9505455,40.326008,0.7344816949014144
0.0,742.9832390965402,3.950706,40.301033,0.7347667097077155
0.0,742.9803561629947,3.9507864,40.276104,0.7350517205413629
0.0,742.9757157311602,3.9507864,40.188721,0.735336732461636
0.0,742.970795416775,3.951067,40.28857,0.7356217424944338
0.0,742.9842646685083,3.951468,40.263599,0.7359067548274028
0.0,742.9715344393682,3.951468,40.176216,0.7361917651436961
0.0,742.9728519840531,3.9519491,40.251133,0.7364767730987045
0.0,742.9745698013863,3.9519491,40.276104,0.7367617845793889
0.0,742.979006814557,3.95223,40.28857,0.7370467948954199
0.0,742.9741179358172,3.9524705,40.276104,0.7373318062027647
0.0,742.9781287092578,3.9525506,40.326008,0.7376168161819503
0.0,742.9753784159633,3.9528315,40.263599,0.7379018279728263
0.0,742.9790002350547,3.9529917,40.326008,0.7381868382863334
0.0,742.9789741387627,3.9531522,40.276104,0.7384718514565598
0.0,742.9876185927042,3.9535131,40.276104,0.7387568650761102
0.0,742.9883887437265,3.9537137,40.301033,0.7390418818578606
0.0,742.9882165275192,3.9539142,40.28857,0.7393268985735474
0.0,742.997904646674,3.9541948,40.350979,0.7396119161388776
0.0,742.9934671626648,3.9543953,40.28857,0.7398969348687534
0.0,742.9963512935573,3.9545157,40.313541,0.7401819518382099
0.0,742.9868861386136,3.9546762,40.313541,0.740466968043548
0.0,743.0016666543065,3.9550371,40.338512,0.7407519870520023
0.0,742.9937101299106,3.9551573,40.326008,0.7410370058750826
0.0,742.9956321743423,3.9556386,40.28857,0.7413220225686814
0.0,742.9914056603227,3.9557188,40.326008,0.7416070405077472
0.0,743.006460003011,3.9558392,40.276104,0.741892061354953
0.0,742.9911004863832,3.9558792,40.28857,0.7421770791769514
0.0,743.0012139423139,3.9563203,40.363483,0.7424620980117432
0.0,742.995205899384,3.9566009,40.338512,0.7427471174086137
0.0,742.9891525951372,3.9566813,40.276104,0.7430321344833841
0.0,742.9998328554312,3.9568014,40.251133,0.7433171527883844
0.0,742.9857345322549,3.9572425,40.238625,0.7436021685519563
0.0,742.9954792066446,3.9572828,40.251133,0.743887185186876
0.0,742.9813795598848,3.9576838,40.301033,0.7441721992798428
0.0,742.9913052823073,3.957804,40.350979,0.744457214313625
0.0,742.983283591225,3.9581249,40.263599,0.7447422291369947
0.0,742.9897765757212,3.9584055,40.28857,0.7450272435843578
0.0,742.9818830484069,3.958606,40.313541,0.7453122578704672
0.0,742.986014482141,3.958606,40.213692,0.7455972708746731
0.0,742.9848052765387,3.9587665,40.350979,0.7458822862817744
0.0,742.9946141870898,3.959007,40.251133,0.7461673025848684
0.0,742.9856711051159,3.959408,40.301033,0.7464523183241092
0.0,742.9839781923928,3.9594481,40.238625,0.7467373334139339
0.0,742.9888725911557,3.9596086,40.313541,0.7470223475145241
0.0,742.9839899847101,3.9600096,40.326008,0.7473073626088725
0.0,743.0017626145217,3.96017,40.28857,0.7475923816541377
0.0,742.9944096750688,3.9602904,40.326008,0.7478774007455695
0.0,743.001646683741,3.9606111,40.301033,0.748162419746363
0.0,742.9909599714672,3.9608517,40.28857,0.7484474375144586
0.0,742.9983820178848,3.9610522,40.350979,0.7487324552629107
0.0,742.9905211923292,3.9610922,40.276104,0.7490174728626868
0.0,742.9941177981053,3.9613731,40.301033,0.7493024889753637
0.0,742.9908006460597,3.9616137,40.276104,0.7495875066823408
0.0,742.9983944692531,3.9619746,40.28857,0.7498725244355692
0.0,742.9921566704553,3.9621751,40.326008,0.7501575426627289
0.0,742.9906993163594,3.9620948,40.263599,0.750442560330835
0.0,742.993621468875,3.9623756,40.338512,0.7507275762531176
0.0,742.9899354285237,3.9624958,40.28857,0.7510125936281897
0.0,742.9972748950751,3.9631376,40.338512,0.7512976109519441
0.0,742.9874143949719,3.9631777,40.326008,0.7515826273599259
0.0,742.9960974351106,3.9633381,40.28857,0.751867644232001
0.0,742.990157851198,3.9637392,40.28857,0.7521526616923964
0.0,742.9975996648891,3.9638193,40.37595,0.752437679140734
0.0,742.9879238408386,3.9639397,40.28857,0.7527226957441436
0.0,742.9929338437678,3.9641802,40.338512,0.7530077114026499
0.0,742.9793433995857,3.9644208,40.28857,0.753292724714528
0.0,742.9947413606502,3.964541,40.301033,0.7535777410664064
0.0,742.988782503904,3.964942,40.301033,0.7538627579992067
0.0,742.9877902966215,3.9653029,40.326008,0.7541477745513876
0.0,742.9946080471487,3.9651425,40.400921,0.7544327908521263
0.0,742.9900053622486,3.9656639,40.313541,0.7547178082540256
0.0,743.0007379380812,3.9658244,40.301033,0.7550028269062199
0.0,742.9984391855405,3.9658644,40.37595,0.7552878475434068
0.0,743.0033150156651,3.9663055,40.276104,0.7555728671841806
0.0,743.0054847703293,3.9664259,40.301033,0.7558578905241149
0.0,743.012385706728,3.9667065,40.326008,0.7561429136444492
0.0,743.0027160453197,3.9667466,40.276104,0.7564279359222766
0.0,743.0089360666541,3.9669471,40.263599,0.7567129577193125
0.0,742.9958988896623,3.9673481,40.313541,0.7569979773820199
0.0,743.0071791234537,3.967268,40.28857,0.7572829985050838
0.0,742.993964303398,3.967629,40.388416,0.7575680174256673
0.0,742.9870839035457,3.9679096,40.226158,0.7578530337068697
0.0,742.9982864362489,3.9682705,40.313541,0.7581380514186562
0.0,743.00063473141,3.9683907,40.301033,0.7584230728980735
0.0,743.0086876642501,3.968431,40.413387,0.758708094599821
0.0,742.9989155136299,3.9687517,40.400921,0.7589931154197316
0.0,742.9973703301905,3.9689922,40.313541,0.7592781327800953
0.0,742.9934111081286,3.9691527,40.326008,0.7595631514884682
0.0,742.9998462464946,3.9693131,40.28857,0.7598481697986054
0.0,742.9963832500988,3.9695938,40.363483,0.7601331896471177
0.0,742.9965998302033,3.9699547,40.301033,0.760418206711914
0.0,742.9863909501017,3.9703557,40.338512,0.7607032227272934
0.0,742.9969886024162,3.9701953,40.251133,0.7609882399412246
0.0,742.9925321198607,3.9706366,40.338512,0.76127325831241
0.0,743.0029010362151,3.9708371,40.37595,0.7615582777943791
0.0,742.9978018716323,3.9709172,40.338512,0.761843298187087
0.0,742.9931680545266,3.9711578,40.263599,0.7621283168022225
0.0,743.0018953669073,3.9713583,40.313541,0.762413335898412
0.0,742.9956316547092,3.9715188,40.313541,0.7626983554586059
0.0,743.0011954357244,3.9719598,40.37595,0.7629833742862985
0.0,742.9878717414946,3.9719198,40.338512,0.7632683908697223
0.0,742.9934110921961,3.9722404,40.276104,0.7635534067113035
0.0,742.9868664854338,3.9724813,40.350979,0.7638384229091023
0.0,742.9901204856822,3.9724813,40.276104,0.764123437488391
0.0,742.9847982084335,3.9727619,40.338512,0.7644084528927809
0.0,742.9944038468363,3.9731228,40.313541,0.7646934691151874
0.0,742.9910937845752,3.9733233,40.276104,0.7649784869346149
0.0,742.9963391237701,3.973644,40.350979,0.765263503899403
0.0,742.9892413516317,3.9737644,40.276104,0.7655485210082211
0.0,742.9919082218466,3.9738848,40.313541,0.7658335391400739
0.0,742.9961097641058,3.9740853,40.350979,0.7661185560168785
0.0,742.9894065856806,3.9744461,40.388416,0.7664035731890819
0.0,742.989923292155,3.9744864,40.326008,0.7666885876927261
0.0,742.9898967446646,3.9747269,40.338512,0.7669736050529588
0.0,742.9860018846615,3.9750476,40.28857,0.7672586180523322
0.0,742.9907567624161,3.9752884,40.313541,0.7675436357424751
0.0,742.9987063231717,3.975569,40.226158,0.7678286536153321
0.0,742.9902976339287,3.9758096,40.350979,0.7681136711293494
0.0,742.9847231909757,3.9760501,40.313541,0.7683986836382098
0.0,742.9750089713779,3.9762106,40.363483,0.7686836952873637
0.0,742.9868355807761,3.9766917,40.276104,0.768968708606547
0.0,742.9847790922167,3.9765716,40.388416,0.7692537240036038
0.0,742.9852382329823,3.9766917,40.326008,0.769538739576791
0.0,742.9928448666,3.9770927,40.313541,0.7698237552011652
0.0,742.9851997930485,3.9773335,40.350979,0.7701087707596065
0.0,742.9924563510025,3.9776542,40.37595,0.7703937862349443
0.0,742.9830102041144,3.9776943,40.363483,0.7706788009534403
0.0,742.9938831894913,3.9779351,40.326008,0.7709638169761202
0.0,742.9818325116585,3.9780552,40.276104,0.7712488312428432
0.0,742.9886814037367,3.9784162,40.326008,0.7715338452700929
0.0,742.9826851932323,3.9786568,40.28857,0.7718188598639121
0.0,742.9869447605683,3.9787772,40.338512,0.7721038732249772
0.0,742.9769194118975,3.9792182,40.301033,0.7723888856069926
0.0,742.9907378231569,3.9794588,40.363483,0.7726739004230948
0.0,742.9820807896012,3.9795392,40.301033,0.7729589147850594
0.0,742.9819785926563,3.9796994,40.338512,0.7732439291078204
0.0,742.9816746766663,3.9800203,40.301033,0.773528940447256
0.0,742.973316730268,3.9802608,40.313541,0.7738139514472515
0.0,742.985155261192,3.9804213,40.313541,0.7740989641218561
0.0,742.9761486270316,3.9808624,40.363483,0.7743839762081918
0.0,742.9869060644512,3.9809024,40.350979,0.7746689895544129
0.0,742.9748562622408,3.981143,40.313541,0.7749540011449862
0.0,742.9837420212689,3.9811833,40.301033,0.7752390132774652
0.0,742.9843973437256,3.9816644,40.28857,0.77552402852808
0.0,742.9888151567994,3.9817848,40.326008,0.7758090426066382
0.0,742.9778738995627,3.9821055,40.313541,0.7760940553548034
0.0,742.9808400523165,3.981905,40.326008,0.7763790663740731
0.0,742.9884458353548,3.9824264,40.388416,0.7766640831777243
0.0,742.9855178221814,3.9828274,40.338512,0.7769490988581644
0.0,742.9978602374894,3.983068,40.313541,0.7772341164064589
0.0,742.9970324533214,3.983108,40.326008,0.7775191365040113
0.0,742.9989044203778,3.9833486,40.313541,0.7778041544528593
0.0,742.9883438950226,3.9836695,40.350979,0.7780891712174055
0.0,742.9992803503648,3.9836695,40.301033,0.7783741893104621
0.0,742.9911959328169,3.984231,40.350979,0.7786592071690746
0.0,742.9996172171151,3.9841506,40.276104,0.778944225391355
0.0,743.0018629487454,3.9843912,40.313541,0.7792292473419271
0.0,743.0089864328339,3.984632,40.313541,0.7795142691582837
0.0,742.9952049228641,3.9851532,40.338512,0.7797992885547795
0.0,743.0041553035601,3.9852335,40.326008,0.7800843085178916
0.0,743.0020101405039,3.9853537,40.251133,0.7803693305249279
0.0,742.9982030044125,3.9855542,40.350979,0.7806543510715137
0.0,742.9992990394909,3.9857147,40.301033,0.7809393691717396
0.0,742.9930861582279,3.9859953,40.28857,0.7812243877554589
0.0,743.0024049153056,3.9864366,40.313541,0.7815094070471137
0.0,742.9949131030188,3.9863162,40.28857,0.7817944263316648
0.0,743.0063387504296,3.9866371,40.326008,0.7820794471323577
0.0,743.002684831879,3.9868376,40.301033,0.7823644693982114
0.0,743.0103805690354,3.9871984,40.326008,0.7826494917493653
0.0,742.995001591441,3.9874792,40.301033,0.7829345110678614
0.0,742.9930928409024,3.9875994,40.28857,0.7832195267873597
0.0,742.9868857109258,3.9877999,40.313541,0.7835045429925337
0.0,742.9930234679991,3.9879203,40.238625,0.7837895586854202
0.0,742.9841622618987,3.9882813,40.350979,0.7840745738458557
0.0,742.9823993790257,3.9883614,40.350979,0.7843595883300339
0.0,742.9991654816523,3.9889228,40.313541,0.7846446063790263
0.0,742.9872429600623,3.989043,40.37595,0.7849296227212442
0.0,742.9897829722776,3.9892035,40.251133,0.7852146371710611
0.0,742.9916535846555,3.989404,40.388416,0.7854996552052328
0.0,742.9897638673283,3.9895644,40.350979,0.7857846696477209
0.0,742.9888083460758,3.9896848,40.363483,0.7860696865904344
0.0,742.9969503086162,3.9900055,40.338512,0.7863547037896759
0.0,742.9872490757947,3.9904065,40.28857,0.7866397201342398
0.0,742.9874152105323,3.9906874,40.338512,0.7869247336757718
0.0,742.9797898693297,3.9909279,40.313541,0.7872097471589196
0.0,742.9877648708047,3.9908879,40.400921,0.7874947608345829
0.0,742.9830163922876,3.9909279,40.28857,0.7877797755554528
0.0,742.9882234613838,3.9914091,40.28857,0.7880647922737994
0.0,742.9908653261836,3.9916899,40.326008,0.7883498071388124
0.0,742.9877268936294,3.9920106,40.363483,0.7886348236666715
0.0,742.9972045333639,3.992131,40.350979,0.7889198409634347
0.0,742.9889733971806,3.9923315,40.363483,0.7892048579694633
0.0,742.9986563470309,3.9925721,40.388416,0.7894898758231493
0.0,742.9935376943341,3.9928927,40.313541,0.7897748945800818
0.0,742.9953399848516,3.9932537,40.301033,0.7900599111615954
0.0,742.9865933782643,3.9932137,40.276104,0.790344927254628
0.0,742.9973446825736,3.9934542,40.313541,0.7906299446051532
0.0,742.9826978401069,3.9937751,40.326008,0.7909149592038237
0.0,742.9982356542458,3.9941361,40.28857,0.79119997689613
0.0,742.9932010871756,3.9941761,40.326008,0.791484995523937
0.0,742.9967525231998,3.9945772,40.338512,0.7917700155141058
0.0,742.999407511647,3.9949381,40.251133,0.7920550336559421
0.0,742.9903804944693,3.9949381,40.301033,0.7923400512017453
0.0,742.9926404460978,3.9951386,40.301033,0.7926250667477028
0.0,742.9816859546789,3.9954193,40.301033,0.7929100809582053
0.0,742.9983954330953,3.9957402,40.313541,0.7931950987118035
0.0,742.9858296610945,3.9959404,40.28857,0.7934801145118676
0.0,742.9859387249596,3.9961812,40.263599,0.7937651274870127
0.0,742.9881468626852,3.9964218,40.263599,0.7940501441759754
0.0,742.990871612645,3.9965019,40.301033,0.7943351590433999
0.0,742.9870072929783,3.9969029,40.338512,0.7946201752952139
0.0,742.9923546654417,3.9972239,40.251133,0.7949051907315445
0.0,742.9786235541906,3.9973843,40.363483,0.7951902037672837
0.0,742.9770771386936,3.997304,40.363483,0.7954752162098044
0.0,742.9946842561695,3.9976649,40.326008,0.7957602325397773
0.0,742.9914376182269,3.9979858,40.326008,0.7960452504911024
0.0,742.9921380755616,3.9982264,40.363483,0.7963302658443482
0.0,742.9793881623427,3.9984269,40.350979,0.7966152791733976
0.0,742.9854612567508,3.9986675,40.28857,0.7969002919653836
0.0,742.981997903686,3.9987075,40.313541,0.7971853062955524
0.0,742.9904069625147,3.9990685,40.28857,0.7974703209847349
0.0,742.9865292917902,3.9993091,40.338512,0.7977553370531835
0.0,742.9932322337722,3.9997101,40.413387,0.7980403528261536
0.0,742.9802085201245,3.9999506,40.313541,0.7983253664698994
0.0,742.9917623649459,4.000071,40.363483,0.7986103816790207
0.0,742.9862816727734,4.0003915,40.37595,0.7988953976524804
0.0,742.9843340262712,4.0006723,40.350979,0.7991804128788061
0.0,742.988503228802,4.0007124,40.388416,0.7994654268377073
0.0,742.9886557101981,4.0010333,40.326008,0.7997504437218683
0.0,742.9930868106469,4.0012341,40.28857,0.8000354594390534
0.0,742.9819661536914,4.0012741,40.28857,0.8003204737570426
0.0,742.9919216796777,4.0018754,40.388416,0.8006054890272779
0.0,742.9854356205667,4.0017953,40.350979,0.8008905046761847
0.0,742.9921952770404,4.0020361,40.313541,0.8011755200513732
0.0,742.9838309404715,4.0022364,40.313541,0.8014605350847108
0.0,742.9923865504071,4.0026374,40.363483,0.8017455505332727
0.0,742.9823728288155,4.0028381,40.28857,0.8020305650072661
0.0,742.9939394275372,4.0030384,40.263599,0.8023155810515191
0.0,742.9805600574789,4.0035596,40.28857,0.8026005948301177
0.0,742.9760152285149,4.0037203,40.350979,0.8028856068652804
0.0,742.991539634306,4.0040007,40.338512,0.8031706219889613
0.0,742.974812329894,4.0038004,40.350979,0.8034556335626818
0.0,742.9879754300201,4.0043216,40.326008,0.8037406473191167
0.0,742.9840221255581,4.0047226,40.313541,0.8040256624257945
0.0,742.9932904371559,4.0048833,40.338512,0.8043106782210918
0.0,742.9923727584373,4.0050836,40.350979,0.8045956965311447
0.0,742.9965177497257,4.0053244,40.350979,0.8048807135644546
0.0,742.987224100049,4.0054045,40.388416,0.8051657298994376
0.0,742.9909665120197,4.0058856,40.338512,0.805450744803266
0.0,742.9811380811566,4.0058055,40.363483,0.8057357588035994
0.0,742.9808269420156,4.0063667,40.338512,0.80602076981784
0.0,742.9833473850705,4.0064874,40.28857,0.8063057846656816
0.0,742.9725461905552,4.0068884,40.301033,0.8065907953700914
0.0,742.9878667745089,4.0068479,40.338512,0.8068758090848455
0.0,742.9847730010406,4.0070486,40.338512,0.8071608244795657
0.0,742.9881277506544,4.0071287,40.388416,0.8074458382944315
0.0,742.9833983863412,4.00769,40.338512,0.8077308531618377
0.0,742.9851744017483,4.0077705,40.350979,0.8080158658437847
0.0,742.9829912221384,4.0079308,40.350979,0.808300880554999
0.0,742.9836784952661,4.0083718,40.326008,0.8085858926631092
0.0,742.9767788605564,4.0088129,40.338512,0.8088709049912078
0.0,742.9886562079593,4.008893,40.28857,0.8091559190087925
0.0,742.9826727423986,4.0090137,40.313541,0.8094409335978353
0.0,742.9892485088644,4.0094147,40.388416,0.8097259478426294
0.0,742.9764219781264,4.0098557,40.313541,0.8100109600338249
0.0,742.9794844015338,4.0096149,40.326008,0.8102959733997925
0.0,742.9818391670877,4.0101767,40.363483,0.8105809848023274
0.0,742.9817428879194,4.0101366,40.226158,0.81086599903467
0.0,742.9945761016107,4.010417,40.301033,0.8111510153231543
0.0,742.9821129177619,4.0107379,40.313541,0.8114360296974436
0.0,742.9896622566648,4.0110188,40.388416,0.8117210441009532
0.0,742.9729465170722,4.0113397,40.350979,0.8120060549589317
0.0,742.9812983062995,4.0115399,40.363483,0.8122910661539899
0.0,742.9720936406854,4.01162,40.326008,0.8125760766847977
0.0,742.9864988851026,4.0117402,40.338512,0.8128610898748229
0.0,742.9872808875891,4.0122218,40.28857,0.8131461062315901
0.0,742.9888351269558,4.012382,40.338512,0.813431120317809
0.0,742.9824620256853,4.012743,40.28857,0.813716134826019
0.0,742.9900569486289,4.0129838,40.326008,0.8140011493809345
0.0,742.9790511761995,4.0130639,40.326008,0.8142861625807131
0.0,742.9886440038277,4.0133848,40.301033,0.8145711794603835
0.0,742.9938691145296,4.0135851,40.28857,0.8148561954776641
0.0,742.9850084127397,4.0137858,40.363483,0.8151412109626903
0.0,742.9902087797703,4.0138659,40.363483,0.8154262255758489
0.0,742.9937660993186,4.0143871,40.338512,0.8157112444203996
0.0,742.9936913550088,4.0145073,40.425896,0.8159962603694907
0.0,742.9936586894925,4.0148683,40.28857,0.816281279172838
0.0,742.993799021712,4.0152693,40.400921,0.8165662951632306
0.0,742.9808074927332,4.0151491,40.338512,0.8168513090367475
0.0,742.997459783345,4.0155902,40.301033,0.817136326431426
0.0,742.987421474946,4.015871,40.301033,0.8174213428421238
0.0,742.9963518546731,4.0159512,40.326008,0.8177063598117954
0.0,742.9902727445392,4.0161514,40.388416,0.8179913773162648
0.0,742.9885153295229,4.0165925,40.28857,0.8182763941465747
0.0,742.997758698449,4.016633,40.363483,0.8185614116559183
0.0,742.9905267829672,4.0170741,40.338512,0.8188464292578391
0.0,742.9988334848632,4.0173144,40.388416,0.8191314471794761
0.0,742.9898016890845,4.0174351,40.363483,0.8194164645032446
0.0,742.991222493375,4.0178361,40.338512,0.8197014795052686
0.0,742.9803620723593,4.0180764,40.263599,0.8199864932079184
0.0,742.9904457073357,4.0182772,40.226158,0.8202715079119636
0.0,742.9863779009141,4.0183573,40.37595,0.8205565239223372
0.0,742.9900315207926,4.0187583,40.350979,0.8208415384674984
0.0,742.9891006664591,4.0189986,40.301033,0.8211265555223486
0.0,742.9901646022353,4.0193596,40.363483,0.8214115701185605
0.0,742.9870839158237,4.0196004,40.350979,0.8216965863997676
0.0,742.9860979216801,4.0199213,40.350979,0.8219816023027389
0.0,743.0008529533142,4.0199614,40.363483,0.8222666209990537
0.0,742.9858366072372,4.0201216,40.326008,0.8225516368017824
0.0,742.9935451878218,4.0206428,40.313541,0.8228366526948031
0.0,742.9880954341359,4.0207233,40.301033,0.8231216693640375
0.0,742.9883188897788,4.0207634,40.350979,0.8234066832522252
0.0,742.9805338240443,4.0212846,40.388416,0.8236916970207604
0.0,742.9926353669971,4.0211244,40.338512,0.8239767125647696
0.0,742.9845252854359,4.0215254,40.276104,0.8242617278644639
0.0,742.9912723479613,4.0219665,40.37595,0.8245467428856124
0.0,742.9927993552232,4.0221667,40.313541,0.8248317613593116
0.0,743.0081142231387,4.0222068,40.350979,0.8251167828410843
0.0,742.9922839282741,4.0224075,40.28857,0.8254018011170613
0.0,742.9921694638487,4.0228486,40.338512,0.8256868193491287
0.0,742.9957088945473,4.0229688,40.37595,0.8259718360721577
0.0,742.9882039428538,4.0233698,40.313541,0.826256852783017
0.0,742.9956450886004,4.0235705,40.338512,0.8265418694815697
0.0,742.9932960199745,4.0236106,40.37595,0.8268268881457939
0.0,742.997987948837,4.0240517,40.326008,0.8271119057430791
0.0,742.9839400704624,4.0244126,40.326008,0.82739692081828
0.0,742.9895154653337,4.0245328,40.313541,0.8276819351654798
0.0,742.9807249972621,4.024693,40.338512,0.8279669490073507
0.0,742.9907123584859,4.0249739,40.326008,0.8282519638136845
0.0,742.9830032104963,4.025054,40.350979,0.8285369785294978
0.0,742.9801656463773,4.0254149,40.363483,0.8288219892900621
0.0,742.9870588303936,4.0257759,40.338512,0.8291070055616463
0.0,742.9790380181458,4.0259767,40.313541,0.8293920187563775
0.0,742.98765145379,4.026257,40.400921,0.8296770323885335
0.0,742.9769306549734,4.0265379,40.251133,0.8299620447748618
0.0,742.9821453075298,4.0265379,40.338512,0.8302470562948338
0.0,742.9764031181131,4.0268588,40.363483,0.8305320684787943
0.0,742.9859008101481,4.0272999,40.338512,0.8308170814393951
0.0,742.9782430019978,4.0275807,40.363483,0.8311020943291512
0.0,742.983997369476,4.0275002,40.338512,0.8313871065595829
0.0,742.975550253186,4.027781,40.363483,0.8316721184163772
0.0,742.9792807426138,4.0279818,40.28857,0.8319571288374883
0.0,742.9743860736215,4.0283828,40.363483,0.8322421402476932
0.0,742.9751110055673,4.0287838,40.338512,0.832527149069273
0.0,742.9557555081487,4.028944,40.338512,0.8328121533326317
0.0,742.9548387892132,4.0291848,40.28857,0.833097157244329
0.0,742.9664550863105,4.029305,40.238625,0.8333821627454566
0.0,742.9642774048623,4.0295453,40.338512,0.8336671702778886
0.0,742.9788795562766,4.0298662,40.388416,0.8339521805451027
0.0,742.9752949693471,4.0299063,40.350979,0.8342371923039679
0.0,742.975225971278,4.0304279,40.263599,0.8345222011696491
0.0,742.9724114619087,4.0306683,40.338512,0.8348072118223758
0.0,742.9790195835226,4.0307083,40.338512,0.835092222143305
0.0,742.9839330015385,4.0310693,40.37595,0.8353772372157942
0.0,742.9841562450559,4.03123,40.313541,0.8356622495071714
0.0,742.9729216767951,4.0314703,40.400921,0.835947260355621
0.0,742.9815597093186,4.0317912,40.350979,0.8362322716509546
0.0,742.9772175312377,4.0321522,40.350979,0.8365172841473312
0.0,742.9797506607856,4.0322723,40.338512,0.8368022976154381
0.0,742.9770017136992,4.032433,40.326008,0.8370873071623028
0.0,742.9741689976598,4.0328741,40.338512,0.8373723184892354
0.0,742.980133371373,4.0331945,40.338512,0.837657329237419
0.0,742.9760527897445,4.0332351,40.363483,0.8379423412869906
0.0,742.9858111122472,4.0335555,40.326008,0.8382273542131828
0.0,742.9776380118817,4.0337963,40.301033,0.8385123668708594
0.0,742.982908972218,4.0341172,40.400921,0.8387973786837768
0.0,742.9845180581242,4.0343575,40.400921,0.8390823939806987
0.0,742.9868867896528,4.0347185,40.313541,0.839367407319526
0.0,742.9801140387511,4.0347586,40.326008,0.8396524209270279
0.0,742.9841498472717,4.0349994,40.326008,0.8399374332159509
0.0,742.9829145264428,4.0351996,40.326008,0.8402224478977441
0.0,742.9738125899839,4.0356407,40.400921,0.8405074590879558
0.0,742.9891906717818,4.0358014,40.326008,0.8407924733105633
0.0,742.9797122703736,4.0358415,40.28857,0.8410774867639433
0.0,742.981381022381,4.0361223,40.338512,0.8413624979907318
0.0,742.9727046843248,4.0365233,40.350979,0.8416475087559412
0.0,742.9838440489834,4.0368037,40.276104,0.8419325209275585
0.0,742.9778285744677,4.0368843,40.276104,0.8422175336583365
0.0,742.9783648559268,4.0371647,40.350979,0.8425025437281091
0.0,742.979324418019,4.0374055,40.400921,0.8427875570327057
0.0,742.9907883243974,4.0377264,40.363483,0.8430725718681804
0.0,742.9784269122974,4.0378466,40.338512,0.843357584828486
0.0,742.9908271056437,4.0379667,40.313541,0.8436425996788374
0.0,742.9812470286128,4.0385284,40.37595,0.843927613720964
0.0,742.9837290357459,4.0386086,40.37595,0.8442126287152101
0.0,742.9837296804048,4.0389295,40.350979,0.8444976408429551
0.0,742.9735575987736,4.0390496,40.388416,0.8447826519353498
0.0,742.9865368367489,4.0395708,40.413387,0.8450676651399335
0.0,742.978223311165,4.0398517,40.338512,0.8453526780221359
0.0,742.9916094230325,4.0399318,40.37595,0.845637693172588
0.0,742.9807811127797,4.0403328,40.37595,0.8459227070359853
0.0,742.9846014988332,4.0406137,40.388416,0.846207719498164
0.0,742.9747860109219,4.0408139,40.37595,0.8464927310617884
0.0,742.974506680986,4.0411348,40.338512,0.8467777396515463
0.0,742.971972693821,4.0413756,40.301033,0.8470627501359579
0.0,742.9856399195412,4.0413356,40.400921,0.8473477629964797
0.0,742.976218451072,4.0417767,40.363483,0.8476327751096006
0.0,742.9794768222494,4.042017,40.363483,0.8479177884726606
0.0,742.9890697719953,4.0423779,40.400921,0.8482028026488905
0.0,742.9836202597742,4.0426188,40.388416,0.8484878176014091
0.0,742.9996239922508,4.0429797,40.400921,0.8487728358262885
0.0,742.9809292077987,4.043581,40.438362,0.8490578497464963
0.0,742.986511543564,4.043541,40.313541,0.8493428629413773
0.0,742.9759826481101,4.0436611,40.363483,0.849627874964042
0.0,742.9767719644053,4.043982,40.37595,0.8499128844227737
0.0,742.972418944196,4.0443029,40.413387,0.8501978950783707
0.0,742.9849452381266,4.0445032,40.388416,0.8504829076724095
0.0,742.9760909489185,4.0448241,40.338512,0.8507679197366192
0.0,742.9831443858756,4.0450649,40.350979,0.8510529316398424
0.0,742.978822003014,4.0451851,40.350979,0.8513379447517083
0.0,742.9762565738209,4.0456662,40.363483,0.8516229568794532
0.0,742.9818141423872,4.0457463,40.363483,0.8519079682723887
0.0,742.976103656365,4.0460672,40.388416,0.8521929803414732
0.0,742.9749278984615,4.0464282,40.388416,0.8524779890928122
0.0,742.9659131641573,4.0467892,40.326008,0.8527629972527357
0.0,742.977244317088,4.0471101,40.350979,0.8530480068926641
0.0,742.9730169165471,4.0472302,40.425896,0.8533330177776486
0.0,742.9738383040744,4.0475512,40.326008,0.853618026111014
0.0,742.9657981627687,4.0476713,40.363483,0.8539030342268219
0.0,742.9792106362901,4.0480323,40.425896,0.8541880446210399
0.0,742.9663083412299,4.0483932,40.363483,0.8544730529325566
0.0,742.97783611745,4.0485535,40.338512,0.8547580627995025
0.0,742.9648755961732,4.0488343,40.363483,0.8550430705614059
0.0,742.9718457413181,4.0490351,40.350979,0.8553280809971173
0.0,742.9925907265722,4.0492353,40.350979,0.8556130965240022
0.0,742.9785984810386,4.0496764,40.400921,0.855898109550123
0.0,742.9808335215179,4.0501575,40.400921,0.8561831205668875
0.0,742.9827613773397,4.0500374,40.350979,0.8564681351899315
0.0,742.9895025257005,4.0505986,40.350979,0.8567531495321676
0.0,742.9842767512897,4.0509996,40.363483,0.8570381647365222
0.0,742.9894327259236,4.0513206,40.388416,0.8573231790519827
0.0,742.9766700718973,4.0510802,40.338512,0.8576081913383492
0.0,742.9959189798226,4.0516415,40.425896,0.857893208141968
0.0,742.9896426558962,4.0518417,40.326008,0.85817822540473
0.0,742.9909286201276,4.0522428,40.400921,0.8584632402940228
0.0,742.9752249619536,4.0524836,40.425896,0.8587482520260326
0.0,742.9742765896113,4.0527644,40.400921,0.8590332633942384
0.0,742.9841939159396,4.0528445,40.37595,0.8593182757000664
0.0,742.9807885713293,4.0532856,40.413387,0.8596032895663248
0.0,742.9890443809937,4.0536065,40.326008,0.8598883037328144
0.0,742.9770011989209,4.0538874,40.438362,0.8601733161462041
0.0,742.9897823129359,4.0542479,40.326008,0.8604583305957679
0.0,742.9825829717312,4.0545688,40.413387,0.860743345150374
0.0,742.9842133135205,4.0545688,40.388416,0.8610283574636429
0.0,742.970019211937,4.0550499,40.301033,0.8613133671986818
0.0,742.9773777410936,4.0554109,40.350979,0.8615983768897924
0.0,742.9742136871575,4.0557718,40.37595,0.8618833882338683
0.0,742.9733234952666,4.055892,40.475796,0.8621683963697507
0.0,742.9688787876728,4.0560126,40.388416,0.862453405667313
0.0,742.9709229189284,4.0564938,40.363483,0.8627384157490218
0.0,742.9702737347154,4.0567746,40.388416,0.8630234227150013
0.0,742.970330099705,4.0570149,40.363483,0.8633084325692995
0.0,742.9804202992264,4.057416,40.425896,0.86359344342755
0.0,742.9728131684864,4.057857,40.350979,0.8638784542343748
0.0,742.9686190021755,4.0581379,40.438362,0.864163460565591
0.0,742.9731893521235,4.0580177,40.450829,0.8644484715167231
0.0,742.9783197743036,4.0584188,40.28857,0.8647334815692022
0.0,742.976568193365,4.0587797,40.400921,0.8650184938164871
0.0,742.9819413274073,4.0591402,40.425896,0.8653035052582112
0.0,742.9627116288138,4.059341,40.413387,0.865588512189998
0.0,742.970871760557,4.0597019,40.400921,0.8658735193853832
0.0,742.9607576713572,4.0600228,40.326008,0.8661585255676149
0.0,742.977217839871,4.0602231,40.425896,0.8664435351973865
0.0,742.9726738748343,4.060504,40.363483,0.8667285459507771
0.0,742.9774783205862,4.0607443,40.400921,0.8670135585471948
0.0,742.9814190591563,4.0610652,40.313541,0.8672985697885742
0.0,742.9681720651341,4.0615063,40.388416,0.8675835788150317
0.0,742.9726223931485,4.061707,40.413387,0.8678685866819679
0.0,742.9565055659083,4.0621481,40.438362,0.8681535912330551
0.0,742.9641062457501,4.062469,40.350979,0.8684385958331563
0.0,742.9683955748314,4.0626693,40.301033,0.8687236049453539
0.0,742.9727563046006,4.06287,40.350979,0.8690086128636593
0.0,742.9573334792367,4.0631905,40.388416,0.8692936177323413
0.0,742.9723359785257,4.063632,40.413387,0.8695786254894075
0.0,742.9580526661152,4.0638323,40.37595,0.8698636306339758
0.0,742.9688158654178,4.0641131,40.363483,0.8701486370407097
0.0,742.9661934122822,4.0643134,40.400921,0.8704336453081387
0.0,742.9674409038129,4.0647945,40.37595,0.8707186540541163
0.0,742.9649841308594,4.0647945,40.425896,0.8710036589909784
0.0,742.9624321505272,4.0651155,40.400921,0.8712886658155549
0.0,742.9710192226895,4.0653563,40.400921,0.8715736730675072
0.0,742.976645157133,4.0657973,40.37595,0.8718586853443161
0.0,742.97789913145,4.0659976,40.413387,0.8721436952354344
0.0,742.9746211190233,4.0664792,40.388416,0.8724287067358047
0.0,742.9821201007019,4.0666394,40.37595,0.8727137182461072
0.0,742.9694655648326,4.0668802,40.338512,0.8729987277687623
0.0,742.9737235708319,4.0672407,40.400921,0.8732837360581156
0.0,742.9667466930894,4.0676823,40.388416,0.873568744537788
0.0,742.9802536842593,4.0679626,40.363483,0.8738537553321241
0.0,742.9697772576361,4.0683236,40.37595,0.8741387649743473
0.0,742.97469110227,4.0685644,40.37595,0.8744237765015638
0.0,742.9775365065786,4.0687647,40.413387,0.8747087862535775
0.0,742.9685047658037,4.0689254,40.350979,0.8749937954076618
0.0,742.976460951137,4.0693264,40.37595,0.8752788047470873
0.0,742.9673705067936,4.0697274,40.338512,0.8755638134660599
0.0,742.9798212841675,4.0699677,40.37595,0.8758488240945254
0.0,742.9665114401872,4.0702887,40.363483,0.8761338324839527
0.0,742.9740677500957,4.0704894,40.363483,0.8764188409053347
0.0,742.9695926634452,4.0707698,40.400921,0.876703850476746
0.0,742.9724631999713,4.0711308,40.363483,0.876988858282615
0.0,742.9630102237267,4.0714116,40.388416,0.8772738653289452
0.0,742.9801023896772,4.0716119,40.350979,0.8775588760652441
0.0,742.972603355443,4.0721736,40.363483,0.8778438867915829
0.0,742.9749962888968,4.072454,40.400921,0.8781288984358716
0.0,742.9821382888756,4.0725346,40.413387,0.8784139099531512
0.0,742.9737547538922,4.0729756,40.28857,0.8786989211211763
0.0,742.9825455676779,4.073256,40.363483,0.8789839327946899
0.0,742.9738691323709,4.0735369,40.400921,0.8792689440065917
0.0,742.9801911843084,4.073657,40.338512,0.8795539547769525
0.0,742.9634757118718,4.0740981,40.37595,0.8798389620018482
0.0,742.9800762423357,4.0742588,40.400921,0.8801239727281167
0.0,742.9791468059865,4.0746198,40.388416,0.8804089859645798
0.0,742.9794844783992,4.075181,40.37595,0.8806939964638449
0.0,742.966409829318,4.0753412,40.301033,0.8809790048142934
0.0,742.9711964579293,4.0755019,40.425896,0.881264012134234
0.0,742.9652648883422,4.0757022,40.37595,0.8815490200454732
0.0,742.9630556826532,4.075983,40.313541,0.881834027109242
0.0,742.9725136033951,4.076344,40.326008,0.882119034934446
0.0,742.9805716287899,4.0765443,40.363483,0.8824040487174833
0.0,742.9795801942772,4.0769453,40.37595,0.8826890592534655
0.0,742.9728955538636,4.077106,40.313541,0.8829740700918941
0.0,742.9792295820315,4.0774269,40.350979,0.8832590804933798
0.0,742.9687145547001,4.077908,40.413387,0.8835440897279409
0.0,742.9798919274599,4.0781889,40.350979,0.8838291003835054
0.0,742.9790511643307,4.0783892,40.326008,0.8841141135832794
0.0,742.9883763241351,4.0787501,40.313541,0.8843991274934992
0.0,742.9773772835146,4.0789905,40.326008,0.8846841400511581
0.0,742.9870206036974,4.079071,40.263599,0.8849691534413171
0.0,742.9728257654299,4.0794721,40.251133,0.8852541642529743
0.0,742.9730612516163,4.079833,40.363483,0.8855391751549659
0.0,742.9770343427263,4.0802341,40.388416,0.8858241847143472
0.0,742.9741436928606,4.0803943,40.326008,0.8861091960315728
0.0,742.9799104942128,4.0808353,40.350979,0.8863942066942596
0.0,742.9723929923397,4.0811162,40.263599,0.8866792173399012
0.0,742.9784279665157,4.0811162,40.338512,0.8869642274338833
0.0,742.9710243468537,4.0816774,40.313541,0.8872492375545007
0.0,742.9737369373388,4.0818782,40.338512,0.8875342458489814
0.0,742.9704640098101,4.0820785,40.326008,0.8878192557546486
0.0,742.9802291601019,4.0825996,40.301033,0.8881042665395772
0.0,742.9771348041194,4.0826402,40.388416,0.8883892790042189
0.0,742.9868612517216,4.0830007,40.301033,0.8886742923332497
0.0,742.9704704922491,4.0832415,40.37595,0.8889593022414036
0.0,742.9746587653812,4.0834417,40.301033,0.8892443137562155
0.0,742.9797319411081,4.0836825,40.313541,0.8895293243504084
0.0,742.9737296316276,4.0840435,40.326008,0.8898143355087965
0.0,742.9830368047108,4.0844445,40.28857,0.890099347370751
0.0,742.9697829829242,4.0847254,40.313541,0.8903843570151704
0.0,742.9793563528655,4.0849257,40.313541,0.8906693674652859
0.0,742.9736718810735,4.0851665,40.28857,0.8909543786015204
0.0,742.9870589093664,4.0854068,40.363483,0.8912393920063736
0.0,742.9801713137327,4.0856476,40.388416,0.8915244056358467
0.0,742.9898028200607,4.0858479,40.338512,0.8918094200932772
0.0,742.979922205789,4.0863295,40.350979,0.8920944336271903
0.0,742.9839655810996,4.0864897,40.276104,0.8923794458454279
0.0,742.9851493794906,4.087091,40.350979,0.8926644613845302
0.0,742.9821570469679,4.0873718,40.37595,0.8929494757757478
0.0,742.9929659227295,4.0872517,40.301033,0.8932344914465596
0.0,742.9830920152848,4.0876927,40.326008,0.8935195061964392
0.0,742.9931434767943,4.087893,40.28857,0.8938045219353616
0.0,742.9858293193535,4.0880537,40.28857,0.8940895377352948
0.0,742.9936527317426,4.0887756,40.301033,0.8943745536695699
0.0,742.9854793204477,4.0885348,40.276104,0.8946595693352404
0.0,742.9896303225865,4.0890961,40.413387,0.8949445837265
0.0,742.9812152286871,4.0894971,40.326008,0.895229597756428
0.0,742.9861545224836,4.0895777,40.276104,0.895514610814354
0.0,742.9845759687032,4.089818,40.28857,0.8957996261334908
0.0,742.9831318616564,4.090219,40.338512,0.8960846380319097
0.0,742.9854286862928,4.0904999,40.313541,0.8963696536781565
0.0,742.9802793088159,4.0906601,40.251133,0.8966546673490574
0.0,742.9977267647799,4.0910211,40.326008,0.8969396848461512
0.0,742.995237577347,4.0911818,40.276104,0.8972247042551735
0.0,742.9978795360257,4.0915828,40.301033,0.8975097218108711
0.0,742.9891394117087,4.0918231,40.28857,0.8977947388805843
0.0,742.9952125665449,4.0919838,40.301033,0.8980797554132195
0.0,742.9914124971901,4.0925851,40.263599,0.8983647733549079
0.0,742.9961099711988,4.092505,40.263599,0.8986497902317919
0.0,742.9924428877937,4.0928659,40.226158,0.8989348085687472
0.0,742.9922774062217,4.0930662,40.326008,0.8992198239754409
0.0,742.9869951957544,4.0933871,40.276104,0.8995048402226142
0.0,742.9922143574332,4.0935473,40.213692,0.899789855605122
0.0,742.9919974670104,4.0938282,40.276104,0.90007487377121
0.0,742.9860522671221,4.0942292,40.263599,0.9003598896566677
0.0,742.995772555611,4.0947104,40.326008,0.9006449064041174
0.0,742.992093108257,4.0949512,40.276104,0.9009299246068944
0.0,742.9985865476633,4.0951114,40.313541,0.9012149424338048
0.0,742.9887127658105,4.0951915,40.276104,0.9014999593398528
0.0,742.9939654410457,4.095633,40.313541,0.9017849753940848
0.0,742.9827679559572,4.0958333,40.28857,0.9020699900196524
0.0,742.986905869227,4.0959935,40.276104,0.9023550033657988
0.0,742.9861284635075,4.0965552,40.28857,0.902640019280486
0.0,742.9888346759349,4.0965552,40.276104,0.9029250333665318
0.0,742.9860848237893,4.0969563,40.301033,0.9032100492644788
0.0,742.9895028797232,4.0973172,40.326008,0.9034950636068506
0.0,742.980113367138,4.0975976,40.276104,0.9037800772140948
0.0,742.9783373249834,4.0975976,40.301033,0.904065090140034
0.0,742.9885291444938,4.0980792,40.28857,0.9043501041088764
0.0,742.9798141984277,4.0984802,40.276104,0.9046351176013572
0.0,742.9919913824564,4.0983996,40.238625,0.9049201328983306
0.0,742.9871850257457,4.0988407,40.326008,0.9052051492183244
0.0,742.990674005341,4.0991216,40.28857,0.9054901640099458
0.0,742.9803428939333,4.0992823,40.276104,0.9057751777052384
0.0,742.9950346854694,4.0994825,40.238625,0.9060601941696378
0.0,742.988610812791,4.0998435,40.326008,0.9063452110365758
0.0,742.989668127303,4.1002445,40.213692,0.9066302254423376
0.0,742.9857847272623,4.1004853,40.251133,0.9069152412251646
0.0,742.9888849696731,4.1008458,40.263599,0.9072002553305034
0.0,742.97396495738,4.1009665,40.301033,0.9074852665791644
0.0,742.9793559854788,4.1014476,40.251133,0.9077702798958706
0.0,742.9834688024854,4.1015677,40.301033,0.9080552919235416
0.0,742.9817496502994,4.1018085,40.188721,0.9083403061584782
0.0,742.9930929260315,4.1018486,40.238625,0.9086253218780092
0.0,742.9862242512729,4.1022496,40.238625,0.9089103378294416
0.0,742.9957403538668,4.1026106,40.276104,0.9091953545645386
0.0,742.9936137920853,4.1031318,40.251133,0.9094803733506628
0.0,742.99480505773,4.1032519,40.213692,0.9097653897269756
0.0,742.9863399615185,4.1036129,40.226158,0.9100504057227956
0.0,742.9880003323475,4.1038537,40.201187,0.9103354194887832
0.0,742.9851805552784,4.1039739,40.326008,0.9106204350398448
0.0,742.9899039326368,4.1042547,40.188721,0.9109054495360625
0.0,742.988280223549,4.104495,40.28857,0.9111904662761836
0.0,742.9909599960234,4.1047759,40.238625,0.9114754840442888
0.0,743.0006867054666,4.1048961,40.238625,0.91176050267683
0.0,742.9877012593672,4.1053777,40.226158,0.9120455191948554
0.0,742.9964916752352,4.1056981,40.238625,0.912330536218163
0.0,742.9964979588589,4.105979,40.28857,0.9126155561106783
0.0,743.0013927761813,4.1061797,40.188721,0.9129005750140718
0.0,742.9895280322645,4.1064601,40.251133,0.9131855922328632
0.0,742.9909099678363,4.1066208,40.226158,0.9134706071150008
0.0,742.9927927270838,4.1070218,40.238625,0.9137556255861576
0.0,742.9961349353267,4.1073828,40.188721,0.914040642472618
0.0,742.9943209062961,4.1076231,40.263599,0.9143256615299972
0.0,743.0005084449933,4.1077838,40.238625,0.9146106800941568
0.0,742.9941874840417,4.1080642,40.251133,0.9148956991003544
0.0,743.0009466075668,4.1085052,40.301033,0.91518072069941
0.0,743.0025005456453,4.108706,40.176216,0.9154657400277492
0.0,742.9967200770358,4.1089063,40.16375,0.9157507600054712
0.0,743.0085282762582,4.1093073,40.201187,0.9160357816460768
0.0,742.9974081716177,4.1093473,40.201187,0.916320801887758
0.0,743.01010024565,4.1099892,40.213692,0.9166058241313784
0.0,742.9973440491278,4.1100292,40.213692,0.9168908443484616
0.0,743.0071026578177,4.11027,40.138779,0.9171758654421928
0.0,742.9981651751107,4.1107111,40.251133,0.9174608859742672
0.0,743.0141421497943,4.1109915,40.238625,0.9177459097683812
0.0,743.005568107261,4.1111121,40.251133,0.9180309331402844
0.0,743.0089669746803,4.1113925,40.213692,0.9183159549491768
0.0,742.9966636811678,4.1115932,40.213692,0.9186009749052648
0.0,742.9914817466143,4.1120343,40.213692,0.918885992873518
0.0,742.9963450680777,4.1125154,40.151283,0.9191710098405864
0.0,742.9948485282847,4.1125555,40.238625,0.919456029100366
0.0,743.0001965779778,4.1128364,40.188721,0.919741047544892
0.0,742.9900177643792,4.1132774,40.226158,0.9200260649515488
0.0,743.0042129216807,4.1135182,40.263599,0.9203110849367636
0.0,743.0008000383091,4.1137185,40.226158,0.920596106479594
0.0,743.0100302367338,4.1138391,40.201187,0.9208811286963589
0.0,742.9976693039351,4.1139593,40.201187,0.9211661490382126
0.0,743.0048360078298,4.1144004,40.176216,0.921451169262446
0.0,742.9911055764832,4.1145606,40.213692,0.9217361870863972
0.0,742.9972116625222,4.1149616,40.238625,0.9220212043858952
0.0,742.982329054038,4.1154833,40.213692,0.9223062188430962
0.0,742.9911009854061,4.1155634,40.238625,0.9225912337985092
0.0,742.9833220553057,4.1158438,40.226158,0.922876248636634
0.0,742.9830100453173,4.1161246,40.251133,0.9231612633550692
0.0,742.9945258201508,4.1163254,40.138779,0.9234462796242652
0.0,742.981647112432,4.1165657,40.188721,0.9237312938198676
0.0,742.9928442436836,4.1168866,40.201187,0.9240163094440028
0.0,742.9796615498626,4.1172876,40.188721,0.924301322877926
0.0,742.9822981647233,4.1176486,40.151283,0.9245863344565348
0.0,742.968599761221,4.1176085,40.251133,0.92487134364706
0.0,742.9808847549511,4.1180897,40.201187,0.925156354683478
0.0,742.971902345505,4.1184106,40.238625,0.9254413651409032
0.0,742.9829532835859,4.1185308,40.213692,0.9257263769708186
0.0,742.9712154713683,4.1188917,40.238625,0.926011387164753
0.0,742.9835128580565,4.1190519,40.251133,0.9262963992093238
0.0,742.9719152105207,4.119493,40.176216,0.9265814096716842
0.0,742.9638767726202,4.1196938,40.188721,0.9268664170504304
0.0,742.9718324841208,4.119854,40.188721,0.9271514246143536
0.0,742.9689052646235,4.1203356,40.201187,0.9274364339220726
0.0,742.9827619373682,4.1205359,40.201187,0.9277214456785868
0.0,742.9682875306357,4.1208568,40.138779,0.9280064547493376
0.0,742.9735395735534,4.1209369,40.16375,0.9282914629681088
0.0,742.9687208169514,4.1213779,40.251133,0.928576472205072
0.0,742.9720247086422,4.1216588,40.238625,0.9288614798427336
0.0,742.9688601237002,4.1218591,40.251133,0.9291464891331364
0.0,742.9764479018181,4.1223402,40.138779,0.929431498467556
0.0,742.9774535281939,4.122541,40.176216,0.9297165110544632
0.0,742.9819853224058,4.1226611,40.201187,0.930001522513064
0.0,742.9693181168707,4.1230621,40.226158,0.9302865319791568
0.0,742.9715087678622,4.1234231,40.238625,0.9305715422856022
0.0,742.9732965907668,4.1236639,40.276104,0.930856550411164
0.0,742.965505683179,4.1239443,40.226158,0.931141558414774
0.0,742.9784472294451,4.124105,40.138779,0.9314265685161456
0.0,742.9713816324154,4.1243858,40.226158,0.9317115787738208
0.0,742.9733350314965,4.1244659,40.16375,0.9319965869141285
0.0,742.9656457458509,4.124907,40.213692,0.9322815949714678
0.0,742.971999000862,4.125308,40.28857,0.9325666025992678
0.0,742.9740732090759,4.1256289,40.151283,0.9328516138894551
0.0,742.9804707386664,4.1258693,40.188721,0.9331366247670544
0.0,742.9633610890585,4.1261501,40.251133,0.9334216319479796
0.0,742.9743031760316,4.1262703,40.188721,0.9337066404596724
0.0,742.9673194441323,4.1267514,40.188721,0.933991649159057
0.0,742.9722273805339,4.1271925,40.238625,0.9342766597411684
0.0,742.9860972100913,4.1274734,40.201187,0.9345616727771092
0.0,742.9747991820722,4.1274333,40.251133,0.934846684345786
0.0,742.9767982705454,4.1277542,40.213692,0.9351316938146088
0.0,742.9681790104581,4.1281552,40.176216,0.9354167028437306
0.0,742.9727436461392,4.1283956,40.16375,0.93570171075718
0.0,742.9684081717749,4.1284761,40.16375,0.93598671987421
0.0,742.9746461475254,4.1289172,40.213692,0.936271728517468
0.0,742.9584081447466,4.1291175,40.226158,0.9365567337984012
0.0,742.9682882385315,4.1295185,40.151283,0.9368417400027348
0.0,742.9574155228729,4.1298795,40.226158,0.9371267449028894
0.0,742.9764737688064,4.1300802,40.151283,0.9374117542472318
0.0,742.9613497575768,4.1303606,40.188721,0.9376967606565928
0.0,742.9611469753951,4.1306014,40.226158,0.937981766988165
0.0,742.9693508907654,4.1309223,40.226158,0.9382667736001372
0.0,742.9708773752828,4.1312428,40.176216,0.9385517836643752
0.0,742.9741696304714,4.1316037,40.213692,0.938836792124839
0.0,742.964073608917,4.1318045,40.238625,0.9391217995790933
0.0,742.9766393462617,4.1320448,40.176216,0.9394068089869518
0.0,742.9655256167094,4.1324058,40.176216,0.9396918169982088
0.0,742.9725080008319,4.1323657,40.213692,0.9399768248212634
0.0,742.9645063709569,4.1329675,40.213692,0.9402618324415288
0.0,742.9710121062187,4.1332479,40.213692,0.9405468396907511
0.0,742.9671036369099,4.1334486,40.201187,0.9408318483073504
0.0,742.9802420633097,4.1340098,40.188721,0.9411168590972286
0.0,742.9682943908315,4.1339698,40.138779,0.9414018681706112
0.0,742.9737360649541,4.1342106,40.176216,0.9416868793314672
0.0,742.9752640575756,4.1346116,40.188721,0.9419718882117586
0.0,742.9744808496697,4.134892,40.263599,0.9422568996583204
0.0,742.9803888656912,4.1351328,40.176216,0.9425419105045127
0.0,742.9716352681211,4.1353335,40.16375,0.9428269208594848
0.0,742.9821130820477,4.1358547,40.188721,0.9431119323670948
0.0,742.9348655669451,4.1362157,40.226158,0.9433969286168912
0.0,742.9371743850335,4.1365767,40.238625,0.9436819228858012
0.0,742.9317009208087,4.1366167,40.126312,0.9439669179216116
0.0,742.9425473643126,4.1369777,40.201187,0.9442519142516224
0.0,742.9338657173505,4.1371379,40.151283,0.9445369101178676
0.0,742.9396133028924,4.1373787,40.138779,0.9448219053223582
0.0,742.9357558944675,4.1376591,40.16375,0.9451069019136916
0.0,742.9316306445243,4.13802,40.176216,0.9453918969225436
0.0,742.939123187682,4.1383009,40.226158,0.9456768919390238
0.0,742.9246996956454,4.138381,40.138779,0.9459618842891035
0.0,742.9324011178081,4.1389422,40.151283,0.9462468767269656
0.0,742.9234394107212,4.1392231,40.176216,0.9465318685935892
0.0,742.9318603802118,4.1395841,40.138779,0.9468168608240216
0.0,742.9271628554526,4.1398649,40.201187,0.9471018541189908
0.0,742.9284606176435,4.1400652,40.188721,0.9473868450452578
0.0,742.923617559717,4.1404262,40.101341,0.947671836980221
0.0,742.9305552457345,4.140707,40.16375,0.9479568287099974
0.0,742.9209573909008,4.141068,40.188721,0.9482418196244968
0.0,742.9384792387482,4.141108,40.213692,0.9485268143939548
0.0,742.9219696671822,4.14183,40.16375,0.9488118056967724
0.0,742.9358958707833,4.1419101,40.238625,0.949096802341802
0.0,742.9412802314132,4.142231,40.263599,0.9493817981857344
0.0,742.9257689530519,4.1423912,40.176216,0.9496667909459908
0.0,742.9332158444433,4.1428323,40.151283,0.9499517836963856
0.0,742.9247500486312,4.1429524,40.126312,0.9502367760657812
0.0,742.9363035562316,4.1432734,40.263599,0.9505217700006372
0.0,742.9227835904097,4.1436744,40.213692,0.9508067616156826
0.0,742.9339740273043,4.1439152,40.238625,0.95109175465692
0.0,742.9244319474667,4.1442361,40.213692,0.9513767469042894
0.0,742.9301600049329,4.1447573,40.213692,0.9516617384824496
0.0,742.9199194193757,4.1445565,40.16375,0.951946728998774
0.0,742.9118039602023,4.1450782,40.16375,0.9522317135354672
0.0,742.8509033699161,4.1452785,40.151283,0.9525166775766374
0.0,742.8591525507231,4.1458397,40.126312,0.9528016447822648
0.0,742.8674829677822,4.1460805,40.176216,0.9530866123172124
0.0,742.8611574480598,4.1463213,40.213692,0.9533715802919356
0.0,742.8695709185541,4.1466017,40.151283,0.9536565486278312
0.0,742.865785161302,4.1468825,40.151283,0.9539415183777854
0.0,742.8720089077685,4.1472034,40.16375,0.9542264876489052
0.0,742.8617873897746,4.1476846,40.176216,0.9545114558652796
0.0,742.8703211663947,4.1478047,40.113808,0.954796424488974
0.0,742.8592857409211,4.1479254,40.176216,0.9550813917456942
0.0,742.8674833463614,4.1484065,40.188721,0.9553663592807872
0.0,742.8582927159157,4.1486468,40.051395,0.9556513261565744
0.0,742.8750897834393,4.1486468,40.188721,0.9559362966095328
0.0,742.8571416354698,4.1492887,40.188721,0.9562212630437558
0.0,742.8660196812002,4.1498098,40.151283,0.956506232883674
0.0,742.8720851290676,4.1498098,40.176216,0.9567912021840326
0.0,742.8514431255537,4.1502109,40.151283,0.9570761664322576
0.0,742.8084592471458,4.1506119,40.201187,0.9573611113254226
0.0,742.8021457221524,4.1508527,40.176216,0.9576460566627366
0.0,742.8065498245128,4.1511335,40.201187,0.9579310008234376
0.0,742.8031196804629,4.1515746,40.151283,0.9582159465343708
0.0,742.8067660857453,4.151855,40.213692,0.9585008907780308
0.0,742.8044310145423,4.1520157,40.201187,0.9587858369920028
0.0,742.8134295863437,4.1524568,40.226158,0.9590707837918137
0.0,742.8035780153743,4.1526971,40.188721,0.9593557296785676
0.0,742.8074157841719,4.1531787,40.213692,0.9596406741714552
0.0,742.8050739677917,4.153379,40.16375,0.9599256206320697
0.0,742.7810462597155,4.1536598,40.226158,0.9602105578754472
0.0,742.7629100250365,4.1537399,40.138779,0.9604954852957116
0.0,742.7549228211684,4.1539001,40.151283,0.960780412517912
0.0,742.7656972840751,4.154582,40.07637,0.9610653410073824
0.0,742.754235788644,4.154943,40.16375,0.9613502679660308
0.0,742.7569830758962,4.1552238,40.16375,0.9616351931126892
0.0,742.7492134721267,4.1554241,40.201187,0.9619201181447335
0.0,742.7654426320445,4.1556249,40.138779,0.9622050465365184
0.0,742.7569027808216,4.1558652,40.188721,0.9624899745182482
0.0,742.7653099762476,4.1563063,40.188721,0.9627749028591456
0.0,742.758570313849,4.1565871,40.213692,0.9630598314805556
0.0,742.7628716952203,4.1569881,40.151283,0.9633447588861164
0.0,742.75247277153,4.1569881,40.201187,0.9636296851684564
0.0,742.7498755542803,4.1574693,40.16375,0.9639146104544812
0.0,742.7609935718804,4.1578703,40.16375,0.9641995371395852
0.0,742.7460565779869,4.1581511,40.126312,0.9644844609606176
0.0,742.746876063296,4.1585522,40.188721,0.9647693822301774
0.0,742.7333398037397,4.1589532,40.188721,0.9650543011729452
0.0,742.7475134085803,4.1591535,40.176216,0.9653392226869936
0.0,742.7425240011574,4.159234,40.138779,0.9656241451528992
0.0,742.7494671544503,4.1595945,40.201187,0.9659090674164136
0.0,742.7457188355114,4.1601162,40.188721,0.9661939911078852
0.0,742.7522541077606,4.1603165,40.063904,0.9664789144404888
0.0,742.736917325861,4.1605573,40.213692,0.966763834755625
0.0,742.7496690476803,4.1611185,40.213692,0.9670487570965868
0.0,742.7466110309454,4.1614795,40.188721,0.9673336811303124
0.0,742.7492959553196,4.1615195,40.238625,0.9676186061939982
0.0,742.7572189176553,4.1618404,40.188721,0.9679035314311264
0.0,742.729367165527,4.1622815,40.138779,0.9681884488499558
0.0,742.706730582381,4.1624823,40.151283,0.9684733547195162
0.0,742.702079425862,4.1630435,40.226158,0.9687582616705324
0.0,742.7054513271703,4.1632037,40.176216,0.9690431670493642
0.0,742.7034924080543,4.1634445,40.188721,0.9693280745424124
0.0,742.7048335865599,4.1636047,40.126312,0.969612979684276
0.0,742.6985208607512,4.1640863,40.138779,0.9698978852701956
0.0,742.7084741959092,4.1644874,40.07637,0.9701827918086148
0.0,742.698203747157,4.1648078,40.16375,0.9704676972728868
0.0,742.7072207094606,4.1649284,40.213692,0.9707526033304622
0.0,742.6992738362017,4.1654496,40.138779,0.9710375092052298
0.0,742.6976690820286,4.1656899,40.151283,0.9713224144643998
0.0,742.7005686595535,4.1661315,40.088875,0.9716073179702168
0.0,742.6920294354737,4.1664519,40.176216,0.9718922210659696
0.0,742.7067182775331,4.1666126,40.213692,0.9721771269308098
0.0,742.6980894296597,4.1670537,40.126312,0.9724620323512287
0.0,742.7047120896414,4.167294,40.101341,0.9727469374464855
0.0,742.6963067966095,4.1678157,40.16375,0.973031842183071
0.0,742.697996794494,4.1679358,40.238625,0.9733167447023084
0.0,742.6905081295538,4.1682968,40.16375,0.9736016472144752
0.0,742.6701172980042,4.1687379,40.113808,0.9738865390390036
0.0,742.6387589428435,4.1688981,40.126312,0.974171421699734
0.0,742.6441283136037,4.1691389,40.063904,0.9744563035547632
0.0,742.6358639001099,4.16962,40.213692,0.97474118510493
0.0,742.6475144162149,4.1699009,40.213692,0.9750260682588846
0.0,742.6504143455123,4.170382,40.201187,0.9753109553907284
0.0,742.6412034751032,4.1706629,40.113808,0.9755958389892024
0.0,742.6510026427203,4.1709032,40.151283,0.9758807234812574
0.0,742.6526093797934,4.1713042,40.238625,0.9761656114551353
0.0,742.6576356625753,4.171545,40.176216,0.9764504984916486
0.0,742.6521836248775,4.1719861,40.138779,0.9767353863022032
0.0,742.6599072688815,4.172267,40.113808,0.9770202742101156
0.0,742.6526548256234,4.172708,40.188721,0.9773051622014268
0.0,742.6582781463052,4.1728282,40.226158,0.9775900494844
0.0,742.6525779834087,4.1731091,40.138779,0.977874937446234
0.0,742.6657324477412,4.1735501,40.151283,0.9781598275887128
0.0,742.6545065984131,4.1737504,40.113808,0.9784447162903804
0.0,742.6622448429242,4.1741514,40.176216,0.9787296050949972
0.0,742.6567602026082,4.1745524,40.126312,0.9790144946611667
0.0,742.6520362252095,4.1747532,40.138779,0.9792993824151776
0.0,742.6587364743671,4.1751542,40.126312,0.9795842698739676
0.0,742.6567345065462,4.1756754,40.176216,0.9798691594302796
0.0,742.6586220570847,4.1759162,40.101341,0.9801540468451788
0.0,742.6548754573322,4.1761565,40.16375,0.9804389356883436
0.0,742.6612762461403,4.1764374,40.126312,0.9807238241214022
0.0,742.6519921095094,4.1768384,40.051395,0.98100871185849
0.0,742.6575458427106,4.1772394,40.226158,0.9812935988605478
0.0,742.6490134973783,4.1774397,40.213692,0.981578485455014
0.0,742.6555800117734,4.1779213,40.126312,0.9818633717029698
0.0,742.6555769317926,4.1781216,40.126312,0.9821482608152264
0.0,742.6204115956696,4.1786027,40.151283,0.9824331335724088
0.0,742.5789138713575,4.1788034,40.101341,0.9827179932760512
0.0,742.5828664409804,4.1793246,40.088875,0.9830028544959336
0.0,742.6027670539586,4.1794047,40.113808,0.9832877204845852
0.0,742.5923888085616,4.1799664,40.201187,0.9835725853573304
0.0,742.5962992219293,4.1802874,40.226158,0.9838574488648902
0.0,742.5923332058602,4.1805677,40.16375,0.9841423137163056
0.0,742.6003354240565,4.1809287,40.113808,0.9844271787721722
0.0,742.587144424617,4.1812897,40.138779,0.9847120416331264
0.0,742.5991141053822,4.1816907,40.038929,0.9849969062204892
0.0,742.5949415552736,4.1819315,40.151283,0.98528177207249
0.0,742.5986183867899,4.1822119,40.126312,0.9855666364696928
0.0,742.5929303707202,4.182653,40.188721,0.985851501550186
0.0,742.5990185114681,4.1829338,40.176216,0.9861363661008784
0.0,742.5938655236181,4.1832147,40.238625,0.9864212315401042
0.0,742.589677797681,4.1835756,40.176216,0.986706095372882
0.0,742.6060319039884,4.1837358,40.07637,0.9869909626139456
0.0,742.5868640545293,4.184217,40.176216,0.9872758253673471
0.0,742.5955686262386,4.1846581,40.188721,0.9875606885946472
0.0,742.5931019398705,4.184979,40.113808,0.9878455537409556
0.0,742.6000373647461,4.18538,40.151283,0.9881304186824852
0.0,742.5853754006367,4.1855807,40.201187,0.9884152808648264
0.0,742.5933527459755,4.1858611,40.188721,0.988700143242104
0.0,742.5942161073717,4.1862221,40.176216,0.9889850088158167
0.0,742.600456165863,4.1868639,40.126312,0.9892698739180004
0.0,742.5921222448125,4.1868639,40.126312,0.9895547386884894
0.0,742.5940979765157,4.1874652,40.151283,0.9898396013516412
0.0,742.5909893887824,4.1876259,40.138779,0.9901244656875569
0.0,742.5884751307074,4.1881471,40.16375,0.9904093290589812
0.0,742.5986106592717,4.1882672,40.101341,0.9906941934532196
0.0,742.5819373440613,4.1887083,40.176216,0.9909790543166924
0.0,742.5902470645663,4.1891494,40.101341,0.9912639155026158
0.0,742.5834586254249,4.1893902,40.138779,0.9915487769496651
0.0,742.5934677976338,4.1898313,40.138779,0.9918336393710774
0.0,742.5856302215905,4.1900721,40.151283,0.99211850165117
0.0,742.5902595646384,4.1905532,40.188721,0.9924033628418883
0.0,742.5864248722597,4.1906734,40.126312,0.992688225426816
0.0,742.5918328150605,4.1911144,40.126312,0.9929730872210408
0.0,742.5857689782795,4.1914754,40.176216,0.9932579495543616
0.0,742.5968920958192,4.1921573,40.151283,0.993542813289351
0.0,742.5902255864843,4.1923175,40.151283,0.9938276773322654
0.0,742.5895366979171,4.1925983,40.151283,0.9941125411109162
0.0,742.5989480519402,4.1928792,40.151283,0.99439740563458
0.0,742.5968385921773,4.1934404,40.113808,0.9946822722143008
0.0,742.6018694422114,4.1934805,40.176216,0.994967137858624
0.0,742.5961576393693,4.1940823,40.16375,0.9952520041771252
0.0,742.6056319499778,4.1942024,40.138779,0.9955368712647646
0.0,742.592318485211,4.1946435,40.176216,0.995821736110533
0.0,742.6053582171451,4.1951246,40.151283,0.9961066030931672
0.0,742.6000085612886,4.1955657,40.213692,0.9963914708889154
0.0,742.6018764981096,4.1958466,40.113808,0.9966763365359452
0.0,742.5962719449977,4.1961675,40.07637,0.9969612028982952
0.0,742.603289273915,4.1965284,40.113808,0.9972460690872728
0.0,742.6007978640174,4.1968088,40.113808,0.9975309371858044
0.0,742.5972460743833,4.1973305,40.126312,0.9978158039218388
0.0,742.6054466094592,4.1974106,40.088875,0.9981006709383806
0.0,742.5954758917577,4.1980119,40.151283,0.9983855369953576
0.0,742.6058924010235,4.198092,40.151283,0.9986704041829072
0.0,742.607417327593,4.1986136,40.126312,0.9989552748207224
0.0,742.6069234126292,4.1989346,40.088875,0.999240142403773
0.0,742.5963932336032,4.1993356,40.101341,0.9995250088126504
0.0,742.6119773580812,4.1995358,40.151283,0.9998098783344186
0.0,742.5987668959411,4.1999769,40.113808,1.0
