Cycle,Current,Voltage,Temperature,SOC
300.0,742.2919437620452,2.7201533,40.585579,0.0
300.0,742.2919437620452,2.8544636,40.596722,0.0002932267090431
300.0,742.2885273629066,2.8782854,40.621693,0.0005864550178701
300.0,742.2949240760621,2.8958111,40.646626,0.0008796829042231
300.0,742.2959037325314,2.9106495,40.721539,0.001172914126958
300.0,742.2987050047713,2.9237237,40.621693,0.0014661435068869
300.0,742.2828488491832,2.9355946,40.621693,0.0017593695725147
300.0,742.292663931969,2.9468236,40.596722,0.0020525965660457
300.0,742.2849427847925,2.9568095,40.721539,0.0023458234588467
300.0,742.2944532605202,2.9661138,40.646626,0.0026390511592141
300.0,742.2913205750581,2.9753377,40.571751,0.0029322805714515
300.0,742.2895069934597,2.9833186,40.696571,0.0032255063179008
300.0,742.2821676145445,2.9912994,40.596722,0.0035187321144186
300.0,742.2813539708569,2.9989994,40.584217,0.0038119575895205
300.0,742.2859235389623,3.0062582,40.621693,0.004105181920402
300.0,742.2844592787294,3.0131562,40.646626,0.0043984086222023
300.0,742.2943635139396,3.0198135,40.621693,0.0046916362871172
300.0,742.2909579424664,3.0259495,40.571751,0.0049848655561028
300.0,742.2963307243153,3.032326,40.596722,0.0052780939981225
300.0,742.2931037699242,3.038141,40.596722,0.0055713241147802
300.0,742.3001933551271,3.0441968,40.571751,0.0058645540826504
300.0,742.2938539739645,3.0498114,40.634159,0.0061577844956634
300.0,742.2974249929504,3.0553057,40.596722,0.0064510133699507
300.0,742.2905454199587,3.0606797,40.65913,0.0067442424759764
300.0,742.3005377173528,3.0656927,40.65913,0.0070374725798795
300.0,742.2944910315541,3.0706255,40.634159,0.0073307032445511
300.0,742.2933515104737,3.075839,40.684105,0.0076239334590746
300.0,742.2975588315643,3.0806515,40.559284,0.007917162386232
300.0,742.2878139018557,3.0851433,40.646626,0.0082103904132184
300.0,742.2999341984514,3.0899959,40.596722,0.0085036202787142
300.0,742.2962740189016,3.0944073,40.596722,0.0087968516477243
300.0,742.2994873942707,3.0986986,40.65913,0.0090900813367196
300.0,742.2833393132211,3.1029897,40.584217,0.0093833075960968
300.0,742.2996211962674,3.1072807,40.584217,0.0096765373379477
300.0,742.289896289663,3.1112912,40.621693,0.0099697661875456
300.0,742.2959810398062,3.1156225,40.559284,0.0102629944914299
300.0,742.2873108524299,3.1194725,40.584217,0.0105562223196953
300.0,742.2944778334085,3.1234429,40.609188,0.0108494500297696
300.0,742.2929313341958,3.1276138,40.609188,0.0111426800783097
300.0,742.2934276942004,3.1311829,40.634159,0.0114359103229281
300.0,742.2998557434358,3.1349928,40.584217,0.011729140157432
300.0,742.2965278751531,3.1386423,40.609188,0.0120223716267236
300.0,742.3107669598379,3.1420913,40.634159,0.0123156057714723
300.0,742.2973297635257,3.1459012,40.559284,0.0126088375575361
300.0,742.3015492950991,3.1491897,40.546776,0.0129020680610417
300.0,742.2995767135544,3.1527591,40.621693,0.0131953007347244
300.0,742.3021102112303,3.1563284,40.609188,0.013488531459808
300.0,742.3041979812049,3.1595366,40.596722,0.013781765959043
300.0,742.3098306022275,3.1630659,40.646626,0.0140749997339035
300.0,742.3080618793336,3.1663945,40.634159,0.014368235759505
300.0,742.3078765022581,3.1694825,40.571751,0.0146614687624397
300.0,742.2977626350519,3.1726108,40.559284,0.014954700719502
300.0,742.3001190084162,3.1758993,40.571751,0.015247933607409
300.0,742.3065084894746,3.1789873,40.571751,0.0155411660699392
300.0,742.2935741412589,3.1820753,40.571751,0.0158343963724091
300.0,742.3085834763256,3.1850431,40.571751,0.016127629654619
300.0,742.2952095951421,3.1880507,40.621693,0.0164208606031467
300.0,742.2955090889963,3.1909382,40.609188,0.0167140887205968
300.0,742.2955980820838,3.1940265,40.646626,0.0170073198225897
300.0,742.302988377601,3.1968737,40.584217,0.0173005508945743
300.0,742.2991369328926,3.1998415,40.584217,0.0175937833945292
300.0,742.3015820589567,3.2026086,40.584217,0.0178870139109774
300.0,742.2928923206885,3.2053759,40.596722,0.0181802439441058
300.0,742.299182058172,3.2082634,40.559284,0.0184734735124846
300.0,742.2848220089826,3.2109904,40.521809,0.0187667003575752
300.0,742.2976218812032,3.2136774,40.546776,0.0190599293096391
300.0,742.292474317264,3.2165649,40.534309,0.0193531591776424
300.0,742.346959941246,3.2190917,40.496876,0.0196464105692539
300.0,742.3572340209839,3.2216182,40.521809,0.0199396630698308
300.0,742.347526711066,3.2242248,40.534309,0.0202329146853349
300.0,742.3482328857126,3.2268717,40.584217,0.0205261636302041
300.0,742.3445412024548,3.2293181,40.596722,0.0208194140663344
300.0,742.3547898060469,3.2320452,40.496876,0.0211126656013761
300.0,742.3497983802085,3.2343712,40.596722,0.021405918114264
300.0,742.3577310085328,3.2367775,40.496876,0.0216991708111654
300.0,742.3478387945888,3.239264,40.546776,0.0219924225499527
300.0,742.3545735573358,3.2419109,40.509342,0.0222856739995699
300.0,742.3493526913658,3.2441566,40.534309,0.0225789263363961
300.0,742.3601813758298,3.2464828,40.534309,0.0228721800012631
300.0,742.3514789876702,3.2490494,40.509342,0.0231654331780461
300.0,742.3478447027442,3.2512553,40.421959,0.0234586849191674
300.0,742.3566164028874,3.2536213,40.459396,0.0237519371757674
300.0,742.3469729172444,3.2558672,40.484367,0.0240451885725048
300.0,742.3628223325184,3.2580328,40.471901,0.0243384432806259
300.0,742.3442415334302,3.2604392,40.471901,0.0246316935983771
300.0,742.3501811995014,3.2628052,40.421959,0.0249249433128864
300.0,742.3475960466737,3.2651713,40.44693,0.0252181949557803
300.0,742.3543828092222,3.2672167,40.509342,0.0255114463300465
300.0,742.3471771643597,3.2697432,40.509342,0.0258046978074682
300.0,742.3563365063372,3.2713876,40.509342,0.026097949953501
300.0,742.3487615442178,3.2735932,40.471901,0.0263912020568047
300.0,742.356616354043,3.2760797,40.496876,0.0266844543133854
300.0,742.3483160140314,3.2780449,40.384521,0.0269777062406901
300.0,742.3412507758069,3.2802505,40.521809,0.027270955376994
300.0,742.3521162686002,3.2822156,40.496876,0.0275642058559113
300.0,742.3574629931629,3.2843814,40.534309,0.0278574613965727
300.0,742.353217361001,3.2863064,40.44693,0.0281507123104532
300.0,742.3492326357779,3.2885923,40.471901,0.0284439645998535
300.0,742.359671851566,3.2906778,40.434425,0.0287372180634438
300.0,742.3517596382234,3.2924423,40.459396,0.029030471351093
300.0,742.3507793106768,3.2946479,40.459396,0.0293237213018734
300.0,742.3410593826189,3.2965729,40.521809,0.0296169703625707
300.0,742.3699651081077,3.2985783,40.44693,0.029910227892294
300.0,742.4193204701594,3.3003428,40.421959,0.0302035078686871
300.0,742.4188762376128,3.3024683,40.521809,0.0304967847197161
300.0,742.4144132663396,3.3042328,40.471901,0.0307900627576028
300.0,742.4173022544372,3.3061981,40.496876,0.0310833419367346
300.0,742.4167307303671,3.3082032,40.44693,0.0313766179402263
300.0,742.4116131450348,3.3099277,40.484367,0.0316698948719733
300.0,742.4240571983765,3.3117325,40.459396,0.0319631737696311
300.0,742.4195051250375,3.3138981,40.459396,0.032256453818969
300.0,742.4366929114436,3.3159835,40.459396,0.0325497377080975
300.0,742.4230256897841,3.317708,40.421959,0.0328430191481739
300.0,742.4267623277734,3.3193121,40.396988,0.0331362991144357
300.0,742.4239231344093,3.3213575,40.409492,0.0334295809090322
300.0,742.4311612041281,3.3231621,40.459396,0.0337228626129769
300.0,742.4225099207488,3.3248465,40.421959,0.0340161438493077
300.0,742.4289396711017,3.3266914,40.459396,0.0343094246756828
300.0,742.4220638046274,3.3286164,40.384521,0.0346027057357831
300.0,742.4172524743665,3.3303409,40.459396,0.0348959848952501
300.0,742.4218549525164,3.3318648,40.347084,0.0351892629229572
300.0,742.4201990305475,3.3337498,40.44693,0.0354825432464106
300.0,742.4238411571677,3.3354743,40.372017,0.0357758220587258
300.0,742.4177613465123,3.3372388,40.384521,0.036069101419214
300.0,742.4297292505736,3.3387628,40.384521,0.0363623825574958
300.0,742.4224147795927,3.3404872,40.384521,0.0366556637562427
300.0,742.4234086718444,3.3422918,40.434425,0.0369489423977138
300.0,742.4227827954397,3.3440163,40.421959,0.0372422237418389
300.0,742.4275906281621,3.3457408,40.409492,0.0375355040353033
300.0,742.4212180199687,3.3474252,40.496876,0.0378287847612908
300.0,742.4278511886376,3.3488691,40.434425,0.0381220651576841
300.0,742.4181820843447,3.3505533,40.421959,0.0384153446843775
300.0,742.4159154200013,3.3522377,40.384521,0.0387086233156642
300.0,742.4267123763553,3.3538017,40.421959,0.0390019032621938
300.0,742.416717222945,3.3555262,40.396988,0.0392951822102189
300.0,742.4262725790046,3.357291,40.372017,0.0395884619830158
300.0,742.4183163854569,3.3586946,40.347084,0.0398817415627626
300.0,742.4166355028436,3.3601785,40.297138,0.0401750175286368
300.0,742.4182641884379,3.3619831,40.384521,0.040468297087764
300.0,742.4273990499496,3.363467,40.409492,0.0407615773055494
300.0,742.4211670558266,3.3648705,40.396988,0.0410548580114045
300.0,742.4295640275759,3.366595,40.334579,0.0413481390844185
300.0,742.4204158141874,3.368119,40.421959,0.0416414194935084
300.0,742.4305502511619,3.3694425,40.347084,0.0419347009561091
300.0,742.4222038186217,3.3712471,40.309605,0.0422279820715195
300.0,742.4182449135903,3.3726909,40.384521,0.0425212616230325
300.0,742.4199770248737,3.3743353,40.347084,0.0428145389089042
300.0,742.4142284649424,3.375458,40.322113,0.0431078168737883
300.0,742.4226186407506,3.3770623,40.322113,0.0434010952031743
300.0,742.4142545390428,3.3785863,40.347084,0.0436943731783586
300.0,742.4237832466841,3.3799899,40.35955,0.0439876519677975
300.0,742.4206703540361,3.3817947,40.372017,0.0442809324774391
300.0,742.4269850218599,3.3832383,40.297138,0.0445742125316715
300.0,742.4209564488874,3.3843613,40.334579,0.0448674931543299
300.0,742.428711129872,3.3858452,40.35955,0.0451607738904247
300.0,742.4248968603051,3.3874893,40.372017,0.0454540560696748
300.0,742.4298123076705,3.3888528,40.409492,0.0457473372407666
300.0,742.4235922887848,3.3902166,40.35955,0.0460406189046682
300.0,742.4274941993641,3.3916202,40.334579,0.0463339021099524
300.0,742.4363237321764,3.3929837,40.309605,0.0466271858532445
300.0,742.4571183663165,3.3945878,40.322113,0.0469204807610461
300.0,742.504497612617,3.3957911,40.334579,0.0472137914349855
300.0,742.4861890445778,3.397315,40.284672,0.0475070978266583
300.0,742.4986988752139,3.3985581,40.309605,0.0478004062099294
300.0,742.4970739916647,3.4000421,40.309605,0.0480937169015132
300.0,742.5067830010486,3.401526,40.247196,0.048387028478247
300.0,742.4987478120366,3.4026487,40.347084,0.0486803398310447
300.0,742.5017543726984,3.404253,40.309605,0.0489736494213254
300.0,742.4931838485394,3.4052556,40.309605,0.0492669585761751
300.0,742.4942051130546,3.4067395,40.284672,0.0495602651842806
300.0,742.4866282758833,3.4078221,40.309605,0.0498535717494641
300.0,742.4940955509157,3.4095869,40.322113,0.0501468812644662
300.0,742.5007355072956,3.41079,40.297138,0.0504401904522656
300.0,742.4963227500384,3.4121134,40.35955,0.0507335008470843
300.0,742.5038616473307,3.4134369,40.35955,0.0510268112697992
300.0,742.4860761788661,3.4146399,40.272167,0.0513201176168863
300.0,742.5112390066835,3.4160035,40.222263,0.0516134309538707
300.0,742.4916446222919,3.4172065,40.284672,0.0519067395006756
300.0,742.5066237106431,3.4186103,40.284672,0.0522000510144851
300.0,742.4995059872717,3.4198534,40.322113,0.0524933626667869
300.0,742.5024607119742,3.4210165,40.35955,0.0527866725360919
300.0,742.4863420467528,3.4223802,40.309605,0.0530799789882055
300.0,742.4978460141145,3.4237034,40.35955,0.0533732870345719
300.0,742.4839996504055,3.4247062,40.284672,0.0536665925613622
300.0,742.4922999903594,3.4261098,40.259705,0.0539599013670589
300.0,742.4938614466121,3.4274733,40.297138,0.0542532078394063
300.0,742.4837767510331,3.4285562,40.209759,0.054546513278144
300.0,742.5016974022041,3.4299197,40.222263,0.0548398228459197
300.0,742.5055593771328,3.4310026,40.297138,0.055133136889509
300.0,742.5158800840713,3.4322858,40.222263,0.0554264520598527
300.0,742.5004161026752,3.4333286,40.284672,0.05571976407168
300.0,742.5118684534494,3.4348123,40.272167,0.056013077657314
300.0,742.5039551731219,3.4357347,40.23473,0.0563063910671901
300.0,742.5041977941922,3.4370182,40.284672,0.0565997016226927
300.0,742.496125619604,3.4379807,40.284672,0.0568930119396384
300.0,742.5100363146186,3.4393041,40.284672,0.0571863248015248
300.0,742.5079142612763,3.4406276,40.247196,0.0574796397753705
300.0,742.5025099405759,3.4417105,40.172321,0.0577729526143324
300.0,742.5078722525145,3.4429936,40.309605,0.0580662646213519
300.0,742.5046875428148,3.4439962,40.197292,0.058359578320538
300.0,742.5103347781901,3.4452395,40.284672,0.0586528913003261
300.0,742.5004160294158,3.4463224,40.284672,0.0589462033121244
300.0,742.5076804668637,3.4475255,40.222263,0.0592395152433831
300.0,742.5097094067299,3.4486084,40.247196,0.0595328309263701
300.0,742.5127861586213,3.4496911,40.322113,0.0598261448745242
300.0,742.5038909278508,3.4506936,40.222263,0.0601194582590213
300.0,742.5097112274119,3.4518969,40.309605,0.0604127709924888
300.0,742.5007089235199,3.4533005,40.209759,0.0607060831199899
300.0,742.5067072560432,3.4545035,40.259705,0.0609993946668022
300.0,742.5033183963047,3.455466,40.247196,0.0612927078251306
300.0,742.5039292089363,3.4565489,40.209759,0.06158602122475
300.0,742.5107933622023,3.4576318,40.247196,0.061879334385692
300.0,742.4987736175276,3.4586744,40.222263,0.0621726457486838
300.0,742.5057897339706,3.4598775,40.184788,0.0624659569330484
300.0,742.5608824850472,3.4609203,40.222263,0.0627592928310794
300.0,742.5722398258235,3.4620032,40.259705,0.0630526302651453
300.0,742.5578646767268,3.4630859,40.272167,0.0633459649710431
300.0,742.5686115468762,3.4641688,40.272167,0.0636393009718343
300.0,742.5623655591986,3.4651713,40.222263,0.0639326374557282
300.0,742.5728515601211,3.4660938,40.23473,0.0642259751314468
300.0,742.5653506283683,3.4670963,40.259705,0.0645193127945409
300.0,742.5716925938541,3.4684198,40.197292,0.0648126500124344
300.0,742.5642425280497,3.4693422,40.209759,0.0651059872377926
300.0,742.5709270918118,3.4701843,40.172321,0.0653993271037727
300.0,742.5813687815589,3.4713876,40.209759,0.0656926681440392
300.0,742.5680177669369,3.4725907,40.197292,0.0659860068607405
300.0,742.5705529270186,3.4732323,40.209759,0.0662793436284328
300.0,742.5719325558845,3.4744353,40.222263,0.0665726838916041
300.0,742.5809160203511,3.4756386,40.134884,0.0668660247530169
300.0,742.5745550656811,3.4765208,40.272167,0.0671593660521656
300.0,742.5841888164775,3.4774833,40.23473,0.0674527082064272
300.0,742.575433674862,3.4784458,40.197292,0.0677460498526553
300.0,742.5853155071009,3.4794083,40.172321,0.0680393924519921
300.0,742.5775789652542,3.4803708,40.197292,0.0683327349456803
300.0,742.5911659050921,3.4816141,40.184788,0.068626079856093
300.0,742.581003985969,3.4824162,40.23473,0.0689194237027766
300.0,742.5752753138497,3.4833786,40.197292,0.069212765286447
300.0,742.57936405882,3.4843812,40.197292,0.0695061055347902
300.0,742.5746830802159,3.4852636,40.247196,0.0697994468845089
300.0,742.5780390150405,3.4864666,40.209759,0.0700927866094217
300.0,742.5706471736358,3.4872689,40.209759,0.0703861263648249
300.0,742.5902173281147,3.4882314,40.222263,0.0706794709005222
300.0,742.5819333518557,3.488873,40.14735,0.0709728151143359
300.0,742.5866073842452,3.489996,40.209759,0.0712661582240015
300.0,742.5805899009728,3.4909985,40.222263,0.071559501907108
300.0,742.5790518500855,3.4920011,40.184788,0.0718528420321198
300.0,742.5676167799851,3.492763,40.159855,0.0721461805904181
300.0,742.5772690889589,3.4936054,40.172321,0.0724395200111879
300.0,742.5667454339526,3.4947684,40.172321,0.072732858225276
300.0,742.5656780592594,3.4955304,40.209759,0.073026193067255
300.0,742.5663051161358,3.4964526,40.184788,0.0733195311074031
300.0,742.5663881235789,3.4971745,40.209759,0.0736128691803419
300.0,742.6317847044761,3.4981771,40.197292,0.0739062301363508
300.0,742.625021433354,3.4991798,40.097408,0.0741995913713696
300.0,742.6372852836521,3.500062,40.209759,0.0744929545002658
300.0,742.6334119950684,3.5008643,40.247196,0.0747863190498316
300.0,742.6350436821283,3.5016263,40.159855,0.0750796812932306
300.0,742.6262438764935,3.5026689,40.109909,0.0753730430111546
300.0,742.6384695551264,3.5032704,40.122375,0.0756664066078721
300.0,742.6245515014754,3.5043533,40.222263,0.0759597676572524
300.0,742.637176652723,3.5051954,40.184788,0.0762531307432363
300.0,742.6255247513382,3.5059574,40.184788,0.0765464921770822
300.0,742.6310396442453,3.5070403,40.14735,0.0768398528387709
300.0,742.6257230414924,3.5076017,40.159855,0.0771332143509479
300.0,742.6266453760826,3.5082033,40.14735,0.0774265762274773
300.0,742.6367690454776,3.5090854,40.109909,0.0777199391524446
300.0,742.6217241097336,3.5100479,40.122375,0.0780132990849124
300.0,742.6291679788785,3.5107298,40.134884,0.0783066590072393
300.0,742.6204829778351,3.5116923,40.159855,0.0786000184494194
300.0,742.6295691407104,3.5125344,40.14735,0.0788933785302167
300.0,742.6249643047636,3.5130558,40.172321,0.0791867397426679
300.0,742.6376474681949,3.5138981,40.122375,0.0794801030146374
300.0,742.6204257637837,3.5148203,40.14735,0.079773462434216
300.0,742.6282388600035,3.5155022,40.159855,0.0800668219895142
300.0,742.6266574854311,3.5161841,40.209759,0.0803601838708272
300.0,742.6385897462025,3.5169058,40.134884,0.0806535475150237
300.0,742.6309609200534,3.5173471,40.14735,0.0809469110963345
300.0,742.6326413077624,3.5181892,40.159855,0.0812402753414536
300.0,742.6355408649781,3.5191917,40.172321,0.0815336377812541
300.0,742.625467573891,3.5197132,40.172321,0.0818269991925131
300.0,742.6325864300101,3.5205956,40.197292,0.0821203604652267
300.0,742.6209991009791,3.5215178,40.122375,0.0824137201112923
300.0,742.6261008357343,3.5219991,40.172321,0.0827070788220093
300.0,742.6185604647757,3.5228012,40.134884,0.0830004375047336
300.0,742.6248087755417,3.5232422,40.159855,0.0832937957050496
300.0,742.6154924369941,3.5240445,40.159855,0.0835871531758023
300.0,742.6214976858199,3.5248866,40.159855,0.0838805100681424
300.0,742.6140596555379,3.525368,40.109909,0.0841738669728996
300.0,742.6249103508029,3.5259695,40.122375,0.0844672252133407
300.0,742.6175932329575,3.526571,40.159855,0.0847605835139767
300.0,742.6200757531626,3.527333,40.097408,0.0850539427952897
300.0,742.6222808199421,3.5278544,40.134884,0.0853472999969903
300.0,742.6115580924521,3.5286162,40.122375,0.085640655913548
300.0,742.6269915022153,3.5291376,40.134884,0.0859340149761039
300.0,742.6216030410345,3.5298996,40.172321,0.0862273748607456
300.0,742.6336937846484,3.530381,40.159855,0.0865207365708962
300.0,742.6146078708011,3.531143,40.134884,0.0868140936922163
300.0,742.6294551019816,3.5314636,40.109909,0.0871074537279651
300.0,742.6240921896091,3.5321054,40.134884,0.0874008145959022
300.0,742.6288246420557,3.532747,40.134884,0.0876941743826011
300.0,742.6278291229825,3.5331881,40.122375,0.0879875367267494
300.0,742.632580558451,3.5337899,40.14735,0.0882808979971436
300.0,742.6237936192271,3.5342309,40.134884,0.0885742587471355
300.0,742.6256835519328,3.5349929,40.159855,0.0888676202437129
300.0,742.6345032250642,3.5353136,40.134884,0.0891609822736158
300.0,742.6316546546161,3.5360355,40.14735,0.0894543461289745
300.0,742.6370680582705,3.5364366,40.14735,0.0897477091720604
300.0,742.6274223133872,3.5367575,40.197292,0.0900410713555056
300.0,742.633172382909,3.5374393,40.14735,0.0903344328596874
300.0,742.6341317915811,3.538121,40.14735,0.0906277976935965
300.0,742.633338484799,3.538522,40.134884,0.0909211592633934
300.0,742.627103271949,3.5390034,40.134884,0.0912145213208067
300.0,742.6391431794275,3.539324,40.084942,0.0915078851836253
300.0,742.6304196749518,3.5398455,40.097408,0.0918012485511265
300.0,742.6356169274529,3.5402465,40.109909,0.092094611020974
300.0,742.6328841410489,3.5406878,40.109909,0.0923879753620201
300.0,742.6304257540544,3.5410085,40.184788,0.0926813387319228
300.0,742.6334716154826,3.5414898,40.134884,0.0929747003543102
300.0,742.6284212711554,3.5418909,40.047501,0.0932680629323764
300.0,742.6342934217026,3.5423319,40.109909,0.0935614248794009
300.0,742.6277909517861,3.542773,40.097408,0.0938547872084703
300.0,742.6321804585594,3.5434549,40.197292,0.0941481483208135
300.0,742.6279815271106,3.543896,40.134884,0.0944415107251664
300.0,742.6326500900249,3.5441768,40.134884,0.0947348720230275
300.0,742.6223741922232,3.5445778,40.109909,0.0950282322122993
300.0,742.6277236594685,3.5449388,40.084942,0.0953215915640784
300.0,742.6211134681005,3.5452595,40.14735,0.0956149512553228
300.0,742.6242915486359,3.5457408,40.097408,0.0959083092513192
300.0,742.6145246680592,3.5459814,40.084942,0.0962016663397715
300.0,742.6177908638789,3.5461819,40.109909,0.0964950247184783
300.0,742.6287737994545,3.5468638,40.134884,0.0967883844850929
300.0,742.6263392251116,3.546984,40.209759,0.0970817462406827
300.0,742.6300080713193,3.5476658,40.097408,0.0973751064948703
300.0,742.616274391395,3.5479064,40.097408,0.0976684642745207
300.0,742.628080155654,3.5482674,40.14735,0.0979618237671261
300.0,742.621756250684,3.5486684,40.109909,0.0982551837122907
300.0,742.6311609217925,3.5489492,40.122375,0.0985485444218874
300.0,742.6193248167244,3.5493503,40.109909,0.0988419034065559
300.0,742.6302252355143,3.5495508,40.072475,0.0991352637465296
300.0,742.6279508388154,3.5499518,40.122375,0.0994286261387596
300.0,742.6305371757389,3.5503929,40.184788,0.0997219866019587
300.0,742.6199671599047,3.5505133,40.084942,0.1000153458403738
300.0,742.6176571609159,3.5507138,40.134884,0.1003087041662635
300.0,742.6346240386728,3.5510347,40.159855,0.1006020662438912
300.0,742.6312601008116,3.5515158,40.109909,0.1008954299433883
300.0,742.6339051383175,3.5520372,40.097408,0.1011887917370297
300.0,742.6159374789205,3.5524383,40.072475,0.1014821493835886
300.0,742.6239040830842,3.5525587,40.134884,0.1017755072265249
300.0,742.6148690512591,3.5527189,40.134884,0.1020688644510199
300.0,742.6305306815193,3.5533607,40.122375,0.1023622249116536
300.0,742.6249393048965,3.5536413,40.097408,0.102655586114229
300.0,742.632255666494,3.5540423,40.172321,0.1029489472562815
300.0,742.6275684308357,3.5542831,40.084942,0.1032423094974478
300.0,742.6247252790243,3.5545237,40.184788,0.1035356676647802
300.0,742.6228513506717,3.5549247,40.109909,0.1038290280425452
300.0,742.625937786555,3.5548847,40.122375,0.1041223896395536
300.0,742.6351787047615,3.5554461,40.134884,0.1044157519362904
300.0,742.6268044207816,3.5557668,40.122375,0.1047091138756477
300.0,742.6348974654702,3.5561678,40.122375,0.1050024760612869
300.0,742.618108928874,3.5562882,40.109909,0.1052958345656398
300.0,742.6329308044212,3.5565288,40.097408,0.1055891959743912
300.0,742.6197895727865,3.5568497,40.097408,0.1058825551426535
300.0,742.6302508339159,3.5574112,40.097408,0.1061759154927394
300.0,742.6196938335196,3.5573711,40.084942,0.1064692746231815
300.0,742.6231724629786,3.5579326,40.097408,0.1067626321771069
300.0,742.6234499928967,3.5581331,40.134884,0.1070559927913551
300.0,742.6245344820536,3.5584137,40.134884,0.1073493508833173
300.0,742.6233414118401,3.5584137,40.109909,0.1076427114546725
300.0,742.6267667012154,3.5588148,40.134884,0.1079360733791293
300.0,742.6309063916234,3.5593362,40.209759,0.1082294339881793
300.0,742.6222463241305,3.5596168,40.134884,0.108522794126939
300.0,742.6354389234926,3.5598173,40.059967,0.1088161565264697
300.0,742.6300000480463,3.5600982,40.172321,0.1091095197282046
300.0,742.6334846526255,3.5603788,40.172321,0.109402881355742
300.0,742.6244044074047,3.5606196,40.109909,0.1096962423470153
300.0,742.6348723311352,3.5608201,40.122375,0.1099896045227258
300.0,742.6190638315909,3.5612211,40.159855,0.1102829634042965
300.0,742.6256742588049,3.5615017,40.097408,0.1105763219465033
300.0,742.6149007283012,3.5616622,40.084942,0.1108696791835117
300.0,742.6209949364743,3.5622237,40.14735,0.1111630358772513
300.0,742.6137804698285,3.5625045,40.122375,0.111456392671721
300.0,742.6177072704879,3.5627851,40.072475,0.1117497510174056
300.0,742.6281059125984,3.5627851,40.097408,0.1120431105201857
300.0,742.6216352917974,3.5632262,40.122375,0.1123364704175675
300.0,742.6219564163268,3.5635872,40.14735,0.1126298274911194
300.0,742.6177969552085,3.5639081,40.134884,0.1129231858722324
300.0,742.6323443998364,3.5639482,40.122375,0.1132165470493371
300.0,742.6175167196175,3.56463,40.097408,0.1135099053197479
300.0,742.625647952409,3.5647502,40.134884,0.1138032638515629
300.0,742.6208269826386,3.5649107,40.184788,0.1140966234296362
300.0,742.6362726438567,3.5656326,40.134884,0.1143899861585105
300.0,742.6280261557292,3.5654721,40.159855,0.1146833485804931
300.0,742.6311360559929,3.5659935,40.059967,0.1149767092802672
300.0,742.6255824537262,3.5660737,40.109909,0.1152700707369075
300.0,742.6266388819795,3.5663545,40.222263,0.1155634326108715
300.0,742.6327841483554,3.566555,40.159855,0.1158567939616895
300.0,742.627408629344,3.5671165,40.159855,0.1161501561397291
300.0,742.6342110482354,3.5670762,40.084942,0.1164435180542137
300.0,742.6264605013365,3.5677981,40.14735,0.1167368798577115
300.0,742.6325737590914,3.568079,40.159855,0.1170302411254197
300.0,742.6279113248019,3.5682392,40.14735,0.1173236035020404
300.0,742.6379467129443,3.5686002,40.159855,0.1176169668922203
300.0,742.6348255261694,3.5689211,40.134884,0.1179103320001772
300.0,742.6408115723335,3.5690012,40.109909,0.1182036965220591
300.0,742.6308017044072,3.5693221,40.159855,0.1184970600404745
300.0,742.645687184666,3.5695226,40.159855,0.1187904264883637
300.0,742.6329473609945,3.5701644,40.097408,0.1190837908543838
300.0,742.6334560256657,3.5701644,40.134884,0.1193771554213432
300.0,742.6347702553309,3.5702045,40.134884,0.1196705175567307
300.0,742.628815458765,3.5709264,40.109909,0.119963880290514
300.0,742.6334271694632,3.5710866,40.109909,0.1202572418953439
300.0,742.6321643323859,3.5712471,40.172321,0.120550605952042
300.0,742.6395705621168,3.5714877,40.14735,0.1208439699836891
300.0,742.6368742593673,3.5718889,40.072475,0.1211373359009628
300.0,742.6363234985572,3.5721295,40.109909,0.1214306986499262
300.0,742.6259125913891,3.5724502,40.122375,0.1217240602369816
300.0,742.6334208583941,3.5728514,40.14735,0.1220174218393185
300.0,742.6251556734337,3.5730519,40.122375,0.1223107831273665
300.0,742.6248206896856,3.573132,40.122375,0.1226041413323889
300.0,742.6228063679828,3.5736535,40.097408,0.1228975016923843
300.0,742.625397505823,3.573854,40.097408,0.123190863075964
300.0,742.6356613978753,3.5741346,40.122375,0.1234842255633785
300.0,742.622546151869,3.5745759,40.14735,0.12377758582058
300.0,742.63502526164,3.5748165,40.14735,0.1240709480567024
300.0,742.6239525296596,3.5752175,40.172321,0.1243643088694692
300.0,742.6320269054453,3.575418,40.159855,0.1246576699211544
300.0,742.6219337889967,3.5756185,40.134884,0.1249510299364525
300.0,742.6337201764803,3.5759394,40.122375,0.1252443916570286
300.0,742.6298285154745,3.5761399,40.172321,0.1255377547910025
300.0,742.6342350962527,3.5765009,40.122375,0.1258311167149867
300.0,742.6343090124532,3.5769019,40.159855,0.1261244816189038
300.0,742.6374944277743,3.5772226,40.184788,0.126417844830418
300.0,742.6312221003834,3.577343,40.184788,0.1267112085149036
300.0,742.6325457028131,3.577744,40.14735,0.1270045727222556
300.0,742.6348082804419,3.5778244,40.14735,0.1272979348726642
300.0,742.6272562008644,3.5782254,40.172321,0.1275912969904894
300.0,742.632676176589,3.578506,40.172321,0.1278846582986555
300.0,742.6249641582191,3.5787466,40.084942,0.1281780195110487
300.0,742.6318291750518,3.5793884,40.184788,0.1284713804846248
300.0,742.6298152831383,3.5795488,40.134884,0.1287647436133715
300.0,742.6364450812699,3.579669,40.14735,0.1290581064103635
300.0,742.628243525496,3.5799899,40.209759,0.1293514689182144
300.0,742.633065009221,3.5802705,40.084942,0.1296448303799806
300.0,742.6326099968386,3.5805514,40.159855,0.1299381946127308
300.0,742.6392262975191,3.5809925,40.134884,0.1302315585083834
300.0,742.632857236973,3.5811129,40.14735,0.1305249228388016
300.0,742.6303204509516,3.5818748,40.184788,0.1308182832163881
300.0,742.6252056732189,3.5815139,40.109909,0.1311116445241877
300.0,742.6248952011165,3.5820754,40.097408,0.1314050057093407
300.0,742.63531737741,3.5821955,40.159855,0.1316983680608572
300.0,742.6223549784465,3.5825565,40.084942,0.1319917282425389
300.0,742.6206512578559,3.5829175,40.122375,0.1322850848005155
300.0,742.6156387132396,3.5832384,40.14735,0.1325784423290522
300.0,742.6269081643176,3.5834389,40.134884,0.1328718013586872
300.0,742.6161862448163,3.58392,40.122375,0.1331651591035168
300.0,742.6337959336618,3.5840404,40.122375,0.1334585208540192
300.0,742.6258114932338,3.584321,40.072475,0.1337518824011376
300.0,742.6319502327161,3.5848024,40.14735,0.1340452434225349
300.0,742.6275553449672,3.5850029,40.097408,0.1343386056585319
300.0,742.6365021128486,3.5853639,40.122375,0.1346319684780531
300.0,742.6273136835507,3.5855644,40.097408,0.1349253306185859
300.0,742.6300440419373,3.5859654,40.084942,0.1352186938376998
300.0,742.6373417047718,3.5858853,40.172321,0.1355120569888839
300.0,742.6271167606421,3.5863664,40.097408,0.1358054190516257
300.0,742.628486847198,3.5868075,40.197292,0.136098778704886
300.0,742.6206485410655,3.5869279,40.122375,0.1363921382124689
300.0,742.6204982418126,3.5871685,40.14735,0.1366854947099998
300.0,742.6158616492417,3.5876098,40.159855,0.1369788523266036
300.0,742.6235986615334,3.5879707,40.134884,0.1372722100488896
300.0,742.6088021970819,3.5882113,40.159855,0.1375655648767782
300.0,742.6242036207976,3.5885723,40.184788,0.1378589228380406
300.0,742.6194073115815,3.5889733,40.122375,0.1381522818552972
300.0,742.6240119571362,3.5891337,40.134884,0.138445639740847
300.0,742.6180003721691,3.5894947,40.14735,0.1387389982023164
300.0,742.6229851391212,3.5896549,40.209759,0.1390323586329322
300.0,742.6225291244782,3.5902164,40.159855,0.1393257159327203
300.0,742.6203493969626,3.5904169,40.109909,0.1396190753221315
300.0,742.6229936411848,3.5906978,40.159855,0.1399124328054171
300.0,742.6152263615817,3.5908582,40.097408,0.1402057901710613
300.0,742.6206256229266,3.5910988,40.122375,0.1404991467189114
300.0,742.6121954795942,3.5916202,40.134884,0.1407925028872579
300.0,742.6206255497175,3.5918608,40.172321,0.1410858594350791
300.0,742.620514667232,3.5923018,40.159855,0.1413792188897775
300.0,742.6319568122696,3.5925024,40.134884,0.141672579913774
300.0,742.6278037325433,3.5927429,40.134884,0.1419659422478922
300.0,742.6256161896634,3.5932243,40.172321,0.14225930076716
300.0,742.6274660754007,3.5935853,40.184788,0.1425526629678926
300.0,742.6234877366609,3.5935853,40.14735,0.1428460235970509
300.0,742.6289711638539,3.5942669,40.14735,0.1431393834416302
300.0,742.629834094346,3.5943072,40.172321,0.1434327465778079
300.0,742.6376987502551,3.5945077,40.172321,0.1437261098700353
300.0,742.6302854958534,3.5950289,40.109909,0.1440194731845314
300.0,742.636616566403,3.5953097,40.134884,0.144312836049265
300.0,742.62571613244,3.5957108,40.109909,0.1446061975587128
300.0,742.6302191073911,3.5958312,40.197292,0.1448995578962657
300.0,742.6299042234465,3.5962322,40.184788,0.1451929210601467
300.0,742.634643142957,3.5967937,40.134884,0.1454862831453212
300.0,742.6192291018602,3.5969539,40.184788,0.1457796420921791
300.0,742.6312627534131,3.5971947,40.172321,0.1460730028420023
300.0,742.6230993474454,3.5975556,40.159855,0.1463663633177342
300.0,742.6165365238166,3.5976758,40.259705,0.1466597212009355
300.0,742.6258071941876,3.5980368,40.159855,0.1469530797956555
300.0,742.6178924381184,3.5984778,40.047501,0.1472464382144875
300.0,742.6233627960363,3.5985982,40.072475,0.1475397958435998
300.0,742.6160136626697,3.5991597,40.159855,0.1478331535202539
300.0,742.6294104360794,3.5992398,40.084942,0.1481265135383583
300.0,742.6170264387218,3.5996811,40.184788,0.1484198716150921
300.0,742.6255467676983,3.5998816,40.184788,0.1487132301069362
300.0,742.6169763903358,3.6002827,40.159855,0.1490065881638992
300.0,742.62505043944,3.6007638,40.159855,0.1492999464596794
300.0,742.6165616701259,3.6010046,40.097408,0.1495933043528143
300.0,742.627576515189,3.6012452,40.197292,0.1498866636464672
300.0,742.624754723086,3.6016061,40.159855,0.1501800247761267
300.0,742.6203685376333,3.6020472,40.159855,0.1504733841730991
300.0,742.6209948633675,3.6024883,40.197292,0.1507667408668098
300.0,742.621145804273,3.6025686,40.134884,0.151060100570828
300.0,742.6264820023417,3.6028092,40.109909,0.1513534594321168
300.0,742.6174340540433,3.6032503,40.159855,0.151646817669872
300.0,742.6244519984915,3.6035311,40.059967,0.1519401757292507
300.0,742.6178095405901,3.6040123,40.14735,0.1522335341153354
300.0,742.6221348596437,3.6043732,40.097408,0.1525268912593775
300.0,742.6156705734303,3.6048546,40.197292,0.1528202488005
300.0,742.6228031740897,3.6048145,40.172321,0.1531136062085456
300.0,742.616039529193,3.6053758,40.172321,0.1534069638954177
300.0,742.6249924432005,3.6055362,40.109909,0.1537003221682877
300.0,742.6192227421003,3.6061378,40.184788,0.1539936811126333
300.0,742.6265751493199,3.6062582,40.122375,0.1542870429614209
300.0,742.6249671137949,3.6064587,40.197292,0.154580401224285
300.0,742.6222083360828,3.6071806,40.172321,0.1548737613480381
300.0,742.625184449118,3.6071405,40.197292,0.155167119696756
300.0,742.6175424516954,3.6076217,40.184788,0.1554604779773318
300.0,742.624814110081,3.6078222,40.14735,0.155753836179755
300.0,742.6201266320357,3.6085041,40.14735,0.1560471954811668
300.0,742.6303907271755,3.6086645,40.14735,0.1563405558865145
300.0,742.6257794374627,3.6091456,40.122375,0.1566339174209698
300.0,742.636037413196,3.6091857,40.209759,0.1569272800569212
300.0,742.6259454647295,3.609627,40.172321,0.1572206416569627
300.0,742.6322618797976,3.6098676,40.122375,0.1575140028014696
300.0,742.6208141532805,3.610389,40.159855,0.1578073623744748
300.0,742.6271679322717,3.6106696,40.184788,0.1581007244574311
300.0,742.635292376959,3.6112311,40.109909,0.1583940867990717
300.0,742.6235643237975,3.6113112,40.072475,0.1586874474584845
300.0,742.6390989040246,3.6117525,40.14735,0.158980811303813
300.0,742.6237936438089,3.6119931,40.197292,0.1592741720538147
300.0,742.6267117520449,3.6123941,40.184788,0.1595675310058611
300.0,742.6205081121988,3.6127951,40.14735,0.1598608904579701
300.0,742.6308172552988,3.6129155,40.122375,0.1601542510318087
300.0,742.6276566141977,3.6134369,40.14735,0.1604476133078104
300.0,742.6299827657539,3.6135972,40.184788,0.1607409735520016
300.0,742.6277466285346,3.614239,40.197292,0.1610343358635618
300.0,742.633847069176,3.6143591,40.159855,0.1613276976342642
300.0,742.6177978582643,3.6149609,40.222263,0.161621056015734
300.0,742.6200438076133,3.6151614,40.14735,0.1619144152844274
300.0,742.6310843465218,3.6155221,40.184788,0.1622077759637747
300.0,742.6255875439285,3.6157629,40.172321,0.1625011374224258
300.0,742.6310909262799,3.6161239,40.109909,0.1627944981043723
300.0,742.6186627107307,3.6163645,40.122375,0.1630878568274872
300.0,742.6289462855714,3.6171265,40.14735,0.1633812166622388
300.0,742.6242449110755,3.617367,40.197292,0.1636745775905059
300.0,742.6350372979014,3.617768,40.172321,0.1639679398313829
300.0,742.6262759565138,3.617768,40.184788,0.1642613015619795
300.0,742.629384288431,3.6184499,40.122375,0.1645546615697549
300.0,742.6176123244901,3.6186504,40.184788,0.1648480198779328
300.0,742.626348298392,3.6190915,40.14735,0.1651413786864046
300.0,742.629198647582,3.6194925,40.172321,0.16543474157156
300.0,742.6242201676934,3.6198535,40.197292,0.1657281024900526
300.0,742.6315752797193,3.6201744,40.159855,0.1660214633633327
300.0,742.6272818476605,3.6206555,40.172321,0.1663148254912893
300.0,742.6319253301841,3.6207759,40.23473,0.1666081865028494
300.0,742.628860136138,3.6212974,40.23473,0.1669015492542817
300.0,742.6365463271161,3.6213775,40.159855,0.1671949120912687
300.0,742.6255119950605,3.6218989,40.172321,0.1674882735200755
300.0,742.6319824350741,3.6222196,40.172321,0.1677816345541937
300.0,742.623188299776,3.6227009,40.14735,0.1680749950650646
300.0,742.635133489766,3.6229415,40.197292,0.1683683573439402
300.0,742.6336981875179,3.6236234,40.159855,0.1686617220065615
300.0,742.6332681111932,3.6237035,40.159855,0.1689550835485588
300.0,742.6244487065093,3.623904,40.172321,0.1692484445573317
300.0,742.6255886303887,3.6244655,40.134884,0.1695418060164119
300.0,742.6362981932476,3.6247864,40.122375,0.169835168755379
300.0,742.6349903569331,3.6252275,40.084942,0.1701285339284495
300.0,742.6383156726229,3.6256685,40.184788,0.170421897464379
300.0,742.6254044272048,3.625829,40.14735,0.1707152588506929
300.0,742.6339488762914,3.6263103,40.159855,0.1710086206616121
300.0,742.6244814454553,3.6267915,40.184788,0.171301981683318
300.0,742.6326187180345,3.6269519,40.172321,0.1715953429687863
300.0,742.6263208778633,3.6272728,40.209759,0.1718887047171283
300.0,742.6400349569618,3.6276338,40.14735,0.1721820689322246
300.0,742.6321639171806,3.6279545,40.197292,0.1724754329887588
300.0,742.6337010847814,3.6284759,40.122375,0.1727687947017931
300.0,742.633997673413,3.6289573,40.172321,0.1730621594827211
300.0,742.6357994959906,3.6293182,40.14735,0.1733555249754281
300.0,742.6415752973386,3.6297193,40.159855,0.1736488897990033
300.0,742.630667891555,3.6302404,40.172321,0.1739422532645583
300.0,742.6325674965725,3.6303608,40.14735,0.1742356145297926
300.0,742.6256199171912,3.6309223,40.197292,0.1745289760012321
300.0,742.6457380758432,3.6310024,40.197292,0.1748223424692249
300.0,742.6294461079553,3.6314437,40.172321,0.1751157054521352
300.0,742.6371328901927,3.6318448,40.184788,0.1754090685208316
300.0,742.625448323587,3.6322858,40.172321,0.1757024299244861
300.0,742.6401944302876,3.6326067,40.209759,0.175995794202579
300.0,742.6318077664755,3.6331682,40.134884,0.1762891581184219
300.0,742.6485016042059,3.6335292,40.159855,0.176582525678088
300.0,742.6309096995416,3.6338899,40.172321,0.176875889239165
300.0,742.6304772918278,3.6342108,40.197292,0.1771692526294268
300.0,742.6356873502484,3.6346519,40.122375,0.1774626151270933
300.0,742.6353969224751,3.6349328,40.159855,0.1777559804607705
300.0,742.6463750791783,3.6352937,40.184788,0.1780493471803979
300.0,742.6334945382962,3.6356547,40.197292,0.178342711762571
300.0,742.638106125544,3.6362562,40.209759,0.1786360752157234
300.0,742.6381098494078,3.6362162,40.184788,0.1789294416210957
300.0,742.6411109758048,3.6369379,40.184788,0.1792228062612506
300.0,742.6356201877355,3.6371787,40.159855,0.1795161716831249
300.0,742.6379402557129,3.6374593,40.159855,0.1798095350707539
300.0,742.634818787834,3.6377401,40.172321,0.180102900176049
300.0,742.630581585077,3.6383417,40.222263,0.1803962606567911
300.0,742.6214567038588,3.6387827,40.197292,0.1806896204836249
300.0,742.6285991877365,3.6390634,40.184788,0.180982983131974
300.0,742.6278893097749,3.6395447,40.209759,0.1812763425491897
300.0,742.6270709235494,3.6399057,40.159855,0.1815697045938244
300.0,742.6411360614874,3.6404271,40.109909,0.1818630692438888
300.0,742.6234367116014,3.6408682,40.184788,0.1821564298528905
300.0,742.6398059392466,3.6411891,40.14735,0.1824497939775183
300.0,742.6311137637638,3.6414697,40.134884,0.1827431576192074
300.0,742.6337516341116,3.6419911,40.247196,0.1830365193522102
300.0,742.6197772313815,3.6425526,40.197292,0.1833298785155973
300.0,742.6405188828113,3.6427932,40.134884,0.1836232429218583
300.0,742.6265242707793,3.6429536,40.134884,0.1839166047505472
300.0,742.624802024758,3.6435952,40.184788,0.1842099629481964
300.0,742.6171223246612,3.6438761,40.247196,0.1845033210628082
300.0,742.6306068536542,3.6442368,40.172321,0.1847966815535321
300.0,742.6202604325587,3.6447983,40.159855,0.1850900409077995
300.0,742.6253655599925,3.6451192,40.197292,0.1853834022787596
300.0,742.6307279362842,3.6454802,40.259705,0.1856767628173146
300.0,742.6254165365023,3.6459212,40.172321,0.1859701242084122
300.0,742.6334968600148,3.6464026,40.197292,0.1862634858407718
300.0,742.6302098367893,3.6468036,40.184788,0.1865568491253801
300.0,742.6391119659799,3.6470842,40.159855,0.1868502129758685
300.0,742.627758652141,3.6474853,40.184788,0.1871435752921785
300.0,742.6289839202343,3.6478462,40.14735,0.1874369351417969
300.0,742.619273523081,3.6481271,40.159855,0.1877302941062027
300.0,742.631103902492,3.6485281,40.109909,0.1880236547932752
300.0,742.6236410319248,3.6490495,40.209759,0.1883170154829901
300.0,742.6389971336928,3.6495306,40.122375,0.1886103792881165
300.0,742.6298087280538,3.6498115,40.222263,0.1889037424142736
300.0,742.6320688128461,3.6500921,40.134884,0.1891971064332384
300.0,742.6326062788931,3.6509342,40.159855,0.1894904677137929
300.0,742.6263389933108,3.651175,40.172321,0.1897838294692911
300.0,742.6230002816179,3.651536,40.134884,0.1900771869551998
300.0,742.619966732626,3.651937,40.14735,0.1903705461934461
300.0,742.6285758371046,3.6523781,40.159855,0.1906639058818599
300.0,742.6241119651098,3.652699,40.197292,0.190957266757609
300.0,742.6273422486776,3.6528995,40.222263,0.1912506259587198
300.0,742.6192473512416,3.6537015,40.23473,0.1915439849127868
300.0,742.6251579716965,3.6539021,40.209759,0.1918373432510453
300.0,742.625791840105,3.6541827,40.209759,0.1921307047904001
300.0,742.626520552092,3.6545839,40.197292,0.1924240636669171
300.0,742.6240983788567,3.6553056,40.23473,0.1927174245372991
300.0,742.6174848958518,3.6556265,40.159855,0.1930107827951385
300.0,742.6199886078758,3.6559875,40.222263,0.1933041390913493
300.0,742.6103298876251,3.6561079,40.172321,0.1935974945227258
300.0,742.6230891496117,3.6566291,40.122375,0.1938908520437399
300.0,742.6196489239878,3.6571105,40.222263,0.1941842111564413
300.0,742.6242924398318,3.6576316,40.172321,0.1944775691527898
300.0,742.6130675335371,3.6579926,40.209759,0.1947709256656262
300.0,742.6167751015787,3.6585941,40.134884,0.1950642806924094
300.0,742.6109221580165,3.6586745,40.197292,0.1953576363577522
300.0,742.6214976247612,3.6593561,40.222263,0.1956509932500681
300.0,742.6196429793306,3.6595569,40.172321,0.1959443523604212
300.0,742.6290674899607,3.660078,40.184788,0.1962377122430521
300.0,742.6213744776879,3.660399,40.209759,0.1965310720374038
300.0,742.6228701249939,3.66084,40.184788,0.1968244324225853
300.0,742.6226435903108,3.6611609,40.222263,0.1971177897675907
300.0,742.6120356292458,3.6615219,40.209759,0.197411145872791
300.0,742.6157882555369,3.662324,40.209759,0.1977045005097416
300.0,742.6101077939021,3.6624844,40.197292,0.1979978558533838
300.0,742.6164497826202,3.663126,40.172321,0.1982912107516567
300.0,742.6046008371094,3.6633666,40.209759,0.1985845639198703
300.0,742.6162585095606,3.6637678,40.197292,0.1988779187425848
300.0,742.6064851908156,3.6642089,40.172321,0.19917127265518
300.0,742.6198107503337,3.66465,40.122375,0.199464628881132
300.0,742.6161667627626,3.6651313,40.197292,0.1997579866182655
300.0,742.6238343682829,3.6656125,40.172321,0.2000513444336625
300.0,742.6067148042742,3.6660135,40.159855,0.2003446984369626
300.0,742.6115968862259,3.6662543,40.209759,0.200638054368845
300.0,742.6164812889041,3.6667354,40.14735,0.2009314092795638
300.0,742.612493756964,3.6671765,40.159855,0.2012247655657396
300.0,742.6176720062012,3.6676579,40.184788,0.201518120946826
300.0,742.6215522476989,3.6681793,40.272167,0.2018114808114027
300.0,742.6293148181204,3.6684999,40.172321,0.2021048407917353
300.0,742.6146713347233,3.6687407,40.159855,0.2023981979381258
300.0,742.6285892280656,3.6691418,40.134884,0.2026915576318294
300.0,742.6205910464591,3.6698234,40.134884,0.2029849171167002
300.0,742.6195944039721,3.6701844,40.209759,0.203278273257189
300.0,742.6122204671575,3.6705053,40.14735,0.2035716294354065
300.0,742.6211599886765,3.6709063,40.209759,0.2038649861943464
300.0,742.6153586485191,3.671227,40.159855,0.2041583436122484
300.0,742.6154219539001,3.6717083,40.247196,0.204451701055158
300.0,742.6271571035877,3.6721494,40.184788,0.2047450601831312
300.0,742.6218710576179,3.6724303,40.184788,0.2050384201736483
300.0,742.6227839964429,3.6731522,40.184788,0.2053317775741182
300.0,742.6185033603066,3.6733928,40.23473,0.2056251362342844
300.0,742.624865575215,3.6739943,40.184788,0.2059184944570379
300.0,742.6079172771513,3.6742749,40.247196,0.2062118489353541
300.0,742.6196264718833,3.6747162,40.197292,0.2065052050885107
300.0,742.6106739779917,3.6751974,40.159855,0.2067985606558142
300.0,742.6188691314122,3.6755984,40.197292,0.2070919165097996
300.0,742.6173513030338,3.6758392,40.159855,0.2073852747148654
300.0,742.6194867493425,3.6764407,40.109909,0.2076786308128276
300.0,742.6100949278631,3.6769218,40.184788,0.2079719861513873
300.0,742.6194393059619,3.6773229,40.197292,0.2082653451812827
300.0,742.6212882851847,3.6778843,40.222263,0.2085587019909035
300.0,742.6178472601562,3.6782053,40.209759,0.2088520603918887
300.0,742.6212051304631,3.6784859,40.134884,0.209145417168661
300.0,742.6095537315925,3.6791277,40.159855,0.2094387722934304
300.0,742.622790075709,3.6794484,40.184788,0.2097321296963017
300.0,742.6097955641353,3.6796489,40.14735,0.2100254849166029
300.0,742.6113061873572,3.6802104,40.134884,0.2103188377830074
300.0,742.6039641826386,3.6806917,40.184788,0.2106121906997217
300.0,742.6190977823148,3.6812932,40.14735,0.2109055466440307
300.0,742.6115772695734,3.6817746,40.209759,0.211198902568164
300.0,742.6160297608412,3.6819751,40.23473,0.2114922573005161
300.0,742.614900459922,3.6822157,40.23473,0.2117856145374186
300.0,742.615454546276,3.6828573,40.184788,0.2120789719932033
300.0,742.6290092989575,3.6833787,40.134884,0.212372331852847
300.0,742.6161288721725,3.6837397,40.172321,0.2126656895750125
300.0,742.6195183779995,3.6841006,40.197292,0.212959045685469
300.0,742.6150970410383,3.6845016,40.259705,0.2132524030000274
300.0,742.6211032866153,3.6849027,40.109909,0.2135457597365685
300.0,742.6226917932588,3.6854241,40.14735,0.2138391200513031
300.0,742.6307408877864,3.6858652,40.184788,0.2141324805949743
300.0,742.6260020442065,3.6863463,40.259705,0.2144258422173665
300.0,742.6224333350842,3.6866672,40.14735,0.2147191994793151
300.0,742.6202284993132,3.6870282,40.184788,0.2150125588209678
300.0,742.617137505851,3.6876698,40.209759,0.2153059139909111
300.0,742.606911788113,3.6878703,40.197292,0.2155992680720262
300.0,742.6100754214067,3.6880708,40.14735,0.2158926234028802
300.0,742.6142985865055,3.6887927,40.14735,0.2161859774513686
300.0,742.6064782331111,3.689234,40.184788,0.2164793313612152
300.0,742.6184867687502,3.689635,40.14735,0.2167726870641563
300.0,742.6155122000376,3.6901562,40.222263,0.2170660445427161
300.0,742.6169847584455,3.6905172,40.222263,0.2173593996523199
300.0,742.6091912701887,3.6908381,40.109909,0.2176527546339051
300.0,742.6168064246098,3.6913192,40.184788,0.2179461096730618
300.0,742.6038688093621,3.6917205,40.197292,0.2182394625521005
300.0,742.6166730993416,3.6920812,40.209759,0.21853281753859
300.0,742.6248569809611,3.692723,40.122375,0.2188261787086447
300.0,742.624407051929,3.6928835,40.197292,0.2191195367502682
300.0,742.6123353962075,3.6936455,40.222263,0.2194128929738864
300.0,742.6102919604052,3.6939261,40.222263,0.2197062483902803
300.0,742.6219117019256,3.694247,40.159855,0.2199996054461687
300.0,742.610483048597,3.6947281,40.14735,0.2202929609380488
300.0,742.6159147206425,3.6951292,40.109909,0.2205863156249568
300.0,742.6115654412404,3.6954901,40.184788,0.2208796715444175
300.0,742.6238093806218,3.6960115,40.197292,0.2211730293499436
300.0,742.6146391083377,3.6964526,40.209759,0.2214663864836036
300.0,742.6174044015429,3.6968536,40.159855,0.2217597417589784
300.0,742.6088780881514,3.697295,40.184788,0.2220530966168465
300.0,742.6128975047053,3.6976156,40.197292,0.2223464501118673
300.0,742.6122208092055,3.6980569,40.172321,0.2226398062902198
300.0,742.6158137926495,3.6985381,40.122375,0.2229331609372583
300.0,742.6017371663065,3.6990595,40.159855,0.2232265129742281
300.0,742.6108333276486,3.6994605,40.209759,0.2235198686044799
300.0,742.6228215943734,3.6997411,40.134884,0.223813226019802
300.0,742.6088978387378,3.7001424,40.109909,0.2241065808854722
300.0,742.6184681036691,3.7005835,40.184788,0.2243999365810401
300.0,742.6171029397582,3.7011449,40.109909,0.2246932946879942
300.0,742.6213002606688,3.7013454,40.14735,0.2249866515023457
300.0,742.6141114738663,3.7017865,40.209759,0.2252800084275728
300.0,742.6224339950398,3.702348,40.122375,0.225573365689782
300.0,742.607254852745,3.702709,40.134884,0.2258667199064188
300.0,742.6173862377211,3.7030299,40.134884,0.2261600751746185
300.0,742.6129522634623,3.7034709,40.084942,0.2264534316419194
300.0,742.6181114979004,3.7040324,40.097408,0.2267467871966177
300.0,742.6124815257039,3.7044735,40.134884,0.2270401434779617
300.0,742.6146328951988,3.704674,40.134884,0.2273335006091673
300.0,742.6178511081436,3.7053959,40.097408,0.2276268560610042
300.0,742.6062108270828,3.7057569,40.222263,0.2279202098652167
300.0,742.6190856124252,3.7060778,40.184788,0.2282135658047183
300.0,742.621648560661,3.7067194,40.122375,0.2285069257073417
300.0,742.6270614611745,3.707,40.222263,0.2288002847975334
300.0,742.6194707633279,3.7074814,40.134884,0.2290936438398556
300.0,742.6269407449478,3.7076018,40.197292,0.2293870028823609
300.0,742.6195534289533,3.7080028,40.159855,0.2296803619573386
300.0,742.6243182089011,3.708524,40.134884,0.2299737199638666
300.0,742.6215651263229,3.7089653,40.209759,0.2302670798335308
300.0,742.6246676735401,3.7091255,40.122375,0.2305604379781074
300.0,742.6107307280836,3.7097673,40.159855,0.230853793567829
300.0,742.6124497757094,3.7100883,40.172321,0.2311471498366308
300.0,742.6175003981834,3.7103689,40.184788,0.2314405051499271
300.0,742.6121119229354,3.7108903,40.23473,0.231733861285266
300.0,742.6188936677456,3.7112913,40.209759,0.2320272171489439
300.0,742.610380815227,3.7119329,40.134884,0.2323205726004384
300.0,742.6202313092859,3.7121735,40.14735,0.2326139289925233
300.0,742.6149706621284,3.7126148,40.184788,0.2329072862571579
300.0,742.6169272387555,3.7129354,40.209759,0.2332006413440397
300.0,742.6101010068634,3.7134969,40.159855,0.2334939966850008
300.0,742.6213771653545,3.7135773,40.14735,0.2337873535297318
300.0,742.6078985387937,3.7141788,40.14735,0.2340807080006458
300.0,742.6195252385712,3.7144997,40.222263,0.2343740641138124
300.0,742.6137616589277,3.7149408,40.159855,0.2346674209008511
300.0,742.6105465615805,3.7154219,40.184788,0.2349607764178209
300.0,742.6230005502046,3.7157829,40.159855,0.2352541339038357
300.0,742.6179811096893,3.7161839,40.14735,0.2355474923576958
300.0,742.6238150567522,3.7168257,40.084942,0.2358408501654642
300.0,742.6135582907726,3.7172668,40.172321,0.2361342068721658
300.0,742.6249537346517,3.7176278,40.247196,0.2364275651297448
300.0,742.6209288498137,3.7177079,40.134884,0.2367209247480589
300.0,742.6310786703915,3.7182293,40.072475,0.237014285425164
300.0,742.6237680458183,3.7185502,40.109909,0.2373076461650536
300.0,742.6309067089649,3.7189913,40.097408,0.237601006774229
300.0,742.6239520167923,3.7191918,40.159855,0.2378943675867932
300.0,742.630041066903,3.7199538,40.134884,0.238187727854015
300.0,742.6278485934743,3.7201142,40.159855,0.2384810902058547
300.0,742.6181922410959,3.7204752,40.172321,0.2387744487431187
300.0,742.6295188963664,3.7210767,40.122375,0.2390678088040681
300.0,742.6168224723665,3.7212372,40.184788,0.2393611668002284
300.0,742.625037463586,3.7218387,40.209759,0.2396545250908828
300.0,742.6175487627522,3.7221596,40.159855,0.2399478833739516
300.0,742.6254317402384,3.7225204,40.14735,0.2402412418203566
300.0,742.6185417639176,3.7231221,40.184788,0.2405346004956935
300.0,742.627653236673,3.7232022,40.097408,0.2408279598196536
300.0,742.6187961080709,3.7236433,40.184788,0.2411213185954648
300.0,742.618811062373,3.7240043,40.122375,0.2414146744265112
300.0,742.6154161557617,3.7245657,40.134884,0.2417080318671303
300.0,742.6141519548939,3.7248867,40.197292,0.242001385857695
300.0,742.608987498902,3.7252073,40.122375,0.242294740758784
300.0,742.6208993307423,3.7255683,40.122375,0.2425880974147566
300.0,742.6155752246589,3.7258892,40.159855,0.2428814549182132
300.0,742.6121571617766,3.7264106,40.109909,0.2431748110714229
300.0,742.6182258418203,3.7267313,40.159855,0.2434681666712903
300.0,742.6125013745152,3.7269318,40.172321,0.2437615229604753
300.0,742.6248529405939,3.7274933,40.184788,0.2440548811782377
300.0,742.6101452693894,3.7277341,40.109909,0.244348236536684
300.0,742.6220262164106,3.7280548,40.23473,0.2446415936378089
300.0,742.6095723837986,3.7285762,40.134884,0.2449349487699465
300.0,742.6183339237327,3.7290576,40.184788,0.2452283044125094
300.0,742.6109470723715,3.7292581,40.184788,0.2455216600876941
300.0,742.6250948000232,3.729619,40.134884,0.245815018400998
300.0,742.6130800945671,3.7299397,40.134884,0.2461083749187964
300.0,742.6204532710007,3.7304611,40.184788,0.2464017313985625
300.0,742.6110681531696,3.7308621,40.072475,0.2466950871215781
300.0,742.611857749448,3.7313435,40.184788,0.2469884431565101
300.0,742.6256867346274,3.7316642,40.159855,0.2472818017036452
300.0,742.61409808304,3.7320251,40.134884,0.2475751586235824
300.0,742.6175000443654,3.7321856,40.172321,0.247868513936739
300.0,742.611927951552,3.7327871,40.172321,0.2481618699994031
300.0,742.614266347722,3.7330277,40.14735,0.2484552240351563
300.0,742.6105845375035,3.7332282,40.14735,0.2487485795671278
300.0,742.6210712183971,3.7336695,40.159855,0.249041936291001
300.0,742.6177967599351,3.7341106,40.109909,0.2493352946720368
300.0,742.6272969603706,3.7345116,40.14735,0.2496286538552575
300.0,742.6258874085013,3.7347522,40.122375,0.2499220154323649
300.0,742.6235154213243,3.7352736,40.084942,0.2502153731217687
300.0,742.6228509723521,3.7353537,40.159855,0.2505087334993842
300.0,742.6235324873957,3.7356346,40.072475,0.2508020941462205
300.0,742.6359867537708,3.7363164,40.14735,0.25109545676216
300.0,742.6251118381352,3.7366772,40.072475,0.2513888180328917
300.0,742.6270740587563,3.7370381,40.14735,0.2516821771280598
300.0,742.6183433885583,3.737359,40.097408,0.2519755357250319
300.0,742.6239803527287,3.7374392,40.197292,0.252268893598097
300.0,742.6156070117947,3.738121,40.159855,0.2525622511141105
300.0,742.6282836234666,3.7384017,40.134884,0.2528556106870916
300.0,742.6173579798764,3.7385221,40.122375,0.253148968894795
300.0,742.6210905547914,3.7390034,40.14735,0.2534423256263066
300.0,742.6182679613972,3.7394445,40.159855,0.2537356841934825
300.0,742.6252465585184,3.7397251,40.122375,0.2540290425667353
300.0,742.6146710175385,3.7398856,40.084942,0.2543223997130005
300.0,742.6102663871243,3.7403669,40.122375,0.2546157551192922
300.0,742.6280799114191,3.740447,40.134884,0.2549091146118011
300.0,742.6164154185645,3.7410486,40.14735,0.2552024724471619
300.0,742.6259535814111,3.7412491,40.097408,0.2554958310997091
300.0,742.6148495447004,3.7418106,40.122375,0.2557891883164984
300.0,742.6250113522608,3.7418909,40.134884,0.256082546596838
300.0,742.6168418816211,3.7421715,40.134884,0.2563759046006656
300.0,742.6231530898008,3.742733,40.184788,0.2566692621469379
300.0,742.6147859095496,3.743094,40.109909,0.2569626193385892
300.0,742.6279087682353,3.7434149,40.172321,0.2572559787634916
300.0,742.6144043437979,3.7436154,40.084942,0.2575493358044119
300.0,742.6199766814025,3.7440565,40.134884,0.2578426920959114
300.0,742.6091462995222,3.7443774,40.14735,0.2581360470597318
300.0,742.6086619145294,3.7448184,40.172321,0.2584294018322042
300.0,742.6155012785705,3.7449789,40.172321,0.2587227563557907
300.0,742.6041616546352,3.74542,40.172321,0.2590161093505128
300.0,742.6178049412258,3.7455404,40.14735,0.2593094647841124
300.0,742.5991454303171,3.7459414,40.097408,0.2596028157972615
300.0,742.6120448634633,3.7463424,40.109909,0.2598961689554643
300.0,742.6094257781158,3.7466633,40.122375,0.260189524029688
300.0,742.6177931612729,3.7467034,40.084942,0.2604828794586341
300.0,742.6087068361859,3.7471445,40.097408,0.260776234248852
300.0,742.617787265055,3.7475455,40.109909,0.261069589675469
300.0,742.6008128299221,3.7480669,40.097408,0.2613629413472956
300.0,742.6177292205723,3.748147,40.109909,0.2616562967509833
300.0,742.6081399317798,3.748508,40.109909,0.2619496513172554
300.0,742.6114569210629,3.748909,40.159855,0.2622430071938471
300.0,742.6190599774959,3.7491899,40.134884,0.2625363631232222
300.0,742.616154604455,3.7494304,40.109909,0.2628297208555528
300.0,742.6260113941419,3.7499518,40.122375,0.2631230795309378
300.0,742.6147093354073,3.7500319,40.109909,0.2634164366923397
300.0,742.6228286010562,3.7501523,40.159855,0.2637097941104297
300.0,742.618917128297,3.7505934,40.109909,0.2640031529340478
300.0,742.6262723329409,3.7513554,40.109909,0.2642965117125111
300.0,742.6199993744215,3.7514355,40.14735,0.264589870963652
300.0,742.6229997934554,3.7516363,40.109909,0.2648832284493679
300.0,742.6185863068963,3.7519169,40.072475,0.2651765871423007
300.0,742.6217913396192,3.7522378,40.084942,0.2654699441506425
300.0,742.621430983752,3.7523179,40.184788,0.265763303967316
300.0,742.6177387278028,3.7527993,40.059967,0.2660566623254273
300.0,742.6172137758538,3.7531199,40.072475,0.2663500175254995
300.0,742.6106992340879,3.7533607,40.172321,0.2666433731027799
300.0,742.6166857822572,3.7538419,40.122375,0.2669367280942795
300.0,742.6139583377576,3.7541227,40.047501,0.2672300849590127
300.0,742.6204983274533,3.7542429,40.059967,0.2675234414565774
300.0,742.6125134712275,3.7545238,40.159855,0.2678167977505411
300.0,742.6184999155789,3.7548044,40.159855,0.2681101534586755
300.0,742.6105594398975,3.7551653,40.122375,0.2684035089807327
300.0,742.6209055195917,3.7553258,39.972588,0.2686968656391501
300.0,742.6079624061033,3.7558472,40.097408,0.2689902201352937
300.0,742.608823715391,3.7560074,40.097408,0.2692835720210503
300.0,742.598133826365,3.7564487,40.134884,0.2695769226345826
300.0,742.6033528323533,3.7566893,40.109909,0.2698702753097935
300.0,742.6107463213805,3.7569299,40.084942,0.2701636279550348
300.0,742.6041300262963,3.7572107,40.172321,0.2704569809372628
300.0,742.6210014916758,3.7574112,40.122375,0.2707503376335919
300.0,742.6079237221419,3.7577319,40.14735,0.2710436921144541
300.0,742.6178696267043,3.7580929,40.134884,0.2713370475736063
300.0,742.6112025275925,3.7582934,40.097408,0.2716304033497042
300.0,742.6175701863983,3.7586143,40.084942,0.2719237586905688
300.0,742.6072871897361,3.7590153,40.109909,0.2722171129199798
300.0,742.6151637277172,3.7590957,40.084942,0.272510467310224
300.0,742.6120869841263,3.7595367,40.034996,0.2728038234357112
300.0,742.617118633779,3.7599378,40.072475,0.2730971785981995
300.0,742.6127875177756,3.7598574,40.109909,0.2733905350004205
300.0,742.6111832042847,3.7603788,40.122375,0.2736838907688851
300.0,742.6173738716866,3.7604592,40.084942,0.2739772460321997
300.0,742.6168925405368,3.7608202,40.047501,0.2742706040560393
300.0,742.6282900930786,3.7612212,40.109909,0.274563963631576
300.0,742.6138506112583,3.7613413,40.084942,0.2748573204537538
300.0,742.6246741311808,3.7618227,40.084942,0.2751506786008814
300.0,742.6116479114389,3.7620232,40.084942,0.2754440345529205
300.0,742.6232735987297,3.7622638,40.109909,0.2757373921467974
300.0,742.6190629769313,3.7627048,40.084942,0.2760307510280305
300.0,742.6259794973075,3.7628653,40.097408,0.2763241096908153
300.0,742.6114629147303,3.7630658,40.072475,0.2766174655697746
300.0,742.6224590557566,3.7633066,40.122375,0.2769108228418835
300.0,742.6135955584527,3.7635071,40.109909,0.2772041795633071
300.0,742.6194010615573,3.7639081,40.084942,0.2774975385780947
300.0,742.6234457189549,3.7640283,40.084942,0.277790896239964
300.0,742.6150283032025,3.7642288,40.072475,0.2780842535273687
300.0,742.622439866292,3.7645097,40.072475,0.2783776107918973
300.0,742.6136721085503,3.7649508,40.134884,0.2786709675435606
300.0,742.6130375937518,3.7649107,40.059967,0.2789643210939205
300.0,742.6108897483798,3.7652717,40.072475,0.2792576767464604
300.0,742.621363663787,3.7653518,40.097408,0.2795510335858579
300.0,742.6147853479279,3.7658732,40.084942,0.2798443907772873
300.0,742.6340704958387,3.7659533,40.134884,0.2801377526362497
300.0,742.6181400686971,3.7663143,40.097408,0.2804311111529038
300.0,742.6228664800561,3.7666752,40.072475,0.2807244685859571
300.0,742.6210501746395,3.7669561,40.047501,0.2810178282521985
300.0,742.6261172415335,3.7670763,40.084942,0.2813111899200974
300.0,742.6255915187809,3.7674773,40.010063,0.2816045484296195
300.0,742.615422112697,3.7677982,40.097408,0.2818979058725919
300.0,742.6244129728058,3.7680788,40.02253,0.2821912639165543
300.0,742.6130800823912,3.7681592,40.02253,0.2824846204343479
300.0,742.6256868199612,3.7684398,40.059967,0.2827779789815168
300.0,742.6157217571846,3.7687607,40.010063,0.2830713365428585
300.0,742.6267878265678,3.7689211,40.047501,0.2833646955249567
300.0,742.621992211778,3.7693222,40.072475,0.2836580555633336
300.0,742.6315424058948,3.7692821,40.034996,0.2839514164236276
300.0,742.6256648992662,3.7695627,40.034996,0.2842447779128366
300.0,742.6310718468591,3.7698836,40.084942,0.2845381385872462
300.0,742.6230994205514,3.7700441,40.059967,0.2848314990630069
300.0,742.6268491473181,3.7702446,40.072475,0.2851248610200326
300.0,742.6386152835453,3.7706456,40.059967,0.2854182246743171
300.0,742.6272627071944,3.7709665,40.034996,0.2857115867947126
300.0,742.6421097238658,3.771167,40.034996,0.2860049518294017
300.0,742.6269193005145,3.7712872,40.034996,0.2862983138141403
300.0,742.6371251018971,3.7714477,40.084942,0.28659167687976
300.0,742.6245445193425,3.771929,40.109909,0.2868850379263822
300.0,742.6379850432721,3.7720492,40.059967,0.2871784013317036
300.0,742.6278800017277,3.7722898,40.047501,0.2874717636959507
300.0,742.6393978194868,3.7724102,40.047501,0.2877651276593594
300.0,742.6313873459942,3.7727311,40.072475,0.2880584914091224
300.0,742.632065089355,3.7727711,40.02253,0.2883518524758914
300.0,742.6313941457203,3.773453,40.084942,0.2886452162283406
300.0,742.6324122195261,3.7732522,40.047501,0.2889385803829623
300.0,742.640925818539,3.7735331,40.109909,0.2892319449499747
300.0,742.628223371471,3.7740545,40.047501,0.289525307449864
300.0,742.6295385009381,3.7741747,40.059967,0.2898186675185578
300.0,742.6260018487798,3.7741346,39.985092,0.2901120291408729
300.0,742.6280737588929,3.774616,40.097408,0.2904053886309514
300.0,742.6298090089158,3.775017,40.059967,0.2906987517572195
300.0,742.6340389038119,3.7751372,40.047501,0.2909921136037021
300.0,742.6341001264591,3.7750971,40.072475,0.2912854784251024
300.0,742.6442360419028,3.7753377,40.047501,0.2915788442997484
300.0,742.6327175401892,3.7756586,39.997559,0.2918722085749817
300.0,742.6342922130117,3.7756586,39.985092,0.2921655705215288
300.0,742.6222016347864,3.7758591,40.010063,0.2924589306426347
300.0,742.6239201687774,3.7762201,40.034996,0.2927522914426179
300.0,742.633026276218,3.7763405,40.109909,0.2930456528890834
300.0,742.6244234137835,3.7766612,39.985092,0.2933390138878649
300.0,742.632727458419,3.7768617,39.997559,0.2936323752162887
300.0,742.6298795405852,3.776942,40.047501,0.2939257383704192
300.0,742.6352154970344,3.7771826,40.059967,0.2942191006816901
300.0,742.6211704137726,3.7773831,40.02253,0.2945124603954299
300.0,742.6318235352446,3.777704,39.997559,0.2948058213667781
300.0,742.6146841643372,3.7777841,39.997559,0.2950991785182366
300.0,742.6201107032565,3.7778645,40.010063,0.2953925348626786
300.0,742.6125767035537,3.7781451,40.02253,0.2956858911816211
300.0,742.6219438306141,3.7785861,40.034996,0.2959792482502013
300.0,742.6198148170649,3.7787867,40.072475,0.2962726074284358
300.0,742.6314029151058,3.7789471,39.947655,0.296565968233627
300.0,742.6252253755625,3.7791076,40.010063,0.2968593295492097
300.0,742.6172871915942,3.7791476,40.02253,0.2971526877289493
300.0,742.6239040831354,3.7794285,40.047501,0.2974460455718857
300.0,742.615327362126,3.7798295,39.997559,0.2977394029774285
300.0,742.624636154978,3.78003,40.010063,0.2980327611095544
300.0,742.620362543659,3.7802706,40.010063,0.2983261205041589
300.0,742.6243427699955,3.7803106,40.034996,0.2986194785203893
300.0,742.6133730863589,3.7804711,40.02253,0.2989128351539291
300.0,742.6224149879073,3.7806716,39.985092,0.2992061924086299
300.0,742.6146777801233,3.7808721,40.072475,0.2994995495575665
300.0,742.6290798801424,3.781193,40.059967,0.2997929094450919
300.0,742.6176193074159,3.7814336,39.997559,0.3000862677560282
300.0,742.6304925220126,3.7814736,39.985092,0.3003796282015878
300.0,742.6246023436677,3.7816741,40.010063,0.3006729892710524
300.0,742.6197960305157,3.7815139,40.02253,0.3009663484418658
300.0,742.6299321065844,3.7821555,39.997559,0.3012597086660452
300.0,742.6254556474353,3.7819149,40.02253,0.3015530700725927
300.0,742.6259794849269,3.7822759,40.059967,0.3018464287353726
300.0,742.6243216807469,3.7825565,40.010063,0.3021397896939662
300.0,742.6225219222131,3.782757,40.059967,0.3024331469909092
300.0,742.6138055675368,3.7827971,40.02253,0.3027265037952932
300.0,742.6287548905478,3.7829576,39.972588,0.3030198635544383
300.0,742.6210871378223,3.7834389,39.997559,0.3033132232352813
300.0,742.6315556260859,3.7833986,39.985092,0.3036065841007977
300.0,742.6182935594389,3.783519,40.010063,0.3038999426780857
300.0,742.6240317081259,3.7837596,40.02253,0.3041933005714377
300.0,742.615664787212,3.7838399,39.997559,0.3044866581102744
300.0,742.6152626895762,3.78392,40.010063,0.3047800154902694
300.0,742.6279846350001,3.784281,40.02253,0.3050733749451414
300.0,742.630629830299,3.7845216,40.034996,0.3053667383956609
300.0,742.6298814834823,3.7844815,40.010063,0.3056600985998426
300.0,742.6201713342208,3.7847221,39.997559,0.3059534579189132
300.0,742.6303018224493,3.7848024,39.997559,0.3062468182891411
300.0,742.6224246685018,3.7852435,39.985092,0.3065401784983526
300.0,742.6287742632652,3.7851231,39.985092,0.3068335382651505
300.0,742.6146391692167,3.785404,39.935146,0.3071268953988345
300.0,742.6275781265552,3.7855244,39.960121,0.3074202546931239
300.0,742.6261423632865,3.7856045,40.02253,0.3077136163709468
300.0,742.6323893831824,3.7860055,39.872738,0.3080069775658212
300.0,742.6254862627268,3.7860055,39.960121,0.3083003389844628
300.0,742.6231569521457,3.786206,39.897713,0.3085936994829504
300.0,742.629875685695,3.7865269,39.960121,0.3088870596848419
300.0,742.6252503626654,3.786607,40.034996,0.3091804210102953
300.0,742.6268007909621,3.7867675,39.947655,0.3094737799975147
300.0,742.621304787786,3.7866874,39.985092,0.3097671397643367
300.0,742.6247702009791,3.7868879,39.92268,0.3100604979494146
300.0,742.622641586178,3.7872086,39.935146,0.3103538582443157
300.0,742.6322304832506,3.7872889,39.985092,0.3106472193764201
300.0,742.6282302931597,3.7872086,39.985092,0.3109405818790437
300.0,742.6356367152262,3.7878103,40.034996,0.3112339443567079
300.0,742.633360847867,3.7878504,39.947655,0.3115273088860689
300.0,742.6407230219371,3.78777,39.935146,0.3118206733729708
300.0,742.6286058772153,3.7880108,40.047501,0.3121140360239625
300.0,742.6227491413975,3.788131,39.960121,0.3124073963613514
300.0,742.6264823566203,3.7884519,39.947655,0.3127007552227801
300.0,742.624595434257,3.788532,39.935146,0.3129941162895153
300.0,742.6328028251521,3.7885721,39.972588,0.3132874776477112
300.0,742.6198530614696,3.788933,39.897713,0.3135808368410537
300.0,742.6348404585503,3.7888129,39.947655,0.3138741990041735
300.0,742.630910627256,3.7890534,39.935146,0.314167562565617
300.0,742.6361454822164,3.7890935,39.997559,0.3144609252442588
300.0,742.625766535101,3.7893341,39.997559,0.3147542867736172
300.0,742.6347322545716,3.7895749,39.935146,0.3150476488939934
300.0,742.6241057271079,3.7896149,39.935146,0.3153410097672782
300.0,742.6370233927008,3.789695,39.92268,0.3156343727927199
300.0,742.6303817356072,3.7898154,39.947655,0.3159277361452339
300.0,742.6388031321101,3.7899358,39.885246,0.3162211028244756
300.0,742.6403144628207,3.7902164,39.935146,0.3165144671499849
300.0,742.6292931053711,3.7901764,39.985092,0.3168078300724541
300.0,742.6348148722225,3.7903368,39.985092,0.3171011922254667
300.0,742.6302162091345,3.790457,39.935146,0.3173945555125922
300.0,742.641193324869,3.7905374,39.947655,0.3176879201852773
300.0,742.629241457862,3.790858,39.897713,0.3179812830873442
300.0,742.6348410932334,3.7908983,39.885246,0.3182746452507148
300.0,742.6271031127937,3.7910988,39.910179,0.3185680073080652
300.0,742.6355978480321,3.7910185,39.985092,0.3188613697703757
300.0,742.6291786896488,3.7914999,39.92268,0.3191547326476471
300.0,742.6404613382579,3.79158,39.822796,0.3194480970311764
300.0,742.6320055319192,3.79162,39.910179,0.3197414610251431
300.0,742.6294402972319,3.7914999,39.960121,0.320034824005758
300.0,742.6458532253182,3.7917404,39.847767,0.3203281905192381
300.0,742.6300382440036,3.7917404,39.872738,0.3206215537360616
300.0,742.6422051222489,3.7921014,39.935146,0.3209149188084358
300.0,742.6272186398907,3.7921014,39.872738,0.3212082809114233
300.0,742.6298870868641,3.792382,39.897713,0.3215016411178186
300.0,742.6273901723089,3.7925425,39.885246,0.3217950032885669
300.0,742.643230335351,3.7925425,39.92268,0.3220883687659299
300.0,742.6389623477306,3.7926228,39.947655,0.322381735508067
300.0,742.6413517851373,3.7927029,39.947655,0.3226751002433485
300.0,742.6325656489796,3.7927029,39.897713,0.3229684644585798
300.0,742.6396662048369,3.7931039,39.910179,0.3232618285280085
300.0,742.6310252629612,3.793144,39.935146,0.3235551921347369
300.0,742.6353597519457,3.7933044,39.910179,0.3238485574537306
300.0,742.6394049366739,3.7933445,39.885246,0.3241419214199508
300.0,742.6296687870376,3.7933044,39.897713,0.3244352844908267
300.0,742.6383164048666,3.7936254,39.897713,0.3247286480270455
300.0,742.6287393239236,3.7937858,39.910179,0.325022010730753
300.0,742.6247252058154,3.7938259,39.797863,0.3253153688980565
300.0,742.6229782788741,3.7940264,39.872738,0.3256087293259623
300.0,742.6383162097449,3.7939863,39.847767,0.325902092862104
300.0,742.6190377206307,3.7940264,39.8353,0.32619545173336
300.0,742.6331541211938,3.794307,39.910179,0.326488813230328
300.0,742.6215592058127,3.7945077,39.897713,0.3267821730976534
300.0,742.63209062657,3.7944274,39.8353,0.3270755341745104
300.0,742.6246908075336,3.7946279,39.872738,0.3273688952789211
300.0,742.6211391269701,3.7945879,39.847767,0.3276622549803016
300.0,742.6272209589545,3.794668,39.847767,0.3279556141334995
300.0,742.6220872063767,3.7947483,39.910179,0.3282489742094024
300.0,742.631327060517,3.7949488,39.860271,0.3285423349846288
300.0,742.6260464651203,3.7952695,39.885246,0.3288356966245688
300.0,742.6362475093171,3.7953899,39.885246,0.3291290593435142
300.0,742.6316806921122,3.7952294,39.897713,0.3294224232091586
300.0,742.639945625362,3.7954299,39.8353,0.3297157873889664
300.0,742.6351814447669,3.7954702,39.910179,0.3300091526375229
300.0,742.6420399115038,3.7954702,39.872738,0.3303025176446341
300.0,742.6359582114312,3.7956305,39.885246,0.3305958832000389
300.0,742.6431095950794,3.7957909,39.810329,0.330889248629706
300.0,742.6314629928313,3.7958713,39.885246,0.331182612409352
300.0,742.6257411077252,3.795831,39.822796,0.3314759739286658
300.0,742.629551196132,3.7960315,39.822796,0.3317693340023745
300.0,742.6300504994107,3.7963123,39.872738,0.3320626972240393
300.0,742.6407411371575,3.7961919,39.897713,0.3323560617180972
300.0,742.6346977070358,3.7963924,39.822796,0.3326494267755615
300.0,742.6439050705518,3.7964327,39.847767,0.3329427925194642
300.0,742.6245066410305,3.7964728,39.910179,0.3332361535511232
300.0,742.6411616839338,3.7966332,39.797863,0.3335295182113092
300.0,742.6307760454353,3.7967534,39.872738,0.3338228817195885
300.0,742.6384555171787,3.7966332,39.872738,0.3341162453107607
300.0,742.6292994774093,3.7971544,39.785358,0.3344096082357471
300.0,742.6392650308803,3.7971144,39.910179,0.3347029721467006
300.0,742.6330299532069,3.7973952,39.797863,0.3349963365453473
300.0,742.6313750416793,3.7973549,39.797863,0.3352897002902497
300.0,742.6389974997892,3.7972348,39.92268,0.3355830640955207
300.0,742.6304322725603,3.7973149,39.885246,0.3358764274679984
300.0,742.6410408705043,3.7976358,39.810329,0.3361697920804596
300.0,742.6347359392646,3.797756,39.747921,0.3364631571530268
300.0,742.6420713933335,3.7977159,39.810329,0.3367565221725743
300.0,742.6356711523254,3.7979968,39.947655,0.3370498876145812
300.0,742.6388062145535,3.7980368,39.8353,0.337343251344289
300.0,742.636161457419,3.7979968,39.8353,0.3376366169799826
300.0,742.6351082211887,3.7982774,39.847767,0.3379299792488764
300.0,742.6295607309731,3.7983174,39.872738,0.3382233422770666
300.0,742.638901222693,3.7983577,39.735455,0.3385167060443053
300.0,742.635964095107,3.7984378,39.872738,0.3388100716020343
300.0,742.6337748960033,3.7982774,39.810329,0.3391034362949579
300.0,742.6468969570833,3.7987587,39.772892,0.3393968032207421
300.0,742.641336958339,3.7986383,39.8353,0.3396901709009283
300.0,742.6450570054772,3.7986383,39.797863,0.3399835370998786
300.0,742.6339146294168,3.7988389,39.822796,0.3402769018480014
300.0,742.6368139675859,3.7989593,39.797863,0.3405702647907142
300.0,742.6259389585017,3.7989993,39.8353,0.3408636263881855
300.0,742.6329750551654,3.7992399,39.822796,0.3411569878144173
300.0,742.6277399999349,3.7995207,39.772892,0.341450350123359
300.0,742.6470874607063,3.7993603,39.822796,0.3417437171243976
300.0,742.6344177155236,3.7994003,39.897713,0.342037082071256
300.0,742.6476289555635,3.7993603,39.797863,0.3423304492862007
300.0,742.6353027209918,3.7995207,39.772892,0.3426238145826653
300.0,742.6454740486888,3.7996409,39.810329,0.3429171838971377
300.0,742.6467631792596,3.7996409,39.8353,0.3432105507700759
300.0,742.6336156442645,3.7999218,39.797863,0.3435039154000898
300.0,742.6425748017906,3.8000019,39.797863,0.3437972806184981
300.0,742.6371037382781,3.8001623,39.860271,0.3440906466264236
300.0,742.6462920342445,3.8001623,39.8353,0.3443840133132458
300.0,742.631049725993,3.8001223,39.872738,0.3446773769296378
300.0,742.6442744692287,3.8000822,39.760387,0.3449707428194637
300.0,742.6405987781274,3.8003628,39.810329,0.3452641102080446
300.0,742.6430394407681,3.8003228,39.735455,0.3455574756099986
300.0,742.6405165642345,3.8007638,39.822796,0.3458508429661022
300.0,742.645960782438,3.8006034,39.8353,0.3461442095220705
300.0,742.6378422478504,3.8005633,39.822796,0.3464375758217314
300.0,742.6428524300024,3.8007638,39.847767,0.3467309441005786
300.0,742.6444404613817,3.8008842,39.735455,0.3470243100559762
300.0,742.6417896785679,3.8007238,39.72295,0.3473176779150017
300.0,742.6444207960328,3.8009243,39.760387,0.347611043862631
300.0,742.6396826082286,3.8014057,39.760387,0.3479044108892946
300.0,742.6466803050957,3.8012452,39.785358,0.348197777729495
300.0,742.6453346696014,3.8014858,39.735455,0.3484911469889082
300.0,742.6467889604023,3.8014457,39.8353,0.3487845138720306
300.0,742.6379696645686,3.8015258,39.760387,0.3490778802220253
300.0,742.6412128070674,3.8015659,39.860271,0.3493712449024064
300.0,742.633080722421,3.8017664,39.760387,0.3496646093211087
300.0,742.6391490997926,3.8018868,39.760387,0.349957973186266
300.0,742.6307578813868,3.8018868,39.747921,0.3502513366873699
300.0,742.6390486841094,3.8019269,39.785358,0.3505447005128601
300.0,742.6332912072824,3.8020473,39.810329,0.3508380650147107
300.0,742.6280395836457,3.8020473,39.735455,0.3511314274419979
300.0,742.6379719693967,3.8022478,39.797863,0.3514247908421548
300.0,742.6290842930969,3.8021274,39.72295,0.3517181536821364
300.0,742.6382145855754,3.8022878,39.797863,0.3520115171781336
300.0,742.6277265110882,3.8022478,39.797863,0.3523048794817469
300.0,742.6384494010779,3.8023279,39.772892,0.3525982430705029
300.0,742.6357926604022,3.8026087,39.785358,0.3528916085605096
300.0,742.6392652627345,3.8025687,39.735455,0.3531849724715546
300.0,742.6279307946796,3.8026888,39.747921,0.3534783348558666
300.0,742.6276031020406,3.8028893,39.710484,0.3537716941600221
300.0,742.6285234560269,3.8028493,39.785358,0.3540650567784546
300.0,742.6390861113722,3.8029697,39.785358,0.3543584206187297
300.0,742.6320564468336,3.8031702,39.760387,0.3546517846328095
300.0,742.6328645246521,3.8032904,39.772892,0.3549451489661065
300.0,742.6364952647597,3.8032503,39.760387,0.3552385117829225
300.0,742.6238380892277,3.8033707,39.747921,0.3555318725504816
300.0,742.6370115395899,3.8033707,39.760387,0.355825235571241
300.0,742.6280008870992,3.8034508,39.797863,0.3561185979832417
300.0,742.6300788117632,3.8035712,39.685509,0.3564119582653738
300.0,742.6242260388864,3.8034909,39.797863,0.3567053191861857
300.0,742.6396911317207,3.8036914,39.747921,0.3569986832654613
300.0,742.6299874623066,3.8038118,39.747921,0.3572920464622244
300.0,742.6371706471264,3.8040524,39.847767,0.3575854095458358
300.0,742.6278354585444,3.8040123,39.747921,0.3578787718924869
300.0,742.6395196217243,3.8039322,39.810329,0.358172135904011
300.0,742.6275113876549,3.8037717,39.772892,0.3584654981226434
300.0,742.6286179133556,3.8038518,39.785358,0.3587588607783897
300.0,742.6466231147696,3.8041728,39.697975,0.3590522275959983
300.0,742.6330170142154,3.8042529,39.760387,0.3593455919895337
300.0,742.6376930251653,3.8043733,39.747921,0.3596389552794996
300.0,742.6290831820293,3.8043733,39.747921,0.3599323181190423
300.0,742.6294099724734,3.8046541,39.660542,0.3602256781369636
300.0,742.624251844633,3.8045738,39.785358,0.3605190390679696
300.0,742.636686720663,3.8047342,39.797863,0.3608124019604162
300.0,742.6256080029625,3.8046541,39.697975,0.3611057634271493
300.0,742.6302249913307,3.8046942,39.747921,0.3613991237670265
300.0,742.6241435689948,3.8047342,39.747921,0.3616924846552601
300.0,742.6285702458987,3.8049347,39.660542,0.3619858443414653
300.0,742.6248253896613,3.8047743,39.72295,0.3622792054990404
300.0,742.6219984736199,3.8050148,39.660542,0.362572565539891
300.0,742.6330959665138,3.8049748,39.685509,0.3628659270138862
300.0,742.622819441522,3.8052154,39.685509,0.363159287379046
300.0,742.6276984641004,3.8052154,39.747921,0.3634526467208722
300.0,742.6101069518276,3.8052154,39.772892,0.3637460020641818
300.0,742.6225097397383,3.8055763,39.685509,0.3640393593563123
300.0,742.6169438705541,3.8053758,39.760387,0.3643327174004289
300.0,742.6217776433392,3.8054562,39.710484,0.3646260744033603
300.0,742.6185605623356,3.8054562,39.747921,0.3649194330861232
300.0,742.6263677074837,3.8055363,39.735455,0.3652127919022622
300.0,742.6180457329219,3.8056166,39.72295,0.3655061503816506
300.0,742.6152340168845,3.8059773,39.785358,0.3657995047996609
300.0,742.612571173897,3.8057768,39.673042,0.366092861116419
300.0,742.6157848304067,3.8059373,39.697975,0.3663862187026767
300.0,742.6289645962206,3.8059773,39.72295,0.3666795785446616
300.0,742.6191780159729,3.8062181,39.710484,0.3669729374713389
300.0,742.6218417550143,3.8060176,39.710484,0.3672662944995963
300.0,742.6166256226661,3.8062181,39.710484,0.3675596524179945
300.0,742.6210524077164,3.8063383,39.735455,0.3678530091344369
300.0,742.6136912488117,3.8062181,39.760387,0.3681463658936613
300.0,742.6150624093783,3.8064587,39.710484,0.3684397202438818
300.0,742.6100687069113,3.8064587,39.747921,0.3687330755720833
300.0,742.6238536068605,3.8066192,39.6231,0.3690264333950801
300.0,742.617542110159,3.8066592,39.72295,0.369319791675521
300.0,742.622643455864,3.8063786,39.710484,0.3696131490204733
300.0,742.6079175820579,3.8066592,39.673042,0.36990650349891
300.0,742.6101898371289,3.8068597,39.685509,0.3701998588749619
300.0,742.6183216312654,3.8067393,39.710484,0.370493214512669
300.0,742.6121251426865,3.8067796,39.72295,0.37078657065323
300.0,742.6187599515176,3.8068197,39.697975,0.3710799264640862
300.0,742.6118703958108,3.8070202,39.747921,0.3713732825040139
300.0,742.6265970419776,3.8070202,39.685509,0.3716666414107467
300.0,742.6084010637902,3.8068197,39.747921,0.3719599960801745
300.0,742.622172481619,3.8070202,39.685509,0.3722533532390784
300.0,742.6097317461429,3.8071404,39.673042,0.3725467084341693
300.0,742.6180792957471,3.8072207,39.685509,0.3728400639761469
300.0,742.6132837434818,3.8072608,39.760387,0.3731334205743933
300.0,742.6256293732245,3.8071806,39.797863,0.3734267790988689
300.0,742.620757305322,3.8075416,39.735455,0.3737201386494174
300.0,742.6139715577134,3.8073411,39.685509,0.3740134955193729
300.0,742.6231722432491,3.8076217,39.673042,0.3743068530732115
300.0,742.6160020901308,3.8075013,39.785358,0.374600210745294
300.0,742.6228723395417,3.8074613,39.673042,0.3748935681806619
300.0,742.6128119562511,3.8074212,39.72295,0.3751869245925369
300.0,742.6224850937193,3.8075817,39.673042,0.3754802818749315
300.0,742.6186501003325,3.8079426,39.810329,0.3757736405930649
300.0,742.6257698402361,3.8080227,39.735455,0.3760669991730291
300.0,742.6189044694514,3.8079827,39.685509,0.3763603579916466
300.0,742.6279718908979,3.8077822,39.660542,0.3766537174414842
300.0,742.623404888245,3.8080628,39.760387,0.3769470780379147
300.0,742.6305630305511,3.8081431,39.648075,0.3772404385113272
300.0,742.6215716200168,3.8080628,39.697975,0.3775337983835566
300.0,742.6210052411143,3.8082633,39.697975,0.3778271580320478
300.0,742.624674497584,3.8080227,39.760387,0.3781205161793201
300.0,742.6061035155841,3.8083036,39.685509,0.378413869941141
300.0,742.6194801086536,3.8081832,39.635567,0.37870722603648
300.0,742.6100377627708,3.8083837,39.648075,0.3790005813524576
300.0,742.6198808435606,3.8085041,39.660542,0.3792939376060984
300.0,742.6112530281204,3.8083436,39.710484,0.3795872934021456
300.0,742.6093585082705,3.8086243,39.673042,0.3798806454991608
300.0,742.6020674508463,3.8086643,39.648075,0.3801739976666038
300.0,742.6092562253731,3.8087046,39.660542,0.3804673497232143
300.0,742.6105779823167,3.8086243,39.685509,0.3807607052525963
300.0,742.608498908947,3.8087447,39.72295,0.3810540570100449
300.0,742.6085091683533,3.8088248,39.697975,0.3813474117221776
300.0,742.6111457287974,3.8088248,39.697975,0.3816407674758381
300.0,742.6205873415582,3.8088248,39.735455,0.3819341240085659
300.0,742.6171929539416,3.8089051,39.660542,0.3822274821510787
300.0,742.6195565620114,3.8090253,39.72295,0.382520838276619
300.0,742.6118709204959,3.8091056,39.673042,0.3828141943167539
300.0,742.6273094848968,3.8089852,39.685509,0.3831075535049221
300.0,742.6243020399473,3.8090656,39.710484,0.3834009144557569
300.0,742.631397165613,3.8093462,39.710484,0.3836942752586769
300.0,742.6195608995763,3.8090253,39.685509,0.3839876343366057
300.0,742.6204923093738,3.8094263,39.735455,0.3842809908317932
300.0,742.6223096662947,3.8093462,39.648075,0.3845743509955751
300.0,742.6329823670649,3.8093061,39.685509,0.3848677124246952
300.0,742.6232519349779,3.8091457,39.648075,0.3851610729607042
300.0,742.6183631755697,3.8094666,39.635567,0.3854544315654928
300.0,742.629550182972,3.8093462,39.673042,0.3857477916388013
300.0,742.6165809814624,3.8093863,39.685509,0.3860411495395648
300.0,742.6302188392137,3.8095868,39.685509,0.3863345098770119
300.0,742.6208911302987,3.8095467,39.648075,0.3866278694804255
300.0,742.630899750781,3.8097072,39.685509,0.3869212300868522
300.0,742.6270087166511,3.8095467,39.697975,0.3872145921069131
300.0,742.6242732140441,3.8097472,39.72295,0.3875079500956668
300.0,742.618853566201,3.8098276,39.685509,0.3878013088941758
300.0,742.6261708800529,3.8099878,39.710484,0.3880946676325623
300.0,742.6226028287525,3.8099077,39.6231,0.388388027912153
300.0,742.6335357639413,3.8099878,39.648075,0.3886813895598809
300.0,742.6275419904637,3.8100681,39.710484,0.3889747517906024
300.0,742.6206996640431,3.8101082,39.710484,0.3892681113183806
300.0,742.6319062625811,3.8099477,39.697975,0.3895614723224085
300.0,742.6237615146762,3.8100681,39.660542,0.3898548330597181
300.0,742.6324215856426,3.8100681,39.710484,0.3901481942673134
300.0,742.6205847105391,3.8101082,39.697975,0.3904415537496812
300.0,742.6290037325128,3.8103487,39.648075,0.3907349136071261
300.0,742.614575827513,3.8103087,39.648075,0.391028270715788
300.0,742.6212168860642,3.8104291,39.648075,0.3913216274972041
300.0,742.6139583618022,3.8104291,39.6231,0.3916149843619469
300.0,742.6149024719349,3.8107097,39.610634,0.3919083386489874
300.0,742.6140214598876,3.8106296,39.785358,0.392201695538656
300.0,742.6162593884783,3.8105896,39.685509,0.3924950503617177
300.0,742.618006646545,3.8107097,39.72295,0.3927884088256657
300.0,742.6161413841922,3.8105493,39.635567,0.3930817665527739
300.0,742.618492908896,3.8106697,39.6231,0.3933751222581405
300.0,742.6209290080991,3.8108301,39.685509,0.3936684818765171
300.0,742.6257246012468,3.8107498,39.697975,0.3939618404386106
300.0,742.6169625353452,3.8108301,39.635567,0.3942551984901005
300.0,742.6249415395918,3.8108702,39.685509,0.3945485567428621
300.0,742.6183509809395,3.8109906,39.735455,0.3948419153428334
300.0,742.6192822809551,3.8110306,39.673042,0.3951352713600248
300.0,742.6130542275321,3.8111911,39.685509,0.3954286278676048
300.0,742.6174879961328,3.8110306,39.697975,0.395721983176002
300.0,742.6153211489872,3.8111107,39.685509,0.3960153405790904
300.0,742.6220956748523,3.8111107,39.648075,0.3963086977076533
300.0,742.6119524390377,3.8111508,39.697975,0.3966020537799908
300.0,742.6123036454967,3.8112712,39.660542,0.3968954099910664
300.0,742.6212106237499,3.8115118,39.6231,0.3971887667700087
300.0,742.611342321578,3.8115118,39.673042,0.3974821226013298
300.0,742.6179198715342,3.8114316,39.648075,0.3977754780803302
300.0,742.6149767773492,3.8114717,39.648075,0.3980688353473804
300.0,742.621567693534,3.8116322,39.660542,0.3983621922673756
300.0,742.6171285500781,3.8113112,39.735455,0.3986555503844467
300.0,742.6250880736936,3.8116722,39.585663,0.3989489086950935
300.0,742.6182425221525,3.8116722,39.648075,0.3992422672522201
300.0,742.6278955474303,3.8116322,39.660542,0.3995356266718999
300.0,742.6183254686399,3.8117926,39.697975,0.399828985261793
300.0,742.6268835791782,3.8119931,39.660542,0.4001223442817162
300.0,742.6130291547893,3.8117526,39.635567,0.4004157007793917
300.0,742.6111066424205,3.8117123,39.673042,0.4007090565176119
300.0,742.6202695292118,3.8117526,39.697975,0.4010024129247947
300.0,742.6172112888605,3.8118727,39.648075,0.4012957710745503
300.0,742.6251135747901,3.8121133,39.685509,0.4015891293952708
300.0,742.6210244183123,3.8122337,39.660542,0.4018824890513375
300.0,742.625616360331,3.8122337,39.560692,0.4021758475706728
300.0,742.620852605032,3.8119931,39.648075,0.4024692071588677
300.0,742.6230318251457,3.8119931,39.610634,0.402762564657237
300.0,742.6158101965966,3.8120332,39.648075,0.4030559222535153
300.0,742.630575152044,3.8122737,39.710484,0.4033492827317161
300.0,742.6194711172448,3.812314,39.710484,0.4036426417741781
300.0,742.6266289637776,3.8124743,39.660542,0.4039360006935208
300.0,742.6217879279819,3.8124342,39.6231,0.4042293606511989
300.0,742.6185738069499,3.8124743,39.660542,0.4045227193391939
300.0,742.6227401241246,3.8123541,39.710484,0.4048160767223329
300.0,742.6130739910105,3.8123541,39.648075,0.4051094332377202
300.0,742.6225671373622,3.812314,39.660542,0.4054027905525245
300.0,742.6167595213117,3.8125947,39.685509,0.4056961485238171
300.0,742.6255398461958,3.8124743,39.697975,0.4059895070129271
300.0,742.6150666210713,3.8125947,39.697975,0.4062828643154686
300.0,742.6251451419536,3.8127952,39.610634,0.406576222648659
300.0,742.6165750859177,3.8125947,39.6231,0.4068695805470936
300.0,742.6214280321798,3.8127151,39.635567,0.4071629374119185
300.0,742.6166575803655,3.8127151,39.685509,0.4074562953429411
300.0,742.636266491484,3.8129556,39.648075,0.407749658069385
300.0,742.6213809716887,3.8128352,39.685509,0.4080430178663021
300.0,742.6346489779884,3.8129957,39.660542,0.4083363799537816
300.0,742.6219733272084,3.8129957,39.648075,0.4086297399846985
300.0,742.6286945856205,3.8127952,39.673042,0.4089231026707329
300.0,742.6316768912525,3.8131161,39.673042,0.4092164635841525
300.0,742.6241363788245,3.8133566,39.6231,0.4095098244695457
300.0,742.6330451973006,3.8132362,39.635567,0.4098031859234856
300.0,742.6204391789873,3.8133166,39.648075,0.4100965453483637
300.0,742.625794816233,3.8132765,39.673042,0.4103899039381941
300.0,742.6189614513951,3.8132362,39.648075,0.4106832627793214
300.0,742.6342738049551,3.8132765,39.635567,0.4109766247185967
300.0,742.6252640837732,3.8132362,39.648075,0.4112699860494704
300.0,742.6313517674157,3.8135171,39.772892,0.4115633468344566
300.0,742.624015530185,3.8132765,39.685509,0.4118567076721107
300.0,742.634624026548,3.8137176,39.673042,0.4121500697497337
300.0,742.6258558654954,3.8135171,39.673042,0.4124434313143805
300.0,742.6235831098862,3.8137176,39.673042,0.4127367919812144
300.0,742.6299007833487,3.813477,39.685509,0.4130301521930202
300.0,742.6292360743149,3.8136775,39.673042,0.4133235150929604
300.0,742.633306392408,3.8138378,39.648075,0.4136168766500799
300.0,742.6183119064314,3.8139582,39.710484,0.4139102352346155
300.0,742.6258462078509,3.8137577,39.673042,0.4142035938447471
300.0,742.6191652835608,3.8139582,39.710484,0.4144969527663947
300.0,742.6291560652206,3.8139582,39.710484,0.4147903126840154
300.0,742.619069812571,3.8139181,39.673042,0.4150836715679488
300.0,742.6275322885922,3.8139982,39.710484,0.4153770308441309
300.0,742.6226539032826,3.8139582,39.660542,0.4156703911438977
300.0,742.6310848835927,3.8140385,39.710484,0.4159637518234572
300.0,742.6289176314094,3.8139982,39.747921,0.416257114597602
300.0,742.6293639669127,3.8142791,39.673042,0.4165504775480639
300.0,742.6450447857584,3.8141587,39.735455,0.4168438437421871
300.0,742.6363339424149,3.8143592,39.648075,0.4171372094460179
300.0,742.638964955482,3.8142791,39.697975,0.4174305732384329
300.0,742.6265114412678,3.8142791,39.648075,0.4177239350620537
300.0,742.6420655831656,3.8143592,39.735455,0.418017300079306
300.0,742.6362252143279,3.8143992,39.635567,0.4183106657401856
300.0,742.6511613723939,3.8143592,39.635567,0.4186040343505368
300.0,742.6407069439788,3.8145597,39.685509,0.4188974017818466
300.0,742.6457574857022,3.81464,39.648075,0.4191907682575068
300.0,742.6348944951409,3.8145597,39.648075,0.4194841333927088
300.0,742.6341719123013,3.8147202,39.685509,0.4197774952917336
300.0,742.6250281471845,3.8145998,39.648075,0.4200708565294045
300.0,742.6315344281705,3.8147602,39.697975,0.4203642203372699
300.0,742.6384434319067,3.81464,39.697975,0.420657583923668
300.0,742.6347482191256,3.8147602,39.648075,0.4209509490010861
300.0,742.6384236569744,3.8149207,39.710484,0.4212443125796726
300.0,742.629102273485,3.8149607,39.710484,0.4215376754267571
300.0,742.6313516700083,3.8149607,39.697975,0.4218310362117049
300.0,742.6263460122013,3.8151212,39.635567,0.4221243979699758
300.0,742.6382014262639,3.8150411,39.735455,0.4224177614607747
300.0,742.6277587007419,3.8150811,39.6231,0.4227111237771039
300.0,742.6410908222933,3.8152015,39.635567,0.4230044884092975
300.0,742.6335396187496,3.815001,39.6231,0.4232978530092789
300.0,742.6435111476152,3.8152816,39.660542,0.4235912185975707
300.0,742.6328581768632,3.8152015,39.648075,0.4238845829283602
300.0,742.6363718689186,3.8154421,39.685509,0.4241779486471733
300.0,742.6437397499163,3.8152015,39.660542,0.4244713143257697
300.0,742.6354620218432,3.8153617,39.697975,0.4247646796851633
300.0,742.6418367979185,3.8155622,39.760387,0.4250580446120388
300.0,742.6336410346014,3.8155222,39.673042,0.4253514092520827
300.0,742.643040039128,3.8157227,39.697975,0.4256447746542732
300.0,742.6390069396173,3.8157227,39.660542,0.4259381414140256
300.0,742.6410596083341,3.8154421,39.697975,0.4262315060338887
300.0,742.6310757022009,3.8158431,39.673042,0.4265248696605423
300.0,742.6408812381752,3.8155222,39.697975,0.4268182342099442
300.0,742.6339651788527,3.8157227,39.710484,0.4271115989780357
300.0,742.6381565038487,3.8158832,39.648075,0.427404962451089
300.0,742.6384410612528,3.8158832,39.685509,0.4276983289873008
300.0,742.6392870410186,3.8158431,39.660542,0.4279916958577024
300.0,742.6447649383596,3.815763,39.735455,0.4282850619412778
300.0,742.6360923173725,3.8160837,39.673042,0.4285784275496588
300.0,742.6448914648565,3.8158431,39.660542,0.4288717936832158
300.0,742.6381097275474,3.816164,39.697975,0.42916516008854
300.0,742.6470564667324,3.8160436,39.6231,0.4294585270773351
300.0,742.6386636308553,3.8161237,39.6231,0.4297518937014692
300.0,742.6397674380466,3.8160436,39.660542,0.430045257810888
300.0,742.6377339237135,3.8163645,39.648075,0.4303386240677573
300.0,742.6458850740627,3.8163645,39.685509,0.4306319905938186
300.0,742.6431832628629,3.8162041,39.710484,0.4309253590033556
300.0,742.6501496846996,3.8166051,39.635567,0.4312187272140609
300.0,742.6374412489017,3.816525,39.673042,0.4315120933553141
300.0,742.6361042187602,3.8166051,39.635567,0.4318054589683966
300.0,742.6454776008549,3.8166051,39.710484,0.4320988253334942
300.0,742.6430360469574,3.8167255,39.673042,0.4323921936848761
300.0,742.6514996065314,3.816565,39.673042,0.4326855624288394
300.0,742.637389979968,3.816565,39.673042,0.4329789285498397
300.0,742.6433323865988,3.8168857,39.660542,0.4332722940675159
300.0,742.6348062025547,3.8168056,39.673042,0.4335656591678394
300.0,742.646534515874,3.8168056,39.648075,0.4338590259504488
300.0,742.6351883173431,3.8166451,39.648075,0.4341523912017202
300.0,742.6435551663516,3.8169661,39.735455,0.4344457568074008
300.0,742.6360984813987,3.816926,39.735455,0.4347391224182168
300.0,742.6375647043052,3.8169661,39.673042,0.4350324856574922
300.0,742.6328828104586,3.8170061,39.710484,0.4353258499980127
300.0,742.6360846631915,3.8171666,39.673042,0.4356192156033701
300.0,742.6396847107102,3.8171265,39.72295,0.4359125796801091
300.0,742.6398473659887,3.8172467,39.648075,0.4362059467718575
300.0,742.6542247308969,3.817287,39.735455,0.4364993165923235
300.0,742.6426482439199,3.8171666,39.697975,0.4367926847905105
300.0,742.6404481179644,3.817287,39.697975,0.4370860491688174
300.0,742.6397895288738,3.8173671,39.710484,0.4373794162377182
300.0,742.6502074849475,3.8174472,39.660542,0.4376727844712563
300.0,742.6465379106796,3.8176076,39.697975,0.4379661542059891
300.0,742.6482725994853,3.8175676,39.673042,0.4382595216751918
300.0,742.6414768382715,3.817688,39.747921,0.4385528894106351
300.0,742.645376318839,3.8176477,39.673042,0.4388462557357234
300.0,742.6403441891279,3.8176477,39.648075,0.4391396230237331
300.0,742.6373391254209,3.8175676,39.697975,0.4394329891246442
300.0,742.6483101850351,3.8177681,39.710484,0.4397263566086942
300.0,742.6315781163873,3.817688,39.673042,0.4400197204338178
300.0,742.6400288044355,3.8180487,39.635567,0.4403130846464838
300.0,742.6295799693572,3.818089,39.660542,0.4406064476822738
300.0,742.645878152816,3.8180087,39.710484,0.4408998142056009
300.0,742.6323807130476,3.8181291,39.648075,0.4411931783477765
300.0,742.6387676158438,3.8183696,39.673042,0.4414865420622367
300.0,742.6300441760757,3.8182092,39.710484,0.4417799052814035
300.0,742.6470688327669,3.8182092,39.673042,0.4420732722750836
300.0,742.6308600050722,3.8181691,39.697975,0.4423666358165297
300.0,742.641525040384,3.8182895,39.673042,0.4426600006202519
300.0,742.6344428376858,3.818089,39.697975,0.4429533655770344
300.0,742.6412292438109,3.8183696,39.660542,0.4432467332146698
300.0,742.6411234271732,3.81845,39.697975,0.4435400978597433
300.0,742.6377472896767,3.8182495,39.6231,0.4438334641218927
300.0,742.641110670895,3.81849,39.697975,0.4441268287619271
300.0,742.6434633399126,3.8186505,39.697975,0.4444201972821037
300.0,742.6473296986127,3.8186905,39.673042,0.4447135643788333
300.0,742.6391980033551,3.8187306,39.72295,0.4450069312140621
300.0,742.6441727964577,3.8190515,39.685509,0.4453002970637243
300.0,742.6450286530758,3.818891,39.72295,0.445593666202251
300.0,742.6563445785032,3.8190114,39.660542,0.4458870368601179
300.0,742.6470212096725,3.818891,39.747921,0.4461804067857697
300.0,742.6442108704772,3.8190515,39.685509,0.4464737726504723
300.0,742.6332459559584,3.8189712,39.710484,0.4467671371344472
300.0,742.6341629681363,3.819212,39.685509,0.447060501980672
300.0,742.636908779785,3.8189712,39.710484,0.4473538649608384
300.0,742.6252378020447,3.8193321,39.648075,0.4476472262813299
300.0,742.63726580107,3.8191717,39.710484,0.4479405894025299
300.0,742.6335828197297,3.8193321,39.660542,0.4482339540195771
300.0,742.642014825719,3.8193722,39.673042,0.4485273190167787
300.0,742.634404324288,3.8194525,39.685509,0.4488206839583471
300.0,742.6452298092936,3.8195326,39.710484,0.4491140502255599
300.0,742.6324503297923,3.8195326,39.6231,0.4494074143952364
300.0,742.6430649291772,3.8195727,39.685509,0.4497007798072591
300.0,742.6404781974579,3.8195727,39.710484,0.4499941471482065
300.0,742.6420647167307,3.8195326,39.673042,0.4502875121651166
300.0,742.6336476629454,3.8197331,39.697975,0.450580876807779
300.0,742.6373390758991,3.8197331,39.72295,0.4508742429086704
300.0,742.6438352828485,3.8198535,39.760387,0.4511676086250051
300.0,742.6275683820813,3.8198135,39.697975,0.4514609708661521
300.0,742.6397799135622,3.8199739,39.697975,0.4517543349804991
300.0,742.6410696134967,3.820014,39.697975,0.4520477025550752
300.0,742.6438543505539,3.8198936,39.635567,0.4523410682789422
300.0,742.632851889851,3.8200941,39.747921,0.4526344326072481
300.0,742.6386600958656,3.8202145,39.685509,0.4529277962792347
300.0,742.639121404452,3.8200941,39.760387,0.4532211630842045
300.0,742.6441218808264,3.8202546,39.72295,0.4535145289137536
300.0,742.6339850763673,3.820375,39.747921,0.4538078936897053
300.0,742.6394747359392,3.8202946,39.760387,0.4541012576834983
300.0,742.632406213683,3.820375,39.673042,0.4543946218357474
300.0,742.6392868947044,3.8203347,39.685509,0.4546879887060913
300.0,742.6437145295824,3.8207359,39.747921,0.4549813543747249
300.0,742.6321577042977,3.8207359,39.648075,0.4552747184288047
300.0,742.6419509950109,3.8204551,39.685509,0.4555680834007913
300.0,742.6384159146367,3.8207359,39.72295,0.4558614499270695
300.0,742.6400659139988,3.8206155,39.710484,0.4561548141543948
300.0,742.6304710789959,3.820776,39.685509,0.4564481775422023
300.0,742.6273546142005,3.820816,39.660542,0.4567415367481979
300.0,742.6270464851762,3.8209765,39.785358,0.4570348987831786
300.0,742.634451442512,3.8209364,39.747921,0.4573282607926259
300.0,742.6294144181235,3.821177,39.760387,0.4576216237630177
300.0,742.6338278431324,3.8210166,39.735455,0.4579149855261253
300.0,742.6296435919229,3.8209765,39.685509,0.4582083485870483
300.0,742.6287208186458,3.8209364,39.660542,0.4585017112834456
300.0,742.638602148074,3.821177,39.648075,0.4587950749325412
300.0,742.6304834565703,3.821137,39.735455,0.4590884383252382
300.0,742.6414286778518,3.8213375,39.673042,0.4593818030908946
300.0,742.6314768845027,3.8216181,39.697975,0.4596751668760283
300.0,742.6415312048815,3.8212171,39.72295,0.4599685316821857
300.0,742.636302216158,3.821538,39.660542,0.4602618973734836
300.0,742.6442038025053,3.8216181,39.735455,0.4605552632353942
300.0,742.6416040958858,3.821578,39.735455,0.4608486310211084
300.0,742.6379403287685,3.8216181,39.72295,0.4611419944087663
300.0,742.6371675926957,3.8216181,39.735455,0.4614353604419164
300.0,742.6384692379129,3.8218586,39.735455,0.4617287240385086
300.0,742.640095045373,3.8218186,39.697975,0.4620220912280984
300.0,742.6439681811407,3.821979,39.697975,0.4623154569969318
300.0,742.6419036914654,3.8220191,39.710484,0.4626088249009961
300.0,742.6410883877678,3.8220994,39.747921,0.4629021924829887
300.0,742.6409762212467,3.8221796,39.697975,0.4631955570699116
300.0,742.6346724264857,3.821939,39.72295,0.4634889221173892
300.0,742.6385262206344,3.82234,39.735455,0.4637822857364913
300.0,742.6350279298781,3.8223,39.673042,0.4640756509244043
300.0,742.6393414107733,3.8223,39.72295,0.46436901486553
300.0,742.6307376908344,3.8224604,39.760387,0.464662378358658
300.0,742.6398378490754,3.8224201,39.747921,0.4649557424958911
300.0,742.6341184247483,3.8225806,39.685509,0.4652491073245198
300.0,742.6344073257543,3.8225005,39.747921,0.4655424693165397
300.0,742.6295284321466,3.822701,39.660542,0.4658358323319708
300.0,742.6421674752055,3.822701,39.735455,0.4661291973894733
300.0,742.6310505193642,3.822701,39.772892,0.4664225610061788
300.0,742.6279115568071,3.8227811,39.747921,0.4667159233828912
300.0,742.6306008481599,3.8228614,39.760387,0.4670092838712427
300.0,742.6240035180895,3.8229015,39.660542,0.4673026447041516
300.0,742.6357632170642,3.823102,39.772892,0.4675960072317877
300.0,742.6299999623553,3.823102,39.697975,0.4678893704334886
300.0,742.6380415743588,3.8231821,39.735455,0.4681827338611415
300.0,742.6255696362882,3.8230217,39.710484,0.4684760953127184
300.0,742.6359036480598,3.8232625,39.785358,0.4687694578958287
300.0,742.6287587205932,3.8231421,39.747921,0.4690628206071985
300.0,742.6386083498156,3.823503,39.697975,0.469356184258744
300.0,742.6328322127288,3.8233826,39.747921,0.4696495485792768
300.0,742.6379786102902,3.823463,39.747921,0.469942911982057
300.0,742.6310569035782,3.8233826,39.735455,0.4702362756012845
300.0,742.6311199521417,3.8237035,39.760387,0.4705296392454182
300.0,742.6418242243816,3.8236234,39.697975,0.4708230041673267
300.0,742.6320874042755,3.8237836,39.72295,0.4711163681936358
300.0,742.6438606609579,3.8237836,39.72295,0.4714097339199955
300.0,742.6370456453691,3.8239441,39.747921,0.4717030999049723
300.0,742.6493930151323,3.8239441,39.710484,0.4719964678167714
300.0,742.6404135251128,3.824265,39.747921,0.4722898351321711
300.0,742.642587399577,3.8238239,39.72295,0.4725832003555559
300.0,742.6360088218483,3.8239841,39.697975,0.4728765659309535
300.0,742.6409894782724,3.8242249,39.747921,0.4731699305231133
300.0,742.637320363428,3.8243854,39.72295,0.4734632966166128
300.0,742.6447895967592,3.8245859,39.810329,0.4737566627099289
300.0,742.6340677899796,3.8244255,39.772892,0.4740500275185553
300.0,742.6337811830155,3.8243854,39.72295,0.4743433922139624
300.0,742.6419130312911,3.8244655,39.760387,0.4746367571709523
300.0,742.631260149259,3.824666,39.785358,0.4749301208704685
300.0,742.6399908034716,3.824666,39.785358,0.4752234850681229
300.0,742.6308906934186,3.8248265,39.747921,0.4755168486216919
300.0,742.6395576228928,3.8248265,39.810329,0.4758102126482276
300.0,742.6289114663599,3.825027,39.72295,0.476103575419937
300.0,742.6377365923692,3.8248265,39.673042,0.4763969387271132
300.0,742.6344426909623,3.825027,39.735455,0.4766903036838377
300.0,742.6376416575922,3.8251874,39.772892,0.4769836669535118
300.0,742.6354358015052,3.825027,39.760387,0.4772770323025476
300.0,742.6367248070629,3.8251874,39.8353,0.4775703952100394
300.0,742.6334436719825,3.8252275,39.760387,0.4778637597721186
300.0,742.6329981057036,3.8254681,39.785358,0.4781571241581845
300.0,742.6410973281262,3.8255081,39.735455,0.4784504887929482
300.0,742.6287456106288,3.825428,39.747921,0.4787438514991391
300.0,742.6358720068176,3.8255885,39.697975,0.4790372140697502
300.0,742.6261107103915,3.8255885,39.747921,0.4793305757350692
300.0,742.6361645137009,3.8255484,39.735455,0.4796239384212289
300.0,742.6313695117157,3.825829,39.710484,0.4799173021639469
300.0,742.6376279734881,3.8257489,39.735455,0.4802106654282154
300.0,742.6302159650045,3.8257489,39.747921,0.4805040287152446
300.0,742.6336240821767,3.8259094,39.72295,0.4807973903978607
300.0,742.6294644303915,3.8261499,39.772892,0.481090753388009
300.0,742.641491995943,3.8262701,39.772892,0.4813841181786778
300.0,742.633182516132,3.82619,39.747921,0.4816774826375919
300.0,742.6343987213718,3.8260295,39.710484,0.481970847576947
300.0,742.6409009404612,3.8261499,39.810329,0.4822642121341318
300.0,742.6350597783022,3.8263104,39.772892,0.482557577334626
300.0,742.6349554489199,3.8263505,39.747921,0.4828509395431704
300.0,742.6304266084582,3.826551,39.747921,0.4831443029134106
300.0,742.6415364419623,3.826591,39.772892,0.4834376677216369
300.0,742.6323420537448,3.826551,39.772892,0.4837310318485407
300.0,742.6469803068245,3.8267915,39.760387,0.4840243988072505
300.0,742.6424132961291,3.8268719,39.735455,0.4843177669126254
300.0,742.6440197317619,3.8267515,39.785358,0.4846111327018227
300.0,742.6322278940214,3.8270724,39.822796,0.4849044967836298
300.0,742.6423397668145,3.8267515,39.760387,0.4851978619091924
300.0,742.6363216739112,3.8271925,39.760387,0.4854912276081768
300.0,742.6363142890303,3.8271925,39.735455,0.4857845933042439
300.0,742.6382718974561,3.8271124,39.822796,0.486077956822881
300.0,742.6361303175448,3.8272729,39.673042,0.4863713224462733
300.0,742.6479538476484,3.827353,39.760387,0.4866646897895598
300.0,742.6321008926107,3.8274734,39.797863,0.4869580538211971
300.0,742.6404104957844,3.8274734,39.822796,0.4872514181846422
300.0,742.6304516327024,3.8274734,39.772892,0.4875447815647678
300.0,742.6421862500747,3.8274333,39.785358,0.487838146629687
300.0,742.6355504863229,3.8278344,39.72295,0.488131512024027
300.0,742.653530086317,3.8280349,39.772892,0.4884248815700883
300.0,742.6390008484411,3.8277941,39.785358,0.4887182483274345
300.0,742.6498705570106,3.8281951,39.822796,0.4890116164278764
300.0,742.6334819046207,3.8279545,39.747921,0.4893049810050587
300.0,742.6297010257015,3.828115,39.772892,0.48959834408867
300.0,742.6465978220964,3.828155,39.8353,0.4898917108962872
300.0,742.641101400121,3.8283556,39.822796,0.4901850784834202
300.0,742.6499712899841,3.828516,39.785358,0.4904784466236545
300.0,742.6371795192537,3.8283556,39.747921,0.4907718126615159
300.0,742.6554201842201,3.8285561,39.772892,0.4910651829542204
300.0,742.6499049729051,3.8284359,39.697975,0.4913585540190533
300.0,742.650965069858,3.8286765,39.760387,0.4916519225518593
300.0,742.6439212477501,3.8285561,39.810329,0.4919452912529245
300.0,742.6545168104973,3.8285561,39.810329,0.4922386611887704
300.0,742.6433298075643,3.828917,39.810329,0.4925320296561974
300.0,742.6484950616407,3.828877,39.847767,0.4928253972132789
300.0,742.6421717689022,3.8290775,39.822796,0.4931187652232426
300.0,742.6393761155165,3.8289974,39.760387,0.4934121321288316
300.0,742.6495639997222,3.8288369,39.785358,0.4937055001081745
300.0,742.6447488569904,3.8293984,39.772892,0.4939988691361726
300.0,742.6537087732547,3.829278,39.685509,0.4942922387528204
300.0,742.6486952738419,3.8293984,39.785358,0.4945856093397825
300.0,742.6571077788691,3.8293984,39.797863,0.4948789802991356
300.0,742.6483389525221,3.8295989,39.810329,0.495172350745339
300.0,742.6557964313952,3.8295186,39.785358,0.4954657211866721
300.0,742.642260428195,3.829679,39.772892,0.4957590892316591
300.0,742.6495449813344,3.829639,39.810329,0.4960524572034892
300.0,742.6471297904221,3.8297994,39.760387,0.496345827172034
300.0,742.6514864229704,3.8298395,39.822796,0.4966391959107895
300.0,742.633322688693,3.8299999,39.810329,0.4969325604250764
300.0,742.6425593161456,3.8299599,39.747921,0.4972259285881339
300.0,742.653938083806,3.8301203,39.785358,0.4975192982953661
300.0,742.6418269951558,3.8303609,39.772892,0.4978126661691329
300.0,742.6457126363425,3.8303609,39.772892,0.4981060326270763
300.0,742.6413045488047,3.8302004,39.785358,0.4983994002944596
300.0,742.650354397424,3.8305614,39.785358,0.4986927685860324
300.0,742.6428969243804,3.8304811,39.822796,0.4989861368824563
300.0,742.6484938530522,3.8306816,39.747921,0.4992795044390604
300.0,742.6386059766844,3.8306816,39.810329,0.4995728710404193
300.0,742.6424222502231,3.8307619,39.747921,0.4998662361985653
300.0,742.6401972910211,3.8307219,39.772892,0.5001596034285456
300.0,742.6427467877737,3.830842,39.772892,0.5004529687148933
300.0,742.6301652571809,3.8311629,39.797863,0.5007463319818911
300.0,742.6398604391186,3.8310025,39.72295,0.5010396990788039
300.0,742.6452807863162,3.831243,39.697975,0.501333065366154
300.0,742.6407066511456,3.8314035,39.847767,0.5016264327973482
300.0,742.6447966035444,3.8314035,39.8353,0.5019197988934322
300.0,742.6396114050483,3.8313634,39.785358,0.5022131658919682
300.0,742.645400610733,3.8316844,39.797863,0.5025065322266525
300.0,742.6375049080973,3.831604,39.797863,0.5027998983930532
300.0,742.648386491054,3.8317244,39.810329,0.5030932659072462
300.0,742.6358886198567,3.8317645,39.897713,0.50338663143516
300.0,742.6410276132739,3.8318045,39.772892,0.5036799960423842
300.0,742.6352765737088,3.8320854,39.810329,0.5039733613285198
300.0,742.6439933034533,3.8320854,39.772892,0.5042667271072772
300.0,742.6323169685193,3.8318448,39.797863,0.5045600912242716
300.0,742.6400194721022,3.8321655,39.810329,0.5048534583840074
300.0,742.6536194662114,3.8321655,39.785358,0.5051468279653765
300.0,742.6350213506466,3.832406,39.710484,0.5054401931506906
300.0,742.6465030338397,3.8323259,39.735455,0.5057335599208637
300.0,742.6432785020008,3.8324463,39.860271,0.5060269283680233
300.0,742.6532499454682,3.8325264,39.822796,0.506320297803421
300.0,742.6399305193623,3.8326869,39.822796,0.5066136649280176
300.0,742.6526066925063,3.833128,39.822796,0.5069070341093119
300.0,742.6415916448473,3.8328474,39.885246,0.5072004018901076
300.0,742.6521554324162,3.8329275,39.8353,0.5074937708931411
300.0,742.6482756223803,3.8329675,39.785358,0.507787141314327
300.0,742.6465152042409,3.8330078,39.822796,0.5080805080893079
300.0,742.6372118921583,3.8332484,39.760387,0.5083738741399576
300.0,742.6441506779576,3.8334088,39.747921,0.5086672429316553
300.0,742.6455151014802,3.8332884,39.8353,0.5089606093115667
300.0,742.6403760860507,3.833529,39.8353,0.5092539766121769
300.0,742.6464263733889,3.8336494,39.797863,0.509547343352067
300.0,742.6340096854063,3.8340104,39.822796,0.5098407081377401
300.0,742.645598622196,3.8338499,39.760387,0.5101340745506445
300.0,742.6380334579026,3.83389,39.8353,0.5104274409258397
300.0,742.6545299574282,3.83393,39.8353,0.510720810866879
300.0,742.6484288934461,3.8337698,39.872738,0.5110141813486121
300.0,742.6499523198909,3.8341305,39.772892,0.5113075494813527
300.0,742.6450151639222,3.8341305,39.822796,0.5116009186145507
300.0,742.6493800024435,3.8341305,39.847767,0.5118942865212094
300.0,742.6413366775794,3.8344915,39.822796,0.5121876542012846
300.0,742.6345894556467,3.8346519,39.872738,0.512481019215986
300.0,742.6482405675902,3.8348124,39.797863,0.512774386672535
300.0,742.6433799419996,3.8346519,39.810329,0.5130677551597668
300.0,742.6538228365143,3.8348124,39.810329,0.5133611248214729
300.0,742.6454999520465,3.8348525,39.872738,0.5136544941461781
300.0,742.6524420064516,3.8350933,39.822796,0.5139478632624166
300.0,742.6452587051701,3.835053,39.822796,0.5142412324918214
300.0,742.6425176974122,3.8351734,39.797863,0.5145345976876717
300.0,742.6298723265749,3.8352134,39.8353,0.5148279608389524
300.0,742.6392460483041,3.8352134,39.847767,0.5151213247424072
300.0,742.6348238906213,3.8353739,39.822796,0.515414689849718
300.0,742.6354265089079,3.8353739,39.797863,0.5157080522443447
300.0,742.6256710153056,3.8355744,39.847767,0.5160014137359696
300.0,742.629337392351,3.8358552,39.797863,0.5162947766759338
300.0,742.6396400571884,3.8357749,39.860271,0.5165881407350335
300.0,742.6331250457238,3.8358552,39.897713,0.5168815051712449
300.0,742.6388002579675,3.8359354,39.872738,0.5171748688985995
300.0,742.6353280137176,3.8358552,39.8353,0.5174682342050555
300.0,742.650493399641,3.8358552,39.847767,0.5177616025515382
300.0,742.6419035817809,3.8360958,39.8353,0.5180549704555593
300.0,742.6463687071783,3.8363764,39.847767,0.5183483371726695
300.0,742.636784952813,3.8362963,39.860271,0.5186417030546642
300.0,742.647005453489,3.836617,39.822796,0.5189350700233076
300.0,742.6366776907337,3.836617,39.810329,0.5192284358629303
300.0,742.6425879244721,3.8365369,39.972588,0.5195218010865225
300.0,742.6327304917658,3.8367774,39.860271,0.5198151653668721
300.0,742.6463434260671,3.8367374,39.860271,0.5201085320739955
300.0,742.6399238666669,3.8368177,39.822796,0.5204018991959642
300.0,742.6379057730097,3.8370583,39.847767,0.5206952655207197
300.0,742.6464643006832,3.8370984,39.860271,0.5209886322755921
300.0,742.6379377067668,3.8370583,39.8353,0.5212819986129624
300.0,742.6479601218316,3.8373389,39.860271,0.5215753659587273
300.0,742.6391347225305,3.8374994,39.872738,0.5218687327689582
300.0,742.649239461967,3.8376198,39.897713,0.5221621006200994
300.0,742.6363979799812,3.8376999,39.872738,0.5224554663492271
300.0,742.6432875624095,3.8377802,39.92268,0.5227488318491964
300.0,742.6294332294336,3.8379405,39.785358,0.5230421948270193
300.0,742.633261323677,3.8377802,39.910179,0.5233355563663353
300.0,742.6307629835602,3.8378603,39.8353,0.5236289198694548
300.0,742.6372903864141,3.8379004,39.822796,0.5239222830003667
300.0,742.6274283067221,3.8379405,39.8353,0.5242156451861794
300.0,742.6271161749758,3.8383014,39.8353,0.5245090072486899
300.0,742.6433641252484,3.8382614,39.797863,0.5248023727789036
300.0,742.636556963443,3.8384218,39.847767,0.5250957385708351
300.0,742.6441218926954,3.8384218,39.785358,0.5253891044003889
300.0,742.6475628209436,3.8386223,39.810329,0.525682474539995
300.0,742.6434790913682,3.8386624,39.822796,0.5259758401156237
300.0,742.6398283471783,3.8391838,39.822796,0.526269207199859
300.0,742.6553703552136,3.8388228,39.847767,0.5265625774728796
300.0,742.6413814526145,3.8390634,39.935146,0.5268559451706425
300.0,742.6411937520496,3.8391838,39.872738,0.5271493098434964
300.0,742.6469135561257,3.8391838,39.860271,0.5274426797266215
300.0,742.6585148176645,3.8392639,39.860271,0.5277360512417955
300.0,742.6452520524747,3.8395448,39.810329,0.5280294204685722
300.0,742.6440930976602,3.8395047,39.8353,0.5283227892375237
300.0,742.6520407963765,3.8394244,39.797863,0.5286161581952727
300.0,742.6469261289222,3.8397853,39.860271,0.5289095280833646
300.0,742.6552996757005,3.8398654,39.8353,0.5292028983284648
300.0,742.6438643390659,3.8401062,39.8353,0.5294962670070492
300.0,742.6526898475349,3.8399458,39.897713,0.5297896362211921
300.0,742.6450794214715,3.8401463,39.947655,0.5300830053797739
300.0,742.6585526962551,3.8402667,39.8353,0.530376376909911
300.0,742.6503262964422,3.8404269,39.935146,0.5306697481411805
300.0,742.6525367703563,3.8405473,39.8353,0.5309631172948535
300.0,742.6502236480718,3.8405473,39.910179,0.5312564884855735
300.0,742.6527022129555,3.8404672,39.860271,0.5315498577046011
300.0,742.6386065997991,3.8409483,39.860271,0.531843224306206
300.0,742.6440361891805,3.8407078,39.847767,0.5321365930526769
300.0,742.6501180068273,3.8410287,39.872738,0.5324299612508686
300.0,742.6405980337662,3.8410687,39.847767,0.5327233286391553
300.0,742.6479089618632,3.8412292,39.847767,0.5330166959647106
300.0,742.6343343418599,3.8411889,39.885246,0.5333100608786336
300.0,742.6411167742061,3.8412693,39.8353,0.533603425521079
300.0,742.640649559108,3.8416302,39.92268,0.5338967929297199
300.0,742.6492656219959,3.8413894,39.897713,0.5341901607911951
300.0,742.6353272451072,3.8417907,39.8353,0.5344835260973474
300.0,742.6423650962201,3.8417504,39.860271,0.5347768912329159
300.0,742.6317954135598,3.8417103,39.872738,0.5350702551438791
300.0,742.6400603104124,3.8421917,39.910179,0.5353636193689908
300.0,742.630439499258,3.8419108,39.960121,0.5356569827443234
300.0,742.6389183783449,3.8420713,39.985092,0.5359503494690911
300.0,742.6438867233749,3.8422718,39.947655,0.5362437152057462
300.0,742.6302673194757,3.8424323,39.935146,0.5365370785130621
300.0,742.6339492305699,3.8426328,39.885246,0.5368304403241212
300.0,742.6237489903782,3.8427932,39.910179,0.5371238010564833
300.0,742.6331915969557,3.8425927,39.872738,0.5374171625682552
300.0,742.6302549296232,3.8429134,39.872738,0.5377105258706767
300.0,742.6330513006116,3.8430338,39.92268,0.5380038873270276
300.0,742.6241561420983,3.8432744,39.847767,0.538297248220228
300.0,742.6269726298109,3.8430338,39.822796,0.5385906072753287
300.0,742.6251868382224,3.8434749,39.860271,0.5388839685756879
300.0,742.636381116064,3.8432343,39.810329,0.5391773313474119
300.0,742.6343093663189,3.8434749,39.935146,0.5394706962514687
300.0,742.634252176875,3.8437157,39.872738,0.5397640611329338
300.0,742.6381829567138,3.8437958,39.885246,0.5400574246164368
300.0,742.6358881553344,3.8438759,39.935146,0.5403507901441671
300.0,742.6400097367302,3.8438358,39.872738,0.5406441543493008
300.0,742.6276823097483,3.8439562,39.910179,0.5409375166354531
300.0,742.6387938493375,3.8442369,39.92268,0.5412308803602761
300.0,742.6302611306885,3.8445578,39.947655,0.5415242436651473
300.0,742.6311986658852,3.8443172,39.92268,0.541817604389654
300.0,742.6237875649621,3.8446379,39.960121,0.5421109651372543
300.0,742.6368390528592,3.8446379,39.885246,0.5424043280898765
300.0,742.6216856704649,3.8445978,39.885246,0.5426976880071596
300.0,742.6365022714426,3.8446379,39.897713,0.5429910508267434
300.0,742.6223420391992,3.8449187,39.960121,0.5432844110033137
300.0,742.6192859983687,3.8451192,39.897713,0.5435777699726476
300.0,742.6300153097028,3.8452396,39.885246,0.5438711302296946
300.0,742.6213356965246,3.8453197,39.910179,0.5441644900087265
300.0,742.6270107893687,3.8452797,39.910179,0.5444578490789014
300.0,742.621967004385,3.8455203,39.897713,0.5447512091073206
300.0,742.6280350499859,3.8457208,39.885246,0.5450445685821078
300.0,742.6284401919454,3.8457208,39.897713,0.5453379311676484
300.0,742.6377048418507,3.8458812,39.897713,0.5456312944622822
300.0,742.6280959917918,3.8462422,39.872738,0.5459246569118524
300.0,742.6328862607387,3.8460417,39.897713,0.5462180183030078
300.0,742.630687801143,3.8460817,39.885246,0.5465113817764277
300.0,742.6352538395382,3.8461218,39.885246,0.5468047441028449
300.0,742.6371230251607,3.8464427,39.885246,0.5470981101183893
300.0,742.6313935232195,3.8464427,39.860271,0.5473914738705925
300.0,742.6356741173186,3.8466032,39.897713,0.5476848363630317
300.0,742.6344496246221,3.8467233,39.872738,0.5479782013224951
300.0,742.6342734875625,3.8467634,39.935146,0.5482715632616451
300.0,742.6246780635596,3.8468838,39.885246,0.5485649243610216
300.0,742.6365910415174,3.8471646,39.947655,0.5488582872156721
300.0,742.6364163388424,3.8471646,39.92268,0.5491516529520523
300.0,742.6397991646226,3.8474853,39.897713,0.5494450170740038
300.0,742.6270585821954,3.8472447,39.860271,0.5497383791137632
300.0,742.6358336154055,3.8474052,39.847767,0.5500317416692087
300.0,742.6296500131759,3.8475254,39.960121,0.5503251047326683
300.0,742.6373351129913,3.8479266,39.885246,0.5506184678812485
300.0,742.6213050443988,3.8478062,39.92268,0.5509118276481718
300.0,742.6254360433678,3.8478863,39.872738,0.5512051890469751
300.0,742.6319186404846,3.8481672,39.947655,0.5514985500558927
300.0,742.632463208314,3.8482873,39.910179,0.5517919142306565
300.0,742.6382903058196,3.8483677,39.885246,0.5520852777565655
300.0,742.627327148097,3.8487287,39.935146,0.5523786399024172
300.0,742.6350565115642,3.8484478,39.947655,0.5526720021508843
300.0,742.629242409621,3.8487287,39.92268,0.552965365053327
300.0,742.6327524960117,3.8489692,39.947655,0.5532587263916415
300.0,742.6283705508491,3.8489292,39.910179,0.5535520889496716
300.0,742.6406587152425,3.8490896,39.897713,0.5538454534111705
300.0,742.6355191018072,3.8492901,39.822796,0.5541388187931126
300.0,742.6372275318265,3.8492901,39.985092,0.5544321818991951
300.0,742.6259001524753,3.8495307,39.910179,0.5547255434813367
300.0,742.6327058092626,3.8494906,39.910179,0.5550189077519361
300.0,742.6417472829635,3.8497312,39.897713,0.5553122726434506
300.0,742.6313236623448,3.8496511,39.972588,0.5556056363680565
300.0,742.6392769819101,3.8498516,39.885246,0.5558990002837308
300.0,742.6268617076319,3.8498113,39.935146,0.5561923622457183
300.0,742.6425497534544,3.8502526,39.910179,0.5564857274542319
300.0,742.632508080551,3.8503327,39.872738,0.5567790916467218
300.0,742.6410976090933,3.8504531,39.910179,0.5570724562815964
300.0,742.6347742690023,3.8504131,39.947655,0.5573658213693051
300.0,742.6436955111948,3.8503327,39.947655,0.5576591870304259
300.0,742.6448949375789,3.8508542,39.947655,0.5579525561161306
300.0,742.6446436364606,3.8510146,39.92268,0.5582459221517881
300.0,742.6344177522556,3.8509343,39.947655,0.5585392870986611
300.0,742.6331769500503,3.8511348,39.960121,0.5588326515553764
300.0,742.6427778668769,3.8511751,39.972588,0.5591260168540012
300.0,742.6251992526311,3.8512151,39.947655,0.5594193781592645
300.0,742.6381309665313,3.8512952,39.960121,0.5597127416222298
300.0,742.6286882257581,3.8513353,39.92268,0.5600061043057518
300.0,742.6408757446837,3.8516562,39.960121,0.5602994688529837
300.0,742.6345251976883,3.8518567,39.972588,0.560592833842301
300.0,742.6413653474822,3.8521776,39.935146,0.56088619858294
300.0,742.6413434280905,3.8519771,39.972588,0.5611795662656819
300.0,742.6415111246303,3.8521776,39.935146,0.561472931063907
300.0,742.6321194350298,3.8524582,39.860271,0.5617662951028694
300.0,742.6394106735816,3.8522177,39.897713,0.5620596590713558
300.0,742.6301269760442,3.8524182,39.972588,0.5623530223232314
300.0,742.6282934640952,3.8523381,39.947655,0.5626463848508096
300.0,742.6352154972391,3.8527792,39.972588,0.5629397471620805
300.0,742.6355702246312,3.8527792,39.935146,0.5632331125642178
300.0,742.641365066515,3.8532202,39.960121,0.5635264773047458
300.0,742.6338068420386,3.8531802,39.860271,0.5638198420102891
300.0,742.6387177133723,3.8533006,39.92268,0.5641132057050363
300.0,742.6311583431676,3.8533807,39.872738,0.5644065693643358
300.0,742.6434218405718,3.8533807,39.947655,0.5646999349173488
300.0,742.6358878133888,3.8535411,39.997559,0.564993300444944
300.0,742.6414225988926,3.8537416,39.972588,0.5652866652081989
300.0,742.6361238475886,3.8536212,39.92268,0.5655800308290354
300.0,742.6329366516796,3.8540223,39.972588,0.5658733922400967
300.0,742.6309353706381,3.8542631,39.860271,0.5661667558113147
300.0,742.630394772926,3.8541427,40.010063,0.5664601191689788
300.0,742.6343185194588,3.8543031,39.997559,0.5667534811259176
300.0,742.6311586730399,3.8543832,39.972588,0.5670468447853474
300.0,742.6401868498015,3.854624,39.885246,0.5673402090604458
300.0,742.6296306524199,3.8547041,39.92268,0.5676335721162573
300.0,742.634612185613,3.8548646,39.910179,0.5679269341892027
300.0,742.6253653285498,3.8550251,39.972588,0.5682202955600714
300.0,742.6328796323281,3.8552256,39.92268,0.5685136569486083
300.0,742.6255055131844,3.8550251,39.92268,0.5688070183748546
300.0,742.6397861513199,3.855386,40.02253,0.5691003824916656
300.0,742.6267660180914,3.8556266,39.935146,0.5693937444158526
300.0,742.6436761991523,3.8556266,39.972588,0.5696871100693446
300.0,742.632928220682,3.8558271,39.935146,0.5699804744278036
300.0,742.6325848505294,3.8557067,39.947655,0.5702738386506202
300.0,742.6389335346344,3.8559473,39.960121,0.5705672024306231
300.0,742.6340353444294,3.8562682,39.872738,0.5708605672264323
300.0,742.6345032616176,3.8563082,39.92268,0.5711539292563497
300.0,742.6344556427434,3.8562281,39.92268,0.5714472942181905
300.0,742.6339047962149,3.8565891,39.960121,0.5717406560116968
300.0,742.6298410400794,3.8565891,39.885246,0.5720340191506182
300.0,742.6390482568264,3.8567495,39.947655,0.5723273829759397
300.0,742.6320939474912,3.8567896,39.935146,0.5726207470048335
300.0,742.6403790624538,3.8571506,39.960121,0.5729141113558615
300.0,742.6342329382862,3.8571906,39.972588,0.5732074762297268
300.0,742.645261278845,3.8571906,39.960121,0.573500842509371
300.0,742.6407768905956,3.8574312,39.960121,0.573794209968312
300.0,742.6434916039232,3.8575516,39.947655,0.5740875755488836
300.0,742.637689380121,3.8575516,39.947655,0.5743809417881567
300.0,742.6360537675495,3.8576717,39.947655,0.5746743073813093
300.0,742.6327080491739,3.8577521,39.960121,0.574967668702066
300.0,742.6328326400075,3.858073,39.972588,0.5752610330227675
300.0,742.6353563178643,3.8579526,39.935146,0.5755543953896667
300.0,742.6366706956832,3.8581531,40.02253,0.5758477612265261
300.0,742.6422309158746,3.8586345,39.997559,0.5761411263090895
300.0,742.6312474301483,3.858474,39.935146,0.5764344900035813
300.0,742.6452165518585,3.8586345,40.010063,0.5767278562655569
300.0,742.6335070753838,3.8586745,39.985092,0.5770212208526826
300.0,742.6439179614813,3.8589952,39.985092,0.5773145866016777
300.0,742.6429093754188,3.8589952,39.972588,0.5776079549030202
300.0,742.6456751850347,3.859236,39.997559,0.5779013213461692
300.0,742.6445123830291,3.8591557,39.972588,0.5781946902807522
300.0,742.6376828737397,3.8594365,39.985092,0.5784880565174552
300.0,742.651983776411,3.8596771,39.985092,0.5787814254526796
300.0,742.6429475102412,3.859637,39.985092,0.5790747937690867
300.0,742.6485837087284,3.8597975,40.034996,0.5793681613611863
300.0,742.6374031388402,3.8601985,39.947655,0.5796615274873848
300.0,742.6452993407909,3.8598375,39.960121,0.5799548937820646
300.0,742.640287170759,3.8601582,39.947655,0.5802482610475501
300.0,742.6457641990373,3.8605595,40.010063,0.5805416275258622
300.0,742.6412477011019,3.8605995,39.985092,0.580834995170789
300.0,742.6442419743415,3.8606796,40.010063,0.5811283610477784
300.0,742.6383385837528,3.8608,39.947655,0.5814217275435083
300.0,742.6378513266349,3.86076,40.010063,0.5817150908960078
300.0,742.6398100124641,3.861161,39.935146,0.5820084579730003
300.0,742.6436667814295,3.861201,40.02253,0.582301826573543
300.0,742.6535558425963,3.8614016,39.935146,0.5825951961297788
300.0,742.6352451288255,3.8616421,39.947655,0.5828885614034927
300.0,742.647203282006,3.8616421,40.034996,0.583181928450284
300.0,742.6344494660298,3.8616021,39.935146,0.5834752934096848
300.0,742.6455031500411,3.861963,39.910179,0.5837686597848751
300.0,742.6403689209482,3.861923,40.010063,0.5840620270826548
300.0,742.649443699114,3.8621235,40.010063,0.5843553950144754
300.0,742.645639673182,3.8621635,40.047501,0.5846487643943751
300.0,742.6427277200684,3.8622437,39.972588,0.5849421296731905
300.0,742.636377496391,3.8626046,39.997559,0.5852354953942266
300.0,742.646011600355,3.8628051,39.972588,0.5855288619702694
300.0,742.6367727710747,3.862725,39.985092,0.585822227847452
300.0,742.6384658898656,3.8630056,40.010063,0.5861155943934719
300.0,742.6431609867996,3.8632061,40.02253,0.5864089598434402
300.0,742.6329284038305,3.8632464,39.985092,0.5867023242019715
300.0,742.6385199092072,3.863447,39.947655,0.5869956878185805
300.0,742.6386638995415,3.863487,39.997559,0.5872890544428208
300.0,742.6481827427857,3.8637676,40.034996,0.5875824218765274
300.0,742.6426740001448,3.8636875,39.972588,0.5878757900848889
300.0,742.6469609466923,3.8639681,39.985092,0.5881691570359509
300.0,742.6446469770257,3.8642089,39.960121,0.588462526023703
300.0,742.6412253566617,3.864249,40.02253,0.5887558907090416
300.0,742.6342067054655,3.8640084,39.997559,0.5890492555725441
300.0,742.6387364393331,3.8644094,40.034996,0.5893426192746886
300.0,742.631272356372,3.8644896,39.935146,0.5896359829790269
300.0,742.6358500941807,3.8646901,40.010063,0.5899293484917218
300.0,742.6409833993133,3.8648105,40.02253,0.5902227130814802
300.0,742.6321192885109,3.865051,39.997559,0.5905160771203846
300.0,742.6442175480007,3.8651311,39.997559,0.590809442987725
300.0,742.636429266272,3.8649306,40.034996,0.5911028087292118
300.0,742.6416449994522,3.865412,39.960121,0.5913961735803215
300.0,742.6342522746907,3.8655725,40.047501,0.5916895384618253
300.0,742.6455282602801,3.8656926,39.972588,0.5919829048469348
300.0,742.6385290980447,3.865773,40.02253,0.592276271417924
300.0,742.6467319410507,3.8658531,39.997559,0.5925696382785222
300.0,742.6339969898286,3.866174,39.997559,0.5928630030591802
300.0,742.6468145589062,3.8663745,39.960121,0.5931563699524147
300.0,742.635334227675,3.8662541,40.034996,0.5934497352613254
300.0,742.639420450995,3.8663745,39.997559,0.5937431021844283
300.0,742.6432304088158,3.8667755,40.02253,0.5940364676618203
300.0,742.6365689262215,3.8668156,39.972588,0.5943298334584775
300.0,742.6400411457089,3.866936,39.972588,0.5946231976760186
300.0,742.6314317795953,3.8668959,39.997559,0.5949165614433344
300.0,742.639990022166,3.8672969,39.947655,0.5952099256406802
300.0,742.6235452196031,3.8672969,39.997559,0.5955032862925461
300.0,742.6314545633392,3.8678584,39.985092,0.5957966471181398
300.0,742.6251496312167,3.867698,40.034996,0.596090008403801
300.0,742.6402709080996,3.8675776,39.997559,0.5963833727121048
300.0,742.6218645141977,3.867698,39.985092,0.5966767327000371
300.0,742.6318996708006,3.8682194,39.972588,0.596970093701461
300.0,742.6218130373544,3.8682594,39.985092,0.5972634536690582
300.0,742.6182039604607,3.8684599,40.034996,0.5975568122109517
300.0,742.62998995615,3.86854,39.972588,0.5978501724579832
300.0,742.6169182236046,3.8688209,40.034996,0.5981435304919684
300.0,742.6240444648132,3.8688209,39.947655,0.5984368883903597
300.0,742.607950248205,3.868861,39.997559,0.5987302428817005
300.0,742.623420608409,3.8691819,40.010063,0.5990236005336504
300.0,742.6147732875382,3.869262,40.034996,0.5993169577203157
300.0,742.6168315107016,3.8694224,40.072475,0.5996103127693821
300.0,742.610024176006,3.8695426,40.059967,0.5999036680799925
300.0,742.6264696733977,3.8695025,40.084942,0.600197026936411
300.0,742.6086685305952,3.8697433,40.084942,0.6004903817114969
300.0,742.6182442623597,3.8697834,40.084942,0.600783737318641
300.0,742.6189494767477,3.8701844,40.047501,0.6010770961550378
300.0,742.6072685370185,3.870425,40.059967,0.6013704503770805
300.0,742.6193332698466,3.8703449,39.985092,0.6016638064144139
300.0,742.6166000612541,3.870425,39.972588,0.6019571643227145
300.0,742.6224975080484,3.8707459,40.072475,0.6022505216100132
300.0,742.6154096124438,3.8706656,40.034996,0.6025438790480476
300.0,742.6233250765,3.871227,39.985092,0.6028372366622596
300.0,742.6219667717147,3.8712671,40.059967,0.603130596690587
300.0,742.630772919579,3.8711469,40.059967,0.6034239572469117
300.0,742.6211007728809,3.8714275,40.047501,0.603717316933141
300.0,742.625228601892,3.8714678,40.072475,0.6040106752993005
300.0,742.6195217638823,3.871628,40.02253,0.6043040343617695
300.0,742.6274687756861,3.8716683,40.059967,0.6045973936128621
300.0,742.6190890755112,3.8721094,39.997559,0.604890752504405
300.0,742.6122460287742,3.871949,40.097408,0.6051841086927202
300.0,742.628531854589,3.8720694,40.059967,0.6054774683637596
300.0,742.6175361775753,3.8725104,40.034996,0.605770826641857
300.0,742.6261508728571,3.8726709,40.010063,0.60606418537234
300.0,742.6179241518926,3.8725905,39.947655,0.6063575438036999
300.0,742.6272651851932,3.8729918,40.047501,0.6066509029743685
300.0,742.613964587833,3.8729115,40.010063,0.6069442598415707
300.0,742.6279199494192,3.8731923,40.047501,0.60723761927089
300.0,742.6157404949282,3.8732724,40.072475,0.6075309768396339
300.0,742.6256166169463,3.8733125,39.947655,0.6078243353590704
300.0,742.6203432444983,3.873553,40.072475,0.6081176947460512
300.0,742.6250943971945,3.8735933,40.010063,0.608411053059196
300.0,742.6133152133307,3.8737938,40.02253,0.6087044096698739
300.0,742.6141114617928,3.8741145,40.047501,0.6089977665950963
300.0,742.6227583249857,3.873914,40.010063,0.6092911239854252
300.0,742.6175041101912,3.8740745,39.997559,0.6095844822508548
300.0,742.6232170919949,3.8745558,40.059967,0.6098778398224098
300.0,742.6139512451983,3.8747163,40.034996,0.6101711966843414
300.0,742.6275193248118,3.8747163,40.010063,0.6104645559554024
300.0,742.6232840391963,3.8748364,40.109909,0.6107579165040935
300.0,742.6331276438746,3.8753178,40.047501,0.6110512779906022
300.0,742.6199679776275,3.8753178,40.047501,0.6113446372293403
300.0,742.6290860084191,3.8753979,40.02253,0.6116379971192865
300.0,742.6244874512473,3.8757188,40.047501,0.6119313581433649
300.0,742.6281239305648,3.8755984,39.972588,0.6122247176532626
300.0,742.6181091359139,3.8760395,40.034996,0.6125180761576973
300.0,742.6113678344915,3.8757989,40.047501,0.6128114319990967
300.0,742.6235545452361,3.8761599,39.985092,0.6131047897039555
300.0,742.6119024879557,3.8761199,40.02253,0.6133981457565608
300.0,742.6268258395029,3.8763204,40.047501,0.6136915047536751
300.0,742.6235449511215,3.8765209,40.047501,0.6139848654054351
300.0,742.6347900918589,3.8768818,40.072475,0.6142782275486586
300.0,742.622844856722,3.8769219,40.084942,0.6145715879238582
300.0,742.6282021045141,3.8772829,40.034996,0.6148649474646369
300.0,742.6232261533783,3.8770423,39.985092,0.6151583079904612
300.0,742.6354324540342,3.8774033,40.034996,0.6154516703874363
300.0,742.6254867876165,3.8776438,40.084942,0.6157450318062854
300.0,742.62996410144,3.8775635,39.960121,0.6160383920431036
300.0,742.6269061777605,3.8776038,40.010063,0.6163317540226583
300.0,742.6272945185797,3.8778443,40.072475,0.6166251161556202
300.0,742.6364820325973,3.8781652,40.059967,0.6169184789672091
300.0,742.6240281758318,3.8783255,40.010063,0.6172118398098586
300.0,742.6446501672592,3.8783658,40.034996,0.6175052058480961
300.0,742.620884367714,3.8784859,40.034996,0.6177985654488384
300.0,742.6390863431241,3.8786864,40.059967,0.618091929289205
300.0,742.6292867213618,3.8788869,40.084942,0.6183852922091524
300.0,742.6311803553383,3.8789272,40.059967,0.618678652926426
300.0,742.6269762584135,3.8788869,40.122375,0.6189720149336647
300.0,742.6346302033238,3.8793683,40.072475,0.6192653770137277
300.0,742.6337940001466,3.8795288,40.047501,0.619558741714198
300.0,742.6413906400531,3.8795288,40.072475,0.6198521064648284
300.0,742.6388608958631,3.8795688,40.034996,0.6201454731668886
300.0,742.6339276178278,3.8797693,40.097408,0.6204388379201423
300.0,742.6336946634638,3.8799298,40.02253,0.6207321996306401
300.0,742.6255561236015,3.8802104,40.072475,0.6210255610768791
300.0,742.633148139335,3.8802907,40.034996,0.621318922571484
300.0,742.6309866770201,3.8804913,40.010063,0.6216122861629697
300.0,742.6453942753632,3.8804913,40.084942,0.6219056524951514
300.0,742.6345577782978,3.8808923,40.097408,0.6221990174973391
300.0,742.6359864971555,3.8807719,40.122375,0.6224923801131772
300.0,742.6277790376085,3.8810527,40.047501,0.6227857424375401
300.0,742.6347196693704,3.8811729,40.072475,0.6230791045529448
300.0,742.6251427094256,3.8814938,40.010063,0.6233724658358716
300.0,742.6332870199975,3.8817344,40.02253,0.6236658273853384
300.0,742.6194640859738,3.8816943,40.059967,0.6239591864250228
300.0,742.6228880446054,3.8819749,40.059967,0.624252546817283
300.0,742.6327021535698,3.8822157,39.972588,0.6245459081357108
300.0,742.6216540170583,3.8821754,40.059967,0.6248392680404897
300.0,742.6278694737583,3.8823762,40.084942,0.6251326274498697
300.0,742.6202218462083,3.8825364,40.109909,0.6254259867888942
300.0,742.6277365742384,3.8826568,40.134884,0.625719346145775
300.0,742.6187576443995,3.8830178,40.02253,0.6260127049063918
300.0,742.6364573248801,3.8831782,40.072475,0.6263060677082204
300.0,742.6293050804277,3.8832183,40.097408,0.6265994306354202
300.0,742.6308235178177,3.8832183,40.072475,0.6268927912117328
300.0,742.6200188683952,3.8834989,40.059967,0.6271861504705744
300.0,742.6252147958239,3.8837798,40.059967,0.62747950883128
300.0,742.6219728514312,3.8838198,39.985092,0.627772868862009
300.0,742.6188602070278,3.8840604,40.047501,0.6280662276631414
300.0,742.6333954798754,3.8840203,40.072475,0.628359589255453
300.0,742.6195727035578,3.8842609,40.084942,0.6286529483380449
300.0,742.6349620531832,3.8842609,40.047501,0.628946310549198
300.0,742.626078911489,3.8846219,40.047501,0.6292396722019554
300.0,742.629410069983,3.8848224,40.034996,0.6295330322199153
300.0,742.6270774420041,3.8849828,40.034996,0.629826394267125
300.0,742.6326888597092,3.8850229,40.02253,0.6301197555803012
300.0,742.622055468251,3.8851032,40.122375,0.6304131156436665
300.0,742.6254767235333,3.8854239,40.097408,0.6307064741078412
300.0,742.6194135858551,3.8856244,40.059967,0.6309998331275763
300.0,742.620351927696,3.8857849,40.047501,0.631293189567309
300.0,742.6258750913967,3.8856647,40.097408,0.6315865511395506
300.0,742.6297223763552,3.8860257,40.109909,0.6318799112808805
300.0,742.6177016185105,3.8861058,40.047501,0.6321732696243324
300.0,742.6181092341388,3.8864667,40.109909,0.6324666281288059
300.0,742.6295821411976,3.8863864,40.059967,0.6327599882147389
300.0,742.6161417017863,3.8865469,40.109909,0.6330533459419725
300.0,742.6270744983175,3.8869882,40.047501,0.6333467050373143
300.0,742.6142831895356,3.8871083,40.097408,0.6336400620303746
300.0,742.6244131803081,3.8869479,40.109909,0.6339334200744191
300.0,742.6249972147082,3.8872688,40.072475,0.6342267812998706
300.0,742.6345986113993,3.8876297,40.109909,0.634520143367454
300.0,742.6302608132991,3.8877099,40.047501,0.6348135066721996
300.0,742.6352162171536,3.8878703,40.072475,0.6351068689837549
300.0,742.6303441502307,3.8879507,40.109909,0.6354002323214214
300.0,742.6393344772483,3.8878703,40.02253,0.6356935962598081
300.0,742.6373522476633,3.8882313,40.034996,0.635986962365903
300.0,742.635346764251,3.8883917,40.109909,0.6362803276797661
300.0,742.6380358614961,3.8885522,40.02253,0.6365736911051622
300.0,742.6316483310765,3.8888328,40.059967,0.6368670549580229
300.0,742.6321729998837,3.8887126,40.059967,0.6371604160674196
300.0,742.6281032551193,3.8891938,40.097408,0.6374537785198591
300.0,742.6329747259038,3.8894746,40.084942,0.6377471399459608
300.0,742.6255560376546,3.8893943,40.122375,0.6380405013921658
300.0,742.6305120776758,3.8897552,40.02253,0.6383338618454505
300.0,742.6209160935616,3.8899558,40.159855,0.6386272214587254
300.0,742.6345225859383,3.8897953,40.122375,0.6389205834962765
300.0,742.6303181736135,3.8901563,40.097408,0.6392139468236813
300.0,742.6339742671394,3.8902366,40.072475,0.6395073086446306
300.0,742.631915846994,3.8902366,40.084942,0.6398006726031689
300.0,742.6311140811532,3.8904772,40.109909,0.6400940362449833
300.0,742.6365851457088,3.8905172,40.122375,0.6403873990973048
300.0,742.6328521341857,3.8906777,40.059967,0.6406807634257072
300.0,742.6381949323,3.8910787,40.047501,0.6409741269139408
300.0,742.6287648363256,3.8913996,40.02253,0.6412674896277266
300.0,742.6317275633652,3.8913593,40.134884,0.6415608505611631
300.0,742.6232970390668,3.8918006,40.084942,0.6418542111149896
300.0,742.6330259225022,3.8919208,40.072475,0.6421475725613154
300.0,742.620222126968,3.8920012,40.072475,0.6424409319004508
300.0,742.6310273395509,3.8919208,40.159855,0.6427342925572788
300.0,742.6211518709441,3.8923621,40.047501,0.6430276522636935
300.0,742.6341271488893,3.8926427,40.084942,0.6433210141450355
300.0,742.6228510086748,3.8924823,40.084942,0.6436143745226653
300.0,742.6221760488181,3.8929636,40.047501,0.643907734633664
300.0,742.6293657461323,3.8927631,40.109909,0.6442010946341147
300.0,742.6167716301998,3.8929636,40.109909,0.6444944526101907
300.0,742.6321731832388,3.8931642,40.109909,0.6447878137196599
300.0,742.6204573186841,3.8934851,40.172321,0.6450811731517038
300.0,742.6330326972286,3.8936052,40.084942,0.6453745346007058
300.0,742.6206873347627,3.8938057,40.084942,0.6456678941236135
300.0,742.6223387793981,3.8939662,40.122375,0.6459612513482098
300.0,742.6188722676219,3.8940463,40.122375,0.6462546101541065
300.0,742.6336367529162,3.8942471,40.122375,0.646547971841728
300.0,742.6289051678882,3.8943672,40.172321,0.6468413346109492
300.0,742.6392012609496,3.8945277,40.109909,0.6471346984967117
300.0,742.6314897626152,3.8944876,40.097408,0.6474280622869326
300.0,742.6370783231804,3.8949687,40.122375,0.6477214282848183
300.0,742.6475845949803,3.8950491,40.097408,0.6480147954822393
300.0,742.6399429464585,3.8951292,40.097408,0.6483081626117451
300.0,742.6450961534338,3.8955703,40.134884,0.6486015288261598
300.0,742.6332588831833,3.8955703,40.097408,0.6488948933152415
300.0,742.6425238617052,3.8958511,40.122375,0.649188258513527
300.0,742.6350866944003,3.8958511,40.097408,0.649481623724654
300.0,742.6404488382881,3.896172,40.122375,0.6497749881032454
300.0,742.6346205954187,3.8964126,40.14735,0.650068353130248
300.0,742.6358393896596,3.8966131,40.084942,0.6503617156879744
300.0,742.6197321020201,3.8964927,40.097408,0.6506550748335339
300.0,742.6266921844615,3.8968136,40.072475,0.6509484337778506
300.0,742.6233985161045,3.8970542,40.059967,0.6512417943717639
300.0,742.621915319837,3.8972147,40.109909,0.6515351543797661
300.0,742.628468219105,3.8973351,40.109909,0.6518285140256677
300.0,742.6254541096006,3.8973751,40.097408,0.6521218754316077
300.0,742.625266151221,3.8975756,40.109909,0.6524152338126002
300.0,742.6190319224924,3.8977361,40.097408,0.6527085926815659
300.0,742.6255846585161,3.8980167,40.097408,0.653001951188378
300.0,742.616116055246,3.8980167,40.14735,0.6532953089054804
300.0,742.6266925986477,3.8982573,40.047501,0.6535886678499607
300.0,742.6257158885658,3.8981771,40.084942,0.6538820293593122
300.0,742.6268135467286,3.8985782,40.072475,0.6541753883515705
300.0,742.6221259023093,3.8989391,40.109909,0.6544687484427596
300.0,742.6320074594677,3.8990996,40.122375,0.6547621094867632
300.0,742.6307445150144,3.8991396,40.072475,0.6550554729825868
300.0,742.6215783952889,3.8993001,40.084942,0.6553488328574927
300.0,742.6331150461905,3.8994606,40.109909,0.6556421943390249
300.0,742.6223292095854,3.8996611,40.134884,0.6559355545105271
300.0,742.6337518414093,3.9000621,40.159855,0.6562289162436118
300.0,742.6229846998201,3.8999417,40.084942,0.656522276674054
300.0,742.6357829195548,3.8999817,40.122375,0.6568156392094732
300.0,742.6159766631642,3.9001825,40.172321,0.6571089968715111
300.0,742.6394936575333,3.900784,40.122375,0.6574023608727787
300.0,742.6236781413194,3.9007437,40.084942,0.6576957215771531
300.0,742.6316389025668,3.9008641,40.072475,0.657989082475566
300.0,742.6231503243133,3.9007437,40.184788,0.6582824429714353
300.0,742.6289779019502,3.9013855,40.097408,0.6585758028186764
300.0,742.6247222647972,3.9014657,40.109909,0.6588691639355139
300.0,742.6241177997755,3.901546,40.072475,0.6591625248135677
300.0,742.6317470579443,3.901907,40.072475,0.6594558857547052
300.0,742.627103906472,3.901907,40.14735,0.6597492478123692
300.0,742.6299458275232,3.9021475,40.109909,0.6600426080419687
300.0,742.6270019538617,3.902308,40.109909,0.6603359700593581
300.0,742.6345035180283,3.902348,40.184788,0.6606293320893767
300.0,742.6286630056778,3.9025486,40.097408,0.660922694762936
300.0,742.6292258774803,3.9029095,40.14735,0.6612160547081345
300.0,742.6282300001219,3.9028695,40.134884,0.6615094172106424
300.0,742.6321851584158,3.9031901,40.097408,0.6618027783248421
300.0,742.6196432110802,3.9034309,40.109909,0.6620961374352867
300.0,742.6382654646789,3.903471,40.072475,0.6623895009513827
300.0,742.631794668687,3.903832,40.14735,0.6626828648620515
300.0,742.6296493045237,3.903872,40.109909,0.6629762279252313
300.0,742.6449238628479,3.9040725,40.14735,0.6632695940715864
300.0,742.6292549466064,3.9043131,40.172321,0.6635629569789817
300.0,742.6326694261122,3.9043934,40.109909,0.6638563182844811
300.0,742.6290510411811,3.9047542,40.109909,0.6641496811113272
300.0,742.6437016390622,3.9047542,40.109909,0.6644430467748687
300.0,742.6314257862349,3.905035,40.134884,0.6647364105398169
300.0,742.6421932079515,3.9051554,40.097408,0.6650297756074846
300.0,742.6389248726526,3.905396,40.084942,0.6653231423348178
300.0,742.6457644067443,3.905436,40.109909,0.665616508813212
300.0,742.63909002055,3.9058771,40.134884,0.6659098756057841
300.0,742.6424343473641,3.9059174,40.084942,0.6662032407687088
300.0,742.6334942210091,3.9060776,40.184788,0.6664966053507566
300.0,742.6356655734538,3.9063585,40.109909,0.6667899707905598
300.0,742.6373991393327,3.9065189,40.122375,0.6670833339644322
300.0,742.6355058451193,3.9065189,40.159855,0.6673766993411375
300.0,742.6461585007578,3.9067194,40.159855,0.6676700659752102
300.0,742.6312725035049,3.9070401,40.134884,0.6679634296796066
300.0,742.6391376735554,3.9070001,40.14735,0.6682567935402502
300.0,742.6353149279004,3.907361,40.109909,0.6685501588415369
300.0,742.6455090466683,3.9074814,40.072475,0.6688435252190565
300.0,742.6348825204935,3.9078021,40.14735,0.6691368903495281
300.0,742.6396526550772,3.9078825,40.134884,0.6694302544136043
300.0,742.6330615938239,3.908083,40.109909,0.6697236188247501
300.0,742.6380422339053,3.9082031,40.134884,0.6700169822526635
300.0,742.6304835535675,3.9084036,40.084942,0.6703103456453988
300.0,742.6259708677026,3.9082835,40.134884,0.6706037072554754
300.0,742.6332681960154,3.9086845,40.097408,0.6708970687975062
300.0,742.6319345482102,3.9087646,40.134884,0.671190432763432
300.0,742.6343186418319,3.908885,40.184788,0.6714837947204192
300.0,742.6274413319674,3.9089251,40.097408,0.6717771569113773
300.0,742.6355849326484,3.909246,40.122375,0.6720705193685859
300.0,742.6237992832013,3.909647,40.14735,0.6723638801208153
300.0,742.637552545773,3.9099679,40.109909,0.6726572433552878
300.0,742.6258049139511,3.9101284,40.172321,0.6729506048998071
300.0,742.6401493248242,3.9102485,40.059967,0.6732439691600821
300.0,742.6330609711184,3.910409,40.122375,0.6735373335709819
300.0,742.6388448380244,3.9106095,40.109909,0.673830697315947
300.0,742.6360537067727,3.9109304,40.084942,0.6741240629090756
300.0,742.6331694546662,3.91081,40.159855,0.67441742736283
300.0,742.6407287591517,3.9110909,40.14735,0.6747107918519982
300.0,742.6295732554757,3.911171,40.109909,0.6750041548851361
300.0,742.641619804084,3.9116521,40.159855,0.6752975197262927
300.0,742.6361043292634,3.9116924,40.109909,0.6755908853394188
300.0,742.6408496337677,3.9120131,40.172321,0.6758842498763361
300.0,742.6321129047062,3.9120934,40.159855,0.6761776139127186
300.0,742.6416828782476,3.9120533,40.14735,0.6764709787787914
300.0,742.6336348943128,3.912334,40.172321,0.6767643434164097
300.0,742.6371190471875,3.9125745,40.172321,0.6770577064796377
300.0,742.6327116321618,3.9128954,40.122375,0.6773510707525372
300.0,742.6498504638672,3.9130158,40.109909,0.6776444388450417
300.0,742.63181405359,3.9130158,40.134884,0.6779378027633682
300.0,742.6345767969034,3.913537,40.134884,0.678231167773069
300.0,742.6454261236985,3.913497,40.184788,0.6785245341178316
300.0,742.6354294782726,3.9137375,40.109909,0.6788178994643694
300.0,742.6416834033472,3.9138179,40.134884,0.6791112643306497
300.0,742.6273007194403,3.914299,40.172321,0.6794046264660613
300.0,742.628111735198,3.9144995,40.134884,0.6796979859711414
300.0,742.6310755802382,3.914299,40.14735,0.6799913495977468
300.0,742.6442679025163,3.9145398,40.097408,0.6802847154849786
300.0,742.6335520210849,3.9148204,40.14735,0.6805780800898593
300.0,742.6465529117547,3.915061,40.122375,0.6808714468797357
300.0,742.6373332542279,3.9152215,40.122375,0.6811648129783274
300.0,742.6413524565527,3.9155824,40.159855,0.6814581777138742
300.0,742.6356653413974,3.9156225,40.184788,0.6817515431535857
300.0,742.6400508557995,3.9157829,40.134884,0.6820449103257192
300.0,742.6425170382752,3.9160638,40.134884,0.6823382755213092
300.0,742.6416682189896,3.9161439,40.159855,0.6826316433323543
300.0,742.6426194189892,3.9162643,40.184788,0.6829250085683876
300.0,742.6331127409995,3.9164648,40.209759,0.6832183729997382
300.0,742.6373931334291,3.916625,40.084942,0.6835117361712382
300.0,742.640847019338,3.9170263,40.14735,0.6838051036578824
300.0,742.6466875193832,3.9170663,40.134884,0.6840984705009326
300.0,742.6291148839344,3.9171464,40.172321,0.6843918333529987
300.0,742.6411101824256,3.9176679,40.134884,0.6846851979928401
300.0,742.6312927294592,3.9177079,40.184788,0.6849785617052265
300.0,742.6394110646437,3.9178684,40.159855,0.6852719256738675
300.0,742.627427599093,3.9181089,40.122375,0.6855652878594006
300.0,742.6348151892058,3.9182694,40.23473,0.6858586500125384
300.0,742.6247995351091,3.91851,40.159855,0.6861520111599001
300.0,742.6234561453099,3.9185903,40.159855,0.6864453717765788
300.0,742.6384815546298,3.9187508,40.184788,0.6867387353780365
300.0,742.6333547077832,3.9189913,40.172321,0.6870320999049719
300.0,742.6425942968813,3.919312,40.122375,0.6873254651310814
300.0,742.6401719000703,3.9196329,40.122375,0.6876188323510314
300.0,742.6455410413192,3.9195929,40.159855,0.6879121987411898
300.0,742.6401281629456,3.9199538,40.159855,0.6882055659438622
300.0,742.6422882041197,3.920074,40.159855,0.6884989310490561
300.0,742.6276765965337,3.9201944,40.14735,0.6887922933329514
300.0,742.6303528118524,3.9201944,40.134884,0.6890856537233214
300.0,742.6235198534132,3.9206355,40.172321,0.6893790143651669
300.0,742.6390801299228,3.9207559,40.122375,0.6896723782030791
300.0,742.6259705503131,3.9210365,40.197292,0.6899657398130303
300.0,742.6287843916897,3.9208763,40.209759,0.690259102534541
300.0,742.63381557471,3.9211569,40.172321,0.6905524642928021
300.0,742.6311648620316,3.921598,40.197292,0.6908458279546767
300.0,742.6377623981708,3.9218788,40.172321,0.6911391912720469
300.0,742.6320439229451,3.9217985,40.184788,0.6914325552811794
300.0,742.6397222473516,3.9221594,40.159855,0.6917259193727465
300.0,742.6366453299025,3.9223199,40.14735,0.6920192851995857
300.0,742.6379220053295,3.9226007,40.109909,0.6923126485800053
300.0,742.6307888019943,3.9226809,40.14735,0.6926060120933237
300.0,742.6327023727365,3.922761,40.209759,0.692899373411838
300.0,742.6230036940742,3.9229617,40.209759,0.6931927338497837
300.0,742.6425371553611,3.9233627,40.134884,0.6934860990533206
300.0,742.628681829266,3.9236434,40.122375,0.6937794617343158
300.0,742.6367409099631,3.9236834,40.197292,0.6940728275989122
300.0,742.6398248726075,3.9237638,40.172321,0.6943661917310192
300.0,742.6316933629291,3.9241247,40.159855,0.6946595556016689
300.0,742.6383033921779,3.9242449,40.134884,0.6949529191327474
300.0,742.6264603548688,3.9246459,40.222263,0.6952462809361873
300.0,742.6367182885426,3.9245257,40.184788,0.6955396438411041
300.0,742.6275109235419,3.9250069,40.209759,0.6958330060595532
300.0,742.6383547109449,3.9250469,40.134884,0.696126369610904
300.0,742.6276320539642,3.9252074,40.134884,0.6964197318772035
300.0,742.6358533054132,3.9255283,40.122375,0.6967130944404271
300.0,742.6241686418399,3.9255283,40.172321,0.6970064553385653
300.0,742.6398501657923,3.9258893,40.14735,0.6972998194806639
300.0,742.6319413351466,3.9261699,40.134884,0.6975931834492708
300.0,742.6320996359449,3.9262502,40.134884,0.6978865474804117
300.0,742.6377752639298,3.9263704,40.172321,0.6981799108028642
300.0,742.6283646675826,3.9267313,40.184788,0.6984732733585702
300.0,742.6384243889624,3.9270122,40.247196,0.6987666369374458
300.0,742.6295550670757,3.9272127,40.159855,0.6990599999633986
300.0,742.6407346919997,3.9273329,40.172321,0.6993533644549105
300.0,742.6281093949987,3.9275737,40.222263,0.6996467269097754
300.0,742.629530798488,3.9276938,40.172321,0.6999400869754265
300.0,742.6194395622676,3.9280548,40.23473,0.7002334460054231
300.0,742.6246104953899,3.9280548,40.172321,0.7005268041274127
300.0,742.6236345623779,3.9281352,40.14735,0.7008201648145721
300.0,742.631129012424,3.9285362,40.209759,0.7011135255115637
300.0,742.626122710209,3.9285762,40.122375,0.701406887181623
300.0,742.6257735046744,3.9289372,40.122375,0.7017002487137346
300.0,742.6291426375271,3.9291377,40.159855,0.701993608626051
300.0,742.622737043969,3.9291778,40.259705,0.702286968958661
300.0,742.6340125486612,3.9292982,40.14735,0.7025803307947326
300.0,742.62625692563,3.9297793,40.184788,0.7028736925178114
300.0,742.6347379432872,3.9296992,40.134884,0.7031670546404347
300.0,742.6303565038628,3.9300199,40.14735,0.7034604179829813
300.0,742.6381704204208,3.9301403,40.184788,0.703753781461532
300.0,742.6292482939108,3.9305012,40.109909,0.7040471443662993
300.0,742.638965260801,3.9308221,40.209759,0.704340508158835
300.0,742.6345830833017,3.9309423,40.259705,0.704633873171019
300.0,742.6407603390027,3.9311829,40.209759,0.7049272376726623
300.0,742.6339469171932,3.9312632,40.097408,0.7052206024335399
300.0,742.6244741213001,3.9313433,40.209759,0.7055139634523524
300.0,742.6347128455311,3.9319048,40.259705,0.7058073255650614
300.0,742.6287271171175,3.9318647,40.247196,0.7061006882639469
300.0,742.6378005202799,3.9321856,40.184788,0.7063940515963764
300.0,742.6347678606413,3.9323058,40.159855,0.7066874166815535
300.0,742.6377554153282,3.9325867,40.122375,0.7069807799961653
300.0,742.6341121139984,3.9329076,40.172321,0.7072741448223011
300.0,742.6329564026694,3.9329877,40.14735,0.7075675062411645
300.0,742.6245826539603,3.9330678,40.222263,0.7078608673028511
300.0,742.6313965549749,3.9335492,40.122375,0.7081542281055297
300.0,742.6257857611047,3.9336293,40.184788,0.7084475896424831
300.0,742.632396475199,3.9337897,40.172321,0.7087409508401591
300.0,742.6257730778051,3.9339902,40.197292,0.7090343123721021
300.0,742.6278411348223,3.9339502,40.184788,0.7093276747209954
300.0,742.639042019478,3.9343512,40.184788,0.7096210385438529
300.0,742.6269634165214,3.9345117,40.14735,0.7099144005460187
300.0,742.6369789829023,3.9347522,40.247196,0.7102077635539173
300.0,742.6252638398479,3.9348326,40.247196,0.7105011248846946
300.0,742.6241460396651,3.9353137,40.14735,0.7107944828232108
300.0,742.6194451164806,3.9355142,40.14735,0.7110878418554016
300.0,742.6268893653012,3.9356346,40.209759,0.7113812008776105
300.0,742.6269748548195,3.9357951,40.222263,0.7116745628842948
300.0,742.6368588775183,3.9359956,40.172321,0.7119679258447483
300.0,742.6284658875983,3.9363565,40.14735,0.7122612884404395
300.0,742.6363615844457,3.9364767,40.172321,0.7125546512044478
300.0,742.6279060762629,3.9367976,40.159855,0.7128480135789952
300.0,742.6317950589266,3.9368777,40.184788,0.7131413774898182
300.0,742.6357763034225,3.9371986,40.222263,0.7134347400226237
300.0,742.6327178821349,3.9373991,40.184788,0.7137281042979922
300.0,742.6324723060499,3.9374793,40.14735,0.7140214655256235
300.0,742.6263904330127,3.9378002,40.184788,0.7143148273014421
300.0,742.638239609969,3.9381211,40.23473,0.7146081908073247
300.0,742.6298789062156,3.938081,40.184788,0.7149015539612046
300.0,742.6321350601064,3.9383616,40.197292,0.7151949150556141
300.0,742.624200331467,3.938482,40.23473,0.7154882759662707
300.0,742.6286978957527,3.9387627,40.309605,0.7157816357029012
300.0,742.6266515039396,3.9389632,40.134884,0.7160749975818513
300.0,742.6284367247926,3.9392841,40.259705,0.7163683572153118
300.0,742.6252193695148,3.9392841,40.209759,0.7166617185285219
300.0,742.6217059702926,3.9398456,40.197292,0.716955078453824
300.0,742.6321221699955,3.9400861,40.272167,0.7172484395431415
300.0,742.6237551548138,3.9400861,40.184788,0.7175418002779388
300.0,742.628360418569,3.9401662,40.134884,0.7178351598812561
300.0,742.6189877697533,3.9403267,40.222263,0.7181285187327799
300.0,742.629378661209,3.9408081,40.197292,0.7184218787383324
300.0,742.6268548232891,3.9409685,40.184788,0.7187152406976004
300.0,742.6318034789359,3.9410086,40.247196,0.7190086016610258
300.0,742.6162566057685,3.941169,40.272167,0.7193019594336503
300.0,742.6355790366351,3.9414496,40.159855,0.7195953218885297
300.0,742.6271673221514,3.9417706,40.184788,0.719888683971245
300.0,742.6280922889134,3.9419711,40.159855,0.7201820434686433
300.0,742.6239777127521,3.9422517,40.309605,0.7204754042913583
300.0,742.6164029795996,3.942292,40.297138,0.7207687621218052
300.0,742.6235351603427,3.9426527,40.222263,0.7210621198190065
300.0,742.62440463941,3.9425325,40.247196,0.7213554808103714
300.0,742.629919349897,3.9428935,40.247196,0.7216488410295115
300.0,742.6215146139261,3.9431741,40.197292,0.7219422008792217
300.0,742.6319624766844,3.9435351,40.23473,0.7222355619054557
300.0,742.62709033219,3.9436152,40.284672,0.7225289239577574
300.0,742.6286464304653,3.9438157,40.222263,0.7228222836740577
300.0,742.627364525564,3.9440165,40.172321,0.7231156458346747
300.0,742.6313582497152,3.9443371,40.247196,0.7234090066222217
300.0,742.6262377484319,3.9445777,40.23473,0.7237023683377248
300.0,742.6328739194653,3.9448586,40.222263,0.723995729724005
300.0,742.6223536109196,3.9448986,40.23473,0.7242890899051465
300.0,742.6293250027031,3.9452195,40.209759,0.7245824528402163
300.0,742.633503671269,3.9454601,40.272167,0.7248758144752666
300.0,742.6315465499506,3.945781,40.247196,0.7251691782879205
300.0,742.6443757390686,3.9459414,40.222263,0.7254625442177509
300.0,742.6327052115226,3.9462221,40.159855,0.725755908488114
300.0,742.6380040008826,3.9462621,40.159855,0.7260492719009243
300.0,742.6316675942214,3.9463022,40.222263,0.7263426357613946
300.0,742.6352287292992,3.9467435,40.222263,0.7266359980778925
300.0,742.6356591769618,3.9470642,40.197292,0.7269293635151689
300.0,742.6448855813261,3.946944,40.247196,0.7272227296464017
300.0,742.6343156281608,3.9474251,40.247196,0.7275160945529322
300.0,742.6433518813824,3.9475055,40.259705,0.7278094600783094
300.0,742.6384158782115,3.9475455,40.209759,0.728102826604573
300.0,742.642444791148,3.9480669,40.197292,0.7283961947223896
300.0,742.6447644494808,3.9481871,40.209759,0.7286895608057719
300.0,742.6371485014445,3.9483476,40.297138,0.7289829268313802
300.0,742.6446562462183,3.9486685,40.197292,0.729276292872019
300.0,742.6386190144125,3.9490695,40.247196,0.7295696594785283
300.0,742.6403974951693,3.9489894,40.247196,0.7298630238368377
300.0,742.6378102414477,3.9491096,40.197292,0.730156390123855
300.0,742.6432308970807,3.9494305,40.197292,0.7304497556014399
300.0,742.6401849251109,3.9499919,40.197292,0.7307431228265352
300.0,742.6428860707533,3.9501925,40.222263,0.7310364881679037
300.0,742.6288542402863,3.9501121,40.23473,0.7313298509170069
300.0,742.6469923677446,3.9506335,40.297138,0.731623217880481
300.0,742.6365184504544,3.950834,40.222263,0.7319165836571986
300.0,742.6419861132676,3.950834,40.23473,0.7322099515938223
300.0,742.6419764950842,3.9509945,40.259705,0.7325033165758822
300.0,742.6295798960978,3.9512351,40.222263,0.7327966796116433
300.0,742.6341910166367,3.951556,40.23473,0.7330900415182148
300.0,742.6300888291482,3.951957,40.309605,0.7333834047550211
300.0,742.6386088503588,3.9517965,40.309605,0.7336767684067643
300.0,742.6284534124128,3.9521575,40.222263,0.7339701309975274
300.0,742.6344516498098,3.9524384,40.14735,0.7342634930070565
300.0,742.6326607293207,3.9528794,40.197292,0.7345568572598478
300.0,742.6469034752967,3.9528394,40.197292,0.7348502241882069
300.0,742.6329598481,3.9529996,40.272167,0.7351435885591597
300.0,742.6446246551122,3.9530399,40.209759,0.7354369545873192
300.0,742.6441187935176,3.9534009,40.222263,0.7357303233664215
300.0,742.6423427521817,3.9540024,40.172321,0.7360236914439292
300.0,742.646578412442,3.9541628,40.134884,0.7363170582438792
300.0,742.6379124138364,3.9542429,40.14735,0.7366104245712579
300.0,742.6490037918986,3.9544034,40.209759,0.7369037923293026
300.0,742.6445643604104,3.954644,40.334579,0.7371971612844184
300.0,742.6423778651858,3.9548044,40.197292,0.7374905264250311
300.0,742.6349267585656,3.9551654,40.272167,0.7377838915729782
300.0,742.6480811791889,3.9551253,40.184788,0.7380772589665642
300.0,742.6443481263187,3.9555264,40.172321,0.7383706278362605
300.0,742.651601584519,3.9559274,40.272167,0.7386639966205081
300.0,742.6346904554748,3.9560075,40.259705,0.7389573616751076
300.0,742.6468965908847,3.956208,40.259705,0.7392507286007473
300.0,742.6382879860231,3.9564486,40.197292,0.7395440950764893
300.0,742.6443890695592,3.9565289,40.209759,0.7398374610115857
300.0,742.6332975545597,3.9569299,40.172321,0.7401308255159438
300.0,742.6318514189835,3.9572909,40.309605,0.7404241894490309
300.0,742.6385009397278,3.9571705,40.209759,0.7407175530581462
300.0,742.638065049714,3.9574914,40.334579,0.7410109194458212
300.0,742.6419511900305,3.957732,40.23473,0.7413042844178849
300.0,742.637237575533,3.9578123,40.247196,0.7415976504786804
300.0,742.6426701639529,3.9582133,40.222263,0.7418910157347596
300.0,742.6320747453275,3.9587748,40.23473,0.7421843797560679
300.0,742.6449803325434,3.958534,40.172321,0.7424777459247301
300.0,742.6363723940129,3.9589753,40.209759,0.7427711116437506
300.0,742.6435296415171,3.9592559,40.247196,0.7430644772393481
300.0,742.6419036059278,3.9595368,40.259705,0.7433578451433787
300.0,742.6469232387692,3.9595368,40.222263,0.7436512120795449
300.0,742.6440230421772,3.9597774,40.209759,0.7439445808208223
300.0,742.6449718900919,3.9599779,40.222263,0.7442379499369257
300.0,742.6448727517878,3.9602988,40.247196,0.7445313160630904
300.0,742.6311899957558,3.9606194,40.272167,0.7448246797348936
300.0,742.636966519665,3.9606194,40.222263,0.7451180427378689
300.0,742.6346978170272,3.9609404,40.259705,0.7454114077953765
300.0,742.6476414555333,3.9610205,40.23473,0.7457047750152591
300.0,742.6364413634959,3.9613414,40.247196,0.7459981407615248
300.0,742.6435554589831,3.9614618,40.272167,0.7462915063673209
300.0,742.6273134637212,3.9619429,40.209759,0.7465848685077668
300.0,742.6389455955544,3.9621034,40.247196,0.7468782322925341
300.0,742.633023532261,3.9621434,40.184788,0.7471715966886444
300.0,742.6410026378909,3.9626248,40.197292,0.7474649612860027
300.0,742.6381351663829,3.9628654,40.172321,0.7477583277013761
300.0,742.6395103069952,3.9631059,40.272167,0.748051694659975
300.0,742.654975541081,3.9632263,40.247196,0.7483450647770327
300.0,742.6365121145344,3.9634669,40.23473,0.7486384305512473
300.0,742.6481509065242,3.9636674,40.309605,0.7489317979723777
300.0,742.6352764026336,3.9639883,40.23473,0.7492251632584457
300.0,742.6363494269367,3.9641488,40.222263,0.7495185260176515
300.0,742.6283064035983,3.9644694,40.222263,0.7498118885503413
300.0,742.6289267297035,3.9642689,40.297138,0.7501052483773678
300.0,742.6344495877878,3.9647503,40.247196,0.7503986133368168
300.0,742.6326119066268,3.9649107,40.272167,0.7506919746195944
300.0,742.6262196942727,3.9651113,40.222263,0.7509853363279655
300.0,742.6378132528201,3.9655924,40.184788,0.7512786996654247
300.0,742.6317762118055,3.9657128,40.322113,0.7515720635688026
300.0,742.6268622083746,3.9661539,40.297138,0.7518654255309878
300.0,742.6362157585938,3.9662342,40.259705,0.7521587882373908
300.0,742.6320816669139,3.9664748,40.247196,0.7524521522614334
300.0,742.644981052867,3.9666352,40.159855,0.7527455184303802
300.0,742.6345761256995,3.9667153,40.222263,0.7530388834398158
300.0,742.6395259083904,3.9671564,40.197292,0.7533322474538233
300.0,742.6325396969187,3.9675174,40.272167,0.7536256116588028
300.0,742.6433387954335,3.9676778,40.334579,0.7539189771790106
300.0,742.6347100239357,3.9679987,40.23473,0.7542123422413404
300.0,742.6423454060078,3.9679184,40.222263,0.7545057073691307
300.0,742.6374799816688,3.9684398,40.247196,0.7547990735256846
300.0,742.6401113854562,3.9684398,40.209759,0.7550924377709725
300.0,742.63322681539,3.9686403,40.23473,0.7553858022473863
300.0,742.6300254871376,3.9689612,40.309605,0.7556791654591704
300.0,742.6394305588134,3.9692419,40.23473,0.7559725294355121
300.0,742.6381419418597,3.9693623,40.184788,0.756265895853562
300.0,742.6415756386226,3.9694424,40.284672,0.7565592606772721
300.0,742.6321194962158,3.9697633,40.284672,0.7568526247162585
300.0,742.6428171615585,3.9700441,40.23473,0.7571459900304058
300.0,742.6410126072014,3.9701242,40.259705,0.7574393575824627
300.0,742.6406524525189,3.9704049,40.209759,0.7577327220414877
300.0,742.627657249079,3.9706457,40.247196,0.7580260843177401
300.0,742.6399074536282,3.9710066,40.222263,0.758319448482469
300.0,742.6309611634928,3.9712071,40.272167,0.758612812063876
300.0,742.6412065824064,3.9716482,40.259705,0.7589061767417982
300.0,742.6361615185027,3.9717283,40.23473,0.7591995423775159
300.0,742.6388733221406,3.9720092,40.222263,0.759492909084485
300.0,742.6430204221758,3.9721696,40.272167,0.7597862744789262
300.0,742.6426932021037,3.9724903,40.259705,0.7600796426948732
300.0,742.6529639208843,3.9726908,40.247196,0.7603730120172829
300.0,742.6386052084833,3.9728513,40.247196,0.7606663786183383
300.0,742.6483673015895,3.9730117,40.259705,0.7609597461249509
300.0,742.6437242639112,3.9731722,40.184788,0.7612531147482011
300.0,742.6452415403382,3.9734931,40.259705,0.761546481020048
300.0,742.6380456772938,3.9738941,40.222263,0.7618398474000702
300.0,742.6460761638696,3.9738538,40.272167,0.7621332140016174
300.0,742.6350093387556,3.9742951,40.197292,0.7624265791821864
300.0,742.6471827861361,3.9746158,40.297138,0.7627199462208812
300.0,742.640834641559,3.9745758,40.247196,0.7630133137026358
300.0,742.6404777824574,3.9750972,40.197292,0.7633066810434194
300.0,742.641587968027,3.9749768,40.247196,0.7636000458719999
300.0,742.6321510145631,3.9753377,40.23473,0.7638934099234371
300.0,742.6412767726315,3.9755383,40.259705,0.7641867746290865
300.0,742.6319103781141,3.9758992,40.222263,0.7644801385854644
300.0,742.6462917780385,3.9759796,40.272167,0.7647735052721853
300.0,742.6361046830779,3.9764206,40.23473,0.7650668708854512
300.0,742.6439442185084,3.9763403,40.23473,0.7653602366448186
300.0,742.6251425146128,3.9767816,40.184788,0.7656535979276685
300.0,742.6416765547467,3.9769018,40.23473,0.7659469627912433
300.0,742.6341054488202,3.9774232,40.272167,0.7662403276147461
300.0,742.6398815129705,3.9775033,40.272167,0.7665336917692277
300.0,742.6278863007111,3.977704,40.284672,0.7668270541359631
300.0,742.6332146330378,3.9779046,40.184788,0.7671204186075644
300.0,742.6409458501889,3.9781051,40.247196,0.7674137831824899
300.0,742.6299615717387,3.9784257,40.284672,0.7677071463690254
300.0,742.6349354298551,3.9785461,40.297138,0.7680005085696615
300.0,742.632959946325,3.9789071,40.209759,0.7682938729406533
300.0,742.6335354586223,3.9790676,40.197292,0.7685872345882605
300.0,742.6286563775386,3.9794686,40.334579,0.7688805972592015
300.0,742.6480371485835,3.9796691,40.322113,0.7691739646353942
300.0,742.6396315460789,3.9797492,40.259705,0.7694673316418866
300.0,742.6447394014516,3.9800701,40.23473,0.7697606977153741
300.0,742.6355572364249,3.9802306,40.23473,0.7700540631123807
300.0,742.6403277195396,3.9805915,40.309605,0.7703474274431267
300.0,742.6251365695463,3.9806316,40.272167,0.7706407887236281
300.0,742.6377536376701,3.9810727,40.23473,0.7709341549882851
300.0,742.6406840448527,3.9813132,40.259705,0.77122751945979
300.0,742.6268937144439,3.9813936,40.23473,0.7715208814344211
300.0,742.6382326277402,3.9814737,40.247196,0.7718142449375456
300.0,742.6252128510599,3.9816742,40.23473,0.7721076062481806
300.0,742.6302065222922,3.9817946,40.23473,0.7724009665807621
300.0,742.6255502759415,3.9824762,40.284672,0.7726943280246911
300.0,742.6356616540813,3.9825566,40.222263,0.7729876905122068
300.0,742.6297198490851,3.9829175,40.197292,0.7732810536032539
300.0,742.6353563305519,3.9829977,40.23473,0.7735744159701581
300.0,742.6255251172518,3.9831581,40.23473,0.7738677774041485
300.0,742.6357891820737,3.9833186,40.23473,0.7741611399420415
300.0,742.6354429790905,3.9837596,40.284672,0.7744545052939126
300.0,742.6257538029959,3.9837997,40.297138,0.7747478668182414
300.0,742.6297985616379,3.9842811,40.222263,0.7750412269896666
300.0,742.621673352644,3.9845216,40.247196,0.7753345869020838
300.0,742.6268204078119,3.9847622,40.247196,0.7756279458970524
300.0,742.6185224273086,3.9849226,40.222263,0.7759213045647507
300.0,742.6360693225133,3.9851232,40.284672,0.7762146672133072
300.0,742.6402927004158,3.9851232,40.309605,0.7765080344809773
300.0,742.6447580050393,3.9856045,40.247196,0.7768014005618138
300.0,742.6370463658901,3.985765,40.259705,0.7770947665470753
300.0,742.6437778233219,3.9859252,40.247196,0.7773881322407118
300.0,742.6365373223366,3.9864066,40.247196,0.7776814980248843
300.0,742.6375838939744,3.986567,40.222263,0.7779748612717402
300.0,742.6361799021248,3.9866471,40.259705,0.7782682269147201
300.0,742.6352579211957,3.986928,40.297138,0.7785615921934872
300.0,742.6447519383584,3.9873691,40.284672,0.7788549582719272
300.0,742.6365236985329,3.9874492,40.272167,0.779148324050718
300.0,742.6356804905463,3.98773,40.259705,0.7794416865456746
300.0,742.631158904687,3.9878905,40.222263,0.7797350502051958
300.0,742.6410785415927,3.9882514,40.209759,0.7800284148325383
300.0,742.6324573242289,3.9884117,40.172321,0.7803217790049778
300.0,742.6366740743775,3.9888129,40.297138,0.7806151418924288
300.0,742.639014288073,3.9888129,40.297138,0.780908508655084
300.0,742.64689085367,3.9889331,40.209759,0.7812018755784571
300.0,742.6313866380582,3.9894545,40.222263,0.7814952393279405
300.0,742.6388764055971,3.9897351,40.284672,0.7817886030853758
300.0,742.6361997386581,3.9898155,40.247196,0.7820819687361917
300.0,742.6353472154719,3.990016,40.209759,0.7823753340502331
300.0,742.6406077625718,3.9903769,40.297138,0.7826686984916041
300.0,742.6345001126673,3.9906976,40.259705,0.7829620634710122
300.0,742.6463242118415,3.9906976,40.222263,0.7832554301705454
300.0,742.6391790097149,3.9908581,40.247196,0.7835487969982712
300.0,742.6384365346025,3.9913394,40.247196,0.7838421605819447
300.0,742.6287140310955,3.9916601,40.259705,0.7841355232756606
300.0,742.6384812617937,3.9918206,40.197292,0.7844288868770026
300.0,742.6304262176046,3.991981,40.259705,0.7847222502470885
300.0,742.6341966441657,3.9922619,40.209759,0.7850156121558831
300.0,742.6303630102441,3.992342,40.222263,0.7853089755009999
300.0,742.6429441767295,3.9926629,40.284672,0.785602340865322
300.0,742.6299616937014,3.9928634,40.222263,0.7858957040519056
300.0,742.637065725623,3.9929435,40.272167,0.7861890700448148
300.0,742.6445979331489,3.9933445,40.172321,0.7864824360624183
300.0,742.6366005910878,3.993505,40.184788,0.786775801871584
300.0,742.6418361752068,3.993866,40.259705,0.7870691667982136
300.0,742.6404070555659,3.994307,40.197292,0.7873625341110577
300.0,742.6495520982146,3.9945478,40.322113,0.7876559020856991
300.0,742.6315790689649,3.994628,40.259705,0.7879492659111991
300.0,742.638074045201,3.9948685,40.14735,0.7882426293516788
300.0,742.6246970328482,3.995069,40.309605,0.7885359904585487
300.0,742.6260236258319,3.9951091,40.259705,0.7888293491387656
300.0,742.6323423830031,3.99547,40.247196,0.7891227132657995
300.0,742.6427589098804,3.9957509,40.297138,0.7894160785569359
300.0,742.6361872870057,3.9959514,40.247196,0.789709444202833
300.0,742.6408396588088,3.9964325,40.23473,0.7900028116865695
300.0,742.6472034528782,3.9964728,40.222263,0.7902961787334284
300.0,742.638408578459,3.996593,40.272167,0.7905895452568085
300.0,742.6384565297246,3.9968739,40.23473,0.7908829088483806
300.0,742.6304263035514,3.9971545,40.209759,0.7911762722185004
300.0,742.6346052277362,3.9974353,40.247196,0.7914696342886973
300.0,742.6315596232853,3.9976358,40.309605,0.7917629981065155
300.0,742.6340319089979,3.9979968,40.222263,0.7920563599502349
300.0,742.6238313389211,3.9980769,40.247196,0.7923497207151274
300.0,742.6320009894465,3.9981973,40.23473,0.7926430817565752
300.0,742.6262250536728,3.9986784,40.272167,0.7929364434670635
300.0,742.6386851813435,3.9987185,40.322113,0.7932298071489596
300.0,742.634004020895,3.9990795,40.222263,0.7935231719323951
300.0,742.6316544959213,3.9993603,40.284672,0.7938165357876911
300.0,742.6402251433968,3.9995608,40.297138,0.7941099000779166
300.0,742.6310436098513,3.9998014,40.222263,0.7944032636918926
300.0,742.633057599556,4.000082,40.172321,0.7946966251507317
300.0,742.6274595328501,4.0004029,40.222263,0.7949899873488798
300.0,742.6321220599006,4.0007238,40.209759,0.7952833484381538
300.0,742.6181851366679,4.0007639,40.197292,0.7955767069726113
300.0,742.6460952434438,4.0010848,40.23473,0.7958700735816955
300.0,742.6357858489096,4.001245,40.297138,0.7961634390690113
300.0,742.6405688708212,4.0014858,40.297138,0.7964568034950191
300.0,742.6301908795742,4.0017662,40.284672,0.7967501667721387
300.0,742.6412060937323,4.0020471,40.222263,0.7970435314498678
300.0,742.6323043097759,4.0023279,40.222263,0.7973368955618617
300.0,742.6425876197669,4.0024881,40.222263,0.7976302607853335
300.0,742.6460214333373,4.0026488,40.322113,0.7979236303160409
300.0,742.6364550716094,4.0030098,40.23473,0.7982169960677217
300.0,742.6397545350435,4.0030098,40.23473,0.7985103601720434
300.0,742.6390255925395,4.0033302,40.259705,0.7988037269391642
300.0,742.6434726217564,4.0036111,40.35955,0.7990970925122373
300.0,742.6401022602018,4.003932,40.297138,0.7993904597046773
300.0,742.6471835789015,4.0042129,40.284672,0.7996838267436853
300.0,742.638191855698,4.0042529,40.247196,0.7999771931814528
300.0,742.6441279599902,4.0047741,40.259705,0.8002705590134034
300.0,742.6382304658883,4.004734,40.23473,0.8005639254664232
300.0,742.642841600996,4.0051751,40.259705,0.8008572907902248
300.0,742.635467942558,4.0052152,40.322113,0.8011506561519574
300.0,742.6443827708194,4.0056162,40.322113,0.8014440220845654
300.0,742.6389880554569,4.0060577,40.222263,0.801737388836858
300.0,742.6425658350096,4.0059371,40.247196,0.8020307570024907
300.0,742.6426825170953,4.0062981,40.272167,0.8023241222634497
300.0,742.6363716368621,4.0069399,40.209759,0.8026174879821711
300.0,742.6421927325788,4.0067792,40.23473,0.802910853049651
300.0,742.6389365295013,4.0068998,40.209759,0.8032042197815891
300.0,742.6448537331955,4.0071807,40.309605,0.803497585900241
300.0,742.636340118924,4.0075817,40.35955,0.8037909516065117
300.0,742.642797325235,4.007782,40.222263,0.8040843169128232
300.0,742.6326860095637,4.008183,40.247196,0.8043776811756009
300.0,742.6415433636183,4.0084639,40.297138,0.8046710459865615
300.0,742.6362385076454,4.0085039,40.23473,0.8049644116526924
300.0,742.6342425549797,4.0088248,40.247196,0.8052577735796231
300.0,742.6325587763012,4.0090251,40.247196,0.8055511377921395
300.0,742.645239271564,4.0093861,40.322113,0.8058445070138675
300.0,742.6468207968686,4.0095067,40.184788,0.8061378739095661
300.0,742.6286053156958,4.009747,40.272167,0.806431236560336
300.0,742.6350756523251,4.0099478,40.309605,0.8067245988163642
300.0,742.624804930525,4.0100679,40.284672,0.8070179599658572
300.0,742.6351140071071,4.0104289,40.247196,0.8073113222370366
300.0,742.6260975150942,4.0107899,40.272167,0.807604683897143
300.0,742.6372657159409,4.01087,40.184788,0.8078980470183094
300.0,742.6254351153465,4.0109901,40.209759,0.8081914084167461
300.0,742.6432109989568,4.0115519,40.272167,0.8084847738864707
300.0,742.6315342329484,4.011672,40.222263,0.8087781376942589
300.0,742.6417027029066,4.012033,40.222263,0.809071502568163
300.0,742.6207692797647,4.0123138,40.272167,0.8093648621234416
300.0,742.6343543001511,4.0125141,40.247196,0.8096582270452489
300.0,742.6356550504319,4.0127549,40.222263,0.809951589530156
300.0,742.6285617983496,4.0129151,40.272167,0.810244952163735
300.0,742.6344205702973,4.013196,40.259705,0.8105383141609869
300.0,742.6256840403462,4.0134368,40.284672,0.8108316756577572
300.0,742.6322876729628,4.0137177,40.247196,0.8111250368124532
300.0,742.6229781694966,4.0137978,40.284672,0.8114183972403157
300.0,742.6354201729242,4.0140786,40.272167,0.8117117596324395
300.0,742.6253214326281,4.0144391,40.23473,0.8120051209859678
300.0,742.6387557992607,4.0148406,40.272167,0.81229848469576
300.0,742.6254163539675,4.01476,40.309605,0.8125918460867855
300.0,742.6336435272333,4.015121,40.309605,0.812885207777083
300.0,742.6210110879558,4.0153618,40.309605,0.8131785674278837
300.0,742.6261547659287,4.0156021,40.35955,0.8134719291106062
300.0,742.6313776589603,4.0157628,40.284672,0.8137652899058203
300.0,742.6299363152333,4.0160437,40.309605,0.8140586530823787
300.0,742.6301491243614,4.0164447,40.197292,0.8143520133922862
300.0,742.6187904570654,4.0166049,40.297138,0.8146453721658651
300.0,742.6227073717012,4.0168457,40.297138,0.8149387295360659
300.0,742.6207822073989,4.017086,40.309605,0.8152320890964515
300.0,742.6307978581273,4.0171666,40.297138,0.8155254496626277
300.0,742.6251049906268,4.0175276,40.247196,0.8158188109306543
300.0,742.6317657587347,4.0175276,40.247196,0.8161121718791792
300.0,742.6227238613591,4.0180488,40.284672,0.8164055322065817
300.0,742.6341080202021,4.0182896,40.259705,0.8166988940803672
300.0,742.6269572275297,4.0183296,40.297138,0.8169922560800883
300.0,742.6306934284108,4.0187707,40.347084,0.8172856195557311
300.0,742.6293595574874,4.0191317,40.209759,0.817578979553737
300.0,742.6304456632843,4.018971,40.272167,0.8178723429315046
300.0,742.6377435381725,4.0196528,40.259705,0.8181657062414245
300.0,742.6301530625506,4.0198536,40.297138,0.8184590695036051
300.0,742.6362469232355,4.020134,40.259705,0.818752432222319
300.0,742.6265113802864,4.0203347,40.309605,0.8190457940459157
300.0,742.6395067314087,4.0206957,40.284672,0.8193391580523478
300.0,742.6327625227246,4.020575,40.284672,0.8196325223453508
300.0,742.630588018417,4.0210166,40.297138,0.8199258828286342
300.0,742.6235888713948,4.0213776,40.334579,0.820219243497744
300.0,742.6341146615048,4.021297,40.272167,0.8205126053741532
300.0,742.6247292837901,4.0217786,40.272167,0.8208059664937633
300.0,742.6287906171067,4.0218987,40.297138,0.8210993292177332
300.0,742.6393284590665,4.0222998,40.297138,0.8213926931537426
300.0,742.6245514159634,4.02246,40.272167,0.8216860542030892
300.0,742.6319626350738,4.0225005,40.272167,0.8219794152293858
300.0,742.6294841570356,4.0229416,40.247196,0.8222727782273267
300.0,742.6434594619333,4.0231018,40.222263,0.8225661437952013
300.0,742.6290383097922,4.0231018,40.297138,0.822859506617018
300.0,742.6329044857472,4.0234227,40.297138,0.8231528680153728
300.0,742.619184595409,4.0237837,40.222263,0.8234462269446492
300.0,742.6216247738674,4.0241847,40.209759,0.8237395838871927
300.0,742.6278162319269,4.0243049,40.309605,0.8240329462262487
300.0,742.6286090767696,4.024786,40.259705,0.8243263059277931
300.0,742.6172880713216,4.0249867,40.197292,0.8246196641078803
300.0,742.6178216621144,4.0250669,40.309605,0.8249130224987534
300.0,742.6281377243546,4.0253878,40.284672,0.8252063820141
300.0,742.6240354397731,4.0256686,40.284672,0.825499742859619
300.0,742.6303788490989,4.0257487,40.284672,0.8257931032602746
300.0,742.6228258749508,4.0259895,40.309605,0.8260864636279758
300.0,742.626940452214,4.0263906,40.247196,0.8263798226703655
300.0,742.6186882838582,4.0265908,40.259705,0.8266731814035826
300.0,742.6290160130089,4.0267115,40.259705,0.8269665412658785
300.0,742.6294463760277,4.0272326,40.222263,0.8272599042488948
300.0,742.6389650414297,4.0274734,40.259705,0.8275532680413438
300.0,742.625479768419,4.0275536,40.259705,0.8278466294574199
300.0,742.6344777488567,4.0276337,40.272167,0.828139991477259
300.0,742.625849505633,4.0279946,40.23473,0.8284333530393935
300.0,742.6237424481858,4.0284357,40.23473,0.8287267137691712
300.0,742.6239351618292,4.0284357,40.322113,0.8290200716243846
300.0,742.616899730707,4.0287166,40.247196,0.8293134296510645
300.0,742.6187919948724,4.0292377,40.334579,0.8296067854745787
300.0,742.6099928522669,4.0291977,40.272167,0.8299001407728152
300.0,742.6187352325454,4.0294385,40.284672,0.8301934965739066
300.0,742.6078792153836,4.0298796,40.297138,0.8304868510371872
300.0,742.6166855014947,4.0299997,40.272167,0.8307802060285758
300.0,742.6106870638091,4.0301604,40.259705,0.8310735616010486
300.0,742.618671278441,4.0304408,40.284672,0.8313669173768763
300.0,742.611278089199,4.0308418,40.334579,0.8316602731828235
300.0,742.6184293949667,4.0312028,40.209759,0.8319536288631003
300.0,742.6106107098544,4.0311227,40.259705,0.8322469844054108
300.0,742.6133026151593,4.0316038,40.259705,0.8325403410111122
300.0,742.6245027069274,4.0315237,40.209759,0.8328336990905222
300.0,742.6134110624866,4.0320449,40.309605,0.8331270557390638
300.0,742.6234333528181,4.0322857,40.322113,0.8334204133960481
300.0,742.6103482343105,4.0325665,40.297138,0.8337137688346721
300.0,742.6211153351549,4.0328069,40.297138,0.8340071255759727
300.0,742.6078981122313,4.0328875,40.284672,0.8343004800467182
300.0,742.619548981423,4.0332079,40.347084,0.8345938361692639
300.0,742.6118386701678,4.0336094,40.309605,0.834887192196659
300.0,742.6175389848196,4.0336895,40.297138,0.835180547525198
300.0,742.606587888094,4.0342107,40.322113,0.835473901478362
300.0,742.6142347072985,4.0344114,40.272167,0.8357672555016162
300.0,742.5994704161312,4.0348125,40.259705,0.8360606066431454
300.0,742.6066701269524,4.0346117,40.284672,0.8363539606287964
300.0,742.621408488897,4.0348926,40.334579,0.8366473174859012
300.0,742.6126540102905,4.0352535,40.259705,0.8369406738353823
300.0,742.6179209937658,4.0354939,40.247196,0.837234029314826
300.0,742.6178921332117,4.0356946,40.297138,0.8375273877335375
300.0,742.6260745048331,4.0360956,40.222263,0.837820746433853
300.0,742.6214248189073,4.0363765,40.322113,0.8381141062480911
300.0,742.6259726371451,4.0363364,40.247196,0.838407464908166
300.0,742.6218389529903,4.0367775,40.322113,0.8387008248860006
300.0,742.6298439101083,4.0369778,40.259705,0.8389941850753398
300.0,742.6227305873141,4.0374188,40.23473,0.8392875454053994
300.0,742.6253362196868,4.0375395,40.272167,0.8395809038140709
300.0,742.6247224358724,4.0378604,40.284672,0.8398742649309759
300.0,742.6202984817412,4.0380206,40.259705,0.840167624300274
300.0,742.619092020339,4.0383015,40.284672,0.8404609802423069
300.0,742.6141114499239,4.0384617,40.209759,0.8407543371675245
300.0,742.623980353138,4.0389028,40.247196,0.8410476950405897
300.0,742.6235132741817,4.0390234,40.259705,0.8413410556798362
300.0,742.6266989710568,4.0396647,40.297138,0.8416344146268339
300.0,742.6156008229052,4.0395846,40.272167,0.8419277721404026
300.0,742.629149607273,4.0399857,40.297138,0.8422211320554722
300.0,742.6256910957642,4.0402265,40.197292,0.8425144935550296
300.0,742.6272399898251,4.0402665,40.284672,0.8428078527157452
300.0,742.6245448365273,4.0407076,40.209759,0.8431012137624927
300.0,742.631797387494,4.0406275,40.247196,0.8433945747235118
300.0,742.6196428697484,4.0410686,40.347084,0.8436879338338216
300.0,742.621164615225,4.0414295,40.259705,0.8439812935452707
300.0,742.6302385783345,4.0417104,40.23473,0.8442746538905153
300.0,742.6196878391872,4.0418706,40.297138,0.8445680130185895
300.0,742.6219502885617,4.0423117,40.35955,0.8448613700897207
300.0,742.617956708355,4.0427127,40.309605,0.8451547285339415
300.0,742.6244646447769,4.0428734,40.259705,0.8454480865983158
300.0,742.6121500940806,4.0430336,40.297138,0.8457414427487335
300.0,742.6287612873089,4.0434747,40.272167,0.8460348025104055
300.0,742.6185157013535,4.0434747,40.272167,0.846328161175447
300.0,742.6294871820687,4.0437956,40.259705,0.8466215212238682
300.0,742.6267789942242,4.0440364,40.23473,0.8469148831531812
300.0,742.6305949024197,4.0445576,40.297138,0.847208243639184
300.0,742.6242263936218,4.0447183,40.247196,0.8475016045601361
300.0,742.6227238363936,4.0448785,40.347084,0.8477949648875287
300.0,742.6317972659393,4.0453196,40.272167,0.8480883258484998
300.0,742.626709254903,4.0453997,40.222263,0.8483816877502635
300.0,742.6299900412791,4.0458407,40.297138,0.8486750479973287
300.0,742.621858374523,4.0460415,40.23473,0.8489684079828356
300.0,742.6369791421101,4.0464025,40.334579,0.849261770990797
300.0,742.6296241701856,4.0464826,40.23473,0.8495551340440478
300.0,742.6327138966881,4.0469236,40.272167,0.8498484953671144
300.0,742.6226031948452,4.0470443,40.384521,0.8501418556468497
300.0,742.6367244049504,4.0473647,40.272167,0.8504352185541827
300.0,742.6215848887782,4.0477257,40.172321,0.8507285784316536
300.0,742.6308553538747,4.0480866,40.284672,0.8510219390205424
300.0,742.626161540587,4.0484076,40.272167,0.8513153007059409
300.0,742.6262081846356,4.0485277,40.247196,0.8516086594590637
300.0,742.6186179842454,4.0487285,40.297138,0.8519020181645102
300.0,742.6194456045359,4.0489292,40.297138,0.8521953771968938
300.0,742.6290791231886,4.0492496,40.334579,0.8524887370841201
300.0,742.62200432128,4.0497313,40.322113,0.8527820971272807
300.0,742.6324341466967,4.0497313,40.284672,0.853075458339838
300.0,742.6176766550429,4.0501723,40.309605,0.8533688166734285
300.0,742.6317027705189,4.0504127,40.209759,0.8536621775970711
300.0,742.624525610626,4.0507336,40.334579,0.8539555386362238
300.0,742.6242288770966,4.0510545,40.309605,0.8542488966074631
300.0,742.6133667638426,4.0512552,40.247196,0.8545422532385052
300.0,742.6210648461926,4.0512152,40.322113,0.8548356099598612
300.0,742.617452999236,4.0516162,40.347084,0.8551289682051003
300.0,742.620536840727,4.0520573,40.347084,0.8554223247178789
300.0,742.6229594195771,4.0524182,40.347084,0.8557156851383347
300.0,742.6195033796463,4.0526586,40.259705,0.8560090441935413
300.0,742.6297096073895,4.0529394,40.297138,0.8563024043298271
300.0,742.6315087079614,4.0533805,40.23473,0.8565957681275321
300.0,742.640658300647,4.0536213,40.297138,0.8568891325888672
300.0,742.629337148221,4.0541425,40.284672,0.8571824955287349
300.0,742.6340130246477,4.0541024,40.347084,0.8574758573649945
300.0,742.6232329523881,4.0545835,40.322113,0.8577692178935047
300.0,742.6316639278813,4.0544233,40.322113,0.8580625788018034
300.0,742.621469313592,4.0551052,40.272167,0.8583559386336184
300.0,742.6354837357618,4.0554261,40.284672,0.8586493010508512
300.0,742.6319100732073,4.0555863,40.35955,0.8589426650071087
300.0,742.6349800952457,4.0559072,40.297138,0.859236027225389
300.0,742.6254930377943,4.0562282,40.297138,0.859529388646707
300.0,742.6261100146312,4.0565486,40.272167,0.8598227503117511
300.0,742.6358587989048,4.0568295,40.297138,0.8601161128771447
300.0,742.6336599920211,4.0568695,40.272167,0.8604094775246776
300.0,742.6457057398569,4.0574312,40.23473,0.8607028439798966
300.0,742.628644194777,4.0573912,40.272167,0.8609962066460249
300.0,742.6417413134855,4.0577521,40.372017,0.8612895715351814
300.0,742.6395739780595,4.0582733,40.347084,0.8615829385189325
300.0,742.6397035586349,4.0585141,40.247196,0.861876302603117
300.0,742.6324060544766,4.0586343,40.334579,0.8621696667553033
300.0,742.6339812501866,4.0589151,40.372017,0.862463028579011
300.0,742.6265759542019,4.0594764,40.347084,0.8627563904281166
300.0,742.6419572333826,4.0594363,40.259705,0.8630497554025676
300.0,742.6364481627104,4.0597572,40.272167,0.8633431211515191
300.0,742.6301591901517,4.0600381,40.334579,0.8636364844161204
300.0,742.6419381529898,4.0603585,40.309605,0.8639298493830341
300.0,742.636600774441,4.0606794,40.334579,0.8642232151922723
300.0,742.642193012932,4.0613213,40.297138,0.864516580259863
300.0,742.6357800266244,4.0612812,40.35955,0.8648099457448789
300.0,742.6413335840715,4.0617623,40.259705,0.8651033104729704
300.0,742.6368683756915,4.0622034,40.35955,0.86539667638792
300.0,742.6403979588777,4.0621634,40.334579,0.8656900407464125
300.0,742.631158380002,4.0625243,40.334579,0.8659834044057265
300.0,742.6403985085337,4.0629253,40.309605,0.8662767687644363
300.0,742.6345641987322,4.0629654,40.272167,0.8665701337691603
300.0,742.6382847157394,4.0633664,40.322113,0.8668634972928609
300.0,742.6366838424818,4.0636873,40.297138,0.8671568631349138
300.0,742.6282687330935,4.0640082,40.334579,0.8674502256527225
300.0,742.6479282000315,4.0642085,40.297138,0.8677435929858773
300.0,742.6356405987314,4.0647302,40.372017,0.8680369584158147
300.0,742.6412378681935,4.065011,40.309605,0.8683303231060957
300.0,742.6307956986152,4.0650511,40.284672,0.8686236866221386
300.0,742.6427089214612,4.0654521,40.284672,0.8689170518935281
300.0,742.6309359078059,4.0656524,40.309605,0.8692104154649583
300.0,742.6413779449616,4.0660934,40.297138,0.8695037802105736
300.0,742.6296052139937,4.0662942,40.297138,0.8697971432563361
300.0,742.6422177073478,4.0666552,40.284672,0.8700905083336817
300.0,742.6381542948777,4.0668554,40.222263,0.8703838747566115
300.0,742.6507097095773,4.0670562,40.297138,0.8706772431885428
300.0,742.640191162806,4.0674171,40.309605,0.8709706104161022
300.0,742.6401719246265,4.0678182,40.322113,0.8712639776360619
300.0,742.6493538913229,4.0682192,40.309605,0.8715573455324058
300.0,742.639783694515,4.0684195,40.222263,0.8718507125990019
300.0,742.6405697495343,4.0686603,40.259705,0.8721440770253568
300.0,742.6366841109634,4.069222,40.247196,0.8724374428675157
300.0,742.6396977968637,4.0693021,40.259705,0.8727308069494241
300.0,742.6299173336666,4.0697432,40.309605,0.8730241701184841
300.0,742.6395062550127,4.0699434,40.334579,0.873317534124728
300.0,742.6408402809002,4.0701442,40.297138,0.8736109016087102
300.0,742.650321926991,4.0706253,40.309605,0.8739042698874563
300.0,742.6334949044912,4.070786,40.284672,0.874197634469774
300.0,742.6357822722866,4.0712671,40.272167,0.8744909970049375
300.0,742.6324123539715,4.0713472,40.384521,0.8747843611596122
300.0,742.6320496848629,4.0716281,40.322113,0.8750777251710209
300.0,742.641638846619,4.0717082,40.297138,0.8753710900196999
300.0,742.6321897352566,4.07235,40.284672,0.875664454086433
300.0,742.6408559938988,4.0723901,40.297138,0.8759578186258626
300.0,742.6368051556435,4.072751,40.309605,0.8762511845158382
300.0,742.6446500944082,4.073072,40.297138,0.8765445505540469
300.0,742.6370400663952,4.073473,40.334579,0.8768379165368199
300.0,742.6409004030834,4.0737534,40.284672,0.8771312810937923
300.0,742.632005360844,4.0741143,40.322113,0.8774246450876916
300.0,742.6383545159255,4.0743551,40.322113,0.8777180086389653
300.0,742.6289812541798,4.0745554,40.272167,0.8780113714382431
300.0,742.6372655571422,4.0748763,40.297138,0.8783047345593469
300.0,742.6250607157205,4.0753174,40.322113,0.8785980958098835
300.0,742.61938829272,4.0755582,40.309605,0.878891454819627
300.0,742.6302324985568,4.0755982,40.23473,0.8791848151624698
300.0,742.6147023287949,4.0760393,40.297138,0.879478172321104
300.0,742.6248145739429,4.0764809,40.297138,0.8797715305237105
300.0,742.6214056412998,4.0767612,40.272167,0.8800648903303728
300.0,742.6214025192143,4.0770822,40.334579,0.8803582471851193
300.0,742.6185284583219,4.077323,40.309605,0.8806516058552002
300.0,742.6244325044241,4.077323,40.309605,0.8809449639068782
300.0,742.6267084003457,4.0776839,40.297138,0.8812383258083042
300.0,742.6276024796358,4.078125,40.209759,0.8815316851122138
300.0,742.6292422391598,4.0782452,40.259705,0.8818250480145893
300.0,742.6357566991578,4.078526,40.347084,0.8821184105396506
300.0,742.6261484173214,4.0789671,40.284672,0.882411772219865
300.0,742.6265881255039,4.079288,40.23473,0.8827051340737786
300.0,742.6391753088323,4.079649,40.322113,0.8829984979492892
300.0,742.6309235908036,4.0797291,40.284672,0.8832918615158537
300.0,742.6359863260786,4.08009,40.272167,0.8835852241316243
300.0,742.6355181011403,4.0804911,40.259705,0.883878589513171
300.0,742.6405243151162,4.080411,40.284672,0.884171953921578
300.0,742.6326917467206,4.080812,40.247196,0.8844653181866221
300.0,742.6313965920143,4.0814939,40.322113,0.8847586789893155
300.0,742.6268486218146,4.0816541,40.322113,0.8850520409461335
300.0,742.6342868790351,4.0818949,40.297138,0.8853454028905735
300.0,742.6181345634943,4.0821753,40.297138,0.8856387614050529
300.0,742.6301807158767,4.082376,40.284672,0.8859321217274402
300.0,742.6264540688798,4.0824962,40.247196,0.8862254835283969
300.0,742.6326287587292,4.0828571,40.272167,0.8865188477685587
300.0,742.6403281709697,4.083138,40.272167,0.8868122120994831
300.0,742.6349336928394,4.0834589,40.272167,0.8871055772501695
300.0,742.6477819096528,4.0837393,40.309605,0.8873989445255354
300.0,742.6320689107641,4.0840602,40.259705,0.8876923085445388
300.0,742.6432239385899,4.0844212,40.297138,0.8879856740193749
300.0,742.6358747281853,4.0846219,40.209759,0.8882790395418011
300.0,742.6482529579765,4.0848622,40.222263,0.8885724070032447
300.0,742.6413241047828,4.0852633,40.284672,0.8888657746783533
300.0,742.6461769207857,4.0853839,40.222263,0.8891591413197024
300.0,742.6328772314847,4.0857048,40.272167,0.889452505658019
300.0,742.640028718897,4.085865,40.272167,0.8897458698706513
300.0,742.6349776251861,4.0863862,40.259705,0.8900392350386923
300.0,742.6252006560204,4.086627,40.284672,0.8903325963445099
300.0,742.6358841899063,4.0871081,40.309605,0.8906259589199338
300.0,742.6329476546974,4.0870681,40.259705,0.8909193232860699
300.0,742.6451142071606,4.0872688,40.222263,0.8912126895076165
300.0,742.6289685954365,4.0875897,40.334579,0.8915060523018937
300.0,742.633332198005,4.08779,40.334579,0.8917994138692072
300.0,742.6268423358256,4.0882311,40.297138,0.8920927758235422
300.0,742.632173573687,4.0885119,40.309605,0.8923861369331656
300.0,742.6311134825949,4.0888729,40.309605,0.8926795005747437
300.0,742.6376537915679,4.0892339,40.259705,0.8929728638492112
300.0,742.629892028458,4.089354,40.322113,0.8932662270082747
300.0,742.6364058233719,4.0895548,40.247196,0.8935595897897587
300.0,742.6247357289855,4.090076,40.197292,0.893852950911915
300.0,742.6268104266247,4.0901961,40.297138,0.8941463128536448
300.0,742.6382908802369,4.0906777,40.209759,0.8944396763797806
300.0,742.6354301738282,4.0905571,40.284672,0.8947330417265932
300.0,742.6456039933142,4.090878,40.322113,0.8950264081416195
300.0,742.6316107710749,4.09164,40.247196,0.8953197719796427
300.0,742.6407658928622,4.0915599,40.247196,0.8956131364834798
300.0,742.6357926726803,4.0918407,40.309605,0.8959065019734914
300.0,742.6438289466602,4.0922017,40.284672,0.8961998676873231
300.0,742.6333225548615,4.0925221,40.23473,0.8964932322015571
300.0,742.641689726848,4.0926027,40.259705,0.8967865970703353
300.0,742.6325272088412,4.0929232,40.322113,0.8970799612703815
300.0,742.6409636241765,4.0934849,40.259705,0.8973733258523282
300.0,742.6353970814257,4.0934048,40.284672,0.8976666911860682
300.0,742.638415877393,4.0937657,40.222263,0.8979600577123317
300.0,742.6429820551157,4.0940461,40.259705,0.8982534230916167
300.0,742.6266773461114,4.0941267,40.209759,0.8985467849807753
300.0,742.6366219749187,4.0944471,40.259705,0.8988401478476455
300.0,742.6297707394433,4.0948482,40.222263,0.899133510958796
300.0,742.6396530704911,4.095129,40.209759,0.8994268750230362
300.0,742.6284913513992,4.0954099,40.209759,0.8997202376287864
300.0,742.6321029430823,4.09549,40.197292,0.9000135987105088
300.0,742.6293124532351,4.0961318,40.247196,0.9003069616406211
300.0,742.639283561617,4.096292,40.259705,0.9006003255588947
300.0,742.6396503082765,4.0965328,40.222263,0.9008936925727988
300.0,742.6360627671583,4.0968537,40.322113,0.9011870552187656
300.0,742.6354870100715,4.0972147,40.259705,0.9014804205880306
300.0,742.6376066288557,4.0971746,40.247196,0.9017737867946144
300.0,742.6376734940585,4.0975757,40.297138,0.9020671500768648
300.0,742.6323419319867,4.0979366,40.272167,0.9023605142037204
300.0,742.6453825678519,4.0980568,40.259705,0.9026538805312774
300.0,742.6324374885143,4.0983377,40.334579,0.9029472446958812
300.0,742.6337764633835,4.0986581,40.222263,0.9032406064386922
300.0,742.6268997450479,4.0990996,40.259705,0.9035339684157058
300.0,742.636668006878,4.09938,40.247196,0.9038273313007598
300.0,742.6253210777904,4.0995407,40.209759,0.904120692654148
300.0,742.6269477156145,4.0998211,40.272167,0.9044140516994068
300.0,742.624939268318,4.0999417,40.247196,0.904707412901968
300.0,742.6255279199271,4.1003428,40.272167,0.9050007713863666
300.0,742.6173194181846,4.1005831,40.197292,0.9052941295788368
300.0,742.6120805147841,4.1007438,40.23473,0.9055874857017684
300.0,742.622294051593,4.1010647,40.172321,0.905880842908696
300.0,742.6170390002122,4.1014256,40.184788,0.906174200990392
300.0,742.6314286599255,4.1018667,40.247196,0.9064675618057528
300.0,742.6245894044715,4.102107,40.209759,0.9067609228701062
300.0,742.628615156138,4.102428,40.247196,0.9070542825740522
300.0,742.6197453351749,4.1025887,40.23473,0.9073476417248392
300.0,742.6289207845772,4.1029897,40.259705,0.9076410015495172
300.0,742.6247351678752,4.1029897,40.184788,0.9079343626714518
300.0,742.631383041743,4.1034708,40.209759,0.9082277234687924
300.0,742.6257226259803,4.103591,40.23473,0.9085210849808052
300.0,742.6359033067246,4.1036716,40.272167,0.9088144475637808
300.0,742.6252326380715,4.1042728,40.297138,0.9091078088822324
300.0,742.6347452672604,4.1044335,40.272167,0.9094011710077488
300.0,742.6360535598445,4.1047139,40.172321,0.9096945366008192
300.0,742.6381231677932,4.1049147,40.209759,0.9099879030114528
300.0,742.6469225421835,4.1053557,40.209759,0.910281269947344
300.0,742.6385553797733,4.1057167,40.209759,0.9105746365287152
300.0,742.6466743730663,4.105917,40.247196,0.9108680033665724
300.0,742.6351555535849,4.1061578,40.222263,0.911161368604901
300.0,742.6457834378195,4.1062779,40.197292,0.911454735090813
300.0,742.6394396398572,4.1066389,40.247196,0.911748102021496
300.0,742.6476103760208,4.1069999,40.222263,0.9120414692291016
300.0,742.6351436163859,4.1072807,40.23473,0.9123348344627144
300.0,742.6461011513261,4.1073608,40.197292,0.9126282010741325
300.0,742.639191179789,4.1078019,40.222263,0.9129215679066656
300.0,742.6469990205071,4.1080027,40.23473,0.913214934872768
300.0,742.6416168401666,4.108243,40.184788,0.9135083026635166
300.0,742.6296485111524,4.1084838,40.184788,0.9138016657263828
300.0,742.6394996141194,4.109005,40.222263,0.9140950297300032
300.0,742.6346850608775,4.1092458,40.23473,0.914388394782472
300.0,742.6381187719829,4.1094465,40.23473,0.91468175824062
300.0,742.6266252713235,4.109767,40.247196,0.9149751201092076
300.0,742.6357879247814,4.1100478,40.197292,0.9152684826466038
300.0,742.6277907679213,4.1104088,40.197292,0.9155618449756006
300.0,742.6409454724283,4.1104488,40.159855,0.9158552095503768
300.0,742.6301141098006,4.1106496,40.184788,0.9161485727971698
300.0,742.6357950535305,4.1112909,40.23473,0.9164419353373822
300.0,742.637580616018,4.1113715,40.184788,0.91673530153369
300.0,742.6447705415368,4.1114917,40.197292,0.9170286676194788
300.0,742.636791959937,4.1120529,40.247196,0.9173220335042416
300.0,742.6353468974686,4.1122537,40.247196,0.9176153988181572
300.0,742.645311975719,4.1125746,40.23473,0.917908765117828
300.0,742.6446413859783,4.1130157,40.222263,0.9182021341033716
300.0,742.6521483040764,4.1131759,40.159855,0.9184955031035892
300.0,742.6376068482248,4.1134167,40.184788,0.9187888693102596
300.0,742.6442361513838,4.1136575,40.23473,0.9190822351849488
300.0,742.6266897732074,4.1139379,40.272167,0.9193755970790164
300.0,742.6322178126132,4.1140985,40.172321,0.9196689582061156
300.0,742.6318712301419,4.1144595,40.172321,0.9199623221470288
300.0,742.6395255420895,4.1145797,40.222263,0.9202556861608916
300.0,742.6373645894265,4.1149406,40.172321,0.9205490522718618
300.0,742.6447775978442,4.1153817,40.209759,0.920842418360438
300.0,742.6350606318364,4.1156626,40.209759,0.9211357835612694
300.0,742.6366777271587,4.1159434,40.222263,0.9214291494009064
300.0,742.6364895151645,4.1160235,40.222263,0.9217225122154512
300.0,742.630623788133,4.1166649,40.222263,0.9220158756635838
300.0,742.6387619396111,4.1167054,40.159855,0.9223092393758016
300.0,742.6283126531622,4.1171064,40.172321,0.9226026019109602
300.0,742.6354006054943,4.1175075,40.284672,0.9228959642953544
300.0,742.6314699631209,4.1175075,40.197292,0.9231893280777538
300.0,742.6312695891214,4.1176677,40.222263,0.9234826888302772
300.0,742.6298727415755,4.1179485,40.259705,0.923776051981722
300.0,742.6268577979331,4.1186304,40.222263,0.9240694109914608
300.0,742.6212981962765,4.1185904,40.222263,0.9243627707556789
300.0,742.6366293717429,4.1191516,40.23473,0.9246561336254708
300.0,742.6254867141524,4.1192317,40.209759,0.9249494950442908
300.0,742.6281158160469,4.1196728,40.209759,0.9252428575016924
300.0,742.638832338157,4.1198335,40.172321,0.9255362212417196
300.0,742.6291529817179,4.1201138,40.209759,0.9258295841088356
300.0,742.6359415874277,4.1205554,40.222263,0.926122946706933
300.0,742.6252324432586,4.1206756,40.172321,0.9264163080253076
300.0,742.6309002640118,4.1210766,40.184788,0.926709668631937
300.0,742.6243090703998,4.1212368,40.197292,0.9270030295855493
300.0,742.6311924645529,4.1215978,40.209759,0.9272963903076062
300.0,742.6212091958566,4.1217585,40.134884,0.9275897500366662
300.0,742.6263542916593,4.1221194,40.222263,0.9278831088475056
300.0,742.6177974799447,4.1226006,40.259705,0.928176467228826
300.0,742.6364636972893,4.1224403,40.197292,0.928469830033172
300.0,742.6235001513254,4.1230416,40.23473,0.9287631906672345
300.0,742.6277653047342,4.1233225,40.197292,0.9290565529861724
300.0,742.6377553547555,4.1236835,40.209759,0.92934991630076
300.0,742.6320564717992,4.1237235,40.197292,0.9296432803148498
300.0,742.6430456171347,4.1240845,40.247196,0.9299366457192436
300.0,742.6358949301973,4.1242046,40.172321,0.9302300112496504
300.0,742.6446947843554,4.1248865,40.159855,0.9305233773055128
300.0,742.6372441308222,4.1249266,40.172321,0.930816743368898
300.0,742.6457702661276,4.1254077,40.209759,0.9311101098496068
300.0,742.6340802541147,4.1254478,40.209759,0.9314034746631568
300.0,742.641174061428,4.1255684,40.159855,0.9316968393282324
300.0,742.6360092243661,4.1261296,40.197292,0.9319902049037888
300.0,742.641639189182,4.1264105,40.209759,0.9322835697526032
300.0,742.6313814865676,4.1266108,40.184788,0.9325769335000516
300.0,742.6319348782871,4.1269717,40.222263,0.9328702974661078
300.0,742.6438541665848,4.1272526,40.159855,0.933163663189902
300.0,742.6356078349733,4.1276135,40.172321,0.9334570286068968
300.0,742.6306642880104,4.1278143,40.134884,0.9337503891203088
300.0,742.6249262314085,4.1279745,40.222263,0.9340437503177196
300.0,742.6356614343007,4.1282554,40.23473,0.9343371128051486
300.0,742.6276575421168,4.1286964,40.247196,0.9346304750815168
300.0,742.6365846936646,4.1288166,40.14735,0.93492383793366
300.0,742.6315153487881,4.1291776,40.159855,0.935217201733988
300.0,742.6348535928961,4.1295786,40.184788,0.9355105639022964
300.0,742.6308587962912,4.1296587,40.209759,0.935803927443265
300.0,742.6388704240454,4.1300597,40.222263,0.9360972911983372
300.0,742.6317320592709,4.1305413,40.197292,0.9363906550842734
300.0,742.625684198734,4.1307015,40.209759,0.9366840165811064
300.0,742.6345414340676,4.1310225,40.197292,0.9369773786261028
300.0,742.6290896143324,4.1311827,40.184788,0.9372707414681866
300.0,742.6352025700888,4.1313834,40.14735,0.9375641037743508
300.0,742.6224879245657,4.1319447,40.209759,0.9378574640085506
300.0,742.6349168258582,4.1320653,40.272167,0.9381508262018378
300.0,742.6339031307514,4.1323862,40.084942,0.9384441909454182
300.0,742.6355530718303,4.1326265,40.23473,0.9387375533900408
300.0,742.6173384001605,4.1326666,40.209759,0.9390309115900096
300.0,742.6329308037562,4.1333485,40.197292,0.9393242729987608
300.0,742.6293186676016,4.1334286,40.14735,0.939617635931328
300.0,742.6378638269116,4.1336293,40.209759,0.9399109992887654
300.0,742.6295475960434,4.1341906,40.159855,0.940204362311767
300.0,742.6303759501563,4.1344314,40.184788,0.9404977256619956
300.0,742.6406393176616,4.1347122,40.097408,0.9407910901158316
300.0,742.6339275568465,4.1351933,40.172321,0.9410844548690612
300.0,742.6411175675854,4.1351933,40.209759,0.9413778195118202
300.0,742.6351429807885,4.1353936,40.259705,0.941671184745182
300.0,742.6356415369953,4.1357946,40.172321,0.941964547224751
300.0,742.6273388295018,4.1364765,40.172321,0.9422579093752173
300.0,742.631594054435,4.1365566,40.197292,0.942551270255914
300.0,742.6251873256638,4.1368375,40.247196,0.9428446315564656
300.0,742.6345028226704,4.1369982,40.134884,0.9431379935862096
300.0,742.6224504738392,4.1374393,40.172321,0.943431353805615
300.0,742.6322298600273,4.1375995,40.184788,0.9437247149374732
300.0,742.6207185604815,4.1379204,40.172321,0.944018074472716
300.0,742.6237940830075,4.1384015,40.247196,0.9443114352228912
300.0,742.6349799982477,4.1384015,40.222263,0.9446047974411332
300.0,742.628484990923,4.1385221,40.172321,0.944898160044371
300.0,742.6338856800105,4.1389632,40.209759,0.9451915218303258
300.0,742.6249199450102,4.1393642,40.172321,0.9454848830252534
300.0,742.6338859239382,4.1398053,40.184788,0.9457782448113046
300.0,742.6242774186302,4.1399655,40.184788,0.9460716057524132
300.0,742.627749795248,4.1403666,40.222263,0.9463649651145166
300.0,742.622679512784,4.1407275,40.222263,0.9466583254244
300.0,742.6336750348473,4.1407275,40.184788,0.9469516871271438
300.0,742.6235704390695,4.1411686,40.23473,0.9472450477889724
300.0,742.6349744312913,4.1415701,40.23473,0.9475384100050152
300.0,742.6266260644902,4.1420913,40.222263,0.947831771873916
300.0,742.6191524782986,4.1418905,40.247196,0.9481251307905052
300.0,742.6283411314923,4.1425323,40.197292,0.9484184903862034
300.0,742.6185615875588,4.1428533,40.172321,0.9487118490693712
300.0,742.6266919151587,4.1429334,40.122375,0.9490052080135816
300.0,742.6222975084987,4.1433744,40.184788,0.9492985681725608
300.0,742.6234772254434,4.1434951,40.184788,0.949591925846876
300.0,742.6216225846578,4.1438556,40.184788,0.9498852857392382
300.0,742.6252219124993,4.1441364,40.247196,0.9501786441027552
300.0,742.6261869427926,4.1446176,40.222263,0.9504720057981884
300.0,742.6293526726662,4.1445775,40.172321,0.9507653657934748
300.0,742.6227302324763,4.1449385,40.172321,0.951058726123394
300.0,742.6285766306885,4.1452193,40.172321,0.9513520858121214
300.0,742.6184079141799,4.1457005,40.14735,0.9516454444345832
300.0,742.6201077595397,4.1458211,40.14735,0.9519388037285398
300.0,742.6315243152308,4.1461821,40.184788,0.9522321645816876
300.0,742.6281655960538,4.1463423,40.172321,0.9525255270587536
300.0,742.6276408344178,4.1469035,40.172321,0.9528188863778144
300.0,742.6169244866743,4.1470242,40.134884,0.9531122444142738
300.0,742.6265844559579,4.1474252,40.172321,0.9534056033160346
300.0,742.6171857028922,4.1475854,40.259705,0.953698961455683
300.0,742.6257626996181,4.1479864,40.184788,0.9539923200328264
300.0,742.61908933151,4.1483874,40.172321,0.9542856789244704
300.0,742.622510691814,4.1486683,40.184788,0.9545790362169772
300.0,742.6158615267162,4.1489892,40.184788,0.9548723938335324
300.0,742.6272397463066,4.1493101,40.172321,0.955165752994152
300.0,742.6142960797215,4.1493502,40.159855,0.9554591099923044
300.0,742.6186622591517,4.1497111,40.134884,0.9557524687152408
300.0,742.6264570020442,4.1501522,40.247196,0.9560458275666538
300.0,742.6197957618294,4.1506734,40.172321,0.956339186737361
300.0,742.6324717688767,4.1508741,40.172321,0.95663254796478
300.0,742.6237617592154,4.1508741,40.122375,0.9569259087021864
300.0,742.6325051067677,4.1513152,40.159855,0.9572192699427748
300.0,742.6235956951655,4.1517563,40.184788,0.9575126306145804
300.0,742.6305054861,4.1520772,40.209759,0.9578059910652612
300.0,742.6245572877704,4.1524382,40.159855,0.9580993521169272
300.0,742.6284873097297,4.1527591,40.272167,0.9583927117703702
300.0,742.6230487134441,4.1528392,40.184788,0.9586860722261
300.0,742.6327201221676,4.1533604,40.122375,0.9589794335516256
300.0,742.6219283937854,4.153441,40.209759,0.9592727935647926
300.0,742.6240735498346,4.1540022,40.197292,0.9595661544253664
300.0,742.6347514685928,4.154243,40.172321,0.9598595165533323
300.0,742.629936278399,4.154604,40.209759,0.9601528797298764
300.0,742.6367943880824,4.1547642,40.197292,0.9604462426648546
300.0,742.6238950099854,4.1549244,40.159855,0.9607396034548992
300.0,742.6297166023057,4.1552052,40.172321,0.9610329635939482
300.0,742.6245702636986,4.1555662,40.159855,0.9613263246507402
300.0,742.6340958983,4.1560073,40.184788,0.9616196865197372
300.0,742.6266896144105,4.1562481,40.172321,0.9619130484137424
300.0,742.6340194580389,4.1565289,40.172321,0.9622064102525432
300.0,742.6281733349538,4.1568494,40.209759,0.9624997727326664
300.0,742.6336246199637,4.1572104,40.209759,0.9627931344154952
300.0,742.6312280816703,4.1574111,40.172321,0.9630864981023436
300.0,742.6172968934337,4.1578121,40.172321,0.9633798533352496
300.0,742.5920096482986,4.1579723,40.159855,0.9636732015295308
300.0,742.5982932729167,4.1582932,40.159855,0.9639665522060497
300.0,742.6027314953423,4.1586943,40.134884,0.9642599016852038
300.0,742.5908434792691,4.1590552,40.14735,0.96455324941881
300.0,742.6042663541476,4.1594963,40.14735,0.9648465995042774
300.0,742.5899025049044,4.1598172,40.159855,0.965139946866168
300.0,742.6067290758403,4.1601782,40.184788,0.9654332979244816
300.0,742.5985538428962,4.1603389,40.184788,0.9657266487039342
300.0,742.6024839229477,4.1604991,40.134884,0.96601999808529
300.0,742.591640167288,4.1609402,40.184788,0.966313346133614
300.0,742.6024015494294,4.1614614,40.197292,0.96660669548243
300.0,742.5933655986162,4.1617022,40.172321,0.966900044212356
300.0,742.6013062677592,4.161983,40.184788,0.9671933931285042
300.0,742.5931172723795,4.162384,40.159855,0.9674867417603332
300.0,742.5985090920079,4.1625843,40.184788,0.9677800925221076
300.0,742.597983191017,4.1629853,40.14735,0.9680734401255447
300.0,742.5890054870335,4.163106,40.122375,0.9683667871330838
300.0,742.6027193251457,4.1636672,40.209759,0.9686601366074302
300.0,742.5980250250185,4.1637473,40.222263,0.9689534871779826
300.0,742.5986073637907,4.1644292,40.172321,0.9692468350279858
300.0,742.5925379779162,4.1645498,40.122375,0.9695401834309744
300.0,742.59909059418,4.1648302,40.172321,0.9698335314718676
300.0,742.5907871190076,4.165071,40.134884,0.9701268791832096
300.0,742.6014710393524,4.1657529,40.197292,0.9704202281644474
300.0,742.5847022473009,4.1658731,40.159855,0.9707135734720655
300.0,742.59177607729,4.1661139,40.197292,0.9710069186235136
300.0,742.5891198045308,4.1662741,40.184788,0.971300265676212
300.0,742.5925699980295,4.1668758,40.172321,0.9715936140918496
300.0,742.6030185930448,4.1668758,40.122375,0.9718869636844156
300.0,742.5980763680303,4.1671562,40.14735,0.97218031427525
300.0,742.6053286654557,4.1677179,40.184788,0.9724736647803612
300.0,742.5973876738667,4.1679182,40.159855,0.9727670150991388
300.0,742.6070607304757,4.1684799,40.172321,0.9730603662884656
300.0,742.5946829027275,4.1686401,40.159855,0.9733537155387698
300.0,742.5990840506939,4.1691213,40.197292,0.973647063577078
300.0,742.5928627317762,4.1692419,40.184788,0.9739404121083552
300.0,742.6032215859963,4.1696029,40.159855,0.9742337617811092
300.0,742.5895848293815,4.1700439,40.184788,0.9745271090175076
300.0,742.600179577929,4.1702442,40.122375,0.9748204574885806
300.0,742.5841161536232,4.1705651,40.122375,0.9751138025646726
300.0,742.5848676282781,4.1711669,40.184788,0.9754071479376216
300.0,742.5955260600185,4.1711669,40.134884,0.9757004945704212
300.0,742.5850394536318,4.1717682,40.247196,0.9759938400112468
300.0,742.5904137523843,4.1721692,40.172321,0.9762871846245376
300.0,742.5782216869333,4.1722898,40.184788,0.976580527372122
300.0,742.5901345397708,4.1725702,40.14735,0.9768738718751154
300.0,742.5820531635821,4.1731319,40.184788,0.9771672161362588
300.0,742.5925474187462,4.1732521,40.14735,0.977460561592409
300.0,742.5755933540584,4.1737337,40.209759,0.9777539033017156
300.0,742.5865624745431,4.1740141,40.172321,0.9780472463936406
300.0,742.580182456701,4.1742549,40.097408,0.9783405899157932
300.0,742.5852323399218,4.174736,40.172321,0.9786339324822768
300.0,742.5768342174498,4.1750569,40.172321,0.9789272746817652
300.0,742.5816722569609,4.1752172,40.209759,0.9792206187924376
300.0,742.5902299257733,4.1757388,40.23473,0.9795139633331116
300.0,742.5854215315859,4.175859,40.134884,0.9798073089248708
300.0,742.5942148109752,4.1763802,40.172321,0.9801006550396888
300.0,742.5592648651676,4.176661,40.197292,0.9803939902987072
300.0,742.5548049168576,4.1769018,40.222263,0.9806873208454816
300.0,742.5468523620087,4.1773829,40.184788,0.980980651201154
300.0,742.5533023948569,4.1776638,40.109909,0.9812739811543888
300.0,742.5452549198662,4.177784,40.197292,0.981567310879019
300.0,742.5571917094735,4.1783857,40.134884,0.9818606423686452
300.0,742.5565916238353,4.1786661,40.14735,0.9821539765716456
300.0,742.556217424588,4.1789069,40.084942,0.9824473076764012
300.0,742.5540140114715,4.1794281,40.14735,0.98274064086116
300.0,742.5536257064634,4.1796288,40.159855,0.9830339738925254
300.0,742.558451640773,4.1799097,40.159855,0.983327305879861
300.0,742.547584890294,4.1803508,40.109909,0.983620636524906
300.0,742.556020475398,4.1807518,40.134884,0.983913967551861
300.0,742.5543638503524,4.1810727,40.172321,0.9842073008748176
300.0,742.5564214169888,4.1814337,40.134884,0.984500632060156
300.0,742.5544402546474,4.1818347,40.084942,0.9847939654132948
300.0,742.5565357728798,4.1819549,40.172321,0.9850872966438072
300.0,742.5395828525221,4.1822758,40.184788,0.985380624127785
300.0,742.5438433588643,4.1827569,40.14735,0.9856739503444282
300.0,742.5464067341345,4.1829977,40.172321,0.9859672805240628
300.0,742.552341695031,4.1834788,40.14735,0.9862606100977938
300.0,742.5511749135895,4.1837997,40.134884,0.9865539421610158
300.0,742.5531411266578,4.1841607,40.159855,0.9868472750009564
300.0,742.5624246234443,4.1844816,40.172321,0.9871406085577344
300.0,742.5462155842451,4.184762,40.14735,0.9874339386618588
300.0,742.5534746127965,4.1850429,40.209759,0.9877272686831248
300.0,742.5446752357773,4.1852837,40.197292,0.9880205981787608
300.0,742.5532199104251,4.1858048,40.14735,0.988313928099412
300.0,742.5466035839372,4.1860456,40.122375,0.9886072583568088
300.0,742.5480579806726,4.186727,40.14735,0.9889005862383492
300.0,742.5423579490582,4.1867676,40.172321,0.9891939148185808
300.0,742.5471663750338,4.1872487,40.222263,0.9894872423479112
300.0,742.5382654628731,4.187489,40.14735,0.9897805693114768
300.0,742.5479359467856,4.1877298,40.122375,0.99007389714481
300.0,742.5397224752279,4.1881309,40.23473,0.9903672246839434
300.0,742.5471580741392,4.1886525,40.14735,0.990660555160382
300.0,742.554703097464,4.1888528,40.14735,0.9909538856669348
300.0,742.541574969562,4.189374,40.122375,0.9912472139378642
300.0,742.5478157427664,4.1894946,40.134884,0.9915405417237134
300.0,742.5409959685459,4.1898956,40.134884,0.9918338697659184
300.0,742.5452948917688,4.1902966,40.172321,0.9921271965559588
300.0,742.5439937816127,4.1906977,40.14735,0.992420525782398
300.0,742.5544356641896,4.1908979,40.159855,0.9927138561833072
300.0,742.5468396426933,4.191299,40.134884,0.9930071865339548
300.0,742.5512783106045,4.1917806,40.197292,0.9933005156876182
300.0,742.5458785993297,4.1922216,40.097408,0.9935938456586224
300.0,742.5476121776486,4.1923418,40.172321,0.9938871733640576
300.0,742.5455091678409,4.1927428,40.184788,0.9941805031891242
300.0,742.5480050418846,4.1933045,40.134884,0.9944738340001428
300.0,742.5536908732105,4.1936655,40.172321,0.994767164106838
300.0,742.5500156894749,4.1939459,40.159855,0.9950604957121284
300.0,742.5571535138995,4.1943069,40.14735,0.9953538271866664
300.0,742.5531026617585,4.1944675,40.109909,0.995647160011412
300.0,742.5531249889495,4.1948285,40.122375,0.9959404898945664
300.0,742.5491052078252,4.1950688,40.172321,0.9962338211401868
300.0,742.5604128088421,4.1957107,40.172321,0.9965271539022402
300.0,742.5503853407421,4.1960316,40.14735,0.9968204856535552
300.0,742.5587327704299,4.1962318,40.172321,0.9971138177519449
300.0,742.5505376479753,4.1967936,40.247196,0.997407149563426
300.0,742.5480128024607,4.1970339,40.222263,0.9977004774271194
300.0,742.538411397352,4.1973147,40.197292,0.997993804448334
300.0,742.5421674347663,4.1978765,40.122375,0.9982871329533064
300.0,742.5531054939613,4.1980367,40.184788,0.99858046282876
300.0,742.5480564704338,4.1985579,40.134884,0.9988737936600944
300.0,742.554556733825,4.1987586,40.184788,0.9991671241088296
300.0,742.5469542172126,4.1992798,40.134884,0.999460454504738
300.0,742.5467336819013,4.1994805,40.172321,0.999753781863142
300.0,742.5365961347734,4.1997614,40.197292,1.0
300.0,-701.3276766547305,4.1921415,39.960121,1.0
300.0,-701.3276766547305,4.176621,39.960121,0.9997295051666772
300.0,-737.7750447517321,4.1749768,40.010063,0.999444950098214
300.0,-737.7883406478762,4.1738539,40.034996,0.9991603927637834
300.0,-737.7653063935413,4.17237,40.010063,0.998875841451342
300.0,-737.7605056833678,4.1715679,40.010063,0.9985912919905036
300.0,-737.7784427792487,4.1703248,40.059967,0.9983067384735788
300.0,-737.7617156631092,4.1694822,39.985092,0.998022188546059
300.0,-737.7700782685479,4.16852,39.997559,0.9977376382552394
300.0,-737.769882324486,4.1675172,39.972588,0.9974530851778912
300.0,-737.7622167879176,4.1667552,39.997559,0.9971685379191632
300.0,-737.7554769591147,4.1663141,39.972588,0.9968839903978712
300.0,-737.7644381378559,4.1655521,40.010063,0.9965994422823916
300.0,-737.7574622770601,4.1647902,40.047501,0.9963148939953756
300.0,-737.7624970994996,4.1640682,40.034996,0.9960303466285344
300.0,-737.7558521770983,4.1633463,40.02253,0.9957457989625234
300.0,-737.7629863477589,4.1628251,40.010063,0.9954612514069844
300.0,-737.7554387756961,4.1621833,40.010063,0.9951767039004192
300.0,-737.7614427273618,4.1615019,39.985092,0.9948921540781692
300.0,-737.7632350673221,4.1610603,40.059967,0.9946076064267017
300.0,-737.7567119021221,4.160459,40.047501,0.9943230584291
300.0,-737.7626945004668,4.1598573,40.02253,0.9940385109861234
300.0,-737.7511227312448,4.1590552,40.047501,0.993753965144229
300.0,-737.7559710265022,4.158895,40.02253,0.9934694202944268
300.0,-737.746845199798,4.158133,40.010063,0.9931848761023486
300.0,-737.7552524435043,4.157732,40.047501,0.9929003315296964
300.0,-737.746202209615,4.1568494,39.947655,0.9926157875856156
300.0,-737.7509615755077,4.1564884,39.972588,0.9923312446679068
300.0,-737.7458332415902,4.1560874,39.985092,0.9920467008661344
300.0,-737.7449844556803,4.1554861,40.02253,0.9917621602537388
300.0,-737.7393524122613,4.1553254,40.059967,0.9914776189515804
300.0,-737.7349039221266,4.1543632,39.985092,0.991193079365176
300.0,-737.7499054052184,4.1539621,39.972588,0.990908536854821
300.0,-737.7297022616709,4.1535211,39.985092,0.9906239992746634
300.0,-737.7422355760185,4.1533203,40.034996,0.9903394597224824
300.0,-737.7316757754734,4.1528392,39.972588,0.9900549213811533
300.0,-737.7391343507106,4.1525583,39.997559,0.9897703830250828
300.0,-737.7375641513997,4.151556,39.972588,0.9894858424126451
300.0,-737.7376518475476,4.1513152,40.084942,0.9892013046283608
300.0,-737.7331653315554,4.1510744,39.997559,0.9889167657125194
300.0,-737.7444055096657,4.1505132,40.010063,0.9886322253234174
300.0,-737.7372019461546,4.1499515,40.047501,0.98834768485068
300.0,-737.7494408275011,4.1493902,39.997559,0.988063142519508
300.0,-737.7465020617467,4.1491494,40.072475,0.987778598459776
300.0,-737.7473799507326,4.1485481,40.059967,0.9874940540614476
300.0,-737.7510513220867,4.1483073,40.072475,0.9872095111091248
300.0,-737.7449804867633,4.1478262,39.972588,0.9869249676362544
300.0,-737.7492429260436,4.1472645,40.034996,0.986640425381411
300.0,-737.7449228576284,4.1468635,40.02253,0.9863558819307676
300.0,-737.7523757189178,4.1467032,40.034996,0.9860713384676384
300.0,-737.7483915915573,4.1461015,40.047501,0.9857867936791268
300.0,-737.7575378318528,4.1457005,40.059967,0.9855022482250242
300.0,-737.7500407538545,4.1455002,40.059967,0.9852177028004414
300.0,-737.7595239266267,4.1448584,40.034996,0.9849331565803224
300.0,-737.7502760676931,4.1442571,40.034996,0.9846486110649808
300.0,-737.7613637315462,4.1438961,40.02253,0.984364064135268
300.0,-737.7575713707762,4.1434951,40.047501,0.9840795158061748
300.0,-737.7518740461466,4.1433344,40.02253,0.9837949696745032
300.0,-737.7577477817539,4.1427331,40.034996,0.9835104241394248
300.0,-737.7551024002647,4.1422114,40.010063,0.983225876762598
300.0,-737.7643686672687,4.1420112,40.010063,0.9829413286739124
300.0,-737.7582144830657,4.1417704,40.034996,0.982656780096775
300.0,-737.7595047614948,4.1411686,40.02253,0.9823722338840478
300.0,-737.7502636043702,4.1405673,40.047501,0.9820876883735132
300.0,-737.7615423824037,4.1402864,40.034996,0.9818031413748964
300.0,-737.7479144575116,4.1399255,39.997559,0.9815185967704124
300.0,-737.7440424339749,4.1394444,40.047501,0.9812340565213452
300.0,-737.7362659763652,4.1391635,40.02253,0.9809495164096051
300.0,-737.7462069721039,4.1385622,40.034996,0.9806649753256976
300.0,-737.7430448267453,4.1382813,40.047501,0.9803804325993988
300.0,-737.7500452009268,4.1378803,40.010063,0.9800958900351264
300.0,-737.7477872852878,4.1374793,40.02253,0.979811345479692
300.0,-737.7395956240144,4.1371984,40.047501,0.9795268040837284
300.0,-737.7596062877325,4.1364765,39.997559,0.9792422578318436
300.0,-737.7435798096469,4.1362762,40.059967,0.9789577148992052
300.0,-737.7540620073469,4.1358752,40.047501,0.978673170785692
300.0,-737.7450761284191,4.1355543,40.034996,0.9783886272759332
300.0,-737.7527818612535,4.1349926,40.034996,0.9781040836561592
300.0,-737.7487481451,4.1345916,40.010063,0.9778195387301272
300.0,-737.7605038391563,4.1342306,40.047501,0.977534992132066
300.0,-737.7483481835694,4.1341505,40.047501,0.9772504473602966
300.0,-737.7498929539748,4.1333084,40.072475,0.9769659048547444
300.0,-737.7506833289825,4.1331077,40.02253,0.9766813591823243
300.0,-737.7537310729266,4.1327872,40.072475,0.9763968151964492
300.0,-737.7436618405317,4.1322656,40.109909,0.976112272232172
300.0,-737.7495631559707,4.1318245,40.047501,0.975827726991796
300.0,-737.7560157166699,4.1312633,40.047501,0.9755431821247572
300.0,-737.7458080708399,4.1312633,40.072475,0.9752586383326928
300.0,-737.7553347803541,4.1310625,40.047501,0.9749740937282844
300.0,-737.7506650551472,4.1304612,39.960121,0.9746895480629124
300.0,-737.7538390447058,4.1301003,40.047501,0.9744050040353937
300.0,-737.7724471197531,4.1297793,39.985092,0.9741204499688204
300.0,-737.779563695961,4.1294184,40.034996,0.9738358960195695
300.0,-737.7720405420481,4.1288166,40.034996,0.9735513421098106
300.0,-737.7804027629892,4.1286964,40.059967,0.9732667878369404
300.0,-737.7779474360517,4.1281347,39.997559,0.9729822316489304
300.0,-737.7843434338214,4.1276135,39.997559,0.9726976758561842
300.0,-737.7734596638384,4.1274934,39.997559,0.9724131213990792
300.0,-737.765815668523,4.1270924,40.072475,0.9721285698902138
300.0,-737.7764117013438,4.1265707,40.072475,0.9718440171566546
300.0,-737.771639323206,4.1262503,40.047501,0.9715594634016432
300.0,-737.78426754227,4.1260095,40.059967,0.9712749076381674
300.0,-737.7846124563952,4.1255283,40.097408,0.9709903488795024
300.0,-737.7907094839696,4.1250467,40.034996,0.9707057906314364
300.0,-737.7787813555046,4.1248465,40.047501,0.9704212341217892
300.0,-737.7834718104637,4.1243653,40.072475,0.9701366786652192
300.0,-737.7821174728606,4.1243248,40.059967,0.969852120868853
300.0,-737.7856990563912,4.1236033,40.010063,0.969567564553257
300.0,-737.772256849604,4.1233225,40.084942,0.9692830105600698
300.0,-737.7691360027012,4.1230016,40.047501,0.9689984606326724
300.0,-737.7680486171447,4.1225204,40.084942,0.9687139082625732
300.0,-737.7747782246539,4.1219988,40.047501,0.9684293532969076
300.0,-737.8082077600375,4.1218386,40.059967,0.9681447882999376
300.0,-737.8137728681314,4.1214776,40.02253,0.96786021829429
300.0,-737.8185587561524,4.1211967,40.034996,0.9675756493050476
300.0,-737.8213221617706,4.1207156,40.059967,0.9672910763876864
300.0,-737.8324039728199,4.1203947,40.097408,0.9670065020584871
300.0,-737.8199481446959,4.1200738,40.034996,0.9667219296710754
300.0,-737.8305460159474,4.1194725,40.034996,0.9664373560584708
300.0,-737.8187758357232,4.1192317,40.059967,0.9661527841232112
300.0,-737.8345752248084,4.1190314,40.047501,0.9658682089565824
300.0,-737.8196234635966,4.1185098,40.034996,0.965583636694398
300.0,-737.8208123816208,4.1182694,40.072475,0.9652990668359556
300.0,-737.8093114386535,4.1180687,40.02253,0.9650144985510526
300.0,-737.8217488321611,4.1177478,40.02253,0.9647299254691274
300.0,-737.827985980069,4.1170259,40.109909,0.9644453528439022
300.0,-737.8167464017628,4.1169057,40.034996,0.964160781691382
300.0,-737.8247273686922,4.1163845,40.072475,0.9638762103229696
300.0,-737.8164537395232,4.1160636,40.010063,0.9635916392833274
300.0,-737.816949213655,4.1156225,40.097408,0.9633070709148688
300.0,-737.8177265851959,4.1154618,39.985092,0.9630224993842984
300.0,-737.8222377555708,4.1152215,40.02253,0.9627379289761038
300.0,-737.8131491893841,4.1148605,39.997559,0.9624533592110052
300.0,-737.8190811344598,4.1140585,40.072475,0.962168790020287
300.0,-737.8091582044605,4.1137376,40.02253,0.9618842217944856
300.0,-737.8119895554689,4.1136975,40.047501,0.9615996553389158
300.0,-737.8098397931088,4.1131759,40.109909,0.96131508685023
300.0,-737.8128819543031,4.1128149,40.047501,0.9610305171882022
300.0,-737.8175722029082,4.1124139,40.034996,0.9607459485794632
300.0,-737.8074262300958,4.1123738,40.097408,0.9604613810216732
300.0,-737.8238618000183,4.1118126,40.010063,0.9601768099871016
300.0,-737.8140595367802,4.1112509,40.047501,0.9598922398708878
300.0,-737.817311727856,4.1111307,40.02253,0.9596076713626112
300.0,-737.8186615539604,4.1105695,40.059967,0.9593230994714294
300.0,-737.818088453297,4.1103287,40.02253,0.959038530663578
300.0,-737.8181018153857,4.1099677,40.084942,0.9587539589882834
300.0,-737.8305834917222,4.109767,40.084942,0.9584693853612248
300.0,-737.8194772240704,4.1096468,40.059967,0.9581848131554442
300.0,-737.8303479558065,4.1090856,40.122375,0.9579002396192294
300.0,-737.827356911627,4.1086845,40.047501,0.957615664374304
300.0,-737.8268164478488,4.1083636,40.047501,0.9573310893378322
300.0,-737.8385721092964,4.1078825,40.072475,0.9570465126296464
300.0,-737.8300633810608,4.1075616,40.047501,0.9567619363408534
300.0,-737.8308004850578,4.10708,40.072475,0.9564773626301027
300.0,-737.828484042676,4.1069598,40.059967,0.9561927869504504
300.0,-737.8343134924767,4.1068397,40.084942,0.955908211884769
300.0,-737.8306103755463,4.1059575,40.084942,0.9556236353850036
300.0,-737.836090430799,4.1058369,40.072475,0.9553390596339758
300.0,-737.8237476388333,4.1055965,40.072475,0.9550544857811236
300.0,-737.8375608611377,4.1050348,40.097408,0.954769909462966
300.0,-737.8298591339328,4.1049547,39.997559,0.9544853332529496
300.0,-737.8397435268038,4.1046739,40.059967,0.9542007560929602
300.0,-737.8301455827905,4.1039519,40.097408,0.9539161797724623
300.0,-737.8325705471776,4.1039119,40.097408,0.9536316025166716
300.0,-737.8387520418619,4.103631,40.072475,0.9533470257390878
300.0,-737.8327040792701,4.1030297,40.02253,0.9530624484317944
300.0,-737.8330468840501,4.1031499,40.072475,0.952777873854631
300.0,-737.8254538198573,4.1026287,40.122375,0.9524932993437158
300.0,-737.8322073164532,4.1023879,40.084942,0.9522087250903648
300.0,-737.8255242174906,4.1018667,40.084942,0.951924150552298
300.0,-737.8383183604074,4.101265,40.072475,0.9516395739419804
300.0,-737.8301199725473,4.1011047,40.047501,0.9513549976313604
300.0,-737.8388907511661,4.1004629,40.059967,0.9510704208002778
300.0,-737.8233598110094,4.100503,40.084942,0.9507858470970084
300.0,-737.8263567476407,4.100142,40.047501,0.9505012751001612
300.0,-737.8244611243149,4.0997009,40.072475,0.9502167009721224
300.0,-737.8226029541632,4.0995808,40.072475,0.949932127560768
300.0,-737.8295522727805,4.09934,40.059967,0.94964755433144
300.0,-737.8232770721758,4.098618,40.097408,0.9493629806600824
300.0,-737.825026003072,4.0986581,40.109909,0.9490784091764896
300.0,-737.8202663683346,4.0981369,40.059967,0.9487938366663412
300.0,-737.8307874967464,4.0977759,40.059967,0.9485092629605998
300.0,-737.8236019974435,4.0974951,40.109909,0.9482246891639208
300.0,-737.8282665968661,4.0971341,40.059967,0.9479401164304644
300.0,-737.8181089930476,4.097014,40.010063,0.9476555447524018
300.0,-737.8269550907214,4.0964127,40.047501,0.94737097252478
300.0,-737.8206410248548,4.096292,40.02253,0.9470863998701288
300.0,-737.8288071515167,4.0959311,40.084942,0.9468018269281864
300.0,-737.8150464095899,4.0956907,40.059967,0.946517256431342
300.0,-737.8115386378145,4.0952091,40.047501,0.9462326872874228
300.0,-737.8223848144526,4.0948887,40.109909,0.9459481168225092
300.0,-737.8112141764041,4.0944877,40.109909,0.9456635478037326
300.0,-737.8245678951233,4.0941668,40.047501,0.9453789764968276
300.0,-737.8160143861273,4.093926,40.084942,0.9450944056266412
300.0,-737.8644683678785,4.0933647,40.109909,0.9448098189305362
300.0,-737.8550661949018,4.093164,40.134884,0.9445252329983193
300.0,-737.8639592587089,4.092803,40.059967,0.9442406464985726
300.0,-737.8503181455806,4.0927229,40.047501,0.9439560623976476
300.0,-737.8602864482549,4.092402,40.034996,0.943671477314466
300.0,-737.8491272819489,4.0918407,40.084942,0.9433868936728494
300.0,-737.85821701566,4.09168,40.072475,0.9431023093878264
300.0,-737.8544175650419,4.0915198,40.134884,0.942817723705782
300.0,-737.8549779018041,4.0911589,40.034996,0.9425331378076192
300.0,-737.8689748865462,4.090838,40.084942,0.9422485493733966
300.0,-737.8595677120757,4.0903969,40.109909,0.9419639617049737
300.0,-737.8643479082671,4.0902767,40.072475,0.9416793750553288
300.0,-737.8601020357956,4.0895948,40.010063,0.9413947871808206
300.0,-737.8653469981238,4.0897551,40.084942,0.9411102001458372
300.0,-737.8556968438107,4.089354,40.109909,0.9408256139703832
300.0,-737.8571222831599,4.0889931,40.072475,0.9405410301075872
300.0,-737.8556840020467,4.0885921,40.097408,0.940256443937086
300.0,-737.870152785995,4.0882711,40.097408,0.9399718550485598
300.0,-737.8618584485079,4.0878301,40.097408,0.9396872664966146
300.0,-737.8719727787511,4.087389,40.084942,0.939402676906136
300.0,-737.8583196709712,4.0874691,40.059967,0.9391180897190744
300.0,-737.868390205394,4.0869479,40.122375,0.9388334986478728
300.0,-737.8721060436256,4.0866671,40.059967,0.9385489090059954
300.0,-737.8616991231004,4.086266,40.059967,0.938264320515501
300.0,-737.865937882759,4.0860658,40.109909,0.9379797332526192
300.0,-737.8584023487724,4.0856242,40.059967,0.9376951460336695
300.0,-737.8666133869616,4.085464,40.109909,0.9374105585102528
300.0,-737.8593893437364,4.085063,40.122375,0.9371259709106254
300.0,-737.8656327907255,4.0847421,40.084942,0.9368413837654148
300.0,-737.866658987822,4.084301,40.047501,0.9365567933619324
300.0,-737.8686689033935,4.0839,40.059967,0.9362722050457244
300.0,-737.8613688634236,4.0838199,40.059967,0.9359876166826092
300.0,-737.8625715680744,4.0836191,40.097408,0.9357030307180804
300.0,-737.8512917250087,4.0829773,40.134884,0.9354184462416522
300.0,-737.8520110577153,4.0825763,40.034996,0.935133861487782
300.0,-737.8575425612729,4.0824962,40.134884,0.934849277462889
300.0,-737.8480652019229,4.0822153,40.059967,0.93456469423091
300.0,-737.8616668878439,4.082015,40.097408,0.934280108615307
300.0,-737.849688070418,4.0815339,40.084942,0.933995524757398
300.0,-737.8595155944497,4.0813332,40.122375,0.9337109399715264
300.0,-737.8512160051934,4.0810523,40.134884,0.933426355524303
300.0,-737.8651933230201,4.0807719,40.072475,0.9331417685485904
300.0,-737.8514254158214,4.0805712,40.072475,0.9328571840205984
300.0,-737.8660399096805,4.0801702,40.097408,0.932572596718366
300.0,-737.8520434915501,4.0797291,40.072475,0.9322880119519864
300.0,-737.8668419526072,4.0794883,40.097408,0.9320034243404144
300.0,-737.8620109868511,4.0791273,40.122375,0.9317188357296364
300.0,-737.8513175061479,4.0787263,40.084942,0.9314342512432644
300.0,-737.8634684235583,4.0785661,40.097408,0.9311496649328276
300.0,-737.8549843349002,4.0783253,40.084942,0.9308650790321836
300.0,-737.8585090704737,4.0778441,40.122375,0.9305804946345182
300.0,-737.8564985612552,4.0776439,40.034996,0.9302959081498468
300.0,-737.8638886528652,4.0772829,40.072475,0.930011321677332
300.0,-737.8576956992373,4.076962,40.097408,0.9297267347309324
300.0,-737.8663655218588,4.0768414,40.072475,0.9294421473031148
300.0,-737.8645893196339,4.0766411,40.122375,0.9291575576978904
300.0,-737.8686442572722,4.07616,40.109909,0.928872969391188
300.0,-737.8641758694421,4.075799,40.059967,0.9285883799454284
300.0,-737.8658556312812,4.0754781,40.184788,0.9283037927142704
300.0,-737.8563267481284,4.0753174,40.084942,0.9280192062958664
300.0,-737.8587846712912,4.0749569,40.097408,0.9277346189294572
300.0,-737.8657349884937,4.0744352,40.122375,0.92745003174483
300.0,-737.8837303809062,4.074275,40.109909,0.9271654347570216
300.0,-737.9028526825675,4.0738339,40.097408,0.9268808332564836
300.0,-737.8883458990321,4.0736732,40.047501,0.9265962344884998
300.0,-737.8999111138958,4.0732722,40.084942,0.9263116341224942
300.0,-737.8943863373422,4.0731521,40.097408,0.9260270330247524
300.0,-737.9052014623506,4.0728312,40.122375,0.9257424306183142
300.0,-737.8917322236863,4.0725503,40.072475,0.9254578305442468
300.0,-737.8947876852411,4.07231,40.084942,0.9251732321542948
300.0,-737.8886195915609,4.071909,40.059967,0.9248886332807496
300.0,-737.8903821803607,4.071548,40.109909,0.924604036589955
300.0,-737.886423337116,4.0713472,40.084942,0.9243194385634912
300.0,-737.8937053795273,4.0711064,40.122375,0.9240348405909732
300.0,-737.8933942276964,4.0706654,40.034996,0.9237502398758816
300.0,-737.8879899925081,4.0705051,40.14735,0.9234656412451688
300.0,-737.8988804686168,4.0702243,40.059967,0.9231810412766724
300.0,-737.8890523899236,4.0697031,40.084942,0.9228964422361996
300.0,-737.890019714953,4.0694623,40.159855,0.9226118456852044
300.0,-737.8838899260409,4.0694623,40.047501,0.9223272486358608
300.0,-737.9012866829096,4.0690212,40.109909,0.9220426477393124
300.0,-737.8933882706588,4.0685401,40.159855,0.9217580470265184
300.0,-737.9038910426773,4.0686603,40.097408,0.9214734451254952
300.0,-737.8975437201767,4.0679383,40.109909,0.9211888428099716
300.0,-737.9033295161702,4.0677781,40.109909,0.9209042411255236
300.0,-737.8988933599492,4.0673771,40.134884,0.9206196382894524
300.0,-737.9125734872664,4.0671763,40.084942,0.9203350330397
300.0,-737.9086260906847,4.0670161,40.034996,0.9200504264497776
300.0,-737.8990905391892,4.0664945,40.047501,0.9197658235376556
300.0,-737.9079837894996,4.0664945,40.134884,0.9194812200581024
300.0,-737.8999437578285,4.0660133,40.122375,0.9191966168168996
300.0,-737.9075882429441,4.065773,40.109909,0.9189120134899048
300.0,-737.8999695634217,4.0653715,40.084942,0.9186274102387486
300.0,-737.9006762913405,4.0649304,40.134884,0.918342809577622
300.0,-737.899090356066,4.0647302,40.084942,0.9180582066655706
300.0,-737.9007452615429,4.0644093,40.109909,0.917773605977843
300.0,-737.8913886583372,4.0642891,40.097408,0.9174890060362866
300.0,-737.9036736953317,4.0639682,40.14735,0.9172044042190924
300.0,-737.8987147832911,4.0635271,40.059967,0.9169198014518968
300.0,-737.9359348566729,4.0635271,40.034996,0.9166351871919062
300.0,-737.9209617146413,4.0629654,40.197292,0.9163505758442132
300.0,-737.9187848936746,4.0629654,40.047501,0.9160659653361058
300.0,-737.9294158271498,4.0625243,40.122375,0.9157813535904372
300.0,-737.9245654333372,4.0621634,40.084942,0.9154967408528132
300.0,-737.9297214318,4.0621233,40.109909,0.9152121289892764
300.0,-737.9191868815748,4.0616822,40.122375,0.9149275183261248
300.0,-737.9338987250319,4.0614014,40.072475,0.9146429048514492
300.0,-737.9272012365282,4.0609603,40.109909,0.9143582910972126
300.0,-737.937086645129,4.0608401,40.109909,0.914073676392989
300.0,-737.927321133434,4.0605192,40.109909,0.9137890625925092
300.0,-737.9452717968758,4.0600781,40.059967,0.9135044447313572
300.0,-737.9311917820485,4.0599174,40.097408,0.9132198294379932
300.0,-737.9355907263686,4.0595965,40.122375,0.91293521531073
300.0,-737.9248251245101,4.0595164,40.072475,0.9126506024729448
300.0,-737.9286589445919,4.0590754,40.084942,0.9123659881564796
300.0,-737.9397851704928,4.0586343,40.034996,0.9120813724114628
300.0,-737.929218439075,4.0585542,40.134884,0.9117967578792044
300.0,-737.939090733185,4.0581532,40.14735,0.9115121424020248
300.0,-737.9334456655708,4.0579123,40.084942,0.9112275262393524
300.0,-737.9377539583097,4.0575914,40.109909,0.9109429112777532
300.0,-737.927347073268,4.0573912,40.084942,0.9106582974672685
300.0,-737.9310831213576,4.0569901,40.109909,0.910373685078542
300.0,-737.920656467033,4.0566292,40.172321,0.9100890738485808
300.0,-737.9349036498688,4.0560675,40.072475,0.909804459986316
300.0,-737.92532307143,4.0559473,40.097408,0.9095198469564756
300.0,-737.9313897758489,4.0558271,40.072475,0.9092352344494756
300.0,-737.9265063789265,4.0557065,40.097408,0.9089506209632414
300.0,-737.9225035654397,4.0553856,40.072475,0.9086660090208664
300.0,-737.9323502668423,4.0549445,40.034996,0.908381396143415
300.0,-737.9288681355695,4.0545435,40.097408,0.9080967817462664
300.0,-737.932821082391,4.0542226,40.109909,0.9078121686872264
300.0,-737.9287598109211,4.0539021,40.122375,0.9075275543318576
300.0,-737.9401110389539,4.0538616,40.097408,0.9072429384611568
300.0,-737.928040820032,4.0534205,40.122375,0.9069583243830984
300.0,-737.9341010820216,4.0531802,40.122375,0.9066737108303756
300.0,-737.9229733264733,4.0529394,40.122375,0.9063890987068168
300.0,-737.9359084404123,4.0526185,40.097408,0.9061044844570147
300.0,-737.9224906748956,4.0523376,40.109909,0.9058198725196116
300.0,-737.931103079952,4.0521774,40.109909,0.9055352601231872
300.0,-737.9272952302298,4.0518165,40.109909,0.905250646332698
300.0,-737.9257110945528,4.0516162,40.122375,0.9049660331531996
300.0,-737.9273086500785,4.0513353,40.084942,0.9046814222202476
300.0,-737.9263287553322,4.0510545,40.109909,0.9043968088025216
300.0,-737.9322618874716,4.0506535,40.109909,0.9041121959591571
300.0,-737.9248265282831,4.0504532,40.109909,0.9038275831208304
300.0,-737.9297529382884,4.0500116,40.072475,0.9035429712451418
300.0,-737.9256280383296,4.0498514,40.084942,0.9032583580976776
300.0,-737.9312297407934,4.0495706,40.084942,0.9029737456524016
300.0,-737.9231900246781,4.0492096,40.097408,0.9026891334452636
300.0,-737.9306825942599,4.0491295,40.084942,0.9024045212110164
300.0,-737.9235655722063,4.0486884,40.109909,0.902119908859032
300.0,-737.9320004725323,4.0482073,40.084942,0.9018352961164928
300.0,-737.9230957379642,4.0480466,40.134884,0.9015506839457208
300.0,-737.9262836992814,4.0476856,40.122375,0.9012660705453726
300.0,-737.9308484032625,4.0475655,40.084942,0.9009814582471742
300.0,-737.9286649504608,4.0471644,40.14735,0.900696843928393
300.0,-737.9310575596885,4.0469236,40.134884,0.9004122315495252
300.0,-737.9316818676197,4.0465226,40.084942,0.9001276160671384
300.0,-737.9378058873056,4.0463223,40.097408,0.8998430010855104
300.0,-737.9320763359889,4.0459614,40.159855,0.8995583854509798
300.0,-737.93895724853,4.0456405,40.109909,0.8992737700252837
300.0,-737.9314080652016,4.0455203,40.109909,0.8989891546485008
300.0,-737.9417909186187,4.0449586,40.072475,0.8987045381298875
300.0,-737.9291419624926,4.0447583,40.122375,0.8984199236271256
300.0,-737.9401997844722,4.0444374,40.059967,0.8981353077221964
300.0,-737.9299634186547,4.0443172,40.122375,0.8978506929026042
300.0,-737.9320257258275,4.0440764,40.109909,0.8975660772875934
300.0,-737.9431782431056,4.0437155,40.122375,0.8972814602339035
300.0,-737.9398673521922,4.0435147,40.109909,0.8969968415944283
300.0,-737.9444569731146,4.0430737,40.134884,0.8967122240475454
300.0,-737.9324264076425,4.0427527,40.134884,0.8964276082779942
300.0,-737.9422618074788,4.0425525,40.109909,0.896142991577764
300.0,-737.933330773611,4.0422316,40.134884,0.8958583754594048
300.0,-737.9432536706673,4.0421114,40.109909,0.8955737583766231
300.0,-737.9330567147337,4.0417504,40.059967,0.8952891423639666
300.0,-737.9395755014501,4.0413895,40.097408,0.8950045266998169
300.0,-737.9249087423293,4.0412288,40.122375,0.8947199138297808
300.0,-737.9369711048221,4.0408678,40.109909,0.8944352991701198
300.0,-737.9355839125676,4.0405073,40.072475,0.8941506821827395
300.0,-737.9253422119472,4.0403466,40.159855,0.8938660691455169
300.0,-737.9354633086501,4.0399456,40.097408,0.8935814550673974
300.0,-737.936010094711,4.0395846,40.072475,0.8932968379156414
300.0,-737.9351763442178,4.0393038,40.122375,0.8930122239482009
300.0,-737.9316817089249,4.0392237,40.072475,0.8927276084658753
300.0,-737.9450812808466,4.0388627,40.084942,0.8924429906782035
300.0,-737.9310392557531,4.0384617,40.122375,0.8921583754436679
300.0,-737.9350240973042,4.0384617,40.059967,0.8918737615349476
300.0,-737.9274298487826,4.0379004,40.109909,0.891589147692537
300.0,-737.935953545671,4.0378604,40.084942,0.8913045334253382
300.0,-737.924698745728,4.0373387,40.109909,0.8910199206362962
300.0,-737.9384099554761,4.0369377,40.109909,0.8907353054216854
300.0,-737.9306896603372,4.0367374,40.14735,0.8904506903219868
300.0,-737.923859076712,4.0364566,40.122375,0.8901660778567997
300.0,-737.9299126193723,4.0361357,40.109909,0.8898814659195236
300.0,-737.9260486662089,4.0359354,40.010063,0.8895968526098263
300.0,-737.9389643408535,4.0353737,40.084942,0.8893122371813947
300.0,-737.9309123399311,4.0354137,40.209759,0.8890276219958099
300.0,-737.9388622772764,4.0350928,40.084942,0.8887430066067432
300.0,-737.9269650560395,4.0349326,40.097408,0.8884583929436002
300.0,-737.9294793040398,4.0343308,40.084942,0.8881737811734494
300.0,-737.9327766135369,4.0342107,40.134884,0.8878891652688261
300.0,-737.9407653515963,4.0338097,40.072475,0.8876045491457635
300.0,-737.9392304166036,4.0333686,40.184788,0.88731993075195
300.0,-737.9393398556313,4.0333285,40.084942,0.8870353151786865
300.0,-737.9289251665233,4.0329275,40.059967,0.8867507007595414
300.0,-737.932045366934,4.0326867,40.072475,0.8864660851369554
300.0,-737.9369584949621,4.0326467,40.209759,0.8861814704821579
300.0,-737.9316186354981,4.0321655,40.122375,0.8858968550241592
300.0,-737.9363669268124,4.0318847,40.084942,0.8856122405975235
300.0,-737.9326301664977,4.0316844,40.109909,0.885327624749384
300.0,-737.9422490632231,4.0314035,40.02253,0.885043008054069
300.0,-737.9270476362296,4.0311627,40.122375,0.8847583943590752
300.0,-737.9387800625054,4.0307617,40.134884,0.8844737790017182
300.0,-737.9288562825267,4.0304408,40.134884,0.8841891646091412
300.0,-737.9429240181022,4.0301604,40.072475,0.8839045476535032
300.0,-737.9350111367638,4.0298395,40.109909,0.8836199308870388
300.0,-737.942859796639,4.0297189,40.134884,0.8833353139561703
300.0,-737.9328851091071,4.0293984,40.109909,0.883050698009701
300.0,-737.9224133558806,4.0289969,40.14735,0.8827660861021193
300.0,-737.9246357718968,4.0287967,40.072475,0.8824814762000688
300.0,-737.9249665789838,4.0284357,40.109909,0.8821968633077253
300.0,-737.930657227866,4.0281148,40.134884,0.8819122510832615
300.0,-737.9267545345485,4.0275936,40.14735,0.8816276375013152
300.0,-737.938415619584,4.0274329,40.097408,0.88134302228452
300.0,-737.9276268448995,4.0273528,40.122375,0.881058408366129
300.0,-737.9310960119801,4.0269117,40.097408,0.8807737959724308
300.0,-737.9301793600155,4.0266309,40.097408,0.8804891810695514
300.0,-737.9348717893577,4.0264306,40.084942,0.8802045672195749
300.0,-737.9300969506447,4.0260696,40.084942,0.8799199523484802
300.0,-737.9415927608911,4.025548,40.14735,0.8796353359062944
300.0,-737.9314076745527,4.0254278,40.109909,0.879350720529662
300.0,-737.9340823447513,4.0252275,40.109909,0.8790661041214266
300.0,-737.9350052251812,4.0248265,40.084942,0.8787814902199852
300.0,-737.9244821329073,4.0244255,40.097408,0.8784968775144895
300.0,-737.9309249295225,4.0242248,40.172321,0.878212265186776
300.0,-737.9233936003847,4.023984,40.159855,0.8779276529011202
300.0,-737.9349855350711,4.0235429,40.159855,0.877643039007273
300.0,-737.9312361421855,4.0231819,40.222263,0.8773584236967995
300.0,-737.9380726978172,4.0231819,40.134884,0.8770738086122657
300.0,-737.928638620029,4.0229416,40.122375,0.8767891943036398
300.0,-737.9334894087572,4.0224199,40.134884,0.8765045809868331
300.0,-737.9259078709936,4.0219388,40.097408,0.8762199677314395
300.0,-737.9292824645865,4.0218987,40.184788,0.8759353560372075
300.0,-737.9243671066043,4.0218987,40.109909,0.8756507433760768
300.0,-737.9265069893027,4.0214577,40.059967,0.8753661298896072
300.0,-737.9290336472803,4.0208158,40.097408,0.8750815182913415
300.0,-737.9226748903066,4.020575,40.14735,0.8747969062828876
300.0,-737.931859761337,4.0204549,40.14735,0.8745122935946191
300.0,-737.9229543445997,4.0199337,40.072475,0.8742276814783815
300.0,-737.924609795223,4.019773,40.159855,0.8739430715863498
300.0,-737.9214277281876,4.0194526,40.134884,0.8736584600589183
300.0,-737.92272611787,4.0190916,40.159855,0.8733738508934017
300.0,-737.9226865968304,4.0190516,40.122375,0.8730892388804327
300.0,-737.9171815811696,4.0184498,40.134884,0.8728046318533864
300.0,-737.9211911569223,4.018249,40.134884,0.8725200204171989
300.0,-737.9332541902725,4.0180488,40.184788,0.8722354071911134
300.0,-737.9168123320501,4.0176077,40.184788,0.8719507974438104
300.0,-737.9248840276267,4.017447,40.122375,0.8716661874460103
300.0,-737.9163854907762,4.0171261,40.109909,0.871381577863337
300.0,-737.9154245943407,4.0168056,40.14735,0.8710969686512755
300.0,-737.9248839055606,4.0160837,40.197292,0.8708123586535224
300.0,-737.9198042493164,4.0161238,40.184788,0.8705277477522562
300.0,-737.9352840108187,4.0156827,40.072475,0.87024313374329
300.0,-737.9256341661867,4.0153618,40.122375,0.8699585205934627
300.0,-737.9307961935042,4.015161,40.172321,0.8696739083154011
300.0,-737.9242723194035,4.0148406,40.134884,0.8693892956908291
300.0,-737.9217456073515,4.0143991,40.072475,0.8691046869034852
300.0,-737.9156032678169,4.0141988,40.134884,0.8688200776225105
300.0,-737.9253613617981,4.0136771,40.059967,0.8685354674406074
300.0,-737.9126176615051,4.0135169,40.122375,0.8682508593111617
300.0,-737.9261185924812,4.013196,40.097408,0.8679662488372025
300.0,-737.9231454936194,4.0127149,40.134884,0.8676816366472401
300.0,-737.9246480257286,4.0125141,40.14735,0.8673970238777605
300.0,-737.9295240552246,4.0121131,40.197292,0.8671124120903496
300.0,-737.9205810401788,4.0119929,40.197292,0.8668278008894803
300.0,-737.9324840810915,4.0115919,40.122375,0.8665431879604181
300.0,-737.9281870229926,4.0112309,40.159855,0.8662585738259702
300.0,-737.9284982562457,4.0107098,40.222263,0.8659739624341994
300.0,-737.9157168415157,4.0105491,40.134884,0.8656893531094201
300.0,-737.9216627210628,4.0101881,40.134884,0.8654047443540445
300.0,-737.9262784625091,4.0098271,40.159855,0.865120130955716
300.0,-737.9302946893516,4.0095468,40.159855,0.8648355188710796
300.0,-737.9218785072966,4.0092258,40.159855,0.8645509071697854
300.0,-737.9344960793046,4.008985,40.134884,0.8642662934647163
300.0,-737.9218470499817,4.008584,40.134884,0.8639816817755551
300.0,-737.9219430577302,4.0081429,40.222263,0.8636970700493642
300.0,-737.9317074899693,4.0077019,40.134884,0.8634124574198252
300.0,-737.9256917464841,4.0078621,40.209759,0.8631278442477893
300.0,-737.9342218468497,4.0072207,40.14735,0.8628432306484888
300.0,-737.9272203282653,4.0068197,40.14735,0.862558616886889
300.0,-737.9302435537351,4.006619,40.184788,0.8622740048219749
300.0,-737.9249346698851,4.0060978,40.109909,0.8619893919419387
300.0,-737.9313568288665,4.0056968,40.084942,0.8617047794476459
300.0,-737.9262014731617,4.0051751,40.122375,0.8614201660790117
300.0,-737.9362344188661,4.0053358,40.14735,0.8611355517034831
300.0,-737.9278308967413,4.004734,40.159855,0.8608509377063909
300.0,-737.9243165074432,4.0044532,40.14735,0.8605663279274772
300.0,-737.9249915787229,4.0040922,40.184788,0.8602817150254917
300.0,-737.9230440658988,4.0036912,40.197292,0.8599971028746493
300.0,-737.9299066623771,4.0032902,40.222263,0.8597124909396706
300.0,-737.9225215585152,4.00313,40.134884,0.8594278789903559
300.0,-737.935648124018,4.002769,40.14735,0.859143264840955
300.0,-737.92298715701,4.0025682,40.134884,0.8588586527120619
300.0,-737.9401038001099,4.001967,40.172321,0.8585740368441528
300.0,-737.9366717249785,4.0018468,40.209759,0.8582894194372103
300.0,-737.9385824538201,4.0015659,40.122375,0.8580048041560687
300.0,-737.9313882289242,4.0010042,40.122375,0.8577201887869365
300.0,-737.941076986553,4.0007639,40.159855,0.8574355725436793
300.0,-737.9282949936218,4.0004029,40.184788,0.8571509583675879
300.0,-737.933496537762,4.0001221,40.247196,0.8568663450480316
300.0,-737.924819863514,3.9995205,40.134884,0.8565817322122755
300.0,-737.924235161408,3.9991195,40.109909,0.8562971196020351
300.0,-737.9344512179225,3.9988389,40.172321,0.8560125059142685
300.0,-737.9216246025466,3.9986384,40.122375,0.8557278943109038
300.0,-737.9372329836743,3.9982774,40.184788,0.8554432795502389
300.0,-737.9368893507954,3.9978764,40.197292,0.8551586620593594
300.0,-737.9460476800293,3.9977961,40.072475,0.8548740438989574
300.0,-737.9323123824157,3.997355,40.14735,0.854589428173385
300.0,-737.938238189376,3.996954,40.184788,0.8543048130250227
300.0,-737.9196188621122,3.9965129,40.172321,0.8540202021952592
300.0,-737.9252846398025,3.996192,40.109909,0.853735592042947
300.0,-737.921058260018,3.995791,40.14735,0.853450980658017
300.0,-737.9311855509288,3.99543,40.184788,0.8531663682297844
300.0,-737.9251569346321,3.9949489,40.122375,0.8528817552640221
300.0,-737.9259020112601,3.9947884,40.134884,0.8525971420108884
300.0,-737.9341776938711,3.9941869,40.222263,0.8523125284286173
300.0,-737.9233434174507,3.9941065,40.209759,0.8520279161623168
300.0,-737.9313003833182,3.9936254,40.14735,0.8517433036897947
300.0,-737.9290018629353,3.9934649,40.172321,0.8514586892410683
300.0,-737.9285761009334,3.9930239,40.14735,0.8511740778192735
300.0,-737.9289387771792,3.9925425,40.14735,0.850889463394879
300.0,-737.9328597180889,3.9923019,40.097408,0.8506048503209375
300.0,-737.9222545553628,3.9921415,40.172321,0.850320238474604
300.0,-737.9361757759724,3.9914596,40.197292,0.8500356241216931
300.0,-737.9274618311406,3.9914196,40.209759,0.8497510102669472
300.0,-737.9312941329241,3.9908981,40.184788,0.8494663977968356
300.0,-737.9294413017665,3.9904571,40.109909,0.8491817831786207
300.0,-737.9318027778031,3.990056,40.184788,0.8488971676495994
300.0,-737.928608205884,3.9898555,40.159855,0.8486125562154222
300.0,-737.9159835028248,3.9894145,40.072475,0.8483279467877933
300.0,-737.9301296735237,3.9891336,40.184788,0.8480433347668017
300.0,-737.9252146981295,3.9889731,40.134884,0.8477587217787603
300.0,-737.9284475723151,3.9883316,40.159855,0.8474741104065378
300.0,-737.9244956216518,3.988091,40.109909,0.8471894976958395
300.0,-737.9339991649135,3.9877701,40.134884,0.8469048841824252
300.0,-737.9240051210289,3.9875696,40.209759,0.84662027166091
300.0,-737.9342857509714,3.986968,40.14735,0.8463356580369622
300.0,-737.9211462475951,3.9866872,40.159855,0.8460510466180959
300.0,-737.9352397723528,3.9862862,40.14735,0.8457664326261921
300.0,-737.9202171256594,3.9858851,40.159855,0.8454818215656821
300.0,-737.9292380924595,3.9853237,40.097408,0.8451972070258436
300.0,-737.9339350899708,3.9852836,40.14735,0.8449125935371423
300.0,-737.9212620305885,3.9845617,40.14735,0.8446279820736192
300.0,-737.9316635197831,3.9843612,40.14735,0.8443433694610389
300.0,-737.9190464284075,3.9839602,40.222263,0.8440587588520595
300.0,-737.9321399629632,3.9837997,40.122375,0.84377414605572
300.0,-737.9249090350602,3.9835191,40.122375,0.8434895331855711
300.0,-737.9389714575291,3.983078,40.14735,0.8432049177543948
300.0,-737.936220311193,3.9825165,40.172321,0.8429203005215595
300.0,-737.9379137001711,3.9824762,40.134884,0.8426356854983493
300.0,-737.9401795454827,3.981915,40.209759,0.842351066738463
300.0,-737.938958274275,3.9817142,40.122375,0.8420664513123713
300.0,-737.9268386768738,3.9813535,40.184788,0.8417818376979719
300.0,-737.9307594234473,3.9809926,40.172321,0.8414972225713658
300.0,-737.9286391869147,3.980792,40.197292,0.8412126111252396
300.0,-737.9211217604676,3.9803507,40.159855,0.8409279997158178
300.0,-737.9360933657728,3.9799898,40.159855,0.8406433853946917
300.0,-737.9297778357679,3.9792681,40.184788,0.8403587706466776
300.0,-737.9434449195797,3.9791076,40.222263,0.8400741534901334
300.0,-737.9266906675458,3.9787867,40.109909,0.8397895399328201
300.0,-737.9365710415863,3.9785061,40.159855,0.8395049254274596
300.0,-737.9309102771043,3.9780648,40.23473,0.8392203102426703
300.0,-737.9273657793715,3.9777842,40.172321,0.838935699287684
300.0,-737.9264618724242,3.9775436,40.14735,0.8386510858186157
300.0,-737.9307519790322,3.9771426,40.159855,0.8383664735576072
300.0,-737.9278812752555,3.9765811,40.14735,0.8380818595410843
300.0,-737.9251893682623,3.9763403,40.097408,0.8377972465628125
300.0,-737.9355782141462,3.9759393,40.14735,0.8375126324403751
300.0,-737.929982607875,3.9756186,40.209759,0.8372280176133817
300.0,-737.9349349975586,3.9751372,40.14735,0.8369434037390264
300.0,-737.9338906586662,3.9748967,40.134884,0.8366587874047232
300.0,-737.9377477083249,3.9745357,40.159855,0.8363741724455344
300.0,-737.9270921427321,3.9740543,40.122375,0.8360895587333746
300.0,-737.9359720396754,3.9740143,40.184788,0.835804944459043
300.0,-737.9320197934485,3.9737737,40.14735,0.8355203288463203
300.0,-737.9338973696672,3.9732523,40.184788,0.8352357153721672
300.0,-737.9234452725011,3.9730117,40.122375,0.8349511030665818
300.0,-737.9415161857229,3.9725707,40.159855,0.8346664866539303
300.0,-737.9300649196858,3.9721293,40.172321,0.8343818717951899
300.0,-737.9282512545531,3.9718888,40.159855,0.8340972576359683
300.0,-737.9295429883808,3.9714878,40.134884,0.8338126458412551
300.0,-737.9285687230362,3.9709663,40.109909,0.833528031559588
300.0,-737.9327698249128,3.9707258,40.109909,0.8332434185203172
300.0,-737.932050212904,3.9703248,40.172321,0.832958802895862
300.0,-737.9348908202793,3.9699638,40.184788,0.8326741890385454
300.0,-737.9224649671693,3.9700038,40.184788,0.8323895771110577
300.0,-737.9391356551654,3.9694023,40.134884,0.8321049616165519
300.0,-737.9242788990442,3.9690413,40.109909,0.8318203489894422
300.0,-737.9324401476889,3.9686804,40.159855,0.8315357360773248
300.0,-737.9223373430531,3.9683998,40.134884,0.8312511241990606
300.0,-737.9330374409797,3.9679987,40.122375,0.8309665110565733
300.0,-737.932688149364,3.9679587,40.122375,0.83068189518607
300.0,-737.931815668603,3.9674373,40.14735,0.8303972796520769
300.0,-737.9316818914143,3.9668758,40.134884,0.8301126670324109
300.0,-737.924667007858,3.9670362,40.159855,0.8298280542556103
300.0,-737.9310903109863,3.9665148,40.122375,0.8295434418641107
300.0,-737.920561521342,3.9659133,40.097408,0.8292588306707696
300.0,-737.9223438526154,3.9659534,40.134884,0.8289742216526886
300.0,-737.9180469823026,3.9653118,40.159855,0.828689611429189
300.0,-737.9254827978369,3.9651513,40.222263,0.8284050012004492
300.0,-737.9274230006091,3.9646699,40.197292,0.8281203873606799
300.0,-737.9367991071235,3.9644294,40.059967,0.8278357727673568
300.0,-737.9244182050768,3.9640284,40.159855,0.8275511600865177
300.0,-737.9294224309529,3.9635069,40.159855,0.8272665483383022
300.0,-737.9227705564674,3.9633868,40.159855,0.8269819362929506
300.0,-737.9271240273767,3.9629455,40.197292,0.8266973225684932
300.0,-737.9354699738443,3.9626648,40.109909,0.8264127084878029
300.0,-737.920669992407,3.9622238,40.109909,0.8261280972526253
300.0,-737.933661223561,3.9619429,40.134884,0.8258434838695513
300.0,-737.9214089293604,3.9617023,40.134884,0.8255588723493704
300.0,-737.9270346618072,3.961221,40.122375,0.8252742615220929
300.0,-737.9197084246654,3.9607399,40.14735,0.8249896506577856
300.0,-737.9295173656275,3.9609003,40.084942,0.8247050388729549
300.0,-737.9299309725928,3.9603388,40.097408,0.8244204240658769
300.0,-737.9340688796636,3.9598575,40.122375,0.8241358105255743
300.0,-737.9299312043936,3.9596169,40.184788,0.8238511957184069
300.0,-737.9315351625487,3.9597373,40.184788,0.8235665831553327
300.0,-737.9241331108797,3.958895,40.122375,0.8232819705844526
300.0,-737.9265063545238,3.958534,40.184788,0.8229973570982277
300.0,-737.934833373696,3.9584939,40.109909,0.8227127432630675
300.0,-737.922484095306,3.9580529,40.209759,0.8224281313282021
300.0,-737.9279203598707,3.9575715,40.172321,0.8221435201593199
300.0,-737.9306505495064,3.9576519,40.109909,0.8218589050747059
300.0,-737.929791073341,3.9571304,40.134884,0.8215742931843089
300.0,-737.9298228427573,3.9568498,40.122375,0.821289678418936
300.0,-737.9343560272464,3.9563284,40.109909,0.8210050647678835
300.0,-737.9186897647838,3.9559274,40.172321,0.8207204542964667
300.0,-737.927690537163,3.955807,40.134884,0.8204358432162249
300.0,-737.9279380739482,3.955446,40.159855,0.820151229177795
300.0,-737.9379718181698,3.9550049,40.159855,0.8198666141321692
300.0,-737.9300586085778,3.9549248,40.122375,0.8195819992758631
300.0,-737.9191033736703,3.9544835,40.134884,0.8192973886449201
300.0,-737.924870404658,3.9542429,40.159855,0.8190127786523741
300.0,-737.9262075767693,3.9538419,40.097408,0.8187281652813859
300.0,-737.9319106647413,3.9535611,40.097408,0.8184435525734843
300.0,-737.9263217117319,3.9532404,40.109909,0.818158939158475
300.0,-737.9366535129213,3.9529996,40.059967,0.817874324621306
300.0,-737.9333497432066,3.952759,40.097408,0.8175897084956304
300.0,-737.9404663508514,3.9523981,40.109909,0.8173050924878891
300.0,-737.9318289737382,3.9519169,40.122375,0.8170204769487645
300.0,-737.9385061475455,3.9516764,40.122375,0.8167358616970534
300.0,-737.931274386539,3.9513955,40.197292,0.8164512463718293
300.0,-737.932777674088,3.9511549,40.122375,0.8161666333295313
300.0,-737.9182504115414,3.9507139,40.122375,0.8158820230275704
300.0,-737.9263025046818,3.950433,40.134884,0.8155974124826783
300.0,-737.9245521399429,3.9503529,40.134884,0.8153127997501812
300.0,-737.9260681116328,3.9499519,40.109909,0.8150281864329839
300.0,-737.9336804011566,3.9495106,40.097408,0.8147435730425133
300.0,-737.9270533734889,3.9490294,40.197292,0.8144589593453069
300.0,-737.9333115025113,3.9490294,40.034996,0.8141743460971167
300.0,-737.9237953683017,3.9486685,40.122375,0.8138897336565016
300.0,-737.9299694067674,3.9481471,40.14735,0.8136051216973234
300.0,-737.9270292406363,3.9477861,40.047501,0.8133205080094247
300.0,-737.929511579658,3.9475055,40.097408,0.8130358962268256
300.0,-737.9300137232442,3.9475856,40.047501,0.8127512813878311
300.0,-737.9309684967776,3.9470241,40.134884,0.8124666690433141
300.0,-737.9382068982181,3.9468236,40.097408,0.8121820510442652
300.0,-737.9421531767798,3.9463022,40.072475,0.8118974343859326
300.0,-737.9306815061296,3.9459414,40.122375,0.8116128192893788
300.0,-737.9341528641427,3.9458611,40.109909,0.8113282028539446
300.0,-737.9418921889701,3.9455402,40.072475,0.8110435862962724
300.0,-737.9313440027721,3.9452996,40.097408,0.8107589709441978
300.0,-737.9284419696495,3.9447381,40.097408,0.8104743595741362
300.0,-737.9245840853641,3.9444175,40.059967,0.8101897468293181
300.0,-737.9262457413316,3.9441767,40.122375,0.809905136306319
300.0,-737.9173020637554,3.9439762,40.072475,0.8096205263701297
300.0,-737.9250177930188,3.9437356,40.134884,0.8093359163207374
300.0,-737.9179516213042,3.9437757,40.172321,0.809051306134018
300.0,-737.9320774748301,3.9428532,40.122375,0.8087666933617795
300.0,-737.9188357602441,3.9429736,40.059967,0.8084820828340532
300.0,-737.9295051709256,3.9426527,40.134884,0.808197471053926
300.0,-737.9216242360446,3.9420512,40.109909,0.8079128594507027
300.0,-737.9262903764309,3.9419711,40.172321,0.807628246047779
300.0,-737.9423002843781,3.9417305,40.084942,0.8073436293327088
300.0,-737.9289760449616,3.941169,40.047501,0.8070590148939402
300.0,-737.9402435838884,3.9410486,40.047501,0.806774398972118
300.0,-737.9278882570046,3.9406877,40.159855,0.8064897849529022
300.0,-737.9399957430096,3.9402466,40.14735,0.8062051691266696
300.0,-737.9276400771846,3.9403267,40.072475,0.8059205552031753
300.0,-737.9330119650025,3.9398456,40.122375,0.8056359420705137
300.0,-737.9268626516966,3.9396451,40.134884,0.8053513284468673
300.0,-737.9210519143355,3.9393241,40.059967,0.8050667199270736
300.0,-737.9190269337688,3.9390435,40.047501,0.804782109325613
300.0,-737.923597765682,3.9389231,40.059967,0.8044974998239107
300.0,-737.9156157678144,3.9382412,40.084942,0.8042128905381148
300.0,-737.9129487636656,3.9381611,40.134884,0.803928282280965
300.0,-737.9205995193264,3.9378402,40.097408,0.8036436739356555
300.0,-737.9103761435858,3.9376798,40.197292,0.8033590666707486
300.0,-737.9166148546211,3.9371586,40.122375,0.803074459862283
300.0,-737.9128724818448,3.9370382,40.02253,0.8027898516345547
300.0,-737.9256343615684,3.9368377,40.072475,0.8025052413473586
300.0,-737.9199125984699,3.9364367,40.109909,0.8022206304043028
300.0,-737.9314980160484,3.9361157,40.084942,0.8019360178555556
300.0,-737.911229997004,3.9359152,40.072475,0.8016514102613231
300.0,-737.9173402978486,3.9355142,40.047501,0.8013668031730615
300.0,-737.9101157809021,3.9353538,40.097408,0.801082196008575
300.0,-737.9165638531445,3.9351532,39.972588,0.8007975892197801
300.0,-737.9087208414094,3.9347522,40.059967,0.8005129825933127
300.0,-737.9069647091499,3.9344716,40.109909,0.8002283766441741
300.0,-737.9158957708084,3.9342711,40.084942,0.7999437701130517
300.0,-737.9089127226655,3.9337096,40.084942,0.799659163412577
300.0,-737.9241447660019,3.9335892,40.072475,0.7993745536999023
300.0,-737.9101408055556,3.9335091,40.097408,0.799089946525764
300.0,-737.9215421148799,3.9329877,40.14735,0.798805337816905
300.0,-737.9134564881396,3.9326668,40.047501,0.7985207293639293
300.0,-737.9181162664638,3.9326668,40.047501,0.7982361219763846
300.0,-737.911483975167,3.9322257,40.072475,0.7979515142841944
300.0,-737.9239989522237,3.9320252,40.02253,0.7976669046277587
300.0,-737.9221146999354,3.9317043,40.097408,0.7973822928353665
300.0,-737.9310322419472,3.9315038,40.072475,0.7970976804662636
300.0,-737.925087928724,3.9312632,40.084942,0.7968130675271164
300.0,-737.9195739767786,3.9308221,40.084942,0.7965284567146649
300.0,-737.9335470143949,3.9306216,40.122375,0.7962438433756401
300.0,-737.9209115682348,3.9302607,40.02253,0.7959592320472882
300.0,-737.9249024116896,3.9300601,40.122375,0.7956746220423976
300.0,-737.9210578201031,3.9299798,40.084942,0.7953900106576371
300.0,-737.9264240016003,3.9294987,40.084942,0.7951054000658849
300.0,-737.9143228295329,3.9292178,40.122375,0.7948207912787669
300.0,-737.9234328602558,3.9289773,40.122375,0.794536181840667
300.0,-737.9166788000088,3.9284558,40.109909,0.7942515721448663
300.0,-737.9182818923159,3.9283357,40.034996,0.7939669646934416
300.0,-737.9212748846052,3.9281752,40.084942,0.7936823532249608
300.0,-737.9266846351826,3.9281352,40.084942,0.7933977425326848
300.0,-737.919058378959,3.9278543,40.109909,0.793113131919096
300.0,-737.9174940061976,3.9272928,40.034996,0.7928285219088758
300.0,-737.9239288590991,3.9272127,40.010063,0.7925439122794742
300.0,-737.9200960812863,3.9267313,40.047501,0.7922593012656503
300.0,-737.9261702528391,3.9262102,40.072475,0.7919746907717663
300.0,-737.9246032017855,3.9262903,40.072475,0.7916900780195751
300.0,-737.92366101082,3.9261699,40.034996,0.7914054684934799
300.0,-737.9170287248365,3.9258492,40.097408,0.7911208586627156
300.0,-737.9257365956598,3.9254482,40.084942,0.7908362483360887
300.0,-737.9126173077929,3.9252074,40.072475,0.7905516402067795
300.0,-737.9279261217953,3.9248464,40.072475,0.7902670290356749
300.0,-737.9199819340456,3.9247663,40.059967,0.7899824180658768
300.0,-737.9308416648593,3.9242449,40.059967,0.7896978057702775
300.0,-737.9227452270096,3.9242849,40.097408,0.7894131937346952
300.0,-737.9213752503705,3.9238839,40.084942,0.7891285822275041
300.0,-737.923349155878,3.9234428,40.034996,0.788843972821688
300.0,-737.9163094781022,3.9232824,40.072475,0.7885593632683325
300.0,-737.9247375304108,3.9230418,40.034996,0.7882747533270348
300.0,-737.917970553963,3.9226007,40.047501,0.7879901431330131
300.0,-737.9302310781684,3.9225204,40.059967,0.7877055310729109
300.0,-737.9202815175518,3.9222398,40.084942,0.7874209199875654
300.0,-737.9254061619936,3.9220393,40.072475,0.7871363097883833
300.0,-737.9142284817865,3.9215178,40.010063,0.7868517010376546
300.0,-737.925698106738,3.9214377,40.047501,0.7865670907258725
300.0,-737.9172130256827,3.9211569,40.047501,0.7862824808240245
300.0,-737.9188236922874,3.9207959,40.047501,0.785997873163633
300.0,-737.9054240181224,3.9206355,40.109909,0.7857132678087291
300.0,-737.9120381231164,3.9201543,40.072475,0.7854286599028076
300.0,-737.9173029562265,3.9203548,40.109909,0.7851440528289483
300.0,-737.9151823715072,3.9198334,40.097408,0.7848594437103105
300.0,-737.9184861170825,3.9197533,40.059967,0.7845748361801181
300.0,-737.9098231429247,3.9193923,40.059967,0.7842902291285002
300.0,-737.9160040357691,3.9191518,40.109909,0.7840056225556211
300.0,-737.9097274651507,3.918911,40.084942,0.7837210155409055
300.0,-737.9249541204955,3.9186304,40.109909,0.7834364055160711
300.0,-737.9091668473474,3.9183898,40.084942,0.7831517987175822
300.0,-737.9218282617346,3.918149,40.097408,0.7828671898983594
300.0,-737.9170230733195,3.9178684,40.059967,0.7825825800697747
300.0,-737.9275952241138,3.9175875,40.109909,0.7822979690262941
300.0,-737.918779205272,3.917748,40.122375,0.7820133585203807
300.0,-737.9154809660107,3.9170263,40.02253,0.781728749286577
300.0,-737.9281679321117,3.916986,40.072475,0.7814441380222087
300.0,-737.9215865409836,3.9164245,40.122375,0.7811595264335243
300.0,-737.9241826565639,3.9163444,40.097408,0.7808749167062355
300.0,-737.9091544208652,3.9161439,40.059967,0.7805903099125394
300.0,-737.9225030088044,3.915823,40.109909,0.7803057008330735
300.0,-737.910834698685,3.9153018,40.034996,0.7800210933913051
300.0,-737.9214408449377,3.9153018,39.997559,0.7797364847215048
300.0,-737.9157616287268,3.9147804,40.109909,0.7794518753794513
300.0,-737.9195045307993,3.9147,40.134884,0.7791672674564674
300.0,-737.9127634369822,3.9145398,40.02253,0.778882659270797
300.0,-737.9184417932316,3.914299,40.072475,0.7785980517577
300.0,-737.9196065818419,3.913938,40.059967,0.7783134409326729
300.0,-737.9122612910727,3.9137375,40.084942,0.778028832940677
300.0,-737.9294480904898,3.913537,40.072475,0.7777442211825649
300.0,-737.9217964887794,3.913537,40.059967,0.7774596095129048
300.0,-737.9258705199017,3.9130559,40.059967,0.7771749991346247
300.0,-737.9192060099673,3.9126146,40.072475,0.7768903884640955
300.0,-737.9259589356467,3.9125345,40.084942,0.7766057780517145
300.0,-737.9169839010981,3.9122939,40.02253,0.7763211682382383
300.0,-737.9325921138911,3.9120934,40.047501,0.776036555267509
300.0,-737.9227070192346,3.9119329,40.072475,0.7757519432466632
300.0,-737.932624035282,3.9116521,40.059967,0.775467330263622
300.0,-737.9171365371803,3.9114919,40.047501,0.7751827203912753
300.0,-737.9326119380387,3.9109304,40.059967,0.7748981074128999
300.0,-737.9273533111165,3.9109304,40.034996,0.7746134936000093
300.0,-737.9243746261353,3.9103689,40.109909,0.7743288809359783
300.0,-737.9344182591224,3.9105294,40.047501,0.7740442672609236
300.0,-737.9297467812265,3.9099276,40.097408,0.7737596525248871
300.0,-737.9335211352309,3.9097674,40.072475,0.7734750391958437
300.0,-737.9261248254019,3.9096069,40.122375,0.7731904258567722
300.0,-737.9271430365046,3.9095266,39.985092,0.7729058149876957
300.0,-737.9251893437572,3.9090855,40.084942,0.7726212020094333
300.0,-737.9343485811047,3.908885,40.047501,0.7723365883612526
300.0,-737.9252911258039,3.908484,40.059967,0.7720519753437338
300.0,-737.9327958868182,3.908524,40.059967,0.7717673622944111
300.0,-737.9264308667906,3.9080429,40.047501,0.7714827488373015
300.0,-737.9341710529264,3.9079626,40.109909,0.7711981352575916
300.0,-737.9276149308754,3.9078825,40.072475,0.770913521343796
300.0,-737.9306894163094,3.907321,40.084942,0.7706289062441913
300.0,-737.9431590780441,3.9071205,40.010063,0.770344289197893
300.0,-737.9301159933462,3.90696,40.059967,0.7700596743194538
300.0,-737.9354956697044,3.9067595,40.034996,0.7697750602288529
300.0,-737.9350303384158,3.9064786,40.010063,0.7694904434549826
300.0,-737.9390213358532,3.9060376,40.084942,0.7692058280045687
300.0,-737.9294791310683,3.9060776,40.072475,0.7689212133717632
300.0,-737.9403833427524,3.9056766,40.072475,0.7686365973960374
300.0,-737.9319552305833,3.9052756,40.072475,0.7683519818082163
300.0,-737.946087646382,3.9051151,40.072475,0.7680673636323995
300.0,-737.9344950015718,3.9048746,40.084942,0.7677827470650052
300.0,-737.9399958650758,3.9047945,40.02253,0.7674981312387255
300.0,-737.9270152020367,3.9045537,40.047501,0.7672135175562415
300.0,-737.9245714027808,3.904233,40.097408,0.7669289048163149
300.0,-737.9287213285788,3.9040725,40.084942,0.7666442933385074
300.0,-737.9282569809667,3.9037516,39.910179,0.7663596791770773
300.0,-737.9338649238418,3.9035511,40.059967,0.7660750657154382
300.0,-737.9221028224898,3.9033506,39.972588,0.7657904539276272
300.0,-737.9379652755022,3.90311,40.034996,0.7655058388845248
300.0,-737.9252460453505,3.90307,40.047501,0.7652212258843932
300.0,-737.9277155858063,3.9025486,40.010063,0.7649366147944902
300.0,-737.9219045202877,3.9021475,40.059967,0.7646520030831631
300.0,-737.9280855464174,3.9020271,40.122375,0.7643673918505702
300.0,-737.9241008481712,3.9020271,40.059967,0.7640827792921335
300.0,-737.9301675158424,3.9014657,40.02253,0.7637981672565467
300.0,-737.9173274299453,3.9016261,40.059967,0.7635135573105736
300.0,-737.9313061937419,3.9012251,40.059967,0.7632289448358103
300.0,-737.9239795352141,3.9009845,40.010063,0.7629443323241634
300.0,-737.922744103766,3.9005835,40.034996,0.7626597202890144
300.0,-737.9377361846291,3.9005032,40.010063,0.7623751053342701
300.0,-737.9235726280334,3.900383,40.034996,0.7620904929795644
300.0,-737.9289639324791,3.8999417,40.034996,0.7618058814081872
300.0,-737.9253796630317,3.899621,40.072475,0.76152126835652
300.0,-737.9408289262005,3.8995407,40.034996,0.7612366522089373
300.0,-737.9255137688705,3.8991797,40.084942,0.7609520391055462
300.0,-737.9287975618491,3.898859,40.034996,0.7606674275983364
300.0,-737.9228725090777,3.8987386,40.072475,0.7603828155136623
300.0,-737.9305552742815,3.8985381,40.072475,0.7600982033285207
300.0,-737.9182245936189,3.8984177,40.072475,0.7598135930365175
300.0,-737.9240358297282,3.898097,40.034996,0.7595289833658586
300.0,-737.9210197829941,3.8978562,40.034996,0.7592443719957689
300.0,-737.9175130979604,3.8974955,40.084942,0.7589597619781848
300.0,-737.9231900487508,3.8975356,40.047501,0.758675152633735
300.0,-737.9215287411124,3.8972147,40.122375,0.7583905410673433
300.0,-737.930721095153,3.8967736,39.972588,0.7581059288182466
300.0,-737.9189251276774,3.8967335,40.072475,0.7578213182560519
300.0,-737.9248782534239,3.8965731,39.997559,0.7575367082604788
300.0,-737.9231845681786,3.8962922,40.047501,0.7572520960554455
300.0,-737.9317261424653,3.8958111,40.010063,0.7569674834187123
300.0,-737.9273853787051,3.8958511,40.084942,0.7566828695934534
300.0,-737.9376846345195,3.8958511,40.084942,0.7563982546585915
300.0,-737.9310767554385,3.8954902,40.034996,0.7561136394095925
300.0,-737.9411225923549,3.8952496,40.02253,0.7558290231487458
300.0,-737.9313004238306,3.8948886,40.059967,0.7555444078134794
300.0,-737.9287085172776,3.8947282,40.059967,0.7552597934778945
300.0,-737.9348387081842,3.8945277,40.034996,0.7549751796406771
300.0,-737.9231013653854,3.8943272,39.985092,0.7546905674677343
300.0,-737.9245205978652,3.8941267,40.047501,0.7544059576101053
300.0,-737.9260102876146,3.8937657,40.034996,0.7541213443152103
300.0,-737.9379964647003,3.8934851,39.997559,0.7538367292600786
300.0,-737.9239036565251,3.8933246,40.034996,0.7535521167776976
300.0,-737.9307394671935,3.8932443,40.010063,0.7532675045215149
300.0,-737.925793100536,3.8927231,40.084942,0.7529828913103874
300.0,-737.9291360527043,3.8926828,40.109909,0.7526982796726251
300.0,-737.9270612106138,3.8923621,40.097408,0.7524136659723959
300.0,-737.935100782414,3.8922017,40.047501,0.7521290520340991
300.0,-737.9217392501207,3.8921213,40.034996,0.7518444403865155
300.0,-737.9182126182553,3.8917606,40.02253,0.7515598300991311
300.0,-737.9276980198325,3.8915601,40.034996,0.7512752190160031
300.0,-737.9215161066184,3.8913193,40.010063,0.7509906074544848
300.0,-737.9352542864664,3.8912392,40.059967,0.7507059934569829
300.0,-737.9270542158704,3.8907981,40.072475,0.7504213797594514
300.0,-737.9345590802591,3.8907177,40.010063,0.7501367660300835
300.0,-737.9305100713224,3.8903568,40.047501,0.749852150999651
300.0,-737.9350373421541,3.8901963,39.985092,0.7495675370858221
300.0,-737.9244700844379,3.8897953,40.034996,0.7492829243849737
300.0,-737.9309761381434,3.8897953,39.960121,0.7489983120375093
300.0,-737.9205862406795,3.8895547,39.997559,0.7487137008346343
300.0,-737.9316694893124,3.8894746,39.997559,0.7484290882197515
300.0,-737.9235648150553,3.8890333,40.047501,0.7481444758680594
300.0,-737.9225342293321,3.8890333,40.034996,0.7478598639138575
300.0,-737.9283086922666,3.8885922,39.997559,0.7475752525951995
300.0,-737.9231339336145,3.8883116,40.034996,0.7472906404096957
300.0,-737.9320820282172,3.8881109,40.034996,0.747006027635701
300.0,-737.9232722997568,3.8879104,40.010063,0.7467214153968303
300.0,-737.9279199693714,3.8874292,40.109909,0.7464368042280987
300.0,-737.9222923238367,3.8875093,40.047501,0.7461521923671983
300.0,-737.932331712163,3.8873892,40.084942,0.7458675794969031
300.0,-737.9241319145814,3.8869882,39.960121,0.7455829669264844
300.0,-737.9305868663083,3.8869078,40.047501,0.7452983547291583
300.0,-737.9250369766681,3.8867073,40.010063,0.745013741809663
300.0,-737.9383468566539,3.8862262,39.997559,0.7447291266193888
300.0,-737.9195234157809,3.8864267,40.059967,0.7444445158264382
300.0,-737.9335599594839,3.8860657,39.947655,0.7441598996196835
300.0,-737.9377419101795,3.8857448,40.034996,0.743875284662731
300.0,-737.9314591632648,3.8854239,40.059967,0.7435906692662398
300.0,-737.9405556580994,3.8853438,39.997559,0.7433060532240537
300.0,-737.9318855042563,3.8850632,40.059967,0.7430214376631256
300.0,-737.9326554569482,3.8849027,40.059967,0.7427368246679654
300.0,-737.9310769754215,3.8846219,39.997559,0.7424522094188817
300.0,-737.9346231671732,3.8844213,40.084942,0.7421675956647961
300.0,-737.9241648004045,3.8843813,40.02253,0.7418829830816934
300.0,-737.9308161032925,3.8840203,40.072475,0.7415983707959529
300.0,-737.9237571850831,3.8837397,39.972588,0.741313758370065
300.0,-737.926749894976,3.8835392,40.084942,0.741029147652619
300.0,-737.9264557441066,3.8832984,40.034996,0.7407445341859142
300.0,-737.9274417752894,3.8831382,40.010063,0.7404599203389037
300.0,-737.9377289212287,3.8827369,40.034996,0.7401753053869609
300.0,-737.9277610851326,3.8826969,40.034996,0.7398906914167944
300.0,-737.9389641455272,3.8823762,40.034996,0.7396060759884383
300.0,-737.9294220148838,3.8822958,40.047501,0.7393214613776622
300.0,-737.9366086639709,3.8818948,40.059967,0.7390368468577909
300.0,-737.9287915853184,3.8818147,40.034996,0.7387522324901672
300.0,-737.9381620172923,3.8813334,39.997559,0.7384676173711837
300.0,-737.9292055363551,3.8813334,39.997559,0.7381830028439019
300.0,-737.9321723850505,3.8813334,40.010063,0.7378983900350575
300.0,-737.9234391568712,3.8811328,40.072475,0.7376137777318309
300.0,-737.9288174476949,3.8809724,39.997559,0.7373291662169513
300.0,-737.9245844515592,3.8802505,40.010063,0.737044553471992
300.0,-737.9291679388028,3.8802505,40.034996,0.7367599389592113
300.0,-737.9318158888652,3.8802907,39.972588,0.7364753262878639
300.0,-737.9222733054357,3.8798897,40.034996,0.7361907144342987
300.0,-737.9393204949874,3.8798094,40.010063,0.7359060988685023
300.0,-737.9302998549426,3.8795288,39.997559,0.7356214839191489
300.0,-737.9297023158514,3.8792078,39.985092,0.7353368720629846
300.0,-737.9223818374821,3.8789272,40.034996,0.7350522601675594
300.0,-737.9307779315587,3.8790073,40.047501,0.7347676478965414
300.0,-737.9216373093792,3.8787668,40.010063,0.7344830362882758
300.0,-737.9237187018938,3.8784859,39.997559,0.7341984267399296
300.0,-737.9218788124591,3.8782454,40.02253,0.7339138150385179
300.0,-737.9335157881574,3.8782454,40.034996,0.7336292017115368
300.0,-737.9156278402774,3.8776839,40.072475,0.7333445924210846
300.0,-737.9176458492155,3.8777239,40.02253,0.7330599823522994
300.0,-737.9231145965815,3.8775234,40.047501,0.7327753730369505
300.0,-737.9137442552839,3.8773229,40.047501,0.7324907644729849
300.0,-737.922974569131,3.877002,40.034996,0.732206155211643
300.0,-737.9181366298818,3.876601,39.985092,0.7319215449535669
300.0,-737.9215859994765,3.8764808,40.010063,0.7316369362277821
300.0,-737.9164114918984,3.8764005,40.034996,0.7313523266350804
300.0,-737.9184348960298,3.8759594,40.010063,0.7310677191246436
300.0,-737.910275240755,3.8756788,40.034996,0.7307831118986545
300.0,-737.9182253243945,3.8757589,40.059967,0.7304985044690473
300.0,-737.911745509593,3.8753979,40.010063,0.730213896675985
300.0,-737.9258000240507,3.8752775,40.010063,0.7299292863248944
300.0,-737.9195504174165,3.875037,39.985092,0.7296446755215296
300.0,-737.9174805662587,3.8747563,40.010063,0.7293600655164929
300.0,-737.9280597040881,3.8746359,39.997559,0.7290754542938671
300.0,-737.9218670693566,3.8744354,40.034996,0.7287908425969846
300.0,-737.9353043235892,3.8742349,39.997559,0.7285062285801839
300.0,-737.9202368034978,3.8742349,40.010063,0.7282216175120845
300.0,-737.9232732279268,3.8738339,40.010063,0.727937008135553
300.0,-737.9223949720026,3.873513,40.02253,0.7276523962350618
300.0,-737.9312998951045,3.8733928,40.034996,0.7273677837627278
300.0,-737.9225159919218,3.8733125,40.02253,0.72708317181556
300.0,-737.9258575680925,3.8729515,40.047501,0.7267985614422754
300.0,-737.913407135616,3.8729115,40.010063,0.7265139530083347
300.0,-737.9278885604949,3.8726709,39.985092,0.7262293418517171
300.0,-737.9150612659481,3.87235,40.02253,0.725944732779789
300.0,-737.9205873145036,3.8720694,39.985092,0.7256601215764995
300.0,-737.9237885873115,3.8722298,40.047501,0.7253755120011994
300.0,-737.9266590391046,3.871588,40.072475,0.7250908984560851
300.0,-737.9390403180201,3.8715479,40.010063,0.72480628299835
300.0,-737.930414405315,3.8713474,40.02253,0.7245216680048152
300.0,-737.9450045222209,3.8709464,40.109909,0.7242370502467482
300.0,-737.9289641923792,3.8707058,40.02253,0.7239524358125512
300.0,-737.9409563805235,3.870786,40.034996,0.7236678196158107
300.0,-737.929110846663,3.8705454,40.034996,0.7233832051250499
300.0,-737.9309121122113,3.8703449,39.985092,0.72309859280228
300.0,-737.9343797066338,3.870064,40.072475,0.7228139762793541
300.0,-737.950810511309,3.8699036,39.997559,0.722529356281977
300.0,-737.9412432854596,3.8697433,40.047501,0.7222447371118131
300.0,-737.9337191752069,3.8694625,40.034996,0.72196012084365
300.0,-737.9464244397699,3.8694224,40.034996,0.7216755025379354
300.0,-737.9395110307701,3.869262,40.034996,0.721390884035891
300.0,-737.9416630124563,3.868901,40.047501,0.7211062675666099
300.0,-737.9405744046031,3.8686604,40.059967,0.720821648654429
300.0,-737.9423315098993,3.8683796,40.072475,0.7205370319273152
300.0,-737.9256091298689,3.8682194,39.997559,0.7202524187871441
300.0,-737.9392128896754,3.868139,40.034996,0.7199678032628499
300.0,-737.923858356191,3.8679385,40.010063,0.719683190797941
300.0,-737.9376268948442,3.8676176,40.059967,0.7193985758853486
300.0,-737.9323819377698,3.8672969,40.010063,0.7191139601329494
300.0,-737.9286008935239,3.8674574,40.02253,0.7188293487015923
300.0,-737.9284162575686,3.8672166,40.034996,0.7185447344787301
300.0,-737.9304212409545,3.8668556,39.985092,0.7182601194825589
300.0,-737.9340755084323,3.8667355,39.947655,0.7179755059396996
300.0,-737.9258633154299,3.8666954,39.985092,0.7176908927014908
300.0,-737.9411031460703,3.8663745,40.072475,0.7174062764481443
300.0,-737.9308288199531,3.8662541,39.997559,0.7171216612947724
300.0,-737.9339672312957,3.8658531,39.960121,0.7168370477936745
300.0,-737.9361376210626,3.8655324,40.02253,0.7165524305927322
300.0,-737.9437645865552,3.865412,40.010063,0.7162678133128957
300.0,-737.9341709428581,3.8654921,40.010063,0.7159831968704886
300.0,-737.9339036935261,3.8648505,40.010063,0.7156985833938966
300.0,-737.9275117816599,3.8649709,40.034996,0.7154139695198849
300.0,-737.9347951410826,3.86465,39.997559,0.7151293556994708
300.0,-737.9320518124363,3.8645296,40.072475,0.7148447400743987
300.0,-737.9354250017514,3.8644495,40.047501,0.7145601231483091
300.0,-737.9385565995707,3.8639681,39.960121,0.7142755078771392
300.0,-737.9215219050635,3.8637676,39.985092,0.7139908963133844
300.0,-737.9311792398597,3.8637676,39.997559,0.7137062838875858
300.0,-737.930784630482,3.8635271,40.02253,0.7134216687512576
300.0,-737.9322106542941,3.8632865,40.010063,0.7131370559276532
300.0,-737.929352300835,3.8630459,40.047501,0.7128524413437652
300.0,-737.9320387786106,3.8626447,39.960121,0.7125678285864516
300.0,-737.9284355812856,3.862685,40.02253,0.7122832143561364
300.0,-737.9349793094381,3.8623641,39.972588,0.7119986004646903
300.0,-737.9269269824031,3.8624845,40.034996,0.7117139868162322
300.0,-737.9318409502982,3.8621635,40.034996,0.7114293741352188
300.0,-737.928187486594,3.8618426,40.034996,0.7111447600005921
300.0,-737.9339917064425,3.8616421,39.972588,0.7108601464900544
300.0,-737.929472503236,3.8616421,40.02253,0.710575531859805
300.0,-737.9314275352328,3.8613615,40.034996,0.7102909164755127
300.0,-737.9282450320216,3.861201,40.034996,0.7100063051814077
300.0,-737.9258959449472,3.8609605,39.947655,0.709721691930614
300.0,-737.937059887124,3.8608401,40.02253,0.7094370772367106
300.0,-737.9328793595697,3.860399,39.997559,0.7091524612924588
300.0,-737.9303457028508,3.8602386,39.997559,0.7088678491881469
300.0,-737.9191682413399,3.860038,40.072475,0.7085832385321849
300.0,-737.9268760673478,3.8601182,39.997559,0.7082986277660757
300.0,-737.9126618018637,3.8593962,39.997559,0.7080140196196052
300.0,-737.926245888159,3.8597975,40.034996,0.7077294090965496
300.0,-737.9170480978706,3.8592761,40.034996,0.7074447992583132
300.0,-737.9266019812086,3.8590755,40.034996,0.707160188597916
300.0,-737.9251632943922,3.8591156,40.010063,0.7068755756297007
300.0,-737.9222615863779,3.858835,40.097408,0.7065909637806554
300.0,-737.9201984918901,3.858474,40.047501,0.706306355590018
300.0,-737.9182247524159,3.8583937,40.02253,0.7060217452979536
300.0,-737.9277792214948,3.858073,40.047501,0.705737134183507
300.0,-737.9143555320028,3.858073,40.072475,0.7054525253837759
300.0,-737.9268888600513,3.857712,40.034996,0.7051679146127325
300.0,-737.9152966774426,3.8576717,40.010063,0.7048833054500077
300.0,-737.9205681840172,3.8573511,40.010063,0.7045986971167838
300.0,-737.9129675988156,3.8572307,39.985092,0.7043140888523695
300.0,-737.9212681754657,3.8569901,40.010063,0.704029480249166
300.0,-737.9082823911205,3.85695,40.02253,0.7037448737918062
300.0,-737.9202628235506,3.8567495,40.010063,0.7034602655763565
300.0,-737.9204597029725,3.8564687,40.034996,0.7031756544222861
300.0,-737.9093711921248,3.8562281,40.034996,0.7028910475449828
300.0,-737.917161878679,3.8561077,40.047501,0.7026064405255356
300.0,-737.9065641007478,3.8557067,39.92268,0.7023218347309091
300.0,-737.9148452283007,3.8558671,40.047501,0.70203722860497
300.0,-737.9041447636029,3.8556666,40.084942,0.7017526237434663
300.0,-737.9128337059208,3.855386,40.02253,0.7014680183933506
300.0,-737.9081741274533,3.8550651,40.034996,0.7011834119777473
300.0,-737.9163602875151,3.8548646,40.010063,0.7008988052674655
300.0,-737.9145654553447,3.8547843,40.034996,0.7006141963867683
300.0,-737.9210582377341,3.854624,40.010063,0.7003295878645357
300.0,-737.9116742821634,3.8541427,39.997559,0.7000449800989452
300.0,-737.9242277985551,3.8542631,40.034996,0.6997603703542458
300.0,-737.9121775270671,3.8540223,39.997559,0.6994757623945571
300.0,-737.9103389122286,3.853862,40.047501,0.6991911551440103
300.0,-737.9140432217227,3.8534207,40.010063,0.6989065493273968
300.0,-737.913419330144,3.8535411,40.034996,0.6986219408887527
300.0,-737.9147682260029,3.8531001,39.997559,0.6983373347925126
300.0,-737.9096128168603,3.8533006,40.047501,0.6980527278220161
300.0,-737.9165820173756,3.8529396,39.972588,0.6977681210262154
300.0,-737.9174679563209,3.8524582,40.010063,0.6974835110260423
300.0,-737.9228978962996,3.8526187,39.972588,0.6971989017942725
300.0,-737.9196768086047,3.8522978,40.059967,0.6969142909421593
300.0,-737.9195997459295,3.8522177,40.02253,0.696629682982452
300.0,-737.912686985212,3.8518567,39.997559,0.6963450748262685
300.0,-737.9224333185085,3.8518167,40.072475,0.6960604657736815
300.0,-737.9103504357572,3.8518167,40.047501,0.6957758585186901
300.0,-737.9164624798678,3.8514557,40.034996,0.6954912489063227
300.0,-737.920103472291,3.8511751,40.059967,0.6952066407523333
300.0,-737.9155453700788,3.8508942,40.010063,0.6949220314936894
300.0,-737.922534710517,3.8508542,40.010063,0.6946374224019964
300.0,-737.920299937906,3.8506937,39.972588,0.6943528113095464
300.0,-737.9322938824806,3.8503327,39.997559,0.6940681984538417
300.0,-737.9181734584143,3.8501723,39.935146,0.6937835881815612
300.0,-737.9355845861973,3.8504131,40.034996,0.693498974056666
300.0,-737.9296386398291,3.8497713,39.997559,0.6932143593623391
300.0,-737.9355711703728,3.8499317,40.010063,0.6929297452426184
300.0,-737.9293779723408,3.8495307,40.034996,0.692645130648829
300.0,-737.9277542337312,3.8496511,40.084942,0.6923605195440201
300.0,-737.9155006312641,3.8491697,40.097408,0.6920759103026315
300.0,-737.9133239449986,3.8491697,39.997559,0.6917913019007769
300.0,-737.9268317190429,3.8486083,39.972588,0.6915066911517722
300.0,-737.9147180179629,3.8484077,39.997559,0.6912220822122326
300.0,-737.9248451357228,3.8482473,39.947655,0.6909374722294326
300.0,-737.9141320954626,3.8482473,39.947655,0.6906528635158795
300.0,-737.9221972699634,3.8478062,39.972588,0.6903682545543339
300.0,-737.9184097734762,3.8478062,39.985092,0.6900836441909081
300.0,-737.9289001015665,3.8474853,39.985092,0.6897990326441497
300.0,-737.920446506959,3.8475254,39.985092,0.6895144214951688
300.0,-737.9273536455493,3.8473651,40.010063,0.6892298105448625
300.0,-737.9206259984651,3.8471646,40.047501,0.6889451993266531
300.0,-737.9282184818513,3.8468037,39.985092,0.6886605880427883
300.0,-737.9157745072486,3.8467233,40.010063,0.6883759786957675
300.0,-737.9185818307843,3.8467233,39.985092,0.6880913682659804
300.0,-737.9246805842171,3.8464427,39.997559,0.6878067583466462
300.0,-737.9175625847248,3.8465228,40.010063,0.6875221483099755
300.0,-737.9202312438019,3.8460417,40.010063,0.6872375401067059
300.0,-737.9143421776015,3.8459613,39.92268,0.6869529313121254
300.0,-737.9198736242595,3.8456807,40.010063,0.6866683232467861
300.0,-737.9120440068947,3.8455203,40.059967,0.6863837153385952
300.0,-737.9227320387978,3.8451993,40.02253,0.686099106170795
300.0,-737.9191866250643,3.8451993,40.02253,0.6858144955077424
300.0,-737.9273459184404,3.8448384,40.084942,0.6855298845604163
300.0,-737.9181736783974,3.8446379,40.072475,0.6852452742880508
300.0,-737.9276974459269,3.8446782,40.010063,0.6849606632051443
300.0,-737.9196830343285,3.8444374,39.972588,0.6846760523506299
300.0,-737.9078238361236,3.8443973,40.084942,0.6843914460701317
300.0,-737.9202434261744,3.8439963,40.034996,0.6841068378621635
300.0,-737.91085398567,3.8436754,40.010063,0.6838222304129561
300.0,-737.9115729692708,3.8435953,40.02253,0.6835376255490936
300.0,-737.9139541540695,3.8435953,40.010063,0.6832530169041713
300.0,-737.920306586081,3.8431942,40.034996,0.6829684086718429
300.0,-737.91911670372,3.8432744,40.034996,0.6826837980357586
300.0,-737.9235409660087,3.8428333,40.047501,0.6823991885559634
300.0,-737.9166327677962,3.8427932,40.010063,0.6821145788779172
300.0,-737.9217394057122,3.8426728,40.047501,0.6818299700929651
300.0,-737.9138201097236,3.8424323,40.010063,0.6815453614997429
300.0,-737.9243299841473,3.8422318,40.034996,0.6812607517156315
300.0,-737.921738700777,3.8421113,40.059967,0.6809761400682599
300.0,-737.9200704346435,3.8417103,39.947655,0.6806915290643277
300.0,-737.9285121235515,3.8415899,40.02253,0.6804069176672085
300.0,-737.9129096524255,3.8412693,40.02253,0.6801223094251437
300.0,-737.9267234660534,3.8411889,40.047501,0.6798376987178912
300.0,-737.9162963190254,3.8412693,40.059967,0.679553089169611
300.0,-737.9184233968393,3.8411889,40.010063,0.6792684816636093
300.0,-737.9119106825582,3.8407478,40.047501,0.6789838738068408
300.0,-737.9220385529774,3.8407078,39.985092,0.6786992649065108
300.0,-737.9182440392985,3.8403468,40.034996,0.6784146546070076
300.0,-737.9245395066696,3.8405073,40.059967,0.6781300447420854
300.0,-737.921478264936,3.8398654,39.985092,0.6778454331951622
300.0,-737.9252601406108,3.8399057,39.997559,0.6775608230522991
300.0,-737.9220693023994,3.8397453,40.047501,0.6772762112774167
300.0,-737.9187850523182,3.8395047,40.034996,0.6769916007692481
300.0,-737.9271627512735,3.8393843,40.034996,0.6767069898925677
300.0,-737.9213189149723,3.8389833,39.947655,0.6764223784071048
300.0,-737.9254375218594,3.8389432,39.947655,0.6761377681958277
300.0,-737.921949796168,3.8385823,40.072475,0.6758531564670379
300.0,-737.9291301810429,3.8385422,39.985092,0.6755685448315402
300.0,-737.9239028019679,3.8385019,39.997559,0.6752839323494887
300.0,-737.9391116804084,3.838141,39.935146,0.67499931686423
300.0,-737.9317510813349,3.8381009,39.910179,0.6747147013551479
300.0,-737.938423163389,3.8379807,40.072475,0.674430086135443
300.0,-737.9289577106566,3.8376999,40.034996,0.6741454717037458
300.0,-737.9271303287256,3.8375797,40.010063,0.6738608608395705
300.0,-737.9191283979145,3.8372188,40.047501,0.6735762501989759
300.0,-737.9181483855692,3.8371785,40.034996,0.6732916399363656
300.0,-737.9243234655247,3.8372989,40.010063,0.6730070301547684
300.0,-737.9100771095257,3.836978,40.047501,0.6727224230051972
300.0,-737.9218857446923,3.8367774,39.985092,0.6724378141638038
300.0,-737.914298622807,3.8365369,40.072475,0.6721532053860221
300.0,-737.9185308804944,3.8364968,40.02253,0.6718685978385651
300.0,-737.9114330601502,3.8360958,40.02253,0.6715839901660126
300.0,-737.9209374239977,3.8360958,39.997559,0.6712993816903764
300.0,-737.9113126141309,3.8357348,40.034996,0.6710147740642791
300.0,-737.9212362539726,3.8359354,40.097408,0.6707301654733875
300.0,-737.9119038463048,3.8356144,39.985092,0.6704455576192557
300.0,-737.9207528531203,3.8353739,39.997559,0.6701609492148067
300.0,-737.9118796398858,3.8351333,40.059967,0.6698763413700113
300.0,-737.9186260688563,3.8349729,40.034996,0.6695917309231617
300.0,-737.9276592014445,3.8347323,39.985092,0.6693071198550056
300.0,-737.92340630778,3.8348124,40.034996,0.6690225075644488
300.0,-737.927792307546,3.8344514,40.034996,0.6687378964449551
300.0,-737.9260541684956,3.8342509,40.02253,0.6684532831331353
300.0,-737.9387347620226,3.8340905,40.034996,0.6681686677932502
300.0,-737.936659908412,3.8341305,40.072475,0.6678840503908652
300.0,-737.9496962595456,3.8339703,40.02253,0.6675994308232437
300.0,-737.9403577914244,3.8335693,40.010063,0.6673148119946091
300.0,-737.9512436311105,3.8332884,39.985092,0.6670301918301823
300.0,-737.9441771713609,3.8330078,40.034996,0.6667455715284375
300.0,-737.9475189893496,3.8330479,40.02253,0.6664609528005666
300.0,-737.9352469631564,3.8328874,40.047501,0.6661763359431455
300.0,-737.935278042561,3.832727,40.047501,0.6658917190737372
300.0,-737.9468950357426,3.8324463,39.985092,0.6656071005865187
300.0,-737.9420696857142,3.8325665,40.047501,0.6653224810976176
300.0,-737.9486390148555,3.8322458,40.034996,0.6650378619377644
300.0,-737.9343809392548,3.8322458,40.059967,0.6647532454143631
300.0,-737.941770227934,3.8318045,40.02253,0.66446862890373
300.0,-737.9310078225852,3.8317244,40.034996,0.6641840136813181
300.0,-737.9387917935501,3.8315239,39.935146,0.6638993983194363
300.0,-737.9256158558239,3.8314838,39.985092,0.663614785176671
300.0,-737.9363610919856,3.8310828,40.072475,0.6633301707522857
300.0,-737.9240371519367,3.8309224,40.034996,0.6630455582184164
300.0,-737.9334452072795,3.8307619,40.010063,0.6627609449186577
300.0,-737.925246032663,3.8306816,40.072475,0.6624763319185308
300.0,-737.9234515106054,3.8303208,40.02253,0.6621917196105396
300.0,-737.9250869216872,3.8302004,39.960121,0.6619071095344852
300.0,-737.9187026065736,3.83008,39.972588,0.6616224990581154
300.0,-737.9299317231962,3.8298395,40.034996,0.6613378871134713
300.0,-737.9196451560165,3.8297191,40.010063,0.6610532762735664
300.0,-737.9262582907213,3.8293984,40.010063,0.660768665745727
300.0,-737.9284809665435,3.8295989,40.034996,0.6604840514979071
300.0,-737.9261564467712,3.8291578,40.010063,0.660199441009348
300.0,-737.9137691823263,3.8290775,39.997559,0.6599148324357682
300.0,-737.9247315245071,3.8290775,40.034996,0.6596302224967868
300.0,-737.9177731182893,3.8286364,40.010063,0.6593456123789148
300.0,-737.9296381794151,3.828516,40.010063,0.6590610005474873
300.0,-737.9222487327194,3.8283556,39.997559,0.6587763887033997
300.0,-737.9258072733763,3.828155,39.997559,0.6584917754868059
300.0,-737.9270610168044,3.8280349,40.010063,0.6582071646493635
300.0,-737.913285517343,3.8279145,40.034996,0.6579225562623301
300.0,-737.9246861019581,3.827754,39.897713,0.6576379463408678
300.0,-737.9130182701117,3.827714,40.02253,0.65735333805691
300.0,-737.9181491641798,3.8274333,40.02253,0.6570687306566769
300.0,-737.9116750024798,3.8270321,40.047501,0.6567841228908087
300.0,-737.9281239986068,3.8270724,39.985092,0.6564995116433852
300.0,-737.9237060257316,3.8269119,40.010063,0.6562148992372291
300.0,-737.9231711766789,3.8267114,39.935146,0.6559302899000578
300.0,-737.9220385653499,3.8264706,39.972588,0.6556456781370303
300.0,-737.9319680623651,3.8265109,39.972588,0.6553610654069911
300.0,-737.92461673954,3.8263505,40.047501,0.6550764526495786
300.0,-737.9347633047187,3.8259094,40.02253,0.6547918388414433
300.0,-737.9288307333928,3.8257489,40.010063,0.6545072244587206
300.0,-737.9245016152679,3.8258691,40.02253,0.6542226117457106
300.0,-737.9266341837713,3.8257086,40.010063,0.6539380010728933
300.0,-737.9272133577199,3.8255081,40.034996,0.6536533873139819
300.0,-737.9293019962561,3.8252275,40.034996,0.6533687756122168
300.0,-737.928531271747,3.8251071,40.010063,0.6530841613449945
300.0,-737.9349280762095,3.8251874,39.997559,0.6527995474733086
300.0,-737.9315105674625,3.824626,40.02253,0.6525149320569911
300.0,-737.935602933272,3.8245859,40.02253,0.6522303179250198
300.0,-737.9343871161732,3.8245456,39.997559,0.6519457013992361
300.0,-737.94079132827,3.8240645,39.985092,0.6516610852661545
300.0,-737.9414522327932,3.8240645,39.985092,0.651376466015401
300.0,-737.9499960896859,3.8238239,39.997559,0.6510918463321381
300.0,-737.9322606372955,3.8236234,40.047501,0.6508072306265236
300.0,-737.9211530710077,3.8237035,39.947655,0.6505226192050255
300.0,-737.9386582112572,3.823503,40.034996,0.650238003894665
300.0,-737.926105624159,3.8231421,40.059967,0.6499533905629994
300.0,-737.9339482246746,3.8229015,39.985092,0.6496687770692321
300.0,-737.9253035157587,3.8229816,39.997559,0.6493841640469343
300.0,-737.9416062496177,3.8229015,40.047501,0.649099547599546
300.0,-737.930625512677,3.8225005,40.010063,0.6488149325245884
300.0,-737.9447700608434,3.8224201,40.010063,0.6485303148569508
300.0,-737.9294093806967,3.8224604,39.997559,0.6482457002510476
300.0,-737.9412047580639,3.8220994,40.034996,0.6479610839585103
300.0,-737.9279707154367,3.821939,40.047501,0.647676469907491
300.0,-737.9320256681051,3.8218186,40.084942,0.6473918571552338
300.0,-737.9223304461764,3.8216181,39.997559,0.6471072452796299
300.0,-737.9249224627209,3.8214576,39.997559,0.6468226324043018
300.0,-737.9302806633495,3.8212571,40.02253,0.646538020325075
300.0,-737.9193909335189,3.8208961,40.097408,0.6462534095832221
300.0,-737.927111603174,3.8208961,39.997559,0.645968798726269
300.0,-737.9238210888178,3.8206155,40.034996,0.6456841862757338
300.0,-737.9283149177461,3.820375,40.010063,0.6453995749546747
300.0,-737.9233883391584,3.8204951,39.985092,0.6451149626710483
300.0,-737.9248771549302,3.8203347,40.02253,0.6448303526758987
300.0,-737.9142537623364,3.8201745,40.02253,0.6445457439154195
300.0,-737.9205928055819,3.8198135,40.02253,0.6442611355726993
300.0,-737.9141259676568,3.8198135,39.972588,0.6439765268615096
300.0,-737.9268766411511,3.8194926,40.02253,0.643691916095179
300.0,-737.9144948744605,3.8194926,40.02253,0.6434073072417044
300.0,-737.9225223883116,3.819252,40.034996,0.6431226952920696
300.0,-737.9410198452375,3.8191717,39.997559,0.6428380790708513
300.0,-737.9327507225086,3.8188107,40.010063,0.6425534631762141
300.0,-737.9336238824505,3.8186905,40.010063,0.6422688498075422
300.0,-737.9251702524036,3.8183696,39.960121,0.6419842368366433
300.0,-737.931975154791,3.8188107,40.047501,0.6416996241038687
300.0,-737.9281943105692,3.8181291,39.947655,0.64141500996661
300.0,-737.9311084877004,3.8181291,40.034996,0.6411303975681
300.0,-737.9222610128874,3.8179686,39.997559,0.640845785719276
300.0,-737.9348267571544,3.817728,40.010063,0.6405611718866677
300.0,-737.92937172247,3.8176076,39.997559,0.640276557295289
300.0,-737.9331275292776,3.8174071,39.972588,0.6399919441180554
300.0,-737.9252969239423,3.817287,40.072475,0.6397073310983001
300.0,-737.9285818207735,3.8171666,40.047501,0.6394227168115814
300.0,-737.9345723619438,3.8170862,40.084942,0.6391381030770907
300.0,-737.9138716838709,3.8170862,40.010063,0.6388534944639768
300.0,-737.9281936403013,3.816525,40.059967,0.6385688831896931
300.0,-737.9198290906677,3.8162842,40.059967,0.6382842722788458
300.0,-737.9305105717491,3.8161237,40.047501,0.6379996601109457
300.0,-737.9243811201361,3.8161237,40.010063,0.63771504744441
300.0,-737.936169672201,3.815763,40.034996,0.6374304330938534
300.0,-737.9263026081003,3.8158832,40.034996,0.6371458196862122
300.0,-737.9395303228288,3.8155622,40.072475,0.6368612040394873
300.0,-737.9272643834445,3.8154421,40.084942,0.6365765902608956
300.0,-737.9326171138305,3.8153217,39.947655,0.636291977280524
300.0,-737.9236672075294,3.8152416,39.92268,0.6360073648893398
300.0,-737.9250936293536,3.8149607,39.985092,0.6357227519479939
300.0,-737.9238712656372,3.8149607,40.02253,0.6354381423408055
300.0,-737.920128368858,3.81464,39.985092,0.6351535313145286
300.0,-737.92471846291,3.8145597,40.010063,0.6348689213805849
300.0,-737.917232471567,3.8143592,40.059967,0.6345843114712368
300.0,-737.9249664014009,3.8143992,39.985092,0.6342997014416659
300.0,-737.922012808204,3.8140786,40.02253,0.6340150896885728
300.0,-737.9223051930772,3.8139181,39.985092,0.6337304806854024
300.0,-737.919249820556,3.8136775,39.997559,0.6334458699979758
300.0,-737.9297712245346,3.8135171,40.010063,0.6331612581152343
300.0,-737.9174554076715,3.8131962,40.02253,0.6328766481199012
300.0,-737.9176720134659,3.813477,39.985092,0.6325920409037002
300.0,-737.9263914257807,3.8129957,39.997559,0.6323074274618026
300.0,-737.9232156714231,3.8131561,40.010063,0.632022815244773
300.0,-737.9314782286333,3.8127151,40.010063,0.6317382027036577
300.0,-737.9238590769166,3.8127151,40.010063,0.6314535902384706
300.0,-737.9285564350217,3.8127551,39.972588,0.6311689788242608
300.0,-737.9312680758915,3.812314,40.02253,0.6308843635014708
300.0,-737.9316118957482,3.8122737,39.997559,0.6305997509088014
300.0,-737.9217641160794,3.8120732,40.059967,0.6303151392516273
300.0,-737.9301606063623,3.8119128,40.034996,0.6300305272187052
300.0,-737.9223628189787,3.8117526,40.047501,0.6297459153306152
300.0,-737.9299946630152,3.8114316,40.02253,0.6294613033616958
300.0,-737.922420387612,3.8115921,39.997559,0.629176691451402
300.0,-737.9246034838981,3.8113916,39.947655,0.6288920815618045
300.0,-737.9312242403372,3.8111107,40.084942,0.6286074662559217
300.0,-737.9249469502066,3.8110707,40.010063,0.6283228533711489
300.0,-737.9350560801886,3.8106697,39.997559,0.6280382394500932
300.0,-737.9262837967901,3.8103888,39.960121,0.6277536260497074
300.0,-737.9218978541114,3.8104291,40.010063,0.6274690172036435
300.0,-737.9240052307647,3.8100681,40.047501,0.6271844046820859
300.0,-737.9316504463683,3.8100681,40.02253,0.6268997920745479
300.0,-737.92865240176,3.8098676,40.02253,0.6266151777606065
300.0,-737.9357686323842,3.8097072,40.034996,0.6263305635647268
300.0,-737.919268521977,3.8094263,40.02253,0.6260459528700871
300.0,-737.9343618012958,3.8093863,40.02253,0.6257613392168077
300.0,-737.930414893575,3.8094263,40.02253,0.6254767242230845
300.0,-737.9255458719492,3.8091457,40.02253,0.6251921139700178
300.0,-737.9177160509104,3.8090253,40.034996,0.6249075038741563
300.0,-737.911387943067,3.8086243,40.010063,0.624622896219005
300.0,-737.9251759362014,3.8085442,40.010063,0.6243382861086186
300.0,-737.9218723669568,3.8086643,40.047501,0.6240536744096928
300.0,-737.9269898862703,3.8083837,39.997559,0.6237690635996848
300.0,-737.9173273564812,3.8081832,39.972588,0.6234844536537402
300.0,-737.9287610994517,3.8081431,40.072475,0.6231998421605934
300.0,-737.9151189683106,3.8079023,39.997559,0.6229152330664098
300.0,-737.9196518583827,3.8080227,40.02253,0.6226306250866033
300.0,-737.9162776419561,3.8074212,40.02253,0.6223460155455267
300.0,-737.9241067286125,3.8075817,40.010063,0.6220614058475227
300.0,-737.9252845582367,3.8071806,39.997559,0.6217767928325367
300.0,-737.930555029842,3.8070202,40.010063,0.6214921806474897
300.0,-737.9261180388747,3.8069801,40.02253,0.6212075673110355
300.0,-737.9198744147396,3.8066592,40.059967,0.6209229563827071
300.0,-737.9328912733323,3.8067796,40.010063,0.620638343296595
300.0,-737.9197401383371,3.8065791,40.047501,0.620353732420056
300.0,-737.932382823223,3.8063383,39.997559,0.6200691195300478
300.0,-737.9208288539062,3.8062582,40.010063,0.6197845082335983
300.0,-737.9132982958877,3.8059773,39.972588,0.619499902704295
300.0,-737.9114842559268,3.8057768,39.985092,0.6192152950119966
300.0,-737.9165321028305,3.8056967,40.010063,0.6189306882354474
300.0,-737.9137571089424,3.8054962,39.997559,0.6186460796665242
300.0,-737.9183076860439,3.8055363,40.034996,0.6183614722051509
300.0,-737.9147947634872,3.8052957,40.047501,0.618076863236011
300.0,-737.9245534960928,3.8050952,39.972588,0.6177922533656934
300.0,-737.920898848817,3.8050551,40.034996,0.6175076420422473
300.0,-737.925692344531,3.8049748,40.034996,0.6172230288699808
300.0,-737.9267164716489,3.8048546,39.997559,0.6169384181654258
300.0,-737.9194025423806,3.8044133,40.047501,0.6166538074190955
300.0,-737.9302309189605,3.8044534,40.02253,0.6163691953590545
300.0,-737.9249725118233,3.8045337,39.985092,0.6160845824644229
300.0,-737.9284488542662,3.8040123,40.010063,0.6157999710917059
300.0,-737.9272133821738,3.8041327,40.02253,0.6155153573327851
300.0,-737.9319117022529,3.8039722,40.047501,0.6152307446244833
300.0,-737.9220700105401,3.8035712,39.997559,0.6149461328493278
300.0,-737.9322926980393,3.8034508,40.047501,0.6146615199940799
300.0,-737.9217899580466,3.8030097,40.047501,0.6143769083269387
300.0,-737.9320768280735,3.8030899,40.010063,0.6140922955549497
300.0,-737.9206634127663,3.8027692,40.010063,0.6138076843223098
300.0,-737.9296323532262,3.8029697,40.072475,0.6135230696304074
300.0,-737.9332486116006,3.8024082,40.010063,0.6132384564064737
300.0,-737.9172004039783,3.8025687,40.034996,0.6129538465094938
300.0,-737.9316247379741,3.8024883,40.084942,0.6126692339118713
300.0,-737.9209877031273,3.8022878,39.985092,0.6123846225541546
300.0,-737.9356982590087,3.8021274,39.972588,0.6121000083854172
300.0,-737.9243814495991,3.8019669,40.047501,0.6118153957187544
300.0,-737.9301729359713,3.8016462,40.072475,0.6115307836810769
300.0,-737.9236109941961,3.8016462,40.047501,0.6112461713115739
300.0,-737.9345655499734,3.8014457,40.034996,0.6109615575797106
300.0,-737.9251887579885,3.8012049,40.047501,0.6106769446016742
300.0,-737.9312934496397,3.8011649,40.034996,0.6103923321318262
300.0,-737.9260934533688,3.8007638,40.034996,0.6101077188048546
300.0,-737.9230494983025,3.8008039,40.047501,0.6098231066519169
300.0,-737.9293145448271,3.8006837,40.097408,0.609538494945312
300.0,-737.9285688696062,3.8008039,39.985092,0.6092538806635883
300.0,-737.9360679381412,3.8002424,40.034996,0.6089692663522694
300.0,-737.9281174679454,3.8002827,39.997559,0.6086846522446486
300.0,-737.932128207004,3.7998414,40.097408,0.6084000394528433
300.0,-737.9289829177425,3.8000019,40.034996,0.608115425011424
300.0,-737.937480519541,3.8000019,40.034996,0.6078308101552871
300.0,-737.930033437917,3.7994003,40.134884,0.6075461953086889
300.0,-737.933897162216,3.7994404,40.047501,0.607261581834616
300.0,-737.9336615215476,3.7991197,40.034996,0.6069769655886894
300.0,-737.9330887840474,3.7992799,40.02253,0.6066923524263994
300.0,-737.9281684442506,3.7987988,40.02253,0.6064077382991173
300.0,-737.9242091482633,3.7988389,40.010063,0.60612312569891
300.0,-737.9388941378387,3.7987587,40.047501,0.6058385102975552
300.0,-737.9281491444759,3.7985582,40.02253,0.6055538961777168
300.0,-737.9404654112586,3.7984378,40.059967,0.6052692801703381
300.0,-737.9239289126212,3.7981973,40.02253,0.6049846676782159
300.0,-737.9404790098243,3.7978363,40.02253,0.6047000516655923
300.0,-737.9269519701198,3.7977962,40.02253,0.6044154380074964
300.0,-737.936207905019,3.7978764,40.072475,0.6041308236421937
300.0,-737.9319996397304,3.7977962,40.010063,0.6038462080372443
300.0,-737.9370807124601,3.7974353,40.02253,0.6035615933353088
300.0,-737.930351344064,3.7971947,40.084942,0.6032769783660963
300.0,-737.9476271317326,3.7971544,40.034996,0.602992359596516
300.0,-737.9380281636584,3.796994,40.034996,0.6027077416664038
300.0,-737.9481688225301,3.7968338,40.010063,0.602423122687899
300.0,-737.933909628006,3.7968738,39.997559,0.6021385063462793
300.0,-737.9305992798564,3.7967134,40.047501,0.6018538912814396
300.0,-737.9425291063576,3.796593,39.997559,0.601569274478115
300.0,-737.9267428403539,3.7963123,40.122375,0.601284660900679
300.0,-737.9320259116237,3.7961118,40.047501,0.6010000481483281
300.0,-737.9262145717175,3.7961118,40.072475,0.600715434774642
300.0,-737.9297850913799,3.7960718,39.985092,0.6004308228865521
300.0,-737.9240112979984,3.7956305,40.047501,0.6001462103626544
300.0,-737.9357435227591,3.7953899,40.010063,0.5998615961764592
300.0,-737.9369331977069,3.7954299,39.985092,0.5995769786686683
300.0,-737.9411285864918,3.7952294,40.047501,0.5992923624055096
300.0,-737.9342417552872,3.7951493,40.010063,0.5990077459357908
300.0,-737.9437127433024,3.795069,40.034996,0.5987231286759496
300.0,-737.9263661449238,3.7949488,40.047501,0.5984385152438026
300.0,-737.9283214953333,3.7948685,40.02253,0.5981539010574897
300.0,-737.9408104319915,3.7947483,40.047501,0.59786928491704
300.0,-737.9337194071611,3.7942269,40.047501,0.5975846686487873
300.0,-737.9429040962403,3.7942269,40.059967,0.597300051700833
300.0,-737.9290590163122,3.794307,40.134884,0.5970154372300629
300.0,-737.9341008867464,3.7942269,40.072475,0.5967308236774155
300.0,-737.9253354608732,3.7937055,40.010063,0.5964462106427967
300.0,-737.9362586866129,3.793545,40.072475,0.5961615962579081
300.0,-737.9243308156489,3.7933044,40.059967,0.5958769836107746
300.0,-737.9361437806563,3.7934649,40.047501,0.595592369270204
300.0,-737.9321590873053,3.7933445,40.059967,0.5953077536037567
300.0,-737.9343048795563,3.7930238,40.109909,0.5950231399724313
300.0,-737.9340058682202,3.7930639,40.097408,0.5947385235936924
300.0,-737.9299948760206,3.792743,40.059967,0.5944539087619674
300.0,-737.9350040771141,3.7925825,40.047501,0.5941692948609687
300.0,-737.930688793911,3.7927029,39.985092,0.593884679761604
300.0,-737.9379134928222,3.7924623,40.097408,0.5936000647384737
300.0,-737.9251948493693,3.7922618,40.034996,0.593315451758088
300.0,-737.9324265004195,3.7920613,40.034996,0.593030838851234
300.0,-737.9289063433956,3.7919009,40.084942,0.5927462244393489
300.0,-737.9333880533788,3.79158,40.084942,0.5924616111616339
300.0,-737.9257245097307,3.7917404,40.034996,0.5921769979769614
300.0,-737.9323252666982,3.7913795,40.047501,0.5918923851091523
300.0,-737.922872045067,3.7913795,40.034996,0.5916077730246571
300.0,-737.9317194652486,3.7915399,40.097408,0.5913231603904993
300.0,-737.9306885862061,3.7910988,40.059967,0.5910385452912147
300.0,-737.9310070902976,3.790818,40.02253,0.590753930069085
300.0,-737.9407787915679,3.7907779,40.047501,0.5904693139408388
300.0,-737.9307466549682,3.7907379,39.997559,0.5901846988191575
300.0,-737.9403768118515,3.790417,40.02253,0.5899000828459505
300.0,-737.9248585346346,3.7902565,40.047501,0.5896154699952791
300.0,-737.9318151078666,3.7902968,40.034996,0.589330857324233
300.0,-737.9349728439628,3.790056,40.059967,0.5890462405725378
300.0,-737.9487286022521,3.790096,40.010063,0.5887616213781317
300.0,-737.9368827106849,3.7895749,39.985092,0.5884770038898133
300.0,-737.9435666117223,3.7895749,40.072475,0.5881923866863336
300.0,-737.9290266798326,3.7894545,40.034996,0.5879077722280356
300.0,-737.9401290442329,3.789294,40.059967,0.5876231563503901
300.0,-737.926767205263,3.7891335,39.985092,0.5873385427635567
300.0,-737.9221911280704,3.789294,40.034996,0.5870539309416868
300.0,-737.933095314846,3.7887325,39.985092,0.586769317776878
300.0,-737.922878319801,3.7887728,39.960121,0.5864847056899627
300.0,-737.930651051039,3.7886925,39.985092,0.5862000934678813
300.0,-737.9255069692468,3.7883716,40.084942,0.5859154803671128
300.0,-737.9316053164506,3.7882514,40.010063,0.585630867776981
300.0,-737.9239976381789,3.788131,40.059967,0.5853462552583518
300.0,-737.9329618671023,3.7878904,39.985092,0.5850616421450124
300.0,-737.9287031460087,3.78777,39.985092,0.5847770278114993
300.0,-737.9353165913977,3.7878103,40.047501,0.5844924137899671
300.0,-737.9206062967866,3.7876499,40.097408,0.5842078025793563
300.0,-737.9300849469976,3.7874894,40.059967,0.5839231905756154
300.0,-737.9284415381187,3.7871685,40.02253,0.5836385763430026
300.0,-737.922853026666,3.7872889,40.084942,0.5833539642658427
300.0,-737.9305424816802,3.7868879,40.097408,0.5830693520856354
300.0,-737.925284375088,3.7868075,40.034996,0.58278473907072
300.0,-737.926856779862,3.7866874,39.997559,0.5825001283120497
300.0,-737.9263163526388,3.7868476,40.047501,0.5822155148991073
300.0,-737.9346672476078,3.7864466,40.084942,0.5819309011280203
300.0,-737.9183473469019,3.7864065,40.034996,0.5816462907886719
300.0,-737.930656434231,3.7862864,40.010063,0.5813616785645143
300.0,-737.9225855719345,3.7860055,40.047501,0.5810770665905098
300.0,-737.9340366897374,3.7859654,40.034996,0.5807924530626225
300.0,-737.9279638794902,3.7856846,40.059967,0.5805078390142396
300.0,-737.9392825674885,3.7856045,40.034996,0.5802232234630715
300.0,-737.9255650382136,3.7853239,39.972588,0.5799386103399062
300.0,-737.9249980484744,3.7853239,40.047501,0.5796539974354253
300.0,-737.9322802227283,3.7851231,40.084942,0.5793693845849891
300.0,-737.9274553366794,3.7850831,40.047501,0.579084770732748
300.0,-737.9322867171014,3.7849226,40.034996,0.578800157879807
300.0,-737.9244697182428,3.784682,40.047501,0.5785155451790995
300.0,-737.9278622907804,3.7845216,40.084942,0.578230934032614
300.0,-737.9218914099141,3.7847624,40.034996,0.5779463223263435
300.0,-737.9304663211585,3.7841606,40.097408,0.5776617101755104
300.0,-737.9216246147224,3.7843211,40.059967,0.577377098572141
300.0,-737.9282828131024,3.78392,40.059967,0.5770924872634644
300.0,-737.9159655832646,3.7837999,40.047501,0.5768078778427469
300.0,-737.9283212284571,3.7837596,40.084942,0.5765232665192539
300.0,-737.922362867682,3.783519,40.072475,0.5762386546311451
300.0,-737.9223689592674,3.7836394,39.997559,0.5759540427406868
300.0,-737.933636162742,3.7833185,40.084942,0.5756694293672786
300.0,-737.9246595615355,3.7828774,40.059967,0.57538481659335
300.0,-737.9254881320693,3.7831581,40.084942,0.5751002063625529
300.0,-737.9146479013963,3.7825966,40.047501,0.5748155974500567
300.0,-737.920510200414,3.782757,39.997559,0.5745309891391964
300.0,-737.916328569558,3.7825966,40.084942,0.5742463795784775
300.0,-737.9232977396013,3.7824764,40.072475,0.5739617701924922
300.0,-737.913184443437,3.7824764,40.059967,0.5736771618444424
300.0,-737.9183458697489,3.782316,40.072475,0.573392554368342
300.0,-737.9097712390073,3.7820351,40.122375,0.5731079473367431
300.0,-737.9157547546522,3.7818346,39.997559,0.5728233408600091
300.0,-737.9081998841898,3.7817144,40.02253,0.5725387344344716
300.0,-737.9079069777308,3.7817144,40.034996,0.5722541281219061
300.0,-737.9269784848966,3.781193,40.084942,0.5719695173162954
300.0,-737.9147050296542,3.7815139,40.097408,0.5716849083817653
300.0,-737.9208737277364,3.7814736,40.072475,0.5714002999306963
300.0,-737.9151060656419,3.781193,40.02253,0.5711156908414893
300.0,-737.9283458262839,3.7810326,40.047501,0.5708310795085091
300.0,-737.9093968146204,3.780792,39.947655,0.5705464726213232
300.0,-737.92866466325,3.7805915,40.047501,0.5702618611653709
300.0,-737.9280149288502,3.780431,40.059967,0.5699772470972987
300.0,-737.9289129559681,3.780431,40.072475,0.5696926355455825
300.0,-737.9247116238405,3.7802706,40.072475,0.5694080227515737
300.0,-737.9291801940185,3.7801101,40.059967,0.5691234110967864
300.0,-737.9163028612178,3.77999,40.059967,0.5688388015459831
300.0,-737.9231015612214,3.7797492,40.072475,0.568554189372965
300.0,-737.9239994400792,3.7798295,40.034996,0.5682695797163411
300.0,-737.9193713657743,3.7795486,40.034996,0.5679849689820352
300.0,-737.924125795704,3.7793081,40.02253,0.5677003592766773
300.0,-737.9184600295673,3.779228,40.047501,0.5674157488938679
300.0,-737.9258328730629,3.7791076,40.034996,0.5671311385301079
300.0,-737.9193011635678,3.7791877,40.109909,0.5668465278228786
300.0,-737.9208097744506,3.7789872,40.072475,0.5665619193964757
300.0,-737.9178559672679,3.7787867,39.997559,0.5662773092466493
300.0,-737.9218915064635,3.7787066,40.02253,0.5659927004030335
300.0,-737.917091786599,3.7784257,40.010063,0.5657080905479467
300.0,-737.9250114328879,3.7782655,40.034996,0.5654234805010077
300.0,-737.9181237393889,3.7781451,40.02253,0.5651388702479032
300.0,-737.9160102365418,3.778065,40.010063,0.5648542608099633
300.0,-737.9214147950038,3.7780247,40.047501,0.5645696521502103
300.0,-737.9139220986566,3.7777441,40.059967,0.5642850435176515
300.0,-737.920071745715,3.7775435,40.02253,0.5640004353758987
300.0,-737.9146290536611,3.7774632,40.034996,0.5637158264706721
300.0,-737.9328468880902,3.7774231,40.034996,0.5634312134016789
300.0,-737.9203754748539,3.7769821,39.972588,0.5631466022800947
300.0,-737.9300075173146,3.777303,40.059967,0.5628619903062175
300.0,-737.9261315515615,3.776902,40.059967,0.5625773769645517
300.0,-737.9367872658817,3.7767415,40.059967,0.5622927623757956
300.0,-737.9256723983132,3.7767415,40.034996,0.5620081492112222
300.0,-737.939841823748,3.776541,40.059967,0.5617235334443548
300.0,-737.9261757530038,3.7762201,40.059967,0.5614389200856408
300.0,-737.9299312166205,3.7760596,40.047501,0.5611543052784687
300.0,-737.9441264663417,3.77614,39.985092,0.5608696878590588
300.0,-737.9316368844702,3.77618,40.059967,0.5605850723940217
300.0,-737.939345983601,3.7759795,40.084942,0.5603004568183946
300.0,-737.9311981908698,3.7758992,40.034996,0.5600158415225588
300.0,-737.9328661876498,3.7756586,40.010063,0.559731228446122
300.0,-737.925780906008,3.775418,40.034996,0.5594466152396979
300.0,-737.9335477221334,3.7754581,40.084942,0.5591620019004003
300.0,-737.9249594499482,3.7751775,40.047501,0.5588773890108065
300.0,-737.9344324435649,3.7750571,39.947655,0.5585927753302811
300.0,-737.9255518060819,3.7748966,40.084942,0.5583081622122193
300.0,-737.932681384509,3.7747762,40.047501,0.5580235492070592
300.0,-737.9242471486403,3.7748566,40.047501,0.5577389365921954
300.0,-737.9261816853829,3.7748966,40.034996,0.5574543232311934
300.0,-737.939900271264,3.7743752,40.034996,0.5571697074417833
300.0,-737.9323630168775,3.774255,40.047501,0.5568850916966815
300.0,-737.936335945219,3.7740545,40.084942,0.5566004772819951
300.0,-737.9233876068707,3.7740545,40.084942,0.556315864998651
300.0,-737.9367880838174,3.7738941,40.059967,0.5560312504095795
300.0,-737.9321724780293,3.7740142,40.059967,0.5557466347379674
300.0,-737.9329496232364,3.7735732,40.072475,0.5554620216293503
300.0,-737.9163923511254,3.7733326,40.010063,0.5551774120440313
300.0,-737.9294667306052,3.7734127,40.010063,0.5548928002787299
300.0,-737.9224841075842,3.773092,40.097408,0.5546081883438597
300.0,-737.9285697653078,3.7731721,40.059967,0.5543235769245085
300.0,-737.9262969931107,3.7728915,40.072475,0.554038963519033
300.0,-737.9166524567873,3.7729316,40.010063,0.5537543538333929
300.0,-737.9263410424096,3.7726107,40.02253,0.5534697432736371
300.0,-737.9257300279278,3.772691,40.072475,0.5531851300868363
300.0,-737.9289704388235,3.7724502,40.059967,0.5529005185129496
300.0,-737.9205683569816,3.7722497,39.997559,0.5526159073169721
300.0,-737.9239412006795,3.7720892,40.010063,0.5523312976828104
300.0,-737.9223632822732,3.7721696,40.034996,0.5520466857945417
300.0,-737.920516877733,3.7720492,40.047501,0.5517620774811062
300.0,-737.9161561824801,3.7716081,40.072475,0.5514774679868758
300.0,-737.9208418794012,3.7716081,40.097408,0.5511928595480903
300.0,-737.9145267472363,3.7713675,40.059967,0.5509082506823226
300.0,-737.9263224388219,3.7714477,40.109909,0.5506236401297421
300.0,-737.9192182170804,3.7710867,39.985092,0.5503390294545047
300.0,-737.912318907693,3.7710066,39.997559,0.5500544214402864
300.0,-737.917709513682,3.7710466,40.02253,0.5497698142096221
300.0,-737.9082442687808,3.7710066,40.072475,0.5494852077669657
300.0,-737.9202493591247,3.7708461,40.059967,0.5492005995567092
300.0,-737.9167738067833,3.7706056,40.084942,0.5489159898242651
300.0,-737.921612390848,3.7700038,40.072475,0.5486313810883013
300.0,-737.9114141275937,3.7702045,40.134884,0.5483467734230509
300.0,-737.91437422909,3.7702045,40.010063,0.5480621674787713
300.0,-737.911973694799,3.7700441,40.047501,0.5477775595976995
300.0,-737.9209176120261,3.7699637,40.072475,0.5474929511297048
300.0,-737.9062448153585,3.7697232,40.097408,0.5472083454582246
300.0,-737.9137181954981,3.7696028,40.084942,0.5469237397669704
300.0,-737.9087663854643,3.7694426,40.059967,0.546639133122937
300.0,-737.9122412099962,3.7695227,40.059967,0.5463545280013409
300.0,-737.9062965848303,3.7694023,40.072475,0.5460699223098936
300.0,-737.9032280323893,3.7692821,40.122375,0.5457853178019672
300.0,-737.9122226794641,3.7690012,40.034996,0.545500712687518
300.0,-737.8988686775483,3.7689612,40.084942,0.5452161098609666
300.0,-737.9091989086834,3.7686806,40.010063,0.5449315059127546
300.0,-737.9009368317674,3.7686002,39.985092,0.5446469022885295
300.0,-737.9109236859512,3.7683196,40.072475,0.5443622976750887
300.0,-737.90049767344,3.7684398,40.072475,0.5440776942202441
300.0,-737.9174736479803,3.7682793,40.047501,0.5437930870805507
300.0,-737.9087099771135,3.7682393,40.097408,0.5435084804582736
300.0,-737.9165076883587,3.7679987,40.084942,0.5432238736911409
300.0,-737.9146600835438,3.7677982,40.159855,0.5429392647739462
300.0,-737.9205552323103,3.7677181,40.097408,0.5426546564457175
300.0,-737.9119551278236,3.7675576,40.122375,0.5423700485718068
300.0,-737.9143490502801,3.7676377,40.072475,0.5420854397745757
300.0,-737.9172256855468,3.7673571,40.047501,0.5418008327305188
300.0,-737.8999619828838,3.7670763,40.072475,0.5415162294822866
300.0,-737.9092369700153,3.7669561,40.097408,0.5412316255193947
300.0,-737.9061311682467,3.7669561,40.097408,0.5409470198917475
300.0,-737.912649476174,3.7667956,40.02253,0.5406624146126874
300.0,-737.9075815277013,3.7668757,40.047501,0.540377808425646
300.0,-737.9115802446426,3.7667556,40.047501,0.5400932035589773
300.0,-737.902209115895,3.7664747,40.122375,0.5398085994440404
300.0,-737.9051573579479,3.7663946,40.122375,0.5395239970546127
300.0,-737.9008084638016,3.7660737,40.02253,0.5392393934798982
300.0,-737.9176779215528,3.7659936,40.059967,0.5389547862614187
300.0,-737.9019802107817,3.7659132,40.047501,0.5386701822347689
300.0,-737.9054881044941,3.7658331,40.047501,0.5383855768551473
300.0,-737.9118916111149,3.7657528,40.072475,0.5381009718683879
300.0,-737.9152906594236,3.7655122,40.109909,0.5378163627079842
300.0,-737.9194281628776,3.7653518,40.109909,0.5375317548144546
300.0,-737.9129803309207,3.7655122,40.097408,0.5372471465451296
300.0,-737.9238210824033,3.7650311,40.072475,0.5369625369572963
300.0,-737.9115477323828,3.7649908,40.047501,0.5366779292405154
300.0,-737.914558752082,3.7650712,40.072475,0.5363933232250673
300.0,-737.9089833032427,3.7647502,40.134884,0.53610871649737
300.0,-737.914246909623,3.7644696,40.097408,0.5358241106021963
300.0,-737.9091097556169,3.7647102,40.072475,0.5355395038257272
300.0,-737.9117633509298,3.7644293,40.097408,0.5352548988884364
300.0,-737.9063851585854,3.7641888,40.084942,0.5349702931628267
300.0,-737.9084798752928,3.7642691,40.084942,0.5346856866292985
300.0,-737.9189378651305,3.7641487,40.047501,0.5344010789248717
300.0,-737.9081736757207,3.7640283,40.084942,0.5341164725094425
300.0,-737.918951329454,3.7638679,40.159855,0.5338318647998227
300.0,-737.9064558860908,3.7637076,40.084942,0.5335472590469339
300.0,-737.9140247648602,3.7636273,40.059967,0.5332626532374392
300.0,-737.908429118766,3.7635071,40.084942,0.5329780467234873
300.0,-737.9150042377136,3.7633467,40.109909,0.5326934405362199
300.0,-737.906410695646,3.7632663,40.097408,0.5324088348007608
300.0,-737.9083907983852,3.7631462,40.059967,0.5321242311642286
300.0,-737.9065067040083,3.7629857,40.172321,0.5318396253917397
300.0,-737.9138011671716,3.7627451,40.047501,0.5315550196684842
300.0,-737.9088172760272,3.7628653,40.047501,0.5312704130048226
300.0,-737.9111153126979,3.7625043,40.097408,0.5309858054548232
300.0,-737.919313037959,3.7627048,40.084942,0.5307011976056961
300.0,-737.9106065378306,3.7624643,40.072475,0.5304165902519278
300.0,-737.9205733474284,3.7621434,40.084942,0.5301319819167124
300.0,-737.9096193480025,3.7621434,40.084942,0.5298473749436968
300.0,-737.9225221865023,3.7617826,40.109909,0.5295627658568343
300.0,-737.9154560393775,3.7620633,40.059967,0.5292781566326445
300.0,-737.9242147978375,3.7618227,40.084942,0.5289935468929594
300.0,-737.9150292958682,3.7615418,40.084942,0.5287089378333619
300.0,-737.9271368474506,3.7614217,40.084942,0.5284243269666724
300.0,-737.9186322332919,3.7614217,40.059967,0.5281397165174452
300.0,-737.9255326761099,3.7613814,40.097408,0.527855106269468
300.0,-737.9168946071288,3.7610607,40.059967,0.527570496490432
300.0,-737.9171877699958,3.7611408,40.034996,0.527285886598325
300.0,-737.9179834042901,3.7608602,40.134884,0.5270012792620238
300.0,-737.9088933864658,3.7607398,40.072475,0.5267166725690069
300.0,-737.9113633486248,3.7607398,40.14735,0.5264320677859928
300.0,-737.9108341375749,3.7604189,40.059967,0.5261474603444408
300.0,-737.9233049909282,3.7605393,40.072475,0.5258628509556587
300.0,-737.9126362156908,3.7600982,40.109909,0.5255782428190567
300.0,-737.9243605506338,3.7602184,40.122375,0.5252936330231562
300.0,-737.9145834482156,3.7598174,40.109909,0.5250090241355193
300.0,-737.9166461656808,3.7600582,40.109909,0.5247244173149773
300.0,-737.9133808420187,3.7597773,40.134884,0.5244398088911778
300.0,-737.9267615766007,3.7596972,40.109909,0.5241551981692263
300.0,-737.919880201009,3.7594564,40.047501,0.5238705872386661
300.0,-737.922859936179,3.7595367,40.097408,0.5235859751588412
300.0,-737.9308803124774,3.7592559,40.097408,0.523301362848336
300.0,-737.9256540879505,3.7592559,40.097408,0.5230167496908248
300.0,-737.9304400757958,3.7590554,40.097408,0.5227321375501143
300.0,-737.9247884793564,3.7590957,40.109909,0.5224475247264627
300.0,-737.9266972578324,3.7587347,40.134884,0.5221629140293184
300.0,-737.9240503962441,3.7586944,40.134884,0.5218783014903408
300.0,-737.9317012277573,3.7585342,40.134884,0.5215936888632169
300.0,-737.9170349018572,3.7584538,40.109909,0.5213090790300702
300.0,-737.9291993222965,3.7582934,40.059967,0.5210244673679054
300.0,-737.9172004526815,3.7582934,40.159855,0.5207398574709068
300.0,-737.9330508563437,3.7580528,40.097408,0.5204552443232452
300.0,-737.9213821840304,3.7580128,40.084942,0.5201706328133797
300.0,-737.9176270989891,3.7578123,40.097408,0.5198860227518264
300.0,-737.9173274924575,3.7577722,40.084942,0.5196014156685037
300.0,-737.9184606643462,3.7577319,40.097408,0.5193168052854495
300.0,-737.9203127871062,3.7574112,40.14735,0.5190321970507296
300.0,-737.9169332054503,3.7572508,40.097408,0.5187475872568064
300.0,-737.9301094832286,3.7572908,40.122375,0.518462975243602
300.0,-737.9146355232081,3.7566893,40.084942,0.5181783663358801
300.0,-737.9276202487121,3.7571304,40.122375,0.5178937552827477
300.0,-737.9223759780555,3.7569699,40.072475,0.5176091433895823
300.0,-737.9213182245599,3.7566493,40.14735,0.5173245347670755
300.0,-737.9149466549014,3.7566493,40.109909,0.5170399257393521
300.0,-737.9281175288925,3.7564888,40.122375,0.5167553144944239
300.0,-737.9230244492975,3.7564085,40.072475,0.5164707023511473
300.0,-737.9169521139622,3.7565689,40.084942,0.5161860925499313
300.0,-737.9277292701149,3.7559273,40.097408,0.5159014814547506
300.0,-737.9167615024685,3.7562883,40.097408,0.5156168717270522
300.0,-737.9264180202531,3.7558472,40.134884,0.5153322611376069
300.0,-737.9227895747662,3.7557268,40.097408,0.51504764908492
300.0,-737.9265644201129,3.7555664,40.084942,0.5147630384390097
300.0,-737.9168374047928,3.7554862,40.097408,0.5144784286820363
300.0,-737.9300074567419,3.7552857,40.097408,0.5141938167081824
300.0,-737.9175826896372,3.7551653,40.109909,0.5139092066637575
300.0,-737.9263297511308,3.7551253,40.109909,0.5136245961083566
300.0,-737.9182184288763,3.7552054,40.047501,0.5133399858187312
300.0,-737.9272071115497,3.7549248,40.072475,0.5130553749249415
300.0,-737.9182756430812,3.7549648,40.159855,0.5127707646132489
300.0,-737.9215802542784,3.7547243,40.084942,0.5124861530269891
300.0,-737.919314185361,3.7544835,40.14735,0.5122015451774193
300.0,-737.9155707117125,3.7547643,40.134884,0.5119169359090013
300.0,-737.9200706105912,3.7544434,40.109909,0.5116323277676863
300.0,-737.9205931250224,3.7544434,40.072475,0.5113477165621558
300.0,-737.9258066768131,3.7542028,40.084942,0.5110631062084994
300.0,-737.9217134569591,3.754283,40.109909,0.5107784945708641
300.0,-737.9288302892044,3.7539623,40.14735,0.5104938830510316
300.0,-737.9231964819469,3.7537215,40.109909,0.5102092708414032
300.0,-737.9267170695994,3.753922,40.109909,0.5099246601366176
300.0,-737.9164682546776,3.7536814,40.14735,0.5096400505220231
300.0,-737.9331582179326,3.7534809,40.159855,0.5093554373329532
300.0,-737.9308353871111,3.753521,40.122375,0.5090708221770485
300.0,-737.9200329101461,3.7533205,40.122375,0.5087862111875893
300.0,-737.9280410757393,3.7531602,40.059967,0.5085015999721483
300.0,-737.9233931492148,3.7529998,40.059967,0.5082169876866666
300.0,-737.9299254730579,3.7530398,40.097408,0.507932375744433
300.0,-737.9194337193961,3.7526789,40.122375,0.5076477649860778
300.0,-737.927549983999,3.7527189,40.084942,0.5073631539600457
300.0,-737.9229292959016,3.752759,40.059967,0.5070785418534692
300.0,-737.9291930233521,3.7526388,40.134884,0.506793930193734
300.0,-737.9182126432208,3.7525988,40.097408,0.50650931990634
300.0,-737.9245083174715,3.7522779,40.122375,0.5062247100534473
300.0,-737.9182444785483,3.7521574,40.14735,0.5059400997537746
300.0,-737.9304738403557,3.7522779,40.122375,0.5056554876000414
300.0,-737.9252589243838,3.7520373,40.109909,0.5053708745949423
300.0,-737.925437194319,3.7517564,40.134884,0.5050862615210856
300.0,-737.9281563105482,3.7517564,40.109909,0.5048016502611997
300.0,-737.9269143608011,3.7516363,40.109909,0.5045170366176095
300.0,-737.9317837842216,3.7515159,40.109909,0.5042324239586444
300.0,-737.9240177311202,3.7515159,40.072475,0.5039478114322655
300.0,-737.9261748909463,3.7513955,40.122375,0.5036632009365928
300.0,-737.9215221982037,3.7510345,40.122375,0.5033785893727247
300.0,-737.9265519079672,3.7510748,40.047501,0.5030939787316403
300.0,-737.9274871605472,3.751235,40.084942,0.5028093648671249
300.0,-737.931567596454,3.7506738,40.172321,0.5025247522915414
300.0,-737.914711682759,3.7507138,40.097408,0.5022401433544451
300.0,-737.9218719873279,3.7506335,40.122375,0.5019555345183577
300.0,-737.9240494442804,3.7505534,40.134884,0.5016709219797473
300.0,-737.9233876310177,3.750473,40.059967,0.501386309696394
300.0,-737.9269460384062,3.7502725,40.134884,0.5011016989032975
300.0,-737.9207010714023,3.7501924,40.14735,0.5008170876561329
300.0,-737.9225348570374,3.7500319,40.14735,0.5005324785643834
300.0,-737.9196317407362,3.7501523,40.197292,0.5002478677296527
300.0,-737.931809309056,3.7499919,40.084942,0.499963255060843
300.0,-737.9213563909711,3.7497513,40.122375,0.4996786435609258
300.0,-737.9280337517661,3.7495909,40.159855,0.4993940323483096
300.0,-737.9212924137723,3.7495909,40.14735,0.499109420873068
300.0,-737.9205930740662,3.7494705,40.134884,0.4988248125302442
300.0,-737.9141195586819,3.7494304,40.14735,0.4985402038215265
300.0,-737.9218982453782,3.7490294,40.122375,0.4982555949753116
300.0,-737.9222164692948,3.748909,40.134884,0.4979709831436677
300.0,-737.927143082561,3.7489893,40.222263,0.4976863694118609
300.0,-737.9236047603935,3.7485883,40.172321,0.4974017599074609
300.0,-737.9224013076157,3.7486684,40.109909,0.4971171480045261
300.0,-737.9287227571526,3.7485883,40.109909,0.4968325365261676
300.0,-737.9178112043062,3.748548,40.084942,0.496547926393606
300.0,-737.9257118396481,3.7483475,40.14735,0.4962633160765272
300.0,-737.9160155949186,3.7482674,40.122375,0.4959787066365206
300.0,-737.9265457921733,3.7479866,40.072475,0.495694095997795
300.0,-737.9139666297665,3.7480669,40.184788,0.4954094873480609
300.0,-737.9123505369228,3.7479465,40.097408,0.4951248821842985
300.0,-737.9057746023876,3.7478664,40.197292,0.4948402766941765
300.0,-737.9181493232853,3.7478664,40.122375,0.4945556692938821
300.0,-737.9020508891747,3.747746,40.122375,0.4942710652399723
300.0,-737.9157490049547,3.7474654,40.134884,0.4939864587654558
300.0,-737.9043231565239,3.7474654,40.134884,0.4937018538351471
300.0,-737.9083141415243,3.7475455,40.14735,0.4934172473655412
300.0,-737.9200085739394,3.7472248,40.122375,0.4931326392481531
300.0,-737.9121461301709,3.7469039,40.172321,0.492848031300574
300.0,-737.9126873799352,3.7467835,40.172321,0.4925634260068947
300.0,-737.9148391599471,3.7467434,40.159855,0.4922788170206314
300.0,-737.9205305982625,3.7467034,40.222263,0.4919942087019039
300.0,-737.9121340579125,3.7469039,40.134884,0.491709600758981
300.0,-737.920269024576,3.7467434,40.159855,0.4914249925411397
300.0,-737.9111787030025,3.7463825,40.072475,0.491140384966691
300.0,-737.9243034218013,3.7462621,40.097408,0.4908557751928245
300.0,-737.907009752769,3.7463424,40.122375,0.490571169226313
300.0,-737.9185187101956,3.746222,40.084942,0.4902865616835499
300.0,-737.9096318111144,3.7460215,40.122375,0.4900019547057274
300.0,-737.9052901807651,3.7458611,40.23473,0.4897173494024436
300.0,-737.9092245554817,3.7458611,40.172321,0.4894327454443399
300.0,-737.8983013583463,3.7457409,40.134884,0.4891481428365999
300.0,-737.9041639570626,3.7455404,40.097408,0.4888635408303167
300.0,-737.9012811655479,3.7457008,40.134884,0.4885789370732842
300.0,-737.9132668508927,3.7455001,40.072475,0.4882943315561089
300.0,-737.9016118652928,3.7452996,40.122375,0.4880097276715278
300.0,-737.9001659245204,3.7451794,40.172321,0.4877251272072443
300.0,-737.8964871091331,3.7451394,40.209759,0.4874405252992485
300.0,-737.9080975593091,3.7449789,40.159855,0.4871559217758155
300.0,-737.9045647328632,3.7449789,40.097408,0.4868713167523324
300.0,-737.9063153965935,3.7448585,40.134884,0.4865867139162612
300.0,-737.9042467045489,3.744698,40.084942,0.4863021090154395
300.0,-737.9057679492828,3.7446179,40.134884,0.4860175035278835
300.0,-737.9072511681031,3.7445376,40.14735,0.4857329003308949
300.0,-737.9071814076616,3.7444575,40.184788,0.4854482942981772
300.0,-737.9148895398732,3.744297,40.14735,0.4851636881551476
300.0,-737.9069588990404,3.7441366,40.159855,0.48487908220825
300.0,-737.9149729627723,3.7440565,40.122375,0.484594476033045
300.0,-737.893252980902,3.7440565,40.084942,0.4843098753724316
300.0,-737.8996067787651,3.7438159,40.109909,0.4840252751238049
300.0,-737.8925971122965,3.7439361,40.184788,0.4837406747161556
300.0,-737.9063026767409,3.7438159,40.159855,0.4834560718849904
300.0,-737.898797535247,3.7436154,40.197292,0.4831714690858781
300.0,-737.9045014952283,3.7434149,40.097408,0.4828868669494099
300.0,-737.8994663916495,3.7434149,40.122375,0.482602263892324
300.0,-737.90030003088,3.7432544,40.159855,0.4823176605137089
300.0,-737.9078677240675,3.7433746,40.134884,0.482033057078921
300.0,-737.8977923767972,3.7429335,40.23473,0.4817484546674918
300.0,-737.9057871832164,3.743134,40.109909,0.4814638520351471
300.0,-737.8915346659732,3.7430539,40.134884,0.4811792520372765
300.0,-737.9077733143902,3.742733,40.184788,0.4808946486389015
300.0,-737.9055198551026,3.742733,40.14735,0.4806100432470339
300.0,-737.9112682679414,3.7425325,40.172321,0.4803254385006914
300.0,-737.9053091750192,3.7426929,40.172321,0.4800408331900817
300.0,-737.9109177285466,3.7424924,40.159855,0.4797562285789387
300.0,-737.9040233655174,3.7420914,40.184788,0.4794716237642574
300.0,-737.902916025292,3.7421315,40.184788,0.4791870222392885
300.0,-737.9069515501753,3.7422519,40.184788,0.4789024162952254
300.0,-737.900803092328,3.741971,40.122375,0.4786178127225827
300.0,-737.9112294244852,3.7417705,40.122375,0.4783332079912217
300.0,-737.9046350693104,3.741971,40.109909,0.4780486029406103
300.0,-737.9139479697578,3.7418106,40.159855,0.4777639971607345
300.0,-737.9113178143247,3.7416501,40.134884,0.4774793895326314
300.0,-737.9161818806238,3.7414899,40.172321,0.4771947828911594
300.0,-737.9044504630459,3.7412891,40.222263,0.4769101779117494
300.0,-737.9076836660116,3.741209,40.159855,0.4766255745479508
300.0,-737.9080148136077,3.7412891,40.23473,0.4763409681937938
300.0,-737.9117251797077,3.7410886,40.184788,0.4760563632712251
300.0,-737.9076896326737,3.7408881,40.134884,0.4757717570424883
300.0,-737.9134826842284,3.7409685,40.097408,0.4754871514420684
300.0,-737.9116435082794,3.7411289,40.134884,0.4752025436883473
300.0,-737.9086638588518,3.7410085,40.209759,0.4749179370838577
300.0,-737.9179265316636,3.7406476,40.184788,0.4746333297694918
300.0,-737.9061236728628,3.740407,40.172321,0.4743487241447355
300.0,-737.9178112966501,3.7403266,40.222263,0.4740641168748146
300.0,-737.9075058562056,3.740407,40.172321,0.4737795107169591
300.0,-737.9120567244527,3.7402465,40.122375,0.4734949056665171
300.0,-737.9088304844212,3.7402465,40.109909,0.4732102989977612
300.0,-737.9097720436572,3.7402065,40.209759,0.4729256948284969
300.0,-737.8999695394538,3.740046,40.14735,0.4726410915773502
300.0,-737.9094608355742,3.7402465,40.14735,0.4723564875281157
300.0,-737.9069573364449,3.7400861,40.134884,0.4720718815818208
300.0,-737.9185884733423,3.7398055,40.159855,0.4717872740121507
300.0,-737.9051696738668,3.7397251,40.159855,0.4715026687553458
300.0,-737.9045779036041,3.7396049,40.222263,0.4712180637267827
300.0,-737.9194281143785,3.739645,40.084942,0.4709334558332719
300.0,-737.9107396308267,3.7393241,40.159855,0.4706488484281705
300.0,-737.9222297160445,3.7390435,40.14735,0.4703642394541108
300.0,-737.9203961168319,3.7391236,40.172321,0.4700796283245652
300.0,-737.9253618746707,3.7394445,40.184788,0.4697950181424642
300.0,-737.9091162982186,3.7389631,40.197292,0.4695104113634717
300.0,-737.9222614303422,3.7390835,40.209759,0.4692258023771802
300.0,-737.9131645219801,3.7389631,40.184788,0.468941194036814
300.0,-737.9234130601532,3.7389631,40.172321,0.4686565846063507
300.0,-737.9222665059143,3.7385221,40.184788,0.4683719727554081
300.0,-737.9227836744459,3.7385621,40.197292,0.4680873635676923
300.0,-737.9156851030831,3.7385221,40.197292,0.4678027542551543
300.0,-737.9162140320777,3.7384017,40.172321,0.4675181447386117
300.0,-737.9175508947174,3.7383215,40.134884,0.467233537569125
300.0,-737.9187280576871,3.7382414,40.159855,0.466948927082939
300.0,-737.9268062428099,3.7379606,40.159855,0.4666643163437602
300.0,-737.918091647244,3.7382815,40.14735,0.4663797061030336
300.0,-737.9276406831907,3.7379606,40.222263,0.4660950950420198
300.0,-737.9216375540208,3.7379205,40.197292,0.4658104834336599
300.0,-737.9259595949885,3.7378805,40.14735,0.4655258730210245
300.0,-737.9341514971784,3.73772,40.209759,0.4652412565861175
300.0,-737.9337572933595,3.7374794,40.209759,0.4649566431659904
300.0,-737.9237501906465,3.73768,40.134884,0.4646720307428001
300.0,-737.9316441719803,3.7374794,40.172321,0.4643874181376821
300.0,-737.9310519387969,3.7376397,40.14735,0.4641028028982548
300.0,-737.9201096926072,3.7371185,40.134884,0.4638181918791811
300.0,-737.922496624424,3.7369981,40.134884,0.4635335828021776
300.0,-737.9181552456628,3.7370782,40.259705,0.4632489725369215
300.0,-737.9269975399144,3.736958,40.247196,0.4629643617239614
300.0,-737.910713605711,3.7367976,40.14735,0.4626797543288978
300.0,-737.9310137606303,3.7366371,40.159855,0.4623951419669229
300.0,-737.9164555953204,3.7365971,40.172321,0.4621105323572109
300.0,-737.9232361670672,3.7367175,40.184788,0.4618259229949735
300.0,-737.9105560258431,3.7366371,40.184788,0.4615413156606874
300.0,-737.9174105862996,3.7363966,40.134884,0.4612567085453162
300.0,-737.9149730702568,3.7363966,40.222263,0.4609720995074046
300.0,-737.9274613852058,3.7363164,40.184788,0.4606874885155442
300.0,-737.9229351429477,3.736196,40.172321,0.4604028764067125
300.0,-737.9163284234484,3.736156,40.197292,0.4601182668460499
300.0,-737.9313711967154,3.736156,40.184788,0.4598336543462157
300.0,-737.9193010166396,3.7359555,40.209759,0.4595490436390431
300.0,-737.925724107866,3.7358351,40.172321,0.4592644333172326
300.0,-737.9226806156457,3.735795,40.159855,0.4589798213065705
300.0,-737.9211595198522,3.7359555,40.247196,0.4586952127452744
300.0,-737.9166906163706,3.7355142,40.134884,0.4584106030449164
300.0,-737.9222291185032,3.7355142,40.197292,0.4581259940710872
300.0,-737.9126242164872,3.7356746,40.259705,0.4578413859391133
300.0,-737.9126102428837,3.7354341,40.23473,0.4575567806751849
300.0,-737.9030503962098,3.7352736,40.134884,0.4572721762357716
300.0,-737.9199184978687,3.7353137,40.209759,0.4569875681531249
300.0,-737.9146990362939,3.7351532,40.197292,0.4567029592209064
300.0,-737.9101092747254,3.7350731,40.197292,0.4564183520589293
300.0,-737.9258264887847,3.734993,40.184788,0.4561337416976315
300.0,-737.9114838898341,3.7349126,40.159855,0.4558491340054743
300.0,-737.9209567114835,3.735033,40.284672,0.4555645255223993
300.0,-737.9076010953437,3.7348726,40.184788,0.4552799193278107
300.0,-737.9129290434242,3.7348325,40.14735,0.4549953139409243
300.0,-737.9087206337045,3.7347522,40.222263,0.4547107073145371
300.0,-737.9114010808997,3.7344716,40.172321,0.45442610251697
300.0,-737.8956659213503,3.734271,40.222263,0.454141500925701
300.0,-737.9095170132521,3.734271,40.172321,0.4538568968547993
300.0,-737.9005996506065,3.7344716,40.172321,0.4535722933606228
300.0,-737.9168893189303,3.7341506,40.197292,0.4532876864462991
300.0,-737.9065381853167,3.7340705,40.222263,0.453003080661668
300.0,-737.9075373019074,3.7341506,40.159855,0.4527184744916842
300.0,-737.9160994340499,3.73387,40.197292,0.4524338678820109
300.0,-737.9091418230008,3.73383,40.172321,0.4521492610931737
300.0,-737.9164943947028,3.73387,40.209759,0.4518646543311682
300.0,-737.9166340617055,3.73387,40.172321,0.4515800446526228
300.0,-737.9228466262362,3.7335491,40.23473,0.4512954354406273
300.0,-737.9066209973586,3.7337897,40.184788,0.4510108296240562
300.0,-737.9115100169689,3.7333887,40.197292,0.4507262247844736
300.0,-737.9041126841453,3.7334287,40.284672,0.4504416199353427
300.0,-737.9139226035174,3.7332685,40.247196,0.4501570141652505
300.0,-737.905959538115,3.7335091,40.247196,0.4498724086037999
300.0,-737.9221526649407,3.733108,40.184788,0.4495877996594581
300.0,-737.9161690247814,3.733068,40.259705,0.4493031901602745
300.0,-737.9116435692608,3.7329876,40.222263,0.4490185824065299
300.0,-737.9219806549128,3.7330277,40.247196,0.4487339735285305
300.0,-737.9147436161069,3.733068,40.23473,0.4484493645791179
300.0,-737.9130494174972,3.7329075,40.247196,0.4481647591458044
300.0,-737.9092373062689,3.7328272,40.23473,0.4478801523201399
300.0,-737.9143102397879,3.7329476,40.247196,0.4475955464005404
300.0,-737.9031451710301,3.7325866,40.23473,0.447310941924573
300.0,-737.9110902516005,3.7323861,40.23473,0.4470263372468896
300.0,-737.9031519585805,3.7324662,40.222263,0.4467417327683044
300.0,-737.9108980510217,3.7323461,40.23473,0.4464571281647507
300.0,-737.8962384769666,3.7324262,40.209759,0.4461725263526507
300.0,-737.9079387694724,3.7321055,40.222263,0.4458879228904613
300.0,-737.9045970081568,3.7319047,40.197292,0.4456033178545298
300.0,-737.9079445385511,3.731945,40.247196,0.4453187115274775
300.0,-737.9069461007797,3.7320652,40.222263,0.4450341084481501
300.0,-737.9014778330204,3.731945,40.209759,0.4447495046152643
300.0,-737.9191097898246,3.7318246,40.272167,0.444464896844528
300.0,-737.9015747192684,3.7316241,40.209759,0.4441802929742737
300.0,-737.9087724655868,3.7319047,40.259705,0.4438956891905364
300.0,-737.9079450024594,3.7315037,40.23473,0.4436110828633051
300.0,-737.9112738711185,3.7316241,40.23473,0.4433264781148016
300.0,-737.9077921588769,3.7312632,40.247196,0.443041871846521
300.0,-737.9221272987003,3.7314637,40.297138,0.4427572629119627
300.0,-737.9122541747757,3.7313032,40.272167,0.4424726549227115
300.0,-737.9237185670378,3.7313032,40.309605,0.4421880453744173
300.0,-737.9066913344197,3.7311027,40.247196,0.4419034395307177
300.0,-737.9082446710938,3.7309022,40.209759,0.4416188330879062
300.0,-737.9168433835599,3.7311428,40.209759,0.4413342261912992
300.0,-737.905883049101,3.730782,40.284672,0.44104962065935
300.0,-737.9188044904423,3.7310226,40.247196,0.4407650130063645
300.0,-737.9118850968969,3.7309825,40.23473,0.4404804051594642
300.0,-737.919638405519,3.7305412,40.209759,0.4401957971848462
300.0,-737.9121906860415,3.7307017,40.209759,0.4399111892200822
300.0,-737.9242404088243,3.7307417,40.23473,0.4396265794705191
300.0,-737.9244385168756,3.7303007,40.259705,0.4393419667818459
300.0,-737.921719716216,3.7302606,40.309605,0.4390573580044878
300.0,-737.914030814261,3.7304611,40.284672,0.4387727493299982
300.0,-737.9264940342545,3.7302206,40.259705,0.4384881387112351
300.0,-737.9152971408394,3.7301402,40.247196,0.4382035295483316
300.0,-737.923075497431,3.7301402,40.284672,0.4379189202480628
300.0,-737.914845458828,3.7299397,40.284672,0.43763431125937
300.0,-737.9141452056316,3.7298596,40.259705,0.4373497025407604
300.0,-737.9258839720493,3.73002,40.209759,0.437065092157292
300.0,-737.9198044812193,3.73002,40.297138,0.4367804812559364
300.0,-737.9251832603793,3.7296991,40.222263,0.4364958711427252
300.0,-737.9184990915925,3.7296591,40.322113,0.4362112607448499
300.0,-737.9265643470574,3.7296591,40.159855,0.4359266500989678
300.0,-737.921681999593,3.7295387,40.322113,0.4356420384734655
300.0,-737.926105994439,3.7293382,40.297138,0.4353574280043653
300.0,-737.9258003764485,3.7293782,40.209759,0.4350728147904317
300.0,-737.9330060931364,3.7291777,40.297138,0.4347882016600348
300.0,-737.9292438419458,3.7292581,40.322113,0.4345035871179787
300.0,-737.929130009966,3.7293382,40.322113,0.434218975482547
300.0,-737.923636360386,3.7290976,40.247196,0.4339343631032603
300.0,-737.9206248267229,3.7287366,40.309605,0.4336497518855027
300.0,-737.9259921145344,3.728857,40.23473,0.4333651414603248
300.0,-737.9180219214287,3.7288167,40.334579,0.433080531246491
300.0,-737.915710235168,3.7285762,40.334579,0.4327959247869277
300.0,-737.907212803637,3.7287366,40.35955,0.4325113187421008
300.0,-737.9181868112232,3.7286966,40.309605,0.4322267113273477
300.0,-737.9034577431519,3.7286966,40.334579,0.4319421067308233
300.0,-737.9088808646874,3.7285361,40.247196,0.4316575029052776
300.0,-737.8995289161419,3.7285361,40.284672,0.4313728998240764
300.0,-737.9110201952084,3.7283757,40.284672,0.431088295173413
300.0,-737.909173695572,3.7281351,40.284672,0.4308036883722827
300.0,-737.9148140266196,3.7281351,40.297138,0.4305190822583778
300.0,-737.9088492949127,3.7279747,40.259705,0.4302344755823667
300.0,-737.9143992330094,3.7280951,40.347084,0.4299498667657804
300.0,-737.9206383259477,3.7278945,40.322113,0.4296652584055034
300.0,-737.9189191946845,3.7278945,40.322113,0.4293806478455971
300.0,-737.9216059824226,3.7278543,40.209759,0.429096039112105
300.0,-737.9247944610526,3.7275336,40.297138,0.4288114262861464
300.0,-737.9283717904749,3.7276938,40.297138,0.4285268149431521
300.0,-737.9212679387695,3.7275736,40.209759,0.4282422034773504
300.0,-737.9254883522592,3.7275736,40.334579,0.4279575932464684
300.0,-737.9235150963368,3.7274532,40.322113,0.4276729809139525
300.0,-737.9358778007169,3.7273331,40.347084,0.4273883666759677
300.0,-737.9228842765317,3.7272527,40.284672,0.4271037545867549
300.0,-737.9298555269653,3.7271726,40.35955,0.4268191426714988
300.0,-737.9228270625316,3.7270522,40.309605,0.4265345306043531
300.0,-737.9208091886528,3.7269318,40.309605,0.4262499193154883
300.0,-737.9279071272479,3.7270122,40.23473,0.4259653081517098
300.0,-737.9177800522561,3.7269318,40.35955,0.4256806980311634
300.0,-737.9242530916375,3.7268918,40.322113,0.4253960882767086
300.0,-737.9213191594092,3.7270522,40.222263,0.4251114767911514
300.0,-737.9314915343629,3.7266512,40.334579,0.4248268642449042
300.0,-737.9252908571177,3.7264106,40.297138,0.4245422512274888
300.0,-737.9300910136785,3.7264507,40.259705,0.4242576392214079
300.0,-737.920033191315,3.7265711,40.309605,0.4239730282318403
300.0,-737.9294667308098,3.7262502,40.347084,0.4236884164665389
300.0,-737.918747247368,3.7262101,40.297138,0.4234038059729514
300.0,-737.926545084128,3.7260897,40.309605,0.4231191953344989
300.0,-737.9111475748948,3.7262101,40.334579,0.4228345877720562
300.0,-737.9084292658988,3.7259293,40.372017,0.4225499812580476
300.0,-737.9213699335704,3.7259293,40.384521,0.4222653726155971
300.0,-737.9174237798442,3.7260096,40.309605,0.4219807626324626
300.0,-737.9218981594305,3.7257288,40.35955,0.4216961537862809
300.0,-737.9098935162062,3.7260096,40.334579,0.4214115467075204
300.0,-737.9137435253131,3.7257688,40.35955,0.4211269410064968
300.0,-737.91054879935,3.7254481,40.334579,0.4208423336749979
300.0,-737.9218660180544,3.7255683,40.247196,0.4205577248412127
300.0,-737.9178171248165,3.7254081,40.35955,0.4202731147063676
300.0,-737.9226748114323,3.7251272,40.322113,0.4199885055606392
300.0,-737.9104655354731,3.7252073,40.347084,0.4197038982612547
300.0,-737.9176651890126,3.7252073,40.384521,0.4194192910476859
300.0,-737.9071687366401,3.7251272,40.347084,0.4191346850198553
300.0,-737.9152204694952,3.7247262,40.322113,0.4188500758865234
300.0,-737.9346097516557,3.7249668,40.297138,0.418565462137612
300.0,-737.9169137356237,3.7247663,40.309605,0.4182808523511983
300.0,-737.9208731539331,3.7248867,40.309605,0.4179962439003505
300.0,-737.9101673187266,3.7246461,40.372017,0.4177116367159862
300.0,-737.9175381869384,3.7245257,40.284672,0.4174270295514008
300.0,-737.920414866956,3.7245657,40.322113,0.4171424184146233
300.0,-737.9247823546,3.7244856,40.309605,0.4168578084560373
300.0,-737.915545968228,3.7244856,40.322113,0.4165731991971627
300.0,-737.9164749488275,3.7245257,40.322113,0.4162885924426572
300.0,-737.9140425695391,3.7242048,40.309605,0.4160039837636337
300.0,-737.9291610894785,3.7240043,40.347084,0.4157193721162149
300.0,-737.9191165083954,3.7240043,40.334579,0.415434761480206
300.0,-737.9213245671033,3.7238841,40.284672,0.4151501499925631
300.0,-737.9275002159743,3.7240043,40.347084,0.4148655389857261
300.0,-737.9187667544383,3.7237637,40.322113,0.414580928484615
300.0,-737.9170602787591,3.7236836,40.334579,0.4142963215043538
300.0,-737.9107522404576,3.7238438,40.35955,0.4140117140943889
300.0,-737.9206764732273,3.7237637,40.372017,0.4137271057193989
300.0,-737.9121775633898,3.7234828,40.372017,0.4134424977596962
300.0,-737.9224081357256,3.7232423,40.334579,0.4131578887168219
300.0,-737.9113630164338,3.7231622,40.334579,0.4128732810712848
300.0,-737.9209878634377,3.7233226,40.372017,0.4125886725761948
300.0,-737.9098992052739,3.7233226,40.396988,0.4123040654952401
300.0,-737.9224652766318,3.7231221,40.384521,0.4120194564303271
300.0,-737.9143556299208,3.7229617,40.35955,0.4117348476305583
300.0,-737.9182889239161,3.7231221,40.372017,0.4114502373137433
300.0,-737.9246856134886,3.7226808,40.434425,0.4111656273924693
300.0,-737.9227325686755,3.7228012,40.347084,0.4108810153617693
300.0,-737.9328915536855,3.7228012,40.409492,0.4105964022755491
300.0,-737.9254695917798,3.7227209,40.297138,0.4103117891891969
300.0,-737.9281103512351,3.7226408,40.372017,0.4100271779470371
300.0,-737.917531188647,3.7224402,40.322113,0.4097425679224757
300.0,-737.9256151840751,3.7223601,40.334579,0.409457957642676
300.0,-737.9120764774103,3.7223198,40.396988,0.4091733497219615
300.0,-737.9168436274877,3.7221596,40.35955,0.4088887428252605
300.0,-737.9152466777597,3.7221193,40.471901,0.4086041336818202
300.0,-737.9277927957086,3.7221193,40.459396,0.4083195225621382
300.0,-737.9279135991499,3.7219188,40.421959,0.4080349085331482
300.0,-737.9254822259669,3.7218387,40.434425,0.4077502954419231
300.0,-737.9286654568339,3.7216783,40.421959,0.4074656839856647
300.0,-737.9258003518922,3.7215579,40.35955,0.4071810707717405
300.0,-737.9343812717276,3.7215981,40.35955,0.4068964571109514
300.0,-737.925876352237,3.7217183,40.396988,0.4066118438677144
300.0,-737.932432469693,3.7214377,40.35955,0.4063272309585581
300.0,-737.9203961776086,3.7211971,40.384521,0.406042619828989
300.0,-737.9301995959295,3.7214377,40.347084,0.4057580077810291
300.0,-737.9194095126702,3.7212772,40.384521,0.4054733970320103
300.0,-737.9295244944277,3.7211568,40.421959,0.40518878524443
300.0,-737.9252087776704,3.7208762,40.421959,0.4049041722586721
300.0,-737.9331458154726,3.7211168,40.35955,0.4046195590743858
300.0,-737.9179260356428,3.7207558,40.35955,0.4043349488975345
300.0,-737.9211919136638,3.7208762,40.334579,0.4040503374610551
300.0,-737.9229552698785,3.7206757,40.434425,0.4037657282071568
300.0,-737.9185174021599,3.7206357,40.434425,0.4034811178022193
300.0,-737.9264559234003,3.7205153,40.384521,0.4031965071981551
300.0,-737.9263605540812,3.7204752,40.409492,0.4029118937681645
300.0,-737.9301542224933,3.7203948,40.396988,0.4026272817377047
300.0,-737.9251824591075,3.7203147,40.396988,0.4023426687620977
300.0,-737.9327766121221,3.7203948,40.384521,0.4020580557202092
300.0,-737.9224456797239,3.7199938,40.396988,0.4017734438001604
300.0,-737.9374945820198,3.7199538,40.35955,0.4014888289385998
300.0,-737.9327133450415,3.7198334,40.396988,0.4012042130583788
300.0,-737.9394222288427,3.7197132,40.347084,0.4009195974533447
300.0,-737.9247117218608,3.7201543,40.384521,0.400634984659298
300.0,-737.9172645150087,3.7195928,40.421959,0.4003503747375909
300.0,-737.9324843862059,3.7195928,40.372017,0.400065761808411
300.0,-737.9176964343602,3.7194726,40.459396,0.3997811517201154
300.0,-737.9257310415957,3.7192318,40.44693,0.3994965413956307
300.0,-737.9171243543165,3.7192719,40.372017,0.3992119315279827
300.0,-737.9295240429975,3.7190313,40.384521,0.3989273197405765
300.0,-737.9206689549058,3.7191517,40.35955,0.398642708505799
300.0,-737.926997076206,3.7185903,40.459396,0.3983580976930178
300.0,-737.9179258522896,3.7189913,40.384521,0.3980734875162372
300.0,-737.92707981623,3.7186303,40.44693,0.397788876671544
300.0,-737.9144052750729,3.7187908,40.434425,0.3975042678526274
300.0,-737.9250805252332,3.7185903,40.44693,0.39721965777904
300.0,-737.9120886476891,3.7184298,40.434425,0.3969350498536315
300.0,-737.9129476042016,3.7183094,40.396988,0.3966504415969291
300.0,-737.9187527077623,3.7182693,40.396988,0.3963658339639155
300.0,-737.9203955430344,3.7182693,40.459396,0.3960812228345912
300.0,-737.9244063636311,3.7178283,40.471901,0.3957966130210211
300.0,-737.9227885376741,3.7181089,40.459396,0.3955120009687341
300.0,-737.9398232199557,3.7177882,40.421959,0.3952273852090419
300.0,-737.9190590377825,3.7179084,40.44693,0.394942774595199
300.0,-737.92760838363,3.7178283,40.434425,0.3946581635466428
300.0,-737.9278183841589,3.7175074,40.459396,0.3943735495543766
300.0,-737.9317841263753,3.7175474,40.459396,0.3940889368952797
300.0,-737.9239798158716,3.7175877,40.496876,0.3938043243835244
300.0,-737.928721877621,3.7173469,40.409492,0.3935197129055052
300.0,-737.9152712994861,3.7172668,40.44693,0.3932351037525684
300.0,-737.9111407760896,3.7172267,40.421959,0.3929504961927479
300.0,-737.9247114806814,3.7170663,40.409492,0.3926658862614973
300.0,-737.9158001664763,3.7169459,40.409492,0.3923812769045799
300.0,-737.9240567156369,3.7167854,40.496876,0.3920966672258654
300.0,-737.9180404879949,3.7170262,40.521809,0.3918120570048706
300.0,-737.9226489571317,3.7169058,40.384521,0.391527447869114
300.0,-737.9187859310224,3.7165849,40.434425,0.3912428373606065
300.0,-737.9292251647282,3.7166252,40.484367,0.3909582256884746
300.0,-737.9260487270368,3.7164648,40.44693,0.3906736123787537
300.0,-737.9265576938856,3.7164648,40.396988,0.3903890017354378
300.0,-737.9299762114341,3.7163444,40.434425,0.3901043869109115
300.0,-737.931090043116,3.7161038,40.484367,0.3898197745195153
300.0,-737.9265838927033,3.7161038,40.44693,0.3895351610033845
300.0,-737.9265833686321,3.7159433,40.471901,0.3892505474874557
300.0,-737.9343813447831,3.7158632,40.44693,0.3889659338266385
300.0,-737.9277926645636,3.7156224,40.421959,0.3886813198442921
300.0,-737.9395620858303,3.7158229,40.434425,0.3883967041853167
300.0,-737.9366663415339,3.7156224,40.434425,0.3881120867804504
300.0,-737.9416375121784,3.7157028,40.484367,0.3878274703210045
300.0,-737.9335472151007,3.7154219,40.44693,0.3875428541191651
300.0,-737.9408228835645,3.7151012,40.434425,0.387258237973913
300.0,-737.9336417220534,3.7147403,40.434425,0.386973621735623
300.0,-737.9364819421476,3.7148604,40.44693,0.3866890072646271
300.0,-737.9308790393121,3.7148204,40.434425,0.3864043920918859
300.0,-737.934375277693,3.7148604,40.484367,0.3861197784334087
300.0,-737.9261944296637,3.7147002,40.496876,0.3858351650674912
300.0,-737.9347056017758,3.7148204,40.471901,0.3855505512816115
300.0,-737.9325609287376,3.7144194,40.546776,0.3852659354601764
300.0,-737.929823502297,3.7143393,40.434425,0.3849813206945491
300.0,-737.9352335710205,3.7143393,40.421959,0.384696706705037
300.0,-737.9252087164843,3.7141788,40.496876,0.3844120937193027
300.0,-737.9327959847371,3.7141387,40.44693,0.3841274806699425
300.0,-737.933891012532,3.7138979,40.484367,0.3838428643355027
300.0,-737.9365191493229,3.7138579,40.471901,0.3835582498501564
300.0,-737.9352219148675,3.7138178,40.484367,0.3832736330023962
300.0,-737.9409118486587,3.7136974,40.471901,0.3829890168228311
300.0,-737.9279701787805,3.7136574,40.509342,0.3827044027720187
300.0,-737.9457185030926,3.7134168,40.521809,0.3824197847385767
300.0,-737.934724639075,3.7133768,40.459396,0.3821351680826126
300.0,-737.9431898277834,3.7135372,40.434425,0.3818505510244546
300.0,-737.936735323295,3.7131763,40.534309,0.3815659335929825
300.0,-737.9377230140705,3.7132163,40.496876,0.3812813157805645
300.0,-737.946188269363,3.7130959,40.471901,0.3809966975659385
300.0,-737.9319615413331,3.7130158,40.546776,0.3807120819756834
300.0,-737.9332291045388,3.7127349,40.44693,0.3804274687592733
300.0,-737.9321406668488,3.7126148,40.421959,0.3801428530999305
300.0,-737.9354308498814,3.7124944,40.496876,0.3798582390343301
300.0,-737.9310390971095,3.7125344,40.484367,0.3795736237998556
300.0,-737.9344952371705,3.712374,40.521809,0.3792890100951113
300.0,-737.9286955896434,3.7122939,40.496876,0.3790043957645126
300.0,-737.9301226182906,3.7122939,40.559284,0.3787197837462421
300.0,-737.926901506631,3.7120533,40.521809,0.3784351701076097
300.0,-737.939269506096,3.711973,40.546776,0.3781505545614791
300.0,-737.9289700512943,3.7121334,40.534309,0.3778659401250223
300.0,-737.9230058458969,3.7116523,40.509342,0.377581327988921
300.0,-737.9371376710343,3.7116523,40.496876,0.3772967132650173
300.0,-737.9287862754401,3.7116923,40.521809,0.3770120988994416
300.0,-737.9357745775105,3.711612,40.484367,0.3767274847012689
300.0,-737.9303200941982,3.7113314,40.471901,0.3764428697441093
300.0,-737.934138887301,3.7113314,40.571751,0.3761582561768054
300.0,-737.93124244122,3.7111309,40.509342,0.3758736408639025
300.0,-737.9357303876972,3.7111309,40.621693,0.3755890266827734
300.0,-737.9291289252761,3.7110507,40.459396,0.3753044121850399
300.0,-737.9313700002003,3.7109704,40.496876,0.3750197996856672
300.0,-737.9229613634902,3.7107298,40.546776,0.3747351875667224
300.0,-737.9385889483467,3.7106094,40.509342,0.374450572283076
300.0,-737.9330516490365,3.7103288,40.509342,0.3741659562723733
300.0,-737.9268056693437,3.7102485,40.521809,0.3738813426707046
300.0,-737.9348713744553,3.7102485,40.484367,0.373596728820888
300.0,-737.9216238332199,3.7102888,40.559284,0.3733121172178201
300.0,-737.9359157155283,3.710048,40.521809,0.3730275029652119
300.0,-737.9167799959798,3.7098074,40.534309,0.3727428932303807
300.0,-737.9280598506085,3.7097673,40.534309,0.3724582820076984
300.0,-737.9246801546055,3.7100883,40.496876,0.372173669225827
300.0,-737.9346038799943,3.7094064,40.546776,0.3718890554791803
300.0,-737.9252914431934,3.7094865,40.496876,0.3716044424615389
300.0,-737.941472972644,3.709286,40.546776,0.3713198260655541
300.0,-737.9304586922949,3.7091658,40.571751,0.3710352110549381
300.0,-737.9363601149444,3.7091658,40.546776,0.3707505966309297
300.0,-737.9344888250628,3.7090054,40.546776,0.3704659800659174
300.0,-737.9311032326962,3.7091658,40.521809,0.3701813648067064
300.0,-737.9367114599967,3.7089653,40.521809,0.3698967502471878
300.0,-737.9273793117784,3.7090054,40.534309,0.369612136424269
300.0,-737.9324267564209,3.7086043,40.546776,0.3693275235173162
300.0,-737.9172129039247,3.7086043,40.484367,0.3690429136155152
300.0,-737.9304474857166,3.7082834,40.496876,0.3687583014719467
300.0,-737.9253795162058,3.7084439,40.534309,0.3684736884203362
300.0,-737.9360612978616,3.7082434,40.534309,0.3681890741115784
300.0,-737.9234826745244,3.708163,40.496876,0.3679044617915674
300.0,-737.9311598678586,3.708123,40.496876,0.3676198493732405
300.0,-737.9301470723415,3.7078424,40.496876,0.3673352344828142
300.0,-737.9364434283624,3.7077219,40.496876,0.3670506200266727
300.0,-737.9333689083311,3.7076018,40.534309,0.3667660038936052
300.0,-737.9321146169721,3.7076819,40.496876,0.3664813882443097
300.0,-737.9311792525473,3.7076018,40.596722,0.3661967758185063
300.0,-737.9260864710056,3.707361,40.484367,0.3659121624942278
300.0,-737.9372844124339,3.7070403,40.521809,0.3656275477137274
300.0,-737.9291427070584,3.7073209,40.521809,0.3653429332106784
300.0,-737.9344131319318,3.707,40.546776,0.3650583195376012
300.0,-737.9261817954766,3.7069199,40.534309,0.3647737061765566
300.0,-737.9325604243545,3.706599,40.534309,0.3644890932180496
300.0,-737.9224205091654,3.706599,40.534309,0.3642044813077089
300.0,-737.9415168325818,3.7063985,40.571751,0.3639198648948077
300.0,-737.9347429007345,3.7063985,40.534309,0.3636352482318002
300.0,-737.9433502778436,3.7063184,40.509342,0.3633506311117583
300.0,-737.9286572600081,3.706238,40.559284,0.3630660167959431
300.0,-737.9338073827671,3.7061179,40.546776,0.3627814004937588
300.0,-737.9393783320702,3.7060778,40.471901,0.3624967849056552
300.0,-737.933960849055,3.7059174,40.559284,0.3622121685442799
300.0,-737.9382763368602,3.7055564,40.484367,0.3619275533812045
300.0,-737.9298355135741,3.7055163,40.546776,0.3616429386109445
300.0,-737.9360234192709,3.7055964,40.484367,0.3613583243167961
300.0,-737.931198141962,3.7053559,40.534309,0.3610737090209792
300.0,-737.9443811545931,3.7051153,40.534309,0.3607890915033387
300.0,-737.9397152530731,3.7051954,40.509342,0.3605044729225269
300.0,-737.9404858946457,3.7049949,40.571751,0.360219856907248
300.0,-737.9380792015588,3.7049146,40.484367,0.3599352389574508
300.0,-737.9433755706192,3.7047544,40.484367,0.3596506218276536
300.0,-737.9394024003964,3.7049146,40.484367,0.3593660033675072
300.0,-737.9418475189364,3.7045135,40.596722,0.3590813839642943
300.0,-737.9473533268674,3.704634,40.509342,0.3587967653003177
300.0,-737.9347750540653,3.7043533,40.496876,0.3585121486249089
300.0,-737.9427707823295,3.704273,40.546776,0.3582275317283723
300.0,-737.9391481538541,3.7039924,40.509342,0.3579429133662871
300.0,-737.9425611132868,3.7038319,40.521809,0.3576582965506177
300.0,-737.9334073357821,3.7036715,40.521809,0.357373680402729
300.0,-737.9434577857481,3.7035913,40.534309,0.3570890632412223
300.0,-737.9359846796644,3.7035913,40.596722,0.3568044460992686
300.0,-737.9535797884485,3.7033908,40.584217,0.3565198250338102
300.0,-737.9447815021418,3.7034309,40.571751,0.356235204498979
300.0,-737.9467553372467,3.7033505,40.571751,0.3559505860656408
300.0,-737.9305417853011,3.7032704,40.609188,0.3556659710229763
300.0,-737.9326178986079,3.7028694,40.646626,0.3553813551795683
300.0,-737.9383400210479,3.7029896,40.609188,0.3550967399919306
300.0,-737.9328651994167,3.70315,40.596722,0.3548121240531404
300.0,-737.9452407907514,3.702749,40.509342,0.3545275062039471
300.0,-737.9401353682384,3.7026289,40.571751,0.3542428874610997
300.0,-737.951090322487,3.7024684,40.471901,0.3539582673558025
300.0,-737.9333059197257,3.7024684,40.546776,0.3536736512470293
300.0,-737.9455013398185,3.7022679,40.609188,0.3533890332973449
300.0,-737.9373021053292,3.7020271,40.509342,0.3531044156472687
300.0,-737.9476850297972,3.7020271,40.621693,0.3528197968553577
300.0,-737.9372644589713,3.7020674,40.584217,0.3525351792198015
300.0,-737.9450047912168,3.7017064,40.609188,0.3522505614616308
300.0,-737.9351883941632,3.7015059,40.621693,0.3519659446267993
300.0,-737.9435663341987,3.7014656,40.596722,0.3516813245606505
300.0,-737.9513698156584,3.7013855,40.571751,0.3513967043475557
300.0,-737.9373855646328,3.7013454,40.596722,0.3511120866652898
300.0,-737.9407077459584,3.7013054,40.609188,0.3508274705644451
300.0,-737.9350814856938,3.7010646,40.559284,0.3505428537708475
300.0,-737.9460301384587,3.700824,40.596722,0.350258235617211
300.0,-737.936436411402,3.7007036,40.609188,0.3499736183010273
300.0,-737.9497092718251,3.700784,40.559284,0.3496889987283871
300.0,-737.9329987072088,3.7005835,40.584217,0.3494043827381037
300.0,-737.9351899920499,3.7005835,40.634159,0.3491197687653996
300.0,-737.9305104007854,3.7005434,40.559284,0.34883515373484
300.0,-737.9395621959252,3.700423,40.596722,0.348550538075822
300.0,-737.9347946583374,3.700022,40.596722,0.3482659213928519
300.0,-737.9297271644717,3.6997411,40.534309,0.3479813066643815
300.0,-737.9428477728605,3.6999416,40.559284,0.3476966897381505
300.0,-737.9335856548298,3.6997411,40.546776,0.3474120735214852
300.0,-737.9396520033071,3.6994605,40.521809,0.3471274578278295
300.0,-737.9365761439972,3.6995006,40.584217,0.3468428404577519
300.0,-737.9468703655764,3.6995006,40.546776,0.3465582219800485
300.0,-737.9362528667858,3.6991396,40.571751,0.3462736047346568
300.0,-737.9436306137119,3.698899,40.596722,0.3459889875064921
300.0,-737.9307594233961,3.6989791,40.621693,0.3457043723798861
300.0,-737.9389830298774,3.698899,40.646626,0.3454197569442465
300.0,-737.9322547776643,3.6988189,40.584217,0.3451351412408919
300.0,-737.9394665649717,3.6985781,40.634159,0.3448505256187579
300.0,-737.930051858169,3.6984179,40.571751,0.3445659107650551
300.0,-737.931840900194,3.6983376,40.584217,0.3442812952213305
300.0,-737.9414279282648,3.6982172,40.65913,0.3439966788427188
300.0,-737.9322359053729,3.698097,40.584217,0.3437120631466432
300.0,-737.9337891787341,3.6978965,40.596722,0.3434274497142183
300.0,-737.9318595645758,3.6978564,40.571751,0.3431428341632949
300.0,-737.9347755851124,3.697696,40.634159,0.3428582203504233
300.0,-737.9311987399066,3.6976156,40.609188,0.3425736050543757
300.0,-737.9447305099558,3.6976156,40.65913,0.3422889874019924
300.0,-737.9404914947455,3.6974151,40.571751,0.3420043685217893
300.0,-737.9432159264211,3.6971745,40.621693,0.3417197514535653
300.0,-737.9357243536102,3.6971745,40.609188,0.3414351344120177
300.0,-737.9489838045528,3.6970141,40.646626,0.3411505151191827
300.0,-737.938352063575,3.696934,40.571751,0.3408658970641444
300.0,-737.942834709583,3.6966131,40.609188,0.3405812772801785
300.0,-737.949460845274,3.6968939,40.634159,0.3402966578033538
300.0,-737.9435657726793,3.6962922,40.596722,0.3400120377374216
300.0,-737.946042491601,3.696533,40.65913,0.3397274195790206
300.0,-737.9325602206993,3.6961319,40.671597,0.3394428037578587
300.0,-737.9344381200023,3.6960917,40.646626,0.3391581900751438
300.0,-737.9207021330506,3.6959314,40.65913,0.3388735788275697
300.0,-737.9281997196697,3.695811,40.596722,0.3385889675509413
300.0,-737.9263031937667,3.695811,40.571751,0.3383043541430742
300.0,-737.929225774957,3.695771,40.621693,0.338019742470707
300.0,-737.9269207568839,3.6954901,40.596722,0.3377351288246498
300.0,-737.9259334963508,3.6952496,40.559284,0.3374505184220804
300.0,-737.921343622134,3.6952095,40.621693,0.337165906927088
300.0,-737.9271565101194,3.6948485,40.609188,0.3368812931901023
300.0,-737.9441139658604,3.6948085,40.621693,0.3365966757755138
300.0,-737.9325858793131,3.6946881,40.596722,0.3363120599444555
300.0,-737.9270793643906,3.6947682,40.696571,0.3360274490999366
300.0,-737.9245333532914,3.6944475,40.646626,0.3357428363746855
300.0,-737.9446366984336,3.6942871,40.684105,0.3354582187584844
300.0,-737.9350304484072,3.6944475,40.596722,0.3351736019845716
300.0,-737.9367623389978,3.694247,40.696571,0.3348889874054295
300.0,-737.9310138162526,3.6939662,40.646626,0.3346043721807058
300.0,-737.9334069624902,3.6937656,40.621693,0.3343197588956977
300.0,-737.9287979576635,3.6936052,40.621693,0.3340351445256164
300.0,-737.9375449117741,3.6934047,40.609188,0.3337505296446441
300.0,-737.9329223401575,3.6933246,40.559284,0.3334659136838149
300.0,-737.9362837843689,3.6932445,40.634159,0.3331812992892464
300.0,-737.931541365391,3.6932445,40.584217,0.3328966838610504
300.0,-737.9302375747849,3.6929235,40.584217,0.332612068935718
300.0,-737.9334646409789,3.6926427,40.559284,0.3323274556284639
300.0,-737.9329421277828,3.692683,40.584217,0.3320428396600029
300.0,-737.9370864255275,3.6923621,40.671597,0.331758224955864
300.0,-737.9264175118778,3.6924422,40.65913,0.3314736115039052
300.0,-737.9291105401481,3.6923621,40.571751,0.3311889998759827
300.0,-737.9175825916169,3.6920412,40.584217,0.3309043898315956
300.0,-737.9367300150852,3.691921,40.609188,0.3306197752649205
300.0,-737.933514866957,3.6920011,40.609188,0.3303351590755577
300.0,-737.9394990237404,3.6916401,40.571751,0.3300505434409046
300.0,-737.9273464995216,3.6916401,40.65913,0.3297659296306412
300.0,-737.9346287952137,3.6914797,40.584217,0.3294813158743849
300.0,-737.9255657090082,3.6913996,40.621693,0.3291967027509609
300.0,-737.9260232638497,3.6911187,40.609188,0.328912089451061
300.0,-737.9326112787992,3.6909585,40.596722,0.3286274764729399
300.0,-737.9266404970947,3.6908782,40.65913,0.3283428629349771
300.0,-737.933298941355,3.6906376,40.634159,0.3280582496916317
300.0,-737.925736192568,3.6905975,40.634159,0.3277736365024533
300.0,-737.9340429637159,3.6903167,40.65913,0.3274890229721462
300.0,-737.9288676470537,3.6901965,40.646626,0.327204408575186
300.0,-737.9356347819141,3.6900361,40.609188,0.326919794430931
300.0,-737.9262140095842,3.689996,40.65913,0.3266351810574617
300.0,-737.9317146433772,3.689996,40.646626,0.3263505684251637
300.0,-737.9235653768818,3.6895947,40.646626,0.3260659560732549
300.0,-737.9322551859542,3.6893942,40.696571,0.3257813432324751
300.0,-737.9239474916701,3.6893542,40.671597,0.3254967307331871
300.0,-737.9243046436048,3.6893942,40.646626,0.3252121180961479
300.0,-737.9341519001943,3.6889532,40.65913,0.3249275045238251
300.0,-737.9349918132514,3.6890736,40.721539,0.3246428877648136
300.0,-737.938894662529,3.6888328,40.634159,0.3243582723632564
300.0,-737.9376395553808,3.6885521,40.684105,0.3240736545830279
300.0,-737.9473220760734,3.6883917,40.596722,0.3237890359311044
300.0,-737.9328212545872,3.688472,40.65913,0.3235044200092634
300.0,-737.9378316319205,3.6881912,40.634159,0.3232198050177061
300.0,-737.9247947049779,3.6879106,40.65913,0.3229351921916533
300.0,-737.932999916156,3.6877902,40.609188,0.3226505790636388
300.0,-737.9334382195552,3.68771,40.709038,0.3223659629038384
300.0,-737.9329867937815,3.6875896,40.65913,0.3220813497808851
300.0,-737.9303197156229,3.6875896,40.709038,0.3217967348238715
300.0,-737.9292878604441,3.687309,40.696571,0.3215121202648378
300.0,-737.9384358222596,3.6873891,40.65913,0.3212275050402505
300.0,-737.9360176018104,3.6868677,40.684105,0.320942887885599
300.0,-737.9365580533517,3.6869078,40.696571,0.3206582733852477
300.0,-737.9289517534144,3.6867476,40.721539,0.3203736589558483
300.0,-737.9349599370277,3.6863062,40.721539,0.3200890450718741
300.0,-737.9232798798598,3.6862261,40.75898,0.3198044328300796
300.0,-737.9388114594105,3.6861057,40.696571,0.319519817460613
300.0,-737.934960807311,3.6859856,40.734005,0.3192352007135602
300.0,-737.9366787937256,3.6860256,40.671597,0.3189505861666407
300.0,-737.9279195317336,3.6855843,40.808922,0.3186659721353626
300.0,-737.92804095398,3.6856246,40.746513,0.3183813609199685
300.0,-737.9224842905281,3.6851833,40.671597,0.3180967489850277
300.0,-737.9116499411966,3.6850631,40.621693,0.3178121412288255
300.0,-737.9180603213564,3.6849828,40.696571,0.3175275338628582
300.0,-737.9101543061687,3.6849427,40.696571,0.3172429266835128
300.0,-737.9302432610524,3.6844616,40.671597,0.3169583146187116
300.0,-737.920491904802,3.6843412,40.721539,0.3166737034522212
300.0,-737.9265575228087,3.6843011,40.734005,0.3163890928089712
300.0,-737.90516947844,3.6840203,40.671597,0.3161044875522416
300.0,-737.9138961144315,3.6841807,40.734005,0.3158198817923658
300.0,-737.9104272050193,3.6839001,40.709038,0.3155352745077651
300.0,-737.9240952294222,3.6833386,40.634159,0.3152506648141962
300.0,-737.9193393712404,3.6834188,40.721539,0.3149660540922305
300.0,-737.9238841076584,3.6830981,40.65913,0.314681444480089
300.0,-737.9172259653903,3.6829376,40.771484,0.3143968345732503
300.0,-737.9048131687844,3.6828973,40.721539,0.314112229453947
300.0,-737.9182248606861,3.6830578,40.734005,0.3138276220245187
300.0,-737.9140690219335,3.6824963,40.621693,0.3135430133352926
300.0,-737.9266660199306,3.6821756,40.684105,0.3132584026501964
300.0,-737.9165195475537,3.6820953,40.696571,0.3129737930158185
300.0,-737.9235404901243,3.6819348,40.75898,0.3126891835362068
300.0,-737.9157490800773,3.6818147,40.65913,0.3124045741989932
300.0,-737.9259852421961,3.6817343,40.709038,0.3121199637764659
300.0,-737.9184994824461,3.6815741,40.634159,0.3118353533784399
300.0,-737.9241126856077,3.6811728,40.721539,0.3115507436781383
300.0,-737.9244633344382,3.6812532,40.696571,0.3112661309798931
300.0,-737.9319170367412,3.6807318,40.696571,0.310981518269534
300.0,-737.9277927865263,3.6808922,40.721539,0.3106969042871406
300.0,-737.9277928229513,3.6806116,40.684105,0.3104122903047331
300.0,-737.9278110943865,3.6804512,40.734005,0.3101276791779936
300.0,-737.9139607708515,3.6801302,40.646626,0.3098430705305193
300.0,-737.9316699652991,3.6799698,40.721539,0.3095584579154531
300.0,-737.9280148676642,3.6798093,40.721539,0.3092738438474044
300.0,-737.9352840966129,3.6796489,40.734005,0.3089892298384051
300.0,-737.9233750825729,3.6794484,40.671597,0.3087046175598916
300.0,-737.9386649492512,3.6793282,40.634159,0.3084200022469324
300.0,-737.9297081339972,3.6790876,40.721539,0.3081353875258019
300.0,-737.9404986386455,3.6789272,40.734005,0.3078507715056077
300.0,-737.9309625229673,3.6787667,40.709038,0.3075661563006674
300.0,-737.9409121906078,3.6783657,40.75898,0.3072815401209705
300.0,-737.932000457658,3.6782053,40.746513,0.3069969245157055
300.0,-737.9276195207442,3.6782053,40.734005,0.3067123106001396
300.0,-737.9353545680098,3.6778443,40.696571,0.3064276965639603
300.0,-737.9366657311066,3.6775234,40.621693,0.3061430791593295
300.0,-737.9417903202589,3.6772828,40.721539,0.305858462640947
300.0,-737.9338643162122,3.6770823,40.75898,0.3055738463168039
300.0,-737.9392631461697,3.6772428,40.709038,0.3052892307731263
300.0,-737.9340939048075,3.6767213,40.696571,0.3050046143604323
300.0,-737.9436108750004,3.6766412,40.721539,0.3047199971398807
300.0,-737.9341522784762,3.6763604,40.734005,0.3044353807046724
300.0,-737.9376532372052,3.6763203,40.646626,0.3041507657819201
300.0,-737.9293001770371,3.6759994,40.709038,0.3038661512181359
300.0,-737.9368625229292,3.6761198,40.721539,0.3035815366003539
300.0,-737.9296779953014,3.6754379,40.621693,0.3032969218908477
300.0,-737.920720455896,3.6753578,40.684105,0.3030123106362065
300.0,-737.9249661572685,3.6754782,40.771484,0.3027277006067297
300.0,-737.913642619756,3.6752374,40.621693,0.3024430920819643
300.0,-737.9230121427096,3.6747563,40.671597,0.3021584828061308
300.0,-737.9131711867491,3.6745958,40.709038,0.3018738744631939
300.0,-737.9208095917094,3.6745558,40.709038,0.3015892660368615
300.0,-737.9106575020622,3.6741948,40.671597,0.3013046586634367
300.0,-737.9238652842902,3.6738338,40.696571,0.3010200490585552
300.0,-737.9236291095414,3.6737537,40.709038,0.3007354366820652
300.0,-737.9281874391736,3.6733928,40.684105,0.3004508254101733
300.0,-737.9272578643759,3.6733928,40.734005,0.3001662116340959
300.0,-737.93498498608,3.6731119,40.621693,0.2998815977404604
300.0,-737.9217005420122,3.6729517,40.734005,0.2995969861078064
300.0,-737.926410846495,3.6728313,40.646626,0.2993123726584184
300.0,-737.9358135795607,3.6727109,40.709038,0.299027758445203
300.0,-737.9273851221948,3.6721897,40.671597,0.2987431446200431
300.0,-737.9372707404034,3.6717885,40.709038,0.2984585298448159
300.0,-737.9204662944821,3.6718688,40.684105,0.2981739186882032
300.0,-737.9322613140263,3.6717083,40.734005,0.2978893058450599
300.0,-737.9248330710383,3.6713474,40.646626,0.2976046930042096
300.0,-737.9355068393263,3.6710668,40.609188,0.2973200789093008
300.0,-737.9337246558534,3.6709864,40.696571,0.2970354626390237
300.0,-737.9418413218378,3.6707458,40.671597,0.2967508461009704
300.0,-737.9303774426439,3.6704652,40.746513,0.2964662311216919
300.0,-737.9358896535207,3.6703048,40.75898,0.2961816168791356
300.0,-737.922432948335,3.6702645,40.696571,0.2958970049639972
300.0,-737.9257295147023,3.6696229,40.746513,0.2956123917773944
300.0,-737.9363095778923,3.669663,40.75898,0.2953277773728776
300.0,-737.9352401398974,3.6693423,40.734005,0.2950431605180881
300.0,-737.9434257904833,3.6691418,40.721539,0.2947585433689217
300.0,-737.934081514955,3.6688609,40.696571,0.2944739269610064
300.0,-737.9441009288198,3.6688209,40.783951,0.2941893095514461
300.0,-737.9439481074506,3.6682594,40.65913,0.2939046893380498
300.0,-737.9441324839096,3.6680188,40.684105,0.293620071916319
300.0,-737.9398805478987,3.6680589,40.65913,0.2933354532717542
300.0,-737.9459786121893,3.667778,40.721539,0.2930508351379908
300.0,-737.9334704213846,3.6675375,40.709038,0.2927662189657704
300.0,-737.9449417901088,3.6674974,40.696571,0.2924816012318986
300.0,-737.9368005205298,3.6667755,40.783951,0.2921969837752803
300.0,-737.9389072493327,3.6667755,40.721539,0.2919123655061105
300.0,-737.9417329714411,3.666214,40.75898,0.2916277490098469
300.0,-737.9344760809864,3.6661739,40.771484,0.29134313244975
300.0,-737.9461443723859,3.6659734,40.709038,0.2910585142520546
300.0,-737.9361753523441,3.6657729,40.721539,0.2907738970365597
300.0,-737.9412758773428,3.6656928,40.734005,0.2904892807165926
300.0,-737.9287411336983,3.6652915,40.734005,0.2902046663684278
300.0,-737.9396578506166,3.6652114,40.734005,0.2899200506725168
300.0,-737.9389057356449,3.6647704,40.709038,0.2896354324039308
300.0,-737.9379203162522,3.6645298,40.734005,0.2893508173781688
300.0,-737.9321528496102,3.6641688,40.771484,0.2890662017141273
300.0,-737.9352775410532,3.663888,40.771484,0.2887815877076564
300.0,-737.9313315519383,3.6636074,40.75898,0.2884969723603841
300.0,-737.9342596027648,3.663487,40.721539,0.2882123558837815
300.0,-737.9404853934886,3.6630859,40.734005,0.2879277398686958
300.0,-737.9311346047292,3.6630459,40.721539,0.2876431245973847
300.0,-737.9380086836005,3.6628454,40.746513,0.2873585095375404
300.0,-737.9288869095848,3.6624444,40.783951,0.2870738951331508
300.0,-737.9389201394782,3.662364,40.696571,0.2867892797217674
300.0,-737.9331704711719,3.6618426,40.684105,0.2865046636652358
300.0,-737.9418478894712,3.6618426,40.75898,0.2862200471246495
300.0,-737.9298800937964,3.6614819,40.75898,0.2859354323371951
300.0,-737.9348530391472,3.6611609,40.65913,0.2856508184944503
300.0,-737.9321589528598,3.6605194,40.721539,0.2853662028280547
300.0,-737.9336419732168,3.6609604,40.746513,0.2850815894524055
300.0,-737.920218505004,3.6603589,40.746513,0.2847969783913636
300.0,-737.9285236183846,3.6601181,40.684105,0.2845123641270931
300.0,-737.9361950263677,3.6599979,40.684105,0.2842277497667576
300.0,-737.9279641485857,3.6594765,40.734005,0.2839431357182709
300.0,-737.938021170985,3.659276,40.746513,0.2836585206536104
300.0,-737.9331844485856,3.658915,40.783951,0.2833739045916878
300.0,-737.9375898337801,3.6587145,40.746513,0.2830892896933895
300.0,-737.9273968289745,3.6585941,40.709038,0.2828046758637144
300.0,-737.9331705229852,3.6581931,40.783951,0.2825200626698986
300.0,-737.9290085035061,3.6578324,40.746513,0.2822354482186111
300.0,-737.9313510671465,3.6574311,40.734005,0.2819508357265405
300.0,-737.9294672292712,3.6576316,40.783951,0.2816662210983254
300.0,-737.9424202676959,3.6571906,40.75898,0.2813816043369788
300.0,-737.9338901950136,3.6567895,40.783951,0.2810969880028543
300.0,-737.9229608508787,3.656549,40.65913,0.2808123758841073
300.0,-737.9325672113591,3.6562281,40.709038,0.2805277629229826
300.0,-737.9291740179054,3.6558671,40.771484,0.2802431484078572
300.0,-737.9438781738281,3.6555061,40.709038,0.2799585310842111
300.0,-737.9297590004131,3.6553459,40.721539,0.2796739163434618
300.0,-737.9385064772163,3.655025,40.696571,0.2793893010916236
300.0,-737.9278432745715,3.6548245,40.75898,0.2791046870897573
300.0,-737.9418160163748,3.6549046,40.75898,0.2788200705614641
300.0,-737.9382245618308,3.654263,40.709038,0.2785354525556024
300.0,-737.9436051007465,3.6540625,40.746513,0.2782508353372779
300.0,-737.937888052488,3.6536615,40.696571,0.2779662174612056
300.0,-737.9416437865663,3.6533005,40.709038,0.2776816009993397
300.0,-737.9386144282066,3.6531801,40.75898,0.277396982843109
300.0,-737.9433500701366,3.6530197,40.734005,0.2771123657231472
300.0,-737.9418155121244,3.6525786,40.684105,0.2768277463322791
300.0,-737.9432545558576,3.6525385,40.696571,0.2765431263863812
300.0,-737.9399447901343,3.6520572,40.684105,0.2762585105798006
300.0,-737.9389835797542,3.6517766,40.75898,0.2759738922811905
300.0,-737.9395700200322,3.6516562,40.709038,0.2756892766191549
300.0,-737.9326044829184,3.6513355,40.709038,0.2754046607809213
300.0,-737.9398933741645,3.6510546,40.75898,0.2751200449941713
300.0,-737.9259913671316,3.6506135,40.696571,0.2748354317065738
300.0,-737.9297400717619,3.6502125,40.671597,0.2745508198358475
300.0,-737.9251839120186,3.6499717,40.684105,0.2742662068596802
300.0,-737.9256789296539,3.6496511,40.696571,0.2739815965552945
300.0,-737.9229100697956,3.6493702,40.696571,0.2736969844561334
300.0,-737.9287023222647,3.6490896,40.771484,0.2734123729856565
300.0,-737.9253357420421,3.6490495,40.721539,0.2731277599509293
300.0,-737.9265256540939,3.6484478,40.684105,0.2728431464572607
300.0,-737.9339036930145,3.6483676,40.684105,0.2725585329806688
300.0,-737.9260925380348,3.6478462,40.684105,0.2722739196540503
300.0,-737.9342224694078,3.6475656,40.709038,0.2719893060545096
300.0,-737.9319873108593,3.647325,40.721539,0.2717046904543153
300.0,-737.9404723932828,3.6471646,40.696571,0.2714200744442436
300.0,-737.9237821729022,3.6467233,40.721539,0.271135462008718
300.0,-737.9340308542967,3.6463223,40.684105,0.2708508484830814
300.0,-737.929009138285,3.6463223,40.75898,0.2705662340315489
300.0,-737.9394924198863,3.646162,40.684105,0.2702816183994429
300.0,-737.9276464984375,3.6456406,40.746513,0.2699970044734719
300.0,-737.9373224127838,3.6454802,40.734005,0.2697123896783152
300.0,-737.9296262252158,3.6449587,40.65913,0.2694277749887763
300.0,-737.9339032319231,3.6445177,40.734005,0.2691431586496236
300.0,-737.9457688578128,3.6443572,40.734005,0.2688585405967603
300.0,-737.9384547365019,3.6439962,40.696571,0.2685739225021217
300.0,-737.9406952585739,3.6435952,40.709038,0.2682893064060932
300.0,-737.9328401508209,3.6433146,40.734005,0.268004690476964
300.0,-737.9397855732192,3.6431541,40.684105,0.2677200747317917
300.0,-737.9299243322778,3.6428733,40.696571,0.2674354599272749
300.0,-737.9336167037699,3.6425526,40.684105,0.2671508465613719
300.0,-737.9252654428385,3.6419511,40.783951,0.2668662335537586
300.0,-737.9356418374031,3.6418307,40.734005,0.2665816194067824
300.0,-737.9289136185919,3.6413896,40.709038,0.2662970049920913
300.0,-737.9334900197022,3.6411891,40.671597,0.266012391675049
300.0,-737.9263343576855,3.6409082,40.696571,0.2657277782551622
300.0,-737.9252467043787,3.6404672,40.709038,0.2654431652547762
300.0,-737.9321338228686,3.6402667,40.709038,0.265158552460805
300.0,-737.9275246847378,3.6401863,40.65913,0.2648739385818167
300.0,-737.9353300317787,3.6395047,40.746513,0.2645893245551007
300.0,-737.9331893676103,3.6391838,40.721539,0.2643047084912808
300.0,-737.9439363776211,3.6389432,40.746513,0.2640200911451862
300.0,-737.9312996791625,3.6386223,40.734005,0.263735475810207
300.0,-737.9326053344914,3.6383417,40.746513,0.2634508628343786
300.0,-737.9249791154064,3.6379807,40.684105,0.2631662499372
300.0,-737.9374431042494,3.6376598,40.621693,0.2628816350954938
300.0,-737.923406796347,3.6373792,40.746513,0.2625970228047485
300.0,-737.9298490567394,3.6370583,40.721539,0.2623124108919879
300.0,-737.9227576049932,3.6366172,40.721539,0.2620277988516315
300.0,-737.9244438150897,3.6363363,40.75898,0.2617431861609148
300.0,-737.9321025239848,3.6360157,40.65913,0.2614585733790152
300.0,-737.9288368856526,3.6355343,40.734005,0.2611739589939195
300.0,-737.9328403941264,3.6352937,40.696571,0.260889345927431
300.0,-737.9215603203387,3.6348927,40.734005,0.2606047343488595
300.0,-737.9394027829674,3.6346519,40.721539,0.2603201187513255
300.0,-737.9328468157946,3.6342509,40.75898,0.2600355028196257
300.0,-737.9371812252438,3.6341708,40.65913,0.2597508880789235
300.0,-737.9338584204628,3.6336894,40.75898,0.2594662717570543
300.0,-737.9381174127813,3.6333287,40.75898,0.2591816566552743
300.0,-737.9339031832199,3.6330078,40.746513,0.2588970403161403
300.0,-737.9441516242612,3.6327672,40.671597,0.2586124228870274
300.0,-737.9446421227475,3.6322858,40.684105,0.2583278024059539
300.0,-737.9488489874112,3.6322858,40.65913,0.2580431803023198
300.0,-737.9530950570437,3.6316843,40.709038,0.2577585594238172
300.0,-737.9374556084515,3.6311629,40.721539,0.2574739417145359
300.0,-737.9450624690916,3.6310024,40.709038,0.2571893239341195
300.0,-737.9410132211893,3.6306818,40.709038,0.2569047048526898
300.0,-737.942751788089,3.6303208,40.671597,0.2566200879634792
300.0,-737.9375568771703,3.6303208,40.734005,0.2563354702151391
300.0,-737.9459852774346,3.6295588,40.734005,0.256050852078805
300.0,-737.9340621423302,3.6292379,40.746513,0.2557662356783616
300.0,-737.948142991558,3.6290774,40.65913,0.2554816167098195
300.0,-737.9392066253386,3.628917,40.721539,0.2551969983251822
300.0,-737.9492255415066,3.6282754,40.696571,0.2549123789391118
300.0,-737.9379907123181,3.6280348,40.696571,0.2546277610234443
300.0,-737.942445612227,3.6275938,40.709038,0.2543431413895507
300.0,-737.9447696456341,3.627353,40.709038,0.2540585237220732
300.0,-737.934418439503,3.6270323,40.671597,0.2537739071842083
300.0,-737.9436359731659,3.626591,40.783951,0.2534892899539766
300.0,-737.9342090160853,3.6261899,40.746513,0.2532046734968849
300.0,-737.9388940523003,3.6260295,40.671597,0.2529200580955631
300.0,-737.9380797995033,3.6255484,40.721539,0.2526354401455353
300.0,-737.9476275348683,3.6253078,40.696571,0.2523508213757995
300.0,-737.9268500539347,3.6249468,40.65913,0.252066207757012
300.0,-737.944838750053,3.6245859,40.721539,0.2517815900628816
300.0,-737.9360234249141,3.624265,40.621693,0.2514969729059842
300.0,-737.9394925172936,3.6238639,40.709038,0.2512123572738406
300.0,-737.9297853799574,3.623503,40.684105,0.2509277425229168
300.0,-737.9209251059893,3.6231019,40.696571,0.2506431311893434
300.0,-737.92881184462,3.6229415,40.808922,0.2503585196766248
300.0,-737.9243360884882,3.62234,40.696571,0.2500739070274575
300.0,-737.9375129289921,3.621979,40.734005,0.2497892921588206
300.0,-737.9363603373887,3.6218185,40.734005,0.2495046748719782
300.0,-737.9381873349313,3.6214576,40.709038,0.2492200597432299
300.0,-737.9362275372257,3.621217,40.646626,0.2489354425076077
300.0,-737.941618285879,3.6207759,40.65913,0.2486508260555771
300.0,-737.9329986462274,3.6204951,40.684105,0.2483662100653173
300.0,-737.9384041204448,3.6201344,40.684105,0.2480815948529571
300.0,-737.9383213633598,3.6196129,40.684105,0.2477969768097596
300.0,-737.9518485777896,3.6194925,40.671597,0.2475123564120112
300.0,-737.9433884786501,3.6189311,40.596722,0.2472277364144601
300.0,-737.9379014552854,3.6186905,40.709038,0.2469431185332185
300.0,-737.945526949782,3.6182094,40.684105,0.2466585005736567
300.0,-737.9399500422714,3.618089,40.65913,0.2463738819022883
300.0,-737.9454953578575,3.6178484,40.746513,0.2460892639549111
300.0,-737.9331781130749,3.6174874,40.684105,0.2458046478954321
300.0,-737.947557856646,3.6170461,40.684105,0.2455200291525705
300.0,-737.9385254515245,3.6167655,40.634159,0.2452354110306575
300.0,-737.9462977178442,3.6163645,40.646626,0.2449507927738184
300.0,-737.9339026826818,3.6156826,40.696571,0.2446661764348776
300.0,-737.9409819175338,3.6155221,40.734005,0.2443815602282877
300.0,-737.9400264948603,3.6151211,40.684105,0.244096941527432
300.0,-737.9490980135142,3.6148005,40.684105,0.2438123221905478
300.0,-737.9403838659596,3.6143591,40.721539,0.2435277033518564
300.0,-737.9418857875903,3.614239,40.646626,0.2432430839338836
300.0,-737.9450306708925,3.613838,40.646626,0.2429584661657314
300.0,-737.9326806175038,3.6133566,40.684105,0.2426738502981332
300.0,-737.9422750397946,3.6129556,40.646626,0.2423892335927994
300.0,-737.9396577222974,3.6127551,40.709038,0.2421046150341769
300.0,-737.9487664685646,3.6124341,40.696571,0.2418199958251662
300.0,-737.9386715452097,3.6119931,40.646626,0.2415353776469059
300.0,-737.9378566682855,3.6116321,40.634159,0.2412507626456923
300.0,-737.9315042686837,3.6113515,40.65913,0.2409661472318042
300.0,-737.9335404464547,3.61079,40.671597,0.2406815338953128
300.0,-737.9310837381087,3.6104691,40.671597,0.2403969186436206
300.0,-737.9332100863556,3.6103086,40.734005,0.2401123054345457
300.0,-737.9275187519495,3.6097875,40.696571,0.2398276915578457
300.0,-737.9261950276083,3.609226,40.696571,0.2395430781916976
300.0,-737.93123616119,3.6091056,40.671597,0.2392584657439451
300.0,-737.9220387246585,3.6090255,40.671597,0.2389738539808562
300.0,-737.9299885719824,3.6083436,40.65913,0.238689242014286
300.0,-737.9232482395498,3.6079826,40.634159,0.2384046297846951
300.0,-737.9259282594746,3.607702,40.65913,0.2381200193841454
300.0,-737.9236033649806,3.6072206,40.646626,0.2378354070175849
300.0,-737.9293849918721,3.6069801,40.709038,0.2375507952838093
300.0,-737.9324844155767,3.6066592,40.65913,0.2372661794918849
300.0,-737.9358833058726,3.606178,40.684105,0.2369815652517768
300.0,-737.9268507128605,3.6059775,40.684105,0.2366969516327352
300.0,-737.9383786447233,3.6056166,40.671597,0.2364123364302006
300.0,-737.9307583490605,3.6052556,40.609188,0.236127721304009
300.0,-737.9401550095496,3.6048145,40.709038,0.235843102553586
300.0,-737.9439038816084,3.6045737,40.596722,0.2355584852200248
300.0,-737.9311665867803,3.6042128,40.65913,0.2352738699363784
300.0,-737.9388561739141,3.6036916,40.696571,0.2349892545496659
300.0,-737.931185226606,3.6031702,40.696571,0.2347046392588303
300.0,-737.9376977202638,3.6031301,40.721539,0.2344200243189213
300.0,-737.9284670997354,3.6025686,40.621693,0.2341354100764497
300.0,-737.9401416541953,3.6022077,40.696571,0.2338507941939407
300.0,-737.9281158689247,3.6018066,40.709038,0.2335661800869365
300.0,-737.9361502263257,3.6017263,40.646626,0.2332815657438799
300.0,-737.9299120394224,3.6013253,40.609188,0.2329969509441044
300.0,-737.9350996714375,3.6010046,40.65913,0.232712337006236
300.0,-737.9311284767188,3.6005232,40.621693,0.2324277217372885
300.0,-737.9262770340008,3.5999618,40.646626,0.232143108339511
300.0,-737.9374555073233,3.5996008,40.65913,0.2318584934930211
300.0,-737.937844180304,3.5995607,40.609188,0.2315738756338701
300.0,-737.9319236287263,3.5990393,40.634159,0.2312892629209685
300.0,-737.9220565582208,3.5984778,40.65913,0.2310046511510013
300.0,-737.9389773659228,3.5981972,40.609188,0.2307200357175463
300.0,-737.9298229772027,3.5978363,40.621693,0.2304354209521215
300.0,-737.9357435835365,3.5975556,40.646626,0.2301508067659028
300.0,-737.9243297411085,3.5972347,40.696571,0.2298661941191837
300.0,-737.9348836422638,3.5969138,40.584217,0.2295815802646355
300.0,-737.9298038372483,3.5965128,40.646626,0.2292969655065928
300.0,-737.9349157347315,3.5960717,40.609188,0.2290123516396669
300.0,-737.9225669192168,3.5957508,40.571751,0.2287277396728568
300.0,-737.9213582220484,3.5953097,40.646626,0.2284431281722334
300.0,-737.9279903436677,3.5949888,40.646626,0.2281585169763592
300.0,-737.9241641284842,3.5946681,40.621693,0.2278739043935158
300.0,-737.9344573096715,3.5941467,40.596722,0.2275892907033997
300.0,-737.9246415317278,3.5936654,40.609188,0.2273046779364249
300.0,-737.9337256158964,3.5933847,40.621693,0.2270200645285155
300.0,-737.9298801666466,3.5930638,40.646626,0.2267354497410331
300.0,-737.9335659598294,3.5928233,40.696571,0.2264508363947014
300.0,-737.9263166092516,3.5923419,40.584217,0.2261662229816601
300.0,-737.9369462392783,3.5920613,40.65913,0.2258816083315895
300.0,-737.9285185524316,3.5917003,40.584217,0.2255969940692729
300.0,-737.9366912692411,3.5913794,40.646626,0.2253123795175417
300.0,-737.9287729575663,3.5908983,40.609188,0.2250277651571027
300.0,-737.9366473483215,3.5904572,40.671597,0.2247431506223113
300.0,-737.9341767172587,3.5902967,40.571751,0.2244585341776771
300.0,-737.9305234743246,3.5898554,40.709038,0.2241739191420751
300.0,-737.9402302048987,3.5894947,40.596722,0.223889303225413
300.0,-737.9308861311551,3.5892539,40.609188,0.2236046880499366
300.0,-737.9346930777612,3.5886524,40.65913,0.2233200742688871
300.0,-737.9272639923863,3.5884919,40.596722,0.2230354604904462
300.0,-737.9318211504002,3.5880508,40.646626,0.2227508478170695
300.0,-737.9220321562727,3.5877702,40.684105,0.222466236056514
300.0,-737.9297401699879,3.5875294,40.634159,0.2221816241857499
300.0,-737.9298680088507,3.5870483,40.684105,0.2218970094029567
300.0,-737.929320452914,3.5866873,40.571751,0.2216123976940731
300.0,-737.930459632185,3.5863264,40.584217,0.2213277826830946
300.0,-737.9358705737418,3.585845,40.559284,0.2210431684478971
300.0,-737.9289384482279,3.5853639,40.621693,0.2207585540236294
300.0,-737.9329229016769,3.5852034,40.646626,0.2204739380625838
300.0,-737.9370349115364,3.5847223,40.621693,0.2201893233783133
300.0,-737.9324906770095,3.5843613,40.646626,0.2199047075839739
300.0,-737.9362472117742,3.5841205,40.646626,0.219620093203511
300.0,-737.9250421525103,3.5836394,40.634159,0.2193354802820194
300.0,-737.9347054431818,3.5833585,40.696571,0.2190508664962008
300.0,-737.9335976302957,3.5829978,40.65913,0.2187662502749167
300.0,-737.9406703194119,3.5824764,40.609188,0.218481634188507
300.0,-737.9334449453056,3.5821955,40.696571,0.2181970180261125
300.0,-737.9377615024728,3.5817144,40.671597,0.2179124030616033
300.0,-737.930320045495,3.581634,40.584217,0.2176277881044625
300.0,-737.9358319132315,3.5809925,40.634159,0.217343173884176
300.0,-737.9187086373822,3.580792,40.646626,0.2170585634054803
300.0,-737.9244067061044,3.5805113,40.571751,0.2167739507290762
300.0,-737.9309250517422,3.5801504,40.621693,0.2164893384013155
300.0,-737.925845151893,3.579669,40.609188,0.2162047251701122
300.0,-737.9337437680539,3.5793483,40.621693,0.2159201117552017
300.0,-737.9237189524449,3.5788269,40.596722,0.2156354993440598
300.0,-737.9363220902426,3.578546,40.634159,0.2153508849347171
300.0,-737.9295439135072,3.578105,40.584217,0.2150662702769254
300.0,-737.9326561643798,3.577744,40.584217,0.2147816572814924
300.0,-737.924928566789,3.5774634,40.621693,0.2144970444038101
300.0,-737.9393911129047,3.576942,40.609188,0.2142124288107771
300.0,-737.9327639184197,3.5769019,40.621693,0.2139278129110502
300.0,-737.9387225669626,3.5766211,40.559284,0.2136431975758685
300.0,-737.9366402433633,3.5760596,40.521809,0.2133585801810681
300.0,-737.9347499315961,3.575819,40.584217,0.2130739635153488
300.0,-737.9373162973993,3.5753779,40.571751,0.2127893487225508
300.0,-737.934507769795,3.5748565,40.634159,0.2125047321502317
300.0,-737.9333236854976,3.574616,40.596722,0.2122201188973427
300.0,-737.9319805718077,3.5740545,40.65913,0.2119355032997476
300.0,-737.9411603003803,3.573894,40.609188,0.2116508870243573
300.0,-737.9322099901464,3.5735331,40.621693,0.211366271338277
300.0,-737.939040537903,3.573092,40.646626,0.2110816558804572
300.0,-737.9303000865899,3.5725706,40.634159,0.2107970409310143
300.0,-737.9416316163697,3.5724101,40.609188,0.2105124244738423
300.0,-737.9346545097187,3.571969,40.596722,0.2102278078449266
300.0,-737.9380359056977,3.5718086,40.634159,0.209943192774583
300.0,-737.9253803468207,3.5710466,40.596722,0.2096585797226521
300.0,-737.935895824945,3.5708861,40.609188,0.2093739626149691
300.0,-737.9480085668754,3.5705655,40.546776,0.2090893436982732
300.0,-737.9314842614847,3.5701241,40.534309,0.2088047282921018
300.0,-737.9379465740979,3.5697231,40.571751,0.2085201132562125
300.0,-737.9328397845236,3.5695226,40.571751,0.2082354973272246
300.0,-737.9422615144891,3.568881,40.584217,0.2079508806271074
300.0,-737.9272775666683,3.5686405,40.634159,0.2076662668434309
300.0,-737.9341769858768,3.5686002,40.596722,0.2073816532614328
300.0,-737.9390914160404,3.5679185,40.534309,0.207097034921231
300.0,-737.9395686162195,3.5677981,40.671597,0.2068124192597368
300.0,-737.9414657092593,3.5672767,40.65913,0.2065278000037855
300.0,-737.9426363455732,3.5668757,40.534309,0.2062431831590998
300.0,-737.9349601363116,3.5665147,40.609188,0.2059585664123059
300.0,-737.9398869077611,3.5662341,40.584217,0.2056739477652881
300.0,-737.9450243222212,3.5655522,40.65913,0.2053893299995845
300.0,-737.9414966292529,3.5652716,40.609188,0.2051047107317075
300.0,-737.9428158142258,3.5649507,40.546776,0.2048200938178026
300.0,-737.9325410557793,3.5644696,40.621693,0.2045354780040325
300.0,-737.9372773070135,3.5641887,40.546776,0.2042508632262726
300.0,-737.9223946064216,3.5637476,40.546776,0.2039662513259224
300.0,-737.9298925389164,3.563868,40.571751,0.2036816393963912
300.0,-737.926697564576,3.5632665,40.621693,0.2033970258364178
300.0,-737.9418417855462,3.5628653,40.546776,0.2031124092981857
300.0,-737.932420255434,3.5625846,40.596722,0.2028277935310075
300.0,-737.9375572530475,3.5620232,40.596722,0.2025431786452752
300.0,-737.9266221380288,3.5618627,40.534309,0.2022585651143934
300.0,-737.927843408403,3.5614216,40.65913,0.2019739511124755
300.0,-737.9371818608477,3.5611007,40.571751,0.2016893363715282
300.0,-737.9282188704958,3.5608201,40.571751,0.201404722224797
300.0,-737.9405374086367,3.5603387,40.571751,0.2011201061896496
300.0,-737.9314209190647,3.5598576,40.559284,0.2008354908079089
300.0,-737.9342225062426,3.5594163,40.546776,0.200550877208354
300.0,-737.9272390661624,3.5593762,40.634159,0.200266263439527
300.0,-737.9392755115903,3.5588548,40.596722,0.1999816478910802
300.0,-737.9270034224069,3.5582533,40.621693,0.1996970342131395
300.0,-737.9414599599553,3.5579727,40.584217,0.1994124178221736
300.0,-737.9340429778194,3.5579326,40.534309,0.1991278014291218
300.0,-737.943439316198,3.5576117,40.609188,0.1988431842747386
300.0,-737.9351381011355,3.5570502,40.596722,0.1985585674593049
300.0,-737.9340564661545,3.5564487,40.559284,0.1982739510610507
300.0,-737.9375382827495,3.5563684,40.584217,0.1979893361826352
300.0,-737.9414530877597,3.5559673,40.559284,0.1977047169315519
300.0,-737.9455649746885,3.5556064,40.509342,0.1974200989573242
300.0,-737.930670470861,3.5553257,40.609188,0.1971354838650266
300.0,-737.9437000230405,3.5546842,40.646626,0.1968508666100915
300.0,-737.941860348141,3.5542831,40.559284,0.1965662472019305
300.0,-737.940128812788,3.5544033,40.546776,0.1962816313243742
300.0,-737.9351447296841,3.5536413,40.609188,0.1959970145063839
300.0,-737.9418407238874,3.5534408,40.521809,0.1957123979685613
300.0,-737.9317070021623,3.5528393,40.596722,0.1954277824764802
300.0,-737.9375514180161,3.5527189,40.596722,0.1951431675929985
300.0,-737.9295112238271,3.5524383,40.584217,0.1948585529478149
300.0,-737.9252082640356,3.5520773,40.609188,0.1945739399622552
300.0,-737.9352265032534,3.5513954,40.521809,0.1942893259754691
300.0,-737.9377547157711,3.5511549,40.621693,0.1940047081508239
300.0,-737.9358192920141,3.5508742,40.596722,0.1937200939354053
300.0,-737.9271563513223,3.5503929,40.584217,0.1934354801984809
300.0,-737.9411791724522,3.5501523,40.559284,0.1931508639158118
300.0,-737.9327764421037,3.5497913,40.546776,0.1928662480112546
300.0,-737.9364752167388,3.5494704,40.546776,0.1925816335428526
300.0,-737.9372766167673,3.5490694,40.534309,0.1922970159026072
300.0,-737.9417205202774,3.5487084,40.496876,0.1920123994111459
300.0,-737.9273657379057,3.5481873,40.484367,0.1917277855934624
300.0,-737.9341081012385,3.5478263,40.571751,0.1914431720380324
300.0,-737.9286896689285,3.5477059,40.496876,0.1911585577097172
300.0,-737.9322546559063,3.5472648,40.571751,0.1908739420064097
300.0,-737.9334895056529,3.5466232,40.546776,0.1905893286895656
300.0,-737.93212138058,3.5465028,40.521809,0.1903047130376614
300.0,-737.9378501129304,3.5461819,40.546776,0.1900200980389762
300.0,-737.9296830123466,3.5457008,40.584217,0.1897354833275349
300.0,-737.9388803804743,3.5453398,40.509342,0.1894508679314861
300.0,-737.9357052378028,3.5451393,40.596722,0.1891662508973114
300.0,-737.9390473981679,3.5448585,40.534309,0.1888816354368456
300.0,-737.9311664770958,3.5442169,40.571751,0.1885970201532416
300.0,-737.9353994775329,3.5440965,40.621693,0.1883124060997411
300.0,-737.9203505725724,3.5436153,40.496876,0.1880277949877615
300.0,-737.9318411209658,3.5432544,40.509342,0.1877431823066823
300.0,-737.9287354335803,3.542733,40.546776,0.1874585679607161
300.0,-737.9303576185935,3.5426528,40.634159,0.1871739529890836
300.0,-737.9340444409935,3.5422518,40.546776,0.1868893394582066
300.0,-737.923196568303,3.5417304,40.621693,0.1866047272485449
300.0,-737.9282322627489,3.541209,40.559284,0.186320115959365
300.0,-737.926213924456,3.541209,40.546776,0.1860355025859286
300.0,-737.9373215217926,3.540848,40.609188,0.1857508877911154
300.0,-737.9266466496614,3.5402465,40.496876,0.1854662742507797
300.0,-737.9361572081451,3.5401664,40.584217,0.1851816599050303
300.0,-737.9341264129761,3.539685,40.546776,0.1848970434797981
300.0,-737.9394614746159,3.5392039,40.609188,0.1846124278596273
300.0,-737.9306642204785,3.5388029,40.534309,0.1843278127697404
300.0,-737.9360494444438,3.5386424,40.571751,0.1840431984655544
300.0,-737.9328143336147,3.538482,40.509342,0.1837585825463827
300.0,-737.9325288488709,3.5378001,40.471901,0.1834739667373207
300.0,-737.9398108533072,3.5374393,40.584217,0.1831893509823982
300.0,-737.9326430206678,3.5375195,40.559284,0.1829047351293008
300.0,-737.9282187505403,3.5367174,40.571751,0.1826201238453325
300.0,-737.9270291053723,3.5364769,40.521809,0.1823355101574859
300.0,-737.9417839852983,3.5361159,40.559284,0.1820508936415468
300.0,-737.9316944653816,3.535795,40.559284,0.1817662781543011
300.0,-737.9409693077761,3.535394,40.521809,0.1814816619525747
300.0,-737.9353544338616,3.5349126,40.509342,0.1811970450537028
300.0,-737.9397604875367,3.5348725,40.496876,0.1809124293182058
300.0,-737.9189700365441,3.5344315,40.484367,0.1806278187386901
300.0,-737.9365640473864,3.5340304,40.521809,0.180343204236027
300.0,-737.9260675626984,3.5336294,40.534309,0.1800585909190413
300.0,-737.9249862199367,3.5333085,40.534309,0.1797739780191225
300.0,-737.9345535625181,3.5329075,40.534309,0.1794893642918827
300.0,-737.9300837796479,3.5325065,40.534309,0.1792047494258681
300.0,-737.9373721810132,3.532306,40.459396,0.1789201346115162
300.0,-737.9302750506814,3.5318246,40.496876,0.1786355196717296
300.0,-737.9397280533245,3.5313435,40.484367,0.1783509039487421
300.0,-737.9302433485716,3.531183,40.596722,0.1780662890211828
300.0,-737.9342408773622,3.5305815,40.471901,0.1777816754145424
300.0,-737.9274046296744,3.5302205,40.496876,0.1774970615818586
300.0,-737.9360867130104,3.5298595,40.521809,0.1772124472632985
300.0,-737.9357875613802,3.5294585,40.571751,0.1769278301973721
300.0,-737.9325101183381,3.529218,40.509342,0.1766432172582676
300.0,-737.9264230789828,3.5290575,40.534309,0.1763586038041615
300.0,-737.9318212590875,3.5285361,40.521809,0.1760739882680123
300.0,-737.9413830670362,3.5281351,40.509342,0.1757893719067032
300.0,-737.9329228779392,3.528055,40.484367,0.1755047559456667
300.0,-737.936188593386,3.5275736,40.534309,0.1752201415878123
300.0,-737.9305809330687,3.5270522,40.534309,0.1749355265300489
300.0,-737.933400065186,3.5266111,40.496876,0.174650913247701
300.0,-737.924094304444,3.5266912,40.496876,0.1743663006917883
300.0,-737.9392957514588,3.5262101,40.496876,0.1740816851355352
300.0,-737.9301676776897,3.525769,40.509342,0.1737970702371616
300.0,-737.9439231085216,3.5252476,40.496876,0.1735124528961848
300.0,-737.9291098937784,3.5250471,40.559284,0.1732278384057917
300.0,-737.9336363948008,3.5245657,40.496876,0.1729432250322939
300.0,-737.9312163794746,3.5243652,40.509342,0.1726586097294429
300.0,-737.933629978644,3.5241647,40.496876,0.1723739934956822
300.0,-737.9503136580022,3.5236435,40.546776,0.1720893736899365
300.0,-737.9322355875742,3.5234027,40.484367,0.1718047579939834
300.0,-737.9373856461552,3.5228412,40.534309,0.1715201431744382
300.0,-737.9285176737274,3.5224001,40.484367,0.1712355289124605
300.0,-737.9365712362987,3.5222397,40.459396,0.1709509144070248
300.0,-737.9211533403078,3.5219991,40.571751,0.1706663029854229
300.0,-737.9372573245789,3.5216382,40.521809,0.17038168821537
300.0,-737.932922913955,3.5211971,40.509342,0.1700970722543196
300.0,-737.9414659902106,3.5208361,40.521809,0.1698124558610279
300.0,-737.9325349028034,3.5204751,40.44693,0.1695278400496309
300.0,-737.9450115663524,3.5201945,40.496876,0.1692432222888471
300.0,-737.9355072772394,3.5199938,40.546776,0.1689586053310245
300.0,-737.9462908084664,3.5193923,40.496876,0.1686739870768503
300.0,-737.9357817877981,3.5192721,40.421959,0.1683893700131507
300.0,-737.9402430219899,3.5189912,40.521809,0.168104751228782
300.0,-737.941319370775,3.5184298,40.471901,0.1678201348920398
300.0,-737.9290461617328,3.5180287,40.521809,0.1675355204262277
300.0,-737.9358641530381,3.5178282,40.471901,0.1672509061935067
300.0,-737.9341709923799,3.5174673,40.421959,0.1669662897510805
300.0,-737.9330373187601,3.5169461,40.484367,0.1666816766086402
300.0,-737.9277024301925,3.5165851,40.521809,0.1663970626610967
300.0,-737.9389321631544,3.5162642,40.559284,0.1661124472450759
300.0,-737.9308922718529,3.5162241,40.484367,0.165827832067231
300.0,-737.9446105261264,3.5156226,40.396988,0.1655432144611243
300.0,-737.9306185667391,3.5153017,40.534309,0.1652585993888457
300.0,-737.9380980643134,3.5150208,40.496876,0.1649739842945282
300.0,-737.93268746624,3.5145798,40.521809,0.1646893684242885
300.0,-737.9377038851663,3.5143392,40.484367,0.1644047506192484
300.0,-737.94087416652,3.5138981,40.484367,0.1641201344542169
300.0,-737.9330115484869,3.5135372,40.509342,0.1638355184589808
300.0,-737.9444835113646,3.5131361,40.546776,0.1635509009018624
300.0,-737.9342595413741,3.5128553,40.509342,0.1632662844252834
300.0,-737.9457626073676,3.5125344,40.496876,0.1629816663748309
300.0,-737.9313312589005,3.5120933,40.596722,0.1626970510276716
300.0,-737.9387285116796,3.5119328,40.509342,0.162412435690197
300.0,-737.9302436420187,3.5114117,40.521809,0.1621278207625245
300.0,-737.943598753303,3.5110908,40.521809,0.1618432035466481
300.0,-737.9281549919313,3.5107698,40.509342,0.1615585894245544
300.0,-737.936463387059,3.5105693,40.509342,0.161273974960715
300.0,-737.9259403171577,3.5102084,40.496876,0.1609893616928071
300.0,-737.9279700682773,3.5098877,40.509342,0.1607047476420373
300.0,-737.9311539354198,3.5092459,40.509342,0.1604201352259985
300.0,-737.9214392388243,3.5092058,40.471901,0.1601355236941274
300.0,-737.9333748329831,3.5087247,40.534309,0.1598509104215114
300.0,-737.9233492888997,3.5083637,40.421959,0.1595662981529463
300.0,-737.927473738962,3.5079627,40.534309,0.1592816871563212
300.0,-737.9203189322624,3.5077219,40.546776,0.1589970760565451
300.0,-737.9324645983816,3.5073609,40.471901,0.1587124631349972
300.0,-737.9301157739771,3.5069199,40.534309,0.1584278482566425
300.0,-737.9343807711845,3.5065989,40.484367,0.1581432345960465
300.0,-737.9228021606593,3.5066392,40.44693,0.1578586225385053
300.0,-737.9227063783911,3.5060377,40.534309,0.1575740133806019
300.0,-737.9213819888083,3.5055563,40.534309,0.1572894018708118
300.0,-737.9227450195093,3.5053158,40.546776,0.1570047898353095
300.0,-737.9300841290618,3.5048745,40.496876,0.1567201778318839
300.0,-737.9205551850127,3.5045538,40.44693,0.1564355666409867
300.0,-737.9346100088849,3.5043933,40.471901,0.1561509528919761
300.0,-737.9263727493253,3.5041928,40.534309,0.1558663394572819
300.0,-737.9286578639671,3.5037518,40.459396,0.155581728003952
300.0,-737.9192371008314,3.5032704,40.546776,0.1552971173214313
300.0,-737.9346620228052,3.5031903,40.534309,0.1550125035523595
300.0,-737.9301854875143,3.5026288,40.521809,0.1547278886471168
300.0,-737.9390272802633,3.5024283,40.409492,0.1544432731944103
300.0,-737.9269835011546,3.5019069,40.484367,0.154158659524153
300.0,-737.9295364088274,3.5014255,40.509342,0.1538740477319775
300.0,-737.9155645841113,3.501225,40.471901,0.1535894384659228
300.0,-737.924660769498,3.5009444,40.584217,0.1533048256915281
300.0,-737.933236355661,3.5007038,40.509342,0.1530202124723214
300.0,-737.9234056733081,3.5005033,40.546776,0.1527356001820092
300.0,-737.924271707708,3.4999418,40.496876,0.1524509904203745
300.0,-737.9265196353587,3.4998214,40.496876,0.1521663769290273
300.0,-737.9283404799268,3.4992199,40.521809,0.1518817655981091
300.0,-737.9216181564304,3.4990995,40.496876,0.1515971539972307
300.0,-737.9308613178276,3.4986584,40.484367,0.1513125416940515
300.0,-737.9227823245353,3.4982173,40.484367,0.1510279296441609
300.0,-737.9252211880829,3.4980969,40.546776,0.1507433195163214
300.0,-737.9200708372637,3.4978163,40.471901,0.150458708512234
300.0,-737.9293265568389,3.4975355,40.496876,0.1501740968009962
300.0,-737.9097337757981,3.496974,40.44693,0.1498894897838465
300.0,-737.923966803109,3.4964929,40.484367,0.1496048772771103
300.0,-737.9317714677094,3.4963725,40.471901,0.1493202646228956
300.0,-737.9202432728401,3.4962924,40.484367,0.1490356535523009
300.0,-737.9329747942526,3.4954901,40.496876,0.1487510404339757
300.0,-737.9309242297571,3.4952896,40.534309,0.1484664252438049
300.0,-737.9348200184443,3.4952495,40.509342,0.1481818114137957
300.0,-737.9283338980778,3.494688,40.521809,0.1478971972226991
300.0,-737.9318031562227,3.4944475,40.44693,0.1476125845562625
300.0,-737.9277098523171,3.493926,40.509342,0.1473279706058564
300.0,-737.9281996586877,3.4937656,40.496876,0.1470433593292515
300.0,-737.9244576824095,3.4932845,40.484367,0.1467587466331863
300.0,-737.935717802496,3.4929235,40.521809,0.1464741324569111
300.0,-737.9233292207192,3.4926429,40.559284,0.1461895201960862
300.0,-737.9171938364111,3.4922416,40.459396,0.1459049103016394
300.0,-737.9334906053745,3.4921615,40.44693,0.1456202969843712
300.0,-737.926118270522,3.4916804,40.496876,0.1453356836478278
300.0,-737.9270041926769,3.4914796,40.44693,0.1450510728323018
300.0,-737.9187795226615,3.491199,40.471901,0.1447664623262661
300.0,-737.9286592677798,3.4907179,40.484367,0.1444818508723948
300.0,-737.9289834426322,3.4903166,40.509342,0.1441972364307731
300.0,-737.9312940232385,3.4899156,40.496876,0.1439126239607038
300.0,-737.9224209127063,3.489675,40.471901,0.1436280120502075
300.0,-737.9279012555864,3.4895949,40.484367,0.1433434008886936
300.0,-737.9213763973518,3.4889131,40.471901,0.1430587893810601
300.0,-737.9269142025538,3.4886725,40.496876,0.1427741786002424
300.0,-737.924005132949,3.4885521,40.484367,0.1424895660787226
300.0,-737.9124390130968,3.4881911,40.434425,0.1422049580181804
300.0,-737.9243935336835,3.4877501,40.484367,0.1419203482095586
300.0,-737.9289893021611,3.4874291,40.521809,0.1416357337656769
300.0,-737.9272073677557,3.4871886,40.471901,0.1413511228717884
300.0,-737.9172066171171,3.4868276,40.459396,0.1410665129724122
300.0,-737.9255327010758,3.4863062,40.409492,0.1407819027244253
300.0,-737.9129993857468,3.4862661,40.471901,0.1404972944477511
300.0,-737.92107023757,3.4859052,40.471901,0.1402126859208902
300.0,-737.9069779534573,3.4855042,40.471901,0.1399280799666435
300.0,-737.9142527080243,3.4851432,40.434425,0.1396434740692334
300.0,-737.9196066555106,3.4848626,40.421959,0.1393588632441778
300.0,-737.9259597294352,3.4845016,40.44693,0.1390742528314905
300.0,-737.9259975426174,3.484221,40.372017,0.1387896395415111
300.0,-737.9193709384956,3.4838197,40.421959,0.1385050288073701
300.0,-737.9259147337599,3.4835391,40.372017,0.1382204184120372
300.0,-737.9109117608826,3.4828572,40.496876,0.1379358109405464
300.0,-737.9249154614178,3.4828572,40.396988,0.1376512009306225
300.0,-737.9189256155281,3.482697,40.471901,0.1373665903682397
300.0,-737.9250239941465,3.482336,40.44693,0.1370819803164558
300.0,-737.9249345965745,3.4819751,40.409492,0.1367973674364478
300.0,-737.9273280968746,3.4814937,40.459396,0.1365127564959954
300.0,-737.9166020792452,3.481173,40.44693,0.1362281468297855
300.0,-737.9292368581196,3.4807317,40.484367,0.1359435351531436
300.0,-737.9168562527326,3.4805312,40.44693,0.1356589253889006
300.0,-737.9263294703683,3.4804511,40.372017,0.1353743148336081
300.0,-737.9241260184227,3.4799697,40.44693,0.1350897022654635
300.0,-737.9183903278989,3.4796491,40.434425,0.1348050919095376
300.0,-737.9218979885583,3.4792078,40.484367,0.1345204830634218
300.0,-737.9214334042609,3.4790876,40.409492,0.1342358715338011
300.0,-737.9266471359897,3.4785261,40.421959,0.1339512608559882
300.0,-737.9182514365599,3.4784057,40.396988,0.1336666505536319
300.0,-737.9256153303909,3.4781251,40.459396,0.1333820402737758
300.0,-737.9143367326639,3.4778042,40.409492,0.1330974314812954
300.0,-737.9161184405685,3.4774032,40.434425,0.1328128248642915
300.0,-737.9140112224716,3.4771223,40.484367,0.1325282161973584
300.0,-737.921083127681,3.4768817,40.421959,0.132243607665526
300.0,-737.9134889463771,3.4762001,40.421959,0.1319589992000313
300.0,-737.9249794388508,3.4759996,40.434425,0.131674389165432
300.0,-737.9148640988583,3.4756787,40.384521,0.1313897801695499
300.0,-737.9203262438838,3.4754381,40.484367,0.1311051690669538
300.0,-737.9241581204351,3.4751573,40.421959,0.1308205593491285
300.0,-737.9272451323731,3.4745557,40.44693,0.1305359455779618
300.0,-737.9316829296934,3.4746361,40.434425,0.1302513329578953
300.0,-737.9264821604853,3.4742348,40.421959,0.129966719481002
300.0,-737.9342659020627,3.4734328,40.297138,0.1296821058647098
300.0,-737.9243934735634,3.4733527,40.434425,0.1293974931934094
300.0,-737.9320573576417,3.4730318,40.44693,0.12911288042893
300.0,-737.9234645231634,3.4730718,40.471901,0.1288282681159198
300.0,-737.929696028469,3.4724703,40.434425,0.1285436562621807
300.0,-737.9194093661513,3.4720292,40.434425,0.1282590455132184
300.0,-737.9174752103869,3.4715078,40.396988,0.1279744383729224
300.0,-737.9132980661972,3.4715078,40.484367,0.127689829981049
300.0,-737.9143424211176,3.4711468,40.421959,0.1274052211863746
300.0,-737.9304540529406,3.4709063,40.471901,0.1271206090402733
300.0,-737.9202111937918,3.4703448,40.396988,0.1268359979820512
300.0,-737.9263667016908,3.4699838,40.44693,0.126551387412399
300.0,-737.9156988846606,3.4699838,40.372017,0.1262667780945454
300.0,-737.9282182749629,3.4692619,40.44693,0.1259821668107605
300.0,-737.9190144698383,3.4693022,40.434425,0.1256975562141071
300.0,-737.9289762859285,3.4686604,40.44693,0.1254129446379652
300.0,-737.920065588776,3.4684198,40.459396,0.1251283336359021
300.0,-737.9300460431734,3.4680188,40.409492,0.1248437216471658
300.0,-737.9242286062212,3.4677379,40.434425,0.1245591090394538
300.0,-737.925144441275,3.4674973,40.384521,0.1242744989412147
300.0,-737.9202299678583,3.4668958,40.459396,0.1239898878757516
300.0,-737.9296569503964,3.4668958,40.421959,0.1237052731743623
300.0,-737.9238840708236,3.4665349,40.459396,0.1234206635622351
300.0,-737.9146732551035,3.4662943,40.44693,0.1231360546399602
300.0,-737.9219231589607,3.4658933,40.409492,0.1228514457841364
300.0,-737.9185436362084,3.4654522,40.409492,0.1225668353690806
300.0,-737.9215292114675,3.4649708,40.409492,0.1222822266651983
300.0,-737.9146667853519,3.4647703,40.421959,0.1219976177454187
300.0,-737.9172895404021,3.4643292,40.434425,0.1217130106767337
300.0,-737.9126484598429,3.4640484,40.409492,0.1214284025354093
300.0,-737.9241386377252,3.4637678,40.396988,0.1211437928250983
300.0,-737.9180218115395,3.4634469,40.409492,0.1208591826113068
300.0,-737.9233119009199,3.4630458,40.44693,0.1205745732198596
300.0,-737.9160607233591,3.4627249,40.396988,0.1202899637624472
300.0,-737.9074488628023,3.4625244,40.421959,0.1200053576265738
300.0,-737.9220191924359,3.4620833,40.409492,0.1197207487337109
300.0,-737.9136926440975,3.4616823,40.334579,0.1194361401896513
300.0,-737.9234455189219,3.4612813,40.396988,0.1191515307466691
300.0,-737.9105611889978,3.4612412,40.396988,0.1188669234103915
300.0,-737.9234390491052,3.4605994,40.347084,0.1185823139699046
300.0,-737.9235525470632,3.4599578,40.409492,0.1182977016229442
300.0,-737.9261569233717,3.4599178,40.372017,0.1180130911342012
300.0,-737.9085112837508,3.4594765,40.372017,0.1177284845885589
300.0,-737.9226489943757,3.459316,40.396988,0.1174438754527879
300.0,-737.9188866627782,3.4588749,40.434425,0.1171592649054289
300.0,-737.9191664551535,3.4586744,40.44693,0.1168746571128373
300.0,-737.915959100621,3.458113,40.409492,0.1165900476946201
300.0,-737.9243742838509,3.4577119,40.347084,0.1163054378934228
300.0,-737.917067140521,3.4574313,40.409492,0.1160208280478418
300.0,-737.9173023078854,3.4570303,40.434425,0.1157362181115583
300.0,-737.9279450181168,3.456629,40.409492,0.1154516069331657
300.0,-737.923667610661,3.4563885,40.384521,0.115166994541826
300.0,-737.9328083380842,3.4560678,40.384521,0.1148823814877012
300.0,-737.9169647360758,3.4555063,40.372017,0.1145977716816169
300.0,-737.9282258674203,3.4553058,40.421959,0.1143131603949036
300.0,-737.9274928000931,3.4549849,40.372017,0.1140285465282131
300.0,-737.9303905637724,3.4546239,40.409492,0.1137439344065988
300.0,-737.9220505407134,3.4542229,40.384521,0.1134593226389525
300.0,-737.9253177090045,3.4540224,40.421959,0.1131747124738859
300.0,-737.9221020408851,3.4536214,40.434425,0.1128901006863764
300.0,-737.9249792194795,3.4530599,40.434425,0.1126054906518616
300.0,-737.9207772422083,3.4528594,40.347084,0.1123208793753184
300.0,-737.9130190389268,3.4525785,40.434425,0.112036271091064
300.0,-737.9266022012962,3.451937,40.421959,0.111751660430582
300.0,-737.9204783432074,3.4516561,40.434425,0.1114670492693221
300.0,-737.9249285709001,3.4514556,40.372017,0.111182439254342
300.0,-737.9243753952572,3.450774,40.409492,0.1108978265900144
300.0,-737.9232344947702,3.4504931,40.384521,0.1106132172284219
300.0,-737.9266980892611,3.4501724,40.421959,0.1103286036682462
300.0,-737.9316628609018,3.4496911,40.44693,0.1100439910559201
300.0,-737.9201028201333,3.4493704,40.434425,0.1097593800394971
300.0,-737.9234771591408,3.448849,40.334579,0.1094747705843115
300.0,-737.9179767680226,3.4485681,40.44693,0.1091901603878931
300.0,-737.9286015035481,3.4482474,40.434425,0.1089055489563008
300.0,-737.9300393827789,3.4478865,40.459396,0.1086209341074098
300.0,-737.9259968231196,3.4475656,40.347084,0.1083363208177079
300.0,-737.933286379687,3.4472046,40.421959,0.1080517075792074
300.0,-737.925965414866,3.446563,40.459396,0.1077670943016194
300.0,-737.9320186975408,3.4463224,40.396988,0.1074824815520508
300.0,-737.9274803124249,3.4459214,40.347084,0.1071978676901767
300.0,-737.9327065923601,3.4455202,40.396988,0.1069132546752941
300.0,-737.9345153261603,3.4452796,40.409492,0.1066286381000606
300.0,-737.9425613696975,3.4446781,40.409492,0.1063440212842924
300.0,-737.9341515217346,3.4444776,40.434425,0.1060594048493759
300.0,-737.9409189903,3.4437957,40.434425,0.1057747886670564
300.0,-737.9376587442431,3.4433947,40.347084,0.1054901708794268
300.0,-737.9433757292131,3.443114,40.372017,0.1052055537495685
300.0,-737.9308673329417,3.4427931,40.347084,0.1049209385813425
300.0,-737.9297849162537,3.4423521,40.372017,0.1046363238305975
300.0,-737.9419047983185,3.441911,40.384521,0.104351707268062
300.0,-737.9338462131451,3.4415097,40.421959,0.1040670909509011
300.0,-737.9421652366767,3.4409885,40.421959,0.1037824742879173
300.0,-737.9241324889928,3.440788,40.384521,0.103497861717277
300.0,-737.9342728842914,3.4403467,40.421959,0.1032132480982919
300.0,-737.9247180817231,3.4398255,40.421959,0.1029286353017922
300.0,-737.9363672692731,3.439625,40.396988,0.1026440208750245
300.0,-737.9303325327539,3.4389832,40.434425,0.1023594059130674
300.0,-737.9358387865931,3.4384217,40.409492,0.1020747916901299
300.0,-737.9237250804554,3.4377401,40.372017,0.1017901792766245
300.0,-737.9258960454523,3.4377401,40.409492,0.1015055688884995
300.0,-737.9205038669666,3.4373391,40.459396,0.1012209577173953
300.0,-737.9224205341309,3.4367776,40.347084,0.1009363458070449
300.0,-737.9312430951243,3.4362161,40.35955,0.1006517333566181
300.0,-737.9173533087468,3.4359353,40.409492,0.1003671234006639
300.0,-737.9252785856045,3.4355743,40.396988,0.1000825132506867
300.0,-737.9208796351938,3.4350932,40.35955,0.0997979019346512
300.0,-737.9222546183719,3.4346921,40.284672,0.0995132929509869
300.0,-737.9256857409479,3.4341707,40.396988,0.0992286797812674
300.0,-737.9322678689721,3.4336092,40.409492,0.0989440669355959
300.0,-737.9220197054389,3.4335291,40.384521,0.0986594551798426
300.0,-737.9313893850937,3.4328473,40.409492,0.0983748426729933
300.0,-737.9284743016722,3.4323258,40.396988,0.0980902284277439
300.0,-737.9278244371554,3.4320853,40.372017,0.0978056172958582
300.0,-737.9288681588467,3.4312031,40.44693,0.0975210028987006
300.0,-737.9289575402977,3.4308822,40.384521,0.0972363884670692
300.0,-737.9422234040443,3.4305212,40.409492,0.0969517717816508
300.0,-737.9307139882072,3.4297192,40.434425,0.0966671566725689
300.0,-737.93480684798,3.4291577,40.35955,0.0963825428476394
300.0,-737.922445509058,3.4289172,40.44693,0.0960979309276564
300.0,-737.9294031076042,3.4283957,40.384521,0.0958133191868938
300.0,-737.9330319465395,3.4279547,40.409492,0.0955287031837902
300.0,-737.9365898529833,3.4272728,40.384521,0.0952440886711742
300.0,-737.9281683464349,3.4267917,40.35955,0.0949594745439298
300.0,-737.9354190948943,3.4263504,40.396988,0.0946748604828631
300.0,-737.9250614754087,3.4260297,40.409492,0.0943902475539188
300.0,-737.9330700091782,3.4253078,40.409492,0.0941056343988701
300.0,-737.9204727885852,3.4249468,40.347084,0.0938210232397527
300.0,-737.9251634902282,3.4243853,40.471901,0.0935364102714619
300.0,-737.9377675691537,3.4237437,40.396988,0.0932517953046129
300.0,-737.9250807017194,3.4233828,40.44693,0.0929671823682531
300.0,-737.9313951472741,3.4228213,40.35955,0.0926825698591814
300.0,-737.9262456740413,3.4226208,40.459396,0.0923979564734993
300.0,-737.9265449253293,3.4218988,40.347084,0.092113345835108
300.0,-737.9260108365489,3.421217,40.396988,0.0918287325400012
300.0,-737.9392572382874,3.4207358,40.409492,0.0915441169986023
300.0,-737.924845827802,3.4201744,40.35955,0.0912595041528318
300.0,-737.9359593806513,3.4196529,40.35955,0.0909748898833825
300.0,-737.9306002563764,3.4192119,40.396988,0.0906902748181661
300.0,-737.9240235009376,3.4185703,40.396988,0.0904056651522621
300.0,-737.9255198107295,3.4178483,40.409492,0.0901210520465408
300.0,-737.9247495272203,3.4174874,40.372017,0.0898364392379129
300.0,-737.9363988235444,3.4170864,40.44693,0.089551824798975
300.0,-737.9264943064123,3.4161639,40.409492,0.089267211317397
300.0,-737.935367507029,3.4155624,40.347084,0.0889825972762272
300.0,-737.9275694847385,3.4152415,40.384521,0.0886979833799598
300.0,-737.9346417829368,3.4145999,40.396988,0.0884133696186943
300.0,-737.9286524752241,3.4141185,40.35955,0.0881287553047246
300.0,-737.9331721703163,3.4132764,40.421959,0.0878441421102734
300.0,-737.9332741455842,3.4126749,40.409492,0.0875595260137552
300.0,-737.9351773206963,3.4120734,40.409492,0.0872749120459383
300.0,-737.9277735360688,3.4114718,40.396988,0.0869902980709697
300.0,-737.9346420031266,3.41079,40.409492,0.0867056843096193
300.0,-737.9278757690295,3.4103489,40.347084,0.0864210702952201
300.0,-737.9240759097714,3.4098275,40.384521,0.086136457746402
300.0,-737.9340187209349,3.4090655,40.44693,0.0858518442254451
300.0,-737.9348452924922,3.408464,40.434425,0.0855672275229457
300.0,-737.9434262550102,3.407742,40.421959,0.0852826103736001
300.0,-737.9366597492057,3.4072206,40.434425,0.0849979929712765
300.0,-737.9377735265582,3.4066191,40.421959,0.0847133780021298
300.0,-737.9332228148506,3.405817,40.409492,0.0844287619254096
300.0,-737.9392693479112,3.4052155,40.334579,0.0841441463793401
300.0,-737.9286909511737,3.4043331,40.396988,0.0838595320505304
300.0,-737.9343622167098,3.4040525,40.35955,0.0835749183970907
300.0,-737.9252591552124,3.4032905,40.396988,0.0832903053919025
300.0,-737.9327454358162,3.4026487,40.334579,0.0830056923620385
300.0,-737.9230185040263,3.4020472,40.421959,0.082721080221055
300.0,-737.9304789677709,3.401165,40.396988,0.0824364652026189
300.0,-737.9334331464618,3.4006836,40.434425,0.0821518519075119
300.0,-737.9228020133219,3.3997211,40.35955,0.0818672398500275
300.0,-737.9376844515737,3.39924,40.434425,0.0815826249152362
300.0,-737.9176463117938,3.3985982,40.44693,0.0812980148462725
300.0,-737.9340883991572,3.3979166,40.396988,0.0810134012984414
300.0,-737.9328913108886,3.3969941,40.334579,0.0807287853495801
300.0,-737.9333624303185,3.3962321,40.35955,0.0804441720817476
300.0,-737.9184418411672,3.3957107,40.372017,0.0801595617059535
300.0,-737.9234577742475,3.3947883,40.396988,0.0798749522582445
300.0,-737.9172386364119,3.3942268,40.35955,0.0795903423465186
300.0,-737.9258959108008,3.3931842,40.44693,0.0793057319584455
300.0,-737.9199446419116,3.3926628,40.347084,0.0790211210030308
300.0,-737.930796800863,3.3920612,40.421959,0.0787365058620085
300.0,-737.9452024603213,3.3914196,40.421959,0.0784518880275989
300.0,-737.9314908040864,3.3903768,40.409492,0.078167272618904
300.0,-737.9338779242523,3.3897753,40.471901,0.0778826591522509
300.0,-737.9312296238843,3.3888528,40.347084,0.0775980438442915
300.0,-737.9360425227877,3.3880508,40.471901,0.0773134295427751
300.0,-737.924094049059,3.3872488,40.471901,0.0770288169869609
300.0,-737.9313767385013,3.3866072,40.372017,0.0767442044849892
300.0,-737.9197468642922,3.3857248,40.44693,0.0764595936058561
300.0,-737.9296257895403,3.3848023,40.396988,0.0761749817792073
300.0,-737.9206368742205,3.3842409,40.44693,0.0758903705568031
300.0,-737.9343931861273,3.3832383,40.434425,0.0756057568914188
300.0,-737.9218343058031,3.3822358,40.396988,0.0753211452071729
300.0,-737.9233241060631,3.3818347,40.322113,0.0750365329483207
300.0,-737.9308861599916,3.3809524,40.409492,0.0747519206355601
300.0,-737.9274991716197,3.3797894,40.35955,0.0744673067664121
300.0,-737.9337570011372,3.3793082,40.384521,0.0741826933463977
300.0,-737.9264435003638,3.3781853,40.434425,0.0738980798844153
300.0,-737.9330574616304,3.3773029,40.384521,0.0736134667342061
300.0,-737.9348646035219,3.3765409,40.396988,0.0733288500242586
300.0,-737.937984684952,3.3755784,40.409492,0.0730442349736703
300.0,-737.9279954103202,3.3747764,40.372017,0.0727596209131263
300.0,-737.9451202697488,3.3740544,40.396988,0.0724750031104167
300.0,-737.9293976868091,3.3728514,40.421959,0.0721903885090236
300.0,-737.9294476264745,3.3721695,40.384521,0.0719057767510905
300.0,-737.9234631553805,3.3711669,40.44693,0.0716211644386079
300.0,-737.9280921381805,3.3702846,40.396988,0.0713365503407565
300.0,-737.9332033357765,3.3693221,40.347084,0.0710519371342852
300.0,-737.9292309020334,3.3684399,40.409492,0.07076732259722
300.0,-737.9373983897458,3.367718,40.421959,0.0704827077727597
300.0,-737.9335462762336,3.366555,40.334579,0.0701980915712825
300.0,-737.943133052155,3.365793,40.421959,0.0699134745350222
300.0,-737.9328591323876,3.3647501,40.44693,0.069628858598572
300.0,-737.9467303258476,3.3639481,40.396988,0.0693442401748804
300.0,-737.9376844394867,3.3628654,40.459396,0.0690596223773404
300.0,-737.9480346655131,3.3618627,40.44693,0.0687750034505785
300.0,-737.9309050656557,3.3609002,40.471901,0.0684903882677992
300.0,-737.9440886724709,3.360018,40.409492,0.068205770862966
300.0,-737.9388817486973,3.3590555,40.396988,0.0679211526036316
300.0,-737.9400022021875,3.3581331,40.434425,0.0676365339121455
300.0,-737.9502318951219,3.3570101,40.384521,0.0673519141379348
300.0,-737.9434896249971,3.3560877,40.434425,0.0670672941013723
300.0,-737.9481369985466,3.3548846,40.421959,0.0667826751351416
300.0,-737.9388436627828,3.3538821,40.44693,0.0664980568904966
300.0,-737.9468071205407,3.3528793,40.409492,0.0662134384371862
300.0,-737.9400081104196,3.3518367,40.434425,0.0659288197434213
300.0,-737.9509819109036,3.3507941,40.471901,0.0656441996799373
300.0,-737.9397980039291,3.3498716,40.421959,0.0653595810672092
300.0,-737.9386714927373,3.3488288,40.44693,0.0650749657517262
300.0,-737.9349728069238,3.3475456,40.421959,0.0647903490000454
300.0,-737.9435659040862,3.3470242,40.372017,0.0645057317968386
300.0,-737.9333561028642,3.3455403,40.396988,0.06422111566871
300.0,-737.94151643006,3.3443773,40.484367,0.0639364992559642
300.0,-737.93664117118,3.3432143,40.434425,0.063651881860806
300.0,-737.9376971105081,3.3425324,40.471901,0.0633672640583788
300.0,-737.9439108032644,3.3410888,40.409492,0.063082646722148
300.0,-737.9373672170265,3.3401263,40.396988,0.0627980290469586
300.0,-737.9397983790195,3.3391237,40.396988,0.0625134132968473
300.0,-737.9268437065551,3.3378403,40.434425,0.0622287996805079
300.0,-737.9325788932907,3.3366773,40.384521,0.0619441867148776
300.0,-737.9263983348844,3.3355143,40.347084,0.0616595732703152
300.0,-737.9347693105199,3.3346319,40.384521,0.0613749594598636
300.0,-737.9279137575377,3.3334689,40.421959,0.0610903454308125
300.0,-737.9348521849906,3.3322258,40.471901,0.060805731588397
300.0,-737.923425814748,3.3310225,40.409492,0.0605211192903165
300.0,-737.9394217405778,3.3298194,40.44693,0.0602365036854707
300.0,-737.9408093282469,3.3287768,40.44693,0.0599518846826812
300.0,-737.9458380637661,3.327373,40.384521,0.059667263740341
300.0,-737.9434779161356,3.3263304,40.459396,0.0593826465710703
300.0,-737.9331142214136,3.3252876,40.35955,0.0590980305362338
300.0,-737.9514595866148,3.323884,40.347084,0.0588134102885153
300.0,-737.9337828224312,3.3228414,40.44693,0.0585287939958038
300.0,-737.9406702093169,3.3217585,40.421959,0.0582441779094365
300.0,-737.9354565448596,3.3204751,40.484367,0.057959560971181
300.0,-737.9422934845836,3.319272,40.372017,0.0576749442587333
300.0,-737.9341897300212,3.318109,40.384521,0.0573903278090801
300.0,-737.9416180660985,3.3167052,40.409492,0.0571057113571343
300.0,-737.9305558226729,3.3155422,40.421959,0.0568210963090557
300.0,-737.9470104413214,3.3142591,40.421959,0.0565364777773265
300.0,-737.9425155459518,3.3127751,40.372017,0.05625185811646
300.0,-737.936811934067,3.311933,40.434425,0.0559672406554396
300.0,-737.9402873703614,3.3105693,40.471901,0.0556826247167294
300.0,-737.932973536241,3.3092058,40.459396,0.0553980087361543
300.0,-737.9413573592559,3.3078823,40.409492,0.0551133923847605
300.0,-737.9332985352542,3.3067193,40.396988,0.0548287762788353
300.0,-737.9360613834,3.3053558,40.409492,0.0545441619700446
300.0,-737.9330067027215,3.3041527,40.459396,0.0542595459766774
300.0,-737.9432857873845,3.3025486,40.421959,0.0539749288815087
300.0,-737.9284992160271,3.3015862,40.44693,0.0536903146266501
300.0,-737.934120931186,3.2999818,40.434425,0.0534057010662717
300.0,-737.929803836839,3.2986183,40.421959,0.0531210863082292
300.0,-737.9461254024973,3.2974153,40.421959,0.0528364681178503
300.0,-737.9246991852848,3.2960918,40.459396,0.0525518553286389
300.0,-737.9301229026546,3.2947683,40.409492,0.0522672404475348
300.0,-737.9411412809693,3.2933648,40.484367,0.0519826241794801
300.0,-737.9312995821654,3.2921615,40.459396,0.0516980088445383
300.0,-737.9364432945295,3.2907579,40.471901,0.0514133943884483
300.0,-737.9311087257231,3.2891135,40.409492,0.0511287791271186
300.0,-737.9304597660081,3.2876298,40.434425,0.0508441669788138
300.0,-737.9205487156705,3.2862661,40.434425,0.0505595557904117
300.0,-737.9261309090446,3.2849829,40.459396,0.0502749453117023
300.0,-737.9257625843903,3.2835791,40.459396,0.0499903321123447
300.0,-737.9326755124383,3.2822156,40.509342,0.0497057191094494
300.0,-737.9316049394582,3.2808921,40.459396,0.0494211036567332
300.0,-737.9305299324952,3.2791677,40.396988,0.0491364914813659
300.0,-737.9309051741124,3.2778845,40.421959,0.0488518762985447
300.0,-737.9242028127526,3.276561,40.434425,0.0485672637007811
300.0,-737.9271379465581,3.2749567,40.396988,0.0482826528336676
300.0,-737.9157939533375,3.2735131,40.44693,0.0479980434791467
300.0,-737.9242351344996,3.2721896,40.434425,0.0477134337316178
300.0,-737.9145142837151,3.2707458,40.44693,0.0474288248706572
300.0,-737.924851348924,3.2692218,40.484367,0.0471442148854608
300.0,-737.9237317343787,3.2676978,40.44693,0.046859602469389
300.0,-737.9254179657869,3.2658932,40.434425,0.0465749922656544
300.0,-737.9222361466216,3.2646501,40.434425,0.0462903804264211
300.0,-737.9260236949993,3.2632062,40.421959,0.046005769989063
300.0,-737.9139729286475,3.2614818,40.571751,0.0457211613368995
300.0,-737.9260936531656,3.2599578,40.421959,0.0454365508725592
300.0,-737.919835621196,3.2584338,40.347084,0.0451519399591931
300.0,-737.9197024805197,3.2567494,40.421959,0.0448673290971785
300.0,-737.9261314341442,3.255065,40.459396,0.0445827186182665
300.0,-737.9205937108934,3.2536614,40.421959,0.0442981074125101
300.0,-737.9231901216018,3.2522979,40.484367,0.0440134980680319
300.0,-737.923597871749,3.2506535,40.421959,0.0437288857035901
300.0,-737.933897932062,3.2490094,40.434425,0.0434442722292201
300.0,-737.925756272208,3.2474453,40.44693,0.0431596590322971
300.0,-737.932044918961,3.2456405,40.421959,0.0428750462726152
300.0,-737.9202307728938,3.2441165,40.421959,0.0425904352068416
300.0,-737.935310805684,3.2423921,40.421959,0.0423058211875409
300.0,-737.9241638845589,3.240828,40.44693,0.0420212086047916
300.0,-737.9375898697963,3.239224,40.496876,0.0417365937064794
300.0,-737.9234000708012,3.2375796,40.471901,0.0414519814183281
300.0,-737.9184158770329,3.2358952,40.459396,0.0411673710525481
300.0,-737.931822028704,3.2343311,40.44693,0.0408827583788327
300.0,-737.9363221053644,3.2325666,40.484367,0.0405981411067361
300.0,-737.9024959789566,3.2309625,40.421959,0.0403135397437748
300.0,-737.8446207230456,3.2291577,40.44693,0.040028957840309
300.0,-737.8501513101346,3.2271526,40.484367,0.0397443766661452
300.0,-737.8453520799983,3.2254281,40.459396,0.0394597944805997
300.0,-737.8491525133699,3.2239041,40.459396,0.0391752136916615
300.0,-737.8469638887708,3.2220592,40.521809,0.0388906308844518
300.0,-737.8565245264166,3.2203748,40.434425,0.0386060472522044
300.0,-737.8409029786369,3.2185302,40.421959,0.0383214667826486
300.0,-737.8590960243566,3.2168858,40.459396,0.038036882158601
300.0,-737.8448243233596,3.2151613,40.521809,0.0377523001766078
300.0,-737.8512856340883,3.2130358,40.421959,0.0374677157025289
300.0,-737.8523989051047,3.2113113,40.509342,0.037183133661491
300.0,-737.8440223618875,3.2093863,40.471901,0.0368985519888092
300.0,-737.8504767761251,3.207782,40.434425,0.0366139706891165
300.0,-737.8378730611471,3.205857,40.496876,0.0363293913881803
300.0,-737.8504568906886,3.2040124,40.496876,0.0360448100961572
300.0,-737.8458557027611,3.2020473,40.44693,0.0357602277163677
300.0,-737.8475545681227,3.2003229,40.471901,0.0354756475437405
300.0,-737.8457922506567,3.1984379,40.471901,0.035191065188424
300.0,-737.8547669357436,3.1966732,40.459396,0.0349064822340612
300.0,-737.8505094898223,3.194628,40.471901,0.0346218980593361
300.0,-737.8507826980143,3.192703,40.496876,0.0343373166416525
300.0,-737.8489051154525,3.1907377,40.521809,0.0340527330857242
300.0,-737.8485732803905,3.1886926,40.471901,0.0337681496577825
300.0,-737.8572055233178,3.1868076,40.484367,0.0334835657628817
300.0,-737.8489619385991,3.1850431,40.44693,0.033198982185037
300.0,-737.8551101994595,3.1827972,40.484367,0.0329143990982809
300.0,-737.8467346419166,3.1807117,40.421959,0.0326298163794902
300.0,-737.8539075314395,3.1787467,40.484367,0.0323452337565907
300.0,-737.8441562605329,3.1767013,40.534309,0.0320606520322651
300.0,-737.8493439078819,3.1746559,40.496876,0.031776071169508
300.0,-737.8367014975203,3.1728914,40.459396,0.0314914923204363
300.0,-737.8439008374221,3.1707258,40.534309,0.0312069135570152
300.0,-737.8363327241387,3.1684799,40.509342,0.030922334850177
300.0,-737.8488782439779,3.1666753,40.484367,0.0306377541670217
300.0,-737.8376378577668,3.1643493,40.484367,0.0303531749568019
300.0,-737.8365812222692,3.1622236,40.509342,0.0300685961541196
300.0,-737.8428940814897,3.1603389,40.509342,0.0297840177789939
300.0,-737.8394904728358,3.1579726,40.521809,0.0294994378542324
300.0,-737.8458611255503,3.1560075,40.521809,0.0292148583347485
300.0,-737.8476695377924,3.1536012,40.496876,0.0289302752553745
300.0,-737.8499484039493,3.1512752,40.496876,0.0286456941594695
300.0,-737.8433600476774,3.1489892,40.534309,0.028361112742238
300.0,-737.8483121526239,3.1471446,40.421959,0.0280765322774183
300.0,-737.842710746639,3.1446581,40.434425,0.027791951110618
300.0,-737.8504893854735,3.1426127,40.496876,0.0275073698060621
300.0,-737.8376511631578,3.1402867,40.521809,0.0272227905907105
300.0,-737.8433727214524,3.1379206,40.534309,0.0269382120309782
300.0,-737.8435132336148,3.1358352,40.534309,0.0266536305546639
300.0,-737.8382236457193,3.1332283,40.484367,0.0263690511185095
300.0,-737.8516991458172,3.1311028,40.44693,0.0260844693473615
300.0,-737.8483320222591,3.1284959,40.44693,0.0257998860124716
300.0,-737.8552187448759,3.1262503,40.559284,0.0255153028838506
300.0,-737.8520238749744,3.1237235,40.509342,0.0252307181250369
300.0,-737.8537233266585,3.121237,40.434425,0.0249461355731833
300.0,-737.8455371976465,3.1187506,40.496876,0.0246615533162391
300.0,-737.8541873559188,3.1164646,40.546776,0.0243769705854142
300.0,-737.8501017522314,3.1140184,40.534309,0.0240923865679508
300.0,-737.8555181854889,3.1112511,40.496876,0.0238078033238387
300.0,-737.8480070478022,3.1087246,40.521809,0.0235232201142893
300.0,-737.8487950040246,3.1064386,40.509342,0.0232386394632388
300.0,-737.8437681028624,3.1039121,40.496876,0.022954057888623
300.0,-737.8465620471337,3.1013453,40.521809,0.0226694752364011
300.0,-737.8493623289329,3.0985782,40.546776,0.0223848943665392
300.0,-737.8407818615159,3.0961318,40.521809,0.0221003139436974
300.0,-737.8525512015916,3.0933247,40.509342,0.0218157318439203
300.0,-737.848746399449,3.0908382,40.484367,0.0215311483492078
300.0,-737.8606358767244,3.0878303,40.496876,0.0212465631312551
300.0,-737.8507821447477,3.0851033,40.509342,0.0209619788513687
300.0,-737.8600820648433,3.0824564,40.44693,0.0206773938470155
300.0,-737.8504014218889,3.0796089,40.534309,0.0203928097139715
300.0,-737.8594074878272,3.0769219,40.534309,0.0201082249697957
300.0,-737.8493259382469,3.0740345,40.484367,0.0198236412515587
300.0,-737.799296603487,3.071187,40.534309,0.0195390796915295
300.0,-737.7705002418103,3.0682995,40.534309,0.0192545263758544
300.0,-737.776400738695,3.0656526,40.546776,0.0189699707843958
300.0,-737.781651122081,3.0627251,40.496876,0.0186854160300463
300.0,-737.7719958283395,3.0592358,40.534309,0.0184008621375332
300.0,-737.7873296311641,3.0563483,40.44693,0.0181163051930414
300.0,-737.7713524474023,3.0535011,40.546776,0.0178317515486762
300.0,-737.7692128828816,3.0502927,40.509342,0.0175472015916269
300.0,-737.7605380927871,3.0471244,40.571751,0.0172626521182883
300.0,-737.7693773491557,3.0440764,40.509342,0.0169781020978061
300.0,-737.7569475087907,3.0406275,40.546776,0.0166935540093326
300.0,-737.7634900370554,3.0374994,40.484367,0.0164090062595258
300.0,-737.764209523712,3.0344515,40.496876,0.0161244553701401
300.0,-737.7794036855003,3.0310826,40.596722,0.0158399014826036
300.0,-737.770034325568,3.027714,40.596722,0.0155553483466294
300.0,-737.7640893704234,3.0243852,40.571751,0.0152707975035861
300.0,-737.7653361772041,3.0209765,40.509342,0.0149862490417421
300.0,-737.7584051927588,3.0175276,40.521809,0.0147017003910493
300.0,-737.7711156646211,3.0139182,40.521809,0.0144171497001168
300.0,-737.7643123063233,3.0102687,40.509342,0.0141325987710885
300.0,-737.7731977676742,3.0067394,40.484367,0.0138480472771103
300.0,-737.7602894002531,3.0033305,40.596722,0.0135634978996909
300.0,-737.7647624680176,2.9996409,40.534309,0.0132789496591206
300.0,-737.7583540453785,2.9957509,40.584217,0.0129944010281551
300.0,-737.7712175445873,2.991981,40.521809,0.0127098502979285
300.0,-737.7608117004945,2.9883316,40.521809,0.0124253007190612
300.0,-737.7731396375508,2.9841607,40.584217,0.0121407492475033
300.0,-737.7625615701959,2.9805915,40.571751,0.0118561989937226
300.0,-737.767685617908,2.9762201,40.546776,0.0115716467636298
300.0,-737.7792060155772,2.9723299,40.621693,0.0112870929523325
300.0,-737.7708121543922,2.9681592,40.534309,0.0110025395163548
300.0,-737.7747182110014,2.9641488,40.571751,0.0107179874359574
300.0,-737.7594359128252,2.9598575,40.534309,0.0104334383877226
300.0,-737.7724840435201,2.9557669,40.571751,0.0101488871690204
300.0,-737.764872875014,2.9510746,40.496876,0.0098643360237844
300.0,-737.7767746914035,2.9469039,40.65913,0.0095797831502238
300.0,-737.7689585615755,2.9422116,40.546776,0.0092952304291648
300.0,-737.7791164523278,2.9373591,40.559284,0.0090106766524112
300.0,-737.7653630098512,2.9328673,40.509342,0.0087261253181333
300.0,-737.7753685192475,2.9280148,40.596722,0.0084415729869187
300.0,-737.7591185319773,2.9231622,40.634159,0.0081570240610956
300.0,-737.7810580513299,2.9183095,40.521809,0.0078724695354874
300.0,-737.766361845273,2.9133365,40.621693,0.0075879178159651
300.0,-737.7704556861441,2.9079626,40.534309,0.0073033645174749
300.0,-737.7797158083125,2.902709,40.571751,0.0070188105095559
300.0,-737.7790988837413,2.897295,40.621693,0.0067342538774402
300.0,-737.7812568447124,2.8917606,40.634159,0.0064496992751593
300.0,-737.7704936865211,2.8861458,40.596722,0.0061651459620126
300.0,-737.7709313125011,2.8801703,40.596722,0.0058805953421828
300.0,-737.7682080892247,2.8741145,40.584217,0.0055960429105762
300.0,-737.7780605506731,2.8679786,40.559284,0.0053114895410729
300.0,-737.7717285319958,2.8617225,40.571751,0.0050269357516543
300.0,-737.7853172059239,2.8552256,40.584217,0.0047423795833341
300.0,-737.7804497681059,2.8486083,40.559284,0.0044578224301911
300.0,-737.7842861951369,2.8417103,40.546776,0.0041732666595211
300.0,-737.774624514415,2.834692,40.534309,0.0038887117531407
300.0,-737.7680937213871,2.827353,40.534309,0.0036041593656451
300.0,-737.7756989538345,2.8197331,40.496876,0.0033196069069853
300.0,-737.7707101890944,2.8118727,40.596722,0.0030350535103349
300.0,-737.7788695024403,2.8037317,40.584217,0.0027504998288273
300.0,-737.7690864668606,2.7952294,40.571751,0.0024659470584361
300.0,-737.7859608249821,2.7863665,40.596722,0.0021813906418788
300.0,-737.7711426822435,2.776942,40.596722,0.0018968370784186
300.0,-737.7782515674244,2.7670362,40.621693,0.0016122836352421
300.0,-737.7776922125034,2.7568498,40.534309,0.0013277275456704
300.0,-737.775221826961,2.7460616,40.584217,0.0010431752710336
300.0,-737.7705072358376,2.7347522,40.571751,0.0007586219526609
300.0,-737.7739926575767,2.7223198,40.571751,0.000474070152102
300.0,-737.7775470233066,2.7094464,40.571751,0.0001895141185288
300.0,-737.7810700144705,2.6997411,40.596722,0.0
