Current,Voltage,SOC,Temperature,Time
0.0,2.6354847,0.0,33.100658,0.0
0.36392471818181815,2.6481867,2.577410181818182e-06,33.100658,0.0027133333341528973
0.6238763999999999,2.659255,2.577410181818182e-06,33.100658,0.003290000000076058
0.8839156454545454,2.6707506,2.577410181818182e-06,33.100658,0.0038333333339930203
1.1959899999999999,2.6851377,2.577410181818182e-06,33.100658,0.004383333333923171
1.4563213636363634,2.697155,2.577410181818182e-06,33.100658,0.004978333334050452
1.7163614545454544,2.7094154,2.577410181818182e-06,33.100658,0.005553333333227784
2.028140181818182,2.7243099,2.577410181818182e-06,33.100658,0.006126666666629413
2.2880822727272725,2.7367287,2.577410181818182e-06,33.100658,0.006673333334038034
2.6003464545454547,2.7517185,2.577410181818182e-06,33.100658,0.007296666666904154
2.860360545454545,2.7641726,2.577410181818182e-06,33.100658,0.007823333333362825
3.1723984545454544,2.7789412,2.577410181818182e-06,33.100658,0.008468333333924723
3.432501909090909,2.791419,2.577410181818182e-06,33.100658,0.008964999999928598
3.6924691818181814,2.8038311,2.577410181818182e-06,33.100658,0.009535000000808699
3.952196272727272,2.8162279,2.577410181818182e-06,33.100658,0.010125000000698492
4.2125355454545454,2.8283892,2.577410181818182e-06,33.100658,0.01065666666739465
4.524347090909091,2.8432035,2.577410181818182e-06,33.100658,0.011273333333277454
4.784372545454545,2.8553772,0.00039576105454545453,33.100658,0.011826666666699263
5.096739818181818,2.8699846,0.00039576105454545453,33.100658,0.012416666666589056
5.148473181818182,2.8809891,0.00039576105454545453,33.100658,0.013750000000194025
5.2002655454545454,2.8913813,0.00039576105454545453,33.100658,0.015403333333476136
5.200497909090909,2.9019308,0.00039576105454545453,33.100658,0.01785333333342957
5.200563818181818,2.9124556,0.00039576105454545453,33.100658,0.02062833333329763
5.200441545454545,2.9226093,0.00039576105454545453,33.100658,0.023576666666970898
5.2006548181818175,2.9326725,0.00039576105454545453,33.100658,0.026868333333792786
5.200456272727273,2.9428625,0.0019915949999999997,33.100658,0.030338333333687236
5.200380818181818,2.9532032,0.0019915949999999997,33.100658,0.034126666667483124
5.200389545454545,2.9638157,0.0019915949999999997,33.100658,0.03820666666724719
5.200617545454545,2.9744806,0.0019915949999999997,33.100658,0.04256499999998293
5.200623636363636,2.9851875,0.0034520552727272725,33.148758,0.04720666666689795
5.200584545454545,2.9954119,0.0034520552727272725,33.148758,0.051791666667365156
5.200283727272727,3.0057697,0.0034520552727272725,33.148758,0.056681666666797054
5.200377363636363,3.0160913,0.004709250818181818,33.148758,0.06181333333370276
5.20000809090909,3.0262823,0.004709250818181818,33.148758,0.06708666666721304
5.200245636363636,3.0364542,0.004709250818181818,33.148758,0.0724766666671106
5.200500454545454,3.046628,0.004709250818181818,33.148758,0.0781800000006721
5.200427636363636,3.0566473,0.006637099545454545,33.148758,0.08383666666729066
5.200118181818182,3.0667229,0.006637099545454545,33.148758,0.08986000000052931
5.200422454545454,3.0768042,0.007695927363636363,33.142246,0.09610166666680016
5.200260363636363,3.0870829,0.007695927363636363,33.142246,0.10260500000052465
5.200071363636363,3.097436,0.007695927363636363,33.142246,0.10938333333372914
5.2001623636363625,3.1075592,0.009447979090909091,33.142246,0.11637166666720683
5.199980272727273,3.1180372,0.009447979090909091,33.142246,0.12372833333405045
5.200134636363636,3.1282225,0.01072361,33.142246,0.1310000000007373
5.200176272727273,3.1384401,0.01072361,33.137405,0.1388733333335646
5.200302818181818,3.1485853,0.012087207272727272,33.137405,0.14671833333365308
5.200191818181818,3.1590204,0.012087207272727272,33.137405,0.15510333333416687
5.200028818181818,3.1691732,0.013538926363636362,33.137405,0.16357333333386728
5.200228272727272,3.179347,0.013538926363636362,33.137405,0.17231666666727202
5.2001302727272725,3.1894236,0.01508234727272727,33.137405,0.18127666666696313
5.200068727272727,3.1995106,0.01508234727272727,33.105373,0.1905016666666294
5.199978545454545,3.2096558,0.01672326636363636,33.105373,0.20021500000051068
5.199967272727273,3.2197771,0.01672326636363636,33.105373,0.20997333333361895
5.199993272727273,3.2301245,0.018475853636363632,33.105373,0.2205816666673248
5.199968999999999,3.2401409,0.019400318181818182,33.105373,0.23110833333339542
5.199939545454545,3.2503204,0.019400318181818182,33.074215,0.2422400000000683
5.200214363636364,3.2604885,0.021350801818181817,33.074215,0.25360500000048586
5.2001467272727275,3.270731,0.022372774545454544,33.074215,0.2654999999998836
5.200185818181818,3.2807798,0.022372774545454544,33.074215,0.27771166666740704
5.200006272727272,3.2908249,0.024532559090909088,33.074215,0.2904583333341482
5.200006272727272,3.2908249,0.024532559090909088,33.033131,0.29045999999992395
5.200182272727272,3.3010664,0.025695643636363633,33.033131,0.3037416666668529
5.199960363636364,3.3111601,0.026862043636363634,33.033131,0.31729333333399456
5.200068727272727,3.321187,0.028109321818181817,33.033131,0.3316850000002887
5.200068727272727,3.321187,0.028109321818181817,33.081745,0.33168666666703456
5.199939545454545,3.3312817,0.029420466363636363,33.081745,0.3467800000003384
5.200080909090908,3.3415585,0.030785609090909088,33.081745,0.36256500000017694
5.199977727272727,3.351656,0.032241605454545456,33.064281,0.37931666666700037
5.199892727272727,3.3617353,0.03381635636363636,33.064281,0.3974516666668933
5.2002013636363635,3.3719969,0.03555547818181818,33.064281,0.41755500000047807
5.199749727272727,3.3821516,0.03740510181818181,33.109833,0.4389483333332464
5.199895363636363,3.3922272,0.03940304909090909,33.109833,0.4619600000005448
5.199920454545454,3.4023666,0.041588490909090906,33.088383,0.4872133333332992
5.200034909090909,3.4124432,0.044005319999999994,33.088383,0.5151050000005246
5.200026272727272,3.4225817,0.04680206454545455,33.151066,0.5473233333332852
5.199735818181818,3.4326172,0.050116333636363634,33.161156,0.5855650000002546
5.200170181818181,3.4427147,0.05412436363636363,33.151958,0.6318100000004051
5.200272454545454,3.4527407,0.05908719545454545,33.163845,0.6890733333333628
5.199759181818182,3.4627972,0.0652815809090909,33.163845,0.7604950000008103
5.199759181818182,3.4627972,0.0652815809090909,33.261238,0.760496666666586
5.200125090909091,3.4718113,0.07250409909090909,33.261238,0.8439350000000558
5.200125090909091,3.4718113,0.07250409909090909,33.309456,0.8439366666668017
5.199856363636363,3.4794531,0.07974294090909091,33.372234,0.9274050000007265
5.2000981818181815,3.4862423,0.08697264545454544,33.372234,1.0107866666667784
5.2000981818181815,3.4862423,0.08697264545454544,33.469959,1.0107883333335244
5.199854545454545,3.4924173,0.0941923818181818,33.469959,1.094181666666797
5.199854545454545,3.4924173,0.0941923818181818,33.532349,1.094183333333543
5.199917,3.4981346,0.10141301818181818,33.649662,1.1775516666665984
5.199988090909091,3.5034285,0.10864650909090909,33.718147,1.2609333333336206
5.200031454545454,3.5084171,0.11588050909090909,33.859268,1.3443516666671107
5.199790454545454,3.5130806,0.12309933636363635,33.994469,1.4277250000004036
5.199871090909091,3.5174541,0.1303250909090909,33.985813,1.5110650000007202
5.2000045454545445,3.521533,0.13754496363636362,34.088787,1.5944150000005417
5.199929999999999,3.5254717,0.14479164545454545,34.088787,1.6780083333336127
5.199929999999999,3.5254717,0.14479164545454545,34.25766,1.6780100000003586
5.200222181818182,3.5288382,0.15201855454545454,34.25766,1.7613700000006551
5.200222181818182,3.5288382,0.15201855454545454,34.319977,1.7613716666674009
5.200060909090909,3.5321255,0.15924984545454546,34.319977,1.8447950000001583
5.200060909090909,3.5321255,0.15924984545454546,34.457352,1.8447966666669042
5.199942999999999,3.5350809,0.16647605454545453,34.4776,1.9281916666669228
5.199824272727272,3.5379105,0.1737059909090909,34.642391,2.0116133333339046
5.2002559999999995,3.5406246,0.18095220909090906,34.690662,2.0951633333335242
5.2000981818181815,3.5432501,0.18818441818181816,34.835304,2.1786733333341544
5.199959454545454,3.5456915,0.19542781818181817,34.893959,2.262186666667306
5.199910909090909,3.5480642,0.20266200909090906,34.987038,2.3457050000006956
5.200050545454546,3.550148,0.20989705454545451,35.101986,2.429271666666803
5.199958636363636,3.5527058,0.21714363636363634,35.101986,2.5128100000001723
5.199958636363636,3.5527058,0.21714363636363634,35.194675,2.5128116666669182
5.199991545454545,3.5547895,0.22437766363636363,35.194675,2.5962933333338394
5.199991545454545,3.5547895,0.22437766363636363,35.215649,2.5962950000005853
5.199875363636363,3.557025,0.23161213636363637,35.347553,2.679741666666814
5.2002785454545455,3.5590191,0.23885553636363635,35.493423,2.7632766666666915
5.200083454545454,3.5611649,0.24608381818181815,35.493423,2.846726666667382
5.200083454545454,3.5611649,0.24608381818181815,35.576378,2.846728333334128
5.200099090909091,3.5632257,0.25332401818181816,35.576378,2.9302716666667643
5.200099090909091,3.5632257,0.25332401818181816,35.637959,2.9302733333335103
5.200117272727272,3.5654793,0.2605581545454545,35.719105,3.013701666667475
5.199968999999999,3.5674257,0.2677682818181818,35.829948,3.0971916666671557
5.199868454545454,3.5695858,0.27503449999999996,35.954361,3.180725000000287
5.200095636363636,3.5716705,0.28226361818181817,36.059437,3.2641883333339745
5.199861545454545,3.5736666,0.28948753636363633,36.099514,3.3475400000005417
5.199965545454545,3.5758677,0.2967075909090909,36.099514,3.4309483333335566
5.199965545454545,3.5758677,0.2967075909090909,36.123657,3.4309500000003026
5.199974272727273,3.5778637,0.3039434818181818,36.123657,3.5143883333337724
5.199974272727273,3.5778637,0.3039434818181818,36.230835,3.5143900000005184
5.20017709090909,3.5799904,0.3111811363636363,36.358566,3.5978633333337107
5.200119909090909,3.5821724,0.3184104272727273,36.391273,3.681316666666923
5.199929999999999,3.58426,0.3256522,36.485859,3.7647750000003724
5.199858909090908,3.5864067,0.3328820818181818,36.485859,3.848208333333605
5.199858909090908,3.5864067,0.3328820818181818,36.607819,3.8482100000003507
5.199977727272727,3.5884523,0.3400996363636363,36.734539,3.931626666667095
5.200211818181818,3.5905313,0.3473521090909091,36.734539,4.015176666666715
5.200211818181818,3.5905313,0.3473521090909091,36.731873,4.015178333333461
5.200013272727272,3.5927076,0.3545875181818181,36.848701,4.098660000000382
5.200248181818181,3.594903,0.36182,36.964485,4.1821933333335135
5.200049636363636,3.5970516,0.3690577636363636,36.964485,4.26569666666716
5.200049636363636,3.5970516,0.3690577636363636,37.081139,4.265698333333906
5.1999985454545445,3.5992413,0.3762861818181818,37.081139,4.349053333333965
5.1999985454545445,3.5992413,0.3762861818181818,37.102535,4.349055000000711
4.546275545454545,3.5937071,0.3805478053160939,37.15699,4.398834999999963
4.546235727272727,3.5837059,0.3805478053160939,37.15699,4.408381666667022
4.5461931818181816,3.5787535,0.3875987053160939,37.15699,4.491946666667355
4.5461931818181816,3.5787535,0.3875987053160939,37.206112,4.4919483333341
4.546177636363637,3.5775518,0.39392319622518485,37.325195,4.575463333333998
4.546220909090908,3.5774956,0.40025656895245754,37.320892,4.6589883333334
4.546181909090909,3.5781479,0.4065723780433666,37.452267,4.742373333333914
4.546204454545454,3.5791807,0.41289285986154844,37.543114,4.825725000000481
4.546196636363637,3.5804605,0.4192020871342757,37.549309,4.909086666666553
4.546172363636363,3.5819426,0.425534814407003,37.56361,4.992586666666709
4.54620709090909,3.5835285,0.4318545053160939,37.706928,5.075973333333968
4.546223545454545,3.5852547,0.43816704167973025,37.700085,5.159336666666786
4.546201909090908,3.5870409,0.444486514407003,37.732731,5.242740000000534
4.5461931818181816,3.5888891,0.45080710531609386,37.732731,5.326121666666586
4.5461931818181816,3.5888891,0.45080710531609386,37.699326,5.3261233333333315
4.546188,3.5907841,0.45712779622518473,37.699326,5.409571666667277
4.546188,3.5907841,0.45712779622518473,37.847393,5.409573333334023
4.546170636363636,3.5927839,0.46344854167973015,37.884819,5.493008333334001
4.546176727272727,3.5946989,0.46976771440700293,37.898235,5.57641500000027
4.546163727272727,3.5966654,0.47609295986154837,37.898235,5.659884999999971
4.546163727272727,3.5966654,0.47609295986154837,37.900513,5.659886666666717
4.546172363636363,3.5987377,0.4824169053160938,37.900513,5.74330333333346
4.546172363636363,3.5987377,0.4824169053160938,37.990749,5.743305000000206
4.537031,3.6003342,0.48862354167973016,38.015163,5.825216666667257
4.527809818181818,3.6003428,0.48946179622518476,38.015163,5.8364100000006145
4.518618999999999,3.6003103,0.4901648598615484,38.015163,5.845758333333651
4.509343272727273,3.6002998,0.4901648598615484,38.015163,5.855554999999973
4.500190545454545,3.6002789,0.4920097871342756,38.046013,5.870241666666698
4.491035272727272,3.6003742,0.4929161598615484,38.046013,5.8823283333341045
4.481940727272727,3.6002941,0.4929161598615484,38.046013,5.8947183333337305
4.47269609090909,3.6003323,0.49507525077063935,38.046013,5.911240000000301
4.463605,3.600379,0.4960357598615484,38.051674,5.924099999999938
4.454468818181818,3.6002274,0.4968767780433666,38.051674,5.935451666667359
4.445252818181818,3.6003532,0.4979802780433666,38.051674,5.9503866666666
4.436158272727272,3.6003189,0.4991260962251848,38.058247,5.965873333333487
4.42699,3.600338,0.5004808507706393,38.058247,5.984166666667443
4.417867636363636,3.6003876,0.5014741962251847,38.058247,5.99764833333417
4.408757454545454,3.6004114,0.5028785871342757,38.070778,6.016741666667318
4.399591818181818,3.6003542,0.5039050871342756,38.070778,6.030716666666558
4.3904677272727275,3.600338,0.5049962325888211,38.070778,6.045673333333495
4.381354090909091,3.6003246,0.5049962325888211,38.070778,6.060843333333226
4.381354090909091,3.6003246,0.5049962325888211,38.137245,6.060844999999972
4.3721831818181816,3.6003628,0.5074369871342757,38.137245,6.0790383333340285
4.363077363636363,3.6002665,0.5074369871342757,38.137245,6.092318333333242
4.353973181818182,3.6002769,0.5100317416797302,38.137245,6.114785000000848
4.353973181818182,3.6002769,0.5100317416797302,38.171116,6.114786666666623
4.344866454545454,3.6003361,0.5111485144070029,38.171116,6.130131666666906
4.335534363636364,3.6003008,0.5124059053160939,38.171116,6.14751666666707
4.326380818181818,3.6003666,0.5135027325888211,38.171116,6.162670000000314
4.326380818181818,3.6003666,0.5135027325888211,38.193218,6.16267166666706
4.317217727272727,3.6003923,0.5147665689524574,38.193218,6.180318333333707
4.30811709090909,3.6003323,0.5147665689524574,38.193218,6.194678333333771
4.299001727272727,3.6003189,0.5172286780433666,38.193218,6.214611666667042
4.299001727272727,3.6003189,0.5172286780433666,38.198002,6.214613333333788
4.289817818181818,3.600378,0.5186911598615485,38.198002,6.234998333333836
4.280608818181817,3.6002827,0.5186911598615485,38.180187,6.245068333333863
4.271421454545454,3.6002779,0.5209949871342757,38.180187,6.267301666666754
4.262240181818182,3.6003571,0.522053023497912,38.180187,6.28212666666659
4.2530614545454535,3.6003523,0.5232307507706393,38.180187,6.298718333333576
4.2530614545454535,3.6003523,0.5232307507706393,38.209389,6.298720000000321
4.243822090909091,3.6002836,0.5243526780433666,38.209389,6.314610000000297
4.234676363636363,3.6003075,0.5258557962251847,38.209389,6.335940000000604
4.225447363636363,3.6002216,0.526751114407003,38.209389,6.34853333333352
4.225447363636363,3.6002216,0.526751114407003,38.215435,6.348535000000266
4.216324181818181,3.6003017,0.528020423497912,38.215435,6.366628333333453
4.207044909090909,3.6002989,0.5291535053160938,38.215435,6.382820000000842
4.197756181818182,3.6002073,0.5303227325888211,38.296543,6.399463333334037
4.188551454545454,3.6003675,0.5319192689524576,38.296543,6.422363333333245
4.179225363636363,3.6003036,0.5328587507706394,38.296543,6.435733333333823
4.179225363636363,3.6003036,0.5328587507706394,38.269272,6.435735000000568
4.170098727272727,3.6002855,0.5340056507706393,38.269272,6.4523216666673155
4.160929636363636,3.6002874,0.5347879871342757,38.269272,6.463539999999921
4.151799454545454,3.6003799,0.5366198507706392,38.303135,6.4899833333339
4.1426086363636365,3.6001759,0.5374276053160938,38.303135,6.501611666666577
4.133467272727272,3.6002665,0.5374276053160938,38.303135,6.511278333333515
4.124357909090908,3.6002407,0.5397587962251847,38.303135,6.535561666666763
4.124357909090908,3.6002407,0.5397587962251847,38.321815,6.535563333333509
4.115224272727272,3.6003809,0.5410218780433665,38.321815,6.553915000000658
4.106114090909091,3.6002178,0.5417312780433666,38.321815,6.564258333333418
4.096954545454545,3.600234,0.5430541780433665,38.363007,6.5836183333332885
4.087794909090909,3.6003103,0.5442654507706393,38.363007,6.601503333333919
4.078539909090909,3.6003132,0.5453362234979121,38.363007,6.61711166666743
4.069395090909091,3.6003141,0.546463023497912,38.389011,6.633755000000625
4.060141818181818,3.6003065,0.5472861053160939,38.389011,6.645816666666845
4.05101,3.6003609,0.548693532588821,38.389011,6.666678333333888
4.041840818181818,3.6002493,0.5495456598615484,38.352112,6.6792716666668035
4.0326759999999995,3.6004314,0.550862923497912,38.352112,6.698951666667321
4.023444454545454,3.6003227,0.5517490325888211,38.352112,6.71209333333342
4.014133090909091,3.600275,0.5517490325888211,38.352112,6.725658333333558
4.014133090909091,3.600275,0.5517490325888211,38.377392,6.725660000000304
4.004899818181818,3.6002932,0.5538694416797302,38.377392,6.743843333333886
3.9957592727272724,3.6004133,0.5550849416797302,38.377392,6.76198166666727
3.986627363636363,3.6003447,0.5550849416797302,38.415157,6.774506666667488
3.977464363636363,3.6003132,0.5570621871342757,38.415157,6.791840000000472
3.9682760909090904,3.6003876,0.5580656598615484,38.415157,6.806958333333993
3.959042818181818,3.6003523,0.5589386507706393,38.439407,6.820333333333838
3.94992309090909,3.6003227,0.5600804053160938,38.439407,6.837578333334144
3.9407469999999996,3.6003857,0.5610308325888211,38.439407,6.851941666666729
3.9316446363636364,3.600379,0.5621822780433665,38.439407,6.869438333334013
3.9316446363636364,3.600379,0.5621822780433665,38.417297,6.869440000000759
3.9225205454545455,3.6001577,0.5629292871342757,38.417297,6.880901666666614
3.9133939090909085,3.600358,0.5640017962251848,38.417297,6.897331666667014
3.9041189999999997,3.6002655,0.5650579871342756,38.47805,6.9137116666669804
3.8949819090909084,3.6003418,0.5650579871342756,38.47805,6.928051666667064
3.885662727272727,3.6003475,0.567055723497912,38.47805,6.944370000000345
3.876241363636363,3.6003113,0.5684359507706394,38.44157,6.966061666667034
3.8669819999999997,3.6003857,0.5684359507706394,38.44157,6.975560000000405
3.8577773636363633,3.6003284,0.5699644780433666,38.44157,6.9894250000002405
3.848644636363636,3.600297,0.5708470598615484,38.44157,7.003125
3.848644636363636,3.600297,0.5708470598615484,38.449886,7.003126666666746
3.8394199999999996,3.6002464,0.5717786325888211,38.449886,7.0176216666674005
3.830308909090909,3.6003237,0.5725564689524575,38.449886,7.029936666667345
3.821167545454545,3.6003437,0.5738235053160938,38.411251,7.049801666666948
3.8119471818181814,3.6002836,0.5738235053160938,38.411251,7.06130833333397
3.8027901818181817,3.6002855,0.575669514407003,38.411251,7.078716666666636
3.7935725454545453,3.600296,0.575669514407003,38.411251,7.093713333333532
3.784251636363636,3.6001987,0.5774581416797302,38.475887,7.10710333333409
3.775081636363636,3.6003294,0.5781493871342757,38.475887,7.118076666666699
3.765970545454545,3.600379,0.579415123497912,38.475887,7.138166666667288
3.756829181818181,3.6003637,0.5804180507706392,38.475887,7.154226666666606
3.756829181818181,3.6003637,0.5804180507706392,38.494972,7.154228333333352
3.7476591818181815,3.6003103,0.5811881962251847,38.494972,7.166565000000022
3.7384709090909087,3.6003494,0.582160623497912,38.494972,7.1820666666666515
3.7292697272727273,3.6003227,0.5830781507706393,38.494972,7.196883333333729
3.7292697272727273,3.6003227,0.5830781507706393,38.445072,7.196885000000475
3.7199592727272726,3.6003094,0.5830781507706393,38.445072,7.20812333333403
3.7106609090909086,3.6002464,0.584787614407003,38.445072,7.224456666667053
3.7014509999999996,3.600337,0.5855234598615484,38.445072,7.236260000000281
3.6922749999999995,3.6002455,0.5865733144070029,38.445072,7.253389999999976
3.6922749999999995,3.6002455,0.5865733144070029,38.531334,7.253391666666721
3.683087636363636,3.6003151,0.5874341689524575,38.531334,7.267345000000205
3.6739002727272725,3.6003542,0.5884429507706392,38.531334,7.283808333333582
3.664543818181818,3.6003485,0.589248532588821,38.531334,7.29697833333339
3.664543818181818,3.6003485,0.589248532588821,38.488899,7.296980000000136
3.6554232727272726,3.6003647,0.589248532588821,38.488899,7.310743333333327
3.6463165454545448,3.6003618,0.5910911871342757,38.488899,7.327170000000236
3.637085,3.6003141,0.5919196871342757,38.494068,7.340876666666978
3.627859454545454,3.6003647,0.592720723497912,38.494068,7.354096666667222
3.6186669090909085,3.6003542,0.5935245144070029,38.494068,7.367463333333338
3.609499454545454,3.600359,0.5944963962251848,38.494068,7.383598333333309
3.609499454545454,3.600359,0.5944963962251848,38.531857,7.383600000000055
3.6003840909090905,3.6004086,0.5952093780433665,38.531857,7.3954766666671885
3.5911750909090907,3.6002083,0.5952093780433665,38.531857,7.408024999999907
3.582027636363636,3.6003418,0.5970975416797302,38.531857,7.427023333333394
3.5727388181818176,3.6003256,0.5978786325888211,38.471104,7.4401333333332635
3.563568818181818,3.6003695,0.5987863053160938,38.471104,7.4553800000003925
3.5542470909090906,3.6003609,0.5995015598615483,38.471104,7.467450000000341
3.5451334545454545,3.6003237,0.6002908325888211,38.471104,7.480836666667407
3.5451334545454545,3.6003237,0.6002908325888211,38.485867,7.480838333334153
3.536026727272727,3.6003056,0.6012332416797302,38.485867,7.496703333333911
3.5267942727272725,3.6002645,0.6012332416797302,38.485867,7.508165000000735
3.517684909090909,3.6003733,0.6028372598615483,38.528793,7.524005000000276
3.508515818181818,3.6003246,0.6036056689524575,38.528793,7.537128333334112
3.4993839090909087,3.6002846,0.6044062689524575,38.528793,7.550825000000381
3.4900682727272727,3.6003065,0.6044062689524575,38.528793,7.561535000000731
3.480749090909091,3.6003094,0.6060059507706393,38.489777,7.578395000000213
3.4714221818181814,3.6003771,0.6069397325888212,38.489777,7.594463333333261
3.462247818181818,3.6002674,0.6075893144070029,38.489777,7.605705000000308
3.4529148181818177,3.6002426,0.6084367325888211,38.489777,7.620406666666773
3.4529148181818177,3.6002426,0.6084367325888211,38.534863,7.620408333333519
3.443796,3.6003838,0.609406123497912,38.534863,7.637278333333476
3.434524545454545,3.6003466,0.6101549689524575,38.534863,7.650391666666837
3.4253389090909088,3.600317,0.6110282871342756,38.534863,7.665668333333452
3.4253389090909088,3.600317,0.6110282871342756,38.52792,7.665670000000197
3.4162399999999997,3.600276,0.6118063416797302,38.52792,7.679321666667238
3.4070942727272726,3.6002903,0.6118063416797302,38.52792,7.69296500000055
3.397866181818182,3.6003323,0.6132806962251847,38.52792,7.70527333333351
3.388632818181818,3.6002779,0.6142110689524575,38.52792,7.721668333333218
3.388632818181818,3.6002779,0.6142110689524575,38.491421,7.721669999999964
3.379327636363636,3.6003008,0.6148261871342756,38.491421,7.732693333333979
3.3701939999999997,3.6003094,0.6157210689524575,38.491421,7.748476666667072
3.360929454545454,3.6003199,0.6165342962251847,38.557369,7.762940000000526
3.3517603636363633,3.6002874,0.6165342962251847,38.557369,7.777138333334006
3.342644090909091,3.6003132,0.6181003234979121,38.557369,7.791121666666974
3.333548636363636,3.6002989,0.6187783053160938,38.557369,7.803201666667397
3.3242017272727273,3.6003246,0.6196788689524575,38.557369,7.819428333333538
3.3242017272727273,3.6003246,0.6196788689524575,38.488899,7.819430000000284
3.315095,3.6003675,0.6204398053160939,38.488899,7.833141666667264
3.305815818181818,3.600296,0.6211511598615483,38.488899,7.846033333334102
3.296632727272727,3.6003513,0.6211511598615483,38.521351,7.861140000000402
3.2874150909090907,3.6004019,0.6226547144070029,38.521351,7.873446666666617
3.2782103636363633,3.6003838,0.6234015598615483,38.521351,7.887103333333895
3.2689440909090908,3.6002207,0.6241199053160938,38.521351,7.900261666667453
3.2597099999999997,3.6003599,0.6249181780433666,38.521351,7.914893333333506
3.2597099999999997,3.6003599,0.6249181780433666,38.522755,7.914895000000252
3.250515636363636,3.6003323,0.6249181780433666,38.522755,7.926111666667081
3.2411930909090905,3.6002798,0.6263183416797302,38.522755,7.94088833333323
3.2320863636363635,3.6003666,0.6272508325888211,38.53828,7.958076666667087
3.222814,3.6003008,0.627928214407003,38.53828,7.970720000000438
3.213722909090909,3.6004133,0.6288276962251848,38.53828,7.987436666666569
3.2045303636363633,3.6003609,0.6294089507706393,38.515808,7.998360000000685
3.1954392727272727,3.6003542,0.6302734325888211,38.515808,8.014468333333692
3.1861400909090904,3.6003456,0.631051223497912,38.515808,8.029240000000573
3.177035909090909,3.6004028,0.631051223497912,38.515808,8.04155000000028
3.167833818181818,3.6003666,0.6324047871342756,38.515808,8.05471500000082
3.167833818181818,3.6003666,0.6324047871342756,38.545223,8.054716666666597
3.158678545454545,3.6002665,0.6329692962251847,38.545223,8.065368333333755
3.1494894545454546,3.600379,0.6339173416797302,38.545223,8.083513333334121
3.1403081818181815,3.6003695,0.6346168780433665,38.518711,8.096900000000216
3.1312031818181816,3.6003571,0.6346168780433665,38.518711,8.110003333334074
3.1220574545454545,3.6002321,0.6357676325888211,38.518711,8.118791666666706
3.1129516363636363,3.600379,0.6367748962251848,38.504459,8.138234999999986
3.1037390909090905,3.6003609,0.6374117962251847,38.504459,8.150576666666893
3.094643636363636,3.6002798,0.6380398689524575,38.504459,8.162635000000591
3.0855221818181815,3.6002998,0.6380398689524575,38.504459,8.17708833333357
3.0764050909090908,3.6003952,0.6395653144070029,38.427269,8.192413333333873
3.0672064545454543,3.6002798,0.6400917325888211,38.427269,8.20258666666729
3.0579332727272726,3.6003609,0.6410590598615484,38.427269,8.221738333333633
3.0487953636363634,3.6003036,0.6416228689524575,38.474903,8.232671666667253
3.0395863636363636,3.6003284,0.6423289053160939,38.474903,8.246636666666989
3.0304752727272724,3.6003399,0.6423289053160939,38.474903,8.26088166666741
3.021326909090909,3.6003132,0.6437271234979121,38.474903,8.274270000000252
3.0121941818181814,3.6003351,0.644513523497912,38.459343,8.289908333333248
3.003058,3.6003838,0.6453659780433665,38.459343,8.307013333333694
2.9939478181818178,3.6004286,0.6458343144070029,38.459343,8.316331666667248
2.984725818181818,3.6003256,0.646442223497912,38.459343,8.328591666667489
2.984725818181818,3.6003256,0.646442223497912,38.421574,8.328593333333265
2.9754699090909087,3.6003418,0.646442223497912,38.421574,8.340860000000491
2.966332,3.6003742,0.6478328598615484,38.421574,8.356485000000491
2.9571090909090905,3.6003084,0.648361823497912,38.421574,8.367348333333696
2.9479659999999996,3.6003704,0.6492312325888211,38.421574,8.38491333333368
2.9479659999999996,3.6003704,0.6492312325888211,38.417671,8.384915000000426
2.9386632727272723,3.6002016,0.6492312325888211,38.417671,8.392730000000059
2.929568727272727,3.6003094,0.6505468144070029,38.417671,8.411948333333324
2.9202886363636362,3.6001978,0.6505468144070029,38.409847,8.42357333333348
2.9111471818181816,3.6003513,0.6516287507706393,38.409847,8.433975000000403
2.9019989090909086,3.6003456,0.6524810416797302,38.409847,8.451568333334096
2.892824545454545,3.6002941,0.6530834325888212,38.409847,8.464090000000821
2.883677090909091,3.6003046,0.6530834325888212,38.380806,8.478346666667495
2.8745052727272724,3.600276,0.6542730871342757,38.380806,8.488893333333545
2.8653344545454544,3.6003275,0.6551465598615483,38.380806,8.507251666666708
2.856168727272727,3.600297,0.655683114407003,38.380806,8.518453333333794
2.856168727272727,3.600297,0.655683114407003,38.350365,8.51845500000054
2.847043818181818,3.600296,0.6564479507706392,38.350365,8.534548333333806
2.8378650909090903,3.6003437,0.6570214507706393,38.350365,8.546551666666831
2.828730636363636,3.6002846,0.6570214507706393,38.350365,8.55967000000043
2.819441,3.6002579,0.6583185598615483,38.402031,8.574160000000848
2.8103489999999995,3.6003838,0.658946414407003,38.402031,8.587501666666746
2.8012492727272726,3.6003523,0.6595223598615484,38.402031,8.599770000000717
2.791995090909091,3.600296,0.6601485325888211,38.402031,8.613191666667506
2.791995090909091,3.600296,0.6601485325888211,38.359066,8.61319333333328
2.782897909090909,3.6003876,0.6609096234979119,38.359066,8.629585000000468
2.773614363636363,3.6002493,0.6609096234979119,38.359066,8.6426900000001
2.764474727272727,3.6003723,0.662016214407003,38.359066,8.653618333333482
2.7552709090909087,3.6003838,0.6627448507706393,38.397625,8.669408333333559
2.746047090909091,3.6003332,0.6633197144070029,38.397625,8.68199500000046
2.7368476363636365,3.6003323,0.6639851144070029,38.397625,8.696451666666933
2.727421818181818,3.6002369,0.6639851144070029,38.379444,8.70647333333327
2.7183280909090906,3.6002913,0.6650150871342756,38.379444,8.719275000000684
2.709219636363636,3.6002836,0.6657639416797302,38.379444,8.735720000000827
2.700120727272727,3.6003914,0.6665022780433666,38.379444,8.752161666667478
2.6908752727272724,3.6003418,0.6665022780433666,38.347332,8.761691666667078
2.6815778181818177,3.6001806,0.6675049871342756,38.347332,8.774536666666972
2.6723861818181813,3.6003294,0.6679709325888211,38.347332,8.784863333333245
2.6632846363636364,3.6003294,0.668795214407003,38.347332,8.803546666667293
2.6632846363636364,3.6003294,0.668795214407003,38.365547,8.803548333334039
2.654034,3.6003132,0.6693808053160938,38.365547,8.816660000000654
2.644864818181818,3.6002121,0.6693808053160938,38.365547,8.82667000000074
2.635655,3.6002254,0.6705322053160938,38.365547,8.84284500000067
2.626447636363636,3.6003084,0.6711130780433665,38.321705,8.855990000000263
2.6173270909090904,3.6003227,0.6718318507706392,38.321705,8.872433333333658
2.607958545454545,3.6004095,0.6723719780433666,38.321705,8.88498833333336
2.598811090909091,3.6003418,0.6723719780433666,38.321705,8.894740000000457
2.589525727272727,3.6002951,0.6734514780433665,38.321705,8.909818333334018
2.589525727272727,3.6002951,0.6734514780433665,38.263962,8.909820000000764
2.580426818181818,3.6003227,0.674110323497912,38.263962,8.92516333333333
2.5713105454545455,3.6002789,0.674650723497912,38.263962,8.937700000000769
2.562175272727272,3.6003466,0.6751358507706393,38.263962,8.949098333334161
2.562175272727272,3.6003466,0.6751358507706393,38.23959,8.949099999999937
2.5528352727272723,3.6002903,0.6757272325888211,38.23959,8.962970000000011
2.5436522727272726,3.6003199,0.6757272325888211,38.23959,8.976918333333257
2.534401636363636,3.6003704,0.6768763598615484,38.23959,8.98997500000017
2.534401636363636,3.6003704,0.6768763598615484,38.212315,8.989976666666916
2.5252238181818183,3.6003332,0.6774867598615484,38.212315,9.004486666667313
2.516046,3.6002645,0.677943114407003,38.212315,9.01536166666677
2.5068820909090905,3.6003695,0.6786089598615485,38.212315,9.03121000000004
2.497722454545454,3.6003389,0.6786089598615485,38.222649,9.044598333333852
2.488504727272727,3.6002159,0.679748923497912,38.222649,9.05859833333331
2.479410181818182,3.6003132,0.6801744962251848,38.222649,9.068931666666565
2.4700485454545453,3.6003313,0.6808276053160939,38.222649,9.08482500000003
2.4700485454545453,3.6003313,0.6808276053160939,38.209629,9.084826666666777
2.4607241818181818,3.600318,0.6813250871342756,38.209629,9.096766666667342
2.451517818181818,3.6003075,0.6819629053160938,38.209629,9.11240833333383
2.4422922727272725,3.600379,0.6819629053160938,38.209629,9.124384999999894
2.433185545454545,3.6003265,0.6830985416797302,38.209629,9.140300000000085
2.433185545454545,3.6003265,0.6830985416797302,38.206974,9.140301666666831
2.424040727272727,3.6003294,0.683546932588821,38.206974,9.151431666666758
2.4149131818181813,3.600318,0.6842087053160939,38.206974,9.167901666667118
2.405713727272727,3.6002703,0.684693123497912,38.211788,9.179896666667386
2.396594818181818,3.600338,0.684693123497912,38.211788,9.19215499999991
2.3873311818181815,3.6003571,0.6857823780433666,38.211788,9.207233333333473
2.3781776363636364,3.6003323,0.6863353962251848,38.211788,9.221151666667234
2.3690119999999997,3.6003256,0.6868629507706392,38.211788,9.234491666667358
2.3690119999999997,3.6003256,0.6868629507706392,38.18742,9.234493333334104
2.3598922727272726,3.6003017,0.6873017507706393,38.18742,9.245673333333494
2.3506944545454544,3.6003723,0.6880274689524575,38.18742,9.264048333334115
2.341581727272727,3.6004314,0.6880274689524575,38.196148,9.277703333333678
2.3323743636363634,3.6003342,0.6889964780433665,38.196148,9.288783333334141
2.3230769090909087,3.6001873,0.6895575689524575,38.196148,9.303290000000077
2.3139632727272725,3.6003036,0.6899096144070029,38.196148,9.31250833333373
2.3045452727272724,3.6003513,0.6906532689524575,38.12714,9.33172500000025
2.2953935454545453,3.600379,0.6906532689524575,38.12714,9.3448416666671
2.286051818181818,3.6003094,0.6916613962251847,38.12714,9.35817500000024
2.2768323636363634,3.6003084,0.6922456325888211,38.099728,9.373480000000564
2.267731727272727,3.6004133,0.6928797144070029,38.099728,9.390231666667386
2.2586345454545453,3.6003418,0.6932877416797302,38.099728,9.401095000000593
2.2493110909090905,3.6003437,0.6938630325888211,38.138775,9.416421666666672
2.2400231818181817,3.6002455,0.6938630325888211,38.138775,9.428095000000516
2.230890454545454,3.6002522,0.6946964144070029,38.138775,9.438685000000017
2.221697909090909,3.6003485,0.6954595689524575,38.138775,9.459346666667262
2.212488,3.6003618,0.6958843871342756,38.1049,9.470791666666628
2.203379545454545,3.6003847,0.6964280325888211,38.1049,9.485520000000058
2.194140181818182,3.6003466,0.6970109689524574,38.1049,9.501371666666818
2.185016090909091,3.6003942,0.6974955507706392,38.1049,9.514753333333648
2.185016090909091,3.6003942,0.6974955507706392,38.048908,9.514755000000394
2.175866909090909,3.6003933,0.6974955507706392,38.048908,9.527605000000525
2.166626636363636,3.6002245,0.6984589780433665,38.048908,9.541265000000324
2.1575303636363636,3.600296,0.6989505598615484,38.048908,9.554913333333873
2.1483343636363634,3.6003008,0.6995774871342756,38.004192,9.572325000000031
2.1390776363636363,3.6002655,0.7000652144070029,38.004192,9.58602166666727
2.129932727272727,3.600317,0.7005507780433665,38.004192,9.59978833333395
2.120611,3.6003389,0.7010744325888211,38.004192,9.614418333333257
2.120611,3.6003389,0.7010744325888211,38.016315,9.614420000000003
2.111428909090909,3.6002922,0.7010744325888211,38.016315,9.62752333333386
2.102200727272727,3.6002464,0.7021630325888211,38.016315,9.645313333333858
2.093094909090909,3.6003389,0.7021630325888211,38.008484,9.658211666666709
2.083950909090909,3.6003113,0.7032681598615484,38.008484,9.677039999999883
2.074741,3.6002827,0.7037004507706393,38.008484,9.689626666666785
2.065539818181818,3.6002941,0.7042213962251848,38.008484,9.70477500000076
2.065539818181818,3.6002941,0.7042213962251848,37.982815,9.704776666667506
2.0564130909090905,3.6003599,0.7047491689524575,37.982815,9.71999333333418
2.0472153636363637,3.6003332,0.7052440507706392,37.982815,9.734565000000293
2.038024545454545,3.6003647,0.7057306416797302,37.9468,9.74880833333397
2.028904818181818,3.6003141,0.7062805234979119,37.9468,9.765093333333304
2.0195813636363633,3.6002932,0.7062805234979119,37.9468,9.777701666666932
2.010173818181818,3.6002569,0.7072926598615483,37.912525,9.795175000000745
2.001045363636363,3.6003675,0.707877332588821,37.912525,9.81261166666712
1.9917774545454543,3.6003532,0.707877332588821,37.912525,9.826590000000822
1.982440909090909,3.6002741,0.7087675507706392,37.912525,9.839479999999943
1.976561090909091,3.6003942,0.7090924507706393,37.907211,9.849241666667513
0.00034592368181818176,3.5608501,0.7091083780433666,37.907211,9.850748333333952
1.176613909090909,3.5709591,0.7094370780433666,37.907211,9.88853999999992
1.6290031818181818,3.5810556,0.709850023497912,37.893307,9.90600666666675
1.9825059999999999,3.5910959,0.7105398689524575,37.893307,9.928606666667232
2.1726495454545454,3.6011257,0.7121669689524575,37.893307,9.974661666667089
2.1726495454545454,3.6011257,0.7121669689524575,37.863712,9.974663333333835
2.093368909090909,3.6028805,0.7136523689524575,37.81419,10.016379999999966
2.084142545454545,3.60287,0.7136523689524575,37.81419,10.0198099999999
2.0748563636363633,3.60287,0.7136523689524575,37.81419,10.023233333333822
2.0655692727272728,3.6028337,0.7136523689524575,37.81419,10.026621666667051
2.0560602727272723,3.6028214,0.7141231871342756,37.81419,10.030100000000676
2.0462946363636365,3.6027756,0.7141231871342756,37.772953,10.033796666667332
2.036896636363636,3.6027355,0.7141231871342756,37.772953,10.03722500000052
2.027059,3.6026859,0.7141231871342756,37.772953,10.040969999999895
2.0176453636363636,3.6025763,0.7141231871342756,37.772953,10.044661666667283
2.0081892727272725,3.6025257,0.7147413962251847,37.772953,10.048355000000447
1.9989655454545452,3.6024761,0.7147413962251847,37.772953,10.052101666666568
1.9892579999999997,3.602355,0.7147413962251847,37.772953,10.0561500000001
1.9800784545454544,3.6022921,0.7147413962251847,37.772953,10.060145000000679
1.9709621818181817,3.602232,0.7152688507706393,37.772953,10.064155000000028
1.961728,3.6021166,0.7152688507706393,37.772953,10.068438333334052
1.9521851818181817,3.6020126,0.7152688507706393,37.772953,10.073050000000512
1.9430671818181817,3.601922,0.7152688507706393,37.772953,10.077603333333778
1.9339726363636363,3.6018314,0.7158592598615484,37.784203,10.082411666666546
1.924586727272727,3.6017199,0.7158592598615484,37.784203,10.087610000000375
1.915345636363636,3.6016436,0.7158592598615484,37.784203,10.093010000000747
1.905783727272727,3.6015272,0.7163902780433665,37.784203,10.099013333334005
1.8963492727272726,3.6014156,0.7163902780433665,37.784203,10.10529333333349
1.8868480909090906,3.6013412,0.7168053416797302,37.784203,10.112146666667346
1.877613090909091,3.6012545,0.7168053416797302,37.784203,10.119265000000208
1.8684058181818182,3.6011391,0.7168053416797302,37.784203,10.126990000000417
1.8684058181818182,3.6011391,0.7168053416797302,37.793327,10.126991666667163
1.8592721818181817,3.6010418,0.7175279144070029,37.793327,10.135296666666788
1.8499894545454545,3.6009798,0.7175279144070029,37.793327,10.144456666667248
1.8407240909090907,3.6008787,0.7181174598615484,37.793327,10.154418333333645
1.8314249090909087,3.6008167,0.7184527598615484,37.793327,10.165316666666573
1.8222002727272726,3.6007442,0.7184527598615484,37.71909,10.176990000000417
1.8129756363636362,3.6007404,0.7191920780433666,37.71909,10.189611666667043
1.8037856363636362,3.6007042,0.7195903962251847,37.71909,10.202773333334092
1.7946121818181817,3.6006813,0.720009423497912,37.71909,10.216750000000077
1.785496818181818,3.6006632,0.7204422053160938,37.73423,10.231318333333668
1.7763484545454544,3.6006269,0.7208866416797302,37.73423,10.246238333334137
1.7671958181818181,3.6006575,0.7208866416797302,37.73423,10.261545000000236
1.7580786363636363,3.6005888,0.7217876416797302,37.73423,10.276875000000777
1.7580786363636363,3.6005888,0.7217876416797302,37.713776,10.276876666666551
1.7489831818181818,3.600626,0.7222570053160938,37.713776,10.292889999999897
1.7398200909090908,3.6006327,0.7227285871342757,37.713776,10.309156666666969
1.7306909090909088,3.6005917,0.7231864598615484,37.666836,10.32488833333385
1.7214974545454544,3.6006079,0.7236428689524576,37.666836,10.34084833333327
1.7122441818181817,3.6005878,0.7241197053160938,37.666836,10.3575733333341
1.7030594545454543,3.6006489,0.7245967053160939,37.658516,10.374278333333981
1.6938590909090907,3.6006355,0.7250771689524574,37.658516,10.391200000000147
1.6847376363636362,3.6005983,0.7255399689524575,37.658516,10.407690000000487
1.6755927272727271,3.6005917,0.7259929689524575,37.572479,10.423916666666628
1.666449636363636,3.6005917,0.7264683416797302,37.572479,10.440835000000273
1.6573394545454543,3.6005983,0.726954714407003,37.559433,10.458500000000155
1.6482240909090908,3.6005793,0.7274189780433665,37.559433,10.475248333333488
1.6390800909090908,3.6005716,0.7279135416797302,37.559433,10.493301666666715
1.6298770909090907,3.6005774,0.7283904325888212,37.568939,10.510966666666597
1.620734,3.6005812,0.7288824962251848,37.568939,10.529076666667242
1.6115812727272727,3.6005592,0.7293626325888212,37.568939,10.546953333334143
1.6024129999999999,3.6005716,0.7298444598615483,37.568939,10.564836666667057
1.6024129999999999,3.6005716,0.7298444598615483,37.5616,10.564838333333803
1.5932932727272726,3.6005783,0.7303153325888211,37.5616,10.582516666666683
1.5842004545454544,3.600565,0.7307760780433665,37.469471,10.599916666666589
1.5751023636363635,3.6005821,0.7312678689524575,37.469471,10.618700000000535
1.5658681818181817,3.6005611,0.7317488234979119,37.469471,10.637075000000186
1.5567216363636363,3.6005487,0.7322378053160937,37.44508,10.6558633333334
1.547620909090909,3.600543,0.7327282416797302,37.44508,10.674718333333537
1.538457909090909,3.600564,0.7332084325888211,37.44508,10.693511666666987
1.529307818181818,3.6005697,0.7337094416797302,37.4333,10.712995000000229
1.5201733636363635,3.6005478,0.7341828053160938,37.4333,10.731666666667055
1.5109989999999998,3.6005917,0.7346533053160939,37.360657,10.75019500000053
1.5019035454545453,3.6005783,0.7351294962251848,37.360657,10.76925999999997
1.4927811818181818,3.6005735,0.735595332588821,37.360657,10.787868333333366
1.4836536363636363,3.600564,0.7360840871342756,37.360657,10.807630000000549
1.4836536363636363,3.600564,0.7360840871342756,37.393711,10.807631666667294
1.4744923636363636,3.6005802,0.7365619053160939,37.393711,10.826916666667481
1.4653032727272726,3.6005583,0.7370370053160938,37.331936,10.846461666667407
1.4561367272727272,3.6005402,0.7374957962251848,37.331936,10.86524666666713
1.446952818181818,3.6005726,0.7379997780433666,37.331936,10.885986666666577
1.446952818181818,3.6005726,0.7379997780433666,37.294609,10.885988333333323
1.4378001818181818,3.600543,0.7384566780433665,37.294609,10.905096666667184
1.4286214545454545,3.600522,0.7389451689524574,37.294609,10.925548333334154
1.4194835454545454,3.6005955,0.7394256325888211,37.26799,10.945789999999882
1.4103854545454544,3.6005573,0.7398683871342757,37.26799,10.964615000000533
1.4012631818181818,3.6005754,0.7403463598615484,37.240555,10.984906666666696
1.3921434545454545,3.6005554,0.7408147507706393,37.240555,11.005136666667143
1.382995909090909,3.6005955,0.7413013962251847,37.275753,11.026071666667121
1.373845,3.6005497,0.7417512962251848,37.275753,11.045610000000064
1.3647227272727271,3.6005335,0.742217023497912,37.275753,11.066116666666737
1.3555804545454544,3.6005116,0.7426794507706392,37.182682,11.086561666666723
1.3464303636363637,3.600564,0.743141223497912,37.182682,11.107020000000679
1.3372811818181818,3.600584,0.7436057598615484,37.145729,11.127740000000147
1.328131909090909,3.6005507,0.7440588689524574,37.145729,11.148200000000847
1.3190096363636363,3.6005516,0.7445315325888211,37.145729,11.169626666666591
1.3190096363636363,3.6005516,0.7445315325888211,37.125221,11.169628333333337
1.309863909090909,3.6005421,0.745000723497912,37.125221,11.190990000000845
1.3007719090909091,3.600544,0.7454514507706392,37.125221,11.211710000000313
1.2916720909090906,3.6005363,0.7458827689524574,37.125221,11.231720000000012
1.2916720909090906,3.6005363,0.7458827689524574,37.095585,11.231721666666756
1.2825592727272728,3.6005564,0.7463779780433665,37.095585,11.25480666666699
1.2734629999999998,3.6005535,0.7468106507706394,37.077732,11.275071666667161
1.264338909090909,3.600565,0.7472512325888211,37.077732,11.295956666666704
1.2551923636363636,3.6005716,0.7477186416797301,37.077732,11.318163333333603
1.2551923636363636,3.6005716,0.7477186416797301,37.062897,11.318165000000347
1.2460890909090907,3.6005507,0.7481628598615484,37.062897,11.339523333333394
1.2369346363636362,3.6005411,0.7486131507706393,37.062897,11.361406666667124
1.2369346363636362,3.6005411,0.7486131507706393,37.010738,11.361408333333868
1.227763818181818,3.6005516,0.7490504325888211,37.010738,11.382581666666859
1.2185625454545452,3.6005249,0.7494964871342756,37.007561,11.404461666667096
1.2094489090909089,3.6005535,0.7499461780433666,37.007561,11.426583333333838
1.200337818181818,3.6005268,0.7503948962251847,37.007561,11.448938333333354
1.1912077272727273,3.6005659,0.7508289780433666,37.007561,11.470816666666845
1.1912077272727273,3.6005659,0.7508289780433666,36.920563,11.470818333333591
1.1820446363636363,3.6005421,0.751262732588821,36.920563,11.492644999999902
1.172944818181818,3.6005239,0.7516969871342757,36.89571,11.514818333333825
1.1637921818181818,3.6005135,0.752154423497912,36.89571,11.538314999999905
1.1546221818181817,3.6005259,0.7525848780433665,36.86227,11.560695000000608
1.1455076363636363,3.6005764,0.7530267053160938,36.86227,11.583595000000788
1.1363384545454545,3.6005201,0.7534473053160938,36.86227,11.605821666666694
1.1363384545454545,3.6005201,0.7534473053160938,36.891785,11.60582333333344
1.1271944545454544,3.6005011,0.7538929234979119,36.891785,11.62944000000037
1.1180305454545454,3.600543,0.7543186144070029,36.771679,11.65214000000075
1.1088631818181818,3.6005411,0.7547737780433665,36.771679,11.676713333333222
1.099726909090909,3.6005421,0.7551748598615483,36.771679,11.698621666667169
1.099726909090909,3.6005421,0.7551748598615483,36.822632,11.698623333333915
1.0905647272727272,3.6005125,0.755609923497912,36.822632,11.7222933333338
1.0814224545454545,3.6005306,0.7560498598615483,36.745975,11.746653333333477
1.0723209090909092,3.6005239,0.7564649234979121,36.745975,11.769793333333412
1.063215909090909,3.600544,0.7568870871342757,36.745975,11.793438333334052
1.063215909090909,3.600544,0.7568870871342757,36.732033,11.793440000000798
1.0540571818181819,3.6005325,0.757325123497912,36.732033,11.818273333333975
1.0449131818181816,3.600544,0.7577372598615483,36.732033,11.841941666667116
1.0449131818181816,3.600544,0.7577372598615483,36.728466,11.841943333333862
1.0357683636363635,3.6005507,0.7581515689524575,36.728466,11.865721666667378
1.0266113636363634,3.6005135,0.758567123497912,36.700588,11.889863333334022
1.017463818181818,3.6005402,0.7589899416797302,36.700588,11.91473166666692
1.008332,3.6005278,0.7594093871342756,36.699711,11.939623333333293
0.9991438181818181,3.6005116,0.7598206598615485,36.699711,11.964268333333894
0.9900335454545454,3.6005144,0.7602276507706394,36.648384,11.988760000000669
0.9808730909090908,3.6005192,0.7606557780433665,36.648384,12.014830000000075
0.9717369090909089,3.6005116,0.7610723598615484,36.648384,12.040478333334129
0.9717369090909089,3.6005116,0.7610723598615484,36.620895,12.040479999999905
0.9625712727272725,3.6005306,0.7614764780433666,36.620895,12.065446666666928
0.9534072727272727,3.6005287,0.7618927962251847,36.586418,12.091578333333988
0.9442970909090909,3.6005077,0.7622959871342757,36.586418,12.11696833333408
0.9442970909090909,3.6005077,0.7622959871342757,36.558151,12.116970000000826
0.9351981818181818,3.6005144,0.7627038507706393,36.558151,12.143063333333703
0.9260853636363635,3.6005297,0.7631078598615484,36.493221,12.169103333333624
0.9168807272727272,3.6005497,0.7635182689524574,36.493221,12.19582666666732
0.9077262909090908,3.6005392,0.7639107871342756,36.493221,12.221635000000242
0.8985623454545454,3.6005516,0.7643450871342756,36.493221,12.250541666667171
0.8894053363636363,3.6005144,0.7647216325888211,36.493221,12.27586833333383
0.8894053363636363,3.6005144,0.7647216325888211,36.444416,12.275870000000577
0.8802500636363636,3.6005087,0.7651250962251848,36.444416,12.30307333333379
0.8711112636363636,3.6005354,0.765546232588821,36.409931,12.332036666667166
0.861995,3.6005392,0.7659438507706393,36.399906,12.3595066666671
0.8529038818181818,3.6005011,0.7663324144070028,36.399906,12.386756666667255
0.8437564181818181,3.6005545,0.7667283507706393,36.399906,12.4147516666669
0.8437564181818181,3.6005545,0.7667283507706393,36.369865,12.414753333333646
0.834612409090909,3.6005144,0.7671298144070029,36.369865,12.443461666666554
0.8254874818181818,3.6005125,0.7675335053160938,36.304039,12.472633333333457
0.8163937636363636,3.6005154,0.7679436416797302,36.252155,12.50256333333382
0.8072653727272726,3.6004658,0.7683285780433666,36.252155,12.53101500000048
0.7981100909090909,3.6004896,0.7687326962251848,36.252155,12.561210000000816
0.7889704272727271,3.6005287,0.769132423497912,36.214615,12.59161000000022
0.7798194909090909,3.600522,0.7695370325888211,36.214615,12.622500000000581
0.7706936909090909,3.6004648,0.769930532588821,36.214615,12.652955000000656
0.7706936909090909,3.6004648,0.769930532588821,36.192806,12.652956666667402
0.761509809090909,3.6005125,0.7703407234979119,36.13747,12.685021666667307
0.752412618181818,3.6004992,0.7707507962251847,36.13747,12.717584999999962
0.7432920272727271,3.6005125,0.7711485780433666,36.13747,12.749384999999894
0.7432920272727271,3.6005125,0.7711485780433666,36.108681,12.74938666666664
0.7341931090909091,3.600502,0.7715466871342757,36.12212,12.781725000000248
0.7250959181818182,3.6004753,0.7719537325888212,36.12212,12.815288333333834
0.7159718636363636,3.6005068,0.7723676598615483,36.095112,12.84976500000048
0.7068469272727272,3.6005297,0.7727823416797301,36.075054,12.884648333333704
0.697745409090909,3.6004753,0.7731957871342756,36.040543,12.920038333333407
0.6886256818181817,3.6004887,0.7736060780433666,36.040543,12.955491666667513
0.6795076909090909,3.6005287,0.7740127962251847,36.004772,12.991154999999951
0.6703732272727272,3.6005154,0.7744440689524574,35.972137,13.029510000000785
0.6612604272727273,3.6005096,0.7748639507706393,35.918442,13.067350000000442
0.6521493727272727,3.6004858,0.7752705689524574,35.918442,13.104596666666717
0.643017509090909,3.6004868,0.7757117507706393,35.89357,13.145313333333858
0.6339151181818181,3.6005049,0.7761357053160939,35.944096,13.185245000000577
0.6248075272727271,3.6004686,0.7765710871342756,35.867817,13.22670166666697
0.6156999454545453,3.6004992,0.7770129689524574,35.806244,13.26950333333322
0.6065810818181817,3.6004934,0.7774472234979121,35.742973,13.312031666666735
0.5974570181818182,3.600461,0.7778711144070029,35.742973,13.354316666667
0.5974570181818182,3.600461,0.7778711144070029,35.761681,13.354318333333746
0.5883346909090909,3.6005144,0.778334623497912,35.761681,13.401218333333963
0.5883346909090909,3.6005144,0.778334623497912,35.73856,13.40122000000071
0.5792244999999999,3.6004801,0.7787894598615485,35.73856,13.447993333334065
0.5792244999999999,3.6004801,0.7787894598615485,35.692326,13.44799500000081
0.570114309090909,3.6004887,0.779248414407003,35.692326,13.495853333333313
0.570114309090909,3.6004887,0.779248414407003,35.672283,13.49585500000006
0.5610067181818181,3.6004705,0.7797060234979121,35.672283,13.544513333333695
0.5610067181818181,3.6004705,0.7797060234979121,35.631638,13.544515000000441
0.5519043272727272,3.6004362,0.7801594507706393,35.649055,13.593398333334092
0.5427958727272727,3.6005116,0.7806341689524575,35.578812,13.645473333333696
0.5337038909090909,3.6004696,0.7810823416797302,35.583622,13.695313333333859
0.5245919636363636,3.600503,0.7815683416797302,35.516815,13.750423333334037
0.5154991181818182,3.6004992,0.7820520053160939,35.484932,13.806288333333214
0.5063967272727272,3.6004639,0.7825140507706393,35.515419,13.860579999999997
0.497300409090909,3.6004725,0.7830069780433666,35.360413,13.919478333333974
0.48818328181818177,3.6004629,0.7834882598615484,35.360413,13.978081666666549
0.48818328181818177,3.6004629,0.7834882598615484,35.339443,13.978083333333295
0.4790878272727272,3.6004457,0.7839726780433666,35.314541,14.03823333333324
0.4699767727272727,3.6004496,0.7844878871342756,35.235466,14.103325000000769
0.4608761181818181,3.6004591,0.7849585962251847,35.235466,14.163961666667213
0.4608761181818181,3.6004591,0.7849585962251847,35.203182,14.163963333333959
0.4517711272727272,3.6004801,0.7854630144070028,35.203182,14.230248333333293
0.4517711272727272,3.6004801,0.7854630144070028,35.218826,14.230250000000039
0.44265487272727266,3.6004658,0.785975123497912,35.218826,14.299045000000236
0.44265487272727266,3.6004658,0.785975123497912,35.102238,14.299046666666982
0.43355941818181815,3.6004753,0.7864914689524575,35.102238,14.36978999999992
0.43355941818181815,3.6004753,0.7864914689524575,35.073776,14.369791666666666
0.4244526909090909,3.6004429,0.7869895962251848,35.04493,14.43944166666673
0.415347709090909,3.6005144,0.7875331962251847,35.034882,14.517170000000624
0.4062435818181818,3.6004372,0.7880306780433665,35.034882,14.589768333333389
0.4062435818181818,3.6004372,0.7880306780433665,34.968872,14.589770000000135
0.39714639999999996,3.6004839,0.7885533507706393,34.968872,14.66801666666676
0.39714639999999996,3.6004839,0.7885533507706393,34.929958,14.668018333333505
0.3880388090909091,3.6004343,0.789042923497912,34.962658,14.742755000000276
0.37917049999999997,3.6004534,0.789576823497912,34.828083,14.82618333333327
0.3700776545454545,3.6004515,0.790088332588821,34.783039,14.908245000000655
0.3610359545454545,3.6004753,0.7905971416797302,34.783039,14.991700000000613
0.3610359545454545,3.6004753,0.7905971416797302,34.767254,14.991701666667359
0.3527129818181818,3.6004791,0.7910929962251847,34.727058,15.075068333333668
0.34376490909090907,3.6004467,0.7915766598615483,34.727058,15.158451666667437
0.34376490909090907,3.6004467,0.7915766598615483,34.676674,15.158453333333211
0.3359473818181818,3.6004677,0.7920497598615484,34.585285,15.242021666667036
0.3276486818181818,3.6004496,0.7925113689524576,34.585285,15.325395000000329
0.3276486818181818,3.6004496,0.7925113689524576,34.58223,15.325396666667075
0.31998720909090905,3.6004353,0.7929608416797302,34.587467,15.408751666667134
0.3123699545454545,3.6004362,0.7934008871342756,34.485516,15.492134999999932
0.3047977818181818,3.6004324,0.7938289053160938,34.469337,15.575475000000248
0.2971952636363636,3.6004114,0.7942477598615484,34.410248,15.658906666666734
0.29076662727272723,3.6004639,0.7946571962251847,34.410248,15.742416666667365
0.29076662727272723,3.6004639,0.7946571962251847,34.375633,15.742418333334111
0.2830236636363636,3.6004333,0.795055623497912,34.375633,15.825861666666848
0.2830236636363636,3.6004333,0.795055623497912,34.311329,15.825863333333594
0.27660196363636363,3.6004744,0.7954447871342757,34.311329,15.90921166666667
0.27660196363636363,3.6004744,0.7954447871342757,34.27412,15.909213333333415
0.26956644545454544,3.6004257,0.7958234962251848,34.226391,15.992604999999942
0.26340484545454546,3.6004515,0.7961936416797302,34.204865,16.075975000000714
0.2565592,3.6004505,0.7965555507706392,34.204865,16.159356666666767
0.2565592,3.6004505,0.7965555507706392,34.116962,16.15935833333351
0.2505510545454545,3.6004372,0.7969080780433666,34.100281,16.24288500000063
0.2443903181818182,3.6004572,0.7972517325888211,34.100281,16.32623166666696
0.2443903181818182,3.6004572,0.7972517325888211,34.066513,16.326233333333708
0.23831194545454543,3.6004353,0.7975870871342756,34.042831,16.409626666666977
0.23239482727272723,3.6004181,0.7979142598615484,33.893578,16.493046666667215
0.2266363636363636,3.6004353,0.7982335780433666,33.893578,16.576420000000507
0.2266363636363636,3.6004353,0.7982335780433666,33.890903,16.576421666667255
0.22149606363636362,3.600421,0.7985452053160939,33.808929,16.65995666666713
0.21567084545454546,3.6004305,0.7988487507706393,33.808929,16.743428333333576
0.21567084545454546,3.6004305,0.7988487507706393,33.776546,16.743430000000323
0.21026090909090905,3.6004238,0.7991449871342757,33.776546,16.82679000000062
0.21026090909090905,3.6004238,0.7991449871342757,33.829475,16.826791666667365
0.20478681818181818,3.6004171,0.7994338053160939,33.693703,16.910315000000022
0.2001935818181818,3.6004362,0.7997155689524574,33.687565,16.993731666666765
0.19490155454545455,3.6004572,0.7999900234979119,33.678764,17.077210000000196
0.1947489636363636,3.6004343,0.8000007507706393,33.678764,17.080426666667336
0.0,3.585721,0.8000007507706393,33.651104,17.164810000000095
0.0,3.5793543,0.8000007507706393,33.651104,17.248153333333903
0.0,3.5793543,0.8000007507706393,33.552513,17.248155000000647
0.0,3.5741138,0.8000007507706393,33.529705,17.331528333333942
0.0,3.5694942,0.8000007507706393,33.524845,17.414806666666603
0.0,3.5654354,0.8000007507706393,33.478409,17.498225000000094
0.0,3.5616436,0.8000007507706393,33.432362,17.58149666666674
0.0,3.5582314,0.8000007507706393,33.385914,17.664806666666603
0.0,3.555048,0.8000007507706393,33.32671,17.748210000000352
0.0,3.5521078,0.8000007507706393,33.32671,17.831603333333625
0.0,3.5521078,0.8000007507706393,33.326225,17.83160500000037
0.0,3.5493288,0.8000007507706393,33.326225,17.914818333333823
0.0,3.5493288,0.8000007507706393,33.284988,17.91482000000057
0.0,3.5467672,0.8000007507706393,33.198574,17.99815166666716
0.0,3.5443783,0.8000007507706393,33.198574,18.081518333333467
0.0,3.5443783,0.8000007507706393,33.16745,18.081520000000214
0.0,3.5420551,0.8000007507706393,33.16745,18.164858333333783
0.0,3.5420551,0.8000007507706393,33.177513,18.16486000000053
0.0,3.5398741,0.8000007507706393,33.135784,18.248130000000433
0.0,3.5378265,0.8000007507706393,33.135784,18.331466666667257
0.0,3.5378265,0.8000007507706393,33.07618,18.331468333334
0.0,3.5358572,0.8000007507706393,33.07618,18.414781666667356
0.0,3.5358572,0.8000007507706393,33.006836,18.414783333334103
0.0,3.5339594,0.8000007507706393,33.017323,18.498168333333645
0.0,3.5321712,0.8000007507706393,32.959831,18.581458333333526
0.0,3.5304966,0.8000007507706393,32.905437,18.664933333333465
0.0,3.5288734,0.8000007507706393,32.880402,18.748225000000094
0.0,3.5272999,0.8000007507706393,32.880402,18.831611666667353
0.0,3.5272999,0.8000007507706393,32.883484,18.831613333334097
0.0,3.5257683,0.8000007507706393,32.854866,18.914846666666563
0.0,3.5243502,0.8000007507706393,32.78294,18.998128333333685
0.0,3.5229568,0.8000007507706393,32.78294,19.081516666666722
0.0,3.5229568,0.8000007507706393,32.739895,19.081518333333467
0.0,3.5216112,0.8000007507706393,32.739895,19.164866666667514
0.0,3.5216112,0.8000007507706393,32.71447,19.16486833333329
0.0,3.5203304,0.8000007507706393,32.683678,19.248170000000393
0.0,3.5190516,0.8000007507706393,32.722679,19.331556666666682
0.0,3.5178957,0.8000007507706393,32.625179,19.41481500000033
0.0,3.516695,0.8000007507706393,32.618153,19.49812666666694
0.0,3.5156221,0.8000007507706393,32.678242,19.581490000000727
0.0,3.5144958,0.8000007507706393,32.595791,19.664786666666622
0.0,3.5134563,0.8000007507706393,32.595791,19.74819000000037
0.0,3.5134563,0.8000007507706393,32.53252,19.74819166666712
0.0,3.512475,0.8000007507706393,32.52589,19.831556666666682
0.0,3.5114813,0.8000007507706393,32.501728,19.914850000000055
0.0,3.510478,0.8000007507706393,32.501728,19.99815000000041
0.0,3.510478,0.8000007507706393,32.452114,19.99815166666716
0.0,3.5095682,0.8000007507706393,32.475761,20.081540000000192
0.0,3.5087004,0.8000007507706393,32.403782,20.16482666666658
0.0,3.5077953,0.8000007507706393,32.40506,20.248203333333368
0.0,3.5069504,0.8000007507706393,32.33654,20.33149333333325
0.0,3.5061331,0.8000007507706393,32.350113,20.414876666667016
0.0,3.5053415,0.8000007507706393,32.305725,20.498176666667373
0.0,3.5045414,0.8000007507706393,32.272358,20.581540000000192
0.0,3.5037708,0.8000007507706393,32.219162,20.6648516666668
0.0,3.5030394,0.8000007507706393,32.219162,20.74819166666712
0.0,3.5030394,0.8000007507706393,32.250736,20.748193333333862
0.0,3.5023212,0.8000007507706393,32.239746,20.83147333333327
0.0,3.5016127,0.8000007507706393,32.204575,20.914908333333248
0.0,3.5009489,0.8000007507706393,32.127712,20.99811833333418
0.0,3.5002375,0.8000007507706393,32.140865,21.08150500000047
0.0,3.4996424,0.8000007507706393,32.177357,21.164838333333805
0.0,3.4989901,0.8000007507706393,32.133739,21.2481983333341
0.0,3.4983501,0.8000007507706393,32.133739,21.331550000000668
0.0,3.4983501,0.8000007507706393,32.041084,21.331551666667412
0.0,3.4977808,0.8000007507706393,32.041084,21.414830000000073
0.0,3.4977808,0.8000007507706393,32.051197,21.41483166666682
0.0,3.4971809,0.8000007507706393,32.025211,21.498200000000846
0.0,3.4965849,0.8000007507706393,31.987375,21.58150833333396
0.0,3.4960585,0.8000007507706393,31.987375,21.664896666666998
0.0,3.4960585,0.8000007507706393,32.012447,21.664898333333742
0.0,3.4954901,0.8000007507706393,31.993496,21.7481983333341
0.0,3.4949522,0.8000007507706393,31.993496,21.831494999999997
0.0,3.4949522,0.8000007507706393,31.960112,21.83149666666674
0.0,3.494442,0.8000007507706393,31.919647,21.91480500000083
0.0,3.4939308,0.8000007507706393,31.919647,21.99824666666682
0.0,3.4939308,0.8000007507706393,31.870377,21.998248333333564
0.0,3.4934015,0.8000007507706393,31.870377,22.08148000000025
0.0,3.4934015,0.8000007507706393,31.891497,22.081481666667
0.0,3.4934015,0.8000007507706393,31.891497,22.081528333333942
-3.0127438181818183e-05,3.4132719,0.8000007507706393,31.891497,22.09537666666729
0.999807,3.5537767,0.8013040325888211,31.856298,22.179313333333507
1.0000523636363636,3.583951,0.8026920053160939,31.852335,22.262586666666902
0.7158678272727272,3.6004324,0.8039880871342756,31.859772,22.345965000000433
0.42415271818181816,3.6003561,0.8047437598615483,31.83213,22.429261666667298
0.3044492545454545,3.6003399,0.805239832588821,31.83213,22.512568333333668
0.3044492545454545,3.6003399,0.805239832588821,31.790775,22.512570000000416
0.23943640909090905,3.6003246,0.8056132871342757,31.766575,22.595948333333943
0.19713575454545454,3.6002588,0.8059158053160939,31.75597,22.67929166666678
0.17068256363636364,3.6003675,0.806171023497912,31.733564,22.762558333334162
0.1509891818181818,3.6003008,0.806393623497912,31.752892,22.84600666666714
0.13691555454545454,3.6003399,0.8065930780433666,31.752892,22.929271666666803
0.13691555454545454,3.6003399,0.8065930780433666,31.708847,22.929273333333548
0.12266939090909089,3.6002464,0.8067728144070029,31.699636,23.012570000000416
0.11330084545454544,3.6003227,0.8069384053160938,31.679005,23.09593333333323
0.10605291818181817,3.6002541,0.8070908325888211,31.679005,23.17929666666702
0.10605291818181817,3.6002541,0.8070908325888211,31.673241,23.179298333333765
0.09864373636363637,3.6002607,0.8072323689524574,31.696564,23.262590000000394
0.09399153636363634,3.6003208,0.8073660416797301,31.629704,23.345880000000275
0.08907924999999998,3.600317,0.8074908871342756,31.629704,23.42922500000083
0.08907924999999998,3.600317,0.8074908871342756,31.629217,23.429226666666604
0.08439930999999999,3.6003008,0.8076101507706392,31.607695,23.512593333333886
0.07912375727272727,3.6002369,0.8077225871342756,31.583485,23.595985000000415
0.07442994545454545,3.6001883,0.8078313416797301,31.583485,23.679266666666567
0.07442994545454545,3.6001883,0.8078313416797301,31.55711,23.67926833333331
0.0744368809090909,3.6003504,0.8079347780433666,31.55711,23.76261666666736
0.0744368809090909,3.6003504,0.8079347780433666,31.54738,23.762618333334103
0.06998582363636363,3.6002941,0.8080341598615484,31.54738,23.845888333334006
0.06998582363636363,3.6002941,0.8080341598615484,31.534176,23.84589000000075
0.06528247454545454,3.6001759,0.8081284416797302,31.505999,23.929290000000037
0.06527293818181819,3.6002426,0.8082190962251847,31.466417,24.012633333333845
0.06021326272727272,3.6001434,0.808306714407003,31.536373,24.096011666667376
0.06020372545454544,3.6001797,0.8083904871342756,31.46422,24.17930833333327
0.06019418909090908,3.6003485,0.8084738780433666,31.451443,24.262586666666902
0.05513104545454545,3.6001987,0.8085525507706393,31.489231,24.345916666666746
0.055134512727272725,3.6002617,0.8086291144070029,31.435951,24.42934500000071
0.050393018181818176,3.6001148,0.8087028689524575,31.435951,24.51264333333335
0.050393018181818176,3.6001148,0.8087028689524575,31.417494,24.512645000000095
0.05041295818181818,3.6001196,0.8087728780433666,31.394163,24.596021666666882
0.050421628181818175,3.6002235,0.8088428871342755,31.394163,24.679211666666863
0.050421628181818175,3.6002235,0.8088428871342755,31.384951,24.67921333333361
0.05042076090909091,3.6003504,0.8089128871342756,31.384951,24.762590000000394
0.05042076090909091,3.6003504,0.8089128871342756,31.36598,24.76259166666714
0.04573215181818181,3.6001472,0.808977914407003,31.382757,24.846033333334102
0.045734752727272725,3.6001921,0.809041423497912,31.382757,24.929328333333252
0.045734752727272725,3.6001921,0.809041423497912,31.316256,24.929329999999997
0.04576943181818181,3.6002989,0.809104923497912,31.379097,25.01261666666736
0.040279735454545454,3.600111,0.8091649689524575,31.379097,25.096033333334102
0.040279735454545454,3.600111,0.8091649689524575,31.350998,25.096035000000846
0.04028146909090909,3.6000423,0.8092207780433666,31.350998,25.179238333333828
0.04028146909090909,3.6000423,0.8092207780433666,31.358839,25.179240000000572
0.04026152909090909,3.6000786,0.8092768053160938,31.358839,25.262705000000036
0.04026152909090909,3.6000786,0.8092768053160938,31.328972,25.26270666666678
0.040259794545454544,3.6001053,0.809332723497912,31.328972,25.346031666667354
0.040259794545454544,3.6001053,0.809332723497912,31.334616,25.346033333334102
0.04025545999999999,3.6001892,0.8093886416797301,31.334616,25.429329999999997
0.04025545999999999,3.6001892,0.8093886416797301,31.306032,25.429331666666744
0.04026586363636363,3.6003408,0.8094445144070028,31.293222,25.51265500000057
0.035755850909090905,3.6001444,0.8094954416797302,31.293222,25.59601333333412
0.035755850909090905,3.6001444,0.8094954416797302,31.284405,25.5960149999999
0.03574111272727273,3.6000938,0.8095450780433665,31.284405,25.679318333333747
0.03574111272727273,3.6000938,0.8095450780433665,31.271193,25.67932000000049
0.03575238272727273,3.600152,0.8095947689524574,31.282635,25.762678333334044
0.03579139727272727,3.6002064,0.8096444053160938,31.293621,25.846035000000846
0.0357731909090909,3.6003218,0.8096940871342757,31.291452,25.929341666667217
0.031094117272727272,3.6000719,0.8097386871342757,31.241718,26.012688333333546
0.03110365454545454,3.600028,0.8097818144070029,31.241718,26.095923333333726
0.03110365454545454,3.600028,0.8097818144070029,31.227621,26.095925000000474
0.031087181818181816,3.6000242,0.8098250053160938,31.297588,26.179375000000196
0.031087181818181816,3.6000156,0.8098682416797301,31.297588,26.262636666667337
0.031087181818181816,3.6000156,0.8098682416797301,31.225821,26.262638333334085
0.031091516363636357,3.6000938,0.809911323497912,31.225821,26.34592166666698
0.031091516363636357,3.6000938,0.809911323497912,31.211239,26.345923333333726
0.03110365454545454,3.6001596,0.8099546144070029,31.194061,26.429341666667217
0.03110365454545454,3.600255,0.8099978053160938,31.17868,26.51262333333337
0.026401172727272725,3.6001196,0.8100390416797302,31.17868,26.5959466666672
0.026401172727272725,3.6001196,0.8100390416797302,31.170713,26.595948333333943
0.02639337,3.6000347,0.8100757780433665,31.170713,26.679371666666704
0.02639337,3.6000347,0.8100757780433665,31.201109,26.679373333333448
0.02637603090909091,3.5999918,0.8101124053160939,31.201109,26.762566666666924
0.02637603090909091,3.5999918,0.8101124053160939,31.161011,26.762568333333668
0.02637949818181818,3.599967,0.8101489871342756,31.161011,26.845900000000256
0.02637949818181818,3.599967,0.8101489871342756,31.164063,26.845901666667
0.026370829090909088,3.5999317,0.8101856689524575,31.164063,26.929255000000314
0.026370829090909088,3.5999317,0.8101856689524575,31.12051,26.92925666666706
0.02637949818181818,3.6000042,0.8102223507706393,31.115229,27.0126316666671
0.02639076909090909,3.6000271,0.8102589780433666,31.173716,27.095988333333903
0.026406374545454542,3.6000938,0.8102956689524575,31.102417,27.17931000000002
0.026366493636363633,3.6001863,0.8103322416797302,31.134979,27.262578333334144
0.026372562727272723,3.6002464,0.810368923497912,31.134979,27.3459466666672
0.026372562727272723,3.6002464,0.810368923497912,31.050863,27.345948333333943
0.021753310909090908,3.6001892,0.8104048507706393,31.059223,27.429311666666763
0.02174550818181818,3.600029,0.8104350325888211,31.080778,27.512641666666603
0.02171949909090909,3.5999565,0.8104652689524574,31.019201,27.596026666667118
0.021729035454545454,3.5999012,0.8104953962251847,31.063595,27.679315000000255
0.02174550818181818,3.5998964,0.810525632588821,31.014837,27.762648333333587
0.021748976363636364,3.5998554,0.810555814407003,31.014837,27.845971666667417
0.021748976363636364,3.5998554,0.810555814407003,31.04689,27.84597333333416
0.02172730181818182,3.5998831,0.8105859962251848,31.022654,27.92930833333327
0.021741173636363634,3.5998993,0.8106162325888211,31.033701,28.012646666666843
0.02174550818181818,3.5999184,0.8106464144070029,31.033701,28.095965000000433
0.02174550818181818,3.5999184,0.8106464144070029,31.005098,28.095966666667177
0.021744641818181816,3.5999966,0.8106765962251847,31.005098,28.179266666666567
0.021744641818181816,3.5999966,0.8106765962251847,30.994965,28.17926833333331
0.02175504545454545,3.6000462,0.810706832588821,31.008951,28.262578333334144
0.02175504545454545,3.6001101,0.8107370598615483,30.967152,28.345981666666923
0.021717765454545453,3.6001415,0.8107672416797302,30.960588,28.429361666667198
0.02174550818181818,3.6002531,0.8107973689524575,30.960588,28.512561666666684
0.02174550818181818,3.6002531,0.8107973689524575,30.987795,28.512563333333432
0.019988146363636362,3.6001501,0.8108101053160939,30.934977,28.547905000000416
-0.4400851545454545,3.5892572,0.8108054269684546,30.934977,28.549846666667143
-0.8399781272727272,3.5785494,0.8108054269684546,30.934977,28.550890000000557
-1.2002147272727273,3.5684242,0.8108054269684546,30.934977,28.55190500000026
-1.6003526363636362,3.55655,0.8108054269684546,30.934977,28.55292166666671
-2.0002174545454543,3.544075,0.8108054269684546,30.934977,28.553965000000122
-2.320108,3.5338945,0.8108054269684546,30.934977,28.55481833333324
-2.6403339999999997,3.5235214,0.8108054269684546,30.934977,28.555706666667053
-2.960248818181818,3.5125628,0.8108054269684546,30.934977,28.556578333333405
-3.280576363636363,3.5015984,0.8108054269684546,30.934977,28.55744666666724
-3.6009051818181814,3.4902611,0.8108054269684546,30.934977,28.558300000000358
-3.9204025454545453,3.4787579,0.8108054269684546,30.934977,28.559153333333477
-3.9605829999999993,3.4687328,0.8108054269684546,30.934977,28.56097666666707
-3.9605357272727275,3.4587278,0.8101665766454546,30.934977,28.563645000000058
-4.000462636363636,3.4482584,0.8101665766454546,30.934977,28.566446666666888
-4.000533272727272,3.4376831,0.8101665766454546,30.934977,28.569980000000214
-4.000572272727273,3.4276829,0.8101665766454546,30.934977,28.573791666667482
-4.000558818181818,3.4175501,0.8101665766454546,30.934977,28.57826500000083
-4.000502454545455,3.4070902,0.8088684969090909,30.934977,28.583205000000696
-4.000311727272727,3.3968039,0.8088684969090909,30.934977,28.58883166666686
-4.000311727272727,3.3968039,0.8088684969090909,30.962669,28.588833333333604
-4.000287090909091,3.3867064,0.8088684969090909,30.962669,28.59497666666672
-4.000423636363636,3.3765316,0.8076260033636363,30.962669,28.60178166666689
-4.000203,3.3665247,0.8076260033636363,30.962669,28.609221666667146
-4.000491272727272,3.3563976,0.8065737896363636,30.962669,28.61755500000048
-4.000428818181818,3.3463717,0.8065737896363636,30.962669,28.62664666666727
-4.000320909090909,3.3362608,0.8053081273636363,30.959188,28.636610000000413
-4.000219909090909,3.326211,0.8045834034545454,30.959188,28.647578333333755
-4.000456090909091,3.3160954,0.8045834034545454,30.959188,28.65931833333355
-4.000123636363636,3.3060122,0.8029190791818182,30.959188,28.672383333333226
-4.000262818181818,3.2959023,0.8019883881818182,30.959188,28.68645166666732
-4.000262818181818,3.2959023,0.8019883881818182,30.938034,28.686453333334065
-4.000176545454544,3.2859001,0.8009633545454545,30.938034,28.701705000000462
-4.000191272727272,3.2757759,0.7998424227272727,30.938034,28.71856666666669
-4.000126636363636,3.2657671,0.7986217136363637,30.919558,28.736928333333346
-4.000210363636364,3.2556791,0.7972650263636364,30.919558,28.757225000000712
-4.0001691818181815,3.2455769,0.7957692454545454,30.919558,28.77972000000009
-4.0001691818181815,3.2455769,0.7957692454545454,30.990484,28.779721666666834
-3.9999831818181817,3.2355356,0.7941282636363636,30.990484,28.80424500000081
-4.000056909090909,3.2254992,0.7922614781818181,30.990484,28.832351666666607
-4.000056909090909,3.2254992,0.7922614781818181,30.983826,28.83235333333335
-3.999921636363636,3.2154598,0.7901386754545454,30.983826,28.864183333333738
-4.000145727272726,3.2053728,0.7877013672727272,30.983826,28.900633333333342
-4.000145727272726,3.2053728,0.7877013672727272,30.998846,28.900635000000086
-4.0001561818181814,3.1953402,0.7848538890909091,31.034985,28.943465000000046
-3.9999905454545446,3.1853333,0.7814214136363636,31.032791,28.994925000000514
-3.9999142727272723,3.1753254,0.77716214,31.032791,29.058735000000645
-3.9999142727272723,3.1753254,0.77716214,31.100128,29.058736666667393
-4.000006181818182,3.1653013,0.7717791363636364,31.148199,29.13951666666738
-3.999981,3.1575756,0.7662179518181819,31.136381,29.22294666666712
-3.9999029999999993,3.1512995,0.7606501636363636,31.238548,29.306400000000334
-4.000129727272727,3.1459799,0.7550974527272727,31.238548,29.38974000000065
-4.000129727272727,3.1459799,0.7550974527272727,31.222738,29.389741666667398
-4.000004454545454,3.1415119,0.7495375172727272,31.307714,29.473156666667396
-4.000095,3.1377954,0.7439799127272727,31.325777,29.556606666667115
-4.000281818181818,3.1343346,0.7384221318181817,31.325777,29.639976666666918
-4.000281818181818,3.1343346,0.7384221318181817,31.449953,29.639978333333662
-3.999879545454545,3.131443,0.7328502963636363,31.472456,29.72345000000011
-4.000153090909091,3.1285801,0.7272857418181818,31.53665,29.806870000000345
-4.0000919999999995,3.1259546,0.7217293636363636,31.53665,29.89021833333342
-4.0000919999999995,3.1259546,0.7217293636363636,31.564028,29.890220000000166
-4.00022509090909,3.12358,0.7161714818181818,31.564028,29.973690000000836
-4.00022509090909,3.12358,0.7161714818181818,31.662149,29.973691666666614
-4.000004454545454,3.1214142,0.7106184818181818,31.721052,30.057051666666908
-3.999895636363636,3.1191397,0.7050557545454545,31.764208,30.140391666667224
-4.000161818181819,3.1170464,0.6994856818181818,31.821413,30.22387666666667
-4.000133181818182,3.1150341,0.6939295181818183,31.863251,30.307316666666885
-4.000047363636363,3.1130495,0.6883737272727273,31.863251,30.3906566666672
-4.000047363636363,3.1130495,0.6883737272727273,31.913408,30.390658333333946
-4.000015727272727,3.1111298,0.6828143,31.991222,30.474041666666743
-3.999883909090909,3.1094027,0.6772496090909091,31.991222,30.557561666666878
-3.999883909090909,3.1094027,0.6772496090909091,32.018089,30.557563333333626
-4.000065545454545,3.1073904,0.6716841545454545,32.018089,30.641015000000092
-4.000065545454545,3.1073904,0.6716841545454545,32.107773,30.641016666666836
-3.9998995454545447,3.1057043,0.6661238818181818,32.107773,30.724405000000843
-3.9998995454545447,3.1057043,0.6661238818181818,32.159695,30.724406666666617
-4.000278818181818,3.1039152,0.6605572999999999,32.232635,30.807798333334116
-4.000000909090908,3.1022711,0.6550025090909091,32.232635,30.891241666666854
-4.000000909090908,3.1022711,0.6550025090909091,32.20409,30.8912433333336
-3.9998522727272725,3.1004181,0.6494315636363636,32.349518,30.974731666667502
-4.000092818181818,3.0986547,0.643867609090909,32.401817,31.05819500000022
-3.9999515454545453,3.0969725,0.6383073363636363,32.475201,31.141666666666666
-3.9999294545454545,3.0952435,0.6327425909090909,32.475201,31.22506833333367
-3.9999294545454545,3.0952435,0.6327425909090909,32.516071,31.225070000000414
-4.000199454545454,3.0936165,0.6271873363636363,32.605209,31.308500000000155
-3.999817181818182,3.0919104,0.621622,32.571907,31.39184166666722
-4.000179545454545,3.0901995,0.6160617272727273,32.618065,31.47529833333392
-4.000036090909091,3.0882673,0.6105005454545454,32.708035,31.558715000000667
-3.9996441818181814,3.0865965,0.6049376818181817,32.725639,31.642106666667193
-3.9999471818181815,3.0849924,0.5993864999999999,32.725639,31.725483333333976
-3.9999471818181815,3.0849924,0.5993864999999999,32.762566,31.725485000000724
-3.9998500909090904,3.0831089,0.5938181636363636,32.86351,31.80895333333368
-4.000082454545454,3.0814648,0.5882559272727272,32.872299,31.89247500000056
-4.000218545454546,3.0796795,0.5826938181818182,32.872299,31.975868333333832
-4.000218545454546,3.0796795,0.5826938181818182,32.958748,31.975870000000576
-3.999950272727272,3.0779724,0.5771232727272727,33.032078,32.05932666666728
-4.000154,3.0760937,0.5715660636363636,33.113674,32.142715000000315
-3.9998319090909082,3.0743732,0.5660015363636363,33.113674,32.22614833333355
-3.9998319090909082,3.0743732,0.5660015363636363,33.135612,32.226150000000295
-4.000167,3.0725145,0.5604511181818183,33.135612,32.309543333333565
-4.000167,3.0725145,0.5604511181818183,33.161106,32.30954500000031
-4.000042090909091,3.0707912,0.5548861090909091,33.161106,32.3929666666673
-4.000042090909091,3.0707912,0.5548861090909091,33.243553,32.39296833333404
-4.000270181818181,3.0690126,0.5493345545454545,33.260666,32.476345000000826
-4.0002272727272725,3.0671082,0.5437686454545455,33.320282,32.559736666667355
-3.9997295454545454,3.0651426,0.5382032000000001,33.37339,32.643113333334135
-4.000012636363636,3.0632257,0.5326403,33.37339,32.72666166666701
-4.000012636363636,3.0632257,0.5326403,33.448784,32.726663333333754
-3.999979727272727,3.0614357,0.5270787818181819,33.448784,32.8101350000002
-3.999979727272727,3.0614357,0.5270787818181819,33.479519,32.81013666666695
-4.000222909090908,3.0594244,0.5215174727272727,33.523773,32.893551666666944
-3.9997889999999994,3.0573215,0.5159475272727273,33.523773,32.97706666666684
-3.9997889999999994,3.0573215,0.5159475272727273,33.577736,32.97706833333359
-3.999858363636364,3.0552034,0.5103909181818181,33.624641,33.060481666666846
-4.000019999999999,3.053278,0.5048136272727273,33.644405,33.14402166666696
-4.000041272727272,3.0511656,0.4992485272727273,33.734661,33.22745333333344
-4.000072909090909,3.0491972,0.49369148181818184,33.79908,33.310801666667494
-4.00004,3.0468597,0.48812809090909093,33.79908,33.394298333334156
-4.00004,3.0468597,0.48812809090909093,33.856049,33.39429999999993
-4.000244181818182,3.0446873,0.4825741272727273,33.856049,33.47771666666667
-4.000244181818182,3.0446873,0.4825741272727273,33.910774,33.47771833333342
-3.9999419999999994,3.0425854,0.47700898181818185,33.910774,33.561178333333615
-3.9999419999999994,3.0425854,0.47700898181818185,33.923477,33.56118000000036
-4.000102363636363,3.0403032,0.4714398454545455,33.923477,33.64463333333357
-4.000102363636363,3.0403032,0.4714398454545455,33.979954,33.64463500000032
-3.999981,3.0378866,0.4658799,34.029488,33.728076666667285
-4.000023090909091,3.0355101,0.460323690909091,34.03693,33.8114400000001
-3.9997846363636365,3.0330591,0.45475529090909095,34.196301,33.8948966666668
-3.999945,3.0304661,0.4491880818181819,34.196301,33.97839500000021
-3.999945,3.0304661,0.4491880818181819,34.177067,33.97839666666696
-3.999884818181818,3.0279541,0.4436226545454546,34.226112,34.061871666666896
-3.999996636363636,3.0253859,0.4380587,34.305717,34.145335000000586
-4.000247999999999,3.0225935,0.43249734545454543,34.305717,34.22881000000052
-4.000247999999999,3.0225935,0.43249734545454543,34.352589,34.22881166666727
-4.000144909090909,3.0198374,0.42692956363636364,34.352589,34.312223333333776
-4.000144909090909,3.0198374,0.42692956363636364,34.375347,34.31222500000052
-3.999974545454545,3.0169678,0.42137890909090914,34.419529,34.39574999999992
-4.000112818181818,3.0139036,0.4157923818181818,34.49873,34.479288333333294
-4.000180454545454,3.011035,0.4102424090909091,34.556122,34.5626866666668
-4.000129727272727,3.0078688,0.4046800454545455,34.642303,34.64607000000057
-3.9996970909090908,3.0047388,0.3991203909090909,34.642303,34.72941833333365
-3.9996970909090908,3.0047388,0.3991203909090909,34.653244,34.72942000000039
-4.000176545454544,3.0013809,0.3935571454545455,34.719296,34.812856666667116
-4.000092818181818,2.9978962,0.38799968181818184,34.719296,34.89624166666666
-4.000092818181818,2.9978962,0.38799968181818184,34.767876,34.8962433333334
-3.9997590909090905,2.994381,0.3824464272727273,34.845242,34.97959333333323
-3.999950272727272,2.9906569,0.3768768090909091,34.899029,35.06307833333364
-3.999993545454545,2.9868908,0.3713186727272727,34.899029,35.14649333333364
-3.999993545454545,2.9868908,0.3713186727272727,34.95055,35.146495000000385
-3.999981,2.9830656,0.36575433636363636,34.993896,35.22996666666683
-4.0002237272727275,2.9789715,0.3601891909090909,34.993896,35.31333000000062
-4.0002237272727275,2.9789715,0.3601891909090909,35.043255,35.31333166666737
-3.9997625454545447,2.9748945,0.35463127272727274,35.042458,35.396745000000614
-4.000066454545454,2.9704256,0.34907086363636364,35.125023,35.48019833333383
-3.999817181818182,2.9657555,0.3435140272727273,35.125023,35.563603333333354
-3.999817181818182,2.9657555,0.3435140272727273,35.224655,35.563605000000095
-3.9999125454545448,2.9612331,0.33794923636363644,35.277515,35.64707500000077
-4.000178727272727,2.9563046,0.3323865454545455,35.294556,35.730431666666604
-4.000056,2.9511442,0.32682110000000003,35.311192,35.81390333333402
-4.000170909090909,2.9458961,0.3212534818181818,35.435612,35.89736166666747
-3.9998214545454545,2.9404163,0.31569680909090914,35.541328,35.98072333333354
-4.00004,2.9347248,0.3101355363636364,35.536568,36.064141666667034
-3.999853090909091,2.9285831,0.3045717727272728,35.536568,36.14764999999995
-3.999853090909091,2.9285831,0.3045717727272728,35.59639,36.14765166666669
-3.999954545454545,2.9223042,0.2990100090909091,35.59639,36.2310816666674
-3.999954545454545,2.9223042,0.2990100090909091,35.683693,36.23108333333415
-3.999891272727272,2.9158478,0.2934503,35.729496,36.314561666666606
-3.9998375454545454,2.9089804,0.2878787272727273,35.729496,36.398088333333725
-3.9998375454545454,2.9089804,0.2878787272727273,35.794525,36.39809000000047
-4.000036909090908,2.9016781,0.28231035454545456,35.794525,36.48157166666739
-4.000036909090908,2.9016781,0.28231035454545456,35.854717,36.48157333333414
-3.999950272727272,2.8942757,0.2767541181818182,35.95118,36.56492666666745
-4.000311727272727,2.8863811,0.2711881272727273,36.038868,36.64844166666735
-4.0000919999999995,2.8780842,0.26562414545454555,36.038868,36.731813333333896
-4.0000919999999995,2.8780842,0.26562414545454555,36.090374,36.731815000000644
-3.9999059999999997,2.8695536,0.2600637909090909,36.129593,36.81521666666667
-4.000131909090908,2.8604679,0.2545212636363637,36.207249,36.89860000000044
-3.999987545454545,2.8510933,0.2489446,36.207249,36.98199500000046
-3.999987545454545,2.8510933,0.2489446,36.302742,36.98199666666721
-3.9999302727272728,2.8410912,0.24343220000000007,36.398617,37.0647833333341
-4.000145727272726,2.8310499,0.23806328181818187,36.398617,37.14527166666715
-4.000145727272726,2.8310499,0.23806328181818187,36.442234,37.1452733333339
-3.999811909090909,2.8210449,0.2330282636363637,36.504093,37.220811666666606
-4.000193454545454,2.8110142,0.22809560000000004,36.63826,37.29480000000039
-4.000050818181818,2.8009949,0.22341955454545454,36.63826,37.36492000000047
-4.000050818181818,2.8009949,0.22341955454545454,36.696644,37.364921666667215
-3.999785545454545,2.790967,0.21901710000000002,36.749382,37.43102166666746
-4.000000909090908,2.7808676,0.21474545454545463,36.834785,37.49505166666737
-3.999720090909091,2.7708235,0.21064790909090916,36.944885,37.556491666667476
-3.9998258181818183,2.7608185,0.2067427181818182,37.00758,37.615096666666794
-3.9998206363636366,2.750742,0.20300209090909097,37.00758,37.67119500000069
-3.9998206363636366,2.750742,0.20300209090909097,37.050247,37.671196666667434
-3.9997317272727266,2.7406654,0.1993497909090909,37.050247,37.72597999999998
-3.9997317272727266,2.7406654,0.1993497909090909,37.147747,37.725981666666726
-3.9999515454545453,2.7306223,0.1959191636363637,37.202187,37.77743166666672
-4.000114999999999,2.7205954,0.19259452727272736,37.247879,37.82725666666714
-4.00017309090909,2.7105227,0.18937863636363636,37.305748,37.87564666666731
-4.000142727272727,2.7005148,0.18630098181818183,37.305748,37.921725000000635
-4.000142727272727,2.7005148,0.18630098181818183,37.355343,37.92172666666738
-3.999952363636363,2.6904335,0.18331261818181827,37.436226,37.96658166666748
-4.000077272727272,2.6804152,0.1804188181818182,37.436226,38.00990166666743
-4.000077272727272,2.6804152,0.1804188181818182,37.477081,38.00990333333417
-4.000102363636363,2.6704111,0.17762492727272733,37.477081,38.05184500000032
-4.000071636363637,2.6603556,0.17496103636363639,37.513649,38.091760000000555
-3.999933363636363,2.65026,0.17236167272727274,37.513649,38.13080333333346
-3.999933363636363,2.65026,0.17236167272727274,37.61932,38.13080500000021
-4.000347272727272,2.6402264,0.16982262727272726,37.676712,38.16882833333414
-3.9999480909090908,2.6301365,0.16740414545454546,37.736671,38.205103333334165
-4.000053818181818,2.62006,0.16504450000000004,37.736671,38.240499999999884
-3.999675818181818,2.6100273,0.16278950000000003,37.785862,38.274368333333406
-4.000008363636364,2.6000061,0.16059236363636364,37.880978,38.30754333333365
-3.999828818181818,2.5899496,0.15841332727272728,37.883221,38.340080000000306
-3.9999905454545446,2.5799093,0.15626950909090911,37.883221,38.37213500000071
-3.999848818181818,2.5698872,0.15415722727272732,37.883221,38.4038166666675
-3.999848818181818,2.5698872,0.15415722727272732,38.020027,38.403818333333284
-4.000306090909091,2.5598869,0.15199450000000003,38.048706,38.43633833333345
-3.999685363636363,2.5498829,0.1498056,38.048706,38.46913333333408
-4.000250181818182,2.5398312,0.14745869090909094,38.160309,38.504341666667216
-4.000114999999999,2.5297422,0.14490420000000004,38.160309,38.54260833333343
-4.000114999999999,2.5297422,0.14490420000000004,38.246304,38.54261000000018
-3.9997720909090906,2.5196209,0.14206648181818188,38.326668,38.58523833333359
-4.000162636363636,2.5095711,0.13893950909090916,38.326668,38.632120000000576
-4.000162636363636,2.5095711,0.13893950909090916,38.452972,38.632121666667324
-3.999906909090909,2.499547,0.13584960909090912,38.452972,38.67860166666699
-3.999906909090909,2.499547,0.13584960909090912,38.502884,38.67860333333374
-3.999588272727273,2.4894667,0.13287409090909094,38.650436,38.723125000000195
-4.000237636363636,2.4794149,0.13029921818181825,38.650436,38.761770000000254
-3.9998817272727267,2.4693861,0.12801446363636368,38.650436,38.796000000000156
-3.9998817272727267,2.4693861,0.12801446363636368,38.656586,38.7960016666669
-3.999722181818181,2.4592628,0.12603310000000004,38.656586,38.82588333333357
-3.999722181818181,2.4592628,0.12603310000000004,38.859947,38.82588500000032
-4.000006181818182,2.44909,0.12429427272727273,38.859947,38.85180666666711
-3.9998804545454543,2.4389753,0.12275814545454546,38.859947,38.87490333333359
-3.9998804545454543,2.4389753,0.12275814545454546,38.905121,38.87490500000034
-4.000027363636364,2.4288158,0.1213889181818182,38.905121,38.89534833333358
-3.999655909090909,2.4187536,0.12017277272727277,38.905121,38.91367333333377
-3.999655909090909,2.4187536,0.12017277272727277,39.030849,38.91367500000051
-4.000148818181818,2.4086733,0.11907670000000005,39.030849,38.930389999999896
-4.0000611818181815,2.3986654,0.11803600000000004,39.030849,38.94564333333401
-4.000358181818182,2.3884945,0.11803600000000004,39.139225,38.95977666666731
-4.000044272727273,2.3783875,0.11622976363636364,39.139225,38.97277166666657
-4.0001192727272725,2.3683443,0.11541897272727272,39.139225,38.98489833333394
-3.999901727272727,2.3582554,0.11466850000000008,39.139225,38.99619666666743
-3.999998818181818,2.3481131,0.11466850000000008,39.226822,39.00692833333354
-3.9997802727272727,2.3379507,0.11328507272727271,39.226822,39.01693833333363
-3.999920727272727,2.3277693,0.11328507272727271,39.226822,39.02639500000029
-3.999956727272727,2.3175488,0.11205840909090915,39.226822,39.03541000000065
-4.000347272727272,2.3073502,0.11205840909090915,39.226822,39.04390333333382
-4.000000909090908,2.2971745,0.1109563181818182,39.388794,39.05192166666675
-4.000433999999999,2.286932,0.1109563181818182,39.388794,39.05962166666674
-3.9997009999999995,2.2766085,0.10995019090909092,39.388794,39.06698333333382
-3.999783363636363,2.2664776,0.10995019090909092,39.388794,39.073916666666626
-3.9997539090909084,2.2564774,0.10905775454545458,39.388794,39.08040333333386
-4.000053,2.2463703,0.10905775454545458,39.388794,39.08654166666675
-3.9997486363636363,2.2362585,0.10905775454545458,39.388794,39.092583333333216
-4.000164818181818,2.2260218,0.10785368181818188,39.388794,39.09837000000019
-4.000164818181818,2.2260218,0.10785368181818188,39.452511,39.098371666666935
-3.9996810000000003,2.215888,0.10785368181818188,39.452511,39.103945000000145
-3.999811909090909,2.2058458,0.10785368181818188,39.452511,39.10922666666738
-4.000019181818182,2.195734,0.10679613636363644,39.452511,39.114271666667385
-4.000269272727272,2.1854324,0.10679613636363644,39.452511,39.11925166666721
-3.999883909090909,2.1752567,0.10679613636363644,39.452511,39.12394666666708
-3.9996862727272724,2.1651506,0.10585037272727274,39.452511,39.12852000000033
-4.000034727272727,2.1548357,0.10585037272727274,39.452511,39.133001666667404
-4.000084636363637,2.1448116,0.10585037272727274,39.452511,39.13716333333384
-4.000028727272727,2.1347094,0.10585037272727274,39.452511,39.14122666666711
-4.000157454545454,2.1244965,0.10473668181818183,39.452511,39.14522500000021
-4.000157454545454,2.1244965,0.10473668181818183,39.582455,39.14522666666696
-4.000152272727273,2.1140137,0.10473668181818183,39.582455,39.14906666666696
-3.9999515454545453,2.1038265,0.10473668181818183,39.582455,39.15288500000024
-3.999614727272727,2.0933952,0.10473668181818183,39.582455,39.15642666666729
-3.999775090909091,2.0831423,0.10473668181818183,39.582455,39.159946666666656
-3.999913363636363,2.0726109,0.10351034545454546,39.582455,39.16352166666669
-3.9998730909090905,2.0622845,0.10351034545454546,39.582455,39.16686999999995
-3.99989,2.0520344,0.10351034545454546,39.582455,39.17002333333367
-3.9998679090909084,2.0417929,0.10351034545454546,39.582455,39.173161666666665
-3.999794181818181,2.0313816,0.10351034545454546,39.582455,39.176216666667216
-3.9999238181818177,2.0210838,0.10246433636363642,39.582455,39.17920333333411
-3.9998860909090905,2.0107851,0.10246433636363642,39.582455,39.182098333333855
-4.00018609090909,2.000268,0.10246433636363642,39.582455,39.18490833333344
-3.9997000909090903,2.0440836,0.10246433636363642,39.582455,39.18591000000015
-3.9997794545454544,2.0325508,0.10246433636363642,39.582455,39.186285000000495
-3.9999229090909085,2.0204992,0.10246433636363642,39.582455,39.186721666666564
-3.999897363636363,2.0087652,0.10246433636363642,39.582455,39.18761166666712
-3.9913988181818176,1.998497,0.10246433636363642,39.722771,39.189176666666754
-2.8957297272727267,1.9996214,0.09723392727272728,39.833599,39.27269666666689
-2.531950727272727,1.999568,0.09348744545454554,39.833599,39.356196666667046
-2.531950727272727,1.999568,0.09348744545454554,40.102386,39.356198333333786
-2.3527812727272726,1.9998369,0.09010623636363643,40.425003,39.43958833333357
-2.241458909090909,2.0000687,0.08691462727272735,40.640682,39.52309500000071
-2.159114727272727,1.9996214,0.08385392727272728,40.739647,39.606585000000386
-2.084193636363636,1.9998493,0.08090350000000003,40.934921,39.6900516666666
-2.015181909090909,1.9999552,0.07806030000000008,40.934921,39.77340499999991
-2.015181909090909,1.9999552,0.07806030000000008,41.129288,39.77340666666666
-1.9484619999999997,2.0000391,0.07529649090909099,41.283367,39.85690500000007
-1.883433909090909,2.0000467,0.07263232727272735,41.327831,39.94045000000042
-1.821895090909091,1.9999199,0.07004976363636364,41.466782,40.02399166666728
-1.7634300909090908,2.0003633,0.06755937272727275,41.466782,40.1073966666668
-1.7634300909090908,2.0003633,0.06755937272727275,41.603977,40.10739833333355
-1.7101430909090907,1.9996548,0.06514349090909098,41.718273,40.19086000000049
-1.6560541818181818,1.9998226,0.06280736363636372,41.718273,40.27420500000007
-1.6560541818181818,1.9998226,0.06280736363636372,41.758411,40.27420666666682
-1.602296,1.9998331,0.06054092727272732,41.758411,40.35769666666747
-1.602296,1.9998331,0.06054092727272732,41.897644,40.357698333333246
-1.5521075454545454,2.0000277,0.05834503636363639,41.915321,40.44122000000013
-1.5036366363636364,1.9997406,0.056214872727272755,41.989063,40.52474833333399
-1.455176090909091,1.9996872,0.05415970909090911,42.017509,40.60821166666671
-1.4096060909090908,1.9998035,0.052169454545454595,42.133404,40.691571666667
-1.3639042727272725,1.9996567,0.05024308181818184,42.133404,40.77498833333375
-1.3639042727272725,1.9996567,0.05024308181818184,42.16058,40.77499000000049
-1.3196840909090908,1.9996223,0.0483754545454546,42.166183,40.85846000000019
-1.275483909090909,2.0001774,0.046569490909090995,42.166183,40.94194333333386
-1.275483909090909,2.0001774,0.046569490909090995,42.240288,40.94194500000061
-1.2340432727272725,1.9997759,0.044822799999999996,42.240288,41.025476666667
-1.2340432727272725,1.9997759,0.044822799999999996,42.230381,41.02547833333374
-1.192131909090909,2.000289,0.0431365818181819,42.244171,41.10890000000072
-1.1518183636363635,1.9997787,0.041507263636363666,42.244171,41.1922766666675
-1.1518183636363635,1.9997787,0.041507263636363666,42.277763,41.192278333333284
-1.111732,1.999939,0.039932454545454604,42.277763,41.27574500000046
-1.111732,1.999939,0.039932454545454604,42.282513,41.27574666666721
-1.0725697272727273,1.9997072,0.038411018181818184,42.305737,41.359291666666586
-1.0343473636363634,1.9996719,0.03694420000000006,42.265705,41.44282333333395
-0.9971679090909089,1.9997759,0.035531245454545536,42.272141,41.52635666666708
-0.9612551818181817,1.9999132,0.03417036363636368,42.254078,41.60991166666693
-0.9249444545454544,1.9996405,0.03285830909090918,42.254078,41.69329000000047
-0.9249444545454544,1.9996405,0.03285830909090918,42.252327,41.69329166666721
-0.8888747454545454,2.00033,0.03159864545454552,42.240288,41.776668333333994
-0.8543942181818182,2.0004015,0.030385254545454557,42.240288,41.860245000000575
-0.8543942181818182,2.0004015,0.030385254545454557,42.18856,41.86024666666732
-0.822021309090909,1.9996052,0.029216681818181902,42.210098,41.9438233333339
-0.7884120909090908,2.0002527,0.028094163636363672,42.210098,42.027409999999996
-0.7884120909090908,2.0002527,0.028094163636363672,42.135124,42.02741166666674
-0.7565489727272726,1.9999447,0.027016945454545468,42.082123,42.11099166666681
-0.7263955181818181,1.9997644,0.025983509090909154,42.082123,42.19456666666665
-0.7263955181818181,1.9997644,0.025983509090909154,42.066978,42.1945683333334
-0.6958684090909091,2.0001202,0.02499580000000006,41.967514,42.27790833333371
-0.6676032363636364,1.999855,0.024046136363636433,41.967514,42.36145500000081
-0.6676032363636364,1.999855,0.024046136363636433,41.925632,42.36145666666659
-0.6394724454545454,1.9999008,0.023136900000000044,41.880367,42.44494000000025
-0.6126438454545454,1.999691,0.022266727272727268,41.838982,42.52839500000021
-0.586905909090909,1.9997883,0.02143410000000007,41.838982,42.61182833333344
-0.586905909090909,1.9997883,0.02143410000000007,41.74754,42.61183000000019
-0.5607292909090908,1.9996452,0.020633990909090943,41.74754,42.69538000000078
-0.5607292909090908,1.9996452,0.020633990909090943,41.642765,42.695381666666556
-0.5366568090909091,1.9998312,0.019871700000000075,41.573349,42.77885166666723
-0.5135206727272726,1.9998646,0.01914067272727279,41.517666,42.86234666666714
-0.490781609090909,1.999918,0.01844270909090915,41.517666,42.94583000000081
-0.490781609090909,1.999918,0.01844270909090915,41.504665,42.945831666666585
-0.468311309090909,1.9997244,0.017775836363636402,41.504665,43.02939166666668
-0.468311309090909,1.9997244,0.017775836363636402,41.371819,43.02939333333343
-0.44810989090909087,1.9998026,0.017138718181818235,41.371819,43.11290666666658
-0.44810989090909087,1.9998026,0.017138718181818235,41.354984,43.11290833333332
-0.4271836727272727,1.9997511,0.016530045454545533,41.220749,43.196413333333716
-0.4074807636363636,1.999999,0.015949390909091005,41.220749,43.279830000000466
-0.4074807636363636,1.999999,0.015949390909091005,41.169777,43.27983166666721
-0.38839253636363635,2.0002499,0.015395336363636405,41.061405,43.363226666667224
-0.37180553636363634,1.9995947,0.01486631818181821,40.994034,43.44672333333389
-0.3555063727272727,1.9997263,0.014361790909090953,40.863209,43.53008833333345
-0.33885522727272727,1.9996777,0.01388045454545456,40.789711,43.61347500000071
-0.32361203636363634,2.0000048,0.013419718181818226,40.789711,43.696908333333944
-0.32361203636363634,2.0000048,0.013419718181818226,40.637596,43.69691000000069
-0.3085041090909091,1.9998531,0.012981136363636432,40.637596,43.780255000000274
-0.3085041090909091,1.9998531,0.012981136363636432,40.5961,43.78025666666702
-0.29423713636363635,2.0001345,0.012560054545454561,40.53513,43.86383166666686
-0.28252948181818177,1.9998426,0.012158863636363728,40.423183,43.94725500000059
-0.2689899090909091,2.0003347,0.011775218181818198,40.323696,44.03081999999995
-0.2582229272727272,1.9996605,0.011407409090909173,40.168915,44.11439166666727
-0.24756431818181815,1.9996777,0.011056172727272781,40.207325,44.197775000000064
-0.23685368181818178,2.0000038,0.01071962727272734,40.207325,44.28131500000018
-0.23685368181818178,2.0000038,0.01071962727272734,40.055943,44.281316666666925
-0.22706899090909088,1.9998312,0.010397054545454587,39.898407,44.364690000000216
-0.21791198181818178,1.9999647,0.010087054545454555,39.898407,44.448066666667
-0.21791198181818178,1.9999647,0.010087054545454555,39.773735,44.448068333333744
-0.20966703636363634,1.9996643,0.009789190909091007,39.764191,44.5316366666666
-0.20230726363636362,1.9999475,0.009502554545454626,39.63345,44.615211666667406
-0.1941334090909091,1.999754,0.009227500000000024,39.505676,44.69875166666655
-0.18701206363636363,1.9999361,0.008961018181818228,39.404335,44.78221833333373
-0.18086693636363635,1.9997292,0.008705045454545543,39.323765,44.86569000000018
-0.17394672727272725,2.0002298,0.008457790909090943,39.256508,44.949220000000786
-0.16917575454545453,1.999692,0.008218772727272812,39.069298,45.03271000000047
-0.1641394909090909,1.9997158,0.007988109090909119,38.980389,45.11613666666672
-0.1583428818181818,1.9997406,0.0077638818181818324,38.945232,45.19971000000078
-0.15414584545454546,1.9997177,0.007547081818181896,38.945232,45.28328500000062
-0.15414584545454546,1.9997177,0.007547081818181896,38.796059,45.28328666666736
-0.1492300909090909,1.99963,0.00733690000000009,38.751328,45.36662166666744
-0.14468799999999998,1.9997215,0.00713315454545459,38.751328,45.45010833333363
-0.14468799999999998,1.9997215,0.00713315454545459,38.568241,45.45011000000037
-0.1405187090909091,2.0001831,0.006934945454545517,38.568241,45.53365333333398
-0.1405187090909091,2.0001831,0.006934945454545517,38.559078,45.53365500000073
-0.1366702,1.999958,0.006742045454545466,38.559078,45.61717666666664
-0.1366702,1.999958,0.006742045454545466,38.433281,45.617178333333385
-0.13319362727272727,1.9997435,0.006554936363636455,38.277409,45.70053333333344
-0.1287338909090909,2.0002689,0.006372227272727348,38.277409,45.784051666666834
-0.1287338909090909,2.0002689,0.006372227272727348,38.208332,45.784053333333574
-0.12533014545454546,2.00037,0.0061948181818182275,38.092335,45.86741000000038
-0.12353029999999998,1.999712,0.006021263636363642,38.059753,45.950941666666765
-0.1203779727272727,1.999671,0.005852309090909159,37.948116,46.0343200000003
-0.11751781818181818,1.9999466,0.0056872545454545904,37.841183,46.1178216666672
-0.11542319999999999,1.9998446,0.005525836363636389,37.730774,46.20129666666714
-0.11285174545454545,1.9998865,0.005367936363636386,37.730774,46.28466333333345
-0.11285174545454545,1.9998865,0.005367936363636386,37.699448,46.284665000000196
-0.11023694545454545,2.0001202,0.00521329090909093,37.699448,46.36818666666707
-0.11023694545454545,2.0001202,0.00521329090909093,37.593819,46.36818833333382
-0.10818394545454545,1.9997072,0.005061790909090989,37.452976,46.451553333333386
-0.10575554545454545,2.0000429,0.004913045454545507,37.425919,46.53505000000005
-0.10439786363636362,1.9997053,0.0047675000000000555,37.365036,46.61845500000054
-0.10206916363636363,2.0000868,0.00462445454545455,37.365036,46.701971666667184
-0.10206916363636363,2.0000868,0.00462445454545455,37.243183,46.70197333333393
-0.10019215454545453,2.0000057,0.004483781818181885,37.243183,46.78539333333416
-0.10019215454545453,2.0000057,0.004483781818181885,37.100552,46.785394999999944
-0.09860992727272726,2.0000057,0.0043462636363636705,37.100552,46.86873500000026
-0.09860992727272726,2.0000057,0.0043462636363636705,37.106968,46.868736666667004
-0.09676152727272727,1.9999161,0.004210254545454559,36.955467,46.95225666666714
-0.0949824909090909,1.9999647,0.004076636363636461,36.871944,47.03576833333354
-0.09378953636363636,1.9997787,0.003945390909091002,36.871944,47.119211666667255
-0.09378953636363636,1.9997787,0.003945390909091002,36.85009,47.119213333333995
-0.09283065454545454,1.9997692,0.0038161090909091555,36.74387,47.20275166666737
-0.09102300909090907,1.9999952,0.003688927272727364,36.641872,47.286100000000445
-0.08841514545454544,2.0003471,0.0035636000000000504,36.612247,47.36960166666734
-0.08805014909090908,1.9999075,0.0034403272727273108,36.502022,47.45296166666667
-0.0862138918181818,2.0002279,0.0033186272727273288,36.502022,47.53647500000079
-0.0862138918181818,2.0002279,0.0033186272727273288,36.384369,47.536476666666566
-0.08577173363636363,1.9999323,0.0031988181818182696,36.315033,47.61990333333379
-0.08404211545454544,2.0003119,0.003080745454545518,36.251835,47.703403333333945
-0.08290117454545454,2.0002594,0.0029646818181818598,36.251835,47.78686499999991
-0.08290117454545454,2.0002594,0.0029646818181818598,36.128895,47.78686666666666
-0.08193449545454545,2.0000372,0.0028502909090909567,36.112289,47.87023999999995
-0.0801606609090909,2.000104,0.0027372636363636785,35.980965,47.95369166666739
-0.07916623909090909,2.0004063,0.0026258000000000214,36.005371,48.03722500000052
-0.07867032818181817,1.9996462,0.0025160727272727727,35.885002,48.1206150000003
-0.07728143181818181,2.000309,0.0024080272727273148,35.84655,48.20404833333353
-0.07727362909090908,1.9995537,0.002301009090909144,35.814232,48.28747000000052
-0.07545644545454545,1.9998503,0.002195727272727281,35.814232,48.37086166666704
-0.07545644545454545,1.9998503,0.002195727272727281,35.741398,48.37086333333379
-0.07439179818181818,2.0002718,0.002091418181818188,35.647114,48.45440500000065
-0.07436665636363636,1.9998074,0.001988409090909168,35.565895,48.53783000000015
-0.07273153818181818,2.0003223,0.0019753545454546306,35.565895,48.548518333333774
0.0,2.1906719,0.0019753545454546306,35.565895,48.63307500000034
0.0,2.1906719,0.0019753545454546306,35.513065,48.63307666666709
0.0,2.2774401,0.0019753545454546306,35.41478,48.71643833333413
0.0,2.3164396,0.0019753545454546306,35.41478,48.79978000000022
0.0,2.3164396,0.0019753545454546306,35.371975,48.799781666666966
0.0,2.3365011,0.0019753545454546306,35.302956,48.88304666666663
0.0,2.3501568,0.0019753545454546306,35.302956,48.96643166666715
0.0,2.3501568,0.0019753545454546306,35.233509,48.96643333333389
0.0,2.3611946,0.0019753545454546306,35.147842,49.04965500000011
0.0,2.3710957,0.0019753545454546306,35.147842,49.13296666666671
0.0,2.3710957,0.0019753545454546306,35.088837,49.13296833333346
0.0,2.380332,0.0019753545454546306,35.088837,49.21631500000076
0.0,2.380332,0.0019753545454546306,35.065247,49.2163166666675
0.0,2.3893023,0.0019753545454546306,34.929749,49.29971500000004
0.0,2.3979874,0.0019753545454546306,34.886909,49.38303000000015
0.0,2.4066601,0.0019753545454546306,34.856686,49.46624833333384
0.0,2.4153967,0.0019753545454546306,34.856686,49.549755000000005
0.0,2.4153967,0.0019753545454546306,34.816944,49.54975666666675
0.0,2.4240646,0.0019753545454546306,34.725975,49.633066666666615
0.0,2.4327574,0.0019753545454546306,34.651638,49.71626333333358
0.0,2.44139,0.0019753545454546306,34.641994,49.799571666666694
0.0,2.4500027,0.0019753545454546306,34.641994,49.883066666666615
0.0,2.4500027,0.0019753545454546306,34.591244,49.883068333333355
0.0,2.4585457,0.0019753545454546306,34.532593,49.96639500000068
0.0,2.4669809,0.0019753545454546306,34.478741,50.04974666666725
0.0,2.4752274,0.0019753545454546306,34.41312,50.13297500000044
0.0,2.4832592,0.0019753545454546306,34.41312,50.21623166666735
0.0,2.4832592,0.0019753545454546306,34.399113,50.216233333334095
0.0,2.4910545,0.0019753545454546306,34.317261,50.29971833333354
0.0,2.498601,0.0019753545454546306,34.317261,50.383068333333355
0.0,2.498601,0.0019753545454546306,34.276142,50.3830700000001
0.0,2.5057764,0.0019753545454546306,34.234493,50.4662983333333
0.0,2.5125942,0.0019753545454546306,34.234493,50.549571666666694
0.0,2.5125942,0.0019753545454546306,34.157051,50.54957333333344
0.0,2.5190735,0.0019753545454546306,34.147808,50.632956666667205
0.0,2.5252056,0.0019753545454546306,34.066811,50.7163433333335
0.0,2.5310163,0.0019753545454546306,34.040508,50.799703333333795
0.0,2.5364676,0.0019753545454546306,34.040508,50.88299166666693
0.0,2.5364676,0.0019753545454546306,33.957741,50.88299333333368
0.0,2.5416775,0.0019753545454546306,33.914806,50.96641833333415
0.0,2.5465879,0.0019753545454546306,33.914806,51.04974000000026
0.0,2.5465879,0.0019753545454546306,33.890747,51.04974166666701
0.0,2.5512524,0.0019753545454546306,33.814476,51.132973333333695
0.0,2.5556936,0.0019753545454546306,33.814476,51.21635000000048
0.0,2.5556936,0.0019753545454546306,33.799599,51.21635166666723
0.0,2.5599279,0.0019753545454546306,33.799599,51.299766666667225
0.0,2.5599279,0.0019753545454546306,33.72858,51.29976833333397
0.0,2.5639658,0.0019753545454546306,33.72858,51.38293000000024
0.0,2.5639658,0.0019753545454546306,33.662392,51.38293166666699
0.0,2.5678692,0.0019753545454546306,33.58744,51.46642166666667
0.0,2.5715418,0.0019753545454546306,33.549294,51.54974333333375
0.0,2.5751181,0.0019753545454546306,33.56768,51.6329600000007
0.0,2.5785847,0.0019753545454546306,33.479137,51.716436666667384
0.0,2.5818939,0.0019753545454546306,33.479137,51.799766666667225
0.0,2.5818939,0.0019753545454546306,33.435726,51.79976833333397
0.0,2.5851145,0.0019753545454546306,33.349766,51.88289000000029
0.0,2.5882626,0.0019753545454546306,33.349766,51.96638666666695
0.0,2.5882626,0.0019753545454546306,33.40807,51.9663883333337
0.0,2.5912867,0.0019753545454546306,33.40807,52.04977833333348
0.0,2.5912867,0.0019753545454546306,33.3116,52.04978000000022
0.0,2.594224,0.0019753545454546306,33.255917,52.13311166666681
0.0,2.5970755,0.0019753545454546306,33.211143,52.21642333333342
0.0,2.599823,0.0019753545454546306,33.211143,52.29975166666748
0.0,2.599823,0.0019753545454546306,33.211143,52.29975333333326
0.0,2.6025343,0.0019753545454546306,33.157173,52.38311833333379
0.0,2.6052094,0.0019753545454546306,33.134331,52.4662433333336
0.0,2.6077757,0.0019753545454546306,33.134331,52.549658333333596
0.0,2.6077757,0.0019753545454546306,33.061077,52.549660000000344
0.0,2.61028,0.0019753545454546306,33.061077,52.6329150000005
0.0,2.61028,0.0019753545454546306,33.04483,52.63291666666725
0.0,2.612771,0.0019753545454546306,33.04483,52.71637666666744
0.0,2.612771,0.0019753545454546306,33.052265,52.71637833333322
0.0,2.6151466,0.0019753545454546306,33.052265,52.79958999999993
0.0,2.6151466,0.0019753545454546306,32.942558,52.79959166666667
0.0,2.6175528,0.0019753545454546306,32.939484,52.88298833333344
0.0,2.619853,0.0019753545454546306,32.939484,52.966318333333284
0.0,2.619853,0.0019753545454546306,32.847752,52.966320000000024
0.0,2.6221247,0.0019753545454546306,32.847752,53.04962999999989
0.0,2.6221247,0.0019753545454546306,32.858734,53.049631666666635
0.0,2.6243992,0.0019753545454546306,32.809093,53.13310000000056
0.0,2.6265802,0.0019753545454546306,32.811749,53.216346666666986
0.0,2.6287289,0.0019753545454546306,32.811749,53.29964166666711
0.0,2.6287289,0.0019753545454546306,32.719505,53.299643333333854
0.0,2.6308508,0.0019753545454546306,32.704163,53.383121666667286
0.0,2.6328707,0.0019753545454546306,32.704163,53.466221666666875
0.0,2.6328707,0.0019753545454546306,32.707645,53.466223333333616
0.0,2.6349535,0.0019753545454546306,32.707645,53.54962833333411
0.0,2.6349535,0.0019753545454546306,32.625565,53.54962999999989
0.0,2.634964,0.0019753545454546306,32.625565,53.5496900000008
