Cycle,Current,Voltage,Temperature,SOC
2200.0,703.2350415582936,2.7359054,42.16526,0.0
2200.0,703.2350415582936,2.841002,42.215202,0.0003065833694726
2200.0,739.8009270036465,2.8696027,42.140285,0.00062910481141
2200.0,739.7943204646817,2.8904216,42.202736,0.0009516266171809
2200.0,739.8010847071347,2.9077907,42.115353,0.0012741481278703
2200.0,739.7922719878571,2.9229934,42.202736,0.0015966690405843
2200.0,739.8005021600338,2.9369528,42.190228,0.0019191902973082
2200.0,739.7919051072192,2.9493077,42.152794,0.0022417110500764
2200.0,739.7936235318774,2.9609807,42.177765,0.0025642325520115
2200.0,739.8011188870072,2.9720922,42.140285,0.0028867540776018
2200.0,739.7964577350734,2.9824412,42.16526,0.0032092768151403
2200.0,739.8120781139341,2.992229,42.215202,0.003531803118483
2200.0,739.8057721083919,3.0014951,42.190228,0.0038543299167292
2200.0,739.8134554041133,3.0102396,42.152794,0.0041768568205113
2200.0,739.8053726351438,3.0185432,42.16526,0.0044993834446025
2200.0,739.8143370129026,3.0265257,42.152794,0.0048219107327283
2200.0,739.805839686201,3.0341873,42.16526,0.0051444375604357
2200.0,739.812816435808,3.0416083,42.240173,0.0054669641856552
2200.0,739.806213268456,3.048588,42.190228,0.0057894911762301
2200.0,739.8132416823001,3.0554073,42.227707,0.0061120179868387
2200.0,739.8075250665731,3.0621061,42.177765,0.006434545549307
2200.0,739.8155714282105,3.0682836,42.190228,0.0067570766196789
2200.0,739.8214312164243,3.0745814,42.215202,0.0070796070005728
2200.0,739.8138532721075,3.080478,42.127819,0.0074021373218948
2200.0,739.8221510689607,3.0862944,42.202736,0.0077246680166135
2200.0,739.8152999817147,3.0919504,42.152794,0.0080471989686451
2200.0,739.8209484257177,3.0975661,42.190228,0.008369729139063
2200.0,739.814676901107,3.1028612,42.177765,0.0086922598194555
2200.0,739.8212050677289,3.1078753,42.215202,0.0090147901017582
2200.0,739.8133466826658,3.11305,42.16526,0.0093373202022268
2200.0,739.8220825993462,3.1180639,42.152794,0.0096598508670957
2200.0,739.81473603169,3.1229177,42.152794,0.0099823815732668
2200.0,739.8224885219621,3.1276913,42.140285,0.0103049124151005
2200.0,739.8200088954442,3.1324646,42.140285,0.010627445420037
2200.0,739.8216973519702,3.1369975,42.102848,0.0109499791610755
2200.0,739.8284693893593,3.1416507,42.127819,0.0112725126103106
2200.0,739.8227532308638,3.1459026,42.065411,0.0115950468116715
2200.0,739.8304105254747,3.150315,42.127819,0.0119175811071587
2200.0,739.8233050349486,3.1546071,42.127819,0.0122401155490849
2200.0,739.8300614756325,3.158819,42.027935,0.0125626496924013
2200.0,739.8224572239425,3.1628304,42.115353,0.0128851837647146
2200.0,739.8302212665333,3.1670423,42.090382,0.013207717977693
2200.0,739.821522035406,3.1707728,42.140285,0.0135302516423002
2200.0,739.8279628924727,3.1747439,42.077877,0.0138527848707244
2200.0,739.8209739788566,3.1785948,42.052906,0.0141753182964001
2200.0,739.8331770565015,3.1826062,42.090382,0.014497853797976
2200.0,739.8323064458698,3.1858153,42.102848,0.0148203921641704
2200.0,739.8336622745508,3.1895459,42.115353,0.0151429311214538
2200.0,739.839996588111,3.1933165,41.990498,0.0154654695960527
2200.0,739.8316870517713,3.1967661,42.027935,0.0157880076922152
2200.0,739.8422021664852,3.1999753,42.052906,0.0161105471283515
2200.0,739.8427223155712,3.2035053,42.090382,0.0164330900354636
2200.0,739.8502180180639,3.2071555,42.04044,0.0167556329661671
2200.0,739.8428665897986,3.2104046,42.052906,0.0170781759361772
2200.0,739.8510039354469,3.2136939,42.052906,0.017400719209507
2200.0,739.8438652545865,3.2171838,42.065411,0.0177232626148964
2200.0,739.8524218020174,3.2201121,42.090382,0.0180458065063551
2200.0,739.8456769283295,3.2234414,42.052906,0.0183683507015645
2200.0,739.8534585385594,3.2268109,42.002964,0.0186908950449958
2200.0,739.8451717671179,3.22998,42.002964,0.0190134390199743
2200.0,739.8451866962522,3.2326274,41.990498,0.0193359830014614
2200.0,739.8531746747163,3.2358365,42.04044,0.0196585272211402
2200.0,739.8457873038207,3.2387648,42.090382,0.0199810714644691
2200.0,739.8524670903371,3.2415326,42.027935,0.0203036153756715
2200.0,739.8446883708976,3.2448618,42.015469,0.0206261591399079
2200.0,739.8524773931213,3.247349,42.04044,0.020948703055602
2200.0,739.8458009511767,3.2505178,42.002964,0.0212712473048805
2200.0,739.8546530641013,3.2532055,42.052906,0.0215937921690737
2200.0,739.845750768345,3.2561738,42.027935,0.0219163363964744
2200.0,739.8538628742472,3.2587812,41.990498,0.0222388809161787
2200.0,739.8472387985539,3.2615089,41.977989,0.0225614257923033
2200.0,739.867147113808,3.2642767,41.977989,0.0228839761033657
2200.0,739.858960497164,3.2670045,41.928047,0.023206526089699
2200.0,739.8587649658333,3.2694914,42.027935,0.0235290759907882
2200.0,739.8655868880268,3.2721789,41.940556,0.0238516256216592
2200.0,739.8575780695121,3.2748666,41.977989,0.0241741750053073
2200.0,739.8639704974343,3.2772334,41.990498,0.0244967239315014
2200.0,739.856790914911,3.2800412,41.965523,0.0248192729719805
2200.0,739.8640255392529,3.2825282,41.953018,0.0251418219221704
2200.0,739.8565438213402,3.2849751,41.965523,0.0254643708549262
2200.0,739.8645157885073,3.2874219,41.903114,0.0257869200188438
2200.0,739.8577424486073,3.2897487,42.002964,0.0261094694741549
2200.0,739.8650583206971,3.2921553,41.965523,0.0264320188745932
2200.0,739.8574659606314,3.2946022,41.903114,0.0267545682093662
2200.0,739.8660961437744,3.2972097,41.915581,0.0270771180622508
2200.0,739.8572057079008,3.2995362,41.990498,0.0273996672835636
2200.0,739.8581050445716,3.3019831,41.940556,0.0277222168969526
2200.0,739.8642368563238,3.3043096,41.903114,0.0280447659392677
2200.0,739.8578212812588,3.306596,41.840668,0.0283673154289468
2200.0,739.8654074192782,3.3089228,41.878143,0.028689864981577
2200.0,739.8587086794772,3.3110087,41.965523,0.0290124148581276
2200.0,739.8661080456784,3.3131347,41.915581,0.0293349647162009
2200.0,739.8584707655481,3.3155012,41.915581,0.0296575144890301
2200.0,739.8659475345339,3.3175471,41.89061,0.0299800642771274
2200.0,739.8583844011898,3.3199136,41.865639,0.0303026140123051
2200.0,739.8661173108294,3.32212,41.89061,0.0306251638744176
2200.0,739.8570926347015,3.3242459,41.865639,0.0309477130464349
2200.0,739.8647867250337,3.3264923,41.89061,0.0312702623284692
2200.0,739.8554942290335,3.3283775,41.865639,0.0315928108036432
2200.0,739.8640995875264,3.3305838,41.878143,0.031915359786115
2200.0,739.8565907449572,3.3327098,41.878143,0.0322379087393277
2200.0,739.8566689550313,3.3348358,41.840668,0.032560457726637
2200.0,739.8627990799652,3.3367212,41.903114,0.0328830061421433
2200.0,739.8571921337596,3.3390477,41.803226,0.0332055553575384
2200.0,739.8621461345182,3.3410935,41.853172,0.0335281034883885
2200.0,739.8561432372642,3.3429787,41.840668,0.0338506522465051
2200.0,739.8651264973668,3.3448641,41.853172,0.0341732016766655
2200.0,739.8563762806415,3.3469901,41.828201,0.03449575053638
2200.0,739.865080562022,3.3487952,41.815693,0.0348182999465146
2200.0,739.85712857206,3.3510015,41.778259,0.0351408491341992
2200.0,739.8646081718266,3.3528867,41.790726,0.0354633983383919
2200.0,739.8571313308388,3.3548522,41.765751,0.0357859475272792
2200.0,739.8660989879914,3.3568981,41.790726,0.0361084973814038
2200.0,739.8588030637767,3.3587432,41.803226,0.0364310472991022
2200.0,739.8578796061604,3.3605485,41.765751,0.0367535968142087
2200.0,739.865709715875,3.3623133,41.828201,0.0370761464986273
2200.0,739.8587842894544,3.3643992,41.790726,0.0373986964081409
2200.0,739.8654125462897,3.3662043,41.728313,0.0377212459630063
2200.0,739.8583531391482,3.3681698,41.74078,0.0380437956845549
2200.0,739.8655515241038,3.3698547,41.865639,0.0383663453000088
2200.0,739.8578449139442,3.3716998,41.828201,0.0386888947999908
2200.0,739.8666211709725,3.3737857,41.74078,0.0390114448817647
2200.0,739.8584175919964,3.3753903,41.803226,0.0393339946314123
2200.0,739.8659734257589,3.3775163,41.753284,0.0396565444307971
2200.0,739.858391359163,3.3789604,41.790726,0.0399790941690082
2200.0,739.865659349401,3.3804846,41.728313,0.0403016438314692
2200.0,739.859527425666,3.382771,41.703342,0.0406241940649615
2200.0,739.8585007580958,3.3843756,41.728313,0.0409467438508663
2200.0,739.8664647858683,3.3858197,41.715809,0.041269293864463
2200.0,739.8592533424882,3.3875847,41.765751,0.0415918439784656
2200.0,739.8650840288739,3.3893898,41.678371,0.0419143933901116
2200.0,739.8584684950421,3.3911548,41.765751,0.0422369431619509
2200.0,739.866546072941,3.3927193,41.703342,0.0425594932109853
2200.0,739.859046019192,3.394444,41.765751,0.0428820432346029
2200.0,739.8667754809509,3.395808,41.728313,0.0432045933836494
2200.0,739.8602912893163,3.3976932,41.74078,0.0435271439501568
2200.0,739.8680642208375,3.3993781,41.765751,0.0438496946610385
2200.0,739.8600229067681,3.4010227,41.653397,0.0441722451105414
2200.0,739.8669341609998,3.4027474,41.678371,0.0444947953287656
2200.0,739.8606676791875,3.4043922,41.628429,0.0448173460593644
2200.0,739.8596954912927,3.4059165,41.715809,0.0451398963661268
2200.0,739.868206299241,3.407521,41.678371,0.0454624471389486
2200.0,739.8605586464623,3.4091656,41.690876,0.0457849978220134
2200.0,739.8679042590421,3.411051,41.703342,0.0461075484631587
2200.0,739.8594551970067,3.4124548,41.628429,0.046430098665162
2200.0,739.8691457574215,3.4138989,41.64093,0.0467526498475473
2200.0,739.8604938274703,3.4157441,41.690876,0.0470752005023535
2200.0,739.8684705096424,3.4171481,41.790726,0.0473977513903597
2200.0,739.8608667017189,3.4186723,41.64093,0.0477203022077247
2200.0,739.8689805221838,3.4203172,41.715809,0.0480428533180744
2200.0,739.8609492940463,3.4216409,41.690876,0.0483654041714465
2200.0,739.8696054523718,3.4232454,41.678371,0.048687955554239
2200.0,739.8629456349264,3.4248097,41.665905,0.0490105072779388
2200.0,739.8617132798001,3.4260132,41.64093,0.0493330584643792
2200.0,739.8691050223739,3.4276578,41.690876,0.0496556096290057
2200.0,739.8611566173425,3.4291821,41.690876,0.0499781605727627
2200.0,739.868393751426,3.4311075,41.603455,0.0503007114273056
2200.0,739.8599512152127,3.4322708,41.665905,0.0506232618455538
2200.0,739.8685464133953,3.4336748,41.628429,0.0509458127666508
2200.0,739.8612055428945,3.435199,41.628429,0.0512683637317375
2200.0,739.8670897404593,3.4368036,41.603455,0.0515909140177876
2200.0,739.8587184328205,3.4380071,41.590988,0.0519134638985902
2200.0,739.8677770610659,3.4394109,41.590988,0.0522360144842825
2200.0,739.8595588464278,3.4409354,41.628429,0.0525585647314731
2200.0,739.8671363105639,3.4424596,41.603455,0.0528811150378257
2200.0,739.8587816649164,3.4438233,41.603455,0.0532036649461951
2200.0,739.8585865853374,3.4453878,41.603455,0.0535262147695172
2200.0,739.8663723659573,3.4466314,41.566017,0.0538487647428229
2200.0,739.8580738069072,3.4481957,41.528542,0.0541713143425934
2200.0,739.8654948099305,3.4494393,41.566017,0.0544938639333223
2200.0,739.8589181633774,3.4507229,41.64093,0.0548164139011997
2200.0,739.8681418823619,3.4524076,41.541046,0.0551389646459385
2200.0,739.8597541091553,3.4535308,41.516075,0.055461514978256
2200.0,739.8677425882557,3.4549348,41.628429,0.0557840655489197
2200.0,739.8597639602249,3.4565394,41.590988,0.056106615885532
2200.0,739.867088336621,3.4576223,41.603455,0.0564291661709701
2200.0,739.8591244368431,3.458946,41.603455,0.0567517162287748
2200.0,739.8681256103106,3.46035,41.603455,0.0570742669664196
2200.0,739.8606303624972,3.461714,41.566017,0.0573968176807499
2200.0,739.8595705162708,3.4630377,41.578484,0.057719367933028
2200.0,739.8679534169787,3.4643614,41.590988,0.058041918595604
2200.0,739.8605768592779,3.4657652,41.528542,0.0583644692866089
2200.0,739.8675359342897,3.4669688,41.541046,0.0586870197671803
2200.0,739.8605871253479,3.4681721,41.578484,0.0590095704626608
2200.0,739.8682988534581,3.4694557,41.553513,0.0593321212758323
2200.0,739.8612231209439,3.4708998,41.566017,0.0596546722485823
2200.0,739.8681844485308,3.4722636,41.541046,0.0599772230118781
2200.0,739.8603921067247,3.4735472,41.528542,0.060299773622338
2200.0,739.8686639555166,3.4746704,41.503567,0.0606223245946783
2200.0,739.8611713877693,3.4759941,41.541046,0.0609448755448747
2200.0,739.8691376031448,3.4771976,41.503567,0.061267426723705
2200.0,739.8619148291561,3.4784412,41.466133,0.0615899779980132
2200.0,739.8621260708358,3.4796045,41.528542,0.0619125293644146
2200.0,739.8686658232679,3.4813292,41.528542,0.0622350803375691
2200.0,739.8614102660426,3.4821715,41.453667,0.0625576313919072
2200.0,739.8688518227445,3.4835355,41.516075,0.0628801824461496
2200.0,739.8627063782696,3.4846187,41.541046,0.0632027340655426
2200.0,739.8704776616065,3.4859424,41.516075,0.0635252858285809
2200.0,739.8625836249099,3.4871857,41.453667,0.0638478373944582
2200.0,739.8692125180642,3.4885097,41.453667,0.0641703886059482
2200.0,739.8622344809962,3.4895926,41.416187,0.0644929400196123
2200.0,739.8705362557454,3.4909966,41.516075,0.0648154918081951
2200.0,739.86371110985,3.4920394,41.516075,0.0651380438656124
2200.0,739.8717564772306,3.4933231,41.466133,0.0654605961861594
2200.0,739.8646460665026,3.4945266,41.478634,0.0657831486511817
2200.0,739.8649617632784,3.4955294,41.528542,0.0661057012538357
2200.0,739.871333159459,3.4966927,41.528542,0.0664282533898344
2200.0,739.864085668708,3.4979763,41.466133,0.0667508056105449
2200.0,739.8722443948911,3.4990592,41.428692,0.067073358143803
2200.0,739.8630757246557,3.5004232,41.466133,0.0673959099242169
2200.0,739.8715226502292,3.5016265,41.416187,0.0677184621428253
2200.0,739.8632973056648,3.5027497,41.4911,0.0680410140198399
2200.0,739.8708722316834,3.5037124,41.416187,0.0683635659548938
2200.0,739.8634197538364,3.504916,41.528542,0.0686861178852911
2200.0,739.8724436756943,3.5061593,41.403721,0.0690086705054272
2200.0,739.8644411968612,3.5071621,41.4911,0.0693312228811343
2200.0,739.8709232329044,3.5085261,41.478634,0.0696537748384225
2200.0,739.8639936647527,3.509609,41.416187,0.0699763270190228
2200.0,739.865428033105,3.5107322,41.428692,0.0702988798249525
2200.0,739.8718319048435,3.5117753,41.428692,0.0706214321783827
2200.0,739.8646361177965,3.5130186,41.428692,0.0709439846390678
2200.0,739.871284709504,3.5141017,41.453667,0.0712665367539443
2200.0,739.8659479403661,3.5149844,41.466133,0.0715890897865335
2200.0,739.8710110019184,3.5163081,41.466133,0.0719116417820852
2200.0,739.8644225812336,3.5172305,41.428692,0.0722341941496766
2200.0,739.8711936445485,3.5184741,41.428692,0.0725567462248527
2200.0,739.8640690183473,3.5194769,41.37875,0.0728792984383044
2200.0,739.8723680772092,3.5206804,41.453667,0.0732018510254827
2200.0,739.8645121193841,3.5217233,41.403721,0.0735244034321093
2200.0,739.8733155066055,3.5227661,41.391216,0.0738469564323261
2200.0,739.8649352497491,3.5234079,41.441158,0.0741695090234212
2200.0,739.8652649357306,3.5247319,41.453667,0.0744920617582467
2200.0,739.8720987641866,3.5258148,41.37875,0.0748146142280161
2200.0,739.8652329289954,3.526938,41.403721,0.0751371669488879
2200.0,739.8731163356671,3.5280612,41.4911,0.0754597198622748
2200.0,739.8657372113493,3.5290639,41.403721,0.0757822728029942
2200.0,739.8736373467792,3.5300667,41.34127,0.0761048259435196
2200.0,739.865856314756,3.5313103,41.391216,0.0764273789361635
2200.0,739.8730941553755,3.532233,41.266396,0.0767499318398808
2200.0,739.8636605974533,3.5331154,41.428692,0.0770724838752766
2200.0,739.8714503231546,3.5341585,41.366245,0.0773950360623536
2200.0,739.8641509882125,3.5352414,41.416187,0.0777175883115409
2200.0,739.8709499298507,3.5360837,41.353779,0.0780401402804678
2200.0,739.8647512051576,3.5372472,41.37875,0.0783626927913266
2200.0,739.8638570565303,3.5380895,41.391216,0.078685244912371
2200.0,739.8731034815212,3.5392127,41.391216,0.079007797820154
2200.0,739.8645361793609,3.5401754,41.316303,0.0793303502372699
2200.0,739.8708099266241,3.5411382,41.453667,0.0796529021451614
2200.0,739.8653900694088,3.5420606,41.391216,0.0799754549345404
2200.0,739.87186657298,3.5433443,41.416187,0.0802980073030844
2200.0,739.8643193834683,3.5441465,41.353779,0.0806205596256855
2200.0,739.8716991526624,3.5451093,41.353779,0.0809431119212414
2200.0,739.8642781360654,3.5461521,41.353779,0.0812656642258603
2200.0,739.8717412793468,3.5469544,41.353779,0.0815882165397817
2200.0,739.8633984526512,3.5479171,41.328808,0.0819107684608925
2200.0,739.8707777120902,3.5486393,41.278862,0.0822333203547399
2200.0,739.8631057172162,3.5495217,41.391216,0.0825558721482294
2200.0,739.8621162442458,3.5508053,41.316303,0.0828784235103468
2200.0,739.8694927930528,3.5516076,41.34127,0.0832009748440246
2200.0,739.8626487612912,3.5524099,41.328808,0.0835235264382989
2200.0,739.8696609824234,3.5533726,41.278862,0.0838460778453001
2200.0,739.8617948101596,3.5542953,41.37875,0.0841686290672846
2200.0,739.8688136389627,3.555258,41.416187,0.0844911801048805
2200.0,739.8616165395338,3.5561004,41.34127,0.0848137312491459
2200.0,739.8707740255727,3.5568223,41.29137,0.0851362831413861
2200.0,739.8633219881934,3.557745,41.34127,0.0854588350291614
2200.0,739.8716714059004,3.5586274,41.34127,0.0857813873126209
2200.0,739.8638574470768,3.5595901,41.34127,0.0861039394338356
2200.0,739.8721371921777,3.5600715,41.391216,0.0864264919203579
2200.0,739.8640748166903,3.5610743,41.303837,0.0867490441363374
2200.0,739.8653578552246,3.561676,41.366245,0.0870715969116722
2200.0,739.8730097920908,3.5627992,41.366245,0.0873941497786107
2200.0,739.8642011222896,3.5636816,41.353779,0.0877167020496545
2200.0,739.8721373020168,3.5644038,41.366245,0.0880392545362248
2200.0,739.8634454006582,3.5650856,41.29137,0.0883618064778031
2200.0,739.870793154081,3.5659683,41.316303,0.0886843583783825
2200.0,739.8641608637103,3.5665698,41.29137,0.0890069106318752
2200.0,739.8710748816627,3.5675325,41.328808,0.0893294626552758
2200.0,739.8637322889703,3.5680943,41.328808,0.0896520147219264
2200.0,739.8715763248845,3.5690167,41.29137,0.0899745669639346
2200.0,739.8655043632963,3.5698993,41.303837,0.0902971198031413
2200.0,739.8734461348038,3.5706613,41.353779,0.0906196728603065
2200.0,739.8646424043483,3.5712631,41.328808,0.0909422253237323
2200.0,739.8640635497231,3.5717845,41.22892,0.0912647775347998
2200.0,739.8713520682378,3.5728676,41.278862,0.0915873296790418
2200.0,739.8651551827785,3.5733089,41.29137,0.0919098823660193
2200.0,739.8733350380448,3.5742314,41.316303,0.092232435374751
2200.0,739.8650451124881,3.5748732,41.29137,0.092554988013742
2200.0,739.8728972426364,3.575515,41.316303,0.0928775408316137
2200.0,739.8632575597481,3.5761569,41.303837,0.0932000926913007
2200.0,739.8722062842927,3.5767186,41.278862,0.0935226452079442
2200.0,739.8628654114834,3.577601,41.316303,0.0938451968966696
2200.0,739.8708236840396,3.5781627,41.253891,0.0941677488105588
2200.0,739.8639226567433,3.5789247,41.316303,0.0944903009602024
2200.0,739.8718564777813,3.5794461,41.303837,0.0948128533243454
2200.0,739.8634379421597,3.5801682,41.303837,0.0951354052626721
2200.0,739.869547554077,3.5808501,41.216454,0.0954579566202234
2200.0,739.8620815642565,3.5812914,41.22892,0.0957805079672216
2200.0,739.8613107914387,3.5819333,41.266396,0.0961030589781927
2200.0,739.8701032333,3.5822542,41.303837,0.0964256105779963
2200.0,739.8612567512305,3.5830564,41.253891,0.0967481615654078
2200.0,739.8706799210097,3.5836983,41.203949,0.0970707134166225
2200.0,739.8642222159746,3.5842998,41.266396,0.0973932656968624
2200.0,739.8708909329088,3.585022,41.22892,0.0977158176400692
2200.0,739.8639602054388,3.5855033,41.278862,0.0980383698060826
2200.0,739.8720185024753,3.5859044,41.303837,0.0983609222408613
2200.0,739.8644256085836,3.5866666,41.266396,0.0986834746097725
2200.0,739.8706710831033,3.587148,41.216454,0.0990060264571343
2200.0,739.8636390277609,3.5876694,41.278862,0.0993285784831266
2200.0,739.8709399931948,3.5882711,41.316303,0.0996511304477216
2200.0,739.8642341787786,3.5888326,41.278862,0.0999736827331768
2200.0,739.8641444453037,3.589314,41.22892,0.1002962349795116
2200.0,739.8721268161141,3.5897152,41.303837,0.1006187874615105
2200.0,739.8640226562882,3.5905976,41.316303,0.10094133965475
2200.0,739.8718416949022,3.5909989,41.216454,0.1012638920124482
2200.0,739.8648407800144,3.5918412,41.241425,0.1015864445623582
2200.0,739.8725391108353,3.5918813,41.29137,0.1019089972240998
2200.0,739.867446883606,3.5925231,41.191483,0.1022315509101705
2200.0,739.8734656783166,3.5930045,41.278862,0.1025541039758557
2200.0,739.866894456998,3.5933254,41.266396,0.1028766574210897
2200.0,739.8726062254112,3.5940073,41.241425,0.1031992101120904
2200.0,739.8644524516781,3.5946491,41.154007,0.1035217624927042
2200.0,739.8712901905126,3.59501,41.216454,0.1038443146099701
2200.0,739.8647348600362,3.5956519,41.253891,0.1041668671137031
2200.0,739.8645772679924,3.5960932,41.29137,0.104489419548732
2200.0,739.8715665713535,3.5966146,41.241425,0.1048119717864881
2200.0,739.8632441931455,3.596735,41.22892,0.1051345236403478
2200.0,739.8702843011685,3.5973368,41.29137,0.1054570753190892
2200.0,739.863215128376,3.5979786,41.241425,0.1057796271602777
2200.0,739.8708601222131,3.5980988,41.303837,0.1061021790900523
2200.0,739.863196793406,3.598861,41.266396,0.1064247309232475
2200.0,739.870965689234,3.5991819,41.29137,0.1067472828990449
2200.0,739.8649651201936,3.5997837,41.278862,0.1070698355031624
2200.0,739.8714507626902,3.6003852,41.216454,0.1073923876904309
2200.0,739.8624389477362,3.6007464,41.253891,0.1077149391932346
2200.0,739.8698953465214,3.6010673,41.203949,0.1080374907024085
2200.0,739.864175060365,3.6013479,41.29137,0.1083600429620903
2200.0,739.8647237639395,3.6020701,41.203949,0.1086825954609858
2200.0,739.8722463113205,3.6025515,41.191483,0.1090051479950794
2200.0,739.8640176636969,3.6029925,41.253891,0.1093277001861424
2200.0,739.8716487495454,3.6033134,41.253891,0.1096502524597247
2200.0,739.8645411474981,3.6036747,41.328808,0.1099728048790064
2200.0,739.871950167314,3.6043565,41.191483,0.110295357283994
2200.0,739.8636480730019,3.6046774,41.203949,0.1106179093139296
2200.0,739.8717230297563,3.6049583,41.29137,0.110940461619895
2200.0,739.8641723626571,3.6055198,41.191483,0.1112630138784007
2200.0,739.8731511380713,3.6059611,41.29137,0.1115855668069599
2200.0,739.8643476547898,3.6062417,41.22892,0.1119081191418863
2200.0,739.8726430298088,3.6068435,41.303837,0.1122306718489321
2200.0,739.8658899693942,3.6073248,41.22892,0.1125532248562482
2200.0,739.8649676959388,3.6077662,41.29137,0.1128757774614886
2200.0,739.872412987116,3.6082075,41.278862,0.1131983300682457
2200.0,739.8641301997411,3.6086085,41.166512,0.1135208823083701
2200.0,739.8718060868148,3.6089694,41.278862,0.1138434346505447
2200.0,739.8657948649062,3.6092503,41.203949,0.1141659876163989
2200.0,739.873020802914,3.6098118,41.29137,0.1144885404881376
2200.0,739.866020388727,3.6100926,41.22892,0.1148110935523115
2200.0,739.8731966705619,3.610534,41.266396,0.1151336465007209
2200.0,739.8644559062299,3.6108549,41.22892,0.1154561988828407
2200.0,739.8736039969936,3.6114566,41.22892,0.115778752008827
2200.0,739.8656874312912,3.6116171,41.22892,0.1161013049278443
2200.0,739.8729939228683,3.612339,41.22892,0.1164238577878644
2200.0,739.8647033660404,3.6124995,41.216454,0.1167464102778672
2200.0,739.8646372163814,3.6131814,41.22892,0.1170689627390312
2200.0,739.8727093021994,3.6134622,41.278862,0.117391515474969
2200.0,739.8657236860263,3.6136627,41.216454,0.1177140684097919
2200.0,739.8719096518679,3.6142244,41.278862,0.1180366207971165
2200.0,739.8634416898005,3.6146655,41.303837,0.118359172737077
2200.0,739.8712465866786,3.6152272,41.22892,0.1186817248353336
2200.0,739.8648487633515,3.6152673,41.203949,0.119004277388724
2200.0,739.8731462917968,3.6159091,41.22892,0.1193268303151705
2200.0,739.862999797289,3.6162701,41.216454,0.1196493820624829
2200.0,739.8712890430082,3.616591,41.29137,0.1199719341792486
2200.0,739.8632076821046,3.6169922,41.253891,0.1202944860171909
2200.0,739.8697335536305,3.6172729,41.216454,0.12061703745583
2200.0,739.8619350804852,3.6177142,41.253891,0.120939588738967
2200.0,739.8637161147705,3.6182759,41.29137,0.1212621407985662
2200.0,739.871625641479,3.6186769,41.253891,0.1215846930620744
2200.0,739.8640063111923,3.6192787,41.22892,0.1219072452481881
2200.0,739.8701452135664,3.6194391,41.266396,0.1222297968662933
2200.0,739.8622492880527,3.61976,41.253891,0.1225523482864127
2200.0,739.8709143217633,3.6203616,41.266396,0.122874900239816
2200.0,739.8634702419072,3.6207628,41.253891,0.1231974521922242
2200.0,739.871354546218,3.6209233,41.253891,0.1235200043375465
2200.0,739.8650543776354,3.6216855,41.141541,0.1238425569805768
2200.0,739.872142905066,3.621846,41.216454,0.1241651094695897
2200.0,739.8625442817923,3.6220465,41.303837,0.124487661018315
2200.0,739.8695703935057,3.6223273,41.22892,0.1248102123858233
2200.0,739.8628444025175,3.6228487,41.303837,0.1251327640653897
2200.0,739.8620013522092,3.6234906,41.241425,0.1254553153774185
2200.0,739.8689651412519,3.623651,41.278862,0.1257778664810629
2200.0,739.86321804576,3.6239719,41.203949,0.1261004183235232
2200.0,739.8706883195852,3.6245334,41.241425,0.1264229701783994
2200.0,739.8638686774398,3.6249747,41.253891,0.1267455223045101
2200.0,739.8712848804274,3.6252556,41.303837,0.1270680744194611
2200.0,739.8641673821905,3.6256166,41.241425,0.1273906266757955
2200.0,739.8712621996439,3.6262584,41.266396,0.1277131787808587
2200.0,739.8641671746392,3.6263385,41.216454,0.1280357310371027
2200.0,739.8708383936074,3.6267798,41.216454,0.1283582829574046
2200.0,739.8632173744538,3.6270607,41.22892,0.1286808347995723
2200.0,739.8707113420108,3.6274617,41.253891,0.1290033866644852
2200.0,739.8640616332874,3.6278629,41.178978,0.1293259388747172
2200.0,739.864574973058,3.6283443,41.178978,0.1296484913087456
2200.0,739.8703108150155,3.6288657,41.154007,0.1299710429990459
2200.0,739.8634269681793,3.629307,41.278862,0.1302935949325884
2200.0,739.8718101273806,3.6296279,41.278862,0.1306161472765246
2200.0,739.8636294208469,3.6297882,41.253891,0.1309386992983286
2200.0,739.8705320686336,3.6301894,41.266396,0.131261251085086
2200.0,739.8628677788331,3.6309516,41.216454,0.1315838027748435
2200.0,739.8704907476834,3.6311922,41.203949,0.1319063545435868
2200.0,739.8629261281503,3.6316736,41.22892,0.1322289062587823
2200.0,739.8715711856715,3.6321149,41.216454,0.1325514584985501
2200.0,739.8636325336577,3.6323154,41.29137,0.1328740105217112
2200.0,739.871469451714,3.6327567,41.278862,0.1331965627171274
2200.0,739.863580458563,3.6330776,41.216454,0.1335191147175858
2200.0,739.8644046125864,3.633559,41.29137,0.1338416670773436
2200.0,739.8718558551975,3.6338799,41.29137,0.1341642194412151
2200.0,739.8652282170616,3.6343613,41.278862,0.1344867721600326
2200.0,739.8708981717783,3.6346018,41.278862,0.1348093241063953
2200.0,739.8623905471252,3.6349628,41.203949,0.1351318755880982
2200.0,739.8707933982901,3.6354442,41.22892,0.135454427488784
2200.0,739.86269192513,3.6358054,41.278862,0.1357769791018761
2200.0,739.870834548368,3.6361663,41.216454,0.1360995310205017
2200.0,739.8636162739459,3.6365273,41.191483,0.1364220830365742
2200.0,739.8714046686234,3.6371691,41.241425,0.1367446352037477
2200.0,739.8624647289778,3.63745,41.278862,0.137067186717791
2200.0,739.8706364759743,3.6378109,41.29137,0.1373897385500656
2200.0,739.8631116253459,3.6382923,41.278862,0.1377122903461307
2200.0,739.8625724921579,3.6388941,41.22892,0.1380348419071546
2200.0,739.8696389363996,3.6389341,41.253891,0.1383573933045447
2200.0,739.8627787167669,3.6392951,41.34127,0.1386799449554746
2200.0,739.8697981413434,3.6398969,41.278862,0.1390024964222712
2200.0,739.8638858161116,3.6400974,41.241425,0.1393250485558537
2200.0,739.8722213113299,3.6405787,41.303837,0.1396476010790484
2200.0,739.8645485815426,3.6411002,41.241425,0.1399701535015711
2200.0,739.8712749194453,3.641341,41.34127,0.1402927056121795
2200.0,739.8638981573632,3.641742,41.178978,0.1406152577511423
2200.0,739.8715956485912,3.642103,41.278862,0.1409378100015749
2200.0,739.8638476693692,3.6426246,41.22892,0.1412603621185269
2200.0,739.8720571258183,3.643106,41.266396,0.1415829145701438
2200.0,739.8636279315108,3.6434669,41.303837,0.1419054665912985
2200.0,739.8662181540171,3.6437476,41.22892,0.1422280197416905
2200.0,739.8734150066643,3.6442289,41.316303,0.1425505727852851
2200.0,739.8668581412305,3.6445098,41.22892,0.1428731262146867
2200.0,739.8730375876331,3.6451917,41.278862,0.1431956790937429
2200.0,739.8665106452198,3.6451917,41.328808,0.1435182323716497
2200.0,739.8718145219691,3.6459138,41.29137,0.1438407847175017
2200.0,739.8643502915163,3.6459539,41.253891,0.1441633370535775
2200.0,739.8724795279397,3.6467161,41.29137,0.1444858896893436
2200.0,739.864838253177,3.6471171,41.266396,0.1448084422381519
2200.0,739.873672845053,3.6473579,41.316303,0.145130995394153
2200.0,739.8648726157002,3.647759,41.203949,0.1454535479579421
2200.0,739.8719896815204,3.6481199,41.216454,0.1457761003801561
2200.0,739.8644748392979,3.6485612,41.303837,0.14609865277053
2200.0,739.8653666685881,3.6488421,41.253891,0.1464212055497071
2200.0,739.8722383890387,3.6492431,41.166512,0.146743758080347
2200.0,739.8654479792716,3.6497648,41.29137,0.1470663108949724
2200.0,739.8723399764247,3.6501257,41.29137,0.1473888634699
2200.0,739.8669394519139,3.6505268,41.266396,0.14771141693475
2200.0,739.8727045047309,3.650928,41.303837,0.1480339696685962
2200.0,739.8644435650806,3.6513691,41.303837,0.1483565220453358
2200.0,739.8728036019353,3.6515296,41.266396,0.1486790748223842
2200.0,739.8643558457293,3.6520512,41.278862,0.1490016271608815
2200.0,739.871385222697,3.6525326,41.316303,0.1493241793195774
2200.0,739.864706002767,3.6528132,41.278862,0.1496467318107297
2200.0,739.8715141907229,3.6533346,41.303837,0.1499692840256501
2200.0,739.8649603960839,3.6538563,41.353779,0.1502918366277081
2200.0,739.8644920144972,3.6539364,41.29137,0.1506143890255697
2200.0,739.8715949895052,3.6546586,41.278862,0.150936941275715
2200.0,739.8647025847938,3.6549795,41.241425,0.1512594937653772
2200.0,739.8719400474821,3.6553404,41.316303,0.1515820461659529
2200.0,739.8635295555684,3.6554608,41.303837,0.1519045981442195
2200.0,739.8714155085232,3.6561027,41.278862,0.1522271503161188
2200.0,739.8642880725956,3.6565037,41.303837,0.1525497026250696
2200.0,739.8725011711092,3.6571054,41.278862,0.1528722552702711
2200.0,739.8663375381835,3.6575065,41.366245,0.15319480847271
2200.0,739.8723211287045,3.6577873,41.278862,0.1535173610394208
2200.0,739.8650164626937,3.6583891,41.278862,0.1538399136659216
2200.0,739.872768933901,3.6586697,41.278862,0.1541624664278562
2200.0,739.8651194651345,3.6589906,41.266396,0.1544850190992621
2200.0,739.8727040897775,3.6594319,41.316303,0.1548075718329275
2200.0,739.8632429479904,3.6597929,41.29137,0.1551301236862443
2200.0,739.862274715224,3.6601138,41.22892,0.1554526751174489
2200.0,739.8707091936761,3.6607156,41.29137,0.1557752269814252
2200.0,739.8632882237173,3.6609964,41.303837,0.1560977788544805
2200.0,739.8692902650374,3.6615579,41.253891,0.1564203300998648
2200.0,739.8630091722488,3.6618788,41.278862,0.1567428818512644
2200.0,739.8698141690576,3.6621997,41.278862,0.1570654333250484
2200.0,739.8631429241708,3.6628015,41.278862,0.1573879851347586
2200.0,739.8701640002533,3.6631625,41.266396,0.157710536761054
2200.0,739.8622265343913,3.6633229,41.29137,0.1580330881712537
2200.0,739.8697500941148,3.6637239,41.253891,0.1583556396171037
2200.0,739.8619286598462,3.6642053,41.266396,0.1586781908974416
2200.0,739.8696396808193,3.6646066,41.253891,0.1590007422951562
2200.0,739.8616098867615,3.665128,41.316303,0.1593232934365212
2200.0,739.8614266356947,3.6652884,41.253891,0.1596458444979959
2200.0,739.868864152021,3.6661711,41.29137,0.1599683955576132
2200.0,739.8617046372303,3.6663315,41.266396,0.1602909467402858
2200.0,739.8696456136673,3.6667325,41.266396,0.1606134981405869
2200.0,739.863605360691,3.6673744,41.278862,0.1609360501519017
2200.0,739.8694599074105,3.6676552,41.316303,0.1612586014712428
2200.0,739.8617131698597,3.6682167,41.266396,0.1615811526576353
2200.0,739.8688320474287,3.6686981,41.253891,0.1619037037032564
2200.0,739.8611432136754,3.6688185,41.34127,0.16222625464117
2200.0,739.8694546459778,3.6692195,41.328808,0.1625488059582174
2200.0,739.8616652821672,3.6697412,41.278862,0.1628713571237327
2200.0,739.8706202037696,3.6699417,41.253891,0.1631939089489132
2200.0,739.8626100772786,3.6703427,41.29137,0.1635164605263228
2200.0,739.8628508236682,3.670784,41.303837,0.1638390122086885
2200.0,739.8697878507927,3.6711049,41.253891,0.1641615636709988
2200.0,739.8613372805395,3.6718268,41.303837,0.1644841146935181
2200.0,739.8695345289053,3.6719472,41.191483,0.164806666045391
2200.0,739.8604613570442,3.6722682,41.303837,0.1651292166860413
2200.0,739.868387794226,3.6728699,41.34127,0.1654517675379871
2200.0,739.8619565892475,3.6734314,41.29137,0.1657743188305011
2200.0,739.8714996888876,3.6737123,41.266396,0.1660968710390994
2200.0,739.8650284863,3.6741936,41.316303,0.1664194236708421
2200.0,739.8710494056343,3.674715,41.278862,0.1667419756831362
2200.0,739.8625911075809,3.6749156,41.278862,0.1670645272522757
2200.0,739.8703408080056,3.6754773,41.278862,0.1673870789556517
2200.0,739.8614733883261,3.6760387,41.303837,0.1677096300375087
2200.0,739.8626045722294,3.6758382,41.328808,0.1680321816125182
2200.0,739.8696648276373,3.6766405,41.278862,0.1683547330211958
2200.0,739.862605072614,3.677202,41.316303,0.1686772845964235
2200.0,739.8693900090495,3.6775632,41.303837,0.1689998358852919
2200.0,739.8614926874868,3.6778841,41.241425,0.1693223869755626
2200.0,739.8682676399337,3.6782851,41.278862,0.1696449377751263
2200.0,739.8620395235079,3.6784856,41.303837,0.1699674891037964
2200.0,739.8691119924906,3.6789269,41.278862,0.1702900402714616
2200.0,739.8610772112515,3.6796892,41.253891,0.1706125911806006
2200.0,739.870281859486,3.6798096,41.34127,0.1709351428582776
2200.0,739.8625255075725,3.680331,41.241425,0.171257694398818
2200.0,739.8705096198065,3.6806519,41.303837,0.1715802461757887
2200.0,739.8632876621979,3.681093,41.303837,0.1719027980485991
2200.0,739.8623745804001,3.6814542,41.22892,0.1722253495233411
2200.0,739.8700880355697,3.6820157,41.34127,0.1725479011165192
2200.0,739.8622455163161,3.6821761,41.29137,0.1728704525349942
2200.0,739.8703349849967,3.682858,41.278862,0.1731930042358316
2200.0,739.862021725552,3.6831789,41.253891,0.1735155555567425
2200.0,739.8688417886813,3.6837003,41.253891,0.1738381066066104
2200.0,739.8618852883537,3.6838608,41.29137,0.1741606578680399
2200.0,739.8701458846236,3.6843021,41.29137,0.1744832094864376
2200.0,739.8619252052944,3.6849039,41.29137,0.1748057607652694
2200.0,739.8675460293605,3.6852248,41.316303,0.1751283112502419
2200.0,739.8614425415408,3.6855056,41.253891,0.1754508623186509
2200.0,739.8696090169254,3.6858666,41.29137,0.1757734137029973
2200.0,739.8610382583481,3.6865084,41.253891,0.1760959645951544
2200.0,739.8614855588094,3.6868694,41.303837,0.1764185156823173
2200.0,739.867654330849,3.6869898,41.253891,0.1767410662145045
2200.0,739.8595614829242,3.6875913,41.303837,0.1770636164628445
2200.0,739.868818619684,3.6880727,41.278862,0.1773861675026117
2200.0,739.8605207679585,3.6885943,41.303837,0.1777087181691629
2200.0,739.8680216059521,3.6888349,41.278862,0.1780312688614664
2200.0,739.8606145057893,3.6891558,41.316303,0.1783538195688837
2200.0,739.8684698868284,3.6895571,41.266396,0.1786763704566183
2200.0,739.8617911725615,3.6899981,41.22892,0.178998921677017
2200.0,739.8683507215487,3.6903591,41.253891,0.1793214725128007
2200.0,739.8601332578054,3.6910813,41.216454,0.1796440230104125
2200.0,739.8684336685634,3.6914423,41.29137,0.1799665738823575
2200.0,739.8602737845902,3.6918032,41.303837,0.1802891244412335
2200.0,739.860310527483,3.692044,41.22892,0.180611675016128
2200.0,739.8676513522489,3.692445,41.303837,0.1809342255470168
2200.0,739.8595503748053,3.6929264,41.303837,0.181256775790514
2200.0,739.8674427577062,3.6932876,41.191483,0.1815793262304645
2200.0,739.8593681490639,3.6935682,41.328808,0.1819018763945183
2200.0,739.8681189328382,3.6940897,41.328808,0.1822244271292521
2200.0,739.8611375257332,3.6942101,41.29137,0.1825469780646859
2200.0,739.8675464325473,3.6946514,41.241425,0.1828695285498341
2200.0,739.8595700645639,3.6953733,41.266396,0.1831920788019153
2200.0,739.8669983580344,3.695574,41.266396,0.1835146290481266
2200.0,739.8604141648561,3.695935,41.266396,0.183837179668203
2200.0,739.8675792204752,3.6964564,41.241425,0.1841597301676454
2200.0,739.8593529390804,3.6967373,41.278862,0.1844822803250683
2200.0,739.8586264657507,3.6972587,41.266396,0.1848048301657767
2200.0,739.8662611470811,3.6974192,41.29137,0.1851273800905957
2200.0,739.8591406841233,3.6979806,41.266396,0.1854499301554836
2200.0,739.8658053342177,3.6983016,41.266396,0.1857724798815877
2200.0,739.8576877247252,3.6986628,41.241425,0.1860950293130413
2200.0,739.865425803226,3.6989434,41.216454,0.1864175788736862
2200.0,739.8605457557776,3.6995451,41.278862,0.1867401295511312
2200.0,739.8660462166057,3.6997457,41.241425,0.1870626793822497
2200.0,739.858913964311,3.7001469,41.316303,0.1873852293482965
2200.0,739.8657287222146,3.7005079,41.253891,0.187707779041001
2200.0,739.8595649500611,3.7011096,41.241425,0.1880303292908525
2200.0,739.8662128312146,3.7014706,41.29137,0.1883528791946078
2200.0,739.8580151158745,3.701992,41.22892,0.1886754287687913
2200.0,739.8588026852395,3.7023129,41.191483,0.1889979786863247
2200.0,739.8665791544981,3.7025537,41.178978,0.1893205287497813
2200.0,739.858241249867,3.7030752,41.241425,0.1896430784225505
2200.0,739.8667645799412,3.7034762,41.266396,0.1899656285668446
2200.0,739.8587960692249,3.7037971,41.253891,0.1902881784814936
2200.0,739.8665959265809,3.7042785,41.253891,0.1906107285522621
2200.0,739.8586680793742,3.7044389,41.22892,0.1909332784111125
2200.0,739.8676886937687,3.7049603,41.278862,0.1912558289582805
2200.0,739.861095362766,3.7052813,41.278862,0.191578379875333
2200.0,739.8665336462572,3.7057626,41.253891,0.1919009299189499
2200.0,739.8594397184904,3.7062039,41.303837,0.1922234801142052
2200.0,739.8680191767013,3.7067657,41.241425,0.1925460308054496
2200.0,739.8591724957131,3.7068858,41.22892,0.1928685808842061
2200.0,739.8606944001402,3.7071667,41.241425,0.1931911316264543
2200.0,739.8682301763477,3.7076881,41.29137,0.1935136824096855
2200.0,739.8614390743527,3.7079289,41.216454,0.1938362334765829
2200.0,739.8689783248641,3.7082095,41.22892,0.1941587845859747
2200.0,739.861653172921,3.7086508,41.203949,0.1944813357462108
2200.0,739.8684228407371,3.7091722,41.216454,0.1948038866134354
2200.0,739.8612105845469,3.7092526,41.266396,0.1951264375807201
2200.0,739.869199590658,3.709774,41.34127,0.1954489887865743
2200.0,739.8610230610008,3.7102554,41.216454,0.1957715396721059
2200.0,739.8684301160578,3.7104959,41.253891,0.1960940905425023
2200.0,739.8620738497082,3.7108972,41.266396,0.1964166418861372
2200.0,739.8690431931861,3.7113786,41.266396,0.1967391930238089
2200.0,739.8620699923316,3.7118599,41.241425,0.1970617443657622
2200.0,739.8618162698094,3.7121809,41.266396,0.1973842955971023
2200.0,739.8691317925933,3.7124214,41.216454,0.1977068467733995
2200.0,739.8613602297299,3.7125819,41.253891,0.1980293978059237
2200.0,739.8702330190827,3.713264,41.22892,0.1983519494623083
2200.0,739.861240308498,3.713665,41.178978,0.1986745004425515
2200.0,739.8693849430967,3.7137854,41.29137,0.1989970517292114
2200.0,739.8625935249383,3.7143469,41.216454,0.1993196032994048
2200.0,739.8695079539228,3.7147481,41.166512,0.1996421546396921
2200.0,739.8621452971719,3.7146678,41.203949,0.1999647060144755
2200.0,739.8700106055798,3.7151492,41.266396,0.2002872575738973
2200.0,739.8616780873272,3.7159915,41.216454,0.2006098087449952
2200.0,739.8699866435102,3.716152,41.216454,0.2009323602939707
2200.0,739.8600971615604,3.7162724,41.22892,0.2012549107758459
2200.0,739.8606033604779,3.7167938,41.216454,0.2015774614784042
2200.0,739.8680694945356,3.7173555,41.253891,0.2019000121915851
2200.0,739.8613108281962,3.7173152,41.303837,0.2022225632025721
2200.0,739.8694653024202,3.7176361,41.178978,0.2025451145242652
2200.0,739.8611823498297,3.7181578,41.129032,0.2028676654792406
2200.0,739.8705172611212,3.7185187,41.22892,0.2031902172595426
2200.0,739.8623588824124,3.7190402,41.241425,0.2035127687274409
2200.0,739.869617268827,3.7191606,41.241425,0.2038353201153848
2200.0,739.860799124076,3.7193611,41.166512,0.2041578709032886
2200.0,739.8695351149869,3.7199628,41.216454,0.204480422255417
2200.0,739.8625268014819,3.7202435,41.253891,0.2048029737965215
2200.0,739.8698083830881,3.7204843,41.191483,0.2051255252677831
2200.0,739.8630625045208,3.7210057,41.191483,0.2054480770424335
2200.0,739.8619071509817,3.7211661,41.253891,0.2057706283133943
2200.0,739.8696851768333,3.721848,41.216454,0.2060931797309432
2200.0,739.8606563512135,3.7220488,41.191483,0.2064157304566035
2200.0,739.866900676921,3.7227306,41.178978,0.20673828066023
2200.0,739.8603700240882,3.7227707,41.191483,0.2070608312610627
2200.0,739.8660624032719,3.7230115,41.178978,0.2073833810992379
2200.0,739.8598402663204,3.7233324,41.22892,0.2077059314691167
2200.0,739.8686467555113,3.723613,41.191483,0.2080284824339585
2200.0,739.8615158076501,3.7244153,41.203949,0.2083510335343087
2200.0,739.8680072624551,3.7242148,41.216454,0.208673584220359
2200.0,739.860415751701,3.7247362,41.203949,0.2089961348411272
2200.0,739.8689653975603,3.7252176,41.191483,0.2093186859448832
2200.0,739.8622397545518,3.7256188,41.178978,0.2096412373608464
2200.0,739.8623342605837,3.725739,41.154007,0.2099637888180104
2200.0,739.8686414213302,3.7261002,41.154007,0.2102863397805268
2200.0,739.8618742288357,3.7264612,41.154007,0.2106088910371348
2200.0,739.8686739284956,3.7269425,41.166512,0.2109314420138228
2200.0,739.8617118396276,3.7273035,41.141541,0.2112539931996354
2200.0,739.8679836538455,3.727504,41.191483,0.2115765438753934
2200.0,739.8617378157332,3.7279453,41.22892,0.2118990950725305
2200.0,739.8690066822385,3.7281859,41.191483,0.212221646194285
2200.0,739.860532413501,3.7285068,41.166512,0.2125441968659132
2200.0,739.8680114863761,3.7289081,41.191483,0.2128667475538049
2200.0,739.8615091671304,3.728868,41.191483,0.2131892986512601
2200.0,739.8698665863694,3.7295899,41.203949,0.2135118501478958
2200.0,739.8629805710808,3.7295899,41.166512,0.2138344018868264
2200.0,739.8635474265791,3.7301917,41.178978,0.2141569538728841
2200.0,739.8705918593386,3.7304323,41.191483,0.2144795056857077
2200.0,739.8637155529441,3.7307532,41.166512,0.214802057745062
2200.0,739.8679111803784,3.730994,41.191483,0.2151246083892246
2200.0,739.8607110019511,3.7314754,41.216454,0.2154471591387105
2200.0,739.8684125258858,3.7316358,41.191483,0.2157697100014383
2200.0,739.8599819279107,3.7320769,41.178978,0.216092260433076
2200.0,739.86873946854,3.7324781,41.129032,0.2164148114383368
2200.0,739.8623900833703,3.7326787,41.091595,0.2167373629198375
2200.0,739.8686231962193,3.7326787,41.241425,0.2170599138744084
2200.0,739.8608162989171,3.7335613,41.178978,0.2173824646697998
2200.0,739.8690934379648,3.7336814,41.241425,0.217705015829376
2200.0,739.8620060519671,3.7338018,41.066624,0.2180275671434537
2200.0,739.8703614134588,3.7341628,41.154007,0.2183501188558128
2200.0,739.8648025110024,3.7345641,41.154007,0.218672671389039
2200.0,739.8630497479618,3.7348447,41.104061,0.218995223158128
2200.0,739.8702789914414,3.7351255,41.203949,0.2193177748345546
2200.0,739.8634691308395,3.7355268,41.178978,0.2196403267864784
2200.0,739.8701168687772,3.7358477,41.178978,0.2199628783922265
2200.0,739.8629651296035,3.7360482,41.141541,0.2202854301244251
2200.0,739.8696939414539,3.7362087,41.129032,0.2206079815457951
2200.0,739.862814312218,3.7367301,41.166512,0.2209305332122432
2200.0,739.8690238575592,3.7372115,41.116566,0.2212530843414853
2200.0,739.8614087280032,3.7373719,41.166512,0.2215756353951529
2200.0,739.8695422074129,3.7375324,41.191483,0.2218981867503733
2200.0,739.8610019795173,3.7380939,41.104061,0.2222207376267142
2200.0,739.8688923379093,3.7384148,41.141541,0.2225432886986194
2200.0,739.8611105237394,3.7384951,41.166512,0.2228658396222814
2200.0,739.8622048059019,3.738776,41.216454,0.2231883910230083
2200.0,739.8691136038568,3.739177,41.154007,0.2235109421913759
2200.0,739.8622391318463,3.7394578,41.154007,0.2238334936070676
2200.0,739.869313348701,3.7398188,41.154007,0.2241560448625154
2200.0,739.8618280256503,3.7400596,41.116566,0.2244785960989806
2200.0,739.8699842382531,3.7404606,41.141541,0.2248011476469075
2200.0,739.8622185510543,3.7408216,41.091595,0.2251236990536267
2200.0,739.8696428672285,3.7408617,41.104061,0.2254462504527304
2200.0,739.8613842405176,3.7411425,41.104061,0.2257688014957224
2200.0,739.8686707060701,3.7414234,41.116566,0.2260913524710056
2200.0,739.8605892982429,3.7416639,41.116566,0.2264139031674334
2200.0,739.86739062085,3.7421453,41.066624,0.2267364535846545
2200.0,739.8603982227385,3.7424262,41.091595,0.2270590041977807
2200.0,739.8605005410321,3.7429476,41.091595,0.2273815548555138
2200.0,739.8685978053202,3.7431483,41.154007,0.2277041057990154
2200.0,739.8600311586762,3.7433488,41.116566,0.2280266562521159
2200.0,739.8679294180744,3.7435493,41.104061,0.2283492069042294
2200.0,739.8584942516634,3.7437098,41.116566,0.2286717566872976
2200.0,739.8672636427183,3.7440307,41.091595,0.2289943070491616
2200.0,739.8605253212487,3.744472,41.066624,0.2293168577176979
2200.0,739.8670331608223,3.7444317,41.091595,0.2296394079790817
2200.0,739.8605245645072,3.7449534,41.104061,0.2299619586472881
2200.0,739.8669476985068,3.745234,41.041653,0.230284508871414
2200.0,739.8589764640426,3.7455549,41.154007,0.2306070588647083
2200.0,739.8665651407231,3.7456353,41.054157,0.2309296089220554
2200.0,739.8610406018834,3.7460363,41.066624,0.2312521598152342
2200.0,739.8599139595037,3.7461567,41.066624,0.2315747102172403
2200.0,739.8676650977443,3.7466781,41.029186,0.2318972607541215
2200.0,739.8599772893386,3.7470393,41.041653,0.232219811183737
2200.0,739.8682975593566,3.7471595,41.079132,0.2325423619963443
2200.0,739.8612806768131,3.7470794,41.066624,0.2328649129941865
2200.0,739.8679257680591,3.7476809,41.066624,0.2331874636447087
2200.0,739.8604403972676,3.7479217,41.054157,0.2335100142762214
2200.0,739.8693668158539,3.7482426,41.029186,0.2338325655549787
2200.0,739.861587340498,3.7485635,41.091595,0.2341551166865144
2200.0,739.8683916396701,3.7486436,41.054157,0.2344776675401366
2200.0,739.8609826800496,3.7490048,41.041653,0.2348002184080637
2200.0,739.8672570633183,3.7493658,41.016682,0.2351227687670594
2200.0,739.860805105056,3.7496467,41.054157,0.2354453195575707
2200.0,739.8595002288592,3.7498872,41.116566,0.2357678697792062
2200.0,739.8682099248149,3.7502081,41.054157,0.2360904205536086
2200.0,739.8613916013537,3.7504487,41.041653,0.2364129715998096
2200.0,739.8694222360664,3.7506092,41.054157,0.2367355229027277
2200.0,739.8600222720787,3.7506895,41.054157,0.2370580733519539
2200.0,739.8680336664119,3.7511308,40.991711,0.2373806240495152
2200.0,739.8612959113017,3.751251,41.066624,0.237703175053999
2200.0,739.8687589144153,3.7514517,41.029186,0.2380257260677373
2200.0,739.8625029609509,3.7518928,41.041653,0.2383482775984483
2200.0,739.8679625234973,3.7520132,40.979244,0.2386708282649943
2200.0,739.861274683248,3.7523742,41.016682,0.2389933792602236
2200.0,739.8687356845894,3.7524946,40.991711,0.2393159302638346
2200.0,739.8611141978649,3.7528555,41.016682,0.2396384811890984
2200.0,739.8614827634392,3.7532568,41.004215,0.2399610322750426
2200.0,739.8686190702175,3.7532568,41.029186,0.2402835832278148
2200.0,739.8609970234535,3.7535777,41.041653,0.2406061341019951
2200.0,739.8685710225795,3.7540188,41.054157,0.2409286850338206
2200.0,739.8618652079975,3.7541792,40.991711,0.2412512362864959
2200.0,739.8698496429028,3.7543397,41.029186,0.2415737877757449
2200.0,739.8630710983873,3.7545805,41.054157,0.2418963395541419
2200.0,739.8707128192884,3.754741,41.004215,0.2422188914196988
2200.0,739.8630332319442,3.7549815,40.966736,0.2425414431815875
2200.0,739.8692035824179,3.7553427,41.016682,0.242863994389182
2200.0,739.8601427063315,3.7557838,41.029186,0.2431865448909129
2200.0,739.8699284153142,3.7556636,41.041653,0.2435090964145033
2200.0,739.8623311966807,3.7560246,41.054157,0.2438316478703317
2200.0,739.8634524442584,3.7561047,40.979244,0.2441541998149808
2200.0,739.8694452217596,3.7566264,40.979244,0.2444767511279196
2200.0,739.8620349338948,3.756907,41.029186,0.2447993024545888
2200.0,739.8705567635097,3.7569473,40.991711,0.2451218542521121
2200.0,739.861341089264,3.757268,40.941769,0.2454444052762918
2200.0,739.869004106058,3.7573483,40.929302,0.2457669563969232
2200.0,739.8615674065584,3.7577093,41.066624,0.2460895075197685
2200.0,739.8689708418365,3.7577896,41.029186,0.246412058625898
2200.0,739.8612327158099,3.7580302,41.004215,0.246734609602831
2200.0,739.8700695418723,3.7583911,40.991711,0.2470571611879466
2200.0,739.8620661712779,3.7585115,40.929302,0.2473797125282341
2200.0,739.8696889607837,3.7589929,40.991711,0.2477022639474327
2200.0,739.8623380330365,3.7592738,41.029186,0.2480248154062415
2200.0,739.8613029057383,3.7593539,40.979244,0.2483473664137746
2200.0,739.8703370967014,3.7595947,40.979244,0.2486699181155326
2200.0,739.8607155306339,3.7597952,40.941769,0.2489924688669929
2200.0,739.8693423405025,3.7599556,40.904327,0.2493150201350799
2200.0,739.8626157170803,3.7602365,40.954269,0.2496375717149482
2200.0,739.8687035554916,3.7606776,40.991711,0.2499601227045523
2200.0,739.8598117627635,3.7606776,40.966736,0.2502826730620047
2200.0,739.8699185887277,3.760838,41.004215,0.2506052245813112
2200.0,739.8630228564199,3.7612393,40.979244,0.2509277763386765
2200.0,739.8702930534085,3.7612393,40.929302,0.2512503280212335
2200.0,739.8632211341682,3.7613997,40.991711,0.2515728798650403
2200.0,739.8692010068513,3.7616003,40.954269,0.2518954310715119
2200.0,739.8623543536272,3.7620015,40.941769,0.2522179825374358
2200.0,739.8609183860751,3.7622421,40.941769,0.2525405333773332
2200.0,739.8685579246593,3.7624025,40.991711,0.2528630843034486
2200.0,739.8620102508801,3.7627635,40.966736,0.253185635619357
2200.0,739.8700755111458,3.7626834,40.904327,0.2535081872070749
2200.0,739.8608675928164,3.7631648,40.904327,0.2538307380248284
2200.0,739.868132690356,3.7634053,40.916794,0.2541532887655598
2200.0,739.861342627201,3.7634456,40.929302,0.25447583979041
2200.0,739.8688506508116,3.7638867,40.904327,0.2547983908441414
2200.0,739.8617032944643,3.763967,40.891823,0.2551209420262287
2200.0,739.8686099024611,3.7639267,40.916794,0.2554434929750041
2200.0,739.861005397337,3.7641675,40.891823,0.2557660438528351
2200.0,739.8688215979258,3.7645285,40.904327,0.2560885948939007
2200.0,739.8606078163104,3.7647693,40.916794,0.2564111455984016
2200.0,739.8616764392452,3.7647693,40.829414,0.256733696768781
2200.0,739.8686967071982,3.7649298,40.966736,0.2570562477553996
2200.0,739.861085792533,3.7652907,40.916794,0.2573787986682798
2200.0,739.8666251749977,3.7655313,40.879356,0.2577013487517993
2200.0,739.8614057615067,3.7653708,40.841919,0.2580238998041736
2200.0,739.8693043278743,3.7659726,40.904327,0.2583464510556887
2200.0,739.862477350938,3.7662935,40.954269,0.2586690025752347
2200.0,739.868001866678,3.766494,40.904327,0.2589915532589327
2200.0,739.8600874574447,3.7662134,40.841919,0.2593141037365772
2200.0,739.8673040238199,3.7668552,40.816948,0.2596366541160457
2200.0,739.8598607250474,3.7670157,40.829414,0.2599592044948436
2200.0,739.8668398487554,3.7671359,40.941769,0.2602817546719517
2200.0,739.859623177262,3.7670557,40.841919,0.260604304947188
2200.0,739.8588507198091,3.7673767,40.854385,0.2609268548856626
2200.0,739.8672045358604,3.7676573,40.891823,0.2612494052217586
2200.0,739.8587102174782,3.7676976,40.879356,0.2615719550989796
2200.0,739.8675268034704,3.7680986,40.854385,0.2618945055755704
2200.0,739.8597169269617,3.7681789,40.86689,0.2622170558916779
2200.0,739.866995879773,3.76862,40.891823,0.2625396061368088
2200.0,739.8590315175027,3.76858,40.916794,0.2628621561541042
2200.0,739.8658067867852,3.7689009,40.841919,0.2631847058808416
2200.0,739.8576610402232,3.7689009,40.816948,0.2635072553006618
2200.0,739.8666087686021,3.7692218,40.86689,0.2638298053770288
2200.0,739.8581183258668,3.7695827,40.841919,0.2641523549962079
2200.0,739.8656905990823,3.7695427,40.80444,0.2644749046722924
2200.0,739.8592746560282,3.7698636,40.816948,0.2647974547955869
2200.0,739.8582261256256,3.7700641,40.891823,0.2651200044617625
2200.0,739.8666320841709,3.7698636,40.904327,0.2654425545482942
2200.0,739.8587017338078,3.7702649,40.816948,0.2657651044218166
2200.0,739.8666300090451,3.7705054,40.916794,0.2660876545074436
2200.0,739.8588625237905,3.7704654,40.779472,0.2664102044510643
2200.0,739.8679436756748,3.7708263,40.829414,0.2667327551093935
2200.0,739.8593636447839,3.7713478,40.829414,0.2670553052714836
2200.0,739.8668389822183,3.7712274,40.854385,0.2673778554482138
2200.0,739.8588627315978,3.7713077,40.841919,0.2677004053919251
2200.0,739.8663702049606,3.7713878,40.816948,0.2680229553642886
2200.0,739.8593355688125,3.7716687,40.816948,0.2683455055141387
2200.0,739.8657167715941,3.7719095,40.829414,0.2686680552016334
2200.0,739.8582076566705,3.7717891,40.816948,0.2689906048597573
2200.0,739.8590816633974,3.7722304,40.816948,0.2693131548989144
2200.0,739.8673982993574,3.7725513,40.854385,0.2696357053194829
2200.0,739.8594914880646,3.7725513,40.791973,0.2699582555373078
2200.0,739.8671713328255,3.772511,40.791973,0.2702808058589286
2200.0,739.85967032044,3.7728319,40.829414,0.2706033561547175
2200.0,739.867090314416,3.7729523,40.80444,0.2709259064410179
2200.0,739.8581870751623,3.7731128,40.829414,0.271248456090169
2200.0,739.866775468596,3.7732732,40.816948,0.2715710062392101
2200.0,739.8589212276385,3.7736342,40.80444,0.2718935562084233
2200.0,739.8679117052734,3.773875,40.816948,0.2722161068528148
2200.0,739.8587840330335,3.7737947,40.754498,0.2725386567622166
2200.0,739.866931975907,3.7741959,40.841919,0.2728612069794881
2200.0,739.8592009502598,3.7743564,40.767006,0.2731837570706497
2200.0,739.858808776518,3.7744765,40.767006,0.2735063069908386
2200.0,739.8687421300542,3.7745969,40.779472,0.2738288579972597
2200.0,739.8607000032098,3.7747173,40.791973,0.2741514087419506
2200.0,739.8670108824583,3.7748778,40.80444,0.274473958993622
2200.0,739.8604277634897,3.7749178,40.71706,0.2747965096196268
2200.0,739.8679868520213,3.7751184,40.742031,0.275119060296779
2200.0,739.860896865086,3.7752788,40.767006,0.2754416111272941
2200.0,739.8697375210384,3.77564,40.791973,0.2757641625676629
2200.0,739.8620190399688,3.77564,40.767006,0.276086713887403
2200.0,739.8696595176543,3.7757201,40.791973,0.2764092652937656
2200.0,739.8619674899684,3.776041,40.729527,0.2767318165910319
2200.0,739.8692183655272,3.7762415,40.692089,0.2770543678050711
2200.0,739.8618945533219,3.7763219,40.80444,0.2773769190705398
2200.0,739.8688470987154,3.7764423,40.767006,0.2776994701227226
2200.0,739.8608117337069,3.7767229,40.729527,0.2780220209161237
2200.0,739.8618769752469,3.7766829,40.742031,0.2783445721739291
2200.0,739.8693744450438,3.7766428,40.742031,0.2786671234560123
2200.0,739.86243167254,3.7774048,40.841919,0.2789896749556442
2200.0,739.8704390262923,3.7772443,40.742031,0.2793122267018392
2200.0,739.8627928279609,3.7775252,40.767006,0.279634778358921
2200.0,739.8719676964529,3.7775252,40.779472,0.2799573307715505
2200.0,739.863994995215,3.777766,40.779472,0.2802798829527309
2200.0,739.8699952860134,3.777806,40.729527,0.280602434505474
2200.0,739.8622240687398,3.7780066,40.71706,0.2809249859145988
2200.0,739.8688924600779,3.7782071,40.829414,0.2812475369865572
2200.0,739.8618129009486,3.7784479,40.767006,0.2815700882164286
2200.0,739.869440009747,3.7783275,40.692089,0.2818926395270952
2200.0,739.8626516663971,3.7784479,40.679585,0.282215191122636
2200.0,739.8628331841002,3.7786083,40.667118,0.2825377427973116
2200.0,739.8701283313376,3.7789693,40.791973,0.2828602944080569
2200.0,739.8631352824725,3.7792101,40.754498,0.2831828462144356
2200.0,739.8698728731379,3.7790897,40.679585,0.2835053977138121
2200.0,739.8625408517456,3.7792501,40.729527,0.283827949261042
2200.0,739.868099035277,3.779531,40.729527,0.2841504999871013
2200.0,739.8611048234169,3.7796512,40.692089,0.2844730509082782
2200.0,739.8685551170339,3.7797315,40.629677,0.2847956018331695
2200.0,739.8612582402853,3.779932,40.729527,0.2851181528212303
2200.0,739.869357367335,3.7798116,40.692089,0.2854407040958683
2200.0,739.8623474934315,3.7800124,40.71706,0.2857632555588015
2200.0,739.8687024931165,3.7804534,40.667118,0.2860858065479425
2200.0,739.8610303362483,3.7804534,40.667118,0.2864083574366459
2200.0,739.8593389258557,3.7806942,40.704556,0.2867309075879595
2200.0,739.8660769171809,3.780654,40.654652,0.2870534574324621
2200.0,739.859089207587,3.7810552,40.654652,0.2873760074749082
2200.0,739.8672701249154,3.7807343,40.592201,0.2876985578395982
2200.0,739.860338578898,3.7810552,40.692089,0.288021108426722
2200.0,739.8669446222948,3.7814162,40.692089,0.2883436586495068
2200.0,739.8601930723117,3.7812557,40.654652,0.2886662091731954
2200.0,739.8680045889695,3.7815366,40.654652,0.2889887598580802
2200.0,739.8604288744551,3.7818575,40.629677,0.2893113104845694
2200.0,739.8676350193181,3.782058,40.60471,0.2896338610083376
2200.0,739.8611318979027,3.7819779,40.617176,0.289956411941318
2200.0,739.8674264978821,3.7822185,40.60471,0.2902789623741799
2200.0,739.860773501478,3.782419,40.704556,0.2906015131509131
2200.0,739.8601724908035,3.7823389,40.642143,0.290924063665629
2200.0,739.8697678433924,3.7825794,40.667118,0.291246615119217
2200.0,739.8609453269341,3.7825794,40.592201,0.2915691659708596
2200.0,739.8684489761073,3.7827399,40.60471,0.291891716849478
2200.0,739.8602483330674,3.7830608,40.617176,0.2922142673972582
2200.0,739.8682882943975,3.7831011,40.642143,0.2925368182058263
2200.0,739.8608544824427,3.7831411,40.617176,0.2928593690178642
2200.0,739.8673954548974,3.7835021,40.617176,0.2931819194371927
2200.0,739.8600797671455,3.783462,40.642143,0.2935044699114845
2200.0,739.8676463718858,3.7835021,40.654652,0.2938270204402021
2200.0,739.8600752502292,3.783823,40.629677,0.2941495709125247
2200.0,739.8680888424918,3.7839034,40.579735,0.2944721216341404
2200.0,739.8602614312651,3.784184,40.60471,0.2947946721876308
2200.0,739.8609573990902,3.7843044,40.629677,0.2951172230445364
2200.0,739.8680989379719,3.7843444,40.629677,0.2954397737705533
2200.0,739.8588727903466,3.7845049,40.579735,0.2957623237186498
2200.0,739.8680868645689,3.7847054,40.692089,0.2960848744394032
2200.0,739.8601059267068,3.7847857,40.60471,0.2964074249250997
2200.0,739.8668163378602,3.7847457,40.60471,0.296729975091958
2200.0,739.8594997035603,3.7847457,40.642143,0.2970525253133645
2200.0,739.8663734770106,3.7851868,40.642143,0.2973750752871545
2200.0,739.8587015139271,3.7850666,40.579735,0.297697625160581
2200.0,739.8688879678773,3.785548,40.629677,0.2980201762305811
2200.0,739.8605312907691,3.7858286,40.504822,0.2983427269017199
2200.0,739.8684081922792,3.7858286,40.642143,0.2986652777625584
2200.0,739.8603671680949,3.7859089,40.60471,0.298987828362146
2200.0,739.8599982242521,3.7857485,40.592201,0.2993103788008883
2200.0,739.8676333468164,3.785949,40.629677,0.2996329293239275
2200.0,739.8602695121109,3.7860293,40.60471,0.2999554798809408
2200.0,739.8672690629495,3.7864304,40.629677,0.3002780302451678
2200.0,739.8597374220114,3.7864304,40.554764,0.3006005805702104
2200.0,739.8668171805571,3.7865107,40.554764,0.3009231307374361
2200.0,739.8599161568783,3.7869518,40.56723,0.3012456811404002
2200.0,739.8662398698543,3.7868316,40.579735,0.3015682310559432
2200.0,739.8598767647761,3.7869117,40.542259,0.3018907814417339
2200.0,739.8662156269711,3.7868717,40.60471,0.3022133313467081
2200.0,739.858841979526,3.7871122,40.629677,0.3025358812813722
2200.0,739.8658148191108,3.7874331,40.56723,0.3028584310116113
2200.0,739.859257944277,3.7874331,40.642143,0.3031809811276201
2200.0,739.8586767095636,3.7875535,40.60471,0.303503530990233
2200.0,739.8656543199377,3.7879546,40.60471,0.3038260806505014
2200.0,739.8583651266492,3.7878745,40.579735,0.3041486303772761
2200.0,739.8658284053982,3.788075,40.542259,0.3044711801134382
2200.0,739.8591306742824,3.7879546,40.542259,0.3047937301739623
2200.0,739.8660746228884,3.7883158,40.629677,0.3051162800174646
2200.0,739.858176369868,3.7884359,40.542259,0.3054388296619487
2200.0,739.8658613523295,3.7886367,40.579735,0.3057613794124743
2200.0,739.8607205475768,3.7884762,40.579735,0.3060839301661218
2200.0,739.8681627076979,3.7885964,40.517288,0.3064064809199395
2200.0,739.8605633586646,3.7890377,40.56723,0.3067290316050586
2200.0,739.8681694702484,3.7889576,40.542259,0.3070515823618246
2200.0,739.8603318530453,3.7890377,40.504822,0.3073741329460162
2200.0,739.8582647606792,3.789439,40.529793,0.3076966826290352
2200.0,739.8652400965599,3.789479,40.554764,0.30801923210872
2200.0,739.858648230563,3.7896795,40.479847,0.3083417819589171
2200.0,739.8656756456122,3.7896795,40.542259,0.3086643316284825
2200.0,739.8587070563735,3.78984,40.517288,0.3089868815043254
2200.0,739.8668898491459,3.7899604,40.517288,0.3093094317032315
2200.0,739.8613605223585,3.7900004,40.504822,0.3096319827358833
2200.0,739.8674158900923,3.7901609,40.579735,0.3099545331641206
2200.0,739.8598518504211,3.7901208,40.504822,0.3102770835390496
2200.0,739.8666716349562,3.7902813,40.504822,0.3105996336428236
2200.0,739.8592275491732,3.7905622,40.579735,0.3109221837455814
2200.0,739.8668969537478,3.7906423,40.529793,0.3112447339475847
2200.0,739.859227634506,3.7907224,40.504822,0.3115672840503796
2200.0,739.8594096162198,3.7908027,40.517288,0.3118898342325115
2200.0,739.8666763837722,3.7910032,40.492313,0.3122123843383558
2200.0,739.8598432201295,3.7912841,40.492313,0.3125349347095223
2200.0,739.8658239988384,3.7912841,40.479847,0.3128574844437635
2200.0,739.8585869026758,3.7914846,40.492313,0.3131800342672239
2200.0,739.8651530232363,3.7915246,40.517288,0.3135025837089485
2200.0,739.8580168982486,3.7911637,40.542259,0.3138251332839091
2200.0,739.8667085859255,3.7918456,40.517288,0.3141476834037922
2200.0,739.8581112943913,3.7918456,40.467346,0.3144702330199058
2200.0,739.867621640226,3.7921665,40.504822,0.3147927835378413
2200.0,739.8598180007655,3.7923672,40.504822,0.3151153338980132
2200.0,739.866551358393,3.7923269,40.45488,0.3154378839493518
2200.0,739.8596279500749,3.7922068,40.504822,0.3157604342266689
2200.0,739.8600635315807,3.7923269,40.492313,0.3160829846938827
2200.0,739.8680504878122,3.7926881,40.492313,0.3164055353987773
2200.0,739.8595583459153,3.7927682,40.479847,0.3167280856457497
2200.0,739.8657500484009,3.7928083,40.442413,0.3170506353477516
2200.0,739.8591624981502,3.7929287,40.504822,0.3173731854221495
2200.0,739.8664904694502,3.7930491,40.492313,0.3176957354469432
2200.0,739.8593815765712,3.79337,40.529793,0.3180182856168509
2200.0,739.8671615429714,3.7934101,40.45488,0.3183408359342038
2200.0,739.860289983116,3.7936106,40.479847,0.3186633865001417
2200.0,739.8664116603064,3.7935305,40.417439,0.318985936490578
2200.0,739.8603060966158,3.7938113,40.467346,0.3193084870635408
2200.0,739.8680101675902,3.793731,40.392467,0.3196310377508576
2200.0,739.859789106662,3.7939315,40.45488,0.3199535880984327
2200.0,739.8606063024181,3.7940519,40.442413,0.3202761388022737
2200.0,739.8677000591263,3.794132,40.45488,0.3205986893543965
2200.0,739.8610158463255,3.7940919,40.504822,0.3209212402367828
2200.0,739.869071941111,3.7944529,40.467346,0.3212437913869873
2200.0,739.8611999642276,3.7943327,40.429905,0.3215663423496419
2200.0,739.8666556440768,3.7946134,40.479847,0.3218888924464447
2200.0,739.8591753397353,3.7947738,40.404934,0.322211442526441
2200.0,739.8671346014321,3.7948141,40.45488,0.3225339928320486
2200.0,739.8582180933807,3.7950146,40.45488,0.3228565424947225
2200.0,739.8666242716258,3.795135,40.492313,0.3231790925778481
2200.0,739.8588382077893,3.795135,40.442413,0.323501642510868
2200.0,739.86583953839,3.7952552,40.45488,0.3238241922518837
2200.0,739.859347152811,3.7955761,40.429905,0.324146742406784
2200.0,739.8583554709297,3.795536,40.417439,0.3244692921293491
2200.0,739.8670429629547,3.7958169,40.504822,0.3247918423950063
2200.0,739.858554786077,3.7956965,40.404934,0.3251143922044652
2200.0,739.8667866380132,3.7960978,40.404934,0.3254369423583756
2200.0,739.8587654541892,3.7961779,40.517288,0.3257594922596777
2200.0,739.8678822009574,3.7960174,40.442413,0.3260820428912066
2200.0,739.860195342434,3.7962582,40.45488,0.3264045934158848
2200.0,739.8662696920745,3.7964587,40.479847,0.326727143344429
2200.0,739.8605196328973,3.7964988,40.417439,0.3270496940104854
2200.0,739.8675185756138,3.7967796,40.429905,0.3273722444834893
2200.0,739.8592832495879,3.7966592,40.467346,0.3276947946105302
2200.0,739.86833961296,3.7970202,40.429905,0.328017345441471
2200.0,739.8594660491268,3.7968197,40.45488,0.3283398956482055
2200.0,739.8587384767005,3.7971406,40.492313,0.3286624455377465
2200.0,739.8672632276113,3.7971005,40.417439,0.3289849958994295
2200.0,739.8596212361934,3.7973011,40.479847,0.3293075461738196
2200.0,739.8669866881763,3.7973411,40.429905,0.3296300964149433
2200.0,739.858309010927,3.7975416,40.492313,0.3299526461172537
2200.0,739.8666011149579,3.797662,40.429905,0.3302751961902841
2200.0,739.8607346954516,3.7977824,40.404934,0.3305977469500994
2200.0,739.8666387733588,3.7977824,40.442413,0.3309202970395473
2200.0,739.8602024469644,3.7980633,40.379963,0.3312428475673228
2200.0,739.8690303151999,3.7979829,40.392467,0.3315653986993802
2200.0,739.8609477072526,3.7983439,40.504822,0.3318879495520604
2200.0,739.8691489556869,3.7982638,40.467346,0.33221050073584
2200.0,739.8614213009021,3.7984242,40.367496,0.3325330517949889
2200.0,739.8608548122127,3.7985446,40.404934,0.3328556026071705
2200.0,739.8683800062375,3.7985044,40.45488,0.3331781534557211
2200.0,739.8622148643436,3.7988253,40.354992,0.3335007048608331
2200.0,739.8689305219214,3.799026,40.404934,0.3338232559493849
2200.0,739.8609632343698,3.7992265,40.379963,0.3341458068088344
2200.0,739.8669690246929,3.7991061,40.404934,0.3344683570422576
2200.0,739.859062486404,3.7992265,40.45488,0.3347909070730543
2200.0,739.867004473726,3.7992666,40.379963,0.3351134573219317
2200.0,739.8614636471202,3.7993066,40.367496,0.3354360083995419
2200.0,739.8690891291193,3.7994671,40.442413,0.3357585595572397
2200.0,739.8595449301234,3.7995875,40.392467,0.3360811097983632
2200.0,739.8672132151472,3.7997079,40.404934,0.336403660138243
2200.0,739.8607935577896,3.7995474,40.429905,0.33672621092372
2200.0,739.8619361423893,3.7999485,40.417439,0.33704876220732
2200.0,739.867329390265,3.8000288,40.354992,0.3373713125978471
2200.0,739.8599986393549,3.8003497,40.292583,0.3376938630367704
2200.0,739.8676076144798,3.8004298,40.404934,0.3380164135485913
2200.0,739.8593070040697,3.8004701,40.404934,0.3383389636859883
2200.0,739.866985382078,3.8005502,40.342525,0.3386615139265426
2200.0,739.8593883391559,3.8006706,40.404934,0.3389840640993986
2200.0,739.8666246259555,3.8007908,40.379963,0.3393066141826787
2200.0,739.8601617733334,3.8009112,40.367496,0.3396291646927221
2200.0,739.8675409756347,3.8008311,40.392467,0.3399517151754914
2200.0,739.86129350612,3.801192,40.330021,0.3402742661789267
2200.0,739.8676937234495,3.801192,40.367496,0.3405968167282874
2200.0,739.8622834799098,3.8010316,40.342525,0.3409193681633131
2200.0,739.8701614612146,3.8016334,40.317554,0.3412419197885016
2200.0,739.8632751378487,3.8013926,40.429905,0.3415644716558519
2200.0,739.8630633343172,3.8017535,40.392467,0.3418870234308641
2200.0,739.8709580964696,3.8018339,40.367496,0.3422095754033513
2200.0,739.8627238097746,3.8018339,40.342525,0.3425321270303438
2200.0,739.8705666027838,3.8018339,40.379963,0.3428546788321566
2200.0,739.8621550134122,3.8021147,40.392467,0.3431772302111759
2200.0,739.8696010457865,3.8021548,40.30505,0.3434997815920473
2200.0,739.8613099246288,3.8021548,40.367496,0.3438223326026404
2200.0,739.8682416388057,3.8022349,40.392467,0.3441448833908687
2200.0,739.8611274547575,3.8024757,40.342525,0.344467434321912
2200.0,739.8677599590565,3.8025157,40.392467,0.3447899849001486
2200.0,739.8598754951161,3.8025961,40.330021,0.3451125352853858
2200.0,739.8679857781865,3.8028367,40.342525,0.3454350859620699
2200.0,739.8594353485023,3.802917,40.367496,0.3457576361554201
2200.0,739.860529349905,3.8028767,40.280075,0.3460801868257127
2200.0,739.8665219515868,3.8029971,40.367496,0.3464027368642312
2200.0,739.8602985525287,3.8035185,40.379963,0.3467252874339051
2200.0,739.8678953597573,3.8031976,40.354992,0.3470478380711707
2200.0,739.8602143366882,3.8034785,40.292583,0.3473703886041296
2200.0,739.8664895909418,3.8035588,40.342525,0.3476929386285403
2200.0,739.8619777802621,3.8037193,40.429905,0.3480154899302927
2200.0,739.8688774698754,3.8037994,40.292583,0.3483380409957161
2200.0,739.8598795605044,3.8037193,40.379963,0.3486605913827256
2200.0,739.8672981277043,3.8040802,40.330021,0.3489831417596236
2200.0,739.8598522409677,3.8040802,40.354992,0.3493056921347228
2200.0,739.8659328739257,3.8040802,40.330021,0.3496282419164288
2200.0,739.8589653919395,3.8043609,40.30505,0.3499507919048961
2200.0,739.8592562478499,3.8044412,40.330021,0.3502733420201653
2200.0,739.8662828512837,3.8044012,40.330021,0.3505958919544463
2200.0,739.8594890224131,3.8048422,40.342525,0.3509184421711963
2200.0,739.8661044814318,3.8046017,40.330021,0.3512409920277157
2200.0,739.8587723266631,3.8047221,40.379963,0.351563541932014
2200.0,739.8673595658939,3.8047221,40.330021,0.3518860923356964
2200.0,739.859604805918,3.8048422,40.342525,0.3522086426029234
2200.0,739.8657219840161,3.8051631,40.317554,0.3525311922926905
2200.0,739.8588199461299,3.8050027,40.354992,0.3528537422177489
2200.0,739.8658037347204,3.8052835,40.354992,0.3531762919431558
2200.0,739.8600098820216,3.805444,40.354992,0.3534988423869804
2200.0,739.867717563504,3.8055243,40.317554,0.3538213929467344
2200.0,739.8600010685813,3.8056045,40.317554,0.3541439433867168
2200.0,739.8593146212116,3.805805,40.317554,0.3544664935274345
2200.0,739.866501273078,3.8058453,40.317554,0.3547890435569381
2200.0,739.8589597039974,3.8061259,40.330021,0.3551115935429256
2200.0,739.8677413429859,3.8060858,40.255142,0.3554341441130464
2200.0,739.8595820150641,3.8061259,40.292583,0.3557566943703376
2200.0,739.8652480925623,3.8062062,40.30505,0.3560792438535083
2200.0,739.8591216535464,3.8065672,40.367496,0.3564017939100996
2200.0,739.8668400687407,3.8066475,40.292583,0.3567243440873035
2200.0,739.8591089458952,3.8064871,40.292583,0.3570468941383548
2200.0,739.8673951255334,3.8066475,40.330021,0.3573694445575396
2200.0,739.8598183665512,3.806808,40.280075,0.3576919949178709
2200.0,739.8680796019869,3.8068881,40.2052,0.3580145456354581
2200.0,739.8611397350277,3.8067677,40.317554,0.3583370965718552
2200.0,739.8609642600022,3.8069282,40.267609,0.3586596474317518
2200.0,739.8664977813497,3.807169,40.317554,0.3589821974597332
2200.0,739.8601140688407,3.8073695,40.30505,0.3593047479489792
2200.0,739.8679588976293,3.8070886,40.317554,0.3596272986139446
2200.0,739.8609038597272,3.8072894,40.292583,0.3599498494475091
2200.0,739.8683286876751,3.80761,40.267609,0.3602724002736869
2200.0,739.8610426405631,3.8076503,40.242638,0.3605949511677545
2200.0,739.8681599249361,3.8077304,40.267609,0.3609175019203591
2200.0,739.8600494811124,3.8081717,40.255142,0.3612400523814474
2200.0,739.8700867902487,3.8081717,40.280075,0.3615626039740826
2200.0,739.8618915383269,3.8080914,40.330021,0.3618851552382368
2200.0,739.8703730836238,3.8083322,40.217667,0.3622077069556836
2200.0,739.8616521840206,3.8082519,40.167725,0.3625302581154886
2200.0,739.8626352725469,3.8084927,40.30505,0.3628528097038823
2200.0,739.8695565138194,3.8084927,40.280075,0.3631753610653397
2200.0,739.8607424351702,3.8086131,40.255142,0.3634979118285293
2200.0,739.8679070050589,3.8088136,40.292583,0.3638204624708717
2200.0,739.8609237940761,3.8087332,40.255142,0.3641430133131267
2200.0,739.8688450477368,3.808974,40.267609,0.3644655643644155
2200.0,739.8621409634554,3.808974,40.192696,0.3647881157373095
2200.0,739.8689931443478,3.8091345,40.280075,0.3651106668531619
2200.0,739.8611066663628,3.809335,40.255142,0.3654332177751423
2200.0,739.8696850792212,3.8090944,40.267609,0.3657557691926487
2200.0,739.8639320073258,3.809335,40.330021,0.3660783213463688
2200.0,739.8711473675614,3.8094954,40.255142,0.3664008734013701
2200.0,739.8634541283051,3.8097363,40.255142,0.3667234253467534
2200.0,739.8609540184118,3.8098164,40.267609,0.3670459762021851
2200.0,739.8684960100737,3.8098564,40.217667,0.3673685271013084
2200.0,739.8617794052097,3.8100169,40.255142,0.3676910783165769
2200.0,739.8702265127895,3.8103378,40.317554,0.3680136299701251
2200.0,739.8614932491597,3.8103378,40.342525,0.3683361810606406
2200.0,739.8703120600295,3.8102176,40.317554,0.3686587327514837
2200.0,739.8629364921128,3.8102176,40.342525,0.3689812844711976
2200.0,739.8700835430622,3.8104982,40.242638,0.369303836062417
2200.0,739.8617470198224,3.8105385,40.217667,0.3696263872635668
2200.0,739.8686231717652,3.8105385,40.267609,0.3699489382181272
2200.0,739.8610147968529,3.810699,40.292583,0.370271489100056
2200.0,739.8696763020154,3.8108191,40.255142,0.3705940405137358
2200.0,739.8627447815225,3.8111801,40.292583,0.3709165921498712
2200.0,739.8626135686137,3.81106,40.255142,0.3712391437288029
2200.0,739.8716199650928,3.8111801,40.242638,0.3715616959898364
2200.0,739.8632857214873,3.8112605,40.242638,0.3718842478618008
2200.0,739.8708031883999,3.8113406,40.330021,0.3722067997667548
2200.0,739.863875134862,3.8114209,40.30505,0.3725293518956807
2200.0,739.8703906491882,3.8116214,40.292583,0.3728519036207853
2200.0,739.8633626375752,3.811501,40.217667,0.3731744555262821
2200.0,739.8699219702587,3.8117418,40.30505,0.3734970070470628
2200.0,739.8621363001225,3.8119423,40.354992,0.3738195584179238
2200.0,739.8701062850323,3.8120627,40.230171,0.3741421100190578
2200.0,739.8633188147084,3.8119824,40.317554,0.3744646619054496
2200.0,739.8706160929108,3.8121428,40.242638,0.3747872137288379
2200.0,739.8630627121233,3.8122633,40.267609,0.3751097655035788
2200.0,739.8635234032064,3.8123837,40.230171,0.3754323174791633
2200.0,739.870210741486,3.8123837,40.242638,0.3757548691258358
2200.0,739.862341523911,3.812825,40.230171,0.3760774205861665
2200.0,739.8704099975537,3.8126645,40.280075,0.3763999723197061
2200.0,739.8632100500938,3.8127446,40.255142,0.3767225241586807
2200.0,739.8695480668983,3.8129451,40.192696,0.3770450755164555
2200.0,739.8621384855259,3.8129451,40.292583,0.3773676268882693
2200.0,739.870040305836,3.8129051,40.30505,0.3776901784606392
2200.0,739.8629504564296,3.8129854,40.242638,0.378012730186441
2200.0,739.8711696577946,3.813226,40.255142,0.3783352822511598
2200.0,739.8633212190715,3.8133464,40.330021,0.3786578341385998
2200.0,739.8715329893812,3.8134668,40.255142,0.3789803863617157
2200.0,739.8642195427205,3.8137074,40.167725,0.3793029386407902
2200.0,739.8632699622112,3.8135068,40.2052,0.3796254905058841
2200.0,739.8719561119286,3.8139482,40.30505,0.3799480429134632
2200.0,739.863742884759,3.8138678,40.242638,0.3802705949847332
2200.0,739.8722539408174,3.8139482,40.292583,0.3805931475221529
2200.0,739.8644828224815,3.8140683,40.280075,0.3809156999160072
2200.0,739.8709105499887,3.8141487,40.230171,0.3812382518677662
2200.0,739.8632581456447,3.8142288,40.255142,0.3815608037277085
2200.0,739.8702890375015,3.8143492,40.242638,0.3818833554085148
2200.0,739.8627133604792,3.8145897,40.230171,0.3822059070309518
2200.0,739.8705029914471,3.8145897,40.255142,0.3825284588050329
2200.0,739.862100643639,3.8146701,40.280075,0.382851010160349
2200.0,739.8696692711853,3.8145096,40.255142,0.3831735615709637
2200.0,739.8636044208008,3.8148305,40.217667,0.3834961135818687
2200.0,739.862742474668,3.8152719,40.217667,0.3838186652169985
2200.0,739.8705720588266,3.8150711,40.242638,0.3841412170211898
2200.0,739.863123258508,3.8151515,40.230171,0.3844637688223266
2200.0,739.8698509616886,3.8152316,40.30505,0.3847863203121506
2200.0,739.8635153585811,3.8155525,40.267609,0.3851088722842279
2200.0,739.8712125902132,3.8153119,40.242638,0.3854314243676635
2200.0,739.8631475382889,3.8155525,40.217667,0.3857539761793854
2200.0,739.8716534614755,3.8155124,40.267609,0.3860765284550219
2200.0,739.8629039723822,3.8156729,40.255142,0.3863990801605584
2200.0,739.8714104062474,3.8158734,40.267609,0.3867216323302332
2200.0,739.8632665681291,3.8158333,40.280075,0.3870441841938475
2200.0,739.8697476773981,3.8159537,40.292583,0.387366735638644
2200.0,739.8648772420963,3.8163548,40.317554,0.3876892882044501
2200.0,739.8641141844663,3.8161542,40.2052,0.3880118404375923
2200.0,739.8709239039105,3.8163147,40.317554,0.3883343923951731
2200.0,739.8632846105219,3.8163548,40.217667,0.3886569442666531
2200.0,739.8703697755576,3.8164752,40.255142,0.3889794959826577
2200.0,739.8641789911545,3.8165956,40.2052,0.3893020482440533
2200.0,739.8722160376702,3.8166356,40.180229,0.3896246007649488
2200.0,739.8633509063417,3.816716,40.267609,0.3899471526653313
2200.0,739.8697793913889,3.816756,40.192696,0.3902697041239538
2200.0,739.8621760460392,3.8166757,40.255142,0.3905922555121424
2200.0,739.8691448542415,3.8168764,40.217667,0.3909148066941339
2200.0,739.8624369580666,3.817117,40.280075,0.3912373581960701
2200.0,739.8699585791766,3.8171973,40.292583,0.3915599097328108
2200.0,739.8624966991089,3.8172774,40.267609,0.3918824612607918
2200.0,739.8626903749148,3.8173175,40.292583,0.392205012873208
2200.0,739.8706549086386,3.8175983,40.267609,0.3925275647135184
2200.0,739.8622842852524,3.8176384,40.2052,0.3928501161488952
2200.0,739.8694616894443,3.8173578,40.2052,0.3931726674690132
2200.0,739.8626246161606,3.8178389,40.180229,0.3934952190527612
2200.0,739.8709126491594,3.8177187,40.167725,0.3938177710054353
2200.0,739.8624037431898,3.8179994,40.167725,0.3941403224928911
2200.0,739.8699881932805,3.8179593,40.230171,0.3944628740425422
2200.0,739.8622777060209,3.8183203,40.242638,0.3947854254750507
2200.0,739.8694799511851,3.8182402,40.217667,0.3951079768031301
2200.0,739.8611177261879,3.8184006,40.255142,0.3954305277299321
2200.0,739.8675359463632,3.8182001,40.242638,0.3957530782105088
2200.0,739.8601904108242,3.818521,40.280075,0.3960756287330371
2200.0,739.8610766496298,3.8184407,40.217667,0.3963981796419313
2200.0,739.8679702624752,3.8187215,40.242638,0.3967207303118512
2200.0,739.8600789492181,3.8188419,40.280075,0.3970432807857865
2200.0,739.8665032138593,3.8186815,40.230171,0.3973658308161362
2200.0,739.8591351908916,3.8187215,40.230171,0.3976883808786292
2200.0,739.8675102750085,3.8190825,40.217667,0.3980109313480143
2200.0,739.8605945593157,3.8188419,40.180229,0.3983334820467357
2200.0,739.8673435261062,3.819283,40.230171,0.3986560324434255
2200.0,739.8614503905346,3.8190825,40.242638,0.3989785835152563
2200.0,739.8676162811813,3.8195639,40.267609,0.3993011340308556
2200.0,739.8601003845673,3.8194838,40.242638,0.3996236845141359
2200.0,739.8685921900694,3.8194838,40.2052,0.3999462354551895
2200.0,739.8611608531922,3.8196442,40.230171,0.4002687864007932
2200.0,739.869795101608,3.8196843,40.267609,0.4005913378662646
2200.0,739.8617719587337,3.8198047,40.242638,0.4009138890782868
2200.0,739.8612758060823,3.8198447,40.292583,0.4012364400740055
2200.0,739.868821671493,3.8198447,40.267609,0.4015589911151032
2200.0,739.8611489512928,3.8200452,40.230171,0.4018815420555181
2200.0,739.8682664925317,3.8200853,40.217667,0.4022040928545816
2200.0,739.8616124382063,3.8202457,40.255142,0.402526643997059
2200.0,739.8687934727637,3.820286,40.217667,0.4028491950258632
2200.0,739.8618131691233,3.8202457,40.130287,0.4031717462558515
2200.0,739.8683863664708,3.8204865,40.2052,0.4034942971071749
2200.0,739.8623222366192,3.8205266,40.280075,0.403816848559097
2200.0,739.8700476668486,3.8208075,40.280075,0.4041394001346761
2200.0,739.8613103033065,3.820647,40.242638,0.4044619511454342
2200.0,739.8701069075394,3.8208475,40.230171,0.4047845027468397
2200.0,739.8614909785258,3.8207271,40.267609,0.4051070538363653
2200.0,739.8620288179578,3.8211284,40.217667,0.4054296051603682
2200.0,739.8700606183507,3.8209679,40.242638,0.4057521567415935
2200.0,739.8612669437341,3.8213689,40.242638,0.4060747077334486
2200.0,739.8693408760148,3.8215294,40.230171,0.4063972590008972
2200.0,739.8625481882302,3.821409,40.242638,0.4067198105513255
2200.0,739.8703199209713,3.8214893,40.217667,0.4070423622455956
2200.0,739.8633259069607,3.8216097,40.217667,0.4073649141350793
2200.0,739.8715619814897,3.8217299,40.255142,0.4076874663708345
2200.0,739.8628595024584,3.8218102,40.230171,0.4080100180569838
2200.0,739.869382074643,3.8218102,40.217667,0.4083325693423932
2200.0,739.8620898895392,3.8217299,40.280075,0.4086551206930209
2200.0,739.8702180166532,3.8218102,40.217667,0.4089776723428652
2200.0,739.8627786921595,3.8219306,40.242638,0.4093002239937843
2200.0,739.862477729411,3.8221312,40.230171,0.4096227755134953
2200.0,739.8694561108236,3.8223317,40.230171,0.4099453268311813
2200.0,739.8624221995599,3.8223717,40.242638,0.4102678783266834
2200.0,739.8693027287352,3.8223717,40.230171,0.4105904295775013
2200.0,739.8639558108179,3.8225725,40.2052,0.4109129817415989
2200.0,739.8716125310247,3.8223317,40.230171,0.4112355339993915
2200.0,739.8635938743037,3.8225725,40.230171,0.4115580860056986
2200.0,739.8710110261424,3.822773,40.267609,0.4118806380012609
2200.0,739.863578859798,3.8229735,40.267609,0.4122031900010223
2200.0,739.8723932725006,3.822773,40.242638,0.4125257425991847
2200.0,739.866040566899,3.8229735,40.267609,0.4128482956721555
2200.0,739.8728564711378,3.8231339,40.280075,0.4131708484722525
2200.0,739.8656058274676,3.8232143,40.280075,0.4134934013556937
2200.0,739.86523342938,3.8232543,40.2052,0.4138159540767837
2200.0,739.8720880952869,3.8234148,40.2052,0.4141385065419019
2200.0,739.8652567694752,3.8232944,40.255142,0.4144610592731672
2200.0,739.872466673896,3.8235753,40.267609,0.4147836119033294
2200.0,739.8627843437789,3.8235352,40.267609,0.4151061635567125
2200.0,739.8709899329359,3.8236957,40.217667,0.415428715543079
2200.0,739.8632886508424,3.8236957,40.217667,0.4157512674163205
2200.0,739.8707107684122,3.8239362,40.30505,0.4160738192809833
2200.0,739.8656014820357,3.8238962,40.292583,0.41639637216253
2200.0,739.872500768127,3.8239763,40.267609,0.4167189248075559
2200.0,739.8642393668733,3.8237758,40.267609,0.4170414770952729
2200.0,739.871079862077,3.8239362,40.280075,0.4173640291208447
2200.0,739.8650052445832,3.8242571,40.217667,0.4176865817424549
2200.0,739.8654363091728,3.8243775,40.242638,0.4180091345519926
2200.0,739.8709080841079,3.8244977,40.230171,0.4183316865026766
2200.0,739.8621122279443,3.8244576,40.292583,0.418654237863043
2200.0,739.87121506827,3.8247385,40.242638,0.4189767899475589
2200.0,739.8640104736289,3.8247786,40.255142,0.4192993421354873
2200.0,739.8709932896035,3.8246181,40.267609,0.4196218941233173
2200.0,739.8641965567468,3.824939,40.292583,0.4199444463923707
2200.0,739.8712298265159,3.824899,40.217667,0.4202669984833206
2200.0,739.864456724004,3.8249791,40.217667,0.4205895508657969
2200.0,739.8721084808573,3.824939,40.217667,0.4209121033398024
2200.0,739.8635392481223,3.8252599,40.30505,0.4212346553222946
2200.0,739.8699916968777,3.8252599,40.230171,0.4215572068734731
2200.0,739.8625005568947,3.8254204,40.217667,0.421879758403136
2200.0,739.8627551813984,3.8254604,40.242638,0.4222023100438054
2200.0,739.8702529535809,3.8256209,40.30505,0.4225248617088806
2200.0,739.8633515899261,3.8254604,40.242638,0.4228474136095611
2200.0,739.8709610017071,3.8257813,40.280075,0.4231699655833149
2200.0,739.8632841464089,3.8256612,40.280075,0.4234925174545925
2200.0,739.8703042600697,3.8258216,40.292583,0.4238150691420352
2200.0,739.8621883874954,3.8256612,40.255142,0.4241376205356043
2200.0,739.8701031113105,3.8258617,40.280075,0.4244601721353547
2200.0,739.8620044528442,3.8261826,40.217667,0.4247827234487353
2200.0,739.8701588729606,3.8261826,40.180229,0.4251052750727954
2200.0,739.861597057608,3.8261826,40.2052,0.4254278262085674
2200.0,739.868974186635,3.8263431,40.192696,0.4257503773161551
2200.0,739.862313044808,3.8262627,40.292583,0.42607292876407
2200.0,739.8614237672697,3.8263431,40.242638,0.4263954798242941
2200.0,739.8684550554757,3.8267844,40.230171,0.4267180307055629
2200.0,739.8601960379897,3.826664,40.230171,0.4270405812305445
2200.0,739.8683243418926,3.826704,40.242638,0.4273631320548278
2200.0,739.8602681694982,3.8267844,40.30505,0.4276856826112558
2200.0,739.8682693243043,3.8271053,40.342525,0.4280082334115538
2200.0,739.8600627016821,3.8269045,40.342525,0.4283307838784058
2200.0,739.8666213417296,3.8271854,40.280075,0.4286533339602542
2200.0,739.860103668044,3.827065,40.317554,0.428975884444966
2200.0,739.8679578360726,3.8273458,40.292583,0.4292984351094684
2200.0,739.8602646657316,3.8272254,40.267609,0.429620985664369
2200.0,739.8670239807877,3.8273859,40.292583,0.4299435359217507
2200.0,739.8581511874407,3.8273458,40.217667,0.4302660855552562
2200.0,739.8588466669036,3.8273859,40.242638,0.4305886354919639
2200.0,739.8673114701663,3.8275063,40.230171,0.4309111858746786
2200.0,739.8609746970195,3.8278272,40.267609,0.4312337367391254
2200.0,739.8690813525905,3.8277068,40.292583,0.4315562878934329
2200.0,739.8611796031116,3.8278272,40.280075,0.4318788388472108
2200.0,739.8694369330234,3.8279877,40.330021,0.4322013901565361
2200.0,739.8630407152547,3.8280277,40.280075,0.4325239419216872
2200.0,739.8683166025055,3.828429,40.342525,0.4328464927425965
2200.0,739.8604446826389,3.8279073,40.280075,0.4331690433759775
2200.0,739.8698840303791,3.8282282,40.192696,0.433491594880218
2200.0,739.8616197739747,3.8282282,40.280075,0.4338141460258935
2200.0,739.8693666693335,3.8283887,40.267609,0.4341366973045868
2200.0,739.86168035791,3.8285491,40.255142,0.4344592484766746
2200.0,739.8613668090637,3.8285091,40.255142,0.4347817995120671
2200.0,739.8695791462062,3.8285091,40.2052,0.4351043508833913
2200.0,739.8619932099729,3.8289905,40.267609,0.4354269021918704
2200.0,739.8707686423296,3.8287899,40.292583,0.4357494540817638
2200.0,739.8615996941301,3.8290708,40.2052,0.4360720052186853
2200.0,739.8680118157399,3.8286295,40.342525,0.4363945559067206
2200.0,739.8604382609767,3.8290305,40.255142,0.436717106537302
2200.0,739.8690272145337,3.8292313,40.317554,0.4370396576680076
2200.0,739.8621474941883,3.829191,40.217667,0.4373622090437488
2200.0,739.869933090563,3.8293514,40.342525,0.4376847605693774
2200.0,739.8621473233178,3.8294318,40.280075,0.4380073119450441
2200.0,739.8690487841361,3.8293917,40.280075,0.4383298630851531
2200.0,739.8620350435795,3.8297527,40.30505,0.4386524144118702
2200.0,739.8621059658977,3.8297527,40.217667,0.4389749657695066
2200.0,739.8689549969658,3.8297927,40.255142,0.4392975168687285
2200.0,739.8616504385833,3.8297126,40.330021,0.4396200680277725
2200.0,739.8680784417951,3.8302341,40.292583,0.4399426187448539
2200.0,739.8619792822857,3.8298328,40.30505,0.4402651700472612
2200.0,739.8678792100793,3.830194,40.354992,0.4405877206774862
2200.0,739.860866139803,3.8302341,40.330021,0.4409102714946062
2200.0,739.8680971923125,3.8304746,40.30505,0.4412328222198621
2200.0,739.8611387587124,3.8302741,40.242638,0.4415553731558334
2200.0,739.8678622787886,3.8305149,40.292583,0.4418779237786771
2200.0,739.8610589003773,3.8305149,40.317554,0.4422004746798333
2200.0,739.8689333174731,3.8308759,40.30505,0.4425230257696038
2200.0,739.861909274892,3.830555,40.342525,0.4428455770414906
2200.0,739.8603540701017,3.8308358,40.317554,0.4431681276353679
2200.0,739.8674735558934,3.8310363,40.230171,0.4434906780887451
2200.0,739.8595600057128,3.8310764,40.30505,0.443813228336441
2200.0,739.8670551945424,3.8313169,40.317554,0.4441357786074306
2200.0,739.8599270454234,3.8311164,40.330021,0.4444583290151417
2200.0,739.8680801145014,3.8311565,40.30505,0.4447808797329524
2200.0,739.8604913982313,3.8316379,40.280075,0.4451034303866995
2200.0,739.8677000221893,3.8313169,40.317554,0.4454259809388062
2200.0,739.8620263518972,3.8314774,40.280075,0.445748532261734
2200.0,739.870094127114,3.8315578,40.342525,0.4460710838575678
2200.0,739.8625528876813,3.8317583,40.30505,0.4463936354100448
2200.0,739.8688660439452,3.8317583,40.30505,0.446716186470487
2200.0,739.8615079217196,3.8317583,40.255142,0.4470387375673992
2200.0,739.8612088874548,3.8320391,40.330021,0.447361288533944
2200.0,739.869364301474,3.8319991,40.317554,0.4476838398116051
2200.0,739.8610608658998,3.8322797,40.354992,0.4480063907136182
2200.0,739.8702789787538,3.8321595,40.280075,0.4483289423900393
2200.0,739.8611808726695,3.8322797,40.392467,0.4486514933443707
2200.0,739.8686784820874,3.8324401,40.317554,0.4489740443230439
2200.0,739.8613076786534,3.8325605,40.292583,0.4492965953326579
2200.0,739.8678520125386,3.8326409,40.342525,0.4496191459510259
2200.0,739.8604750042787,3.8326409,40.317554,0.4499416965976259
2200.0,739.869416816142,3.8328013,40.317554,0.4502642478981811
2200.0,739.8611643197152,3.8328414,40.330021,0.4505867988452961
2200.0,739.8679245595728,3.8329618,40.30505,0.4509093494952915
2200.0,739.8613870239677,3.8328013,40.317554,0.4512319005394969
2200.0,739.8618083966173,3.833082,40.292583,0.4515544517674046
2200.0,739.8693304266143,3.8334029,40.292583,0.4518770030302977
2200.0,739.8614431394853,3.8332827,40.267609,0.4521995540989674
2200.0,739.8681691890766,3.8335633,40.354992,0.4525221048556107
2200.0,739.860278985091,3.8334029,40.354992,0.4528446554167539
2200.0,739.8672701487557,3.8334832,40.367496,0.4531672057814543
2200.0,739.8605258467524,3.8336036,40.342525,0.4534897564502197
2200.0,739.8670644105931,3.8332827,40.367496,0.4538123067252271
2200.0,739.8610127700421,3.8334432,40.267609,0.4541348576062722
2200.0,739.8699436748195,3.8339646,40.330021,0.4544574091365152
2200.0,739.8611892952562,3.8338842,40.317554,0.4547799600945186
2200.0,739.8677226663427,3.8339646,40.267609,0.4551025106564972
2200.0,739.8608443140095,3.8342452,40.292583,0.455425061464102
2200.0,739.8599988593379,3.834085,40.392467,0.4557476119031212
2200.0,739.868149365236,3.834125,40.330021,0.4560701626511222
2200.0,739.8601204160157,3.8344057,40.367496,0.4563927131431354
2200.0,739.8665798375778,3.834486,40.330021,0.4567152632068897
2200.0,739.8597633013246,3.8345661,40.30505,0.4570378135432147
2200.0,739.8665165802638,3.8348069,40.354992,0.4573603635793916
2200.0,739.861303345295,3.8347669,40.342525,0.4576829145871164
2200.0,739.8676927467151,3.8345661,40.280075,0.4580054651360513
2200.0,739.8586862917166,3.8349273,40.330021,0.4583280150028416
2200.0,739.8666109782769,3.8349674,40.379963,0.458650565080172
2200.0,739.8590596542507,3.8350074,40.354992,0.458973115109734
2200.0,739.8659535772978,3.8351278,40.379963,0.4592956649004657
2200.0,739.8595462978038,3.8353684,40.367496,0.4596182151421855
2200.0,739.8667345381451,3.8354487,40.404934,0.4599407652733827
2200.0,739.8596649249218,3.8353283,40.30505,0.4602633155668193
2200.0,739.858948607645,3.8354487,40.367496,0.4605858655479692
2200.0,739.8664511625926,3.8358901,40.330021,0.4609084155556268
2200.0,739.8589351919554,3.8358097,40.379963,0.461230965530928
2200.0,739.8667052293603,3.8357697,40.379963,0.4615535156493478
2200.0,739.8608229152899,3.8360102,40.330021,0.4618760664476236
2200.0,739.8669159604711,3.8360906,40.367496,0.4621986166579131
2200.0,739.8588305903404,3.8361707,40.392467,0.462521166587612
2200.0,739.8665269199787,3.8361306,40.342525,0.4628437166282966
2200.0,739.8575698052875,3.836211,40.342525,0.4631662660083419
2200.0,739.8662671651094,3.8362911,40.354992,0.4634888159357844
2200.0,739.8579933020523,3.836652,40.342525,0.4638113655004579
2200.0,739.8653035244391,3.836612,40.379963,0.4641339150077945
2200.0,739.8569400109102,3.836652,40.379963,0.4644564641132737
2200.0,739.8579889562111,3.8368125,40.379963,0.4647790136760527
2200.0,739.864528875019,3.8370533,40.317554,0.4651015628456754
2200.0,739.8577413742332,3.8370132,40.429905,0.465424112300518
2200.0,739.8667086226579,3.8369329,40.392467,0.4657466624204172
2200.0,739.8586482917489,3.836973,40.354992,0.4660692122706409
2200.0,739.866294947913,3.8374543,40.367496,0.4663917622101956
2200.0,739.8588442380865,3.8371737,40.392467,0.4667143121458444
2200.0,739.8662465595539,3.8370934,40.379963,0.4670368620643039
2200.0,739.8596675131498,3.8374143,40.367496,0.4673594123588689
2200.0,739.8671193424384,3.8373742,40.404934,0.4676819626578242
2200.0,739.8598368362225,3.8376148,40.330021,0.4680045130262076
2200.0,739.8672613110796,3.8379757,40.429905,0.4683270633870551
2200.0,739.8606431676827,3.8377352,40.392467,0.4686496141069678
2200.0,739.8605575476344,3.838016,40.467346,0.4689721647895536
2200.0,739.8685629419596,3.8381362,40.342525,0.4692947157178563
2200.0,739.8594566495085,3.8383369,40.392467,0.4696172659204929
2200.0,739.8662732197166,3.8383369,40.442413,0.4699398158505751
2200.0,739.8578560103477,3.8383369,40.467346,0.4702623653553947
2200.0,739.8663167014845,3.8383369,40.354992,0.470584915304433
2200.0,739.859127122324,3.8382967,40.392467,0.4709074653634084
2200.0,739.8664466341712,3.8385375,40.404934,0.4712300153690918
2200.0,739.8586922243003,3.8388584,40.467346,0.4715525652384685
2200.0,739.8639099380983,3.8386979,40.429905,0.4718751141382613
2200.0,739.8566211403169,3.8388584,40.342525,0.4721976631047252
2200.0,739.8659296021825,3.8388984,40.45488,0.4725202128850048
2200.0,739.8593215551786,3.8390589,40.404934,0.4728427630287455
2200.0,739.860424186566,3.8390589,40.504822,0.473165313653191
2200.0,739.867123102651,3.8391392,40.367496,0.4734878639537855
2200.0,739.8601217219986,3.8392193,40.404934,0.4738104144463681
2200.0,739.8672074900062,3.8394198,40.479847,0.474132964783752
2200.0,739.8585649304656,3.8395002,40.404934,0.4744555145976334
2200.0,739.8680492916042,3.8396206,40.379963,0.4747780653020066
2200.0,739.8607546172154,3.839781,40.392467,0.4751006160705072
2200.0,739.8684324354695,3.839781,40.504822,0.4754231669419146
2200.0,739.8597183185844,3.8399012,40.442413,0.4757457172586289
2200.0,739.8687983797644,3.8401821,40.379963,0.4760682682895724
2200.0,739.8607521881937,3.8398612,40.429905,0.4763908190570139
2200.0,739.8683244151528,3.8402221,40.492313,0.4767133698813292
2200.0,739.8610327776504,3.8403425,40.367496,0.4770359207710968
2200.0,739.8613740478349,3.8402624,40.367496,0.4773584718096452
2200.0,739.8696006184011,3.8404229,40.392467,0.4776810231903303
2200.0,739.8614621089785,3.8403826,40.354992,0.4780035742672699
2200.0,739.8689298873408,3.8406634,40.467346,0.4783261253555451
2200.0,739.8611386117842,3.8409042,40.379963,0.4786486762914524
2200.0,739.868299049117,3.8411047,40.429905,0.4789712271047092
2200.0,739.8598950508896,3.8409042,40.442413,0.4792937774984718
2200.0,739.8666794231494,3.8411047,40.467346,0.4796163276056412
2200.0,739.8602158990791,3.8410244,40.442413,0.4799388781392814
2200.0,739.86776567151,3.8413053,40.417439,0.4802614287200084
2200.0,739.8609671897667,3.8412652,40.442413,0.4805839795811824
2200.0,739.8675845794688,3.8414257,40.479847,0.480906530082961
2200.0,739.8593191869335,3.8413854,40.529793,0.4812290802256692
2200.0,739.8598795970319,3.8417063,40.417439,0.4815516306126947
2200.0,739.8677941142694,3.8419871,40.404934,0.4818741812058215
2200.0,739.8595030972331,3.8420272,40.392467,0.4821967314287075
2200.0,739.8660446786021,3.8421476,40.467346,0.4825192812591555
2200.0,739.8590279038468,3.842308,40.479847,0.4828418312748755
2200.0,739.8674708221421,3.842308,40.492313,0.4831643817270609
2200.0,739.8581950950266,3.8419871,40.492313,0.4834869313797084
2200.0,739.8647677183999,3.8423884,40.429905,0.4838094806534566
2200.0,739.8580777255976,3.8421075,40.404934,0.4841320302549355
2200.0,739.8642959753321,3.8425086,40.504822,0.4844545793230239
2200.0,739.8585465464342,3.842629,40.404934,0.4847771291288907
2200.0,739.8647700747997,3.8428295,40.392467,0.4850996784036662
2200.0,739.8581810085424,3.8427494,40.429905,0.4854222280501725
2200.0,739.8583648944904,3.8430703,40.404934,0.485744777776846
2200.0,739.8658903072964,3.8430703,40.479847,0.4860673275399947
2200.0,739.8586375252687,3.8430703,40.429905,0.4863898773855247
2200.0,739.8660882700556,3.8431907,40.467346,0.4867124272349767
2200.0,739.8573114324779,3.8433912,40.479847,0.4870349765023814
2200.0,739.8648773627191,3.8435516,40.467346,0.4873575258239298
2200.0,739.8579610267586,3.8434713,40.479847,0.4876800753745325
2200.0,739.8654260959087,3.8435516,40.492313,0.488002624935305
2200.0,739.8572695992806,3.8438325,40.504822,0.4883251741844721
2200.0,739.8651892416036,3.8438725,40.492313,0.4886477236419863
2200.0,739.8588558595332,3.8439929,40.479847,0.4889702735827016
2200.0,739.8677578465844,3.8440731,40.492313,0.4892928241600173
2200.0,739.8598404858941,3.8443136,40.45488,0.4896153745299917
2200.0,739.8596279990851,3.8443539,40.45488,0.4899379248073301
2200.0,739.8661665422308,3.8443136,40.442413,0.4902604746909055
2200.0,739.8582085594194,3.8445945,40.467346,0.4905830243494229
2200.0,739.8653336151436,3.8445945,40.492313,0.4909055738698778
2200.0,739.8588064454143,3.8446345,40.492313,0.4912281237890504
2200.0,739.8658171749992,3.8449154,40.504822,0.4915506735203166
2200.0,739.8576174736621,3.8448353,40.442413,0.4918732229211435
2200.0,739.8654187471743,3.8447549,40.467346,0.4921957724787122
2200.0,739.8592314431794,3.8450758,40.529793,0.4925183225831676
2200.0,739.8679072009992,3.8453166,40.492313,0.4928408732255954
2200.0,739.8585346082119,3.8452363,40.56723,0.4931634230262575
2200.0,739.8674997402742,3.8454368,40.467346,0.49348597349105
2200.0,739.860573758643,3.8456776,40.554764,0.4938085241807031
2200.0,739.8616509751373,3.8457577,40.504822,0.4941310753399811
2200.0,739.8698123139682,3.8456776,40.542259,0.4944536268129563
2200.0,739.8608773703961,3.8458781,40.56723,0.4947761776349725
2200.0,739.8674260339691,3.8458781,40.56723,0.4950987280676321
2200.0,739.8607057770988,3.846159,40.479847,0.4954212788148402
2200.0,739.8671401561102,3.8462794,40.479847,0.4957438291228694
2200.0,739.861268384367,3.84656,40.504822,0.4960663801153525
2200.0,739.8677243382305,3.846159,40.479847,0.49638893067806
2200.0,739.8599410956872,3.8464398,40.517288,0.4967114810918965
2200.0,739.8683708997701,3.8464799,40.492313,0.497034031936477
2200.0,739.8605842809932,3.8467205,40.429905,0.4973565826307175
2200.0,739.8676632422969,3.8468008,40.529793,0.4976791331667898
2200.0,739.8610271254172,3.8468809,40.529793,0.4980016840540933
2200.0,739.8602332701655,3.8468809,40.442413,0.4983242345953066
2200.0,739.8672095527513,3.8472822,40.542259,0.4986467849335897
2200.0,739.8618519999105,3.8472018,40.504822,0.4989693361805068
2200.0,739.8690398856827,3.8472018,40.554764,0.4992918873167365
2200.0,739.8598591985699,3.8474026,40.504822,0.4996144376948689
2200.0,739.8670284120064,3.847563,40.504822,0.4999369879541825
2200.0,739.859567354987,3.8478436,40.554764,0.5002595382050824
2200.0,739.8658418329894,3.8475227,40.542259,0.5005820879470985
2200.0,739.8588711666673,3.8478036,40.542259,0.5009046378944871
2200.0,739.8661573130832,3.8480442,40.542259,0.5012271877740389
2200.0,739.859465560969,3.8480442,40.542259,0.5015497379805606
2200.0,739.8669650450069,3.8481646,40.554764,0.5018722882122488
2200.0,739.8603709398315,3.8481245,40.56723,0.5021948388134807
2200.0,739.8603720141671,3.8484855,40.542259,0.5025173894151811
2200.0,739.8684414323535,3.8485255,40.554764,0.5028399402905108
2200.0,739.8601604426921,3.8484454,40.492313,0.5031624907999741
2200.0,739.8680455680218,3.8487663,40.492313,0.503485041502724
2200.0,739.8602464413158,3.848686,40.442413,0.5038075920496794
2200.0,739.8671760323238,3.8489268,40.542259,0.504130142373349
2200.0,739.8598968453371,3.8492076,40.542259,0.5044526927678941
2200.0,739.868356129246,3.8491673,40.56723,0.5047752436060353
2200.0,739.8609795188424,3.8494081,40.554764,0.5050977944725842
2200.0,739.867320710569,3.8491673,40.517288,0.5054203448593274
2200.0,739.8605952920126,3.8494081,40.504822,0.5057428955583682
2200.0,739.8696111772826,3.8493681,40.542259,0.5060654469436565
2200.0,739.8601821710791,3.8496487,40.592201,0.5063879974625926
2200.0,739.8596808797269,3.8498092,40.554764,0.5067105477629849
2200.0,739.8670797674035,3.8499696,40.617176,0.5070330980446872
2200.0,739.8602248831853,3.8499696,40.504822,0.507355648582244
2200.0,739.8688664225244,3.85005,40.529793,0.5076781996428512
2200.0,739.861638633988,3.8502505,40.542259,0.508000750796749
2200.0,739.870104088045,3.8504109,40.592201,0.5083233023969252
2200.0,739.8602461233124,3.8503308,40.56723,0.508645852943742
2200.0,739.8667713063732,3.8503709,40.504822,0.5089684030909685
2200.0,739.8605490024711,3.8505313,40.56723,0.5092909537698289
2200.0,739.8673783653196,3.8507719,40.554764,0.509613504181707
2200.0,739.8598979073946,3.8509727,40.529793,0.5099360545767151
2200.0,739.8677384500268,3.8508523,40.542259,0.5102586051455746
2200.0,739.8600783628355,3.8512533,40.542259,0.5105811556192543
2200.0,739.8606207071103,3.8512132,40.529793,0.5109037063293752
2200.0,739.8680978391712,3.8514941,40.542259,0.511226257054913
2200.0,739.8589883656351,3.8514137,40.60471,0.5115488070533959
2200.0,739.8668084155272,3.8516142,40.554764,0.5118713572168004
2200.0,739.8590941879,3.8517747,40.60471,0.5121939072614178
2200.0,739.8674165615076,3.8517747,40.554764,0.5125164576899478
2200.0,739.8595878743885,3.851855,40.554764,0.5128390079497934
2200.0,739.8667702197484,3.8520155,40.579735,0.5131615580965462
2200.0,739.858524121673,3.8519754,40.579735,0.5134841078926365
2200.0,739.8649448193975,3.852216,40.554764,0.5138066572435932
2200.0,739.8589896597491,3.8523364,40.542259,0.5141292072426402
2200.0,739.8658788207935,3.8520155,40.554764,0.5144517570007814
2200.0,739.8590297963146,3.8524969,40.517288,0.5147743070173264
2200.0,739.8583145527595,3.8526573,40.56723,0.5150968567220529
2200.0,739.8657844475415,3.852577,40.504822,0.5154194064390514
2200.0,739.8579763834146,3.8528578,40.592201,0.515741955996349
2200.0,739.8642057648145,3.8530183,40.542259,0.5160645050251095
2200.0,739.8573707216852,3.8530183,40.617176,0.516387054318362
2200.0,739.8658063713713,3.8533392,40.579735,0.5167096040449183
2200.0,739.8570471152157,3.8534596,40.60471,0.5170321531970908
2200.0,739.8644875777557,3.8533792,40.617176,0.5173547023487097
2200.0,739.8564461167169,3.85358,40.642143,0.5176772512388701
2200.0,739.864671197069,3.8534596,40.542259,0.5179998004705391
2200.0,739.8573091008626,3.8539009,40.617176,0.5183223497369273
2200.0,739.8649251660199,3.8537405,40.592201,0.5186448990793159
2200.0,739.8577457198697,3.8538606,40.60471,0.5189674485360531
2200.0,739.8597094685144,3.8542619,40.642143,0.519289998848909
2200.0,739.8658248652732,3.8544223,40.579735,0.5196125485835279
2200.0,739.859751509212,3.8545024,40.554764,0.5199350989147119
2200.0,739.8678413922659,3.8545024,40.617176,0.52025764952845
2200.0,739.8599165474249,3.854342,40.529793,0.5205801999315843
2200.0,739.8690051317008,3.8549037,40.579735,0.5209027510526628
2200.0,739.8611644664387,3.8548634,40.529793,0.5212253019998417
2200.0,739.8677244116952,3.8549037,40.667118,0.5215478525625813
2200.0,739.8589571767507,3.8549838,40.617176,0.521870402547467
2200.0,739.8667921071528,3.8550642,40.629677,0.5221929527037618
2200.0,739.8620227875584,3.8553047,40.642143,0.5225155040251356
2200.0,739.8673899862694,3.8555856,40.642143,0.52283805444208
2200.0,739.8600005803213,3.8554652,40.592201,0.5231606048818495
2200.0,739.8669369441966,3.8556256,40.679585,0.523483155101287
2200.0,739.8594649746888,3.8559866,40.579735,0.523805705307553
2200.0,739.8589804922896,3.856107,40.617176,0.5241282553026034
2200.0,739.8671066107169,3.856107,40.654652,0.5244508055960082
2200.0,739.8592975925825,3.8561873,40.642143,0.5247733557293022
2200.0,739.8658942874941,3.8563879,40.679585,0.525095905494186
2200.0,739.8576853561221,3.8563478,40.592201,0.525418454924607
2200.0,739.8643293130184,3.8563478,40.629677,0.5257410040072293
2200.0,739.857347541001,3.8567488,40.629677,0.5260635532903759
2200.0,739.8658492547793,3.8567088,40.654652,0.5263861030356275
2200.0,739.8583502585602,3.8569896,40.629677,0.5267086527559204
2200.0,739.866992205508,3.8570697,40.654652,0.5270312029994494
2200.0,739.8585705335864,3.8572302,40.579735,0.5273537528157736
2200.0,739.8658022209152,3.8573105,40.629677,0.5276763025405204
2200.0,739.8588909049755,3.8571901,40.629677,0.5279988524965142
2200.0,739.8580813634004,3.857511,40.617176,0.5283214020995791
2200.0,739.866727934291,3.8577516,40.667118,0.5286439522278973
2200.0,739.858338746798,3.8575912,40.654652,0.5289665019431714
2200.0,739.8651168910213,3.8577917,40.692089,0.5292890513691438
2200.0,739.8589452012848,3.8576715,40.617176,0.5296116013488087
2200.0,739.8659019292692,3.8580325,40.71706,0.5299341511170241
2200.0,739.8581931178398,3.8580725,40.667118,0.5302567007688097
2200.0,739.8660381228377,3.858273,40.642143,0.5305792505963997
2200.0,739.8590089226894,3.8583534,40.692089,0.5309018006038446
2200.0,739.8678572981185,3.8585939,40.679585,0.5312243512245169
2200.0,739.8592332746658,3.8585539,40.667118,0.5315469013297707
2200.0,739.867720749504,3.8588347,40.642143,0.5318694518909136
2200.0,739.860441215502,3.8588748,40.617176,0.5321920025227831
2200.0,739.860675589086,3.8589551,40.642143,0.5325145532568304
2200.0,739.8673560991315,3.8589551,40.654652,0.5328371036590014
2200.0,739.859750862155,3.8593962,40.667118,0.5331596539899034
2200.0,739.8664882846388,3.8592358,40.617176,0.5334822040137446
2200.0,739.8605084758706,3.8594766,40.654652,0.5338047546749369
2200.0,739.8669367853979,3.8594766,40.692089,0.5341273048943052
2200.0,739.8610585590454,3.8598776,40.704556,0.5344498557953126
2200.0,739.8695080027801,3.8597975,40.617176,0.5347724071356212
2200.0,739.8616847766014,3.8602388,40.629677,0.5350949583096354
2200.0,739.8696575397314,3.8601584,40.60471,0.5354175097151357
2200.0,739.8623921101812,3.859998,40.60471,0.53574006119752
2200.0,739.8698368010863,3.8605194,40.617176,0.5360626126811706
2200.0,739.8624111648028,3.8605597,40.679585,0.536385164171862
2200.0,739.8620457122439,3.8606398,40.704556,0.5367077155032302
2200.0,739.8684306534868,3.8608003,40.729527,0.5370302663738608
2200.0,739.8593830781855,3.8607602,40.654652,0.5373528165444231
2200.0,739.868409315534,3.8609207,40.667118,0.5376753674057513
2200.0,739.859327987891,3.8610811,40.71706,0.5379979175522964
2200.0,739.8647927920088,3.8611212,40.71706,0.5383204668369755
2200.0,739.857987564486,3.8612416,40.692089,0.5386430163991477
2200.0,739.865561290028,3.861402,40.71706,0.538965566018859
2200.0,739.8577279098405,3.8617229,40.754498,0.5392881154678318
2200.0,739.8657396235569,3.8616025,40.692089,0.5396106651652889
2200.0,739.8596375936186,3.8618834,40.679585,0.5399332154468102
2200.0,739.8670242249202,3.8618031,40.629677,0.5402557657042983
2200.0,739.8584645643932,3.8619235,40.692089,0.540578315474424
2200.0,739.8588744987449,3.8623245,40.667118,0.5409008654232653
2200.0,739.868590688747,3.8624048,40.654652,0.5412234163636644
2200.0,739.859820661639,3.8625252,40.704556,0.5415459667249963
2200.0,739.8677461894139,3.8626454,40.667118,0.54186851729723
2200.0,739.8602681938498,3.8624849,40.692089,0.5421910678536687
2200.0,739.8674619105918,3.8626857,40.679585,0.542513618301969
2200.0,739.8597552073821,3.8631268,40.629677,0.5428361686347652
2200.0,739.8659070439768,3.8628862,40.71706,0.5431587184052105
2200.0,739.8597350907031,3.863528,40.754498,0.5434812687292367
2200.0,739.8663833400225,3.8633676,40.642143,0.5438038187073266
2200.0,739.8581008084661,3.8634477,40.642143,0.5441263683188687
2200.0,739.8664774570684,3.8637285,40.742031,0.5444489183379896
2200.0,739.8600508117538,3.8636081,40.667118,0.544771468799658
2200.0,739.8596633627354,3.8639693,40.692089,0.5450940190924136
2200.0,739.8666640790265,3.8638489,40.679585,0.5454165691928936
2200.0,739.8583136613679,3.8640494,40.654652,0.5457391188972315
2200.0,739.8660666149146,3.8640895,40.704556,0.5460616687372427
2200.0,739.8591381210654,3.8641698,40.729527,0.5463842188010133
2200.0,739.8658040644937,3.8644907,40.742031,0.5467067685265639
2200.0,739.858424977069,3.8646109,40.729527,0.547029318279431
2200.0,739.8651480309019,3.8647714,40.742031,0.5473518677189791
2200.0,739.8571531812014,3.8648517,40.742031,0.5476744169173924
2200.0,739.8646833185618,3.8648918,40.729527,0.5479969661543458
2200.0,739.8567592624315,3.8653731,40.729527,0.5483195151810256
2200.0,739.8657801994733,3.8654132,40.729527,0.5486420648961721
2200.0,739.8577858811962,3.8654132,40.754498,0.5489646143704181
2200.0,739.857319330175,3.8654535,40.742031,0.5492871636412658
2200.0,739.8648072699015,3.8656139,40.71706,0.5496097129322568
2200.0,739.8589358633641,3.8658545,40.704556,0.5499322629078507
2200.0,739.8674427332008,3.8658144,40.791973,0.5502548133477905
2200.0,739.8593241548662,3.8662155,40.742031,0.5505773634926646
2200.0,739.8666595014921,3.866055,40.667118,0.550899913591149
2200.0,739.8596775104057,3.8662958,40.742031,0.5512224638900723
2200.0,739.8675098597992,3.8664162,40.754498,0.5515450143592765
2200.0,739.859026451345,3.8665767,40.729527,0.5518675643743632
2200.0,739.8667087573093,3.8668573,40.742031,0.5521901144943211
2200.0,739.8596059897336,3.8668573,40.729527,0.5525126647620643
2200.0,739.8679220568572,3.8668172,40.767006,0.5528352154109686
2200.0,739.860651175269,3.8670177,40.754498,0.5531577661343724
2200.0,739.8601966729732,3.8670981,40.692089,0.5534803166596307
2200.0,739.8684260024876,3.8671782,40.754498,0.5538028675282337
2200.0,739.8602448660328,3.867419,40.71706,0.5541254180745023
2200.0,739.8681599366004,3.8675795,40.754498,0.554447968827112
2200.0,739.8595409633693,3.8675394,40.679585,0.5547705190665062
2200.0,739.8679622308658,3.86778,40.704556,0.5550930697329246
2200.0,739.8599111397308,3.8679805,40.742031,0.5554156201337015
2200.0,739.8659731324494,3.8682213,40.754498,0.5557381699329584
2200.0,739.8597692461864,3.8683414,40.729527,0.5560607202718751
2200.0,739.8673226640377,3.8685019,40.754498,0.5563832706594699
2200.0,739.8604159346451,3.8686223,40.742031,0.5567058212803179
2200.0,739.8680054191835,3.8685019,40.767006,0.5570283719655645
2200.0,739.8607936186686,3.8687828,40.779472,0.5573509227510681
2200.0,739.8601202697014,3.8689432,40.767006,0.5576734732430176
2200.0,739.867193463953,3.8688631,40.742031,0.5579960235742867
2200.0,739.8603602220545,3.8692641,40.791973,0.5583185741708461
2200.0,739.8686897127935,3.869184,40.767006,0.5586411251544154
2200.0,739.8612114873471,3.8693445,40.729527,0.5589636761220937
2200.0,739.8676511938596,3.869545,40.779472,0.5592862266529134
2200.0,739.8593460054205,3.8697855,40.742031,0.5596087768073135
2200.0,739.8665462805201,3.8697855,40.779472,0.5599313268564383
2200.0,739.8583331320131,3.8696251,40.754498,0.5602538765692646
2200.0,739.8664845735392,3.8701868,40.791973,0.5605764265914879
2200.0,739.8591659529067,3.8701868,40.754498,0.560898976667392
2200.0,739.866298549327,3.8703873,40.779472,0.5612215266085168
2200.0,739.8591504988443,3.8703873,40.779472,0.5615440766776835
2200.0,739.8592899635717,3.8703873,40.779472,0.5618666268076514
2200.0,739.8675307950256,3.8706682,40.80444,0.5621891772859824
2200.0,739.859331882102,3.8709087,40.754498,0.5625117274342252
2200.0,739.8687075101097,3.8712697,40.791973,0.5628342784255534
2200.0,739.8610695573775,3.8712296,40.816948,0.5631568293313557
2200.0,739.8688824020464,3.8712296,40.854385,0.5634793803989293
2200.0,739.8603449994348,3.87131,40.816948,0.5638019309888522
2200.0,739.8675659762904,3.8716309,40.829414,0.5641244814825207
2200.0,739.860575638628,3.871671,40.80444,0.5644470321729934
2200.0,739.8667230148075,3.871671,40.80444,0.5647695822991669
2200.0,739.8599276677195,3.8719919,40.779472,0.5650921327071493
2200.0,739.8682950693285,3.8721924,40.754498,0.565414683518671
2200.0,739.8615437005751,3.8721523,40.80444,0.5657372346311814
2200.0,739.8611600475427,3.8725533,40.80444,0.5660597855764339
2200.0,739.8684209242055,3.8725936,40.829414,0.566382336442823
2200.0,739.8622742514691,3.8726737,40.80444,0.5667048878738254
2200.0,739.8672480904792,3.8727541,40.767006,0.5670274382289093
2200.0,739.8615376707896,3.8729947,40.829414,0.567349989338791
2200.0,739.868185229376,3.8729546,40.816948,0.5676725401024272
2200.0,739.8615070557028,3.8729947,40.816948,0.5679950911989619
2200.0,739.868858304558,3.8731151,40.779472,0.56831764225603
2200.0,739.8608512840945,3.8731151,40.841919,0.5686401930666736
2200.0,739.8680913450029,3.8735564,40.779472,0.5689627437893803
2200.0,739.8597229327025,3.8735564,40.779472,0.569285294108106
2200.0,739.8670991154621,3.8739173,40.904327,0.5696078443982432
2200.0,739.8607455105326,3.8741179,40.767006,0.5699303951627736
2200.0,739.8599984930406,3.8743184,40.841919,0.5702529456016331
2200.0,739.8663957306136,3.8743587,40.816948,0.5705754955851247
2200.0,739.8586990601445,3.8743184,40.767006,0.5708980454574816
2200.0,739.867017523454,3.8743587,40.829414,0.5712205957120481
2200.0,739.860434916621,3.8748801,40.841919,0.5715431463411714
2200.0,739.8684173841827,3.8748398,40.80444,0.5718656972060172
2200.0,739.8613693236231,3.8750002,40.779472,0.572188248242506
2200.0,739.8684973288596,3.8751607,40.879356,0.5725107991422043
2200.0,739.8583764420638,3.8753614,40.854385,0.572833348873912
2200.0,739.866491690624,3.8753614,40.816948,0.5731558988992381
2200.0,739.859903876608,3.8756824,40.80444,0.5734784492968484
2200.0,739.8675178433188,3.8758428,40.829414,0.573800999769533
2200.0,739.8605375895478,3.8757625,40.841919,0.5741235504434178
2200.0,739.8597015947597,3.8758025,40.80444,0.5744461007528411
2200.0,739.8686805325543,3.8760433,40.904327,0.5747686517324083
2200.0,739.8605843421791,3.8762839,40.791973,0.5750912024266754
2200.0,739.8676842507834,3.8765247,40.841919,0.5754137529719064
2200.0,739.8613515749844,3.8765247,40.841919,0.5757363040006576
2200.0,739.8677372903466,3.8765647,40.854385,0.5760588545690116
2200.0,739.8600510194586,3.8768857,40.841919,0.5763814050307706
2200.0,739.8671722115386,3.8770862,40.80444,0.5767039553527745
2200.0,739.8587034665577,3.8770461,40.80444,0.5770265052270525
2200.0,739.8669514955541,3.8770461,40.904327,0.5773490554528337
2200.0,739.8589867422628,3.8774071,40.829414,0.5776716054506088
2200.0,739.8664486111733,3.8774474,40.841919,0.5779941554571542
2200.0,739.8582788719243,3.8775275,40.829414,0.578316705146325
2200.0,739.8586292121619,3.8776479,40.80444,0.5786392549882309
2200.0,739.8651568071867,3.877728,40.86689,0.578961804431605
2200.0,739.8586574958381,3.8783298,40.841919,0.5792843542858415
2200.0,739.8662077044335,3.8782094,40.841919,0.5796069041873617
2200.0,739.8590873522604,3.8784902,40.86689,0.579929454228999
2200.0,739.8655770612293,3.8784502,40.879356,0.580252003855586
2200.0,739.8596953325084,3.8787711,40.791973,0.5805745541622791
2200.0,739.8678058207574,3.8789315,40.816948,0.5808971047605095
2200.0,739.8614317138746,3.8790517,40.879356,0.581219655824198
2200.0,739.8674881191199,3.8792524,40.891823,0.5815422062839241
2200.0,739.8594800745274,3.879092,40.86689,0.5818647564967732
2200.0,739.8644194995934,3.8795331,40.854385,0.5821873056187128
2200.0,739.8578622599116,3.8795733,40.891823,0.5825098551262571
2200.0,739.8660160039885,3.8798139,40.86689,0.5828324049442042
2200.0,739.8583120382002,3.8797739,40.86689,0.5831549546478344
2200.0,739.8587784058681,3.8797739,40.791973,0.5834775045547829
2200.0,739.8671831125738,3.8801348,40.841919,0.5838000548815392
2200.0,739.859761128097,3.8801749,40.904327,0.5841226052169167
2200.0,739.8672201973759,3.8802552,40.829414,0.5844451555598404
2200.0,739.8593714696308,3.8804958,40.816948,0.5847677057253419
2200.0,739.8672052684624,3.880897,40.879356,0.5850902560617572
2200.0,739.8608398341321,3.8809371,40.841919,0.585412806867409
2200.0,739.8676925271392,3.880857,40.854385,0.5857353574162483
2200.0,739.8604514566832,3.8811376,40.854385,0.5860579080525824
2200.0,739.8688356485357,3.8814585,40.841919,0.5863804590997735
2200.0,739.8604937417153,3.8815789,40.854385,0.5867030097545424
2200.0,739.8679649406745,3.8814185,40.854385,0.5870255604221422
2200.0,739.8609149434945,3.8814986,40.854385,0.5873481112605388
2200.0,739.8615677239478,3.8817794,40.891823,0.5876706623835224
2200.0,739.868526345013,3.8820202,40.879356,0.5879932132958704
2200.0,739.8626679387963,3.8821003,40.879356,0.5883157648985053
2200.0,739.868022289083,3.8822207,40.841919,0.5886383155911067
2200.0,739.8608133084783,3.8824213,40.854385,0.5889608663851943
2200.0,739.8686024928472,3.8824213,40.854385,0.5892834173307394
2200.0,739.8611493786736,3.8826218,40.929302,0.5896059682713407
2200.0,739.8690547900397,3.8827822,40.86689,0.5899285194140681
2200.0,739.8615563470404,3.882983,40.86689,0.5902510705320919
2200.0,739.8689793623246,3.8831031,40.829414,0.5905736216419359
2200.0,739.8606814363367,3.8830631,40.854385,0.5908961723785324
2200.0,739.8693447213565,3.8833439,40.904327,0.5912187236476574
2200.0,739.8620323575357,3.8837852,40.904327,0.5915412749732034
2200.0,739.8623710771451,3.8836248,40.929302,0.5918638264464181
2200.0,739.8702024402668,3.883745,40.929302,0.5921863780894717
2200.0,739.8618456279747,3.8841863,40.941769,0.5925089293336108
2200.0,739.8701355821529,3.8843467,40.929302,0.5928314809475171
2200.0,739.8627710995737,3.8844271,40.86689,0.5931540325951262
2200.0,739.8687696445782,3.8844271,40.954269,0.5934765836135424
2200.0,739.8618522317624,3.8848281,40.954269,0.5937991348605605
2200.0,739.8698811742547,3.884788,40.891823,0.5941216863635559
2200.0,739.862003268824,3.8849082,40.891823,0.5944442376764203
2200.0,739.8705741342593,3.885149,40.929302,0.5947667894815165
2200.0,739.8634087183887,3.8851089,40.966736,0.5950893414071028
2200.0,739.8702661739767,3.8852694,40.879356,0.5954118930779416
2200.0,739.8641743157482,3.8855903,40.879356,0.5957344453372988
2200.0,739.8634471096192,3.8857908,40.929302,0.5960569972796221
2200.0,739.8688087806659,3.8857508,40.916794,0.5963795483151
2200.0,739.8627853816894,3.8857105,40.891823,0.5967020999689355
2200.0,739.8702468985645,3.8860717,40.916794,0.597024651631371
2200.0,739.8626303532152,3.8863523,40.916794,0.5973472032176201
2200.0,739.870708864261,3.8864727,40.929302,0.5976697550814528
2200.0,739.8620812346913,3.8866332,40.991711,0.5979923064283074
2200.0,739.8716316836545,3.8867135,40.941769,0.5983148586944497
2200.0,739.8621617767133,3.886874,40.879356,0.5986374100764175
2200.0,739.869189604966,3.8868337,40.941769,0.5989599612779184
2200.0,739.8624982614998,3.8871145,40.929302,0.5992825128065805
2200.0,739.8690046311576,3.8871949,40.904327,0.5996050639274408
2200.0,739.8618821754407,3.8874755,40.954269,0.5999276151875133
2200.0,739.8616386589536,3.8874354,40.904327,0.6002501663414218
2200.0,739.8688383092313,3.8877163,40.916794,0.6005727173897728
2200.0,739.8612327524397,3.8878767,40.954269,0.6008952683667218
2200.0,739.8665903843856,3.8879168,40.891823,0.6012178184350742
2200.0,739.8604720382938,3.8881574,40.916794,0.6015403690803811
2200.0,739.867662863513,3.8883982,40.929302,0.6018629196162882
2200.0,739.860827297556,3.8887591,40.904327,0.6021854704164746
2200.0,739.8685138938494,3.888679,40.954269,0.6025080213233944
2200.0,739.8594528287616,3.8888395,40.916794,0.6028305715243654
2200.0,739.8686772366641,3.8889999,40.966736,0.6031531225024956
2200.0,739.861073658884,3.8889999,40.991711,0.603475673410086
2200.0,739.8704196534726,3.889441,40.929302,0.6037982251478352
2200.0,739.8624765578736,3.8893209,40.966736,0.6041207766670355
2200.0,739.8622110917885,3.8894813,40.916794,0.6044433280705027
2200.0,739.8705486581287,3.8896418,40.854385,0.6047658798644924
2200.0,739.8623562459927,3.8896818,40.879356,0.6050884313312412
2200.0,739.8703564814924,3.8900828,40.979244,0.6054109830414502
2200.0,739.8615785884483,3.8901632,40.904327,0.6057335341691704
2200.0,739.8695100172308,3.8903236,40.916794,0.6060560855103573
2200.0,739.8613604369233,3.8903637,40.916794,0.6063786365429719
2200.0,739.8685482324173,3.8906446,40.941769,0.6067011874648618
2200.0,739.861230225193,3.8907247,40.954269,0.607023738440709
2200.0,739.8685152366801,3.890765,40.954269,0.6073462893482142
2200.0,739.8610293841823,3.891206,40.941769,0.6076688402365026
2200.0,739.8691596122828,3.8911259,40.966736,0.607991391424928
2200.0,739.862066525297,3.8914869,40.979244,0.6083139427653698
2200.0,739.862381477328,3.8913665,40.916794,0.6086364942431185
2200.0,739.8695992755704,3.8916073,40.916794,0.6089590456232182
2200.0,739.8620714449357,3.8918478,40.954269,0.6092815969658049
2200.0,739.8697573207318,3.8920083,40.929302,0.6096041484148054
2200.0,739.8625632512344,3.8922892,40.979244,0.6099266999718006
2200.0,739.868518739868,3.8922491,40.86689,0.6102492508808331
2200.0,739.8619926605269,3.8922892,40.941769,0.6105718021890728
2200.0,739.868941191307,3.8924496,40.904327,0.6108943532822759
2200.0,739.8627523011558,3.8926902,40.916794,0.6112169049216896
2200.0,739.8696422807377,3.8928106,40.929302,0.6115394563205377
2200.0,739.8614321288751,3.8930514,40.904327,0.6118620073844071
2200.0,739.8681671021842,3.8931715,40.954269,0.6121845581401407
2200.0,739.8624199172617,3.8932118,40.966736,0.6125071096346478
2200.0,739.8625247994318,3.8934124,40.954269,0.6128296611748796
2200.0,739.869411091001,3.8937333,41.004215,0.6131522124729388
2200.0,739.8635408346602,3.8938537,41.016682,0.6134747644561227
2200.0,739.8699884132657,3.8938537,40.916794,0.6137973160058697
2200.0,739.8636910662769,3.8941746,40.966736,0.6141198680545488
2200.0,739.8704815313257,3.8941746,40.991711,0.614442419819274
2200.0,739.8623917923825,3.8944552,40.966736,0.6147649713015199
2200.0,739.8699795266812,3.8946157,40.941769,0.6150875228473927
2200.0,739.8611922860019,3.8948162,40.929302,0.6154100738066999
2200.0,739.8676474213688,3.8948565,40.891823,0.615732624335875
2200.0,739.8612620615437,3.895057,40.966736,0.6160551753256016
2200.0,739.8692228698014,3.8952975,40.916794,0.6163777265416045
2200.0,739.8614508053305,3.8952575,40.966736,0.6167002776136161
2200.0,739.8613703246992,3.8954983,40.929302,0.6170228286505414
2200.0,739.8687722326276,3.8956988,40.929302,0.6173453796700858
2200.0,739.8605724037523,3.8958993,40.979244,0.6176679303591482
2200.0,739.8688599647814,3.8957789,40.916794,0.6179904814169401
2200.0,739.8619289647017,3.8960598,40.929302,0.6183130326974109
2200.0,739.8693522771839,3.896461,40.929302,0.6186355839698299
2200.0,739.862852862041,3.8965411,40.954269,0.6189581356530842
2200.0,739.8683541027216,3.8967416,40.929302,0.619280686490342
2200.0,739.8619145364764,3.8966615,41.029186,0.6196032377645225
2200.0,739.8703431393374,3.8969824,40.916794,0.6199257894689149
2200.0,739.8627064145412,3.8971429,40.991711,0.6202483410883238
2200.0,739.8694547559193,3.8972633,40.916794,0.6205708924054191
2200.0,739.8626650209007,3.8974237,40.991711,0.6208934440067819
2200.0,739.8631369427815,3.8974638,40.991711,0.6212159958138845
2200.0,739.8689694136718,3.8977847,41.066624,0.6215385469193915
2200.0,739.8613637943756,3.8978648,40.941769,0.6218610979534697
2200.0,739.8689431558263,3.8981857,40.966736,0.6221836490475293
2200.0,739.860788125437,3.8983061,41.016682,0.6225061998306382
2200.0,739.8704328738683,3.8982661,41.016682,0.6228287515741509
2200.0,739.8623487872385,3.8982661,40.966736,0.623151303037648
2200.0,739.8700721662449,3.8984666,41.004215,0.6234738546239077
2200.0,739.8615503409926,3.8987474,40.979244,0.6237964057393132
2200.0,739.8691635188111,3.8991084,40.991711,0.6241189569294415
2200.0,739.8631712685213,3.8991885,40.979244,0.6244415087515088
2200.0,739.870890139862,3.8994694,41.016682,0.62476406069437
2200.0,739.862661151246,3.8997502,41.016682,0.6250866122940457
2200.0,739.8614115478784,3.8997102,40.991711,0.6254091633489427
2200.0,739.8694431222821,3.8997903,40.954269,0.6257317146609662
2200.0,739.8627232114209,3.8997102,40.991711,0.6260542662876979
2200.0,739.8695465165653,3.9001915,41.004215,0.6263768176447969
2200.0,739.8615975945713,3.9003921,40.954269,0.626699368780803
2200.0,739.8687422640917,3.9005125,40.966736,0.6270219197872825
2200.0,739.8610661999252,3.9007931,41.041653,0.627344470691621
2200.0,739.8687932777443,3.9009535,41.016682,0.6276670217203403
2200.0,739.8621546228657,3.9009938,41.029186,0.6279895730991892
2200.0,739.8692026059904,3.9009938,41.029186,0.628312124306358
2200.0,739.8618792336027,3.9011943,41.004215,0.6286346755651478
2200.0,739.8709616119359,3.9012744,40.991711,0.6289572275391677
2200.0,739.8635714376736,3.9015954,41.004215,0.6292797795356934
2200.0,739.8633924711596,3.9017158,40.979244,0.6296023314541965
2200.0,739.8700984607207,3.9021571,40.991711,0.6299248830519194
2200.0,739.8624049756063,3.9020767,40.991711,0.6302474345399126
2200.0,739.8706323134958,3.9021571,40.991711,0.6305699863703724
2200.0,739.8620161592145,3.9023576,41.041653,0.6308925376888566
2200.0,739.8690916311186,3.9026384,41.091595,0.6312150888476451
2200.0,739.8619897066155,3.9027185,41.029186,0.6315376401545969
2200.0,739.8694708080876,3.902879,41.016682,0.6318601914786903
2200.0,739.8621053925094,3.9030395,41.016682,0.6321827428360768
2200.0,739.8699869361928,3.9030795,40.966736,0.6325052943851798
2200.0,739.8628577812703,3.9034004,41.054157,0.6328278460705787
2200.0,739.8689880416114,3.9035208,41.091595,0.6331503971842066
2200.0,739.8620192481852,3.9033604,41.066624,0.6334729485040375
2200.0,739.8610965590132,3.9038417,41.004215,0.6337954994216114
2200.0,739.8702397935533,3.9040825,41.029186,0.6341180510809494
2200.0,739.8621328339065,3.9040422,40.941769,0.6344406024502993
2200.0,739.86907157481,3.9044435,41.004215,0.6347631536003441
2200.0,739.8607404206374,3.9044034,41.066624,0.6350857043626554
2200.0,739.8698396574154,3.9048045,41.041653,0.6354082558475512
2200.0,739.8615976678308,3.9049649,40.979244,0.6357308069835893
2200.0,739.869041203343,3.9051654,41.054157,0.6360533581203934
2200.0,739.8605576700063,3.9051654,40.991711,0.6363759088030325
2200.0,739.8686250516669,3.9054463,41.016682,0.6366984597584124
2200.0,739.8625085030903,3.9055264,41.029186,0.6370210112915395
2200.0,739.8702689206201,3.9057271,41.016682,0.6373435629635756
2200.0,739.862477021168,3.9056869,41.029186,0.6376661144829779
2200.0,739.8624456736912,3.9058473,40.991711,0.6379886659887138
2200.0,739.869078093535,3.9062486,41.054157,0.6383112171416006
2200.0,739.8623800856029,3.906409,40.991711,0.6386337686187425
2200.0,739.8698910619255,3.9064891,41.054157,0.6389563201260485
2200.0,739.8620924777672,3.90677,41.041653,0.6392788714778047
2200.0,739.8693084041494,3.9068503,41.066624,0.6396014227310969
2200.0,739.8615914059887,3.9069304,41.079132,0.639923973864405
2200.0,739.8694940258398,3.9070108,41.079132,0.6402465251986204
2200.0,739.8612826910389,3.9072113,40.991711,0.6405690761973406
2200.0,739.8689162881611,3.9076123,41.041653,0.6408916272796872
2200.0,739.8623580031966,3.9076927,41.054157,0.6412141787472021
2200.0,739.8687074982407,3.9077728,41.104061,0.6415367297385252
2200.0,739.8612413461016,3.9078932,41.066624,0.6418592807192207
2200.0,739.8617065047838,3.9082141,41.054157,0.6421818319027075
2200.0,739.8687084264761,3.908535,41.104061,0.6425043828944351
2200.0,739.8618914157503,3.908535,41.029186,0.642826934158536
2200.0,739.8702862544326,3.9088159,41.029186,0.6431494858381289
2200.0,739.8611040419144,3.908896,41.054157,0.6434720367589651
2200.0,739.8687279816278,3.908896,41.104061,0.643794587759218
2200.0,739.8609019554929,3.9091768,41.066624,0.6441171385919523
2200.0,739.8684064835568,3.9093773,41.054157,0.6444396894520459
2200.0,739.861617418417,3.9095378,41.104061,0.6447622405966945
2200.0,739.8697350549528,3.9098186,41.054157,0.6450847920359881
2200.0,739.861412109398,3.9097786,41.079132,0.6454073430911299
2200.0,739.8683175546834,3.9098988,41.066624,0.6457298939124543
2200.0,739.860887465877,3.91026,41.104061,0.6460524447388716
2200.0,739.8683625378759,3.9102197,41.004215,0.6463749955798067
2200.0,739.8612014411833,3.9104204,41.029186,0.6466975465431053
2200.0,739.8608470851815,3.9107413,41.079132,0.6470200973519182
2200.0,739.8700723980991,3.9111824,41.066624,0.647342648938279
2200.0,739.8623561604552,3.9111423,41.104061,0.6476652004049906
2200.0,739.8705665900962,3.9111824,41.104061,0.6479877522067979
2200.0,739.8627436219563,3.9115033,40.991711,0.6483103038424278
2200.0,739.8692991885079,3.9118242,41.004215,0.6486328550917023
2200.0,739.8625112495015,3.9116237,41.141541,0.6489554066260268
2200.0,739.8693772898108,3.9119446,41.091595,0.6492779579093503
2200.0,739.861755345105,3.9121051,41.079132,0.6496005091141295
2200.0,739.8704633912417,3.9122255,41.066624,0.6499230608709465
2200.0,739.8626023015954,3.9123859,41.079132,0.6502456124449661
2200.0,739.8696086504199,3.9126666,41.066624,0.6505681638291528
2200.0,739.8613074226546,3.9125865,41.116566,0.6508907148386552
2200.0,739.8601049373971,3.9132283,41.066624,0.6512132653239203
2200.0,739.8673699301653,3.9131882,41.041653,0.6515358157321212
2200.0,739.8612789676986,3.9135091,41.079132,0.6518583667292183
2200.0,739.868907487115,3.9135091,41.079132,0.6521809178077278
2200.0,739.8589720328685,3.9137897,41.041653,0.6525034677990903
2200.0,739.8685998802413,3.91383,41.079132,0.6528260187434964
2200.0,739.8613080574335,3.9140706,41.066624,0.6531485697532755
2200.0,739.8671583320056,3.914151,41.066624,0.6534711200692286
2200.0,739.8609715474767,3.9144316,41.041653,0.6537936709323023
2200.0,739.8686356958822,3.9144719,41.104061,0.6541162218923227
2200.0,739.8603690236259,3.9148729,41.104061,0.6544387724927192
2200.0,739.869822408732,3.9150734,41.029186,0.6547613239700953
2200.0,739.8619569921744,3.9151938,41.129032,0.655083875262785
2200.0,739.8614878291876,3.9154747,41.104061,0.6554064263509376
2200.0,739.8680428095093,3.9152739,41.066624,0.6557289770524849
2200.0,739.8609291769069,3.9157553,41.129032,0.6560515278970867
2200.0,739.8675242275968,3.9155948,41.116566,0.6563740783725546
2200.0,739.8613078618021,3.9157956,41.116566,0.6566966293822484
2200.0,739.869328668779,3.9162366,41.104061,0.657019180644375
2200.0,739.8616411612347,3.9162366,41.091595,0.6573417317993746
2200.0,739.868083885969,3.9163971,41.104061,0.6576642825188295
2200.0,739.8598733591322,3.9166379,41.129032,0.6579868329031354
2200.0,739.8688786539075,3.9165576,41.091595,0.6583093839690749
2200.0,739.8603590750733,3.9167984,41.116566,0.6586319345651342
2200.0,739.8682434208906,3.9168384,41.116566,0.6589544853541396
2200.0,739.8594481413842,3.9174402,41.066624,0.6592770355530669
2200.0,739.8607068391564,3.9176006,41.166512,0.659599586300738
2200.0,739.8676717507115,3.9176807,41.041653,0.6599221368405196
2200.0,739.8602239676467,3.9178815,41.166512,0.6602446873776774
2200.0,739.8663269065479,3.9180419,41.129032,0.6605672373311646
2200.0,739.8591191392941,3.9181621,41.141541,0.6608897873866598
2200.0,739.8682692389705,3.9183626,41.141541,0.6612123381869206
2200.0,739.860480252971,3.9185634,41.079132,0.6615348888358088
2200.0,739.8676701027663,3.9187639,41.079132,0.661857439374872
2200.0,739.8603076221724,3.9188843,41.129032,0.6621799899484999
2200.0,739.867413020871,3.9190044,41.079132,0.6625025403754864
2200.0,739.8613336798269,3.9195662,41.066624,0.6628250913964359
2200.0,739.8674929528603,3.9193254,41.079132,0.6631476418582692
2200.0,739.8607569611089,3.9196062,41.104061,0.6634701926277916
2200.0,739.8628687673242,3.919847,41.066624,0.66379274431798
2200.0,739.870041721927,3.9200075,41.079132,0.6641152958909673
2200.0,739.860858889163,3.9203684,41.079132,0.6644378467049263
2200.0,739.8700644393406,3.9204485,41.104061,0.6647603982878174
2200.0,739.8610649060158,3.920609,41.091595,0.6650829491915918
2200.0,739.8691373958216,3.9207294,41.166512,0.6654055003703319
2200.0,739.8615994984987,3.9210503,41.116566,0.665728051507168
2200.0,739.8683931776226,3.9211307,41.079132,0.6660506023614607
2200.0,739.8619975437405,3.9213312,41.104061,0.6663731536718293
2200.0,739.8695756182572,3.9215317,41.129032,0.6666957050416153
2200.0,739.8631288615265,3.9218526,41.129032,0.6670182568451949
2200.0,739.8700984236813,3.9218926,41.166512,0.6673408084429017
2200.0,739.8613279181136,3.921973,41.041653,0.6676633594613393
2200.0,739.8616776110896,3.922374,41.191483,0.6679859106322295
2200.0,739.8696573567855,3.9224141,41.141541,0.66830846203765
2200.0,739.8626021917063,3.9224141,41.104061,0.6686310136116218
2200.0,739.8704234255541,3.9226148,41.141541,0.6689535653510155
2200.0,739.8622709067041,3.9228954,41.116566,0.6692761167805598
2200.0,739.8693990669155,3.9230158,41.116566,0.6695986680733771
2200.0,739.8612911993679,3.9232566,41.141541,0.6699212190758067
2200.0,739.8695093943145,3.9234171,41.154007,0.670243770416722
2200.0,739.8621750696216,3.9235775,41.166512,0.6705663218044849
2200.0,739.8694959547521,3.923738,41.203949,0.6708888731395412
2200.0,739.8612821047586,3.9239385,41.154007,0.6712114241380059
2200.0,739.8700352645932,3.9241791,41.154007,0.6715339757081781
2200.0,739.8627504330395,3.9245,41.091595,0.6718565273467774
2200.0,739.8625332471887,3.9246604,41.079132,0.672179078890692
2200.0,739.870626746744,3.9247408,41.141541,0.6725016307187249
2200.0,739.8633310697061,3.9249012,41.154007,0.6728241826104594
2200.0,739.8702735349892,3.9249814,41.154007,0.6731467342845072
2200.0,739.8633056063144,3.9252222,41.141541,0.6734692861651406
2200.0,739.8695656816781,3.9256632,41.141541,0.6737918375305948
2200.0,739.8614919552504,3.9255831,41.091595,0.6741143886205462
2200.0,739.8692874329067,3.9257836,41.091595,0.6744369398646959
2200.0,739.8606124425021,3.925904,41.091595,0.6747594905712136
2200.0,739.8695135693271,3.926265,41.178978,0.675082041913949
2200.0,739.8604617473861,3.9264255,41.178978,0.6754045925547696
2200.0,739.8684529440269,3.9268267,41.129032,0.675727143435118
2200.0,739.8612974855615,3.9268267,41.141541,0.6760496944402882
2200.0,739.8605886266296,3.9270272,41.166512,0.6763722451364231
2200.0,739.8685535425536,3.9272277,41.154007,0.6766947960606281
2200.0,739.8605246013415,3.9273081,41.166512,0.6770173467288505
2200.0,739.8672318924043,3.9275486,41.178978,0.6773398970768728
2200.0,739.8598339793082,3.9277091,41.166512,0.6776624474440106
2200.0,739.8680379387296,3.9279499,41.116566,0.6779849981434345
2200.0,739.8600146672148,3.9282305,41.178978,0.6783075485893453
2200.0,739.8683375008972,3.928391,41.154007,0.6786300994193654
2200.0,739.8608422756366,3.9287119,41.141541,0.6789526502260815
2200.0,739.8683980481978,3.9285915,41.166512,0.6792752010824976
2200.0,739.8607508820062,3.9289527,41.166512,0.6795977518493698
2200.0,739.8686809232072,3.9289927,41.141541,0.6799203028291072
2200.0,739.861551525422,3.9291131,41.141541,0.6802428539450289
2200.0,739.8610872327567,3.9295142,41.154007,0.680565404858537
2200.0,739.8679022692374,3.9294741,41.141541,0.6808879554988148
2200.0,739.861013221877,3.929755,41.141541,0.6812105063800569
2200.0,739.8679995847662,3.9298751,41.166512,0.68153305706276
2200.0,739.8612312137864,3.9300759,41.203949,0.6818556080390383
2200.0,739.8681780030148,3.930196,41.116566,0.6821781587995241
2200.0,739.861022853654,3.9304368,41.191483,0.6825007096849653
2200.0,739.8684415176873,3.9306774,41.166512,0.6828232605603324
2200.0,739.8614245851973,3.9309182,41.178978,0.683145811620913
2200.0,739.8694313177726,3.9310787,41.203949,0.6834683629277903
2200.0,739.862301033531,3.9314797,41.266396,0.6837909143704687
2200.0,739.8691918512709,3.9314797,41.178978,0.6841134655729488
2200.0,739.8611345839464,3.9317605,41.178978,0.6844360165071002
2200.0,739.8602386041908,3.9317605,41.203949,0.6847585670506389
2200.0,739.868816360845,3.9321616,41.216454,0.6850811180894214
2200.0,739.861039162069,3.9324825,41.191483,0.6854036689819725
2200.0,739.867946568941,3.9324024,41.22892,0.685726219641563
2200.0,739.8597869823423,3.9327233,41.154007,0.686048769988212
2200.0,739.8665761512393,3.9328837,41.166512,0.6863713200503592
2200.0,739.8593341770875,3.9330842,41.166512,0.6866938701996026
2200.0,739.8678422102016,3.9332848,41.191483,0.6870164208136972
2200.0,739.8612587288522,3.9332047,41.154007,0.6873389718019709
2200.0,739.8698581513173,3.933646,41.129032,0.6876615232949292
2200.0,739.8622599695581,3.9337661,41.116566,0.6879840747197054
2200.0,739.8707642227753,3.9339266,41.178978,0.6883066266076721
2200.0,739.862650617027,3.9342074,41.22892,0.6886291782027554
2200.0,739.861697373954,3.9344079,41.253891,0.6889517293822615
2200.0,739.8687616246332,3.9345284,41.166512,0.6892742803971812
2200.0,739.8606761628835,3.9348893,41.154007,0.6895968311314786
2200.0,739.8676039889186,3.9350498,41.266396,0.6899193816417191
2200.0,739.8616675405742,3.9352102,41.129032,0.6902419328082189
2200.0,739.869033525347,3.9354107,41.191483,0.6905644839416758
2200.0,739.8615330192233,3.9357719,41.216454,0.6908870350495295
2200.0,739.8701902821439,3.9357316,41.154007,0.6912095866872827
2200.0,739.8623839922965,3.936173,41.166512,0.6915321381661279
2200.0,739.87201624402,3.9360125,41.178978,0.691854690599922
2200.0,739.8635770160336,3.936213,41.203949,0.6921772425988796
2200.0,739.8712143479463,3.9367347,41.203949,0.6924997946830815
2200.0,739.8624922802129,3.9364138,41.241425,0.6928223462091361
2200.0,739.86203497032,3.9369352,41.241425,0.6931448975358212
2200.0,739.868484156963,3.9372561,41.191483,0.693467448429777
2200.0,739.8621081755502,3.9373765,41.178978,0.6937899997883767
2200.0,739.8707955466249,3.9374566,41.178978,0.6941125516899992
2200.0,739.8650831251176,3.9377775,41.216454,0.6944351043455623
2200.0,739.8726770755408,3.9382989,41.191483,0.6947576570674506
2200.0,739.8640838863596,3.9382989,41.241425,0.6950802092873841
2200.0,739.8695529006388,3.9382589,41.203949,0.6954027606472664
2200.0,739.8633212189692,3.9389007,41.216454,0.6957253125347063
2200.0,739.8696089684264,3.9388204,41.166512,0.6960478639190316
2200.0,739.862163533917,3.9389007,41.166512,0.6963704153017655
2200.0,739.8695839431119,3.9391413,41.203949,0.6966929666751808
2200.0,739.8611722303043,3.9393821,41.216454,0.6970155176257445
2200.0,739.8613934570895,3.9394622,41.216454,0.6973380686727546
2200.0,739.870170530745,3.9398234,41.22892,0.6976606203018969
2200.0,739.8618992408018,3.9398634,41.191483,0.6979831715694093
2200.0,739.8701341298411,3.9401443,41.22892,0.6983057231826824
2200.0,739.8616089958304,3.9404652,41.241425,0.698628274323659
2200.0,739.869478681103,3.9405453,41.216454,0.6989508256511846
2200.0,739.860535087062,3.9407058,41.241425,0.6992733763239785
2200.0,739.8683557512807,3.9409866,41.178978,0.699595927161955
2200.0,739.8619730562548,3.9413877,41.203949,0.6999184784616479
2200.0,739.8693625184682,3.9413075,41.22892,0.7002410297385316
2200.0,739.8619224712124,3.9416685,41.278862,0.7005635810161714
2200.0,739.8675509364634,3.941829,41.191483,0.7008861315032832
2200.0,739.8602838310609,3.9419494,41.266396,0.7012086820665391
2200.0,739.8598262647598,3.9421899,41.22892,0.7015312324303137
2200.0,739.8671285832503,3.94223,41.191483,0.7018537827332976
2200.0,739.8603428272304,3.9425509,41.253891,0.7021763333222735
2200.0,739.8676850562364,3.9429121,41.22892,0.7024988838678558
2200.0,739.8599673894892,3.9429922,41.266396,0.7028214342931552
2200.0,739.8686587673185,3.9431126,41.253891,0.7031439852632337
2200.0,739.8609027854939,3.9433131,41.203949,0.7034665360963298
2200.0,739.8677880719403,3.9435136,41.178978,0.7037890866868225
2200.0,739.8598584301642,3.943634,41.29137,0.70411163706462
2200.0,739.8681154291899,3.9441555,41.241425,0.7044341877978263
2200.0,739.8607821200031,3.9442759,41.203949,0.704756738578317
2200.0,739.8667124311648,3.9443159,41.203949,0.7050792886998765
2200.0,739.8611670540529,3.9445968,41.166512,0.7054018396481835
2200.0,739.8692724919196,3.9446771,41.22892,0.7057243908858195
2200.0,739.8616867902133,3.9451985,41.241425,0.7060469420607115
2200.0,739.8615651854462,3.9451182,41.253891,0.7063694931825885
2200.0,739.8689870528034,3.9453187,41.253891,0.7066920442957854
2200.0,739.8608139066274,3.9456396,41.216454,0.7070145950901338
2200.0,739.8674825523682,3.9458001,41.203949,0.707337145547433
2200.0,739.8605839633991,3.9459205,41.266396,0.7076596962415349
2200.0,739.8687825477859,3.9460409,41.166512,0.7079822472655763
2200.0,739.8611344128713,3.9464822,41.216454,0.7083047981996531
2200.0,739.8694056832526,3.9466827,41.253891,0.7086273494953549
2200.0,739.8612788582186,3.9468832,41.22892,0.7089499004924043
2200.0,739.8689813153841,3.9470437,41.253891,0.7092724516030998
2200.0,739.8615816520443,3.9472442,41.253891,0.7095950027321556
2200.0,739.8697540735452,3.9474046,41.216454,0.7099175541797405
2200.0,739.861254200067,3.947485,41.266396,0.7102401051660399
2200.0,739.8618130107354,3.9479263,41.216454,0.7105626563959592
2200.0,739.868072094147,3.9480464,41.22892,0.7108852071102733
2200.0,739.8598468334783,3.9482872,41.278862,0.711207757483015
2200.0,739.8685487452386,3.9485278,41.303837,0.7115303084051285
2200.0,739.8622794878833,3.9488087,41.266396,0.711852859838414
2200.0,739.8695567580542,3.9490895,41.241425,0.7121754111999777
2200.0,739.8614328002838,3.9492097,41.22892,0.71249796226414
2200.0,739.8691057302275,3.9493301,41.216454,0.712820513429075
2200.0,739.8615524653122,3.9494104,41.216454,0.7131430645454065
2200.0,739.8686484891996,3.9497313,41.216454,0.7134656155110042
2200.0,739.8617576519595,3.9502928,41.316303,0.7137881667167891
2200.0,739.8684026140678,3.9504533,41.241425,0.7141107175751957
2200.0,739.8619921722669,3.9505737,41.253891,0.7144332688832226
2200.0,739.8600381288635,3.9506538,41.241425,0.7147558193393617
2200.0,739.8686047023174,3.9508946,41.191483,0.7150783702858702
2200.0,739.861183729379,3.9508946,41.22892,0.715400921241447
2200.0,739.8677773538509,3.951416,41.29137,0.715723471827267
2200.0,739.8605101240037,3.9516969,41.216454,0.7160460224891779
2200.0,739.8682320436641,3.9516165,41.241425,0.7163685732732231
2200.0,739.8605577309877,3.951777,41.316303,0.7166911239558889
2200.0,739.8699390723193,3.9522183,41.241425,0.7170136754841253
2200.0,739.8618060647975,3.9521782,41.216454,0.7173362267110164
2200.0,739.8679478509945,3.9524589,41.216454,0.7176587773711659
2200.0,739.8600159361587,3.9528601,41.266396,0.7179813278176299
2200.0,739.8680261106867,3.9530206,41.216454,0.7183038785118973
2200.0,739.8596784989991,3.9532611,41.353779,0.7186264288112516
2200.0,739.8604950603857,3.9534216,41.316303,0.7189489794665954
2200.0,739.868596950652,3.9536624,41.266396,0.7192715304097244
2200.0,739.8613874146166,3.9538229,41.216454,0.7195940814541002
2200.0,739.8698024995576,3.9540234,41.253891,0.7199166329227967
2200.0,739.8616753156947,3.9540234,41.29137,0.7202391840926863
2200.0,739.8696754358875,3.9547052,41.278862,0.7205617355059886
2200.0,739.8621805016671,3.9546251,41.191483,0.7208842868961197
2200.0,739.8697774505052,3.9549861,41.353779,0.7212068383538961
2200.0,739.8614953974217,3.954906,41.241425,0.7215293894453482
2200.0,739.8676453586237,3.9554274,41.253891,0.721851939973624
2200.0,739.8613222538069,3.955708,41.37875,0.7221744909895921
2200.0,739.8693956854869,3.9557884,41.29137,0.7224970422809353
2200.0,739.8613856934286,3.9560692,41.328808,0.7228195933245606
2200.0,739.8623281696122,3.9563498,41.253891,0.7231421447790692
2200.0,739.8684335834854,3.9565506,41.29137,0.7234646956509773
2200.0,739.8612228032731,3.9567912,41.316303,0.7237872466235888
2200.0,739.8679063343598,3.9568312,41.266396,0.7241097972656388
2200.0,739.8601762755344,3.9571924,41.34127,0.7244323477820046
2200.0,739.8674127763293,3.9573929,41.316303,0.7247548982088845
2200.0,739.8609179956309,3.9575534,41.278862,0.7250774490486117
2200.0,739.8690993213928,3.9578743,41.328808,0.7254000002107528
2200.0,739.8612418100099,3.9579947,41.29137,0.7257225511916505
2200.0,739.8686115505086,3.9581952,41.241425,0.7260451021411445
2200.0,739.8606885042374,3.9584758,41.316303,0.7263676528808223
2200.0,739.8691562189852,3.9585161,41.241425,0.7266902040677683
2200.0,739.8618045879441,3.9589171,41.29137,0.7270127552940155
2200.0,739.8613548466946,3.9590776,41.316303,0.727335306324193
2200.0,739.8700392803979,3.9592381,41.328808,0.7276578578961158
2200.0,739.8615277214185,3.9596393,41.316303,0.72798040900166
2200.0,739.8695558914146,3.9597194,41.278862,0.728302960362846
2200.0,739.8613171027256,3.9598799,41.253891,0.7286255113765685
2200.0,739.869117473141,3.9601207,41.316303,0.728948062546623
2200.0,739.8599630804824,3.9604013,41.278862,0.7292706129700439
2200.0,739.8676559788963,3.9607222,41.34127,0.7295931635029497
2200.0,739.8610238909507,3.9608426,41.29137,0.7299157143888432
2200.0,739.8681668461828,3.9610031,41.366245,0.7302382651444651
2200.0,739.8614583856381,3.9612036,41.266396,0.7305608162197815
2200.0,739.8685479755974,3.9615648,41.278862,0.7308833671415595
2200.0,739.8621001438171,3.9619658,41.34127,0.7312059184966577
2200.0,739.861801230901,3.9619658,41.278862,0.7315284697214415
2200.0,739.8692674744148,3.9624071,41.266396,0.7318510209568901
2200.0,739.8606431064968,3.9624872,41.29137,0.7321735716767762
2200.0,739.8676143894107,3.9625273,41.303837,0.7324961221915507
2200.0,739.8599486272916,3.9632094,41.316303,0.7328186726086707
2200.0,739.8675079188132,3.9632094,41.253891,0.7331412230770286
2200.0,739.8600862977761,3.9636505,41.266396,0.7334637735541676
2200.0,739.8692129817214,3.9637308,41.353779,0.7337863247658597
2200.0,739.8609610494781,3.9642522,41.328808,0.7341088756243567
2200.0,739.8679200673722,3.9640117,41.316303,0.7344314262723937
2200.0,739.8601955253781,3.9644127,41.29137,0.7347539767971517
2200.0,739.8693108340141,3.9645331,41.34127,0.7350765280515033
2200.0,739.861409008763,3.9645731,41.303837,0.7353990791052932
2200.0,739.8615320797423,3.9649341,41.316303,0.7357216302127374
2200.0,739.868837369127,3.965255,41.29137,0.7360441812606786
2200.0,739.8605372357332,3.9654555,41.278862,0.7363667319344092
2200.0,739.8683596690639,3.9658568,41.278862,0.7366892827740935
2200.0,739.8610352801362,3.9659772,41.303837,0.7370118336649523
2200.0,739.869808041139,3.9663382,41.203949,0.7373343851360648
2200.0,739.8616301870496,3.9662981,41.278862,0.7376569362862799
2200.0,739.8695145708226,3.966619,41.22892,0.737979487629452
2200.0,739.8621305630679,3.96698,41.328808,0.7383020389978118
2200.0,739.8684046643301,3.9671004,41.29137,0.7386245898571123
2200.0,739.8608288965768,3.9673009,41.253891,0.7389471406579957
2200.0,739.8697872405639,3.9673409,41.278862,0.73926969212004
2200.0,739.8633824857726,3.9675415,41.266396,0.7395922440341899
2200.0,739.8619515355726,3.9680228,41.37875,0.7399147953245007
2200.0,739.8708678372484,3.9682236,41.328808,0.7402373472576388
2200.0,739.8630859539936,3.9683037,41.366245,0.7405598990425122
2200.0,739.8706282117433,3.9686646,41.366245,0.7408824508711839
2200.0,739.8626919621689,3.9691861,41.253891,0.7412050024842921
2200.0,739.8709597683574,3.9694269,41.316303,0.7415275544575082
2200.0,739.8637063373953,3.9693868,41.34127,0.7418501065128449
2200.0,739.8700784035934,3.9697478,41.29137,0.7421726581018239
2200.0,739.8625378490287,3.9698279,41.34127,0.7424952096477446
2200.0,739.8690783251845,3.9701891,41.316303,0.7428177608007324
2200.0,739.8608199366175,3.9703093,41.353779,0.7431403115977095
2200.0,739.868741153729,3.9704297,41.29137,0.743462862603705
2200.0,739.8610485366195,3.9709511,41.29137,0.743785413500343
2200.0,739.8623222859363,3.9711115,41.303837,0.7441079649522866
2200.0,739.8679567492433,3.9711115,41.316303,0.7444305156163153
2200.0,739.8608789943823,3.9715929,41.316303,0.7447530664390395
2200.0,739.8681370483145,3.9717934,41.316303,0.7450756171816708
2200.0,739.8613901125292,3.9721947,41.353779,0.7453981682272227
2200.0,739.8693881531929,3.9722347,41.278862,0.7457207195152821
2200.0,739.8609058253521,3.9725556,41.366245,0.7460432703497035
2200.0,739.8678798325863,3.9727561,41.316303,0.7463658209801999
2200.0,739.8626656438107,3.9730771,41.366245,0.7466883725818343
2200.0,739.8687150419945,3.9731975,41.366245,0.747010923576446
2200.0,739.8620415129217,3.9734783,41.316303,0.7473334749059835
2200.0,739.8702773921999,3.9737189,41.303837,0.7476560265817129
2200.0,739.8627731622981,3.9740801,41.366245,0.7479785782302213
2200.0,739.8623976152817,3.9740801,41.353779,0.7483011297150055
2200.0,739.8684608297298,3.9742806,41.353779,0.7486236805987917
2200.0,739.8609889420961,3.9746015,41.266396,0.7489462314694488
2200.0,739.8685817532541,3.974762,41.29137,0.7492687824059524
2200.0,739.8612791870677,3.9752834,41.353779,0.7495913334031452
2200.0,739.8697840543593,3.9753234,41.37875,0.7499138848638005
2200.0,739.8619274634967,3.9755642,41.303837,0.7502364361436167
2200.0,739.8697655727356,3.9757247,41.366245,0.7505589875962149
2200.0,739.863394497459,3.9758852,41.303837,0.7508815395156013
2200.0,739.8692943058591,3.9764066,41.328808,0.7512040907627473
2200.0,739.8615618769016,3.9764466,41.366245,0.7515266418831819
2200.0,739.8680578120924,3.9768479,41.34127,0.7518491925912697
2200.0,739.8606722568037,3.9771285,41.34127,0.7521717433238642
2200.0,739.8609101464324,3.9771688,41.353779,0.7524942941601694
2200.0,739.8684728288493,3.9772489,41.316303,0.7528168450491867
2200.0,739.8628569999726,3.9776902,41.316303,0.753139396734245
2200.0,739.8696549643695,3.9780111,41.391216,0.7534619481386226
2200.0,739.8596709796728,3.9780912,41.366245,0.7537844984346989
2200.0,739.8675509002426,3.978693,41.391216,0.7541070489217949
2200.0,739.8591613993607,3.978693,41.316303,0.7544295989957138
2200.0,739.8679984490285,3.9788535,41.366245,0.7547521496779218
2200.0,739.860516263883,3.9792545,41.366245,0.7550747003425095
2200.0,739.8669387388668,3.9794552,41.391216,0.7553972505627293
2200.0,739.8603774339346,3.9798563,41.278862,0.7557198011667925
2200.0,739.8674054161353,3.9800568,41.29137,0.7560423515904636
2200.0,739.8593801971242,3.9802575,41.34127,0.7563649017597699
2200.0,739.8604290814437,3.980458,41.29137,0.7566874523863494
2200.0,739.8675425749785,3.9806185,41.428692,0.7570100028698159
2200.0,739.8608661770467,3.9810195,41.353779,0.7573325536869522
2200.0,739.8679282704677,3.9810998,41.366245,0.7576551043385653
2200.0,739.8600198669993,3.98118,41.316303,0.7579776547867431
2200.0,739.8674861783386,3.9816213,41.416187,0.758300205245623
2200.0,739.8594525236504,3.9821026,41.403721,0.758622755446461
2200.0,739.8672998854374,3.9819422,41.328808,0.7589453058241252
2200.0,739.8596677814268,3.9823031,41.34127,0.7592678561188072
2200.0,739.867491317398,3.9826241,41.353779,0.7595904065799276
2200.0,739.8589531116693,3.9829049,41.37875,0.7599129565630411
2200.0,739.8665949138303,3.9833059,41.353779,0.760235506633368
2200.0,739.8610522843114,3.9833863,41.391216,0.76055805753164
2200.0,739.8604638717059,3.9835067,41.366245,0.7608806081733867
2200.0,739.8679431873077,3.9838676,41.366245,0.7612031588315029
2200.0,739.8608851342617,3.9841886,41.391216,0.7615257096569038
2200.0,739.8691116749445,3.9846299,41.303837,0.7618482608244305
2200.0,739.8614485105496,3.9845896,41.37875,0.7621708118954418
2200.0,739.86863371888,3.9851913,41.353779,0.7624933628546001
2200.0,739.8605999182041,3.9850309,41.37875,0.7628159135556578
2200.0,739.8684658832508,3.9852715,41.366245,0.7631384644416471
2200.0,739.8616340440169,3.9854722,41.29137,0.7634610155935438
2200.0,739.8693620062606,3.9856727,41.316303,0.7637835668702042
2200.0,739.861508935074,3.9859936,41.34127,0.7641061179675582
2200.0,739.867912841011,3.9863946,41.37875,0.7644286686124449
2200.0,739.8609807630255,3.9864349,41.37875,0.7647512194795362
2200.0,739.8611264785445,3.9867558,41.303837,0.7650737704101539
2200.0,739.8685490012401,3.9871168,41.416187,0.765396321332379
2200.0,739.860942031077,3.9875581,41.37875,0.7657188721825847
2200.0,739.8680276604059,3.9877186,41.37875,0.7660414228775276
2200.0,739.860794753781,3.9877987,41.391216,0.7663639736635262
2200.0,739.8674758144766,3.9879191,41.34127,0.766686524117888
2200.0,739.8604583050102,3.9882801,41.37875,0.7670090747572077
2200.0,739.8688428748967,3.9885609,41.391216,0.7673316258075492
2200.0,739.8613153573906,3.9887214,41.391216,0.7676541768205107
2200.0,739.8699131684964,3.9889219,41.391216,0.7679767283374543
2200.0,739.8607024325385,3.9894032,41.328808,0.7682992790832043
2200.0,739.8686698879297,3.9897242,41.366245,0.7686218300581308
2200.0,739.8606307901084,3.9899247,41.353779,0.7689443807726475
2200.0,739.8680908321815,3.9898846,41.366245,0.7692669314951306
2200.0,739.8600688781911,3.9902055,41.403721,0.7695894819646754
2200.0,739.8595065758296,3.9906468,41.441158,0.7699120321890779
2200.0,739.8677717754349,3.9909275,41.34127,0.7702345827724659
2200.0,739.8607141393181,3.9910879,41.37875,0.7705571335233197
2200.0,739.8666825970757,3.9913688,41.403721,0.7708796836318726
2200.0,739.8592232888695,3.9918501,41.37875,0.7712022337327731
2200.0,739.8680120475941,3.9919705,41.37875,0.7715247844209094
2200.0,739.8605807534888,3.9922111,41.391216,0.771847335113612
2200.0,739.8668836353307,3.9925721,41.353779,0.7721698853098092
2200.0,739.8595981775742,3.9926524,41.37875,0.7724924355741466
2200.0,739.867462056703,3.9930134,41.366245,0.7728149860225105
2200.0,739.8593594335929,3.9934547,41.37875,0.7731375361827648
2200.0,739.8664940707617,3.9936152,41.403721,0.7734600862091284
2200.0,739.8592246318915,3.9936552,41.353779,0.7737826363106144
2200.0,739.8579435582658,3.993896,41.428692,0.7741051858536016
2200.0,739.8665659218241,3.994257,41.37875,0.7744277359112892
2200.0,739.858462977446,3.9944975,41.37875,0.774750285680723
2200.0,739.8653549899312,3.9948988,41.34127,0.7750728352104964
2200.0,739.858340102098,3.9950192,41.416187,0.7753953849263614
2200.0,739.8663336078095,3.9954202,41.391216,0.7757179348827701
2200.0,739.8588721311138,3.9956207,41.37875,0.7760404848305792
2200.0,739.8658748414142,3.9958212,41.416187,0.7763630345869855
2200.0,739.8575481378817,3.9962225,41.37875,0.7766855839575846
2200.0,739.865677745499,3.996062,41.37875,0.7770081336280655
2200.0,739.8588789790314,3.9965835,41.37875,0.77733068357886
2200.0,739.8664286649596,3.9969847,41.416187,0.7776532335767097
2200.0,739.8596065760139,3.9971049,41.34127,0.7779757838447084
2200.0,739.8593300997279,3.9972253,41.366245,0.7782983339921742
2200.0,739.8675684415574,3.9975863,41.29137,0.7786208844869175
2200.0,739.8607072909912,3.9977067,41.366245,0.7789434352347855
2200.0,739.8678834458692,3.9981079,41.466133,0.7792659858668571
2200.0,739.8600457216538,3.9982281,41.391216,0.7795885363263064
2200.0,739.8670466861279,3.9986694,41.428692,0.7799110865935868
2200.0,739.8589726185348,3.99891,41.403721,0.7802336365852045
2200.0,739.8678899281687,3.9991908,41.34127,0.7805561872201021
2200.0,739.8601507378601,3.9993112,41.416187,0.7808787377253344
2200.0,739.8669272640282,3.9998727,41.391216,0.7812012879405518
2200.0,739.8592226542953,4.0000329,41.416187,0.7815238380411755
2200.0,739.8662658343522,4.0003538,41.353779,0.781846387968038
2200.0,739.8593891329365,4.0005145,41.428692,0.7821689381412399
2200.0,739.8590976423495,4.0005546,41.353779,0.7824914881873632
2200.0,739.8674710662746,4.0009956,41.428692,0.782814038639655
2200.0,739.8602063651177,4.0011563,41.453667,0.7831365891691388
2200.0,739.8666900188656,4.0015574,41.416187,0.7834591392809274
2200.0,739.8590269641612,4.0015574,41.37875,0.7837816892962377
2200.0,739.8663995149733,4.0021591,41.441158,0.7841042392813792
2200.0,739.8583535783597,4.00248,41.353779,0.7844267890031192
2200.0,739.8645175949953,4.0028009,41.416187,0.7847493381678243
2200.0,739.8578042648182,4.0030818,41.403721,0.785071887650085
2200.0,739.8657662959979,4.003242,41.403721,0.7853944373591701
2200.0,739.8590425154254,4.0034027,41.37875,0.7857169873812602
2200.0,739.8654577005208,4.0038037,41.391216,0.786039536955811
2200.0,739.8580999911526,4.0038838,41.428692,0.7863620865669968
2200.0,739.858851159059,4.0040045,41.428692,0.7866846365056629
2200.0,739.8664027494723,4.0044456,41.466133,0.7870071864922145
2200.0,739.8580854274586,4.0048065,41.428692,0.7873297360970511
2200.0,739.8666833908643,4.0050473,41.403721,0.7876522862059502
2200.0,739.8591909038914,4.0050073,41.366245,0.787974836292732
2200.0,739.8666268350165,4.0054884,41.353779,0.7882973863769752
2200.0,739.8587544925892,4.0058894,41.328808,0.7886199362734985
2200.0,739.8662418230163,4.0060902,41.391216,0.7889424861898929
2200.0,739.8592794166652,4.0062509,41.37875,0.7892650363152629
2200.0,739.865601585182,4.0064111,41.428692,0.7895875859525412
2200.0,739.8575702325661,4.0068927,41.441158,0.7899101353327727
2200.0,739.8658243285093,4.007093,41.366245,0.7902326850671575
2200.0,739.8582966332503,4.0074539,41.416187,0.7905552347640717
2200.0,739.858483338255,4.0076947,41.416187,0.7908777845423822
2200.0,739.8658969240425,4.0080156,41.428692,0.7912003343084155
2200.0,739.8581479398775,4.0083365,41.403721,0.7915228839405052
2200.0,739.8661465104785,4.0085773,41.403721,0.7918454338153476
2200.0,739.8591251688749,4.0087776,41.403721,0.7921679838734713
2200.0,739.8675011684387,4.0090585,41.391216,0.7924905343388864
2200.0,739.8594262546093,4.0093393,41.416187,0.792813084528272
2200.0,739.8673633377708,4.0094194,41.391216,0.7931356349335987
2200.0,739.8602016660759,4.0097003,41.4911,0.7934581854610339
2200.0,739.8676082734122,4.0101819,41.416187,0.7937807359731421
2200.0,739.8606665679407,4.0103021,41.391216,0.7941032867032565
2200.0,739.867462350153,4.010663,41.37875,0.7944258371517484
2200.0,739.8605678874499,4.0109839,41.403721,0.7947483878388419
2200.0,739.8603566208815,4.0111046,41.391216,0.7950709384338314
2200.0,739.86736690235,4.0114255,41.366245,0.7953934888407121
2200.0,739.8596380452487,4.0116258,41.37875,0.7957160391224303
2200.0,739.8673369223544,4.0117865,41.503567,0.7960385895162411
2200.0,739.8605252479892,4.0119867,41.466133,0.7963611401847455
2200.0,739.8676695410365,4.0123076,41.441158,0.7966836907235637
2200.0,739.8605837438254,4.0127492,41.428692,0.79700624141757
2200.0,739.8686132594356,4.0132303,41.466133,0.797328792367809
2200.0,739.8619689672311,4.0132303,41.428692,0.7976513436657192
2200.0,739.8677283910745,4.0133104,41.466133,0.7979738942301936
2200.0,739.859250510693,4.0136714,41.416187,0.7982964443429617
2200.0,739.869687911403,4.0138321,41.428692,0.7986189957617027
2200.0,739.8620891694273,4.0142331,41.391216,0.7989415471120165
2200.0,739.8595377401577,4.014514,41.428692,0.7992640973500055
2200.0,739.8672774002872,4.0147548,41.37875,0.7995866477178672
2200.0,739.8619361668432,4.0151958,41.416187,0.7999091990014778
2200.0,739.8675624358584,4.0153565,41.416187,0.8002317494936029
2200.0,739.8617605088738,4.0157576,41.453667,0.8005543007006333
2200.0,739.8682546513921,4.0160384,41.453667,0.8008768514945346
2200.0,739.8614810299731,4.0162387,41.453667,0.801199402579723
2200.0,739.8687834870717,4.0165195,41.366245,0.8015219536041739
2200.0,739.8611645278294,4.0167203,41.478634,0.8018445045513797
2200.0,739.8669819394628,4.0170012,41.428692,0.8021670547904332
2200.0,739.8596483111909,4.0171614,41.466133,0.8024896050766268
2200.0,739.8670212099971,4.017643,41.366245,0.8028121553328006
2200.0,739.8602329521622,4.0178432,41.453667,0.8031347058738753
2200.0,739.861250598894,4.018084,41.416187,0.8034572568586047
2200.0,739.8686048365595,4.0182447,41.403721,0.8037798078051716
2200.0,739.8611905040373,4.0186858,41.453667,0.804102358763702
2200.0,739.8689382115816,4.0190868,41.403721,0.8044249098556061
2200.0,739.8596700890997,4.0189667,41.403721,0.8047474601512942
2200.0,739.8679099478472,4.0193677,41.478634,0.8050700107949195
2200.0,739.8601344050935,4.0196886,41.478634,0.8053925612930314
2200.0,739.8685190695388,4.0201297,41.441158,0.8057151122022076
2200.0,739.8598530711733,4.0204105,41.4911,0.8060376625776687
2200.0,739.8673254960149,4.0207314,41.466133,0.8063602129664982
2200.0,739.8611243175951,4.0209322,41.403721,0.8066827638961738
2200.0,739.8683749282623,4.0210524,41.466133,0.8070053147425106
2200.0,739.8614406126479,4.021534,41.403721,0.8073278658100786
2200.0,739.8618503274257,4.0216942,41.478634,0.8076504170562665
2200.0,739.8683111947571,4.0220952,41.428692,0.8079729678748182
2200.0,739.860350712854,4.0221758,41.403721,0.808295518467232
2200.0,739.8663148826671,4.0224562,41.453667,0.8086180684154773
2200.0,739.8608594748293,4.0227771,41.453667,0.8089406192296917
2200.0,739.8694136669768,4.0228977,41.353779,0.8092631705288741
2200.0,739.8632558265122,4.0232587,41.503567,0.8095857223878054
2200.0,739.8696307209747,4.0236597,41.503567,0.8099082737816139
2200.0,739.861320569044,4.0237803,41.416187,0.8102308247968476
2200.0,739.8699461646429,4.0242615,41.428692,0.8105533763281759
2200.0,739.8625680732621,4.0243015,41.478634,0.8108759278872734
2200.0,739.8696281089826,4.0247431,41.428692,0.8111984792799432
2200.0,739.8619446508205,4.0249033,41.428692,0.8115210305672524
2200.0,739.8623208942112,4.0251441,41.403721,0.8118435820185893
2200.0,739.8699600681184,4.0255852,41.441158,0.8121661335559791
2200.0,739.8603849900952,4.0256653,41.4911,0.8124886841633364
2200.0,739.8675642059721,4.0259862,41.478634,0.8128112346562331
2200.0,739.8586824345447,4.0261469,41.428692,0.8131337845213418
2200.0,739.8673401202234,4.0264678,41.453667,0.8134563349165468
2200.0,739.8590941265094,4.026588,41.441158,0.8137788849611373
2200.0,739.8670470401506,4.0273099,41.4911,0.8141014352285719
2200.0,739.8591175277905,4.0273504,41.478634,0.8144239852833645
2200.0,739.8676057101239,4.0274706,41.453667,0.8147465357943552
2200.0,739.8605109660782,4.0278316,41.528542,0.8150690864566332
2200.0,739.8668548880709,4.0282326,41.441158,0.8153916366402978
2200.0,739.85985072728,4.0283933,41.441158,0.8157141870147371
2200.0,739.8583235495531,4.0286741,41.466133,0.8160367367233858
2200.0,739.8676410010745,4.0288744,41.553513,0.8163592872497618
2200.0,739.860478031245,4.0292754,41.478634,0.8166818378976816
2200.0,739.8672080275886,4.0294361,41.428692,0.8170043882352997
2200.0,739.8594742272766,4.0297971,41.503567,0.8173269384455996
2200.0,739.8662292136678,4.0299978,41.516075,0.817649488356497
2200.0,739.859794880244,4.0303588,41.428692,0.8179720387065891
2200.0,739.8679026230556,4.0306396,41.503567,0.8182945893470212
2200.0,739.8604310715226,4.0312009,41.453667,0.8186171399744682
2200.0,739.8675777558341,4.0309606,41.428692,0.818939690473272
2200.0,739.8587925050397,4.0314016,41.4911,0.8192622403863672
2200.0,739.8665841097932,4.0318027,41.441158,0.8195847904519841
2200.0,739.8590232657864,4.0319633,41.466133,0.819907340465682
2200.0,739.8585394296257,4.0325246,41.528542,0.8202298902684462
2200.0,739.8664050565545,4.0323644,41.528542,0.8205524402560035
2200.0,739.8592676491089,4.0328054,41.441158,0.8208749903762432
2200.0,739.866596012324,4.0331664,41.428692,0.8211975404470491
2200.0,739.8601876639015,4.0333672,41.478634,0.8215200909683797
2200.0,739.8660822156529,4.0334873,41.528542,0.8218426408151923
2200.0,739.8581402007729,4.034009,41.466133,0.822165190443908
2200.0,739.8661755872046,4.0344906,41.528542,0.8224877403314265
2200.0,739.8602566587593,4.0346107,41.441158,0.8228102908828363
2200.0,739.8683954480747,4.0348516,41.466133,0.8231328417381188
2200.0,739.861148084355,4.0350919,41.478634,0.8234553926781559
2200.0,739.8676141575565,4.0353727,41.441158,0.8237779431928293
2200.0,739.8608569971044,4.0356936,41.441158,0.8241004940059635
2200.0,739.8603597945712,4.0359745,41.453667,0.8244230446023365
2200.0,739.8668532403303,4.0361352,41.478634,0.8247455947852828
2200.0,739.8596128988372,4.0366163,41.453667,0.825068145056038
2200.0,739.8673049639242,4.0365763,41.516075,0.8253906954359164
2200.0,739.8603326709729,4.0372181,41.453667,0.8257132460204645
2200.0,739.8684589004082,4.0370979,41.453667,0.8260357969034096
2200.0,739.8597007160555,4.037539,41.541046,0.8263583472124498
2200.0,739.8688064975262,4.0378199,41.566017,0.8266808982469322
2200.0,739.8614614870917,4.0380607,41.478634,0.8270034493236008
2200.0,739.8685061176275,4.0383816,41.4911,0.8273260002271305
2200.0,739.8603863210436,4.0387425,41.478634,0.827648550835068
2200.0,739.868849552011,4.0388627,41.453667,0.8279711018883205
2200.0,739.8615338735759,4.0391836,41.4911,0.8282936529965467
2200.0,739.8689480513672,4.0395446,41.4911,0.8286162040927405
2200.0,739.8610788222434,4.0396247,41.466133,0.828938755002582
2200.0,739.8595169645529,4.0399456,41.4911,0.8292613052315135
2200.0,739.869086015868,4.0403872,41.541046,0.829583856387854
2200.0,739.861758286943,4.0408683,41.478634,0.8299064075939159
2200.0,739.8690060468392,4.041029,41.453667,0.8302289587153933
2200.0,739.8614262820337,4.0413098,41.466133,0.8305515097767138
2200.0,739.8683702522973,4.0415101,41.528542,0.830874060621012
2200.0,739.8606148230252,4.041831,41.478634,0.8311966113285676
2200.0,739.8680464721099,4.0418711,41.478634,0.8315191620317116
2200.0,739.8608200706537,4.0424328,41.478634,0.8318417128287473
2200.0,739.8684357194908,4.0425129,41.516075,0.8321642637015865
2200.0,739.8614473631591,4.0428739,41.528542,0.8324868147720975
2200.0,739.8691220758459,4.0433555,41.516075,0.8328093659441586
2200.0,739.8610470963959,4.0434356,41.453667,0.8331319168401687
2200.0,739.8608090117497,4.0440373,41.478634,0.8334544676323832
2200.0,739.8690174361394,4.0440774,41.516075,0.8337770187588258
2200.0,739.8612357063511,4.0441976,41.478634,0.8340995697370626
2200.0,739.867856736798,4.0447192,41.528542,0.8344221203574902
2200.0,739.8600905333187,4.0451202,41.516075,0.8347446708364756
2200.0,739.8663868069897,4.045361,41.528542,0.835067220816077
2200.0,739.8621577114271,4.0455213,41.503567,0.8353897721962724
2200.0,739.8686012355549,4.045682,41.478634,0.8357123231412695
2200.0,739.8609531757234,4.0459228,41.478634,0.8360348739963339
2200.0,739.8677107767041,4.0464039,41.528542,0.8363574245531291
2200.0,739.8593789887524,4.0467248,41.516075,0.8366799747219086
2200.0,739.8664389678396,4.0470858,41.4911,0.8370025247242499
2200.0,739.8579653595032,4.0470858,41.516075,0.8373250742767414
2200.0,739.8586386364387,4.0475273,41.516075,0.8376476241227558
2200.0,739.8664285673475,4.0475674,41.478634,0.837970174120563
2200.0,739.8585491588092,4.0482893,41.478634,0.8382927239275686
2200.0,739.8674261559329,4.0486102,41.528542,0.8386152743602814
2200.0,739.8609700454532,4.0484095,41.4911,0.8389378252227002
2200.0,739.8686131258074,4.0488911,41.466133,0.839260376172881
2200.0,739.8601260310053,4.0493321,41.516075,0.8395829266673421
2200.0,739.8679728628028,4.0494528,41.553513,0.8399054773383956
2200.0,739.8602614189871,4.0498939,41.528542,0.8402280278918807
2200.0,739.8683415539458,4.050014,41.441158,0.8405505787236678
2200.0,739.8627716977229,4.0503349,41.453667,0.8408731303715375
2200.0,739.8703459840021,4.0508566,41.603455,0.8411956820771701
2200.0,739.8641366814638,4.0510168,41.528542,0.8415182343201202
2200.0,739.8633366853096,4.0514183,41.541046,0.8418407862143028
2200.0,739.8701155258442,4.0514984,41.516075,0.8421633378194655
2200.0,739.863553627849,4.0517392,41.478634,0.8424858898082267
2200.0,739.8698240202517,4.0520601,41.528542,0.8428084412863054
2200.0,739.861865073859,4.0525012,41.516075,0.8431309925389222
2200.0,739.8687838777246,4.0529423,41.541046,0.8434535435635434
2200.0,739.8608793359188,4.053143,41.528542,0.8437760943864164
2200.0,739.8693245793047,4.053504,41.503567,0.8440986456467603
2200.0,739.8611439097937,4.053504,41.503567,0.8444211965849774
2200.0,739.8678949205031,4.053865,41.541046,0.8447437472220514
2200.0,739.8603052297805,4.0543466,41.566017,0.8450662977946363
2200.0,739.8686585479472,4.0546274,41.578484,0.8453888487646191
2200.0,739.8615923207087,4.0548277,41.478634,0.845711399898326
2200.0,739.8619574192485,4.0549884,41.4911,0.8460339511912018
2200.0,739.870571460876,4.0553493,41.590988,0.8463565029951325
2200.0,739.8628871394868,4.0557103,41.541046,0.8466790546933306
2200.0,739.871027652114,4.0559106,41.503567,0.8470016066961411
2200.0,739.8626239448542,4.0564723,41.391216,0.8473241582795964
2200.0,739.8705473026104,4.056633,41.4911,0.8476467100729951
2200.0,739.8625680118714,4.0565524,41.578484,0.8479692616320658
2200.0,739.8704671518636,4.0571542,41.478634,0.8482918133905223
2200.0,739.8625050365673,4.0576358,41.566017,0.848614364922138
2200.0,739.8697365930077,4.0577159,41.478634,0.8489369163621022
2200.0,739.8602626639886,4.0579567,41.4911,0.8492594669161301
2200.0,739.8679598990224,4.0583177,41.516075,0.849582017581532
2200.0,739.8617522203231,4.0585985,41.528542,0.849904568784949
2200.0,739.8615747183844,4.0592003,41.503567,0.850227119910982
2200.0,739.8684602923519,4.0591598,41.566017,0.8505496707945338
2200.0,739.8609222675987,4.0595212,41.578484,0.8508722216361234
2200.0,739.8692979432892,4.0598822,41.528542,0.8511947728848551
2200.0,739.8614470336962,4.0601225,41.566017,0.8515173239552226
2200.0,739.8682698858294,4.0603633,41.503567,0.8518398747557654
2200.0,739.8593959567072,4.0608449,41.478634,0.8521624249319423
2200.0,739.8676974339352,4.0612059,41.528542,0.8524849754829207
2200.0,739.8591343856515,4.0613661,41.503567,0.8528075255450626
2200.0,739.8669087334961,4.0617676,41.566017,0.8531300757522015
2200.0,739.8596994710539,4.0619678,41.4911,0.8534526260606989
2200.0,739.8671598948216,4.0621686,41.528542,0.8537751763773332
2200.0,739.8597808786834,4.0625296,41.4911,0.8540977267213213
2200.0,739.8604093797652,4.0627704,41.528542,0.8544202773393116
2200.0,739.8686160427092,4.0631714,41.553513,0.854742828290764
2200.0,739.8604172901497,4.0636525,41.516075,0.8550653789122028
2200.0,739.8673448317952,4.0635724,41.4911,0.8553879293094618
2200.0,739.8611043345429,4.0639334,41.603455,0.8557104802304256
2200.0,739.8674676600847,4.0643749,41.4911,0.8560330306812324
2200.0,739.861014528269,4.0645752,41.566017,0.8563555815630441
2200.0,739.867409785758,4.0647759,41.566017,0.8566781319886202
2200.0,739.8617150253909,4.065217,41.553513,0.8570006831758217
2200.0,739.8684936666683,4.0654979,41.516075,0.8573232340739233
2200.0,739.8599374214593,4.0656581,41.566017,0.8576457844861579
2200.0,739.8671460519189,4.0662599,41.578484,0.8579683347967574
2200.0,739.8608073877634,4.0665407,41.528542,0.8582908855882638
2200.0,739.8606886509609,4.0665407,41.541046,0.8586134363280056
2200.0,739.8676176728181,4.0671825,41.503567,0.8589359868442116
2200.0,739.8591182603852,4.0674634,41.566017,0.8592585368993235
2200.0,739.8670648014506,4.0677443,41.578484,0.8595810871745013
2200.0,739.8597439894764,4.0681453,41.428692,0.8599036375024071
2200.0,739.8659533935335,4.0683861,41.553513,0.8602261872930587
2200.0,739.8585627085349,4.0685868,41.503567,0.8605487371059715
2200.0,739.8671773753591,4.0687871,41.541046,0.8608712874302267
2200.0,739.8600914611355,4.069108,41.541046,0.8611938379096167
2200.0,739.8688409948928,4.0693488,41.516075,0.8615163889591385
2200.0,739.8620611178077,4.06987,41.528542,0.8618389402972229
2200.0,739.8675434659698,4.0701108,41.516075,0.8621614907810778
2200.0,739.8605156898809,4.0704317,41.566017,0.8624840414454152
2200.0,739.8607371004287,4.0706725,41.4911,0.8628065922062791
2200.0,739.8686977441982,4.0709133,41.4911,0.8631291431933498
2200.0,739.8596242765633,4.0711536,41.4911,0.8634516934690653
2200.0,739.8669320858996,4.0716753,41.553513,0.8637742436863848
2200.0,739.8591450786676,4.071876,41.528542,0.8640967937531885
2200.0,739.8658647458318,4.0722771,41.553513,0.8644193435051936
2200.0,739.8603260182773,4.0724373,41.478634,0.8647418940868414
2200.0,739.8675036095585,4.0728388,41.503567,0.8650644445533207
2200.0,739.8619558570622,4.0730391,41.578484,0.8653869958455154
2200.0,739.8684899066604,4.07336,41.566017,0.8657095467419779
2200.0,739.860454545654,4.0737209,41.503567,0.8660320973796587
2200.0,739.8689335732699,4.0738816,41.603455,0.8663546484695408
2200.0,739.8595309902604,4.0743227,41.541046,0.866677198704587
2200.0,739.859899335954,4.0744433,41.553513,0.8669997491002179
2200.0,739.8667571331856,4.0747643,41.578484,0.8673222992412656
2200.0,739.8592014503886,4.0752053,41.553513,0.8676448493326452
2200.0,739.8678188706903,4.0755663,41.566017,0.8679673999365647
2200.0,739.8603301686917,4.0754461,41.4911,0.868289950520022
2200.0,739.868429237396,4.0759673,41.528542,0.8686125013900353
2200.0,739.8608078395984,4.076489,41.516075,0.8689350521817387
2200.0,739.8680937011981,4.0766492,41.466133,0.8692576029054726
2200.0,739.8620048066587,4.07693,41.603455,0.8695801542190075
2200.0,739.8698804170963,4.0769701,41.528542,0.8699027057216727
2200.0,739.8606749915507,4.0775719,41.503567,0.8702252564554596
2200.0,739.869958993772,4.0778127,41.503567,0.8705478079923809
2200.0,739.8634496857737,4.0780134,41.503567,0.8708703599358274
2200.0,739.8638125374172,4.0784144,41.553513,0.8711929120374632
2200.0,739.870444421967,4.0788155,41.541046,0.8715154637860104
2200.0,739.8615709952487,4.0790563,41.553513,0.8718380149104202
2200.0,739.8693318914089,4.0794172,41.516075,0.8721605661739519
2200.0,739.8619138523804,4.0797381,41.553513,0.8724831174478342
2200.0,739.8700613263962,4.0797782,41.466133,0.8728056690293683
2200.0,739.8613542237845,4.0804601,41.466133,0.873128220059274
2200.0,739.8692317565906,4.0803399,41.453667,0.8734507712791513
2200.0,739.8618891578037,4.080781,41.516075,0.8737733225422677
2200.0,739.869212042231,4.0809817,41.566017,0.8740958737535502
2200.0,739.8629198901483,4.0813026,41.578484,0.8744184254660263
2200.0,739.8688337441798,4.0816236,41.478634,0.8747409765123871
2200.0,739.8618742165576,4.0820246,41.553513,0.8750635277689898
2200.0,739.8622312336377,4.0822253,41.466133,0.8753860791812381
2200.0,739.8699208960146,4.0825458,41.503567,0.8757086307015505
2200.0,739.8621476040774,4.0826664,41.466133,0.8760311820773395
2200.0,739.870331823502,4.0829473,41.603455,0.8763537337767987
2200.0,739.8624657179294,4.0833082,41.541046,0.8766762852912731
2200.0,739.8695002269675,4.0834284,41.4911,0.8769988366281919
2200.0,739.8617167954867,4.0838699,41.466133,0.877321387816165
2200.0,739.868999028185,4.0843511,41.453667,0.8776439389345826
2200.0,739.861189673627,4.0844312,41.528542,0.8779664898927508
2200.0,739.8683491222561,4.0848327,41.528542,0.8782890407278373
2200.0,739.8621381192286,4.085073,41.466133,0.8786115920994914
2200.0,739.8694973706383,4.0852737,41.466133,0.8789341434351648
2200.0,739.8622859944692,4.0856748,41.503567,0.8792566948712869
2200.0,739.8620672089837,4.0855546,41.4911,0.8795792462120268
2200.0,739.8681578247422,4.0862765,41.478634,0.8799017969637157
2200.0,739.8625332467794,4.0866776,41.503567,0.8802243485076301
2200.0,739.869407758276,4.0869184,41.478634,0.8805468998042365
2200.0,739.8623847854632,4.0870786,41.541046,0.8808694512834275
2200.0,739.8704083010072,4.0874801,41.64093,0.8811920030162276
2200.0,739.862350361703,4.0876002,41.4911,0.881514554480411
2200.0,739.8700677716563,4.0882421,41.466133,0.881837106064755
2200.0,739.8633194009886,4.0882421,41.541046,0.8821596579514023
2200.0,739.8709280542643,4.0883222,41.578484,0.8824822099107924
2200.0,739.8622366540191,4.0887237,41.553513,0.8828047613254039
2200.0,739.870133836391,4.088964,41.553513,0.8831273129385491
2200.0,739.8630115401868,4.089325,41.503567,0.883449864690981
2200.0,739.8635503197138,4.0897264,41.528542,0.8837724166783
2200.0,739.8704736699747,4.0899267,41.4911,0.8840949684395981
2200.0,739.8625310125706,4.0903683,41.4911,0.8844175199825385
2200.0,739.8710795080543,4.0906086,41.590988,0.8847400720079559
2200.0,739.8611851213087,4.0907292,41.516075,0.8850626229641396
2200.0,739.8690084517382,4.0912504,41.4911,0.8853851740866655
2200.0,739.8619316867613,4.0914512,41.578484,0.8857077253683229
2200.0,739.8704778695437,4.0918121,41.4911,0.8860302771314518
2200.0,739.8615295889208,4.0919323,41.478634,0.8863528282378101
2200.0,739.8692799130955,4.0922937,41.478634,0.8866753794786815
2200.0,739.8630889823922,4.0927348,41.478634,0.8869979312648751
2200.0,739.8696399124689,4.0930557,41.503567,0.8873204826626908
2200.0,739.8614938227527,4.0933766,41.478634,0.8876430337534564
2200.0,739.8698812229584,4.0935369,41.4911,0.887965585256473
2200.0,739.8634864039055,4.0939384,41.466133,0.8882881372159271
2200.0,739.8642380606858,4.0940986,41.528542,0.8886106895030748
2200.0,739.8702429678889,4.0943794,41.453667,0.8889332411637967
2200.0,739.8626866516768,4.0945802,41.528542,0.8892557927745897
2200.0,739.8689548874847,4.0948606,41.503567,0.8895783438737638
2200.0,739.8629038745665,4.0948205,41.453667,0.8899008955792577
2200.0,739.8698748259927,4.0951014,41.441158,0.8902234470794854
2200.0,739.8616384516579,4.0957031,41.528542,0.8905459982333037
2200.0,739.8680613766716,4.0959039,41.478634,0.8908685489429455
2200.0,739.8600192813329,4.0962648,41.466133,0.8911910993908679
2200.0,739.869309320311,4.0965457,41.541046,0.8915136506445595
2200.0,739.8623274736473,4.0967059,41.441158,0.8918362020987648
2200.0,739.8698197965354,4.0970268,41.466133,0.8921587535750021
2200.0,739.862712078848,4.097147,41.503567,0.8924813051968804
2200.0,739.8610976212753,4.0977087,41.428692,0.8928038561149174
2200.0,739.8684973652851,4.0981503,41.466133,0.8931264070146315
2200.0,739.8621688927032,4.0981903,41.391216,0.8934489583997016
2200.0,739.869521895205,4.0985112,41.503567,0.8937715097460668
2200.0,739.8615739857898,4.0987515,41.503567,0.8940940608717803
2200.0,739.8696392416674,4.0992732,41.403721,0.8944166122693036
2200.0,739.8627187069873,4.099514,41.466133,0.8947391638940715
2200.0,739.869108525984,4.0995941,41.478634,0.8950617150602254
2200.0,739.860886415893,4.099915,41.441158,0.895384265886185
2200.0,739.868951689002,4.1001959,41.528542,0.8957068169839647
2200.0,739.8608461084569,4.1005969,41.466133,0.8960293677923519
2200.0,739.8686115627868,4.1007576,41.478634,0.8963519187418512
2200.0,739.8614176026296,4.1012788,41.4911,0.8966744697993878
2200.0,739.8607247952953,4.1013589,41.4911,0.8969970205548871
2200.0,739.8682543342042,4.1016798,41.4911,0.89731957134865
2200.0,739.8617578355174,4.1020813,41.453667,0.897642122554515
2200.0,739.8687184604626,4.1023216,41.466133,0.8979646735506172
2200.0,739.8621840905621,4.1023622,41.441158,0.898287224942313
2200.0,739.8698162198826,4.1027632,41.503567,0.898609776416991
2200.0,739.8624051344033,4.1030035,41.466133,0.8989323279050533
2200.0,739.8688219763004,4.1034451,41.503567,0.8992548789462839
2200.0,739.8614619262391,4.1035252,41.466133,0.8995774300231438
2200.0,739.8668788138685,4.1039262,41.528542,0.899899980217239
2200.0,739.86132972443,4.1040869,41.528542,0.9002225312364641
2200.0,739.8683931409925,4.104528,41.4911,0.9005450820907409
2200.0,739.8610816421186,4.1048088,41.453667,0.9008676330018116
2200.0,739.8597862258054,4.1051698,41.416187,0.9011901833481308
2200.0,739.8676917699808,4.1053705,41.466133,0.90151273389664
2200.0,739.8619790135995,4.1054907,41.503567,0.90183528519893
2200.0,739.8675039025993,4.1060123,41.466133,0.902157835665537
2200.0,739.8598809032194,4.1060925,41.541046,0.902480386053132
2200.0,739.8659306640461,4.1066942,41.4911,0.9028029358338744
2200.0,739.85877403588,4.1067743,41.37875,0.9031254857389178
2200.0,739.8687140779476,4.1071754,41.453667,0.9034480367331094
2200.0,739.8610124164321,4.1074963,41.453667,0.9037705876140004
2200.0,739.8686566677386,4.107697,41.466133,0.9040931385831634
2200.0,739.8605330241329,4.1080179,41.528542,0.904415689255058
2200.0,739.867297602707,4.1081781,41.541046,0.9047382396317272
2200.0,739.8593576878486,4.1083789,41.453667,0.9050607897912202
2200.0,739.8582330954036,4.1088605,41.478634,0.9053833394604344
2200.0,739.8658005977312,4.1088605,41.403721,0.9057058891844736
2200.0,739.858535718768,4.1094618,41.516075,0.90602843898562
2200.0,739.8661323870178,4.1095424,41.441158,0.906350988854305
2200.0,739.8604772380783,4.1098633,41.416187,0.9066735395018788
2200.0,739.8674744593676,4.1102643,41.453667,0.9069960899556498
2200.0,739.8591282940662,4.1104646,41.466133,0.9073186400151362
2200.0,739.8684278822869,4.1106653,41.478634,0.9076411908845586
2200.0,739.8621521453454,4.1109862,41.453667,0.9079637422623276
2200.0,739.8685758691098,4.1113873,41.428692,0.908286293196266
2200.0,739.8605426063882,4.111588,41.466133,0.908608843872338
2200.0,739.8675592136377,4.111949,41.466133,0.908931394363058
2200.0,739.8616527454377,4.1123099,41.428692,0.909253945523108
2200.0,739.8611169560427,4.1124706,41.528542,0.9095764964495742
2200.0,739.8693106267164,4.112711,41.453667,0.9098990477038352
2200.0,739.8614337892865,4.1130719,41.441158,0.9102215987684288
2200.0,739.8675321376517,4.1135535,41.453667,0.910544149247345
2200.0,739.8601274352131,4.1137943,41.366245,0.9108666997424184
2200.0,739.8694911938626,4.1138744,41.428692,0.9111892510753988
2200.0,739.8607068630987,4.1141953,41.453667,0.9115118018230804
2200.0,739.8665491863715,4.1144361,41.466133,0.9118343518734722
2200.0,739.8602176687657,4.1149173,41.453667,0.9121569024078838
2200.0,739.8670381167314,4.1149974,41.441158,0.9124794526714284
2200.0,739.8603847457606,4.1155992,41.416187,0.912802003278679
2200.0,739.8671099305496,4.115519,41.466133,0.9131245535735312
2200.0,739.8603667169762,4.1160002,41.441158,0.913447104172922
2200.0,739.8612426643626,4.1161609,41.4911,0.9137696551541924
2200.0,739.8665665314389,4.1165619,41.366245,0.9140922052121456
2200.0,739.8587791873705,4.1170034,41.428692,0.914414755119435
2200.0,739.8667511765997,4.1171236,41.391216,0.9147373052578858
2200.0,739.8593010722022,4.1174846,41.453667,0.9150598553926966
2200.0,739.867206769887,4.1177654,41.416187,0.9153824057297666
2200.0,739.86014697789,4.1181264,41.478634,0.9157049562333598
2200.0,739.8678974109405,4.1182871,41.441158,0.9160275068715196
2200.0,739.8599216743592,4.1184072,41.453667,0.916350057276889
2200.0,739.866068433732,4.1188483,41.441158,0.9166726071176932
2200.0,739.860298772307,4.1189289,41.478634,0.916995157687463
2200.0,739.8663405908567,4.1194501,41.466133,0.917317707646916
2200.0,739.8596987990314,4.1196508,41.478634,0.9176402579551204
2200.0,739.8598002146786,4.1202121,41.466133,0.9179628083075382
2200.0,739.8674835784202,4.1203327,41.428692,0.9182853587652848
2200.0,739.8604651654106,4.1204529,41.466133,0.9186079094075954
2200.0,739.8686136987922,4.1206937,41.428692,0.918930460358026
2200.0,739.8607423611945,4.1211348,41.528542,0.9192530111211832
2200.0,739.8689740775633,4.1214957,41.478634,0.9195755622287234
2200.0,739.8607358181835,4.1217766,41.428692,0.9198981129890282
2200.0,739.866459231446,4.1217766,41.416187,0.9202206630002036
2200.0,739.858904625981,4.1222181,41.453667,0.9205432129621792
2200.0,739.8674871546638,4.122539,41.466133,0.9208657634214849
2200.0,739.860049213347,4.1227393,41.416187,0.9211883138824564
2200.0,739.8680887448799,4.1231003,41.416187,0.9215108646040296
2200.0,739.8596580156135,4.1234212,41.453667,0.921833414894454
2200.0,739.8601541683672,4.1237421,41.403721,0.922155965401182
2200.0,739.867427438191,4.1239028,41.4911,0.9224785158344536
2200.0,739.8594260704374,4.1242237,41.391216,0.922801066023759
2200.0,739.8671900714738,4.1246247,41.478634,0.9231236163535492
2200.0,739.8588848737576,4.1249456,41.428692,0.9234461663069136
2200.0,739.8661756003014,4.1249456,41.516075,0.9237687161944378
2200.0,739.8571754105359,4.1255474,41.441158,0.9240912654025422
2200.0,739.8676842986686,4.1258283,41.366245,0.924413815947794
2200.0,739.8583857194124,4.1260686,41.466133,0.9247363656835464
2200.0,739.8663623683707,4.12643,41.441158,0.9250589156524937
2200.0,739.858749121525,4.1267104,41.428692,0.9253814655466752
2200.0,739.8668016897092,4.1269112,41.428692,0.9257040157071476
2200.0,739.8595476889151,4.127192,41.403721,0.926026565949474
2200.0,739.8587164920076,4.1274328,41.478634,0.9263491158294304
2200.0,739.8672045847687,4.1278338,41.403721,0.9266716661655476
2200.0,739.8593269995023,4.1279941,41.441158,0.926994216311662
2200.0,739.8659945927755,4.128315,41.466133,0.9273167661202746
2200.0,739.8592122911515,4.1284757,41.441158,0.9276393162163804
2200.0,739.8651659499773,4.1287565,41.391216,0.9279618656637404
2200.0,739.8593984958227,4.1290374,41.403721,0.9282844158410244
2200.0,739.8681124877315,4.1293178,41.391216,0.9286069665729484
2200.0,739.8593234961448,4.1297994,41.366245,0.9289295167175352
2200.0,739.8683794568884,4.1300001,41.403721,0.9292520675658462
2200.0,739.8619717253065,4.1302404,41.466133,0.929574618864959
2200.0,739.8679962639101,4.1307621,41.441158,0.9298971695462144
2200.0,739.860695230397,4.1309628,41.428692,0.9302197202888244
2200.0,739.8617071637096,4.1313238,41.441158,0.9305422714725984
2200.0,739.8687136265175,4.1316047,41.428692,0.9308648224665932
2200.0,739.8605535200013,4.1317649,41.441158,0.9311873731474232
2200.0,739.868101012893,4.132206,41.441158,0.9315099238743444
2200.0,739.8622747395244,4.1323667,41.403721,0.9318324753055598
2200.0,739.8691420713773,4.1327677,41.416187,0.932155026486338
2200.0,739.8614985465553,4.1329684,41.428692,0.932477577579163
2200.0,739.8692521184229,4.1330485,41.416187,0.9328001288079172
2200.0,739.8615972151773,4.1336503,41.366245,0.933122679943758
2200.0,739.8690011519122,4.1339312,41.441158,0.9334452310631012
2200.0,739.8598192093419,4.1342921,41.466133,0.9337677814238
2200.0,739.8671441475631,4.1345329,41.328808,0.9340903317335691
2200.0,739.8599994820433,4.134974,41.478634,0.93441288217286
2200.0,739.8618612889234,4.1349339,41.416187,0.9347354334238266
2200.0,739.8678192001565,4.135375,41.466133,0.9350579840278898
2200.0,739.8614788810972,4.1356959,41.441158,0.9353805351121414
2200.0,739.8684628924749,4.1356559,41.366245,0.9357030859968268
2200.0,739.862078720132,4.1361775,41.403721,0.9360256373425851
2200.0,739.8678113629527,4.1362977,41.428692,0.9363481879432316
2200.0,739.8605068033858,4.1367388,41.478634,0.9366707386036948
2200.0,739.8678559190669,4.1370196,41.478634,0.936993289223766
2200.0,739.8600166566798,4.1373806,41.503567,0.937315839670544
2200.0,739.8695135210327,4.1375813,41.416187,0.9376383910132584
2200.0,739.8606910914423,4.1379423,41.391216,0.9379609417540642
2200.0,739.870094701122,4.1383033,41.453667,0.9382834933501482
2200.0,739.8621008878713,4.1386642,41.441158,0.9386060447055709
2200.0,739.8626701723913,4.1387448,41.441158,0.9389285963091796
2200.0,739.8700865585992,4.139226,41.391216,0.9392511479017136
2200.0,739.8607717431487,4.1394668,41.416187,0.9395736986776804
2200.0,739.8703288083743,4.1397071,41.416187,0.939896250375825
2200.0,739.8629020074735,4.1401086,41.428692,0.9402188020805048
2200.0,739.8690731003819,4.1404696,41.391216,0.9405413532312148
2200.0,739.8622596644467,4.1407104,41.4911,0.9408639046558578
2200.0,739.8706426043022,4.1407104,41.453667,0.941186456490804
2200.0,739.8626385193938,4.1413922,41.403721,0.9415090080806132
2200.0,739.869568501377,4.1415124,41.37875,0.9418315594472968
2200.0,739.8615341301887,4.1417131,41.416187,0.9421541105556348
2200.0,739.8696102740131,4.1418734,41.328808,0.9424766619405291
2200.0,739.8616572130369,4.1424351,41.416187,0.9427992131025268
2200.0,739.8625530346095,4.1426759,41.416187,0.943121764655068
2200.0,739.8709954986643,4.1429563,41.391216,0.9434443166438607
2200.0,739.8629921919136,4.1429968,41.466133,0.9437668683878576
2200.0,739.8709527744643,4.1436386,41.466133,0.9440894203580248
2200.0,739.8616459949266,4.1438789,41.391216,0.9444119715151316
2200.0,739.8707287005844,4.1442399,41.428692,0.944734523387612
2200.0,739.8631769203454,4.1444006,41.403721,0.9450570752121432
2200.0,739.8722869981505,4.1447616,41.403721,0.9453796277639748
2200.0,739.8636074232109,4.1449623,41.428692,0.9457021797761886
2200.0,739.8712943413268,4.1452026,41.441158,0.946024731895264
2200.0,739.8634495020111,4.1457644,41.403721,0.9463472838386304
2200.0,739.8709606476843,4.145885,41.453667,0.94666983581223
2200.0,739.8634582305278,4.1460052,41.416187,0.9469923877594016
2200.0,739.8633858546846,4.1465263,41.391216,0.9473149396750202
2200.0,739.8705199470896,4.1467671,41.441158,0.9476374914564932
2200.0,739.8639297865205,4.1472487,41.403721,0.9479600436092452
2200.0,739.8703321149058,4.147409,41.403721,0.9482825953088312
2200.0,739.8638563248821,4.147449,41.391216,0.9486051474295568
2200.0,739.8714746641359,4.1480908,41.403721,0.9489276996272452
2200.0,739.8628138485143,4.1482115,41.34127,0.9492502512934912
2200.0,739.870524732331,4.1486926,41.441158,0.9495728030770504
2200.0,739.8636029678898,4.1490536,41.441158,0.949895355087322
2200.0,739.8712036181926,4.1492143,41.441158,0.950217907166846
2200.0,739.8621238729241,4.1496153,41.366245,0.9505404585322892
2200.0,739.8691546328405,4.149816,41.37875,0.9508630097185438
2200.0,739.8630775064413,4.1500564,41.37875,0.9511855614997344
2200.0,739.8705698254138,4.1503773,41.416187,0.9515081133029522
2200.0,739.8633518827593,4.1506982,41.366245,0.9518306652037604
2200.0,739.8652086981737,4.1510592,41.428692,0.9521532179140684
2200.0,739.8713679375371,4.1513,41.391216,0.9524757700652288
2200.0,739.8643732288891,4.1517816,41.34127,0.9527983224113044
2200.0,739.871200284649,4.1519418,41.441158,0.9531208744893752
2200.0,739.8637977553773,4.1524234,41.416187,0.9534434265845668
2200.0,739.871448443125,4.1525435,41.403721,0.953765978770824
2200.0,739.8652691229026,4.1528645,41.478634,0.9540885315074752
2200.0,739.8704443605758,4.1535063,41.428692,0.9544110832559956
2200.0,739.8640308227738,4.1535864,41.478634,0.9547336354527952
2200.0,739.8717744575439,4.1539874,41.391216,0.955056187781181
2200.0,739.863756105124,4.1541882,41.391216,0.9553787398582144
2200.0,739.8707825705662,4.154469,41.391216,0.95570129175418
2200.0,739.8634163359399,4.1547899,41.34127,0.9560238436830872
2200.0,739.8633896879142,4.1551108,41.466133,0.9563463956003768
2200.0,739.8711247844923,4.1553917,41.403721,0.956668947645533
2200.0,739.8648727257939,4.1554718,41.478634,0.95699150020937
2200.0,739.872893177156,4.1561537,41.391216,0.9573140530254696
2200.0,739.8651799027043,4.1561537,41.416187,0.9576366057232238
2200.0,739.8734640791264,4.1566353,41.37875,0.957959158788212
2200.0,739.8647789757874,4.1567955,41.391216,0.9582817113111776
2200.0,739.8715975042944,4.1571965,41.391216,0.9586042635624192
2200.0,739.8641015377964,4.1573973,41.37875,0.958926815790048
2200.0,739.8713845753776,4.1581593,41.353779,0.9592493679484616
2200.0,739.8639338632662,4.1581593,41.403721,0.959571920102991
2200.0,739.8707565329104,4.1588011,41.403721,0.9598944719876052
2200.0,739.8628090142086,4.1586409,41.391216,0.9602170236517436
2200.0,739.863631935662,4.1590819,41.503567,0.960539575674644
2200.0,739.8713055836973,4.1594429,41.428692,0.9608621277986208
2200.0,739.8645019502601,4.1597238,41.441158,0.961184680200814
2200.0,739.87137968086,4.1599245,41.37875,0.961507232357094
2200.0,739.8643108638076,4.1604457,41.366245,0.9618297846759808
2200.0,739.8710468904869,4.1605663,41.403721,0.9621523366871784
2200.0,739.8645781466455,4.1610475,41.428692,0.9624748891225904
2200.0,739.8721696017566,4.1610475,41.391216,0.962797441623242
2200.0,739.8644219341511,4.1615691,41.366245,0.9631199939905511
2200.0,739.8715155826155,4.1620102,41.366245,0.9634425462060784
2200.0,739.8639984130348,4.1619701,41.353779,0.9637650983887488
2200.0,739.8714246388821,4.162652,41.403721,0.9640876505646286
2200.0,739.8635531887015,4.163013,41.391216,0.9644102025531984
2200.0,739.863564406812,4.1633339,41.403721,0.9647327545466589
2200.0,739.872467101179,4.163414,41.428692,0.9650553071770074
2200.0,739.8638138073842,4.1638155,41.403721,0.9653778592791968
2200.0,739.8710167146534,4.1641765,41.441158,0.965700411277239
2200.0,739.8633966582038,4.1641765,41.353779,0.9660229631975676
2200.0,739.8695500561787,4.1647782,41.391216,0.9663455145562097
2200.0,739.8624227007118,4.1650591,41.428692,0.9666680660519305
2200.0,739.8661652972166,4.1652594,41.34127,0.9669906159349628
2200.0,739.8576355396901,4.1657009,41.328808,0.9673131653436656
2200.0,739.8656840812782,4.1662221,41.391216,0.9676357150169088
2200.0,739.8577610396912,4.1663828,41.353779,0.9679582644803248
2200.0,739.8655267556221,4.1667838,41.416187,0.9682808140849808
2200.0,739.8582280785631,4.1670647,41.353779,0.9686033637520076
2200.0,739.8584295306151,4.1671848,41.391216,0.96892591350686
2200.0,739.8666376380304,4.1677465,41.416187,0.969248463595813
2200.0,739.8578411785816,4.1677866,41.37875,0.9695710130941664
2200.0,739.8656324082838,4.1683884,41.353779,0.9698935627448824
2200.0,739.8588123170167,4.1687093,41.416187,0.9702161126666148
2200.0,739.8656915026588,4.1690702,41.37875,0.9705386623430932
2200.0,739.8581211455374,4.169271,41.37875,0.9708612119635016
2200.0,739.8652593231661,4.1695914,41.37875,0.9711837614515684
2200.0,739.8591372173956,4.170033,41.366245,0.9715063115149448
2200.0,739.8659272466012,4.1701932,41.403721,0.9718288612941977
2200.0,739.8576052176411,4.1705141,41.366245,0.9721514106896813
2200.0,739.8645632743644,4.1709156,41.441158,0.9724739598743006
2200.0,739.8579048500551,4.1709957,41.353779,0.9727965094004124
2200.0,739.8579901158797,4.1713967,41.391216,0.973119058963697
2200.0,739.8633028912255,4.1719184,41.391216,0.9734416075988434
2200.0,739.858977073856,4.1721992,41.403721,0.9737641575924036
2200.0,739.8673309528763,4.1723995,41.403721,0.974086707983612
2200.0,739.8581587431921,4.1729612,41.428692,0.9744092576204112
2200.0,739.8650012888883,4.1732821,41.403721,0.9747318069959864
2200.0,739.8596346278383,4.1735229,41.353779,0.9750543572762144
2200.0,739.8673410230837,4.173964,41.428692,0.9753769076718132
2200.0,739.8601081606087,4.1740842,41.441158,0.9756994581584834
2200.0,739.8675227259675,4.1744857,41.37875,0.9760220086332966
2200.0,739.8601633970127,4.1746058,41.403721,0.9763445591440478
2200.0,739.8689114544206,4.1750069,41.428692,0.9766671102242872
2200.0,739.8607267364663,4.1757288,41.391216,0.9769896609806326
2200.0,739.8588853022641,4.1758494,41.366245,0.977312210934184
2200.0,739.8675807586835,4.1762104,41.391216,0.9776347614342968
2200.0,739.859831721157,4.1764512,41.366245,0.9779573118004502
2200.0,739.8682621100168,4.1768522,41.416187,0.9782798625976032
2200.0,739.8605358562863,4.1770124,41.416187,0.9786024132707324
2200.0,739.8683585945129,4.1775341,41.391216,0.9789249641099482
2200.0,739.8605742102732,4.1776543,41.34127,0.9792475147997982
2200.0,739.8692128972061,4.1777349,41.353779,0.9795700660114536
2200.0,739.8616774764395,4.1783361,41.34127,0.979892617182285
2200.0,739.8686408230726,4.1788177,41.366245,0.9802151681445406
2200.0,739.860666885944,4.1790586,41.403721,0.9805377188747936
2200.0,739.8687047632617,4.1794996,41.416187,0.9808602698649244
2200.0,739.8609388455184,4.1799006,41.366245,0.9811828207137412
2200.0,739.8617685530897,4.1802216,41.428692,0.9815053719242788
2200.0,739.8690915451709,4.1803017,41.303837,0.9818279230830298
2200.0,739.8606636510683,4.1807833,41.403721,0.9821504738118724
2200.0,739.8675603481475,4.1810241,41.34127,0.9824730243030874
2200.0,739.8588198001225,4.1814251,41.37875,0.9827955742280822
2200.0,739.8671506783616,4.1816659,41.37875,0.9831181245406986
2200.0,739.8599604679027,4.1821871,41.391216,0.9834406749629806
2200.0,739.8673203326035,4.1823478,41.416187,0.983763225349559
2200.0,739.8598329661586,4.1827888,41.353779,0.9840857757162552
2200.0,739.8669714904715,4.1830697,41.37875,0.9844083259507532
2200.0,739.8596035723762,4.1833105,41.391216,0.9847308762174426
2200.0,739.8679639884965,4.1837516,41.403721,0.9850534268846274
2200.0,739.8608461698475,4.1841125,41.37875,0.9853759776930412
2200.0,739.8613305171873,4.1845541,41.391216,0.985698528712612
2200.0,739.8681394045097,4.184875,41.353779,0.9860210794562704
2200.0,739.8593064185056,4.185276,41.303837,0.9863436295934122
2200.0,739.866247010984,4.1857171,41.34127,0.9866661795120684
2200.0,739.8592185284372,4.1859579,41.366245,0.9869887296108936
2200.0,739.8672286570868,4.1860781,41.391216,0.9873112799575052
2200.0,739.8600599550663,4.1865597,41.353779,0.9876338304231598
2200.0,739.8670947939291,4.1870008,41.366245,0.987956380711413
2200.0,739.8611707661382,4.1872416,41.37875,0.9882789316613384
2200.0,739.8678062232792,4.1876426,41.328808,0.9886014822597442
2200.0,739.8597870803626,4.1880035,41.34127,0.988924032606436
2200.0,739.86632984862,4.1882844,41.366245,0.9892465825612058
2200.0,739.8579864537253,4.1885252,41.303837,0.9895691321228938
2200.0,739.8570298910576,4.188766,41.366245,0.9898916812675572
2200.0,739.8644384807371,4.1894078,41.391216,0.990214230397772
2200.0,739.8563271597268,4.1894078,41.37875,0.9905367792360716
2200.0,739.8653693210988,4.1901298,41.391216,0.9908593287720928
2200.0,739.8580286650887,4.1902499,41.403721,0.9911818783521832
2200.0,739.8655096168291,4.1907716,41.391216,0.9915044279493672
2200.0,739.8578002003508,4.1910119,41.34127,0.9918269774298558
2200.0,739.8650968099515,4.1912527,41.316303,0.9921495268470738
2200.0,739.8576469043195,4.1917744,41.37875,0.9924720762607312
2200.0,739.865433799075,4.1918545,41.416187,0.992794625824862
2200.0,739.8586559449067,4.1922956,41.391216,0.9931171756784224
2200.0,739.8658074706835,4.192657,41.366245,0.9934397254054578
2200.0,739.8580146516592,4.1932583,41.353779,0.9937622749794388
2200.0,739.8589019157904,4.1936193,41.37875,0.994084824940233
2200.0,739.8660390760388,4.19382,41.391216,0.9944073747682384
2200.0,739.858176638145,4.1941009,41.37875,0.9947299244128396
2200.0,739.8647427065914,4.1945019,41.34127,0.9950524736756836
2200.0,739.8573624083738,4.1947827,41.391216,0.995375022965312
2200.0,739.8649407424062,4.1953044,41.366245,0.9956975723144912
2200.0,739.8580661407807,4.1954646,41.303837,0.9960201219109196
2200.0,739.8656309193419,4.1959062,41.391216,0.9963426715609862
2200.0,739.8574841610922,4.1964273,41.328808,0.996665220903694
2200.0,739.8656629987129,4.196588,41.353779,0.9969877705677458
2200.0,739.8593086040113,4.1968684,41.353779,0.9973103207058404
2200.0,739.8666502363284,4.19735,41.366245,0.9976328708002856
2200.0,739.8584368663835,4.197751,41.328808,0.997955420558336
2200.0,739.858169546302,4.1980319,41.366245,0.9982779701998452
2200.0,739.8672170119899,4.1983929,41.403721,0.9986005205413802
2200.0,739.8589892197831,4.1985936,41.428692,0.9989230705402354
2200.0,739.866611319612,4.1989946,41.391216,0.9992456206177146
2200.0,739.8581236727841,4.1990747,41.34127,0.9995681702392248
2200.0,739.8666773597903,4.2000375,41.428692,0.9998907203454946
2200.0,739.8534303997435,4.1998372,41.353779,1.0
