Cycle,Current,Voltage,Temperature,SOC
3000.0,703.3114527495652,2.737298,42.140285,0.0
3000.0,703.3114527495652,2.846446,42.090382,0.0003174612905051
3000.0,739.8685224401493,2.87621,42.140285,0.0006514270997045
3000.0,739.8751778702547,2.8982322,42.140285,0.0009853925539299
3000.0,739.868207829788,2.9157214,42.140285,0.0013193582211187
3000.0,739.8751521376879,2.9315262,42.090382,0.001653323663729
3000.0,739.8763696369683,2.9453251,42.152794,0.001987289655895
3000.0,739.8684133342032,2.9585624,42.140285,0.0023212554158455
3000.0,739.875536368291,2.9704359,42.140285,0.0026552210318901
3000.0,739.8690015150728,2.9817479,42.115353,0.0029891870573368
3000.0,739.8768104230495,2.9922976,42.115353,0.0033231532484652
3000.0,739.8682421191806,3.0023661,42.140285,0.0036571189311318
3000.0,739.8762852493014,3.0117126,42.115353,0.0039910848852069
3000.0,739.8768021710496,3.0208583,42.140285,0.0043250510726105
3000.0,739.8690164442031,3.0294425,42.090382,0.004659017104796
3000.0,739.875634916187,3.0372646,42.127819,0.0049929827653232
3000.0,739.8668885732071,3.045207,42.16526,0.005326947837019
3000.0,739.8767822246505,3.0527482,42.102848,0.0056609140154192
3000.0,739.8768759019257,3.0598083,42.090382,0.0059948802361035
3000.0,739.8696899640776,3.0667477,42.152794,0.006328846572306
3000.0,739.8763384600388,3.0735669,42.102848,0.0066628125503994
3000.0,739.8698991793732,3.0802257,42.077877,0.0069967789810386
3000.0,739.8778675210665,3.0860021,42.102848,0.0073307456493208
3000.0,739.8709798506335,3.09238,42.102848,0.0076647125677592
3000.0,739.8790192240962,3.0981965,42.115353,0.0079986797558981
3000.0,739.879498340458,3.1038525,42.015469,0.0083326471603008
3000.0,739.8718756838831,3.1095085,42.115353,0.0086666144831052
3000.0,739.8789207860576,3.1146832,42.140285,0.009000581626811
3000.0,739.8708166433828,3.119978,42.102848,0.0093345484715801
3000.0,739.8792637322564,3.1252329,42.102848,0.0096685157700852
3000.0,739.8784293161059,3.1302872,42.04044,0.0100024826919508
3000.0,739.8728272419756,3.1355019,42.065411,0.0103364504442746
3000.0,739.8800169467862,3.1401548,42.090382,0.0106704180827663
3000.0,739.8708486622746,3.1450889,42.065411,0.0110043849419882
3000.0,739.8800111972454,3.1496618,42.04044,0.0113383525778847
3000.0,739.8728815996371,3.1542747,42.052906,0.0116723203547448
3000.0,739.8796890519415,3.1584866,42.015469,0.012006287845231
3000.0,739.8843588161379,3.162899,42.090382,0.0123402574435592
3000.0,739.8805554288183,3.1670709,42.065411,0.0126742286842733
3000.0,739.8883815917644,3.1713631,41.977989,0.0130082000984052
3000.0,739.8811810240684,3.1754947,42.065411,0.0133421716215038
3000.0,739.8873406437332,3.1797867,42.015469,0.0136761425657717
3000.0,739.8883718749211,3.1836777,42.04044,0.0140101139755176
3000.0,739.8820574360154,3.1873682,41.990498,0.0143440858942157
3000.0,739.8885334968886,3.19154,42.077877,0.0146780573769147
3000.0,739.8789119916078,3.1951902,42.04044,0.0150120278758053
3000.0,739.8876498128922,3.1991215,42.052906,0.0153459989596262
3000.0,739.8803196144831,3.2026513,41.977989,0.0156799700938972
3000.0,739.8884990728782,3.2064221,41.977989,0.0160139415610578
3000.0,739.8877731900384,3.2098315,41.953018,0.0163479127005688
3000.0,739.8797385136396,3.2134016,41.990498,0.0166818835725394
3000.0,739.8870068773101,3.2168112,42.002964,0.0170158543661515
3000.0,739.8799057736105,3.2201407,42.002964,0.0173498253136208
3000.0,739.8862211918707,3.2238312,41.965523,0.0176837957525896
3000.0,739.8868633340225,3.227,41.953018,0.0180177664814091
3000.0,739.8799354243661,3.2301691,41.990498,0.0183517374422623
3000.0,739.8861869997593,3.2334583,41.940556,0.0186857078657974
3000.0,739.8795390761077,3.2366271,41.915581,0.0190196786477448
3000.0,739.8875095045064,3.2398765,42.002964,0.0193536496682332
3000.0,739.8788558883747,3.2430453,41.953018,0.0196876201417997
3000.0,739.886429481555,3.2459736,41.953018,0.0200215906747865
3000.0,739.8868521157096,3.2491024,41.940556,0.0203555613985422
3000.0,739.8799735223478,3.252111,42.002964,0.0206895323765923
3000.0,739.8864916889511,3.2551193,41.915581,0.0210235029376583
3000.0,739.8787522511166,3.258208,41.953018,0.0213574733644444
3000.0,739.885008123755,3.2610962,41.940556,0.0216914432558576
3000.0,739.8834949685831,3.263864,41.878143,0.0220254124642616
3000.0,739.8775526229205,3.2667522,41.89061,0.0223593823495531
3000.0,739.8849159479508,3.26952,41.928047,0.0226933521993599
3000.0,739.8786821953331,3.2722478,41.865639,0.0230273225945238
3000.0,739.8850737735298,3.2750156,41.903114,0.02336129251557
3000.0,739.8777986422836,3.277663,41.903114,0.0236952625119111
3000.0,739.8852245555912,3.2806313,41.915581,0.0240292325010174
3000.0,739.8861938359407,3.2831185,41.865639,0.0243632029276383
3000.0,739.878484124938,3.2856455,41.878143,0.0246971732333962
3000.0,739.8849068903023,3.2882931,41.878143,0.0250311430791145
3000.0,739.87821070091,3.2906597,41.953018,0.0253651132614528
3000.0,739.8868063268787,3.2935879,41.853172,0.0256990839645404
3000.0,739.8859679556306,3.2961152,41.89061,0.0260330542892032
3000.0,739.8803739843523,3.298522,41.878143,0.0263670254480159
3000.0,739.8866177272215,3.301089,41.865639,0.0267009960659732
3000.0,739.8790994052775,3.3034959,41.790726,0.0270349666494596
3000.0,739.8867190583502,3.3061435,41.853172,0.0273689373131558
3000.0,739.8802262555283,3.3085501,41.828201,0.0277029084052859
3000.0,739.8876366536446,3.3110774,41.815693,0.028036879483167
3000.0,739.8876387532757,3.3134441,41.828201,0.0283708505619959
3000.0,739.8791452302584,3.3157306,41.765751,0.028704821166167
3000.0,739.887015703015,3.3180571,41.803226,0.0290387919637629
3000.0,739.8797022223451,3.320504,41.74078,0.0293727628193521
3000.0,739.8879418799202,3.3227503,41.803226,0.0297067340350065
3000.0,739.8799234004655,3.3250768,41.803226,0.0300407049904323
3000.0,739.8886829240009,3.3271627,41.765751,0.0303746765405798
3000.0,739.8900075649389,3.3294091,41.790726,0.0307086486886447
3000.0,739.8806920492452,3.3317757,41.853172,0.0310426199910273
3000.0,739.8890790687116,3.3338616,41.803226,0.0313765917199869
3000.0,739.8829365823512,3.336108,41.765751,0.0317105640355188
3000.0,739.8895508607773,3.3381538,41.715809,0.0320445359774362
3000.0,739.8889909578635,3.3404403,41.753284,0.0323785076666243
3000.0,739.8809199046814,3.3424058,41.74078,0.0327124790718574
3000.0,739.8887058977485,3.3447323,41.778259,0.0330464506323748
3000.0,739.8819504418422,3.347059,41.74078,0.0333804225027773
3000.0,739.8886976823875,3.3490646,41.753284,0.0337143940595865
3000.0,739.8819250025207,3.3509498,41.753284,0.0340483659185061
3000.0,739.888736061483,3.3531561,41.74078,0.0343823374926388
3000.0,739.8885052618491,3.3551216,41.753284,0.034716308962593
3000.0,739.8820052634247,3.3572476,41.728313,0.0350502808577412
3000.0,739.8889101590684,3.359133,41.765751,0.0353842525104582
3000.0,739.8815278486321,3.361259,41.690876,0.0357182241901083
3000.0,739.8895571230403,3.3633049,41.703342,0.0360521961348525
3000.0,739.8890649573117,3.36519,41.74078,0.0363861678574424
3000.0,739.8809045238656,3.3672359,41.690876,0.0367201392557329
3000.0,739.8887135393574,3.3690009,41.703342,0.0370541108196996
3000.0,739.8809020946904,3.3709664,41.753284,0.0373880822168936
3000.0,739.8869671553839,3.372972,41.665905,0.037722052992576
3000.0,739.8792511257828,3.3748171,41.715809,0.0380560236445468
3000.0,739.8875435134994,3.3766625,41.653397,0.0383899946803863
3000.0,739.8893605887654,3.3787081,41.715809,0.0387239665364186
3000.0,739.881927407357,3.3805535,41.678371,0.0390579383964237
3000.0,739.8905518061581,3.3822782,41.628429,0.0393919107901487
3000.0,739.8836180611105,3.3841636,41.715809,0.0397258834132901
3000.0,739.890897303645,3.3861291,41.653397,0.0400598559629661
3000.0,739.8917477965523,3.3880146,41.653397,0.0403938288965382
3000.0,739.8832806236951,3.3897393,41.590988,0.0407278013673653
3000.0,739.8909977070372,3.3916647,41.64093,0.0410617739623614
3000.0,739.8817569003025,3.3932292,41.715809,0.0413957457454021
3000.0,739.8898694538154,3.3952749,41.653397,0.0417297178311264
3000.0,739.8823468390019,3.3967593,41.578484,0.0420636898804568
3000.0,739.8896472358435,3.3987248,41.578484,0.0423976618658761
3000.0,739.8895248718763,3.4005299,41.64093,0.0427316337960627
3000.0,739.8824894286774,3.4022145,41.653397,0.043065605909756
3000.0,739.8888041770555,3.403779,41.703342,0.0433995775146348
3000.0,739.8807945512375,3.405544,41.665905,0.0437335488632852
3000.0,739.8874813183431,3.4075096,41.690876,0.044067519871051
3000.0,739.8864028212514,3.4089537,41.615963,0.0444014903920038
3000.0,739.8784040349876,3.4107988,41.566017,0.0447354606616103
3000.0,739.8885092902007,3.4124033,41.628429,0.0450694321333828
3000.0,739.8801059680375,3.4141283,41.628429,0.0454034031712169
3000.0,739.8885145636813,3.4159334,41.628429,0.0457373746453697
3000.0,739.8826003045662,3.4174175,41.590988,0.0460713468091107
3000.0,739.8894641660072,3.4191825,41.553513,0.0464053187118959
3000.0,739.8902601908416,3.4207871,41.553513,0.0467392909739913
3000.0,739.8818492338487,3.4222713,41.615963,0.04707326279871
3000.0,739.8897648267836,3.4238758,41.603455,0.0474072348372077
3000.0,739.8812476741631,3.425761,41.615963,0.0477412063903912
3000.0,739.8879771340104,3.4273255,41.603455,0.0480751776219586
3000.0,739.8887534321558,3.4286892,41.578484,0.0484091492039321
3000.0,739.8816959756878,3.4304142,41.528542,0.0487431209594723
3000.0,739.8873197695847,3.431818,41.528542,0.049077091894318
3000.0,739.8796580086503,3.4334226,41.541046,0.0494110627299498
3000.0,739.8882386100594,3.4350672,41.603455,0.0497450340795425
3000.0,739.8811598083184,3.4365113,41.578484,0.0500790055930647
3000.0,739.8888665797524,3.4383566,41.541046,0.0504129772261108
3000.0,739.8894607358365,3.4396403,41.4911,0.0507469491273476
3000.0,739.8818718777488,3.4412045,41.541046,0.0510809209622875
3000.0,739.8897861037929,3.4428091,41.516075,0.0514148930103891
3000.0,739.8834644485594,3.4441328,41.516075,0.0517488655641921
3000.0,739.8916718561564,3.4457374,41.516075,0.0520828384634862
3000.0,739.8831963223937,3.4471414,41.578484,0.0524168108962609
3000.0,739.8918110171082,3.4486656,41.516075,0.0527507838583696
3000.0,739.8910401144714,3.4499092,41.566017,0.0530847564725076
3000.0,739.8834323563634,3.4516339,41.453667,0.0534187290118246
3000.0,739.8904098864765,3.453038,41.566017,0.0537527013414898
3000.0,739.8825076292278,3.4546826,41.516075,0.0540866734633986
3000.0,739.8891746136534,3.4563675,41.478634,0.0544206452354853
3000.0,739.8908541760022,3.4574504,41.441158,0.0547546177656942
3000.0,739.8831483733362,3.4589345,41.503567,0.0550885901768255
3000.0,739.8905581294543,3.460459,41.478634,0.0554225625734047
3000.0,739.8825820063537,3.4619031,41.466133,0.0557565347288862
3000.0,739.8905440180416,3.4631464,41.466133,0.0560905071190958
3000.0,739.8828862407611,3.464711,41.453667,0.0564244794119043
3000.0,739.8916200370893,3.4659142,41.4911,0.0567584522878082
3000.0,739.8913244421763,3.4674387,41.466133,0.0570924250302863
3000.0,739.8841391524685,3.4688828,41.541046,0.0574263978886407
3000.0,739.8912691684585,3.4701262,41.541046,0.0577603706061693
3000.0,739.8845064236986,3.4717307,41.403721,0.0580943436303046
3000.0,739.8941708931762,3.4729743,41.478634,0.058428317657616
3000.0,739.8924529151146,3.4743783,41.453667,0.0587622909094651
3000.0,739.8834616897423,3.4756618,41.416187,0.0590962634620228
3000.0,739.8901532566764,3.4771862,41.403721,0.0594302356758502
3000.0,739.8844803495726,3.4783494,41.416187,0.059764208688216
3000.0,739.8909432389898,3.4797535,41.416187,0.0600981812586263
3000.0,739.883709247215,3.4811172,41.466133,0.0604321539229278
3000.0,739.8903765976729,3.4825213,41.4911,0.0607661262375671
3000.0,739.8906178343394,3.4836445,41.416187,0.0611000986610959
3000.0,739.8836571234426,3.4851286,41.478634,0.0614340713018695
3000.0,739.8920826372643,3.4866529,41.466133,0.0617680443865823
3000.0,739.8837667786813,3.4875755,41.37875,0.0621020170768527
3000.0,739.8901344821653,3.4888992,41.428692,0.0624359892822056
3000.0,739.8896466132086,3.4902229,41.403721,0.0627699612673439
3000.0,739.8826350822943,3.4915066,41.428692,0.0631039334467831
3000.0,739.8903598495583,3.4927502,41.328808,0.0634379057538626
3000.0,739.8831197968012,3.4938734,41.441158,0.0637718781520948
3000.0,739.8905531977948,3.4953172,41.37875,0.064105850546448
3000.0,739.8835172925459,3.4967213,41.428692,0.064439823124104
3000.0,739.891103847772,3.4978044,41.428692,0.0647737957670099
3000.0,739.8910399557495,3.4991682,41.37875,0.0651077683810763
3000.0,739.8845941918298,3.5002913,41.403721,0.0654417414448288
3000.0,739.8924595191734,3.5016551,41.37875,0.0657757146996589
3000.0,739.885427659627,3.5026581,41.391216,0.0661096881396266
3000.0,739.8923292694521,3.5042224,41.34127,0.0664436613356644
3000.0,739.8935639075156,3.5054259,41.37875,0.0667776350889941
3000.0,739.8859780965654,3.5065491,41.391216,0.067111608777421
3000.0,739.8939419001966,3.5077524,41.37875,0.0674455827013694
3000.0,739.8846666524688,3.5090361,41.37875,0.0677795557978296
3000.0,739.8936472819668,3.5099988,41.353779,0.0681135295887929
3000.0,739.8842111125183,3.5114429,41.37875,0.0684475024796291
3000.0,739.8921398396895,3.5126462,41.416187,0.068781475590162
3000.0,739.8907728889551,3.5139298,41.303837,0.0691154480836795
3000.0,739.8829631813286,3.5149727,41.353779,0.0694494204112178
3000.0,739.8924160252808,3.5161362,41.366245,0.0697833936464155
3000.0,739.8839391411774,3.5173795,41.353779,0.0701173664144878
3000.0,739.8911823637216,3.5185428,41.353779,0.0704513390928344
3000.0,739.8899455040887,3.5194654,41.37875,0.0707853112128863
3000.0,739.8827644884519,3.520709,41.366245,0.0711192834507375
3000.0,739.891693780127,3.5217919,41.353779,0.0714532563599276
3000.0,739.8852106806626,3.5229151,41.353779,0.0717872297019542
3000.0,739.892694823171,3.5241988,41.328808,0.072121203062996
3000.0,739.8849340462191,3.5255628,41.37875,0.0724551762801538
3000.0,739.891250686886,3.5265656,41.316303,0.0727891489893401
3000.0,739.89237519257,3.5274882,41.353779,0.0731231222061068
3000.0,739.8850093510338,3.5288119,41.366245,0.0734570954572561
3000.0,739.8913216589795,3.5298548,41.391216,0.0737910681984779
3000.0,739.8838449277486,3.5308576,41.366245,0.0741250409240236
3000.0,739.8923472016245,3.5319808,41.303837,0.0744590141281556
3000.0,739.8930625009751,3.5333045,41.316303,0.0747929876551601
3000.0,739.8850411624189,3.5343475,41.278862,0.0751269609206686
3000.0,739.8918843451412,3.5354707,41.266396,0.0754609339158761
3000.0,739.8840007253448,3.536674,41.316303,0.0757949067117466
3000.0,739.8904561147342,3.5374763,41.34127,0.0761288790622783
3000.0,739.883955791487,3.5386796,41.253891,0.0764628518378663
3000.0,739.8896791085817,3.5398431,41.253891,0.0767968238376724
3000.0,739.8895836368617,3.5407255,41.278862,0.0771307957943843
3000.0,739.8850286746996,3.5417283,41.316303,0.0774647690542561
3000.0,739.8919208443733,3.5429318,41.328808,0.0777987420659386
3000.0,739.8837570863321,3.5441751,41.328808,0.078132714751834
3000.0,739.8926879871814,3.5449374,41.34127,0.0784666881097902
3000.0,739.8823883671007,3.5460606,41.241425,0.0788006601778657
3000.0,739.8917118466181,3.5469832,41.241425,0.0791346330952107
3000.0,739.8918603338051,3.5481465,41.303837,0.07946860607958
3000.0,739.8840038991369,3.5492697,41.29137,0.0798025788768831
3000.0,739.8912931188127,3.5503125,41.253891,0.0801365516052224
3000.0,739.8822567270923,3.5512352,41.253891,0.0804705236138776
3000.0,739.8913161658205,3.5523584,41.328808,0.0808044963526199
3000.0,739.8909614031443,3.5532007,41.316303,0.0811384689312291
3000.0,739.8811724180899,3.5546448,41.253891,0.0814724404504431
3000.0,739.8900504973319,3.5553668,41.253891,0.0818064126178869
3000.0,739.8813660451415,3.556169,41.266396,0.0821403842245013
3000.0,739.8905727902161,3.5571718,41.29137,0.0824743566276981
3000.0,739.8822776375775,3.5582149,41.253891,0.082808328645792
3000.0,739.8897856765611,3.5591373,41.216454,0.0831423006937008
3000.0,739.8877286219208,3.56002,41.29137,0.0834762718130947
3000.0,739.8822610971828,3.5611832,41.278862,0.0838102438237225
3000.0,739.8899466759449,3.5621059,41.203949,0.0841442159443033
3000.0,739.8819490868875,3.5631487,41.266396,0.0844781878140942
3000.0,739.889913643552,3.5638306,41.266396,0.0848121599197649
3000.0,739.8903923326532,3.5649538,41.241425,0.0851461322415066
3000.0,739.8833134970866,3.5658364,41.253891,0.0854801047271723
3000.0,739.8897368237261,3.5666387,41.22892,0.0858140767530299
3000.0,739.8835402538355,3.567802,41.22892,0.0861480493410503
3000.0,739.8908594250798,3.5685639,41.303837,0.0864820218736285
3000.0,739.8830021459729,3.5694866,41.29137,0.0868159942187549
3000.0,739.8911967559735,3.570329,41.266396,0.0871499669035979
3000.0,739.892677208289,3.571332,41.203949,0.0874839402566886
3000.0,739.885712192049,3.5724149,41.241425,0.0878179138250901
3000.0,739.8926513903116,3.5729363,41.241425,0.0881518871665271
3000.0,739.8861185988451,3.5738189,41.241425,0.0884858609183746
3000.0,739.8921516805733,3.5747817,41.203949,0.0888198340342522
3000.0,739.8943647419048,3.5755036,41.303837,0.0891538081490632
3000.0,739.8860172687356,3.5765467,41.216454,0.0894877818551718
3000.0,739.8941458930323,3.5773087,41.253891,0.0898217558711986
3000.0,739.8854776228081,3.5781109,41.166512,0.090155729333719
3000.0,739.8938724418573,3.5788732,41.22892,0.0904897032263152
3000.0,739.8852043574811,3.5797155,41.22892,0.0908236765654876
3000.0,739.892457004512,3.5807183,41.278862,0.0911576498191825
3000.0,739.8937369675126,3.5814404,41.116566,0.0914916236506282
3000.0,739.8861462841932,3.5821624,41.22892,0.0918255974149725
3000.0,739.8925075540726,3.5830047,41.216454,0.0921595706914846
3000.0,739.8865625421611,3.5837269,41.178978,0.0924935446437216
3000.0,739.8942169017046,3.5844488,41.22892,0.0928275186918004
3000.0,739.8939192316913,3.5852914,41.266396,0.0931614926055167
3000.0,739.8861975535361,3.5861738,41.166512,0.0934954663930032
3000.0,739.8946433933002,3.5868156,41.191483,0.0938294406335921
3000.0,739.8858711878913,3.5875778,41.166512,0.0941634142737619
3000.0,739.8924616675849,3.5884202,41.116566,0.0944973875295617
3000.0,739.8858908533749,3.589062,41.241425,0.0948313611786083
3000.0,739.8925978133194,3.5897439,41.191483,0.0951653344958617
3000.0,739.8925301738486,3.5905862,41.141541,0.0954993077825839
3000.0,739.885609555752,3.5910275,41.141541,0.0958332813046568
3000.0,739.8905841550109,3.5920303,41.166512,0.0961672537129835
3000.0,739.8831197113659,3.5925117,41.328808,0.0965012261111771
3000.0,739.8914912277597,3.5933139,41.191483,0.096835198928939
3000.0,739.8904953117527,3.5939157,41.116566,0.0971691712971635
3000.0,739.8837293398749,3.5947981,41.178978,0.0975031439705346
3000.0,739.8922320154937,3.5954399,41.091595,0.0978371171226738
3000.0,739.8844151155034,3.5960014,41.166512,0.0981710901055939
3000.0,739.8912564975143,3.5966032,41.166512,0.0985050628174031
3000.0,739.8843910434019,3.5974455,41.166512,0.0988390357894574
3000.0,739.8913126013181,3.5976462,41.216454,0.0991730085265907
3000.0,739.8927409171611,3.5985687,41.216454,0.0995069819084384
3000.0,739.8846998920297,3.5989699,41.191483,0.0998409550199025
3000.0,739.8901146821906,3.5996518,41.166512,0.1001749272163181
3000.0,739.882332874135,3.6002133,41.166512,0.100508899259345
3000.0,739.888909475541,3.6010156,41.216454,0.1008428709117535
3000.0,739.8887441548032,3.6015773,41.178978,0.1011768424895393
3000.0,739.8822350230824,3.6023796,41.216454,0.1015108144883977
3000.0,739.8885494026773,3.6027405,41.178978,0.1018447859782762
3000.0,739.8826142694203,3.6033423,41.079132,0.1021787581483207
3000.0,739.8912262849482,3.6041043,41.166512,0.1025127308464925
3000.0,739.8837648865716,3.6044252,41.154007,0.1028467035359088
3000.0,739.8905884030535,3.6048665,41.166512,0.103180675946153
3000.0,739.8906802614906,3.6057088,41.129032,0.1035146483978602
3000.0,739.8847772353964,3.6060698,41.178978,0.103848621544236
3000.0,739.8913026403359,3.6067519,41.141541,0.1041825942768731
3000.0,739.8822627084304,3.6073134,41.203949,0.1045165662882282
3000.0,739.8903670517722,3.6079152,41.166512,0.1048505385985586
3000.0,739.8837163394928,3.6086371,41.154007,0.1051845112660615
3000.0,739.8900315153186,3.6090384,41.154007,0.1055184834249372
3000.0,739.8917477355192,3.6095998,41.104061,0.1058524563584817
3000.0,739.8838605526303,3.6101213,41.116566,0.1061864290910803
3000.0,739.8901087495728,3.6106026,41.191483,0.1065204012848181
3000.0,739.882559362428,3.6110039,41.166512,0.1068543734300784
3000.0,739.8893932304927,3.6116056,41.178978,0.1071883453008446
3000.0,739.8895112976369,3.6122472,41.154007,0.107522317224904
3000.0,739.8817890534416,3.612448,41.178978,0.1078562890224582
3000.0,739.8886569350872,3.6131299,41.104061,0.1081902605608748
3000.0,739.8806071497436,3.6134508,41.154007,0.1085242318249349
3000.0,739.8881098129568,3.614253,41.129032,0.1088582031163911
3000.0,739.8817651277823,3.6146944,41.154007,0.1091921749031456
3000.0,739.8905967161417,3.6151757,41.129032,0.1095261473171421
3000.0,739.8888513818686,3.6156168,41.141541,0.1098601189433282
3000.0,739.8816745887092,3.6159377,41.129032,0.1101940906892147
3000.0,739.8889487335158,3.6165795,41.104061,0.1105280623593435
3000.0,739.882325623316,3.6170208,41.191483,0.1108620343990974
3000.0,739.8901663181712,3.6175022,41.154007,0.1111960066188205
3000.0,739.8912909336943,3.618104,41.22892,0.1115299793461735
3000.0,739.8836872746723,3.6183445,41.141541,0.1118639520005569
3000.0,739.8901127047025,3.618906,41.166512,0.11219792419608
3000.0,739.8821391982524,3.6194277,41.141541,0.1125318961516844
3000.0,739.8897163036579,3.6197486,41.154007,0.1128658681682796
3000.0,739.8820146017164,3.6205509,41.129032,0.113199840067643
3000.0,739.8887004777858,3.6207113,41.203949,0.1135338116257139
3000.0,739.8895311707951,3.6213932,41.116566,0.1138677835587436
3000.0,739.8823930301522,3.6217141,41.104061,0.1142017556289241
3000.0,739.8902334206223,3.6223559,41.141541,0.114535727878936
3000.0,739.8813021050329,3.622757,41.166512,0.1148696994566887
3000.0,739.8884404666081,3.6229575,41.104061,0.1152036708973956
3000.0,739.8895020446491,3.6237197,41.154007,0.1155376428172784
3000.0,739.8809731637195,3.6240807,41.166512,0.1158716142465519
3000.0,739.8895477601878,3.624562,41.104061,0.1162055861870698
3000.0,739.8822350719136,3.6250033,41.166512,0.1165395581859502
3000.0,739.889589484069,3.6252038,41.203949,0.1168735301453015
3000.0,739.8818362578055,3.6258857,41.141541,0.117207501964163
3000.0,739.8900654143765,3.626287,41.116566,0.1175414741383401
3000.0,739.8892013960103,3.6265678,41.116566,0.1178754459225159
3000.0,739.883169784385,3.6274502,41.104061,0.1182094183433118
3000.0,739.8912187165356,3.6277311,41.054157,0.1185433910380673
3000.0,739.8824324221008,3.6280921,41.104061,0.1188773631260287
3000.0,739.8885655527134,3.628453,41.154007,0.119211334623197
3000.0,739.8897378003071,3.6289344,41.178978,0.1195453066494954
3000.0,739.8821299698116,3.6294558,41.091595,0.1198792786009342
3000.0,739.8892376999672,3.6300175,41.141541,0.1202132504014969
3000.0,739.8820839129405,3.6303384,41.091595,0.1205472223321464
3000.0,739.8902197243422,3.6306593,41.154007,0.120881194575976
3000.0,739.8801069079149,3.6312208,41.154007,0.1212151656142343
3000.0,739.8885556161343,3.631943,41.104061,0.1215491371069175
3000.0,739.8885544442782,3.6321836,41.091595,0.1218831085990717
3000.0,739.8802324933001,3.6325848,41.166512,0.1222170796940174
3000.0,739.8879984109557,3.6329458,41.154007,0.1225510509351888
3000.0,739.8804617891134,3.6333468,41.203949,0.1228850221336353
3000.0,739.8881433092372,3.6338282,41.104061,0.1232189934402111
3000.0,739.887138286686,3.6342294,41.166512,0.1235529642931389
3000.0,739.8797600101045,3.6348312,41.154007,0.1238869351748126
3000.0,739.88696807097,3.6351521,41.104061,0.1242209059509084
3000.0,739.879021231846,3.6356332,41.141541,0.1245548764991084
3000.0,739.8867735141449,3.6360345,41.191483,0.1248888471873849
3000.0,739.8793875143035,3.6364758,41.116566,0.1252228179009195
3000.0,739.8854556482019,3.6369572,41.129032,0.1255567879943367
3000.0,739.8864071303911,3.6371577,41.166512,0.1258907585172346
3000.0,739.8788564620636,3.637639,41.166512,0.12622472899106
3000.0,739.8856212618269,3.63796,41.166512,0.1265586991592319
3000.0,739.8782062453332,3.6389227,41.104061,0.126892669339559
3000.0,739.8864669818222,3.6390429,41.141541,0.1272266398894727
3000.0,739.8799616938037,3.6393237,41.154007,0.1275606108621835
3000.0,739.8872725403941,3.6398854,41.154007,0.1278945817757109
3000.0,739.8882106313154,3.6404068,41.141541,0.1282285531126745
3000.0,739.8814451707798,3.6406877,41.116566,0.1285625247550051
3000.0,739.8884839359954,3.6410487,41.253891,0.1288964962153332
3000.0,739.8805402189403,3.6413295,41.141541,0.1292304674491818
3000.0,739.8887260883122,3.6418109,41.216454,0.1295644390188128
3000.0,739.8869876999447,3.6422923,41.154007,0.1298984098037686
3000.0,739.8809828560175,3.6429741,41.141541,0.1302323812374171
3000.0,739.888989932451,3.643295,41.104061,0.1305663529261423
3000.0,739.880753804283,3.6438565,41.091595,0.1309003242564002
3000.0,739.8885233772997,3.6440973,41.191483,0.1312342957345313
3000.0,739.880221812204,3.6445787,41.203949,0.1315682668246558
3000.0,739.888329027977,3.6447392,41.104061,0.1319022382150614
3000.0,739.8880443951322,3.6452606,41.141541,0.1322362094769892
3000.0,739.8805902309012,3.6457016,41.116566,0.1325701807334124
3000.0,739.8877415858292,3.6462634,41.104061,0.1329041518586579
3000.0,739.8809225658363,3.6467047,41.166512,0.1332381232650923
3000.0,739.8886778336323,3.6467447,41.166512,0.133572094812942
3000.0,739.888969253584,3.6474266,41.091595,0.1339060664923332
3000.0,739.8803444190704,3.6478679,41.129032,0.1342400376378006
3000.0,739.8859300403522,3.6483893,41.116566,0.1345740079453492
3000.0,739.8791106968392,3.6488307,41.091595,0.1349079785339325
3000.0,739.8859026720417,3.6492717,41.154007,0.1352419488291276
3000.0,739.8772406980477,3.6497531,41.129032,0.1355759185736207
3000.0,739.8849970275085,3.6497934,41.129032,0.1359098884600253
3000.0,739.8856445895717,3.6505554,41.154007,0.1362438586387269
3000.0,739.8787878833829,3.6507561,41.104061,0.1365778290815969
3000.0,739.8862078860901,3.6512375,41.216454,0.1369117995145598
3000.0,739.8791076571856,3.6517589,41.116566,0.137245770101771
3000.0,739.8868333900301,3.6520798,41.129032,0.1375797408170743
3000.0,739.8867233674898,3.6526413,41.166512,0.1379137114827156
3000.0,739.8788605392184,3.6530023,41.216454,0.1382476819583813
3000.0,739.8854050253044,3.6534035,41.154007,0.1385816520289483
3000.0,739.8784627748898,3.6538448,41.203949,0.138915622325069
3000.0,739.884630900063,3.6540453,41.166512,0.1392495920462107
3000.0,739.8789477336289,3.6544867,41.178978,0.1395835625612347
3000.0,739.8853909139174,3.654968,41.22892,0.139917532625432
3000.0,739.8855336637106,3.6554091,41.166512,0.1402515027540638
3000.0,739.8774681018535,3.6557701,41.116566,0.1405854726012038
3000.0,739.8839297609567,3.6561313,41.091595,0.1409194420058647
3000.0,739.8767363303097,3.6569736,41.166512,0.1412534115226937
3000.0,739.8862703376442,3.6572142,41.191483,0.141587381983846
3000.0,739.8860372186882,3.6575351,41.166512,0.1419213523397728
3000.0,739.8781297442457,3.657856,41.178978,0.1422553224855685
3000.0,739.8878370697506,3.6584177,41.166512,0.1425892936539136
3000.0,739.8786498834866,3.6586583,41.154007,0.1429232640344924
3000.0,739.8863495129356,3.65926,41.129032,0.1432572345313829
3000.0,739.8787517139807,3.6594605,41.216454,0.1435912049579266
3000.0,739.8881503038465,3.6599419,41.154007,0.1439251762676595
3000.0,739.888639710858,3.6605437,41.178978,0.1442591477983014
3000.0,739.880486666941,3.660985,41.22892,0.1445931190079774
3000.0,739.8869164471398,3.6612656,41.091595,0.1449270897607711
3000.0,739.8765482451929,3.6618273,41.104061,0.1452610591927013
3000.0,739.8867095124111,3.6619074,41.241425,0.1455950298520886
3000.0,739.8868190588626,3.6625092,41.104061,0.1459290005609231
3000.0,739.8790068031602,3.6630707,41.129032,0.1462629711026103
3000.0,739.8868757609238,3.6634319,41.141541,0.146596941837039
3000.0,739.8786203547065,3.6638329,41.203949,0.146930912204289
3000.0,739.8875058057682,3.6641138,41.116566,0.1472648832231079
3000.0,739.8795611463318,3.6645551,41.191483,0.1475988540150175
3000.0,739.8888363671608,3.665277,41.166512,0.1479328256344262
3000.0,739.8878182952396,3.6655579,41.203949,0.1482667967942969
3000.0,739.8819617821582,3.6659589,41.178978,0.1486007686698183
3000.0,739.8883050044138,3.6662798,41.129032,0.1489347400493801
3000.0,739.8798729246729,3.6667612,41.166512,0.1492687109820218
3000.0,739.8872283507343,3.6671221,41.154007,0.1496026818756028
3000.0,739.8885255378616,3.6675634,41.166512,0.1499366533547092
3000.0,739.8813354544574,3.6679244,41.166512,0.1502706249475155
3000.0,739.8888250634503,3.6681252,41.191483,0.1506045965618219
3000.0,739.8818591703151,3.668807,41.091595,0.1509385683910259
3000.0,739.8899914759613,3.6692481,41.191483,0.1512725405318286
3000.0,739.8810960147159,3.6696494,41.166512,0.1516065120165552
3000.0,739.8900827240418,3.6700103,41.22892,0.1519404841985455
3000.0,739.890234787856,3.6706522,41.178978,0.1522744564491746
3000.0,739.8811702086931,3.671294,41.178978,0.1526084279673913
3000.0,739.8879633033603,3.671334,41.166512,0.1529423991927158
3000.0,739.8798471923903,3.6717353,41.178978,0.1532763701137424
3000.0,739.8879784889402,3.6720161,41.154007,0.1536103413459214
3000.0,739.8811178529922,3.6725376,41.154007,0.1539443128405055
3000.0,739.8881820545697,3.6730189,41.191483,0.1542782841645701
3000.0,739.8890982948702,3.6733398,41.141541,0.154612255902208
3000.0,739.8799763055357,3.6736205,41.191483,0.1549462268815144
3000.0,739.887242462019,3.6740618,41.178978,0.1552801977814649
3000.0,739.8814718552306,3.6745832,41.178978,0.1556141694358405
3000.0,739.8898270829474,3.6751049,41.216454,0.1559481415024393
3000.0,739.8889284209499,3.6755459,41.154007,0.1562821131633994
3000.0,739.8834367997644,3.6760273,41.166512,0.1566160857047221
3000.0,739.8899456016752,3.6762681,41.166512,0.1569500578248181
3000.0,739.882397973989,3.676589,41.203949,0.1572840298972301
3000.0,739.8904413685619,3.6772308,41.141541,0.1576180022411057
3000.0,739.882460168558,3.6774313,41.191483,0.1579519743415914
3000.0,739.8898684894872,3.6779127,41.154007,0.1582859464268803
3000.0,739.8899440636203,3.6785545,41.191483,0.158619918546282
3000.0,739.8816013590249,3.6787951,41.203949,0.1589538902591137
3000.0,739.8885378060284,3.6793165,41.191483,0.1592878617437577
3000.0,739.8815069380702,3.6795573,41.166512,0.1596218334139691
3000.0,739.8883322506581,3.6802392,41.141541,0.1599558048058294
3000.0,739.8872497252661,3.6806405,41.166512,0.1602897757090584
3000.0,739.8810228216613,3.680881,41.178978,0.1606237471607468
3000.0,739.8879098729398,3.6814828,41.253891,0.1609577183619539
3000.0,739.8806246057536,3.6815629,41.166512,0.1612916896338934
3000.0,739.8892590866749,3.6821246,41.216454,0.1616256614441097
3000.0,739.8824257693029,3.6822851,41.154007,0.1619596335290681
3000.0,739.8888625514393,3.6829269,41.104061,0.1622936051602959
3000.0,739.889040152315,3.683368,41.191483,0.1626275768716894
3000.0,739.8816751990853,3.6836889,41.154007,0.1629615486178514
3000.0,739.8904318347604,3.6840901,41.241425,0.1632955209574236
3000.0,739.8821758804708,3.6845715,41.203949,0.1636294929295858
3000.0,739.8903508527253,3.6850128,41.141541,0.1639634652326043
3000.0,739.8888507472368,3.6854539,41.166512,0.1642974368585039
3000.0,739.8812481013522,3.6858952,41.178978,0.1646314084118803
3000.0,739.8894603454266,3.6860557,41.178978,0.1649653803129409
3000.0,739.8816526768665,3.6864567,41.241425,0.1652993520489366
3000.0,739.8890450720031,3.6870985,41.129032,0.1656333237625508
3000.0,739.8812960261349,3.6871789,41.154007,0.1659672953375596
3000.0,739.8886794083172,3.6879008,41.116566,0.1663012668861202
3000.0,739.8886498427636,3.6883821,41.191483,0.1666352384213354
3000.0,739.882012636296,3.688623,41.129032,0.1669692103198116
3000.0,739.8881106674716,3.6889839,41.166512,0.1673031816116535
3000.0,739.8801664903647,3.6894252,41.203949,0.1676371526768064
3000.0,739.8871785698686,3.6896658,41.191483,0.1679711235479173
3000.0,739.8874639110147,3.6903076,41.116566,0.1683050945478258
3000.0,739.8812192806105,3.6906686,41.129032,0.1686390660881928
3000.0,739.8898152177118,3.6909895,41.154007,0.1689730381494359
3000.0,739.8810056831942,3.6914709,41.166512,0.1693070095933883
3000.0,739.8899153525814,3.6916716,41.191483,0.1696409816998303
3000.0,739.8834027180011,3.692153,41.154007,0.169974954225769
3000.0,739.8903783799369,3.6926744,41.129032,0.1703089265412128
3000.0,739.8893146655837,3.6930354,41.129032,0.1706428983765163
3000.0,739.880785176265,3.6933563,41.129032,0.170976869720935
3000.0,739.8910947168504,3.6938376,41.116566,0.1713108423597195
3000.0,739.8831165373435,3.6941986,41.166512,0.1716448147564804
3000.0,739.888791237499,3.6945195,41.129032,0.1719787863555185
3000.0,739.8892691454737,3.6950409,41.141541,0.1723127581702751
3000.0,739.8811534362163,3.6954823,41.154007,0.172646729680921
3000.0,739.8888825102382,3.6958835,41.191483,0.1729807013211579
3000.0,739.879883520129,3.6958835,41.129032,0.1733146722585822
3000.0,739.8869275801316,3.6966054,41.141541,0.1736486430164012
3000.0,739.8800857412518,3.6970868,41.141541,0.1739826140451052
3000.0,739.8869490031112,3.6970868,41.166512,0.174316584812594
3000.0,739.8876654869033,3.6976483,41.191483,0.1746505559034899
3000.0,739.8797952762973,3.6980896,41.104061,0.1749845268010823
3000.0,739.8874315986641,3.6983304,41.166512,0.1753184977864055
3000.0,739.8798051391589,3.6986513,41.166512,0.1756524686884499
3000.0,739.8866944122161,3.6993332,41.216454,0.1759864393410213
3000.0,739.886889091261,3.6997342,41.178978,0.1763204100814671
3000.0,739.8799824944764,3.7000551,41.166512,0.176654381063567
3000.0,739.8870380297502,3.7000952,41.203949,0.1769883518712408
3000.0,739.8784500795167,3.7009778,41.116566,0.1773223221616311
3000.0,739.8868561441762,3.7010982,41.116566,0.1776562928872052
3000.0,739.8793839252551,3.7015796,41.154007,0.1779902635991198
3000.0,739.8895294740951,3.7022614,41.178978,0.1783242355313837
3000.0,739.8891810954668,3.702101,41.278862,0.1786582073063962
3000.0,739.8820836078291,3.7026625,41.178978,0.1789921792369079
3000.0,739.8899705531667,3.7030637,41.104061,0.1793261513682665
3000.0,739.8823007087562,3.7031438,41.066624,0.1796601233967743
3000.0,739.889310026965,3.703866,41.154007,0.179994095229984
3000.0,739.8810993593785,3.7041869,41.116566,0.1803280667162204
3000.0,739.8896210150117,3.7045479,41.178978,0.1806620386898042
3000.0,739.8906030758633,3.7047083,41.104061,0.1809960111066713
3000.0,739.8828932476804,3.7055106,41.166512,0.1813299834026426
3000.0,739.8901805152502,3.7054303,41.154007,0.181663955628774
3000.0,739.8824259889279,3.7059519,41.116566,0.1819979277138315
3000.0,739.8882934930474,3.7064331,41.116566,0.1823318990881973
3000.0,739.8890441687336,3.7066338,41.216454,0.1826658708014038
3000.0,739.8807163532497,3.7070749,41.178978,0.1829998421147568
3000.0,739.8905563104835,3.7074361,41.079132,0.183333814510515
3000.0,739.8835298781065,3.7077971,41.129032,0.1836677870938519
3000.0,739.8902277320601,3.7083585,41.154007,0.1840017593412961
3000.0,739.8815538007954,3.7088399,41.129032,0.1843357310326606
3000.0,739.889723139622,3.7090807,41.154007,0.1846697030523415
3000.0,739.8907967536684,3.7094016,41.104061,0.1850036755566311
3000.0,739.8833886186759,3.7096422,41.141541,0.1853376480762056
3000.0,739.8906174438656,3.7101235,41.129032,0.1856716204995582
3000.0,739.8821642225989,3.7103643,41.129032,0.1860055924664582
3000.0,739.8908686658662,3.7107654,41.191483,0.1863395650032076
3000.0,739.8906419679208,3.7111263,41.141541,0.1866735374376299
3000.0,739.8829507056059,3.7115676,41.166512,0.1870075097595368
3000.0,739.8887198505032,3.7119286,41.141541,0.1873414813263522
3000.0,739.8823356207253,3.7122495,41.22892,0.1876754533706189
3000.0,739.889337309686,3.7126107,41.116566,0.1880094252161435
3000.0,739.8804550632095,3.7128513,41.166512,0.188343396411554
3000.0,739.8880410870148,3.7133727,41.141541,0.1886773676719886
3000.0,739.8887285298412,3.7136936,41.166512,0.1890113392427216
3000.0,739.8808179642213,3.7138941,41.079132,0.1893453106019404
3000.0,739.8879141453086,3.7144558,41.154007,0.1896792818050759
3000.0,739.8813518240584,3.7148569,41.129032,0.1900132534052711
3000.0,739.8893771172912,3.7151778,41.154007,0.1903472252687641
3000.0,739.8887172013184,3.7154987,41.191483,0.1906811968343837
3000.0,739.8811407408433,3.7160203,41.029186,0.1910151683392991
3000.0,739.8873682318691,3.7161806,41.054157,0.1913491392960198
3000.0,739.8797723515607,3.7166619,41.129032,0.1916831101832642
3000.0,739.8877381554921,3.7168627,41.104061,0.1920170813069613
3000.0,739.879830188164,3.7172637,41.104061,0.1923510522203124
3000.0,739.8865933128903,3.7177451,41.091595,0.1926850228272495
3000.0,739.8877810759907,3.718106,41.129032,0.1930189939703201
3000.0,739.8810393988138,3.7181864,41.029186,0.1933529654294912
3000.0,739.8888590233367,3.7188282,41.104061,0.1936869370591265
3000.0,739.8818315096512,3.7189887,41.091595,0.1940209088758448
3000.0,739.8888278097356,3.71943,41.054157,0.1943548804913909
3000.0,739.888271788896,3.7196305,41.079132,0.1946888518559599
3000.0,739.8798137330255,3.720232,41.154007,0.1950228227618834
3000.0,739.8876370932057,3.720232,41.154007,0.1953567938399629
3000.0,739.8810364813786,3.7206733,41.166512,0.1956907652978171
3000.0,739.8887369646885,3.7210343,41.129032,0.1960247368723575
3000.0,739.8806265098856,3.7213955,41.054157,0.1963587081451565
3000.0,739.8872617004431,3.721596,41.154007,0.196692679053791
3000.0,739.8874271432983,3.7223179,41.116566,0.1970266500371031
3000.0,739.880819709812,3.7223983,41.054157,0.1973606213971098
3000.0,739.8875408769381,3.7225988,41.104061,0.1976945924317591
3000.0,739.8809414497407,3.7228394,41.104061,0.1980285638467174
3000.0,739.8895166079778,3.7232406,41.079132,0.1983625357731738
3000.0,739.8880916363452,3.7235615,41.066624,0.1986965070564254
3000.0,739.8796988654683,3.7242434,41.041653,0.1990304779104993
3000.0,739.887145904007,3.7243237,41.079132,0.1993644487668655
3000.0,739.8801647324447,3.7246847,41.029186,0.199698419831225
3000.0,739.8875452833445,3.7247648,41.116566,0.2000323908678633
3000.0,739.8802586164362,3.7252462,41.141541,0.2003663619746006
3000.0,739.8899732384189,3.7256474,41.029186,0.2007003341071712
3000.0,739.8885678721251,3.725888,41.091595,0.2010343056053865
3000.0,739.8808585644393,3.7262893,41.154007,0.2013682769829316
3000.0,739.8876636804154,3.7266502,41.054157,0.2017022480730121
3000.0,739.8803334327607,3.7270112,41.054157,0.2020362192135204
3000.0,739.8875813310442,3.727252,41.066624,0.20237019026643
3000.0,739.878534637354,3.7275729,41.079132,0.2027041605949884
3000.0,739.8870555348954,3.7278938,41.116566,0.2030381314105636
3000.0,739.8879842506091,3.7280543,41.029186,0.2033721026453434
3000.0,739.8788884566997,3.7284553,41.041653,0.2037060731336107
3000.0,739.8866741847794,3.7287762,41.079132,0.2040400437770518
3000.0,739.8807595782744,3.7290571,41.091595,0.204374015109916
3000.0,739.8879263036362,3.729418,41.079132,0.2047079863185395
3000.0,739.8872600527027,3.7295384,41.066624,0.2050419572264302
3000.0,739.8799832022589,3.7300198,41.066624,0.2053759282088496
3000.0,739.8873799873679,3.7307017,41.129032,0.2057098991708765
3000.0,739.879443849446,3.7309022,41.054157,0.20604386990984
3000.0,739.8885598642537,3.7308221,41.091595,0.2063778414044406
3000.0,739.8797299322878,3.731504,41.066624,0.2067118122725377
3000.0,739.8880017675721,3.731544,41.041653,0.2070457835152242
3000.0,739.8869975025885,3.7321458,41.029186,0.2073797543046048
3000.0,739.8793122949496,3.7321858,41.054157,0.2077137249841865
3000.0,739.8866942412416,3.7325871,41.054157,0.2080476956366807
3000.0,739.8808171585207,3.7326272,41.104061,0.2083816669955358
3000.0,739.8871593807111,3.7332287,41.054157,0.208715637857985
3000.0,739.8870742236122,3.7335496,40.991711,0.2090496086819961
3000.0,739.8798902096589,3.7337101,41.004215,0.20938357962244
3000.0,739.8875238967391,3.7337904,41.054157,0.2097175506494248
3000.0,739.8813894460646,3.7343118,41.041653,0.210051522266602
3000.0,739.8883713621892,3.7346327,40.966736,0.2103854936761165
3000.0,739.8821003801013,3.7349536,40.979244,0.210719465614199
3000.0,739.8897182810692,3.7353146,41.054157,0.2110534376316867
3000.0,739.8889344757619,3.7355955,41.029186,0.2113874092953798
3000.0,739.8812591731484,3.7361572,41.054157,0.2117213808537538
3000.0,739.8885583259943,3.7361572,41.104061,0.2120553523476601
3000.0,739.8804434420698,3.7364779,41.041653,0.212389323537825
3000.0,739.8886939958956,3.7367988,40.991711,0.2127232950929702
3000.0,739.8885187016417,3.7369592,41.066624,0.2130572665689908
3000.0,739.8816539469871,3.7373204,41.079132,0.2133912383055599
3000.0,739.8889353909003,3.7378018,40.929302,0.2137252099696661
3000.0,739.8823144783115,3.7380824,41.041653,0.2140591820043894
3000.0,739.8895857244192,3.7381628,40.991711,0.2143931539620436
3000.0,739.883413704055,3.7385638,41.004215,0.2147271264929413
3000.0,739.89088437629,3.7388847,41.091595,0.215061099036782
3000.0,739.8898076494015,3.7390051,40.954269,0.2153950710946089
3000.0,739.8820714737197,3.7393661,40.966736,0.2157290430196435
3000.0,739.8897075756673,3.7397673,41.029186,0.2160630150322991
3000.0,739.8827937728973,3.739727,41.004215,0.2163969872833689
3000.0,739.8898589680662,3.7402887,41.016682,0.2167309593643601
3000.0,739.889687360867,3.7404091,40.966736,0.2170649313678911
3000.0,739.8831302089808,3.7408502,41.041653,0.2173989037708232
3000.0,739.8899713588243,3.7410107,40.966736,0.2177328759025454
3000.0,739.8821494155425,3.7412515,41.016682,0.2180668478627618
3000.0,739.88952481092,3.7416525,40.916794,0.2184008197929208
3000.0,739.8827594712022,3.7418532,41.004215,0.2187347920285073
3000.0,739.8900245696688,3.7423346,40.991711,0.2190687641842479
3000.0,739.8919370795643,3.7424548,40.941769,0.2194027372032587
3000.0,739.8835143506824,3.7427757,40.991711,0.2197367097795868
3000.0,739.8917700380305,3.7431366,40.979244,0.2200706827231983
3000.0,739.8836288764985,3.7430565,41.029186,0.2204046553512217
3000.0,739.8890149935257,3.7433774,41.004215,0.2207386270512589
3000.0,739.8892306075924,3.7437785,40.979244,0.2210725988486203
3000.0,739.8819380028643,3.7442198,40.966736,0.221406570713408
3000.0,739.8902999373498,3.7443802,40.991711,0.2217405429934443
3000.0,739.8824825316218,3.744621,40.954269,0.2220745151040243
3000.0,739.8892329022941,3.7449017,41.016682,0.2224084869024215
3000.0,739.8810031808619,3.7452226,41.004215,0.2227424583452443
3000.0,739.8891955243488,3.7454233,41.016682,0.2230764301267697
3000.0,739.8895323915084,3.7457843,40.941769,0.2234104020603505
3000.0,739.8825599728041,3.7461853,41.004215,0.2237443742058864
3000.0,739.8906654177317,3.7460248,40.979244,0.2240783466508935
3000.0,739.883222994234,3.7465463,41.041653,0.2244123190957075
3000.0,739.8916849303515,3.7465463,40.966736,0.224746292000903
3000.0,739.8909486344857,3.7470276,41.004215,0.2250802645737487
3000.0,739.8839302301005,3.7470679,40.979244,0.2254142373377986
3000.0,739.8915639455382,3.7475493,40.979244,0.2257482101883839
3000.0,739.8840296435952,3.7476294,40.929302,0.2260821829973077
3000.0,739.8906321532032,3.7481508,40.966736,0.2264161554272998
3000.0,739.8831483611604,3.7483113,40.941769,0.2267501278384255
3000.0,739.8910846212681,3.7487526,41.004215,0.2270841004726531
3000.0,739.8914286421425,3.7488329,40.929302,0.227418073262165
3000.0,739.8831086396976,3.7490735,40.954269,0.2277520456553611
3000.0,739.8900121793847,3.7494748,40.966736,0.2280860178055089
3000.0,739.8816825107067,3.7494748,40.966736,0.2284199895549712
3000.0,739.8889522494425,3.7500763,40.979244,0.2287539612266871
3000.0,739.8829435400942,3.7501967,40.954269,0.2290879335453596
3000.0,739.8907765024937,3.7504373,40.929302,0.2294219060405082
3000.0,739.8900137292062,3.7507181,40.929302,0.2297558781913556
3000.0,739.8812636533326,3.7507181,40.86689,0.2300898497517519
3000.0,739.8875524977855,3.7511594,40.941769,0.2304238207916466
3000.0,739.8801457749738,3.7513599,40.941769,0.230757791847449
3000.0,739.8880735822089,3.7517209,40.941769,0.2310917631225513
3000.0,739.8875875933073,3.7520018,40.941769,0.2314257341782875
3000.0,739.880982245846,3.7522826,40.966736,0.2317597056116605
3000.0,739.8888959376247,3.7523227,40.941769,0.2320936772579583
3000.0,739.8828308210037,3.752764,40.904327,0.2324276495257511
3000.0,739.8886268081108,3.752764,40.941769,0.2327616210505689
3000.0,739.8822824348698,3.753165,40.854385,0.2330955930708282
3000.0,739.8895383606796,3.7533655,40.879356,0.2334295650071034
3000.0,739.8872898990701,3.7535663,40.941769,0.2337635359284661
3000.0,739.8816090493752,3.7539673,40.879356,0.2340975076447691
3000.0,739.8896693185998,3.7542081,40.891823,0.2344314796401562
3000.0,739.8809558295698,3.7542481,40.841919,0.2347654510616053
3000.0,739.8883166256704,3.7546091,40.929302,0.2350994224464127
3000.0,739.8906205565031,3.7546895,40.916794,0.2354333948711703
3000.0,739.8828233017798,3.7550104,40.904327,0.235767367135569
3000.0,739.8887378556287,3.7552509,40.916794,0.2361013387105116
3000.0,739.8815186203959,3.7555718,40.929302,0.2364353103859962
3000.0,739.8879577245862,3.7556922,40.879356,0.2367692816088026
3000.0,739.880943036995,3.7559731,40.879356,0.2371032530244774
3000.0,739.8886181531758,3.756294,40.879356,0.2374372245453885
3000.0,739.8890039702196,3.7563741,40.86689,0.2377711962404501
3000.0,739.8799290282705,3.7564142,40.854385,0.2381051671984162
3000.0,739.8879479102778,3.756695,40.86689,0.2384391384167926
3000.0,739.8816601597165,3.7569759,40.879356,0.238773110156166
3000.0,739.8893825374714,3.7573769,40.904327,0.2391070820221055
3000.0,739.8881956776919,3.7573769,40.86689,0.2394410533523194
3000.0,739.8790512853111,3.7575774,40.879356,0.2397750239140851
3000.0,739.8876321125869,3.7579787,40.904327,0.2401089949899165
3000.0,739.880278842902,3.7581792,40.86689,0.2404429661057838
3000.0,739.888571436602,3.7582996,40.879356,0.240776937605608
3000.0,739.8811732360175,3.7585402,40.891823,0.2411109091251912
3000.0,739.8893941828752,3.758781,40.86689,0.2414448809963872
3000.0,739.8870788870943,3.7587409,40.904327,0.2417788518225032
3000.0,739.8802202252057,3.7593827,40.816948,0.2421128229119113
3000.0,739.8886339490358,3.7595432,40.791973,0.2424467944399524
3000.0,739.8811595518464,3.7596633,40.891823,0.2427807659533588
3000.0,739.8882572991342,3.7597437,40.904327,0.2431147373113874
3000.0,739.8891309858,3.7598238,40.80444,0.2434487090637814
3000.0,739.8826053216368,3.7603855,40.916794,0.243782681229787
3000.0,739.8891174842324,3.760546,40.86689,0.2441166529760867
3000.0,739.8825446652606,3.7609069,40.841919,0.244450625114713
3000.0,739.8892500902001,3.7609069,40.854385,0.2447845969208683
3000.0,739.8810092230278,3.7612679,40.854385,0.2451185683664185
3000.0,739.8879253514582,3.7615087,40.841919,0.2454525395746123
3000.0,739.8891117713697,3.7615488,40.86689,0.2457865113183332
3000.0,739.882131337134,3.7618296,40.879356,0.2461204832703892
3000.0,739.8893871393576,3.7620301,40.80444,0.246454455138406
3000.0,739.8817194734801,3.762311,40.841919,0.2467884269045528
3000.0,739.8894075252349,3.7626719,40.841919,0.2471223987817714
3000.0,739.888291527812,3.7627521,40.829414,0.2474563701552501
3000.0,739.8818065339568,3.7630329,40.829414,0.2477903419606947
3000.0,739.8890023347574,3.7633939,40.816948,0.2481243136550181
3000.0,739.8819497460692,3.7636347,40.816948,0.2484582855251065
3000.0,739.8886446547446,3.7637951,40.841919,0.24879225705798
3000.0,739.880589938068,3.7638352,40.80444,0.2491262283142711
3000.0,739.888145323381,3.7638752,40.779472,0.2494601996217559
3000.0,739.8877518885046,3.764116,40.816948,0.2497941707516519
3000.0,739.8821722915246,3.7642765,40.816948,0.2501281427221941
3000.0,739.8880760361185,3.7647176,40.779472,0.250462113998404
3000.0,739.8795661264913,3.7647176,40.779472,0.2507960847925615
3000.0,739.8878558076827,3.7649183,40.779472,0.2511300559693646
3000.0,739.8891708905057,3.7649984,40.816948,0.2514640277397708
3000.0,739.8812493340756,3.7652793,40.742031,0.2517979992937035
3000.0,739.8882368157473,3.7653997,40.829414,0.2521319706424863
3000.0,739.8817217565968,3.7658811,40.80444,0.2524659424096637
3000.0,739.8892959886335,3.7659612,40.729527,0.2527999142365367
3000.0,739.8822289196538,3.766242,40.841919,0.2531338862326401
3000.0,739.8885423837162,3.7662821,40.816948,0.2534678577193504
3000.0,739.8900996796843,3.7664826,40.829414,0.2538018299089941
3000.0,739.8818490382557,3.766643,40.754498,0.2541358017336246
3000.0,739.8892762012184,3.7667634,40.791973,0.254469773551566
3000.0,739.8809341868225,3.7670844,40.767006,0.2548037449632459
3000.0,739.8897403271699,3.7672048,40.779472,0.2551377169906849
3000.0,739.8811489441632,3.7674453,40.754498,0.2554716884993031
3000.0,739.8875821612071,3.7676458,40.767006,0.2558056595525874
3000.0,739.8890024812778,3.7678866,40.841919,0.2561396312469768
3000.0,739.8816776891907,3.768007,40.791973,0.2564736029942628
3000.0,739.887918662168,3.7681675,40.729527,0.2568075741994372
3000.0,739.8805172939478,3.7684081,40.767006,0.2571415454229377
3000.0,739.8887696068635,3.7685685,40.704556,0.2574755170122122
3000.0,739.888525110681,3.7686086,40.779472,0.2578094884911258
3000.0,739.8807480305476,3.7686889,40.767006,0.2581434598187775
3000.0,739.8882153798755,3.7691703,40.71706,0.2584774311578845
3000.0,739.8812154355121,3.7693307,40.767006,0.258811402696516
3000.0,739.8881307602568,3.7692103,40.742031,0.2591453739974273
3000.0,739.8794342914911,3.7696517,40.742031,0.2594793447320764
3000.0,739.8859404040096,3.7697718,40.729527,0.259813315044303
3000.0,739.8860843626472,3.7702131,40.80444,0.2601472854215098
3000.0,739.8792231474993,3.7702131,40.742031,0.2604812560608516
3000.0,739.8854602257875,3.770534,40.779472,0.2608152261563349
3000.0,739.8789405315387,3.770494,40.71706,0.2611491966681081
3000.0,739.8870779346095,3.770895,40.829414,0.2614831674937942
3000.0,739.8868319862175,3.7709754,40.692089,0.2618171382084638
3000.0,739.8786077573027,3.7710555,40.729527,0.2621511085700275
3000.0,739.8868659950123,3.7712159,40.779472,0.2624850793000481
3000.0,739.8798337647808,3.7714968,40.667118,0.2628190502150136
3000.0,739.8882903436776,3.7715771,40.754498,0.2631530215879579
3000.0,739.8800126457572,3.7716572,40.692089,0.2634869925836677
3000.0,739.888608485081,3.7720585,40.742031,0.2638209641002149
3000.0,739.8883299677232,3.7722189,40.654652,0.2641549354910446
3000.0,739.8806613123236,3.7723391,40.729527,0.264488906779553
3000.0,739.8891496137395,3.77262,40.71706,0.2648228785403553
3000.0,739.8810419619227,3.7725799,40.654652,0.2651568500006833
3000.0,739.8888295799516,3.7729809,40.679585,0.2654908216170284
3000.0,739.8903302717774,3.7729409,40.667118,0.2658247939107571
3000.0,739.8814792281916,3.7733018,40.679585,0.2661587655684607
3000.0,739.8884891487244,3.7732618,40.742031,0.2664927370311417
3000.0,739.8820392963441,3.7734222,40.704556,0.2668267089416518
3000.0,739.8885735485625,3.7737031,40.71706,0.2671606804424293
3000.0,739.8819800680159,3.7737832,40.654652,0.2674946523262047
3000.0,739.8885126960452,3.7739036,40.679585,0.2678286237995145
3000.0,739.8876012895873,3.7742245,40.742031,0.268162594861433
3000.0,739.8799842523964,3.7743046,40.617176,0.2684965658443264
3000.0,739.8882304070149,3.774385,40.754498,0.2688305371902164
3000.0,739.8790300083496,3.7747459,40.667118,0.269164507742378
3000.0,739.8876067464487,3.7749064,40.667118,0.2694984788067596
3000.0,739.8869729904025,3.7749465,40.704556,0.2698324495850759
3000.0,739.8790980257667,3.7748663,40.629677,0.2701664201679396
3000.0,739.8874834911833,3.7753077,40.692089,0.2705003911766861
3000.0,739.8806935508851,3.7753477,40.667118,0.2708343624797465
3000.0,739.8868993080398,3.7755883,40.71706,0.2711683332248039
3000.0,739.8803619241419,3.7756286,40.654652,0.2715023043781729
3000.0,739.8881870473134,3.775789,40.692089,0.2718362757044911
3000.0,739.8896804635629,3.7761099,40.642143,0.2721702477049088
3000.0,739.8816717445335,3.77619,40.592201,0.2725042194495115
3000.0,739.8882286855027,3.7763906,40.654652,0.2728381907946244
3000.0,739.8810661931026,3.776551,40.629677,0.27317216226589
3000.0,739.8895683531581,3.7766314,40.642143,0.2735061342157032
3000.0,739.889431109288,3.7767115,40.56723,0.2738401061035671
3000.0,739.8815343673938,3.7769923,40.592201,0.2741740777861597
3000.0,739.8888724024799,3.7768719,40.654652,0.2745080494218342
3000.0,739.8808640212459,3.7770724,40.56723,0.2748420208018424
3000.0,739.8885424081703,3.7773132,40.629677,0.2751759922885637
3000.0,739.8822294809686,3.7775941,40.642143,0.2755099642849204
3000.0,739.8900677215611,3.7778747,40.617176,0.2758439364601389
3000.0,739.8891198036953,3.7777946,40.617176,0.2761779082074855
3000.0,739.8813680593162,3.7781556,40.554764,0.2765118798150091
3000.0,739.8886688980372,3.7783561,40.617176,0.2768458513588255
3000.0,739.8812830378263,3.7783561,40.654652,0.2771798229279716
3000.0,739.8883137934886,3.7785568,40.617176,0.2775137943115007
3000.0,739.88014081891,3.7786369,40.679585,0.2778477653650659
3000.0,739.8883801145316,3.7787173,40.592201,0.278181736778531
3000.0,739.8875659747965,3.7788374,40.592201,0.2785157078245091
3000.0,739.8794493059967,3.7791584,40.579735,0.2788496785659355
3000.0,739.8889260650616,3.7791986,40.629677,0.2791836502258322
3000.0,739.8813656541345,3.7794392,40.60471,0.2795176218322701
3000.0,739.8880117900989,3.7795596,40.60471,0.2798515930794806
3000.0,739.8881925527761,3.7795196,40.642143,0.2801855644082839
3000.0,739.8808143995244,3.7798002,40.579735,0.2805195357658936
3000.0,739.8897866043872,3.7799206,40.60471,0.2808535078142212
3000.0,739.8808066483463,3.7800007,40.56723,0.2811874791683321
3000.0,739.8885700451699,3.7802415,40.592201,0.2815214506675283
3000.0,739.8805979576255,3.7801611,40.642143,0.2818554219274393
3000.0,739.8875415606317,3.7804821,40.579735,0.2821893929623972
3000.0,739.8882312612739,3.7806425,40.542259,0.2825233643086728
3000.0,739.8805481533693,3.780803,40.667118,0.2828573355461029
3000.0,739.8894424864122,3.7808833,40.542259,0.2831913074391022
3000.0,739.8815844399269,3.7810438,40.554764,0.2835252791442968
3000.0,739.8890457919688,3.7812443,40.629677,0.283859250858236
3000.0,739.8903855946849,3.7813647,40.56723,0.2841932231769363
3000.0,739.881860000265,3.7815251,40.579735,0.2845271950065148
3000.0,739.8879295872481,3.7816052,40.542259,0.2848611662166205
3000.0,739.8811254701342,3.7820065,40.617176,0.2851951377146429
3000.0,739.8882661249415,3.7817657,40.56723,0.2855291090766553
3000.0,739.8817583284144,3.782167,40.542259,0.2858630808603407
3000.0,739.8899182578699,3.7823274,40.56723,0.2861970529680941
3000.0,739.889790107882,3.7824879,40.542259,0.2865310250180031
3000.0,739.8822730720859,3.7824075,40.592201,0.2868649970340362
3000.0,739.890807312908,3.7826884,40.56723,0.2871989695430921
3000.0,739.8835713452112,3.7826884,40.517288,0.2875329421451467
3000.0,739.8910434956955,3.7828088,40.56723,0.2878669147608109
3000.0,739.890762439708,3.7830896,40.479847,0.2882008872496118
3000.0,739.8849253303131,3.7831697,40.56723,0.2885348604628354
3000.0,739.8917230285182,3.7833302,40.542259,0.2888688333852277
3000.0,739.8850850586476,3.7835307,40.617176,0.2892028066705503
3000.0,739.8928578609737,3.7836912,40.504822,0.2895367801051842
3000.0,739.8854231308931,3.7838516,40.579735,0.2898707535431077
3000.0,739.8924783425672,3.7840521,40.542259,0.2902047268064343
3000.0,739.8922738124817,3.7841325,40.542259,0.2905386999774398
3000.0,739.8839260433633,3.7841725,40.504822,0.2908726727396
3000.0,739.8900721038714,3.784333,40.642143,0.2912066449167966
3000.0,739.8854963236406,3.7845335,40.492313,0.2915406183877582
3000.0,739.8926062605985,3.7845335,40.517288,0.2918745917088245
3000.0,739.892319027733,3.784694,40.517288,0.2922085649002394
3000.0,739.8827343008484,3.7848947,40.542259,0.2925425371244644
3000.0,739.891166531078,3.7849748,40.504822,0.2928765097956644
3000.0,739.8837521546711,3.7850149,40.554764,0.2932104824793337
3000.0,739.8906727783351,3.7853761,40.56723,0.2935444549276633
3000.0,739.8826191888543,3.7855365,40.517288,0.2938784270999284
3000.0,739.89005450137,3.7856166,40.579735,0.2942123992691796
3000.0,739.8903516220086,3.7855365,40.517288,0.2945463715725453
3000.0,739.882080690394,3.785737,40.56723,0.2948803435017401
3000.0,739.8885443488493,3.7857771,40.467346,0.2952143149893374
3000.0,739.8815157759644,3.7862985,40.492313,0.2955482866635381
3000.0,739.8892946214509,3.7862184,40.517288,0.2958822584897941
3000.0,739.8886981953624,3.7864189,40.492313,0.2962162300468348
3000.0,739.8817882356675,3.7864993,40.442413,0.2965502018440198
3000.0,739.8888540793479,3.7866194,40.504822,0.2968841734714235
3000.0,739.8815762006934,3.7866194,40.517288,0.2972181451728991
3000.0,739.8899926478687,3.7868602,40.529793,0.2975521173142307
3000.0,739.8812775567704,3.7869003,40.442413,0.2978860888809028
3000.0,739.8873405217629,3.7870607,40.429905,0.2982200598251157
3000.0,739.8878706635408,3.7872212,40.492313,0.2985540310086244
3000.0,739.8802364363165,3.7873013,40.479847,0.2988880021053499
3000.0,739.8887750996388,3.7874217,40.492313,0.2992219736971037
3000.0,739.8815849406695,3.7876625,40.467346,0.2995559454025244
3000.0,739.8889766143919,3.787863,40.479847,0.2998899170852381
3000.0,739.8906167601721,3.7879834,40.442413,0.300223889508282
3000.0,739.8847609392595,3.7881839,40.492313,0.3005578626473019
3000.0,739.8913051548182,3.788264,40.504822,0.3008918353810741
3000.0,739.8843613680518,3.7883844,40.442413,0.3012258083397334
3000.0,739.8919009224859,3.7883844,40.492313,0.3015597813424236
3000.0,739.8857859710769,3.7885849,40.45488,0.3018937549441278
3000.0,739.8916252495881,3.7888658,40.442413,0.3022277278223846
3000.0,739.8918219790999,3.7889059,40.479847,0.3025617007894413
3000.0,739.8832272792984,3.7888258,40.517288,0.3028956732361895
3000.0,739.89048188365,3.7890263,40.45488,0.3032296455983528
3000.0,739.8831432585777,3.7893872,40.45488,0.3035636180071754
3000.0,739.8898026568625,3.7894676,40.442413,0.3038975900627488
3000.0,739.8828448592964,3.789628,40.479847,0.3042315623368782
3000.0,739.889391313961,3.7895076,40.442413,0.3045655342067793
3000.0,739.8882064809104,3.7897885,40.404934,0.3048995055418695
3000.0,739.8823913577697,3.789989,40.517288,0.305233477611295
3000.0,739.8889241484276,3.7901495,40.417439,0.3055674492703266
3000.0,739.8808930490785,3.789989,40.467346,0.3059014206634375
3000.0,739.887934763347,3.7902296,40.404934,0.3062353918758796
3000.0,739.8882547232608,3.7904303,40.429905,0.3065693632327455
3000.0,739.8819154446809,3.7905908,40.442413,0.3069033350873508
3000.0,739.8872944153155,3.7906308,40.417439,0.3072373060107521
3000.0,739.8787027396233,3.7908313,40.45488,0.3075712764151895
3000.0,739.8875954791125,3.7911122,40.342525,0.3079052474744852
3000.0,739.8798845457615,3.7911122,40.45488,0.3082392184123725
3000.0,739.8877366788286,3.7913127,40.479847,0.3085731895354031
3000.0,739.8893153002666,3.7912726,40.45488,0.308907161370993
3000.0,739.8824522827299,3.7915132,40.404934,0.3092411334679192
3000.0,739.8896570750408,3.791714,40.404934,0.3095751054577798
3000.0,739.883348982495,3.7918341,40.392467,0.309909077959463
3000.0,739.8900899506076,3.7919145,40.429905,0.3102430501447153
3000.0,739.8885496957181,3.7919946,40.479847,0.3105770216347261
3000.0,739.8818432523956,3.7919946,40.429905,0.3109109934567449
3000.0,739.8892065353767,3.7922754,40.392467,0.3112449652432405
3000.0,739.8812664237884,3.7923558,40.429905,0.3115789368048873
3000.0,739.8877321989062,3.7926364,40.429905,0.3119129079258957
3000.0,739.881555729279,3.7927969,40.429905,0.3122468796181308
3000.0,739.8887116594813,3.7927568,40.417439,0.3125808511812489
3000.0,739.8900381679275,3.7928772,40.404934,0.3129148233431275
3000.0,739.8816578406863,3.7930777,40.367496,0.3132487950814541
3000.0,739.8890551794034,3.7931981,40.442413,0.3135827667996305
3000.0,739.8819319729765,3.7934387,40.504822,0.3139167386616965
3000.0,739.8895397765659,3.7932782,40.417439,0.3142507105986107
3000.0,739.8885403453229,3.7936795,40.379963,0.3145846820844009
3000.0,739.8813175468171,3.7937195,40.429905,0.3149186536691239
3000.0,739.8901136200968,3.7936795,40.404934,0.3152526258650602
3000.0,739.8814726121257,3.7938399,40.442413,0.3155865975197773
3000.0,739.8908242196422,3.7940404,40.417439,0.3159205700364646
3000.0,739.8815415328032,3.7940805,40.404934,0.3162545417222915
3000.0,739.8886845840068,3.7943614,40.392467,0.3165885132731883
3000.0,739.8897303663413,3.7945619,40.379963,0.3169224852961312
3000.0,739.8837665835104,3.7946019,40.442413,0.3172564579863134
3000.0,739.890216806673,3.7947624,40.354992,0.3175904302288261
3000.0,739.8835537546533,3.7949228,40.392467,0.3179244028229405
3000.0,739.8908662487913,3.7949228,40.379963,0.3182583753585989
3000.0,739.891382145247,3.7951636,40.354992,0.318592348127123
3000.0,739.8831160002269,3.7954445,40.330021,0.3189263205236415
3000.0,739.8901155611851,3.7953641,40.392467,0.319260292720454
3000.0,739.8831927457513,3.7955246,40.354992,0.3195942651516142
3000.0,739.8910366845437,3.7957654,40.379963,0.3199282377642041
3000.0,739.884146903749,3.795645,40.429905,0.3202622106260573
3000.0,739.8917950134135,3.7958455,40.354992,0.3205961835809422
3000.0,739.8923506319359,3.7959659,40.354992,0.3209301567866227
3000.0,739.8840115774649,3.7962468,40.367496,0.3212641295873916
3000.0,739.8906334470233,3.7964072,40.354992,0.3215981020179677
3000.0,739.8831587007712,3.7965274,40.354992,0.3219320744337606
3000.0,739.8914246381045,3.7966878,40.354992,0.3222660472214652
3000.0,739.8901571993744,3.7965677,40.392467,0.3226000194370723
3000.0,739.8832386195761,3.7967682,40.392467,0.3229339918889394
3000.0,739.8913213050079,3.7968884,40.392467,0.3232679646300014
3000.0,739.8835060130193,3.7968483,40.417439,0.3236019372025659
3000.0,739.8910676659325,3.7970088,40.392467,0.3239359098291401
3000.0,739.882342200366,3.7971292,40.317554,0.3242698818763768
3000.0,739.8911427641814,3.7974501,40.342525,0.3246038545368488
3000.0,739.8902779033228,3.7976105,40.30505,0.3249378268069394
3000.0,739.8830770480909,3.797771,40.417439,0.3252717991858755
3000.0,739.8908178230859,3.797771,40.342525,0.3256057716996754
3000.0,739.8832705892468,3.7977309,40.30505,0.3259397441659731
3000.0,739.8899943082968,3.7978511,40.404934,0.3262737163080543
3000.0,739.8894283138386,3.7979715,40.392467,0.3266076881946564
3000.0,739.8804738374806,3.7980919,40.379963,0.3269416593985414
3000.0,739.8899256429274,3.7983727,40.367496,0.3272756315096283
3000.0,739.8810510440493,3.7983325,40.367496,0.3276096029740559
3000.0,739.8885962780497,3.7984529,40.292583,0.327943574485093
3000.0,739.880012962942,3.7986534,40.367496,0.328277545480946
3000.0,739.8880805771252,3.7987738,40.280075,0.3286115167592056
3000.0,739.8879555152182,3.7990546,40.354992,0.3289454879810147
3000.0,739.8809867620461,3.7990146,40.354992,0.3292794594164264
3000.0,739.889474407803,3.7992551,40.292583,0.3296134313238344
3000.0,739.8811021061989,3.7994156,40.317554,0.3299474028113107
3000.0,739.8895834294105,3.7993755,40.379963,0.330281374767929
3000.0,739.8804964568501,3.7996564,40.330021,0.330615345982024
3000.0,739.8882636345041,3.7997766,40.330021,0.3309493173429123
3000.0,739.8874781447238,3.7998569,40.354992,0.3312832883492455
3000.0,739.8805507778178,3.8001375,40.367496,0.3316172595878602
3000.0,739.8873431339595,3.7999771,40.280075,0.3319512305332521
3000.0,739.8808568065193,3.8003383,40.342525,0.3322852019100037
3000.0,739.8864759300026,3.8003383,40.292583,0.3326191724639564
3000.0,739.8861075190082,3.8005788,40.342525,0.3329531428516155
3000.0,739.8809111893893,3.8004987,40.30505,0.3332871142529147
3000.0,739.8876883870582,3.8006992,40.367496,0.3336210853541473
3000.0,739.880416098386,3.8007793,40.354992,0.3339550565319697
3000.0,739.8890359898364,3.8006592,40.317554,0.3342890282414843
3000.0,739.8817813265639,3.8007793,40.267609,0.3346230000355507
3000.0,739.8886119152133,3.8012207,40.342525,0.3349569715536462
3000.0,739.8908468518244,3.8011806,40.230171,0.3352909440805491
3000.0,739.8827255237308,3.8012607,40.379963,0.3356249163008122
3000.0,739.890116097949,3.8015015,40.379963,0.3359588884978669
3000.0,739.882790171929,3.8014615,40.292583,0.3362928607473113
3000.0,739.8877497647775,3.801702,40.379963,0.3366268318762486
3000.0,739.8887066546639,3.8021033,40.342525,0.3369608034371076
3000.0,739.8820495134808,3.8021033,40.379963,0.3372947753522297
3000.0,739.8883031612446,3.8021433,40.30505,0.3376287467309595
3000.0,739.8806393762316,3.8021433,40.330021,0.3379627180095663
3000.0,739.8890461581674,3.8023438,40.267609,0.3382966897236706
3000.0,739.8801122915131,3.8025043,40.292583,0.3386306607643591
3000.0,739.8888418356865,3.8024642,40.242638,0.3389646323862362
3000.0,739.8882201772927,3.8026648,40.342525,0.3392986037275087
3000.0,739.8808854199654,3.8026648,40.267609,0.339632575117176
3000.0,739.8898379352278,3.8027451,40.342525,0.3399665471886733
3000.0,739.8813164358518,3.8031461,40.317554,0.3403005187728948
3000.0,739.8893197437635,3.8031061,40.280075,0.3406344906104905
3000.0,739.8886204850191,3.8031862,40.242638,0.3409684621324543
3000.0,739.8824600951963,3.803427,40.330021,0.3413024342329068
3000.0,739.8904595329466,3.8035071,40.292583,0.3416364065849815
3000.0,739.8825797478444,3.8035471,40.317554,0.3419703787394435
3000.0,739.8897594069488,3.803427,40.280075,0.3423043507754947
3000.0,739.8819809593051,3.8037479,40.30505,0.3426383226596724
3000.0,739.8896042910699,3.8040285,40.317554,0.3429722946257073
3000.0,739.8875327592788,3.8041089,40.280075,0.3433062656566925
3000.0,739.8817032626762,3.8042693,40.317554,0.3436402374155219
3000.0,739.8889201812243,3.8043094,40.342525,0.3439742090727628
3000.0,739.880616561333,3.8044298,40.317554,0.3443081803410712
3000.0,739.8893327809064,3.8047106,40.342525,0.3446421521845516
3000.0,739.8889189237274,3.8045502,40.367496,0.3449761238412248
3000.0,739.8808349197444,3.8048308,40.292583,0.345310095208097
3000.0,739.8892957935117,3.8049512,40.292583,0.345644067034882
3000.0,739.8809245676306,3.8049111,40.292583,0.3459780384422199
3000.0,739.8877172574074,3.8050315,40.30505,0.3463120095564841
3000.0,739.8813376027194,3.8052721,40.292583,0.34664598115026
3000.0,739.8879722999885,3.8054326,40.292583,0.3469799523796454
3000.0,739.8901120576901,3.8054726,40.330021,0.3473139245748765
3000.0,739.8817646028415,3.8056331,40.292583,0.347647896361394
3000.0,739.8894898378736,3.8057535,40.30505,0.3479818682757669
3000.0,739.8810490542774,3.8058739,40.317554,0.3483158397392963
3000.0,739.8892284101958,3.8057935,40.30505,0.3486498115356657
3000.0,739.8899246057226,3.805954,40.242638,0.3489837836462845
3000.0,739.8821256729294,3.8061547,40.292583,0.3493177555957837
3000.0,739.8878295379682,3.8061948,40.267609,0.3496517267607292
3000.0,739.8820198021659,3.8060744,40.280075,0.3499856986624399
3000.0,739.8891687294323,3.8065157,40.280075,0.3503196704318707
3000.0,739.8835292677816,3.8064756,40.330021,0.350653643014932
3000.0,739.8906740722574,3.8069971,40.242638,0.3509876154638456
3000.0,739.8906857913307,3.8067963,40.267609,0.351321587918049
3000.0,739.8834050129866,3.8069568,40.217667,0.3516555604450236
3000.0,739.8921434284672,3.8069568,40.267609,0.3519895335571764
3000.0,739.8838844051836,3.8069971,40.255142,0.3523235063005416
3000.0,739.8917459045259,3.8072777,40.280075,0.3526574792332597
3000.0,739.884030083152,3.8072376,40.217667,0.3529914520423818
3000.0,739.8916388846816,3.8076389,40.292583,0.3533254249267932
3000.0,739.8910084005829,3.8075585,40.280075,0.3536593975266162
3000.0,739.8843978059356,3.807719,40.292583,0.353993370501723
3000.0,739.891874945505,3.807719,40.30505,0.3543273434926877
3000.0,739.8844772248162,3.8079195,40.242638,0.3546613165036431
3000.0,739.8915256514313,3.80808,40.267609,0.3549952893369432
3000.0,739.8901264868791,3.8083608,40.2052,0.3553292615386872
3000.0,739.8829074564343,3.8083608,40.317554,0.3556632338410721
3000.0,739.8911157618647,3.8084412,40.280075,0.3559972064893559
3000.0,739.8843760775484,3.8083208,40.267609,0.3563311794546548
3000.0,739.891285489367,3.8083608,40.267609,0.3566651521795503
3000.0,739.8827914534579,3.8088422,40.230171,0.3569991244295732
3000.0,739.8906986456302,3.8086417,40.267609,0.3573330968895787
3000.0,739.8910670431185,3.8089225,40.217667,0.3576670695158718
3000.0,739.8839930594995,3.8092031,40.230171,0.358001042308282
3000.0,739.8897915479156,3.8093636,40.330021,0.3583350143588411
3000.0,739.8838122743912,3.8092835,40.267609,0.3586689870696475
3000.0,739.8905135488347,3.8093235,40.30505,0.3590029594461039
3000.0,739.890206296393,3.8097649,40.354992,0.3593369316838724
3000.0,739.8815490035286,3.8096044,40.280075,0.3596709033730716
3000.0,739.8884418825968,3.8096445,40.267609,0.3600048748144176
3000.0,739.8814792649235,3.8098049,40.30505,0.3603388464721377
3000.0,739.888973013285,3.8101659,40.267609,0.360672818153226
3000.0,739.8811691713454,3.8100858,40.280075,0.3610067896709744
3000.0,739.8882890985612,3.8102059,40.267609,0.3613407610433566
3000.0,739.8888196556508,3.8103263,40.267609,0.3616747326552222
3000.0,739.8820154194905,3.8103263,40.280075,0.3620087045549547
3000.0,739.8895095763804,3.8105671,40.242638,0.3623426764782371
3000.0,739.8827911239949,3.8106873,40.2052,0.3626766487281113
3000.0,739.8896919627533,3.8105671,40.255142,0.3630106207337195
3000.0,739.8892231001618,3.8108881,40.192696,0.3633445925276921
3000.0,739.8825105712704,3.811209,40.255142,0.3636785646509288
3000.0,739.8911966826621,3.811209,40.267609,0.3640125373357387
3000.0,739.881860305581,3.8110886,40.255142,0.3643465091654551
3000.0,739.8892993946187,3.8111286,40.280075,0.3646804809938656
3000.0,739.8814589035006,3.8114095,40.267609,0.3650144526423949
3000.0,739.8899910245824,3.8115699,40.2052,0.3653484247829938
3000.0,739.8901293918095,3.8115299,40.267609,0.3656823969860491
3000.0,739.8832316371107,3.8118105,40.242638,0.3660163694347644
3000.0,739.889700446202,3.8119309,40.267609,0.3663503414442019
3000.0,739.8819561305901,3.8120914,40.255142,0.3666843133171723
3000.0,739.8886340588238,3.8122118,40.255142,0.3670182848452629
3000.0,739.8890178133271,3.8122518,40.230171,0.367352256546573
3000.0,739.8819833400329,3.8123722,40.242638,0.3676862284318253
3000.0,739.8878326506056,3.8125727,40.255142,0.3680201995981756
3000.0,739.881336614126,3.8124523,40.180229,0.3683541711915054
3000.0,739.8891598309788,3.8127732,40.242638,0.3686881429569195
3000.0,739.8805699796745,3.8128135,40.192696,0.3690221142042016
3000.0,739.888701027135,3.8128135,40.317554,0.3693560857625205
3000.0,739.889435454866,3.8130541,40.267609,0.3696900576523459
3000.0,739.8820222554369,3.8133349,40.180229,0.3700240295551641
3000.0,739.8892398726538,3.8132546,40.230171,0.3703580013567075
3000.0,739.8810823307495,3.8132546,40.255142,0.3706919728352574
3000.0,739.8887727193986,3.8135355,40.230171,0.3710259444259368
3000.0,739.8896835030424,3.813736,40.30505,0.3713599164277264
3000.0,739.8841786296989,3.813736,40.242638,0.3716938893039003
3000.0,739.8912571078965,3.8138564,40.2052,0.372027862015985
3000.0,739.8820168842703,3.8139365,40.242638,0.3723618339163786
3000.0,739.8897064160894,3.8138564,40.267609,0.3726958059285108
3000.0,739.8839391288737,3.8140569,40.267609,0.3730297786965775
3000.0,739.890952162537,3.8140969,40.242638,0.3733637512710157
3000.0,739.8919701487663,3.8144178,40.180229,0.3736977243049533
3000.0,739.8830981050694,3.8144178,40.217667,0.3740316966933942
3000.0,739.8907842659258,3.8145382,40.255142,0.3743656691920471
3000.0,739.8838525081585,3.8145783,40.180229,0.3746996419210145
3000.0,739.8901914529155,3.814779,40.267609,0.375033614152083
3000.0,739.8896359928847,3.8150196,40.2052,0.3753675861324275
3000.0,739.8838129821225,3.8146586,40.230171,0.3757015588435534
3000.0,739.8883762938488,3.8149796,40.230171,0.3760355302552939
3000.0,739.8800025503787,3.8151,40.2052,0.3763695012464467
3000.0,739.888338000458,3.8153405,40.242638,0.3767034726409023
3000.0,739.8821946669688,3.8153806,40.255142,0.3770374446215445
3000.0,739.8903465556976,3.8155813,40.230171,0.3773714169226234
3000.0,739.89102804158,3.8157418,40.242638,0.3777053895313119
3000.0,739.8828844096839,3.8157015,40.280075,0.3780393618232939
3000.0,739.8903200423622,3.8158219,40.30505,0.3783733341124051
3000.0,739.882334424427,3.8157418,40.230171,0.3787073061561318
3000.0,739.8901838600488,3.8162632,40.192696,0.379041278383773
3000.0,739.8820010029293,3.8162231,40.267609,0.3793752502769981
3000.0,739.8886445939672,3.8161829,40.242638,0.3797092218098441
3000.0,739.8891953656525,3.8165038,40.255142,0.3800431935912979
3000.0,739.8823789187024,3.8166242,40.292583,0.3803771656551086
3000.0,739.8891622725079,3.8166642,40.242638,0.3807111374216247
3000.0,739.8820259176937,3.8165841,40.230171,0.381045109326096
3000.0,739.8914209390784,3.8168647,40.317554,0.3813790821121309
3000.0,739.8913344766999,3.8172259,40.230171,0.3817130548591384
3000.0,739.8838487973009,3.817266,40.255142,0.3820470275864308
3000.0,739.8901099945357,3.817306,40.230171,0.3823809997807305
3000.0,739.8836225408854,3.8171856,40.267609,0.382714972405894
3000.0,739.8911583893737,3.8174264,40.317554,0.3830489450734191
3000.0,739.8839208916681,3.8174264,40.230171,0.3833829178332538
3000.0,739.8915136031986,3.817667,40.2052,0.3837168906611155
3000.0,739.8912382723523,3.8178678,40.242638,0.3840508633646982
3000.0,739.8850373174229,3.8177474,40.2052,0.3843848366284711
3000.0,739.8917978941967,3.8178678,40.317554,0.3847188095846563
3000.0,739.8830399754282,3.8178678,40.292583,0.3850527819468583
3000.0,739.890665417834,3.8179479,40.255142,0.3853867543918655
3000.0,739.890200803106,3.8182688,40.192696,0.3857207266271544
3000.0,739.8845932274858,3.8183892,40.2052,0.3860546996904717
3000.0,739.8910051656746,3.8183088,40.230171,0.3863886722888345
3000.0,739.8824877808257,3.8185096,40.2052,0.3867226444017839
3000.0,739.8903887558214,3.8188705,40.217667,0.3870566167219111
3000.0,739.883458125378,3.8188705,40.267609,0.3873905892728599
3000.0,739.8907394536055,3.8188305,40.242638,0.3877245617512854
3000.0,739.8910614310396,3.8188305,40.167725,0.3880585343750453
3000.0,739.8818961333443,3.8192716,40.230171,0.3883925062209338
3000.0,739.8902122411099,3.8191514,40.267609,0.3887264784613856
3000.0,739.8823833989891,3.8192716,40.242638,0.3890604505272186
3000.0,739.8895591738398,3.8192716,40.255142,0.3893944224728885
3000.0,739.8914314619437,3.8192716,40.280075,0.3897283952636732
3000.0,739.8832551841946,3.8197932,40.255142,0.3900623677230174
3000.0,739.8909287491515,3.8197529,40.255142,0.3903963402868872
3000.0,739.8835069897439,3.8198333,40.217667,0.3907303128598926
3000.0,739.8905228998439,3.8197129,40.242638,0.3910642852405699
3000.0,739.882669640372,3.8199134,40.192696,0.3913982574356081
3000.0,739.8907572636092,3.8202343,40.230171,0.3917322299220727
3000.0,739.8913762981421,3.8203547,40.242638,0.3920662026879575
3000.0,739.8823851442216,3.8201542,40.30505,0.3924001747545783
3000.0,739.8904948726008,3.8203948,40.217667,0.3927341471226046
3000.0,739.8837067445502,3.8204348,40.242638,0.3930681197857765
3000.0,739.8911584134186,3.820796,40.192696,0.3934020924533123
3000.0,739.8902087746544,3.8208761,40.230171,0.3937360646921995
3000.0,739.8820409566532,3.8209965,40.2052,0.3940700366034591
3000.0,739.8905797481185,3.8209565,40.280075,0.3944040090097965
3000.0,739.882878123081,3.8209565,40.292583,0.3947379812989408
3000.0,739.8901331883453,3.8212774,40.242638,0.3950719535037097
3000.0,739.8832920491523,3.821157,40.292583,0.3954059259796942
3000.0,739.892376779482,3.8213575,40.242638,0.3957398991971771
3000.0,739.8921625449785,3.8213174,40.217667,0.3960738723179587
3000.0,739.8833562947303,3.8216784,40.330021,0.3964078448229426
3000.0,739.8927241936541,3.8216383,40.267609,0.3967418181972417
3000.0,739.8835264354236,3.8218389,40.242638,0.3970757907790246
3000.0,739.8904668569197,3.8217185,40.267609,0.3974097631344052
3000.0,739.8919941237792,3.8218789,40.217667,0.3977437361791646
3000.0,739.88386260323,3.8221598,40.230171,0.3980777089126888
3000.0,739.8916521539857,3.8220797,40.255142,0.3984116818030897
3000.0,739.8857513521968,3.8221197,40.242638,0.3987456553891674
3000.0,739.8921362751615,3.8224006,40.242638,0.3990796284980913
3000.0,739.8849911624291,3.8226011,40.230171,0.3994136017410306
3000.0,739.8900613373853,3.8228016,40.267609,0.3997475739133674
3000.0,739.8892815356043,3.8228416,40.2052,0.4000815457337167
3000.0,739.8815604410081,3.8228819,40.255142,0.4004155174280785
3000.0,739.8891234048023,3.8228819,40.217667,0.4007494891770506
3000.0,739.8811616521214,3.822922,40.255142,0.401083460691405
3000.0,739.8886281382539,3.8232028,40.255142,0.4014174322168232
3000.0,739.8885913096578,3.823283,40.255142,0.4017514037256178
3000.0,739.8810942081949,3.8234034,40.267609,0.402085375209529
3000.0,739.889113492575,3.8235235,40.230171,0.4024193469540268
3000.0,739.8827636216165,3.8236439,40.292583,0.4027533191914868
3000.0,739.8899887051195,3.8236439,40.217667,0.4030872913310388
3000.0,739.8826018794655,3.8238847,40.217667,0.4034212634954907
3000.0,739.8892382000498,3.8237643,40.267609,0.4037552352962791
3000.0,739.890190244327,3.8238444,40.267609,0.4040892075268021
3000.0,739.881850796585,3.8241253,40.267609,0.4044231793522262
3000.0,739.8892205854748,3.8241253,40.2052,0.4047571511450638
3000.0,739.88197691878,3.8244061,40.230171,0.4050911230274176
3000.0,739.8897853957985,3.8241653,40.192696,0.4054250950751997
3000.0,739.8821294449731,3.8243258,40.217667,0.4057590670264016
3000.0,739.8898313796681,3.8244061,40.280075,0.4060930390949399
3000.0,739.8890428136758,3.8248875,40.230171,0.4064270108075347
3000.0,739.8810582587759,3.824687,40.2052,0.4067609822752188
3000.0,739.8896853707681,3.8246467,40.230171,0.4070949542778515
3000.0,739.8814399703302,3.8249276,40.242638,0.4074289259178347
3000.0,739.8904569571754,3.8248475,40.292583,0.4077628982687467
3000.0,739.8898025223133,3.825088,40.230171,0.4080968703242593
3000.0,739.8816277015812,3.8252485,40.342525,0.4084308420489816
3000.0,739.8900396454097,3.8252485,40.280075,0.4087648142115271
3000.0,739.8829118877107,3.8249676,40.192696,0.4090987865159122
3000.0,739.8892293623737,3.8255293,40.217667,0.4094327583127115
3000.0,739.8810099797694,3.8255694,40.267609,0.4097667297586032
3000.0,739.8891374185772,3.8257298,40.255142,0.4101007015139009
3000.0,739.8889368193719,3.8256497,40.230171,0.4104346731786518
3000.0,739.8832173185699,3.8259304,40.292583,0.4107686456209039
3000.0,739.8903924422622,3.8260508,40.2052,0.4111026179426951
3000.0,739.8840926685234,3.8258903,40.267609,0.4114365907800674
3000.0,739.8899706262223,3.8260908,40.280075,0.4117705629114589
3000.0,739.8911584864742,3.8263717,40.242638,0.4121045355790278
3000.0,739.8826644036509,3.8263717,40.255142,0.4124385077717022
3000.0,739.8911303980445,3.826452,40.255142,0.4127724804265925
3000.0,739.8842601238891,3.8265321,40.230171,0.4131064533395516
3000.0,739.8901674652151,3.8266926,40.280075,0.4134404255597925
3000.0,739.8807483970495,3.8268931,40.242638,0.4137743968876097
3000.0,739.8886842179105,3.826813,40.2052,0.4141083684383412
3000.0,739.88751308114,3.8267326,40.192696,0.414442339460444
3000.0,739.8802316022154,3.8270936,40.192696,0.4147763105549875
3000.0,739.8881938221421,3.8269734,40.242638,0.4151102818843638
3000.0,739.8804182709997,3.827214,40.317554,0.4154442530631669
3000.0,739.8891305462388,3.8272541,40.354992,0.4157782248153625
3000.0,739.8897226268518,3.8275349,40.267609,0.4161121968348118
3000.0,739.8817758457128,3.8274548,40.280075,0.4164461686264042
3000.0,739.8884755374712,3.8274949,40.217667,0.4167801400829413
3000.0,739.8804368259017,3.8276553,40.30505,0.4171141112701198
3000.0,739.8883250360636,3.8278558,40.267609,0.4174480826587236
3000.0,739.8814829758835,3.8279362,40.30505,0.4177820543181188
3000.0,739.8901869603056,3.8278558,40.255142,0.4181160265471594
3000.0,739.8885143563708,3.8282571,40.292583,0.4184499980212187
3000.0,739.882068153818,3.8281767,40.230171,0.4187839699447547
3000.0,739.8899844814033,3.8283372,40.242638,0.4191179420824001
3000.0,739.8829862769612,3.8283772,40.280075,0.4194519144203635
3000.0,739.8895585147027,3.8283372,40.267609,0.4197858863657358
3000.0,739.8928512203871,3.8286982,40.192696,0.4201198597973722
3000.0,739.8849981939047,3.828578,40.267609,0.4204538330434854
3000.0,739.8910880760592,3.8287385,40.217667,0.4207878056792724
3000.0,739.8841907023666,3.8287785,40.342525,0.4211217785608956
3000.0,739.8918173403789,3.8290191,40.230171,0.4214557515258585
3000.0,739.8838378354963,3.828979,40.217667,0.4217897242482029
3000.0,739.8910794581636,3.8291795,40.242638,0.4221236968800999
3000.0,739.8907927374033,3.8292198,40.280075,0.4224576693825766
3000.0,739.8836567450719,3.8290191,40.292583,0.4227916420231794
3000.0,739.8888275537341,3.8292999,40.292583,0.42312561363861
3000.0,739.8820797990023,3.8295808,40.255142,0.4234595855674024
3000.0,739.8886165664172,3.8297012,40.30505,0.4237935570875973
3000.0,739.8901175871978,3.8297012,40.30505,0.4241275292853242
3000.0,739.8832947350936,3.8297012,40.255142,0.424461501762521
3000.0,739.8905630613696,3.8299818,40.242638,0.4247954741613264
3000.0,739.8828713727744,3.8299017,40.242638,0.4251294464474237
3000.0,739.891128029878,3.8300221,40.292583,0.4254634191012451
3000.0,739.8840054005465,3.8301423,40.280075,0.4257973918992258
3000.0,739.890705310364,3.8303428,40.317554,0.4261313643622397
3000.0,739.8920740919893,3.8303831,40.255142,0.4264653374430953
3000.0,739.8832681848836,3.8305032,40.292583,0.4267993099083077
3000.0,739.8907854989685,3.830704,40.280075,0.4271332824075172
3000.0,739.8840763230694,3.8305836,40.280075,0.4274672552375114
3000.0,739.8903897207891,3.830704,40.280075,0.4278012275580741
3000.0,739.8819072533321,3.8307841,40.342525,0.428135199408982
3000.0,739.8898462115835,3.8308644,40.180229,0.4284691714842151
3000.0,739.8917423765768,3.831105,40.292583,0.4288031444153408
3000.0,739.8840683764645,3.8313458,40.292583,0.429137117241748
3000.0,739.8909452898916,3.8312254,40.2052,0.429471089813084
3000.0,739.8839181448477,3.831105,40.242638,0.4298050625716788
3000.0,739.8911397854791,3.8315063,40.30505,0.4301390352308064
3000.0,739.8919003853126,3.8313859,40.280075,0.4304730082332542
3000.0,739.8846152730576,3.8315864,40.255142,0.4308069813065224
3000.0,739.891332218526,3.8316264,40.330021,0.4311409540525106
3000.0,739.8848797861558,3.8315063,40.280075,0.4314749272451763
3000.0,739.8913477940938,3.8317468,40.280075,0.4318088999981949
3000.0,739.8836793278116,3.8319473,40.342525,0.4321428726489912
3000.0,739.8921802456035,3.8322682,40.242638,0.4324768457777626
3000.0,739.8920313551017,3.8319473,40.317554,0.4328108188393276
3000.0,739.8844285310139,3.8323486,40.255142,0.4331447918283032
3000.0,739.8922737518067,3.8323085,40.30505,0.4334787649992814
3000.0,739.8853192493898,3.832469,40.330021,0.4338127383903143
3000.0,739.8922694669038,3.8323886,40.2052,0.4341467115593584
3000.0,739.8930176030908,3.8327096,40.280075,0.4344806850660969
3000.0,739.8841023359071,3.83283,40.292583,0.4348146579078328
3000.0,739.8927025627628,3.8329504,40.30505,0.4351486312723681
3000.0,739.8858947229016,3.8329504,40.292583,0.4354826049231613
3000.0,739.8920421462467,3.8330705,40.342525,0.4358165779895972
3000.0,739.8840172538451,3.833231,40.292583,0.4361505507929284
3000.0,739.8914191570958,3.8329504,40.292583,0.436484523578159
3000.0,739.8901625947423,3.8334718,40.342525,0.4368184957962014
3000.0,739.8834033893073,3.8334317,40.292583,0.4371524683224431
3000.0,739.8914698044475,3.8336723,40.354992,0.437486441130535
3000.0,739.8836276189119,3.8336723,40.292583,0.4378204137579906
3000.0,739.8913990766399,3.8338728,40.30505,0.4381543865341573
3000.0,739.8905497918608,3.8338327,40.280075,0.4384883589269731
3000.0,739.8832578090523,3.8338327,40.230171,0.438822331387502
3000.0,739.8915504322041,3.8340333,40.317554,0.4391563042319876
3000.0,739.8833380085146,3.8339932,40.354992,0.4394902767287174
3000.0,739.8894102350436,3.8343542,40.404934,0.4398242486071591
3000.0,739.8832742637816,3.8343141,40.267609,0.4401582210751155
3000.0,739.8900219693411,3.8341537,40.330021,0.4404921932296823
3000.0,739.8910568017319,3.834595,40.330021,0.4408261658513526
3000.0,739.8829097756692,3.834595,40.30505,0.4411601381547844
3000.0,739.8898034746959,3.834635,40.242638,0.441494110210727
3000.0,739.8826343862016,3.8348355,40.317554,0.4418280823898519
3000.0,739.8897186598531,3.8348355,40.330021,0.4421620544075107
3000.0,739.8920488597865,3.834996,40.342525,0.4424960274769769
3000.0,739.8834983231295,3.8350763,40.354992,0.4428300000460705
3000.0,739.8900143152878,3.8351164,40.317554,0.4431639721971824
3000.0,739.8832559051249,3.8354373,40.330021,0.4434979446568519
3000.0,739.8887388200849,3.8351164,40.342525,0.4438319162322298
3000.0,739.8829176005161,3.8353972,40.317554,0.4441658885391936
3000.0,739.8894476126819,3.8356378,40.317554,0.4444998604345068
3000.0,739.8896946116823,3.835357,40.354992,0.4448338324413107
3000.0,739.8816344279455,3.8356779,40.292583,0.4451678041690692
3000.0,739.8904547109727,3.8359187,40.367496,0.4455017765189673
3000.0,739.8815585491542,3.8355978,40.354992,0.4458357482124752
3000.0,739.8888399318423,3.8357983,40.292583,0.446169719833493
3000.0,739.8883312860996,3.8360391,40.280075,0.4465036912249179
3000.0,739.8814043384028,3.8362396,40.342525,0.4468376628488174
3000.0,739.888075352425,3.8361592,40.330021,0.4471716341247186
3000.0,739.8814546680603,3.8362796,40.30505,0.4475056057713362
3000.0,739.8905720330832,3.8364,40.367496,0.4478395781741912
3000.0,739.8830922821702,3.8364401,40.292583,0.4481735505600037
3000.0,739.8899108238019,3.8367209,40.30505,0.4485075226644016
3000.0,739.8902667826093,3.8370016,40.392467,0.4488414949294724
3000.0,739.8816718297642,3.8370016,40.267609,0.4491754666741136
3000.0,739.8898487022255,3.8372023,40.292583,0.449509438750471
3000.0,739.8829233986543,3.8372023,40.280075,0.449843411060052
3000.0,739.8898224928789,3.8372824,40.379963,0.4501773831245789
3000.0,739.8912442174786,3.8373628,40.342525,0.4505113558308451
3000.0,739.8836809145541,3.8373225,40.379963,0.4508453284823577
3000.0,739.8921083210764,3.8374829,40.330021,0.4511793015786636
3000.0,739.88285265928,3.8374028,40.367496,0.4515132738563139
3000.0,739.8909735370177,3.8376033,40.330021,0.4518472464404001
3000.0,739.8848110368605,3.8378038,40.342525,0.4521812196020333
3000.0,739.8910772362105,3.8378038,40.379963,0.4525151922329274
3000.0,739.8906732420435,3.8380046,40.30505,0.4528491646814662
3000.0,739.8837161439637,3.8381248,40.317554,0.4531831373488808
3000.0,739.8918846505369,3.8382051,40.30505,0.4535171103442262
3000.0,739.8840877609582,3.8384056,40.292583,0.4538510831793833
3000.0,739.8906769899777,3.8383656,40.379963,0.4541850556296138
3000.0,739.8825420041824,3.838486,40.367496,0.4545190277670389
3000.0,739.8903649277381,3.8390474,40.354992,0.4548530000764106
3000.0,739.8897511671208,3.8387666,40.30505,0.4551869721087425
3000.0,739.8803545997307,3.8387666,40.354992,0.4555209432588053
3000.0,739.8889029812447,3.838887,40.354992,0.4558549149082824
3000.0,739.8809968453511,3.8391278,40.404934,0.4561888863482454
3000.0,739.886912418443,3.8391278,40.392467,0.4565228570992207
3000.0,739.8879278176461,3.8393683,40.367496,0.4568568283085276
3000.0,739.8811017152431,3.8392882,40.354992,0.4571907997958274
3000.0,739.8887351947284,3.8394887,40.442413,0.4575247713695689
3000.0,739.8816501259332,3.8396893,40.379963,0.4578587431044132
3000.0,739.8895186218658,3.8395288,40.379963,0.4581927150317786
3000.0,739.8803160988157,3.8396893,40.354992,0.4585266861644627
3000.0,739.887448261317,3.8398097,40.367496,0.4588606571573071
3000.0,739.887670382342,3.8398497,40.417439,0.4591946282504127
3000.0,739.879618066936,3.8399701,40.404934,0.4595285990680154
3000.0,739.8887676539064,3.8400102,40.342525,0.4598625706564083
3000.0,739.8806495443579,3.8399301,40.367496,0.4601965419396048
3000.0,739.8892573776454,3.8404112,40.330021,0.4605305137490496
3000.0,739.8875167190816,3.8404915,40.367496,0.4608644847727945
3000.0,739.8800770617966,3.8405716,40.417439,0.4611984557975808
3000.0,739.8877893032845,3.8406119,40.404934,0.461532426944365
3000.0,739.881318242782,3.8409729,40.367496,0.4618663985294022
3000.0,739.8882821407867,3.8409328,40.379963,0.4622003698986438
3000.0,739.8806339317032,3.841013,40.379963,0.462534341174793
3000.0,739.888381786931,3.8410933,40.404934,0.4628683125890129
3000.0,739.8887659079398,3.8410933,40.404934,0.4632022841766177
3000.0,739.8823950686274,3.8412538,40.417439,0.4635362562477183
3000.0,739.8899528647175,3.8416147,40.429905,0.4638702283710926
3000.0,739.8828786238238,3.8416948,40.392467,0.4642042006604629
3000.0,739.8902294898955,3.8414943,40.354992,0.4645381729087005
3000.0,739.8891858566633,3.8417752,40.442413,0.4648721446858622
3000.0,739.8821125015745,3.8417752,40.417439,0.4652061166294161
3000.0,739.8900127528811,3.8420157,40.379963,0.4655400887798228
3000.0,739.8812124939811,3.8420961,40.404934,0.4658740603171264
3000.0,739.8887619768551,3.8419356,40.404934,0.4662080319029569
3000.0,739.8807932693888,3.8424571,40.429905,0.4665420032510287
3000.0,739.8884341677661,3.8420157,40.417439,0.4668759746888924
3000.0,739.8886749406731,3.8424571,40.330021,0.4672099462354364
3000.0,739.880373728021,3.8423367,40.404934,0.4675439173941333
3000.0,739.8874446848689,3.8426979,40.417439,0.4678778883853635
3000.0,739.882206544005,3.8424971,40.379963,0.4682118603713667
3000.0,739.8886588027617,3.8429785,40.442413,0.4685458319106264
3000.0,739.8884269166439,3.8429785,40.392467,0.468879803345217
3000.0,739.8805532441855,3.8430588,40.354992,0.469213774584945
3000.0,739.8884525270167,3.8430188,40.45488,0.4695477460310957
3000.0,739.8813038872022,3.8432193,40.429905,0.4698817176096529
3000.0,739.8883974245039,3.8432193,40.392467,0.4702156890309314
3000.0,739.8799850213138,3.8434598,40.45488,0.4705496600141719
3000.0,739.888429919698,3.8439012,40.367496,0.4708836314501181
3000.0,739.8883493895535,3.8434198,40.429905,0.4712176028497145
3000.0,739.8817324740669,3.8437808,40.442413,0.4715515746217296
3000.0,739.8891732708482,3.8438208,40.442413,0.4718855463932102
3000.0,739.8821658334373,3.8440216,40.379963,0.4722195183608373
3000.0,739.8899118862793,3.8439412,40.45488,0.4725534904657148
3000.0,739.8898784258105,3.8440216,40.492313,0.4728874625554888
3000.0,739.8808097857133,3.8443425,40.417439,0.4732214339110159
3000.0,739.8889274808456,3.8443825,40.404934,0.4735554055715517
3000.0,739.8821000748877,3.8445029,40.442413,0.4738893775094964
3000.0,739.8908322397918,3.844543,40.467346,0.4742233500298037
3000.0,739.8816321691804,3.8447034,40.417439,0.4745573217565426
3000.0,739.8911724640284,3.8449039,40.467346,0.4748912944304207
3000.0,739.8910219016389,3.8449843,40.417439,0.4752252670363378
3000.0,739.8828458846218,3.8448639,40.404934,0.4755592393109301
3000.0,739.8905789422564,3.8449843,40.429905,0.4758932117169038
3000.0,739.883502583433,3.8451848,40.442413,0.4762271842879202
3000.0,739.8885923471696,3.8450644,40.404934,0.4765611557971831
3000.0,739.8897726517987,3.8454657,40.492313,0.4768951278392128
3000.0,739.8826085444391,3.8455458,40.467346,0.4772291000066732
3000.0,739.8877660969921,3.8457062,40.492313,0.4775630711429826
3000.0,739.8810992133712,3.8458266,40.429905,0.477897042629153
3000.0,739.8889466463676,3.8459067,40.467346,0.4782310142983397
3000.0,739.8800065786257,3.8461876,40.45488,0.4785649852913108
3000.0,739.8897476270981,3.8459871,40.479847,0.4788989573220449
3000.0,739.890103060806,3.8463881,40.417439,0.4792329295132148
3000.0,739.8824616946263,3.846308,40.467346,0.4795669016143894
3000.0,739.8894099174463,3.846348,40.404934,0.4799008734926877
3000.0,739.8820192889405,3.8467493,40.442413,0.4802348453941669
3000.0,739.8888835601306,3.8465486,40.45488,0.4805688170348776
3000.0,739.8798193845425,3.8467493,40.467346,0.4809027879433521
3000.0,739.8868089515136,3.8468695,40.45488,0.4812367586476244
3000.0,739.8868937665609,3.8468695,40.479847,0.4815707293901805
3000.0,739.8798397095403,3.8469899,40.479847,0.4819047003078294
3000.0,739.8882365223996,3.8472304,40.467346,0.4822386716564797
3000.0,739.8804421114284,3.8472707,40.492313,0.482572642846044
3000.0,739.8882298209335,3.8472304,40.479847,0.4829066141916695
3000.0,739.8876051840421,3.8475113,40.442413,0.4832405852553458
3000.0,739.8807277177256,3.8475916,40.504822,0.4835745565738286
3000.0,739.8882152945416,3.8475916,40.479847,0.4839085279128971
3000.0,739.8792900784049,3.8479526,40.392467,0.4842424985824506
3000.0,739.8867834993254,3.8477921,40.479847,0.4845764692752342
3000.0,739.8796509287145,3.8478723,40.442413,0.4849104401076702
3000.0,739.8847234420658,3.8481531,40.504822,0.4852444098705835
3000.0,739.8868559489522,3.8482335,40.492313,0.4855783805960695
3000.0,739.8785976742023,3.848474,40.467346,0.4859123509530819
3000.0,739.887173601886,3.8487148,40.404934,0.4862463218219503
3000.0,739.8795129895437,3.8486745,40.479847,0.4865802925921226
3000.0,739.8875783161723,3.8487549,40.429905,0.4869142636436713
3000.0,739.8863668223449,3.8488753,40.467346,0.4872482341483749
3000.0,739.879998827243,3.8489153,40.492313,0.4875822051378473
3000.0,739.88885790044,3.8490758,40.517288,0.4879161767669757
3000.0,739.8809140944951,3.8491962,40.529793,0.4882501481695862
3000.0,739.8885785652487,3.8490758,40.479847,0.4885841196726282
3000.0,739.8800768057977,3.8494368,40.479847,0.4889180906972988
3000.0,739.8879815650499,3.8495572,40.45488,0.4892520619308663
3000.0,739.887878854665,3.8494368,40.517288,0.4895860331180723
3000.0,739.8792454007761,3.8495572,40.504822,0.489920003767459
3000.0,739.8861463625666,3.8499181,40.479847,0.4902539741726513
3000.0,739.877466209488,3.8499582,40.417439,0.490587944018937
3000.0,739.8871815240144,3.8499985,40.467346,0.4909219148913814
3000.0,739.8867384312083,3.8501589,40.504822,0.4912558855638221
3000.0,739.8781406327909,3.850239,40.45488,0.4915898557145327
3000.0,739.8857463966871,3.8506,40.517288,0.4919238259391881
3000.0,739.8788596608723,3.8502791,40.45488,0.4922577964144574
3000.0,739.8858624246706,3.8505599,40.517288,0.4925917666914856
3000.0,739.8797259527439,3.8505199,40.504822,0.4929257375577864
3000.0,739.8864914205435,3.8509209,40.592201,0.4932597081187312
3000.0,739.886018554221,3.8511214,40.492313,0.4935936784662333
3000.0,739.8786620778611,3.8510814,40.492313,0.4939276488523165
3000.0,739.8875620562969,3.8513622,40.467346,0.4942616198965258
3000.0,739.8797924563709,3.8511617,40.517288,0.4945955907928454
3000.0,739.8871919367848,3.8517232,40.45488,0.4949295616699898
3000.0,739.8877648892221,3.8516431,40.492313,0.495263532805754
3000.0,739.8809123121212,3.8518436,40.579735,0.49559750420756
3000.0,739.8895503109932,3.8518436,40.56723,0.4959314761492293
3000.0,739.8815714158071,3.8518436,40.554764,0.496265447848545
3000.0,739.8873860542022,3.8518836,40.492313,0.4965994188133104
3000.0,739.8800016956168,3.8522849,40.492313,0.4969333898040774
3000.0,739.8886992084199,3.8522849,40.504822,0.4972673613615754
3000.0,739.888903188747,3.8522849,40.554764,0.4976013330111461
3000.0,739.8807773272712,3.8524454,40.529793,0.4979353043520219
3000.0,739.8880413920269,3.8526058,40.529793,0.4982692756125941
3000.0,739.880404087109,3.8526058,40.492313,0.4986032467849948
3000.0,739.8862587529153,3.8528063,40.479847,0.498937217240918
3000.0,739.887300848502,3.8530469,40.529793,0.4992711881672231
3000.0,739.8794566301009,3.8529267,40.617176,0.4996051589119556
3000.0,739.8872396424736,3.8531272,40.542259,0.4999391298106335
3000.0,739.8797435425855,3.8533278,40.479847,0.5002731006848741
3000.0,739.8865959251893,3.8533278,40.479847,0.5006070712929903
3000.0,739.8797888920323,3.8536086,40.554764,0.500941042187701
3000.0,739.8873409736022,3.8540096,40.542259,0.5012750131321178
3000.0,739.8883400020165,3.8538492,40.517288,0.5016089845274768
3000.0,739.8805587977846,3.8539295,40.60471,0.5019429557697116
3000.0,739.8875501545847,3.8542504,40.529793,0.5022769268085487
3000.0,739.8805505215121,3.85409,40.529793,0.5026108980470477
3000.0,739.8869614303323,3.8543706,40.592201,0.502944868820146
3000.0,739.8797122317384,3.8542504,40.592201,0.5032788396802532
3000.0,739.8854175130471,3.8547318,40.554764,0.503612809756457
3000.0,739.8859231557356,3.854531,40.492313,0.503946780060898
3000.0,739.8778897676433,3.8547719,40.554764,0.5042807500983717
3000.0,739.8852321968802,3.8545713,40.60471,0.5046147200909271
3000.0,739.8794973406685,3.8547719,40.579735,0.5049486908540357
3000.0,739.8849079276093,3.8549323,40.529793,0.5052826607002223
3000.0,739.8853040117218,3.8552532,40.56723,0.5056166307251936
3000.0,739.8776402934024,3.8552532,40.542259,0.5059506006500583
3000.0,739.8856892187415,3.8556142,40.529793,0.5062845708489047
3000.0,739.878191364966,3.8554137,40.629677,0.506618541022515
3000.0,739.8843219993181,3.8556142,40.60471,0.5069525106042247
3000.0,739.8773718623555,3.8557746,40.629677,0.5072864804079236
3000.0,739.8858226059125,3.8561356,40.642143,0.5076204506669784
3000.0,739.8876398273152,3.8563364,40.56723,0.507954421746292
3000.0,739.879583265419,3.8562961,40.579735,0.5082883925481858
3000.0,739.887305548205,3.8560555,40.617176,0.5086223634766123
3000.0,739.879173635974,3.8565769,40.592201,0.5089563340936053
3000.0,739.8851176946733,3.8564968,40.56723,0.5092903040344767
3000.0,739.887323675806,3.8566973,40.579735,0.5096242749710856
3000.0,739.8809618844231,3.856617,40.554764,0.5099582463952679
3000.0,739.8874509228312,3.8567774,40.617176,0.5102922173893136
3000.0,739.8783793524206,3.8569379,40.617176,0.5106261876477788
3000.0,739.8872073179471,3.8570182,40.592201,0.5109601585318659
3000.0,739.8791693511142,3.8571787,40.579735,0.5112941291469248
3000.0,739.8872240417354,3.8572588,40.592201,0.511628100038561
3000.0,739.8868026157344,3.8574593,40.60471,0.5119620707399734
3000.0,739.8791185579578,3.8575797,40.679585,0.5122960413321049
3000.0,739.8865828637969,3.8575397,40.56723,0.5126300119343256
3000.0,739.8770997319107,3.858021,40.642143,0.5129639816151887
3000.0,739.8852415969001,3.857981,40.60471,0.5132979516119872
3000.0,739.8857118385431,3.8581011,40.654652,0.5136319218210437
3000.0,739.8770002085267,3.8582215,40.60471,0.5139658914569835
3000.0,739.8858573590759,3.8581011,40.629677,0.5142998617317251
3000.0,739.8785214051713,3.858382,40.56723,0.5146338320543108
3000.0,739.8863971451083,3.8585024,40.592201,0.5149678025727016
3000.0,739.8783435735651,3.858743,40.554764,0.5153017728150165
3000.0,739.8858238630002,3.8587832,40.629677,0.5156357430746388
3000.0,739.8863658947236,3.8588233,40.592201,0.5159697135789237
3000.0,739.8793667992707,3.8591442,40.654652,0.5163036842831078
3000.0,739.8856533298405,3.8593848,40.617176,0.5166376544657547
3000.0,739.8786360895798,3.8592243,40.56723,0.5169716248401072
3000.0,739.8864889055496,3.8591442,40.629677,0.5173055953999168
3000.0,739.8859144885224,3.8596656,40.642143,0.5176395657004457
3000.0,739.8790077921118,3.859746,40.629677,0.5179735362425792
3000.0,739.8861293700894,3.859746,40.654652,0.5183075066401015
3000.0,739.8790820223606,3.8599465,40.579735,0.5186414772157415
3000.0,739.8871670225884,3.8599465,40.629677,0.5189754480816401
3000.0,739.8775535261682,3.8601069,40.56723,0.5193094179673393
3000.0,739.8856034515162,3.8601871,40.617176,0.519643388127472
3000.0,739.8847484786354,3.8603075,40.654652,0.5199773579016864
3000.0,739.877916000464,3.8603475,40.56723,0.5203113279510012
3000.0,739.8856575410739,3.8606284,40.642143,0.5206452981355489
3000.0,739.8779500575176,3.8608689,40.654652,0.5209792682002365
3000.0,739.8865556056835,3.8611498,40.692089,0.5213132387901533
3000.0,739.8877292321752,3.8610697,40.617176,0.5216472099098227
3000.0,739.8799566033967,3.8610697,40.617176,0.5219811808802357
3000.0,739.8853465896061,3.8612301,40.60471,0.5223151509244259
3000.0,739.8775145983836,3.8611898,40.617176,0.5226491207925537
3000.0,739.8847321459092,3.8614707,40.642143,0.5229830905593957
3000.0,739.8770803961202,3.8617516,40.642143,0.523317060231531
3000.0,739.8858151593615,3.8617516,40.642143,0.5236510304872246
3000.0,739.8856364229016,3.8619921,40.679585,0.52398500066224
3000.0,739.8767881489963,3.8619521,40.692089,0.5243189702024591
3000.0,739.8837663080469,3.8621929,40.60471,0.5246529395333405
3000.0,739.8780046347912,3.8621125,40.679585,0.5249869096226636
3000.0,739.8862537607855,3.8621929,40.617176,0.5253208800763334
3000.0,739.8854723961886,3.8624735,40.654652,0.5256548501773102
3000.0,739.8778137910363,3.8629148,40.679585,0.5259888201804892
3000.0,739.8863149666093,3.8625939,40.617176,0.5263227906617861
3000.0,739.8786041562319,3.8625939,40.617176,0.5266567610217244
3000.0,739.8860500972371,3.8630352,40.667118,0.5269907313834644
3000.0,739.8784473576618,3.8631153,40.642143,0.527324701672626
3000.0,739.8873365051396,3.8632357,40.679585,0.5276586726150259
3000.0,739.8861261110338,3.8633161,40.692089,0.5279926430110771
3000.0,739.8798735838545,3.8634765,40.642143,0.5283266139440164
3000.0,739.8855423551734,3.8635566,40.679585,0.5286605840765713
3000.0,739.8790997591304,3.8639176,40.629677,0.5289945546602175
3000.0,739.8866786165096,3.8638375,40.654652,0.529328525305659
3000.0,739.8782576121849,3.8641181,40.579735,0.5296624955091723
3000.0,739.8878972873804,3.8643188,40.642143,0.5299964667046985
3000.0,739.888637770128,3.864439,40.629677,0.5303304382344644
3000.0,739.879892614329,3.864439,40.60471,0.5306644091759938
3000.0,739.8881176376777,3.864439,40.692089,0.5309983804709818
3000.0,739.8788103318818,3.8645995,40.692089,0.5313323509239847
3000.0,739.88719429298,3.8649204,40.629677,0.5316663218021928
3000.0,739.8879748265445,3.8648803,40.642143,0.5320002930327186
3000.0,739.8807327720143,3.8654017,40.592201,0.5323342643534829
3000.0,739.8893432543518,3.8651612,40.704556,0.5326682362016907
3000.0,739.8811696110045,3.8652012,40.692089,0.5330022077196377
3000.0,739.8881015609529,3.8652413,40.679585,0.533336179007369
3000.0,739.8806770956442,3.8656425,40.704556,0.5336701503030017
3000.0,739.888146934389,3.865803,40.71706,0.5340041216112138
3000.0,739.8875551352548,3.8659234,40.642143,0.534338092652299
3000.0,739.8809340034693,3.8661239,40.791973,0.5346720640638962
3000.0,739.8889398953792,3.866204,40.692089,0.5350060357300356
3000.0,739.8812820736867,3.866164,40.629677,0.5353400072987465
3000.0,739.8879111787822,3.8663645,40.729527,0.535673978500543
3000.0,739.8883034539784,3.8666053,40.729527,0.536007949879405
3000.0,739.8806688684842,3.8667657,40.679585,0.5363419211713242
3000.0,739.88591105839,3.8668058,40.729527,0.5366758914703047
3000.0,739.8799761221312,3.8670063,40.71706,0.5370098624495282
3000.0,739.8870107348533,3.8670063,40.654652,0.5373438332448816
3000.0,739.8799245239393,3.8671668,40.704556,0.5376778042008145
3000.0,739.887963535061,3.8672471,40.704556,0.5380117754262436
3000.0,739.8884067625185,3.8676081,40.667118,0.5383457468517371
3000.0,739.8807245569278,3.8676882,40.692089,0.5386797181687931
3000.0,739.8881137919268,3.8676481,40.71706,0.5390136894620453
3000.0,739.8811534366256,3.8680494,40.729527,0.5393476609726914
3000.0,739.8894958432656,3.8678889,40.754498,0.539681632889775
3000.0,739.8896851021815,3.867969,40.71706,0.5400156048922864
3000.0,739.8809207715423,3.8683703,40.667118,0.5403495762979109
3000.0,739.8886179454688,3.86833,40.654652,0.5406835478187283
3000.0,739.8816254681909,3.8684905,40.704556,0.5410175195424425
3000.0,739.890472227731,3.8685708,40.767006,0.5413514919002473
3000.0,739.8825505614193,3.8686509,40.654652,0.5416854640415351
3000.0,739.8890269076186,3.8689718,40.71706,0.5420194357469501
3000.0,739.8886747941527,3.8690121,40.704556,0.5423534072934278
3000.0,739.8822526864137,3.8690522,40.71706,0.5426873793002592
3000.0,739.8893591604091,3.8692927,40.71706,0.5430213511556468
3000.0,739.881921535857,3.8694935,40.704556,0.5433553230130016
3000.0,739.889627912367,3.8693731,40.71706,0.5436892949896986
3000.0,739.8901243375723,3.8696539,40.754498,0.5440232671904726
3000.0,739.8830868994418,3.8697741,40.742031,0.5443572395738554
3000.0,739.8896855662991,3.8700149,40.692089,0.5446912115765764
3000.0,739.8834332226871,3.8702154,40.667118,0.5450251841162844
3000.0,739.8903228986914,3.8701353,40.816948,0.545359156406685
3000.0,739.882930161853,3.8702958,40.71706,0.5456931287193187
3000.0,739.8902572485521,3.8702154,40.80444,0.5460271009800861
3000.0,739.8903852038273,3.8706567,40.729527,0.5463610732986101
3000.0,739.8834190997778,3.8708172,40.80444,0.5466950458319433
3000.0,739.8911393090832,3.8708973,40.767006,0.5470290184908558
3000.0,739.8833533774487,3.8707769,40.767006,0.5473629909945229
3000.0,739.8905382683186,3.8709373,40.754498,0.5476969633821372
3000.0,739.8908590225325,3.8713787,40.779472,0.5480309359145338
3000.0,739.8815724647679,3.8714991,40.754498,0.548364907614323
3000.0,739.8893033623335,3.8715391,40.754498,0.5486988794445244
3000.0,739.8825071527343,3.8719404,40.729527,0.5490328515662181
3000.0,739.8891775187117,3.8717396,40.779472,0.5493668233396162
3000.0,739.8807940265397,3.8720605,40.754498,0.5497007946880297
3000.0,739.8880514141445,3.8720205,40.729527,0.5500347659531257
3000.0,739.8888156274654,3.8720205,40.816948,0.5503687375631731
3000.0,739.8807687456826,3.8723414,40.779472,0.5507027089001753
3000.0,739.8875728959409,3.8723414,40.816948,0.5510366799492774
3000.0,739.878132783797,3.8726623,40.742031,0.551370650096445
3000.0,739.8850318910227,3.8727827,40.729527,0.5517046199985862
3000.0,739.8860407590179,3.8729432,40.742031,0.5520385903561111
3000.0,739.879598743833,3.8729031,40.779472,0.5523725611649917
3000.0,739.8878794526155,3.8730636,40.754498,0.5527065323524676
3000.0,739.8805352383202,3.8732641,40.729527,0.553040503584068
3000.0,739.8888909088648,3.8732641,40.729527,0.5533744752280958
3000.0,739.8789970497786,3.8737454,40.791973,0.5537084457653805
3000.0,739.8850677674408,3.8738256,40.791973,0.5540424156837156
3000.0,739.8866867704921,3.8741064,40.767006,0.5543763863328377
3000.0,739.8780843709591,3.8740261,40.742031,0.5547103564581525
3000.0,739.8850151795125,3.8741865,40.754498,0.5550443263527505
3000.0,739.879340065912,3.874347,40.729527,0.5553782970448676
3000.0,739.8861040889781,3.8741465,40.854385,0.5557122674309785
3000.0,739.8780035365132,3.8745477,40.779472,0.5560462375198058
3000.0,739.8853411208758,3.8747883,40.767006,0.5563802075615274
3000.0,739.8867085359326,3.8748686,40.729527,0.556714178220474
3000.0,739.8796306043306,3.8749888,40.767006,0.5570481490437359
3000.0,739.8871731987504,3.8751092,40.779472,0.5573821199124224
3000.0,739.8793261865187,3.8751895,40.80444,0.5577160905982745
3000.0,739.8864165907789,3.87535,40.791973,0.5580500611254426
3000.0,739.8859587755384,3.8756709,40.816948,0.5583840314459618
3000.0,739.8803306377487,3.8756306,40.80444,0.5587180025852085
3000.0,739.8871713676547,3.8755505,40.816948,0.5590519734530685
3000.0,739.8790708290111,3.8758314,40.841919,0.5593859440236559
3000.0,739.8880692489093,3.8759515,40.816948,0.5597199152968022
3000.0,739.8819512354053,3.8762724,40.791973,0.560053887167563
3000.0,739.8900737027035,3.8765132,40.754498,0.5603878593454813
3000.0,739.8879378031335,3.8765934,40.816948,0.5607218305592955
3000.0,739.8806751423997,3.8768342,40.742031,0.5610558018540466
3000.0,739.8882114614782,3.8768742,40.816948,0.5613897731913848
3000.0,739.8803739719464,3.8770747,40.816948,0.561723744350192
3000.0,739.8873934635093,3.8771951,40.816948,0.5620577153183017
3000.0,739.8879124246148,3.8771951,40.779472,0.5623916865206606
3000.0,739.8803796604001,3.8774357,40.767006,0.5627256576820354
3000.0,739.8891383707552,3.8774357,40.791973,0.5630596294377628
3000.0,739.8818274813531,3.8776364,40.841919,0.5633936012526628
3000.0,739.8899578449784,3.8777969,40.854385,0.563727573378285
3000.0,739.8824392948305,3.8779573,40.80444,0.5640615454693487
3000.0,739.8906867067763,3.878238,40.742031,0.5643955179239653
3000.0,739.890655530061,3.8784387,40.854385,0.5647294903645093
3000.0,739.8831648037138,3.8782783,40.80444,0.565063462783057
3000.0,739.8905432006942,3.8785188,40.816948,0.5653974351728975
3000.0,739.8842219276761,3.8785188,40.829414,0.5657314080686155
3000.0,739.8909523940843,3.8787596,40.80444,0.5660653806431583
3000.0,739.8906731448407,3.8789201,40.791973,0.5663993530916532
3000.0,739.8817735382445,3.879241,40.841919,0.5667333248822041
3000.0,739.889199247522,3.8792007,40.80444,0.56706729666541
3000.0,739.88160485036,3.8794014,40.729527,0.5674012683798176
3000.0,739.8880659773708,3.8794014,40.767006,0.5677352396514872
3000.0,739.881614981652,3.8799229,40.791973,0.568069211370468
3000.0,739.8883946291568,3.8797224,40.854385,0.5684031827904846
3000.0,739.88797972229,3.8801634,40.854385,0.5687371540232203
3000.0,739.8808459546038,3.8802438,40.841919,0.5690711253950735
3000.0,739.8888678003891,3.8802037,40.829414,0.5694050970286707
3000.0,739.8803398045942,3.8804443,40.829414,0.5697390681720551
3000.0,739.8885875864847,3.8803642,40.80444,0.5700730396791691
3000.0,739.8878939431958,3.8804843,40.729527,0.5704070108731858
3000.0,739.8806365318001,3.8807251,40.841919,0.5707409821505086
3000.0,739.8873329286915,3.8810461,40.829414,0.5710749530912941
3000.0,739.881137762171,3.8811662,40.829414,0.5714089245948649
3000.0,739.8882786009686,3.8815274,40.929302,0.5717428959625087
3000.0,739.8803744847626,3.8814471,40.854385,0.5720768671215474
3000.0,739.8875624590235,3.8815675,40.86689,0.5724108381659384
3000.0,739.8883098507395,3.8816879,40.829414,0.5727448095476878
3000.0,739.8797291507854,3.8816879,40.841919,0.573078780415432
3000.0,739.888100242474,3.8820088,40.854385,0.5734127517025683
3000.0,739.8811772277371,3.8820889,40.854385,0.5737467232239533
3000.0,739.8890892371064,3.8823297,40.841919,0.5740806949575027
3000.0,739.8906506230603,3.8824098,40.779472,0.5744146673958318
3000.0,739.882562975214,3.8827307,40.86689,0.5747486395427229
3000.0,739.8909027236716,3.8827708,40.854385,0.5750826120948453
3000.0,739.8825390989742,3.8827307,40.791973,0.5754165842309591
3000.0,739.8888151999779,3.8829715,40.854385,0.5757505558408134
3000.0,739.8820160178442,3.883132,40.854385,0.576084527740816
3000.0,739.8908844616238,3.8833725,40.904327,0.5764185002846952
3000.0,739.8911047511439,3.8834126,40.854385,0.576752472928009
3000.0,739.8824519044614,3.8835731,40.879356,0.5770864450247644
3000.0,739.8893487721951,3.8836534,40.841919,0.577420416875463
3000.0,739.8819608055871,3.8838539,40.841919,0.5777543887505435
3000.0,739.8892262619122,3.8838539,40.829414,0.5780883605459434
3000.0,739.8798951657227,3.8842549,40.86689,0.5784223314886243
3000.0,739.8878178438606,3.8843353,40.80444,0.5787563026482913
3000.0,739.8879391085156,3.8845358,40.791973,0.5790902738626946
3000.0,739.8810637764614,3.8846161,40.816948,0.5794242453328694
3000.0,739.8878840545018,3.8848567,40.879356,0.5797582165224225
3000.0,739.8806307950524,3.8850975,40.879356,0.5800921877971559
3000.0,739.888149803201,3.8850572,40.841919,0.5804261591066628
3000.0,739.8887431780433,3.8850975,40.816948,0.5807601306840078
3000.0,739.8795769055566,3.8853781,40.816948,0.5810941014830309
3000.0,739.8872053157745,3.885699,40.929302,0.5814280723662143
3000.0,739.8792041532452,3.885699,40.879356,0.5817620429969824
3000.0,739.8876263388444,3.885699,40.891823,0.5820960140702076
3000.0,739.8800239495075,3.8860602,40.841919,0.5824299850710197
3000.0,739.8880829937907,3.8863008,40.841919,0.5827639563503703
3000.0,739.8907648569876,3.8863409,40.86689,0.5830979288402623
3000.0,739.8818066920376,3.8864613,40.86689,0.5834319006457783
3000.0,739.890324974124,3.8866217,40.854385,0.5837658729371157
3000.0,739.8824036013079,3.8866618,40.879356,0.5840998450120677
3000.0,739.8887353414534,3.887023,40.854385,0.5844338165858755
3000.0,739.8890409455407,3.8871832,40.904327,0.584767788297627
3000.0,739.8820698385808,3.8869426,40.841919,0.5851017602219234
3000.0,739.8887427630386,3.8872235,40.816948,0.585435731799081
3000.0,739.8794058617052,3.8875444,40.86689,0.5857697025208974
3000.0,739.8877351404667,3.887785,40.904327,0.5861036736432336
3000.0,739.880499886948,3.8878653,40.891823,0.586437644858877
3000.0,739.887299383912,3.8879454,40.929302,0.586771615784521
3000.0,739.88698108371,3.8881459,40.879356,0.5871055865664904
3000.0,739.8809760930747,3.8883064,40.891823,0.5874395579970861
3000.0,739.8900566496536,3.8885472,40.891823,0.587773530167307
3000.0,739.8817432166047,3.8885472,40.86689,0.5881075019441712
3000.0,739.8891252234149,3.8885472,40.916794,0.588441473693964
3000.0,739.8896855785774,3.888828,40.916794,0.5887754456966906
3000.0,739.8827983257272,3.8889081,40.929302,0.5891094179498154
3000.0,739.8899536587107,3.8889885,40.929302,0.5894433900735482
3000.0,739.8819196804282,3.889189,40.86689,0.5897773619300655
3000.0,739.8895170349027,3.8894699,40.86689,0.5901113338567145
3000.0,739.8819200831506,3.8895099,40.941769,0.5904453057134137
3000.0,739.8885014895885,3.8897104,40.891823,0.5907792771816651
3000.0,739.8904942012878,3.8898709,40.966736,0.5911132495493884
3000.0,739.8811644589,3.8898709,40.904327,0.5914472210650097
3000.0,739.8869984300054,3.8902318,40.904327,0.5917811918548089
3000.0,739.8788084645842,3.8902318,40.854385,0.5921151623069689
3000.0,739.8824223307275,3.8903522,40.879356,0.5924491310312048
3000.0,739.8818998791215,3.8905528,40.879356,0.592783099519616
3000.0,739.8734067805082,3.8906331,40.86689,0.593117067533535
3000.0,739.8815152581833,3.8910341,40.941769,0.5934510358483357
3000.0,739.8739759301735,3.8909137,40.929302,0.5937850041191606
3000.0,739.8812828960788,3.8911145,40.891823,0.5941189723290774
3000.0,739.8715594378692,3.8913951,40.941769,0.594452939509133
3000.0,739.8800449377221,3.8917563,40.954269,0.5947869071602593
3000.0,739.8804462580968,3.891716,40.941769,0.5951208749925339
3000.0,739.873547978497,3.8917964,40.891823,0.5954548430701876
3000.0,739.8801729167354,3.8920772,40.954269,0.5957888107790811
3000.0,739.8747016350974,3.8921173,40.929302,0.5961227793774785
3000.0,739.8831575770082,3.8924382,40.929302,0.5964567484335904
3000.0,739.8831046831469,3.8924782,40.916794,0.596790717465827
3000.0,739.8758483825942,3.8925986,40.941769,0.5971246865818494
3000.0,739.8842835473333,3.8929596,40.966736,0.5974586561462026
3000.0,739.877322350421,3.8928795,40.929302,0.5977926259275526
3000.0,739.8846801070231,3.8932004,40.929302,0.5981265956709053
3000.0,739.8780798053396,3.8933609,40.86689,0.5984605657941592
3000.0,739.8834491429686,3.893441,40.929302,0.5987945349818784
3000.0,739.8845909338125,3.8935614,40.929302,0.59912850468498
3000.0,739.877269763431,3.8938019,40.916794,0.5994624744425929
3000.0,739.8858857527223,3.8940024,40.966736,0.5997964447301509
3000.0,739.8766642117954,3.8941228,40.954269,0.6001304142144267
3000.0,739.8837414908487,3.8941228,40.954269,0.6004643835341061
3000.0,739.8845093172481,3.8942833,40.966736,0.6007983532003676
3000.0,739.8762553266093,3.8942032,40.891823,0.6011323225000785
3000.0,739.8832945283491,3.8945642,40.916794,0.6014662916180077
3000.0,739.8760322194297,3.8946846,40.916794,0.6018002608170113
3000.0,739.8844364411569,3.8951256,40.941769,0.602134230450378
3000.0,739.8779437342849,3.8950055,40.879356,0.6024682005122114
3000.0,739.88390485822,3.8953264,40.966736,0.6028021699056316
3000.0,739.884920745688,3.8952861,40.916794,0.603136139757604
3000.0,739.8779764368571,3.8954065,40.929302,0.603470109834199
3000.0,739.8858047592786,3.8955669,40.941769,0.6038040800851981
3000.0,739.8793807142705,3.8958478,40.929302,0.6041380507956633
3000.0,739.8874389724153,3.8962488,41.016682,0.6044720217843149
3000.0,739.8799534540585,3.8962088,40.929302,0.6048059927533064
3000.0,739.886870865792,3.8965697,40.916794,0.6051399634855256
3000.0,739.8864036149249,3.8965697,40.979244,0.6054739340068367
3000.0,739.8777946502634,3.8968906,41.041653,0.6058079040013757
3000.0,739.8858156234792,3.8969309,40.954269,0.6061418742572788
3000.0,739.8787620410064,3.897011,40.979244,0.6064758446884839
3000.0,739.8843042257398,3.8972919,40.966736,0.6068098142621711
3000.0,739.8872449765524,3.8976128,40.916794,0.6071437851632566
3000.0,739.8789310591725,3.8975725,40.929302,0.6074777556707541
3000.0,739.8878227265094,3.8976128,40.916794,0.607811726832625
3000.0,739.8799849359808,3.8976128,40.929302,0.608145697815827
3000.0,739.8862994636879,3.8980138,40.954269,0.6084796682901261
3000.0,739.8788567182158,3.8980539,40.966736,0.6088136387640671
3000.0,739.8807640702386,3.8981743,41.004215,0.6091476067397961
3000.0,739.8806834660153,3.8986557,40.991711,0.6094815746791418
3000.0,739.8729638871763,3.8986156,40.929302,0.6098155424931452
3000.0,739.880710761782,3.8986557,40.979244,0.6101495104448117
3000.0,739.8725263767775,3.8988965,40.966736,0.6104834780613293
3000.0,739.880032254295,3.8988965,40.941769,0.6108174457067305
3000.0,739.8797987447884,3.8991771,40.929302,0.61115141324673
3000.0,739.8707552667445,3.8994179,40.991711,0.6114853800637945
3000.0,739.8794552858484,3.8994179,40.954269,0.6118193474487633
3000.0,739.8719804196653,3.8998592,40.954269,0.6121533148188439
3000.0,739.8804963320543,3.8998189,40.954269,0.6124872826737209
3000.0,739.873868435833,3.8998189,40.941769,0.6128212508960243
3000.0,739.8801420817647,3.9002602,40.979244,0.6131552185909995
3000.0,739.8808459915082,3.9002602,40.991711,0.6134891866037061
3000.0,739.8731237743078,3.9005411,41.004215,0.6138231544898802
3000.0,739.8791624863335,3.9006212,40.979244,0.6141571217426849
3000.0,739.8724817476474,3.9007015,41.016682,0.6144910893390576
3000.0,739.8789029516541,3.9011829,40.916794,0.6148250564747133
3000.0,739.8799128203264,3.9011426,40.941769,0.6151590240662043
3000.0,739.8711365881616,3.9015839,40.991711,0.6154929910553918
3000.0,739.8782958317257,3.9015038,41.054157,0.6158269579170051
3000.0,739.8696057235194,3.901624,41.004215,0.6161609242151828
3000.0,739.8762920974366,3.9018247,40.954269,0.6164948901723489
3000.0,739.8685732701914,3.9018648,40.966736,0.6168288560044922
3000.0,739.8765472743622,3.9021053,41.004215,0.6171628220768404
3000.0,739.8770285762484,3.9024262,40.904327,0.617496788366439
3000.0,739.8709302046021,3.9025867,40.966736,0.6178307552624679
3000.0,739.879127904247,3.9023862,41.004215,0.6181647224996628
3000.0,739.8710178018373,3.9028275,40.941769,0.6184986894352318
3000.0,739.8780782033107,3.9029479,40.979244,0.6188326561986119
3000.0,739.8790555039378,3.9031084,41.004215,0.6191666234031268
3000.0,739.8713365873024,3.9031084,41.016682,0.6195005904825909
3000.0,739.8792107531381,3.9034693,40.966736,0.6198345577571822
3000.0,739.8713419096634,3.9034693,41.004215,0.6201685248390488
3000.0,739.8787998995247,3.9035897,41.004215,0.6205024919281887
3000.0,739.8699667692558,3.9038303,40.954269,0.6208364583893371
3000.0,739.87755320049,3.9039907,41.041653,0.6211704249157409
3000.0,739.8785036082816,3.9040709,40.966736,0.6215043918711407
3000.0,739.8699784637573,3.9045122,41.016682,0.6218383583375677
3000.0,739.8771195799407,3.9045122,41.004215,0.6221723246682437
3000.0,739.8695344960897,3.9046726,41.004215,0.6225062909342702
3000.0,739.8776256863375,3.9048331,40.966736,0.6228402574933928
3000.0,739.8780173138563,3.9049935,40.979244,0.6231742242292886
3000.0,739.8717180310914,3.9052343,40.979244,0.6235081914809308
3000.0,739.8792822992906,3.9053545,41.029186,0.6238421587878168
3000.0,739.8721022206777,3.9053948,41.041653,0.6241761262128765
3000.0,739.8786501305144,3.9056354,40.966736,0.6245100932344136
3000.0,739.8700691980525,3.9057157,40.991711,0.6248440597417968
3000.0,739.8783857248507,3.9060767,40.991711,0.6251780266439863
3000.0,739.878605440158,3.9061971,41.004215,0.6255119936453509
3000.0,739.8724925751088,3.9064777,41.004215,0.625845961246611
3000.0,739.8800630043412,3.906558,41.054157,0.6261799289058921
3000.0,739.8727949299916,3.906919,40.966736,0.6265138966436309
3000.0,739.8798939357715,3.9067585,41.004215,0.6268478642265977
3000.0,739.8789295506303,3.9071999,41.016682,0.6271818313742596
3000.0,739.8722521842221,3.9071598,41.029186,0.6275157988670108
3000.0,739.880841645828,3.9073603,40.979244,0.6278497668777558
3000.0,739.87264671301,3.9076812,41.029186,0.6281837345485914
3000.0,739.8794627567512,3.9075208,41.004215,0.6285177019369325
3000.0,739.8716045304985,3.9078817,41.091595,0.6288516691373421
3000.0,739.8797696185401,3.9080422,41.079132,0.6291856366641947
3000.0,739.8785021070614,3.9080822,40.991711,0.6295196036189168
3000.0,739.8715996356207,3.9082427,41.016682,0.629853570817117
3000.0,739.87908873112,3.908644,41.054157,0.63018753803663
3000.0,739.8704682443706,3.9088845,41.054157,0.6305215047241368
3000.0,739.8795274055996,3.9091253,41.041653,0.630855472141659
3000.0,739.8720561756754,3.9089246,41.041653,0.6311894395459349
3000.0,739.8785496416733,3.909045,41.104061,0.6315234065221131
3000.0,739.8808542805515,3.9092858,41.004215,0.6318573745385612
3000.0,739.8715473406453,3.9095263,41.029186,0.6321913417131563
3000.0,739.8802208420001,3.9097269,41.029186,0.6325253094436823
3000.0,739.8726832484025,3.9097672,41.054157,0.6328592771310096
3000.0,739.8799161653295,3.9099677,41.091595,0.6331932447240105
3000.0,739.8785303414999,3.9101281,41.054157,0.6335272116914771
3000.0,739.8724377178941,3.9103286,40.916794,0.6338611792679754
3000.0,739.8787341272168,3.9105694,40.954269,0.634195146327427
3000.0,739.8724829077252,3.9107699,41.004215,0.6345291139243233
3000.0,739.8800762245323,3.9108901,41.029186,0.6348630815895718
3000.0,739.8722769021273,3.9110105,41.091595,0.6351970490934803
3000.0,739.8798499417962,3.911211,41.004215,0.6355310166565892
3000.0,739.8799186676359,3.9113314,41.066624,0.6358649842507196
3000.0,739.8728467362978,3.9116123,40.979244,0.6361989520118427
3000.0,739.8784248118252,3.9116924,41.129032,0.6365329189316753
3000.0,739.8717224375047,3.9118128,41.104061,0.6368668861853065
3000.0,739.878107634878,3.9120536,40.991711,0.6372008529619715
3000.0,739.8782899840069,3.912214,41.016682,0.6375348198209453
3000.0,739.8726019256967,3.9123342,41.104061,0.6378687874715647
3000.0,739.8791212752225,3.9124947,41.029186,0.6382027547057674
3000.0,739.8731072455006,3.9126954,40.991711,0.6385367225844807
3000.0,739.8796446427856,3.9127355,40.991711,0.6388706900549215
3000.0,739.8729551222345,3.912976,41.016682,0.6392046578649686
3000.0,739.8806429023771,3.9132168,41.029186,0.6395386257860046
3000.0,739.8795655770265,3.9132569,40.991711,0.6398725932207566
3000.0,739.8712739044222,3.9134977,41.054157,0.6402065602719267
3000.0,739.879358642349,3.9135778,41.104061,0.6405405276132723
3000.0,739.8721241444916,3.9140592,41.104061,0.6408744950482282
3000.0,739.8786398399127,3.9140992,41.029186,0.6412084620651203
3000.0,739.8793406616776,3.9143801,41.016682,0.6415424293983499
3000.0,739.8716937265498,3.91434,41.029186,0.6418763966390214
3000.0,739.8793026361573,3.9145405,41.091595,0.642210363955087
3000.0,739.871450698118,3.914741,41.041653,0.6425443310860591
3000.0,739.879321898882,3.9150219,41.054157,0.6428782984108194
3000.0,739.8709190601604,3.9151423,41.104061,0.643212265301818
3000.0,739.8785393387933,3.9152625,41.066624,0.6435462322733458
3000.0,739.8782287532172,3.9155033,41.016682,0.6438801991046812
3000.0,739.8707879936683,3.9155834,41.004215,0.6442141659365183
3000.0,739.8776170436809,3.9157038,41.054157,0.6445481324917397
3000.0,739.8692684208053,3.9159846,41.066624,0.6448820986376638
3000.0,739.8784620308695,3.9162252,41.054157,0.6452160655742963
3000.0,739.8781602962711,3.9163857,41.016682,0.6455500323747315
3000.0,739.8711423740217,3.9163456,41.141541,0.6458839993665306
3000.0,739.877799686669,3.9167469,41.091595,0.6462179660041937
3000.0,739.8692536500204,3.9169474,41.054157,0.6465519321434504
3000.0,739.876769797295,3.9172683,41.016682,0.6468858983162412
3000.0,739.8707174499253,3.9173083,41.054157,0.6472198651162357
3000.0,739.8780503345592,3.9175892,41.079132,0.6475538318670364
3000.0,739.8772696661388,3.9176292,41.116566,0.6478877982654584
3000.0,739.8701854696129,3.9179101,41.066624,0.6482217648253249
3000.0,739.8754780551089,3.9177897,41.141541,0.648555730415048
3000.0,739.8688553970736,3.9181106,41.104061,0.6488896963745392
3000.0,739.8749321905267,3.9183111,41.066624,0.6492236617178695
3000.0,739.8763167801881,3.9184315,41.079132,0.649557627686177
3000.0,739.8694651116062,3.9185519,41.079132,0.6498915939208844
3000.0,739.8762040478902,3.9187524,41.141541,0.6502255598383068
3000.0,739.8690490492442,3.9189529,41.066624,0.6505595258852097
3000.0,739.8752743060221,3.9193139,41.066624,0.6508934913829644
3000.0,739.8684708166338,3.9193139,41.054157,0.6512274571688617
3000.0,739.8753105008561,3.9196751,41.116566,0.6515614226829539
3000.0,739.8743961395364,3.9197152,41.116566,0.6518953877843211
3000.0,739.8668614125313,3.9195948,41.154007,0.6522293528437569
3000.0,739.87478306858,3.9199157,41.141541,0.6525633181197764
3000.0,739.8674282309906,3.9202766,41.116566,0.6528972834350658
3000.0,739.874558592383,3.920397,41.166512,0.6532312486097611
3000.0,739.8674313563865,3.9204774,41.091595,0.6535652139264612
3000.0,739.8746214584303,3.920758,41.178978,0.653899179129533
3000.0,739.876541574187,3.9208384,41.116566,0.6542331451993082
3000.0,739.8679714048573,3.9212394,41.154007,0.6545671107597782
3000.0,739.8764448695009,3.9211993,41.079132,0.6549010767859028
3000.0,739.8671775974904,3.9215202,41.116566,0.6552350419880599
3000.0,739.8750803600908,3.9215603,41.116566,0.6555690073982712
3000.0,739.8752444111557,3.9218812,41.116566,0.6559029728825319
3000.0,739.8673170137191,3.922122,41.041653,0.6562369381476193
3000.0,739.8744404633871,3.9221621,41.154007,0.6565709032689935
3000.0,739.8673760471322,3.922483,41.116566,0.6569048685607278
3000.0,739.8753546652944,3.922483,41.091595,0.6572388340947551
3000.0,739.8684513220462,3.9226835,41.104061,0.6575727998718528
3000.0,739.8740345173884,3.9229243,41.066624,0.6579067648099907
3000.0,739.8751074596101,3.9230044,41.116566,0.6582407302324341
3000.0,739.8685391392645,3.9232852,41.104061,0.6585746960491712
3000.0,739.8759739316813,3.9234858,41.154007,0.6589086618627235
3000.0,739.8684791174625,3.9237666,41.104061,0.6592426276523675
3000.0,739.8765651946655,3.9237666,41.154007,0.6595765937328045
3000.0,739.8769595207378,3.9240875,41.116566,0.6599105599912328
3000.0,739.8679645321788,3.9241676,41.129032,0.6602445255486007
3000.0,739.8766805641258,3.9243281,41.041653,0.6605784916811133
3000.0,739.8688204365549,3.9247694,41.091595,0.6609124576248239
3000.0,739.8765189056816,3.9248495,41.091595,0.6612464236843669
3000.0,739.8692010257867,3.92501,41.091595,0.6615803897998699
3000.0,739.8780934989344,3.9252508,41.166512,0.6619143565701541
3000.0,739.8777603913735,3.9253712,41.129032,0.66224832319008
3000.0,739.8687694242338,3.9254513,41.129032,0.6625822891107643
3000.0,739.8752283954128,3.9256117,41.166512,0.6629162545877958
3000.0,739.8676515213189,3.9258525,41.141541,0.6632502200038751
3000.0,739.876808189321,3.9260931,41.166512,0.6635841861939953
3000.0,739.8759431693569,3.9261332,41.129032,0.6639181519936621
3000.0,739.8701715292383,3.9262536,41.116566,0.6642521185472361
3000.0,739.8770058831866,3.9264944,41.091595,0.6645860848265914
3000.0,739.8696754622267,3.9266145,41.191483,0.6649200511562481
3000.0,739.8785883255123,3.9270158,41.129032,0.6652540181498875
3000.0,739.8704987374948,3.9270558,41.066624,0.6655879848511586
3000.0,739.8759497856938,3.9273367,41.154007,0.6659219506538118
3000.0,739.8766754862529,3.9275372,41.091595,0.6662559167840323
3000.0,739.8684001992222,3.9276977,41.104061,0.6665898825380538
3000.0,739.8764742271942,3.9278982,41.104061,0.6669238485774299
3000.0,739.8684283120278,3.9280186,41.129032,0.6672578143441412
3000.0,739.8770056024241,3.9284599,41.154007,0.6675917806233699
3000.0,739.8772119757812,3.9283395,41.129032,0.6679257469957515
3000.0,739.8694644647538,3.9284999,41.116566,0.6682597132301669
3000.0,739.8771634523613,3.928901,41.104061,0.668593679580646
3000.0,739.8687548850962,3.9289412,41.166512,0.6689276454947676
3000.0,739.8758366627432,3.9288609,41.141541,0.6692616112463593
3000.0,739.8705319643427,3.9292622,41.141541,0.6695955779626284
3000.0,739.8784668290031,3.9294627,41.116566,0.6699295449014266
3000.0,739.8793437494516,3.9297032,41.178978,0.67026351223605
3000.0,739.8715153096864,3.9298236,41.091595,0.6705974793961867
3000.0,739.8791252670845,3.929904,41.141541,0.6709314466321914
3000.0,739.8727078334991,3.9305055,41.129032,0.6712654143306159
3000.0,739.8784271676112,3.9303451,41.066624,0.6715993812515118
3000.0,739.8780463918101,3.9305055,41.178978,0.6719333480005328
3000.0,739.8702898387621,3.9309468,41.178978,0.67226731460751
3000.0,739.8779913013709,3.9311073,41.178978,0.6726012813316642
3000.0,739.8709300584925,3.9311874,41.178978,0.6729352482276272
3000.0,739.8781993343374,3.9313881,41.253891,0.6732692150456835
3000.0,739.8707676076891,3.9315486,41.116566,0.6736031818683186
3000.0,739.8783812447236,3.9317091,41.154007,0.6739371487684858
3000.0,739.8797030047632,3.9319897,41.178978,0.67427111626527
3000.0,739.87099697712,3.93203,41.141541,0.6746050831914391
3000.0,739.877238476736,3.9322305,41.141541,0.6749390495757828
3000.0,739.8700679655337,3.9325113,41.154007,0.6752730160826096
3000.0,739.8766731173702,3.9327919,41.178978,0.6756069822117609
3000.0,739.8756507490351,3.9329123,41.203949,0.6759409478794347
3000.0,739.8690590708516,3.9329524,41.091595,0.6762749139308613
3000.0,739.8749222533337,3.9331932,41.104061,0.6766088792697061
3000.0,739.8675668172184,3.9333537,41.104061,0.6769428446475513
3000.0,739.8755070712623,3.9334338,41.154007,0.6772768102503717
3000.0,739.8683700243059,3.9339554,41.154007,0.6776107759907728
3000.0,739.8771123042618,3.9339955,41.191483,0.6779447423181646
3000.0,739.8767361307563,3.934196,41.191483,0.6782787084757589
3000.0,739.8680076719728,3.9343565,41.166512,0.6786126740525994
3000.0,739.874872363345,3.9346373,41.166512,0.6789466393689249
3000.0,739.8676824781468,3.9349179,41.166512,0.6792806047989777
3000.0,739.8755379430678,3.9349983,41.203949,0.679614570415733
3000.0,739.8693395506237,3.9351587,41.216454,0.6799485365937641
3000.0,739.8761359441482,3.9353592,41.154007,0.6802825024804456
3000.0,739.876671884839,3.9356,41.166512,0.6806164686090406
3000.0,739.8678997380756,3.9357605,41.178978,0.6809504341371613
3000.0,739.876467586096,3.9360411,41.166512,0.6812844001735398
3000.0,739.8687931668469,3.9362016,41.116566,0.6816183661049411
3000.0,739.8747952874802,3.9361615,41.116566,0.681952331386476
3000.0,739.87721648026,3.9366429,41.191483,0.6822862977608909
3000.0,739.869454271662,3.9367633,41.141541,0.6826202639907053
3000.0,739.8783927312265,3.9368033,41.191483,0.6829542308960572
3000.0,739.8705216374193,3.9371643,41.154007,0.6832881976076649
3000.0,739.8809263389115,3.9371643,41.191483,0.6836221656566388
3000.0,739.8719980346771,3.9375253,41.116566,0.6839561330346706
3000.0,739.8799100122917,3.937726,41.216454,0.684290100624894
3000.0,739.8800021764827,3.9378462,41.166512,0.6846240682567187
3000.0,739.8720610590937,3.9379666,41.216454,0.6849580356631988
3000.0,739.8794135250812,3.9382074,41.22892,0.6852920030293176
3000.0,739.8722933699531,3.9383678,41.129032,0.6856259705406593
3000.0,739.8792157833304,3.9385684,41.216454,0.6859599378175212
3000.0,739.877412342416,3.9386888,41.191483,0.6862939042803444
3000.0,739.8701327475635,3.9392502,41.154007,0.686627870816413
3000.0,739.8778797529005,3.9393306,41.203949,0.6869618374902163
3000.0,739.8716310800947,3.9394107,41.191483,0.6872958047026102
3000.0,739.8783452461369,3.9395711,41.178978,0.6876297715865284
3000.0,739.870169783494,3.9400125,41.166512,0.6879637381393143
3000.0,739.877998320025,3.9399321,41.141541,0.6882977048666367
3000.0,739.8780957204782,3.9400926,41.191483,0.6886316716379236
3000.0,739.8711352946614,3.9404938,41.203949,0.6889656386265273
3000.0,739.8777077666105,3.9403734,41.166512,0.6892996052226993
3000.0,739.8699808559446,3.9407744,41.191483,0.6896335716902061
3000.0,739.8764415124241,3.9409752,41.191483,0.6899675377148154
3000.0,739.8764362511961,3.9412961,41.191483,0.6903015037370498
3000.0,739.8691042610919,3.9411757,41.178978,0.6906354698088746
3000.0,739.8784055247486,3.9414566,41.178978,0.6909694367200013
3000.0,739.869592698888,3.9418576,41.253891,0.6913034030122998
3000.0,739.8776860013747,3.9418175,41.178978,0.6916373695986474
3000.0,739.8709063766562,3.9421384,41.141541,0.6919713364839207
3000.0,739.8773118664672,3.9421785,41.203949,0.6923053029013911
3000.0,739.8785311230102,3.9424193,41.129032,0.6926392698692105
3000.0,739.8705167427462,3.9426599,41.191483,0.6929732365786088
3000.0,739.879051536223,3.9429407,41.22892,0.6933072037813327
3000.0,739.8730842841854,3.9430208,41.216454,0.6936411716496815
3000.0,739.8801918989024,3.9431813,41.203949,0.6939751393671433
3000.0,739.879435889086,3.9433017,41.191483,0.6943091067433567
3000.0,739.8714761248799,3.9438231,41.191483,0.694643073885806
3000.0,739.8809214071498,3.9440639,41.154007,0.6949770419325537
3000.0,739.8727188078889,3.9440639,41.203949,0.6953110096359321
3000.0,739.8788168304061,3.9444249,41.191483,0.6956449767327142
3000.0,739.873078400305,3.9447057,41.203949,0.6959789445984071
3000.0,739.8780854542283,3.9448259,41.116566,0.6963129113650602
3000.0,739.8779238567661,3.9449463,41.203949,0.6966468780587712
3000.0,739.8718108162423,3.9452672,41.203949,0.6969808453522953
3000.0,739.8791103864654,3.9454677,41.178978,0.6973148125815831
3000.0,739.873290741209,3.9455881,41.241425,0.6976487805431237
3000.0,739.8804578305474,3.9458289,41.266396,0.6979827483806218
3000.0,739.8809207844381,3.9459491,41.154007,0.6983167164270885
3000.0,739.8723875343463,3.9460695,41.216454,0.6986506839809348
3000.0,739.8796326187002,3.9463103,41.191483,0.6989846514459481
3000.0,739.8723073346794,3.9465508,41.216454,0.6993186189635934
3000.0,739.8807690873341,3.9470322,41.241425,0.6996525869415868
3000.0,739.8717951663439,3.9471126,41.216454,0.6999865542280468
3000.0,739.8804939758592,3.9473932,41.303837,0.7003205220818602
3000.0,739.8800083287019,3.9475536,41.216454,0.7006544897164619
3000.0,739.8720713741483,3.9477141,41.241425,0.700988457127598
3000.0,739.8791173691035,3.9479146,41.203949,0.7013224243600377
3000.0,739.8731060125725,3.9481554,41.22892,0.7016563922381944
3000.0,739.8822236603321,3.9482758,41.22892,0.7019903608727542
3000.0,739.8812584453863,3.948396,41.116566,0.7023243290716346
3000.0,739.8733401422311,3.9487169,41.266396,0.702658297055474
3000.0,739.8807537059673,3.9489977,41.29137,0.7029922650265247
3000.0,739.8727221890789,3.9491181,41.22892,0.7033262327314291
3000.0,739.8787289513226,3.9493186,41.191483,0.7036601997885444
3000.0,739.8710819501113,3.9496796,41.191483,0.703994166753069
3000.0,739.8786022905836,3.9496396,41.253891,0.7043281337530121
3000.0,739.8793060421424,3.9498,41.266396,0.704662101070615
3000.0,739.8722094835756,3.950161,41.203949,0.7049960685440918
3000.0,739.8799129056601,3.9504418,41.266396,0.7053300361356213
3000.0,739.871638538849,3.9504819,41.253891,0.7056640033513819
3000.0,739.8794225465218,3.9507627,41.178978,0.7059979707215728
3000.0,739.8741142845494,3.9508028,41.191483,0.7063319390548487
3000.0,739.8797932392233,3.9511638,41.191483,0.7066659065923631
3000.0,739.8791886220106,3.9513645,41.29137,0.7069998738569648
3000.0,739.872211400395,3.9514847,41.178978,0.7073338413313068
3000.0,739.879880630042,3.951966,41.22892,0.7076678089082677
3000.0,739.8719448487193,3.9517255,41.22892,0.7080017762622921
3000.0,739.8811147187051,3.9523273,41.328808,0.708335744396297
3000.0,739.8808012647264,3.9525278,41.266396,0.7086697123888147
3000.0,739.8726101776175,3.9527283,41.303837,0.7090036800431588
3000.0,739.8795207894673,3.9530091,41.266396,0.7093376474576947
3000.0,739.8720797603099,3.9528887,41.216454,0.7096716148726162
3000.0,739.8793706052477,3.9531696,41.203949,0.7100055822193617
3000.0,739.8722199936476,3.95333,41.266396,0.7103395496975825
3000.0,739.8797126730627,3.9536109,41.216454,0.710673517198731
3000.0,739.8794362793296,3.953691,41.203949,0.7110074845751204
3000.0,739.8716588024562,3.9540923,41.22892,0.7113414518000278
3000.0,739.8796467544391,3.9541323,41.253891,0.7116754192714217
3000.0,739.8724018655745,3.9545333,41.278862,0.7120093868317369
3000.0,739.8814572377455,3.9546938,41.22892,0.7123433551203483
3000.0,739.880063260138,3.9548542,41.241425,0.7126773227797449
3000.0,739.873480852574,3.9552555,41.22892,0.7130112908270989
3000.0,739.8803639334867,3.9553356,41.29137,0.7133452586222138
3000.0,739.8726134247714,3.9555764,41.29137,0.7136792262780236
3000.0,739.880579608433,3.9557369,41.266396,0.71401319417049
3000.0,739.8731791445434,3.9560978,41.216454,0.7143471620816575
3000.0,739.8788957619231,3.9562984,41.216454,0.7146811292140678
3000.0,739.8785994461234,3.9563384,41.29137,0.7150150962127269
3000.0,739.871682142142,3.9566593,41.278862,0.7153490634481694
3000.0,739.8784831860812,3.9569402,41.166512,0.715683030394351
3000.0,739.8705521794514,3.9571407,41.328808,0.7160169971197449
3000.0,739.8777139067562,3.957221,41.191483,0.7163509637186886
3000.0,739.877950700284,3.9573414,41.316303,0.7166849304245162
3000.0,739.8698764254048,3.9577825,41.22892,0.7170188968448846
3000.0,739.8764350915159,3.9580233,41.241425,0.7173528628665956
3000.0,739.8692961789778,3.9580634,41.203949,0.7176868290250493
3000.0,739.877802872669,3.9582639,41.266396,0.7180207956641504
3000.0,739.870231123557,3.9582639,41.216454,0.7183547622446245
3000.0,739.8783246033374,3.9589057,41.266396,0.7186887291192248
3000.0,739.8782267762151,3.958986,41.316303,0.7190226959496678
3000.0,739.8699684417405,3.9592667,41.29137,0.719356662411571
3000.0,739.8772033820328,3.959347,41.29137,0.7196906287800736
3000.0,739.870800066336,3.9596279,41.22892,0.7200245956173601
3000.0,739.8790772806333,3.9600689,41.303837,0.7203585628317045
3000.0,739.8789557472894,3.9603498,41.241425,0.720692529991191
3000.0,739.8715952775015,3.9603899,41.22892,0.7210264971874242
3000.0,739.8793978760486,3.9606707,41.266396,0.7213604645464792
3000.0,739.8703397777706,3.9609516,41.241425,0.7216944311759982
3000.0,739.8783085880037,3.9609113,41.241425,0.7220283980433695
3000.0,739.8718870363654,3.9612322,41.253891,0.7223623653712983
3000.0,739.8807045604497,3.9614329,41.303837,0.7226963333201655
3000.0,739.8795475959458,3.9615934,41.266396,0.7230303007468013
3000.0,739.8718997071821,3.9617939,41.266396,0.7233642680804494
3000.0,739.879407397623,3.9621549,41.328808,0.7236982354438023
3000.0,739.87278789913,3.9624357,41.266396,0.7240322031783674
3000.0,739.8807483716837,3.9626362,41.303837,0.7243661711470102
3000.0,739.8799812651988,3.9628367,41.253891,0.7247001387693959
3000.0,739.8720810053114,3.9628367,41.278862,0.7250341061848794
3000.0,739.8796351821932,3.9631176,41.203949,0.7253680736510499
3000.0,739.8718504150261,3.9633985,41.253891,0.7257020409624483
3000.0,739.8793557004814,3.9637194,41.278862,0.7260360083024661
3000.0,739.871740906869,3.9637194,41.216454,0.7263699755644342
3000.0,739.8799730987334,3.9640403,41.241425,0.7267039431831337
3000.0,739.8794360233283,3.9642007,41.278862,0.7270379105594077
3000.0,739.8727380458637,3.9643209,41.278862,0.7273718782714697
3000.0,739.8790650251029,3.9647622,41.266396,0.7277058454802822
3000.0,739.8716372572177,3.9648826,41.253891,0.7280398126954643
3000.0,739.8788378020579,3.9653239,41.191483,0.7283737798017127
3000.0,739.8714869283991,3.9654441,41.253891,0.7287077469490386
3000.0,739.8785698686496,3.965765,41.278862,0.729041713934347
3000.0,739.8780832693145,3.965765,41.241425,0.7293756807000138
3000.0,739.8717400400336,3.9660058,41.29137,0.7297096479615905
3000.0,739.8798329613926,3.9662867,41.253891,0.7300436155170348
3000.0,739.8732655700366,3.9665272,41.29137,0.7303775834672134
3000.0,739.8803190235544,3.9666877,41.22892,0.7307115512420568
3000.0,739.880742915027,3.966768,41.303837,0.7310455192082366
3000.0,739.8724666361446,3.9672494,41.278862,0.7313794867977882
3000.0,739.87900857935,3.9673696,41.253891,0.7317134539811222
3000.0,739.8729561112373,3.9675703,41.278862,0.7320474217916156
3000.0,739.8793665155689,3.9678109,41.22892,0.7323813891365152
3000.0,739.8734468194626,3.9680114,41.328808,0.7327153571685072
3000.0,739.8799827301981,3.9682522,41.29137,0.7330493247915542
3000.0,739.8799289336812,3.9685731,41.29137,0.7333832923903184
3000.0,739.8720544059888,3.9688137,41.241425,0.7337172597937954
3000.0,739.8794591070429,3.9690142,41.253891,0.734051227180489
3000.0,739.8731394841644,3.9692149,41.303837,0.7343851950737543
3000.0,739.8795676401809,3.9694955,41.316303,0.7347191625094376
3000.0,739.8799531645933,3.9695759,41.316303,0.7350531301191392
3000.0,739.8698539282026,3.9699769,41.328808,0.7353870965293527
3000.0,739.8797195208446,3.9700572,41.328808,0.735721064033592
3000.0,739.8714126852582,3.9700973,41.328808,0.7360550311474057
3000.0,739.8799943392788,3.9705386,41.266396,0.7363889987756929
3000.0,739.8739611356509,3.9704986,41.29137,0.7367229670398396
3000.0,739.8816683349528,3.97102,41.34127,0.7370569354237362
3000.0,739.8806390697229,3.9711804,41.278862,0.7373909033430422
3000.0,739.8723345196684,3.9713809,41.29137,0.7377248708729585
3000.0,739.8800180452959,3.9718623,41.353779,0.738058838511946
3000.0,739.8731854069994,3.9719827,41.328808,0.7383928064259402
3000.0,739.8765601532181,3.9722233,41.316303,0.7387267725041016
3000.0,739.8747179795565,3.9723036,41.366245,0.7390607377507412
3000.0,739.8672866308933,3.9727447,41.34127,0.7393947030021144
3000.0,739.8749832281219,3.9729052,41.316303,0.7397286683684821
3000.0,739.8672212619695,3.9729052,41.303837,0.7400626335903486
3000.0,739.8730106220489,3.973547,41.203949,0.7403965980663199
3000.0,739.8657258223683,3.973547,41.316303,0.7407305626131668
3000.0,739.8739818922161,3.9738278,41.328808,0.7410645275275508
3000.0,739.8735794723245,3.9741888,41.278862,0.7413984922602901
3000.0,739.8654124818408,3.9741087,41.328808,0.7417324566656998
3000.0,739.8736540581614,3.9744697,41.328808,0.7420664214321057
3000.0,739.8649687701721,3.9747906,41.316303,0.7424003856372304
3000.0,739.8724254259504,3.9751916,41.29137,0.7427343498490553
3000.0,739.8724050283064,3.9752719,41.34127,0.7430683140516732
3000.0,739.865084967859,3.975312,41.353779,0.7434022783092479
3000.0,739.8733848066835,3.9755125,41.328808,0.7437362429541188
3000.0,739.8638001721209,3.9760742,41.303837,0.7440702066317555
3000.0,739.8720763763159,3.9761543,41.328808,0.7444041706860262
3000.0,739.8655915699082,3.9765956,41.316303,0.7447381351722736
3000.0,739.8717548168538,3.9766357,41.29137,0.7450720990813984
3000.0,739.8722907696181,3.9768765,41.303837,0.745406063232442
3000.0,739.8659371247479,3.977077,41.328808,0.7457400278746679
3000.0,739.8720429293533,3.9773178,41.366245,0.7460739919138412
3000.0,739.8665616456719,3.9778793,41.353779,0.7464079568379666
3000.0,739.8746686758541,3.9777589,41.34127,0.7467419220623515
3000.0,739.8735403491291,3.9780397,41.303837,0.7470758867774312
3000.0,739.8678319769643,3.9781601,41.316303,0.7474098522749656
3000.0,739.8747963863832,3.9784007,41.241425,0.7477438175569966
3000.0,739.8672271704062,3.9786012,41.391216,0.7480777827815301
3000.0,739.8771554199334,3.9789221,41.316303,0.7484117491283835
3000.0,739.8660313869567,3.9791229,41.253891,0.7487457138131579
3000.0,739.8704710454998,3.9795239,41.303837,0.749079677142813
3000.0,739.8719801723777,3.979564,41.278862,0.7494136411536589
3000.0,739.8636421035837,3.9799652,41.34127,0.7497476047599458
3000.0,739.8712436082321,3.9801257,41.328808,0.750081568438321
3000.0,739.8619291237034,3.9804866,41.278862,0.7504155312713938
3000.0,739.8710303744056,3.9805267,41.278862,0.7507494948535193
3000.0,739.8695033646729,3.9810884,41.328808,0.7510834577463817
3000.0,739.8627895321038,3.9810081,41.366245,0.7514174209678305
3000.0,739.870496960987,3.981329,41.353779,0.7517513843091833
3000.0,739.8633379061642,3.9816098,41.34127,0.7520853477781599
3000.0,739.8716022893312,3.9819708,41.391216,0.7524193116184368
3000.0,739.8638308361157,3.9822116,41.353779,0.7527532753099148
3000.0,739.8706886487445,3.9822917,41.353779,0.7530872387377918
3000.0,739.8700964951782,3.9825325,41.328808,0.753421201898382
3000.0,739.863235660516,3.9828935,41.316303,0.7537551653212066
3000.0,739.8711431924465,3.983134,41.34127,0.7540891289542558
3000.0,739.8631124921302,3.9834149,41.353779,0.7544230923214839
3000.0,739.8702464350606,3.9834952,41.328808,0.7547570555497541
3000.0,739.8629130907292,3.9838562,41.353779,0.7550910188269754
3000.0,739.8701755361762,3.9839363,41.416187,0.7554249820232432
3000.0,739.8679936881389,3.9841771,41.34127,0.7557589442346667
3000.0,739.8607136997614,3.9843776,41.316303,0.756092906519115
3000.0,739.8692169001187,3.9847386,41.353779,0.756426869282673
3000.0,739.8616598865979,3.98526,41.353779,0.7567608319942162
3000.0,739.8696900105737,3.9853804,41.34127,0.757094794971327
3000.0,739.868368824542,3.9853804,41.328808,0.7574287573520799
3000.0,739.8632126871274,3.9858217,41.328808,0.7577627207645345
3000.0,739.8715016298224,3.9858217,41.328808,0.7580966845593756
3000.0,739.8635430074785,3.9861827,41.29137,0.7584306481209321
3000.0,739.8706813370495,3.986624,41.316303,0.7587646115455087
3000.0,739.8623009115684,3.9866641,41.34127,0.7590985745464012
3000.0,739.8711191567586,3.9871054,41.353779,0.7594325381686012
3000.0,739.8706820937987,3.9873459,41.328808,0.7597665015935194
3000.0,739.862873723388,3.9872258,41.303837,0.7601004648529708
3000.0,739.869824337849,3.9876668,41.353779,0.7604344278907145
3000.0,739.8633805208639,3.9881082,41.37875,0.7607683913789268
3000.0,739.8718424026918,3.9881082,41.29137,0.7611023553275862
3000.0,739.8716554635456,3.9885092,41.303837,0.7614363191918648
3000.0,739.8654166686803,3.9887099,41.353779,0.7617702835991644
3000.0,739.8710095003657,3.9890709,41.353779,0.7621042471718676
3000.0,739.8639019900812,3.9893517,41.34127,0.7624382108954636
3000.0,739.8718992882104,3.9894319,41.366245,0.7627721748698
3000.0,739.8642615468907,3.9897127,41.366245,0.7631061387556946
3000.0,739.8715566228543,3.9901137,41.316303,0.7634401025753584
3000.0,739.8709505400283,3.9902742,41.34127,0.763774066121448
3000.0,739.8640931027269,3.9900336,41.328808,0.7641080299313094
3000.0,739.8705214483097,3.9907556,41.37875,0.7644419932837153
3000.0,739.8642448232705,3.9907556,41.316303,0.7647759571620611
3000.0,739.8726775153066,3.9910765,41.316303,0.7651099214876743
3000.0,739.8736107959695,3.9914777,41.316303,0.7654438862345525
3000.0,739.8647634609483,3.9915578,41.316303,0.7657778503470037
3000.0,739.8731694607942,3.9919591,41.29137,0.7661118148946716
3000.0,739.8647045869461,3.9921596,41.266396,0.766445778980548
3000.0,739.8723157206491,3.9923601,41.353779,0.766779743142854
3000.0,739.8660930327449,3.992681,41.37875,0.7671137078554544
3000.0,739.8740147291547,3.9929218,41.391216,0.7674476727846603
3000.0,739.8726745482686,3.9932427,41.328808,0.7677816371089342
3000.0,739.8646431003642,3.9931624,41.416187,0.7681156011670565
3000.0,739.873017958505,3.9937241,41.366245,0.7684495656463391
3000.0,739.8647612760566,3.9938846,41.37875,0.7687835297578042
3000.0,739.8718652424786,3.9940851,41.328808,0.769117493716773
3000.0,739.8712292651954,3.9946065,41.316303,0.7694514573886738
3000.0,739.8631579870727,3.9946465,41.366245,0.7697854207764376
3000.0,739.870680897693,3.9948874,41.34127,0.770119384200816
3000.0,739.8630721967677,3.9952083,41.366245,0.7704533475498554
3000.0,739.8712200485309,3.9953687,41.416187,0.770787311217596
3000.0,739.8638704109571,3.9956493,41.391216,0.7711212749269375
3000.0,739.8705795420077,3.9956093,41.253891,0.7714552383055658
3000.0,739.8698362033404,3.9963715,41.37875,0.7717892013486654
3000.0,739.8624507762739,3.9963315,41.328808,0.7721231644172046
3000.0,739.8704243654538,3.9964919,41.328808,0.7724571277257892
3000.0,739.8644704079704,3.996933,41.403721,0.7727910917059606
3000.0,739.8694932083133,3.9972942,41.366245,0.7731250545942387
3000.0,739.8702458729217,3.9974144,41.353779,0.7734590178222552
3000.0,739.8617978988234,3.9977753,41.328808,0.7737929805960951
3000.0,739.8689560101257,3.9979761,41.37875,0.7741269432418924
3000.0,739.8626743228056,3.9982166,41.328808,0.7744609064113371
3000.0,739.8714329281299,3.9986579,41.316303,0.7747948701751676
3000.0,739.8625056467899,3.9988985,41.453667,0.7751288332684746
3000.0,739.8695669146184,3.9989789,41.29137,0.7754627961900223
3000.0,739.8691583918253,3.9992597,41.353779,0.7757967589271707
3000.0,739.8625417426257,3.9995806,41.366245,0.7761307220367708
3000.0,739.8700853989188,3.9998612,41.34127,0.7764646851923525
3000.0,739.8622180381358,4.0003023,41.366245,0.7767986481558371
3000.0,739.8719067951296,4.0003829,41.37875,0.777132612133562
3000.0,739.8713577326783,4.0006232,41.353779,0.7774665758634506
3000.0,739.8631186565658,4.0007439,41.366245,0.7778005392334613
3000.0,739.8722827981721,4.0010247,41.37875,0.7781345033809067
3000.0,739.863368362454,4.0013857,41.37875,0.7784684668636309
3000.0,739.872142685797,4.0015059,41.391216,0.7788024309478323
3000.0,739.8639200929437,4.0017066,41.353779,0.7791363946795996
3000.0,739.871171036846,4.001987,41.328808,0.7794703583252173
3000.0,739.8713782772519,4.0026693,41.37875,0.7798043220643793
3000.0,739.8630357465036,4.0027494,41.428692,0.7801382853969656
3000.0,739.870531971175,4.0028696,41.34127,0.7804722487541214
3000.0,739.864348424014,4.0033512,41.34127,0.780806212679231
3000.0,739.8717006781832,4.0033512,41.366245,0.7811401765639187
3000.0,739.8639858402383,4.0037923,41.353779,0.7814741403253632
3000.0,739.8718806477881,4.0041132,41.403721,0.7818081042912858
3000.0,739.8723322369351,4.0044742,41.37875,0.7821420684610468
3000.0,739.8635620019372,4.0046349,41.403721,0.7824760320311771
3000.0,739.8697412564898,4.0048752,41.37875,0.7828099950314195
3000.0,739.8636911393319,4.0050759,41.441158,0.7831439586598403
3000.0,739.8720040856924,4.0052361,41.34127,0.7834779226814803
3000.0,739.8719067100003,4.0056777,41.34127,0.7838118866591668
3000.0,739.8635857318627,4.0059185,41.29137,0.7841458502400084
3000.0,739.8720089202515,4.0061188,41.328808,0.7844798142638306
3000.0,739.8645555637012,4.0064397,41.328808,0.78481377828244
3000.0,739.8732857089675,4.0065603,41.34127,0.7851477428825802
3000.0,739.8663188740575,4.0069613,41.37875,0.7854817076971221
3000.0,739.8725263789091,4.0071616,41.316303,0.7858156719545152
3000.0,739.8728539074401,4.0075231,41.353779,0.7861496363597484
3000.0,739.8642761584692,4.0077634,41.37875,0.7864836002522384
3000.0,739.8707660665584,4.0080042,41.328808,0.7868175637150603
3000.0,739.863463955202,4.0080843,41.37875,0.7871515272409337
3000.0,739.8706992082398,4.008646,41.403721,0.7874854906735771
3000.0,739.8723221540403,4.0085659,41.353779,0.787819454838787
3000.0,739.8637362076095,4.0091677,41.391216,0.788153418487551
3000.0,739.872207736758,4.0093679,41.37875,0.7884873826011153
3000.0,739.8644435164285,4.0093679,41.391216,0.7888213465691482
3000.0,739.8710586583663,4.0098095,41.416187,0.7891553101640404
3000.0,739.8646129852016,4.0099697,41.328808,0.7894892742085691
3000.0,739.8724724847802,4.0106115,41.428692,0.7898232384416355
3000.0,739.8721006195062,4.0105715,41.416187,0.790157202506849
3000.0,739.8644330186346,4.0107722,41.353779,0.7904911664701434
3000.0,739.8717414499376,4.0109324,41.34127,0.7908251303732345
3000.0,739.8656034594272,4.0111732,41.416187,0.7911590948648488
3000.0,739.8740873371709,4.0115743,41.34127,0.7914930598268285
3000.0,739.8728145884068,4.011775,41.366245,0.7918270242143138
3000.0,739.8661604273542,4.012176,41.37875,0.7921609889573352
3000.0,739.874224507883,4.0122962,41.441158,0.7924949539812312
3000.0,739.8666630862846,4.012938,41.366245,0.7928289189511455
3000.0,739.873122377817,4.012938,41.391216,0.793162883477561
3000.0,739.8668530018134,4.0132589,41.428692,0.7934968485332003
3000.0,739.8742003017321,4.0134196,41.353779,0.7938308135461701
3000.0,739.8734285563216,4.0137405,41.34127,0.7941647782107888
3000.0,739.86570232409,4.0140214,41.366245,0.7944987427470291
3000.0,739.8739643382137,4.0142617,41.428692,0.7948327076534895
3000.0,739.8663067399992,4.0145426,41.328808,0.7951666724625542
3000.0,739.8749345706644,4.0151043,41.391216,0.7955006378069589
3000.0,739.874946215966,4.0154252,41.391216,0.79583460315662
3000.0,739.8640434696482,4.0155053,41.441158,0.7961685669440777
3000.0,739.8678726911497,4.0157461,41.366245,0.7965025291008855
3000.0,739.8617087995647,4.0159869,41.416187,0.7968364918345073
3000.0,739.8679283070978,4.0163479,41.403721,0.7971704540164191
3000.0,739.8602228083873,4.0163879,41.391216,0.7975044160792862
3000.0,739.8681724000423,4.0169497,41.37875,0.7978383783713768
3000.0,739.8687358188316,4.0169897,41.416187,0.7981723409177839
3000.0,739.8610647474234,4.01719,41.416187,0.7985063033606901
3000.0,739.8694744702789,4.0175509,41.403721,0.7988402662405102
3000.0,739.8612094004757,4.0178719,41.328808,0.7991742287487106
3000.0,739.8682963143426,4.0182734,41.441158,0.7995081910967338
3000.0,739.8682134769113,4.0185137,41.428692,0.7998421534073658
3000.0,739.861288318716,4.0187144,41.403721,0.8001761159511886
3000.0,739.8689664226914,4.0191956,41.353779,0.8005100786016859
3000.0,739.8616269521739,4.0191956,41.353779,0.800844041298363
3000.0,739.8702951164606,4.019557,41.416187,0.801178004548607
3000.0,739.8604916669175,4.0197573,41.403721,0.801511966732833
3000.0,739.8686446436533,4.0199981,41.428692,0.8018459292380854
3000.0,739.8684314349971,4.0203991,41.366245,0.8021798916470994
3000.0,739.8609699969546,4.0205998,41.37875,0.8025138540472365
3000.0,739.8670124574502,4.0208406,41.428692,0.8028478158157514
3000.0,739.8601831600819,4.0212817,41.466133,0.8031817778607219
3000.0,739.8682632572142,4.0214019,41.391216,0.8035157401938237
3000.0,739.860644937574,4.0218029,41.391216,0.8038497024472337
3000.0,739.8675729464455,4.0217628,41.366245,0.8041836644687426
3000.0,739.8682498661508,4.0220437,41.37875,0.8045176267958
3000.0,739.8609064232967,4.0223646,41.416187,0.8048515891672409
3000.0,739.8679770255371,4.0228062,41.391216,0.8051855513711432
3000.0,739.8601091612755,4.0229263,41.37875,0.8055195133827118
3000.0,739.8678801379053,4.0232072,41.441158,0.8058534755428808
3000.0,739.8678135112362,4.0236082,41.428692,0.806187437672976
3000.0,739.8601581481157,4.0235682,41.453667,0.8065213997066565
3000.0,739.8673058671937,4.0241299,41.453667,0.8068553616076107
3000.0,739.8593845671123,4.0245709,41.391216,0.8071893232921081
3000.0,739.8663350367925,4.024611,41.441158,0.8075232847548482
3000.0,739.8602302788058,4.0248518,41.403721,0.8078572468210875
3000.0,739.8674109458476,4.0252128,41.478634,0.8081912087694723
3000.0,739.8694517407915,4.0255337,41.391216,0.8085251716390328
3000.0,739.8617255109067,4.0255737,41.37875,0.8088591343801979
3000.0,739.8696887170606,4.0260954,41.37875,0.8091930973567248
3000.0,739.8630299483652,4.0262957,41.428692,0.8095270606866939
3000.0,739.8690256032187,4.0266566,41.416187,0.8098610233639041
3000.0,739.8690711964355,4.0266972,41.37875,0.8101949860616942
3000.0,739.8629728810886,4.0272183,41.441158,0.8105289493659038
3000.0,739.868015758489,4.027379,41.391216,0.8108629115872895
3000.0,739.8601968072139,4.0276194,41.416187,0.8111968736384201
3000.0,739.8668424735373,4.0278201,41.37875,0.8115308353302074
3000.0,739.8595715782516,4.0281811,41.403721,0.8118647970991189
3000.0,739.8677690165132,4.028542,41.366245,0.81219875920913
3000.0,739.86783547231,4.028863,41.453667,0.8125327213491379
3000.0,739.8605857821981,4.0293045,41.466133,0.8128666835758461
3000.0,739.8682848765434,4.0293045,41.453667,0.8132006459187064
3000.0,739.861489891912,4.0298257,41.466133,0.8135346085535166
3000.0,739.8685411521673,4.0297856,41.428692,0.8138685710120549
3000.0,739.8686926910865,4.0303874,41.441158,0.8142025335389949
3000.0,739.8619261329576,4.0305882,41.428692,0.8145364963707178
3000.0,739.8698211391614,4.0308685,41.428692,0.8148704594070176
3000.0,739.8616326044071,4.03123,41.403721,0.8152044221062461
3000.0,739.8687514191605,4.0315104,41.416187,0.8155383846596949
3000.0,739.8613900761042,4.0314703,41.453667,0.8158723472494496
3000.0,739.8685088888274,4.0317111,41.416187,0.8162063096934248
3000.0,739.8682676640809,4.0321922,41.37875,0.8165402720285158
3000.0,739.8607630154506,4.0326738,41.453667,0.8168742343352244
3000.0,739.8679709954864,4.0325131,41.391216,0.817208196536405
3000.0,739.8604332803567,4.0330348,41.391216,0.8175421586942762
3000.0,739.8679672968697,4.0333157,41.416187,0.8178761208937871
3000.0,739.8679563833516,4.0334759,41.453667,0.818210083088372
3000.0,739.8599278019603,4.0337167,41.391216,0.8185440450180775
3000.0,739.8677816266802,4.0339575,41.441158,0.8188780071337806
3000.0,739.860540409423,4.0343585,41.366245,0.8192119693400082
3000.0,739.8682655276663,4.0347595,41.428692,0.8195459316741349
3000.0,739.8607728183028,4.0350003,41.478634,0.8198798939852685
3000.0,739.8674862509848,4.0354819,41.34127,0.8202138559676446
3000.0,739.8671387645758,4.0356421,41.503567,0.820547817793172
3000.0,739.8595308308495,4.0357223,41.366245,0.8208817795436907
3000.0,739.8666137859022,4.0361638,41.441158,0.8212157411322528
3000.0,739.8594079929497,4.0363641,41.441158,0.8215497028273242
3000.0,739.8655041724505,4.036685,41.478634,0.8218836639150281
3000.0,739.8643669839022,4.037046,41.441158,0.8222176244894269
3000.0,739.8582196439029,4.0372066,41.391216,0.822551585648095
3000.0,739.8653562590924,4.0376077,41.428692,0.8228855466690337
3000.0,739.8591302233683,4.0376077,41.453667,0.823219508238724
3000.0,739.8667106119383,4.0380487,41.503567,0.8235534698709915
3000.0,739.859755525181,4.0382895,41.453667,0.823887431722934
3000.0,739.8684363178505,4.0385704,41.478634,0.824221394134152
3000.0,739.8685190083523,4.0392122,41.366245,0.824555356582695
3000.0,739.8600199772978,4.0391722,41.503567,0.8248893185540072
3000.0,739.8673626665601,4.039413,41.428692,0.8252232804805997
3000.0,739.8607002717937,4.0400147,41.428692,0.8255572427589868
3000.0,739.8669512997161,4.040215,41.466133,0.8258912044998962
3000.0,739.8688528360324,4.0404158,41.428692,0.8262251670991226
3000.0,739.8615307367205,4.0405359,41.416187,0.8265591297523694
3000.0,739.8691366022376,4.0410175,41.453667,0.8268930924796825
3000.0,739.8600978328667,4.0412178,41.466133,0.8272270544861375
3000.0,739.8680742919529,4.0416994,41.416187,0.827561016733944
3000.0,739.8603429491931,4.0418596,41.4911,0.827894978851041
3000.0,739.8689188518587,4.0421405,41.403721,0.8282289414800657
3000.0,739.8691834046568,4.0423813,41.478634,0.8285629042285044
3000.0,739.8622982863013,4.0425816,41.441158,0.8288968672282119
3000.0,739.8699398292731,4.0429831,41.478634,0.8292308303180861
3000.0,739.8614678954525,4.043344,41.428692,0.8295647929429674
3000.0,739.8684312755846,4.0435848,41.478634,0.8298987553519095
3000.0,739.8611594618764,4.0438251,41.4911,0.8302327178375684
3000.0,739.8681831791137,4.0440259,41.428692,0.8305666801345244
3000.0,739.8692209773146,4.044467,41.428692,0.8309006428999227
3000.0,739.8613204959892,4.0448279,41.503567,0.83123460545827
3000.0,739.868084851039,4.0451088,41.441158,0.8315685677108426
3000.0,739.8598728829458,4.0451889,41.466133,0.8319025296157586
3000.0,739.8675848964522,4.0458713,41.441158,0.8322364916426614
3000.0,739.8677058207951,4.0458713,41.453667,0.8325704537241472
3000.0,739.8613924926431,4.0461116,41.478634,0.8329044163149927
3000.0,739.8691855285886,4.0465531,41.428692,0.8332383790643901
3000.0,739.8614892569285,4.046874,41.4911,0.8335723416989136
3000.0,739.8683154798646,4.0469141,41.428692,0.8339063040555877
3000.0,739.8608086577304,4.0474758,41.478634,0.8342402663828987
3000.0,739.8697967858764,4.0477967,41.466133,0.8345742294082059
3000.0,739.8695761916512,4.0482779,41.441158,0.8349081923339412
3000.0,739.8620279030332,4.0483179,41.466133,0.8352421552116016
3000.0,739.8695505325746,4.0486388,41.466133,0.8355761181257548
3000.0,739.8626521792133,4.0489197,41.466133,0.8359100812852044
3000.0,739.8699969462367,4.0492005,41.478634,0.8362440444008602
3000.0,739.8694373116026,4.0496817,41.428692,0.8365780072639076
3000.0,739.8641814323521,4.0496016,41.541046,0.8369119711136397
3000.0,739.8707239034742,4.0499625,41.541046,0.8372459345574299
3000.0,739.8640639769761,4.0504842,41.466133,0.8375798983541444
3000.0,739.87136702158,4.0505643,41.478634,0.8379138620882258
3000.0,739.8621292572897,4.051126,41.453667,0.8382478250116361
3000.0,739.871192667635,4.0513663,41.416187,0.8385817886670175
3000.0,739.8709507113099,4.0513263,41.503567,0.8389157522131846
3000.0,739.8638501105155,4.051888,41.478634,0.8392497159133627
3000.0,739.872806031493,4.0523291,41.428692,0.8395836802969857
3000.0,739.8633237089722,4.0525298,41.441158,0.8399176437595539
3000.0,739.8725719115531,4.05265,41.466133,0.8402516080374997
3000.0,739.8720127889219,4.0530114,41.478634,0.840585572063068
3000.0,739.8631705001156,4.0531316,41.391216,0.8409195354564801
3000.0,739.8715249329084,4.0535326,41.503567,0.8412534992618398
3000.0,739.8640791871131,4.0539336,41.416187,0.8415874630654198
3000.0,739.8719122272298,4.0540543,41.428692,0.8419214270455966
3000.0,739.8645634374559,4.054656,41.541046,0.8422553910677602
3000.0,739.871294365474,4.0547361,41.441158,0.8425893547690461
3000.0,739.8724295764065,4.0549364,41.428692,0.8429233189827444
3000.0,739.8641199705311,4.055418,41.478634,0.8432572828047334
3000.0,739.8717733840159,4.0556188,41.453667,0.8435912467222392
3000.0,739.8626602111513,4.0558591,41.478634,0.8439252098853142
3000.0,739.870191795847,4.0562201,41.4911,0.8442591730889214
3000.0,739.8696626792001,4.0565009,41.4911,0.8445931360536953
3000.0,739.862687994494,4.0570626,41.453667,0.8449270992293114
3000.0,739.8713885068718,4.0571828,41.503567,0.845261062973091
3000.0,739.8637399913173,4.0575037,41.478634,0.845595026623563
3000.0,739.8704619757648,4.0578246,41.528542,0.8459289899491241
3000.0,739.8633039096826,4.0580654,41.503567,0.8462629534027554
3000.0,739.871667719076,4.0587873,41.441158,0.8465969172725659
3000.0,739.8710169589904,4.0586271,41.478634,0.8469308808486358
3000.0,739.863859803274,4.0587873,41.516075,0.8472648445531892
3000.0,739.8700370711324,4.0593891,41.566017,0.8475988076869566
3000.0,739.862443463834,4.0596299,41.416187,0.8479327707521951
3000.0,739.8709270781437,4.060111,41.516075,0.8482667342876945
3000.0,739.872043075669,4.0601916,41.4911,0.8486006983269339
3000.0,739.8652999328024,4.0605927,41.4911,0.8489346626815406
3000.0,739.8730893704154,4.0608735,41.453667,0.8492686271930573
3000.0,739.863968213767,4.0609536,41.478634,0.8496025909465456
3000.0,739.8720417565762,4.0615554,41.478634,0.8499365549851895
3000.0,739.8636954728948,4.0617557,41.516075,0.8502705186155665
3000.0,739.8710558384627,4.0620365,41.503567,0.8506044822091859
3000.0,739.8700712263452,4.0625181,41.503567,0.8509384453583703
3000.0,739.8620954191958,4.0624781,41.4911,0.8512724082665065
3000.0,739.869196782828,4.0630393,41.478634,0.8516063710209839
3000.0,739.8619944918088,4.0633602,41.4911,0.851940333883563
3000.0,739.8690307666301,4.063561,41.391216,0.8522742965631038
3000.0,739.869562605773,4.064002,41.516075,0.8526082594827067
3000.0,739.8624636908114,4.0641227,41.4911,0.8529422225570753
3000.0,739.8716586131202,4.0643635,41.453667,0.8532761864227756
3000.0,739.8639616703467,4.0648446,41.478634,0.8536101501733103
3000.0,739.870746547423,4.0654063,41.516075,0.8539441136273217
3000.0,739.8652813416799,4.0654864,41.516075,0.8542780779735366
3000.0,739.8715728585823,4.0657272,41.453667,0.854612041800529
3000.0,739.8710815098175,4.0659676,41.453667,0.854946005405736
3000.0,739.8647553068431,4.0664091,41.553513,0.8552799695145065
3000.0,739.8716747017139,4.0667701,41.441158,0.8556139333874689
3000.0,739.8646464572028,4.0670109,41.4911,0.8559478974471063
3000.0,739.8720956756708,4.0672917,41.503567,0.8562818615100882
3000.0,739.863531167072,4.0676527,41.516075,0.8566158250663001
3000.0,739.8714661430339,4.067893,41.516075,0.8569497888451231
3000.0,739.8724182853323,4.068254,41.516075,0.8572837530537248
3000.0,739.8646554783479,4.0686955,41.503567,0.8576177171174343
3000.0,739.8708723658744,4.0686555,41.516075,0.8579516806282377
3000.0,739.8642061392068,4.0690165,41.516075,0.858285644489122
3000.0,739.8706264416297,4.0694976,41.516075,0.8586196078889199
3000.0,739.8689008468355,4.0695376,41.516075,0.8589535705098175
3000.0,739.863903577233,4.0699792,41.466133,0.8592875342341297
3000.0,739.8713006151008,4.0703402,41.478634,0.8596214979382366
3000.0,739.8642332632145,4.070621,41.441158,0.8599554618113643
3000.0,739.8717237987325,4.0708213,41.528542,0.8602894257064881
3000.0,739.8642712271663,4.071383,41.541046,0.8606233895967522
3000.0,739.8712072795653,4.0715437,41.416187,0.8609573532587292
3000.0,739.8696199914256,4.0719047,41.503567,0.8612913162042348
3000.0,739.8625762394407,4.0722656,41.4911,0.8616252793294064
3000.0,739.8701325668205,4.0725064,41.528542,0.8619592425062786
3000.0,739.8628762385613,4.0728273,41.478634,0.8622932057668653
3000.0,739.8712341721962,4.0729876,41.453667,0.8626271694409811
3000.0,739.8727273807386,4.0732284,41.541046,0.8629611337891026
3000.0,739.865010224794,4.0736694,41.528542,0.8632950980129394
3000.0,739.8724118642194,4.0740304,41.578484,0.8636290622186428
3000.0,739.8631340496468,4.0743914,41.528542,0.8639630255956016
3000.0,739.8695856888737,4.0746722,41.466133,0.8642969885256236
3000.0,739.8620809170973,4.0749531,41.528542,0.8646309514272139
3000.0,739.8687942540695,4.075274,41.516075,0.8649649139999975
3000.0,739.8690417045,4.0755548,41.503567,0.8652988766844755
3000.0,739.8600420105915,4.0755949,41.528542,0.8656328386657332
3000.0,739.8675573575763,4.0759959,41.516075,0.8659668006802055
3000.0,739.8611775403872,4.0764775,41.503567,0.8663007631740247
3000.0,739.8696745809124,4.0767984,41.453667,0.8666347261441709
3000.0,739.868602065155,4.0771594,41.503567,0.8669686886302042
3000.0,739.8618866072286,4.0774002,41.503567,0.8673026514440857
3000.0,739.8684394913677,4.0776405,41.4911,0.8676366138567363
3000.0,739.8614709834002,4.0780821,41.466133,0.8679705764830113
3000.0,739.8690002613301,4.0781221,41.466133,0.8683045391487827
3000.0,739.8598007516417,4.078764,41.428692,0.8686385010211396
3000.0,739.8680820921173,4.078764,41.453667,0.868972463272467
3000.0,739.868426771515,4.0791249,41.453667,0.869306425679376
3000.0,739.8613523685603,4.0794458,41.428692,0.8696403882521101
3000.0,739.8694267527211,4.079927,41.503567,0.8699743511103915
3000.0,739.8599645209107,4.0799675,41.516075,0.8703083130566714
3000.0,739.8674888756644,4.0806494,41.453667,0.8706422750402323
3000.0,739.8680060296169,4.0806093,41.478634,0.8709762372572265
3000.0,739.8613475833671,4.0810504,41.478634,0.8713101998278007
3000.0,739.8673591875194,4.0812511,41.478634,0.8716441617528228
3000.0,739.8606395421581,4.0815315,41.528542,0.8719781240037975
3000.0,739.8672849196892,4.0818925,41.553513,0.8723120858952965
3000.0,739.8603513230767,4.0822134,41.503567,0.8726460480161733
3000.0,739.8677935042452,4.0824542,41.478634,0.8729800101372377
3000.0,739.8677922346747,4.0828152,41.478634,0.873313972257729
3000.0,739.861634300425,4.0830159,41.516075,0.873647934957723
3000.0,739.8690312917297,4.0833769,41.466133,0.8739818976375008
3000.0,739.8618570169557,4.0835376,41.466133,0.8743158604380258
3000.0,739.86880939069,4.0839787,41.4911,0.8746498230176418
3000.0,739.8685640283795,4.0841794,41.503567,0.8749837854865059
3000.0,739.8613641968934,4.0845404,41.503567,0.8753177480645792
3000.0,739.8694565135501,4.0847406,41.503567,0.875651710936294
3000.0,739.8621935021515,4.0849013,41.4911,0.8759856738887034
3000.0,739.8694227733419,4.0853424,41.478634,0.8763196367451885
3000.0,739.8625143622099,4.0857034,41.503567,0.8766535998424296
3000.0,739.8707386492372,4.0859842,41.466133,0.8769875632928759
3000.0,739.8688423626893,4.0861044,41.4911,0.8773215258873748
3000.0,739.8620279382304,4.086586,41.478634,0.8776554887650511
3000.0,739.8684994042923,4.0867867,41.428692,0.8779894512047451
3000.0,739.8607688139981,4.0871878,41.478634,0.8783234135140713
3000.0,739.8681244140002,4.0875487,41.4911,0.878657375784502
3000.0,739.8611154556562,4.0878696,41.416187,0.878991338250297
3000.0,739.8692151060625,4.0882707,41.428692,0.8793253010130452
3000.0,739.8688738199625,4.0884714,41.516075,0.8796592636217433
3000.0,739.8618641575018,4.0887117,41.453667,0.8799932264254914
3000.0,739.8679921015851,4.0889125,41.466133,0.8803271886361987
3000.0,739.8616975573074,4.0892735,41.478634,0.880661151364746
3000.0,739.8685970237076,4.0894742,41.391216,0.8809951138485036
3000.0,739.868101318212,4.0899553,41.428692,0.8813290761085092
3000.0,739.8596688928014,4.0901961,41.403721,0.881663037921347
3000.0,739.8672097846055,4.090477,41.453667,0.8819969997789315
3000.0,739.8604766037087,4.0907178,41.428692,0.8823309619563582
3000.0,739.8669587947661,4.0909986,41.4911,0.8826649237006507
3000.0,739.8614712154566,4.0913196,41.441158,0.8829988863270305
3000.0,739.8687425446496,4.0917206,41.503567,0.8833328488764735
3000.0,739.8700661239159,4.0919209,41.528542,0.8836668120233547
3000.0,739.86172060416,4.0921216,41.478634,0.884000774762305
3000.0,739.8679723258342,4.0923624,41.441158,0.8843347369640859
3000.0,739.8605836705658,4.0928035,41.503567,0.884668699189841
3000.0,739.8687727941527,4.0932446,41.428692,0.8850026617529381
3000.0,739.867802964633,4.0933652,41.478634,0.8853366238782726
3000.0,739.8612082893056,4.0935655,41.466133,0.8856705863859715
3000.0,739.8677143897823,4.0941272,41.466133,0.886004548471325
3000.0,739.8597956983762,4.0942879,41.478634,0.886338510341401
3000.0,739.8678251812989,4.0946488,41.478634,0.8866724724767638
3000.0,739.860650321121,4.0950098,41.516075,0.887006434732604
3000.0,739.868436622351,4.09517,41.441158,0.8873403971439595
3000.0,739.8681587284211,4.0954509,41.441158,0.8876743594298789
3000.0,739.8611602061352,4.0957718,41.541046,0.8880083219158738
3000.0,739.8677935042452,4.0958118,41.441158,0.8883422840369382
3000.0,739.8593383395753,4.0962534,41.478634,0.888676245700569
3000.0,739.8670804627615,4.0966544,41.453667,0.8890102074997801
3000.0,739.8686861113796,4.0967746,41.503567,0.8893441700237502
3000.0,739.8601825373764,4.0972161,41.4911,0.8896781320684396
3000.0,739.8686709137771,4.0974164,41.466133,0.8900120945855498
3000.0,739.8623343829556,4.0977373,41.4911,0.8903460576015508
3000.0,739.8679066761042,4.0980983,41.541046,0.8906800197736987
3000.0,739.8615995230549,4.098259,41.428692,0.8910139824579948
3000.0,739.869743355865,4.0987802,41.516075,0.8913479454591847
3000.0,739.8695873247452,4.0989809,41.416187,0.8916819083899452
3000.0,739.8636200336603,4.0991011,41.453667,0.8920158719862701
3000.0,739.8702151965449,4.0994625,41.428692,0.8923498352004399
3000.0,739.8618606913882,4.0999036,41.428692,0.8926837980026234
3000.0,739.870840285685,4.0999837,41.428692,0.8930177614989464
3000.0,739.8703007075642,4.1007462,41.416187,0.8933517247517142
3000.0,739.8626770329963,4.1007056,41.4911,0.8936856879223825
3000.0,739.8688132108613,4.1010671,41.428692,0.8940196505037228
3000.0,739.8615964473854,4.101388,41.428692,0.8943536131866304
3000.0,739.8689979419697,4.1016684,41.478634,0.8946875758513548
3000.0,739.8631375767419,4.1018291,41.466133,0.8950215392299058
3000.0,739.8705606826232,4.1022301,41.441158,0.8953555026000213
3000.0,739.8695036329526,4.1028318,41.4911,0.8956894654930049
3000.0,739.861856284361,4.1028719,41.391216,0.8960234282931993
3000.0,739.8689027994857,4.1030726,41.4911,0.8963573909149781
3000.0,739.8612099132919,4.1032729,41.453667,0.89669135342341
3000.0,739.8681965454159,4.1037145,41.416187,0.8970253157263994
3000.0,739.8695408646845,4.1036339,41.4911,0.8973592786361887
3000.0,739.8617095816811,4.1040754,41.416187,0.8976932413701636
3000.0,739.8701829207221,4.1048775,41.37875,0.8980272045697646
3000.0,739.8619990817799,4.1049175,41.416187,0.8983611674344156
3000.0,739.8696028645015,4.1051183,41.516075,0.8986951303721904
3000.0,739.8620622040121,4.1052785,41.403721,0.8990290932653339
3000.0,739.8694092107924,4.1055593,41.453667,0.8993630561156971
3000.0,739.8679550650774,4.106041,41.441158,0.8996970183096868
3000.0,739.8610201557415,4.1062012,41.441158,0.900030980732465
3000.0,739.8690641405373,4.1066427,41.528542,0.9003649434270702
3000.0,739.8621440151826,4.1067228,41.403721,0.9006989063571419
3000.0,739.8681761111419,4.1073246,41.466133,0.9010328686509076
3000.0,739.8688092564478,4.1075249,41.416187,0.9013668312304632
3000.0,739.8624962229223,4.1079664,41.391216,0.9017007943195162
3000.0,739.8707691185209,4.1081266,41.391216,0.9020347577837158
3000.0,739.8625403513099,4.1084075,41.466133,0.902368720892688
3000.0,739.8700365947365,4.1085277,41.441158,0.9027026840262402
3000.0,739.8625454049848,4.1089692,41.441158,0.9030366471374934
3000.0,739.8703206171479,4.1092901,41.428692,0.903370610399248
3000.0,739.8706304946784,4.1093302,41.441158,0.9037045738008754
3000.0,739.8625376042849,4.1098113,41.503567,0.9040385369086076
3000.0,739.8714199887014,4.1100922,41.453667,0.9043725006665974
3000.0,739.862957182487,4.1104937,41.391216,0.904706463963721
3000.0,739.8699708107642,4.1106539,41.416187,0.9050404270675796
3000.0,739.8621864221774,4.1110148,41.37875,0.9053743900167932
3000.0,739.8697357020163,4.1114964,41.466133,0.9057083530145283
3000.0,739.8694191966891,4.1116567,41.34127,0.9060423158693992
3000.0,739.8618916604942,4.1118975,41.428692,0.9063762786855618
3000.0,739.8700601296766,4.1121383,41.428692,0.9067102418297374
3000.0,739.8623695393103,4.1125393,41.453667,0.9070442048616074
3000.0,739.8708233662633,4.1124187,41.441158,0.9073781683502932
3000.0,739.8703130856723,4.1130204,41.466133,0.9077121316086484
3000.0,739.8631452800354,4.1133814,41.478634,0.9080460949906763
3000.0,739.8700253400878,4.1135821,41.478634,0.9083800581191486
3000.0,739.8612750978393,4.1137829,41.416187,0.9087140206570038
3000.0,739.86848293671,4.1141038,41.478634,0.9090479830892648
3000.0,739.8617204817881,4.1143847,41.503567,0.9093819458281596
3000.0,739.8696967615621,4.1147056,41.391216,0.909715908808318
3000.0,739.8697424161701,4.1151867,41.503567,0.9100498718090836
3000.0,739.8609876972993,4.1153069,41.416187,0.9103838342172104
3000.0,739.8678658673103,4.1155877,41.428692,0.910717796370938
3000.0,739.8625566595202,4.1159487,41.453667,0.9110517594872716
3000.0,739.8697677093548,4.1163096,41.441158,0.9113857224994542
3000.0,739.8691448176114,4.1165504,41.37875,0.9117196852304754
3000.0,739.8626633117862,4.1167111,41.416187,0.91205364839495
3000.0,739.8704015381497,4.1171122,41.441158,0.9123876116932308
3000.0,739.8625669751887,4.1174731,41.453667,0.9127215748142206
3000.0,739.8720562706897,4.1174731,41.391216,0.9130555388594158
3000.0,739.8643635484088,4.1179547,41.416187,0.9133895027913524
3000.0,739.8713697076507,4.1180348,41.403721,0.9137234665266464
3000.0,739.8720749725032,4.1186366,41.416187,0.9140574305802832
3000.0,739.8639851444781,4.1188369,41.416187,0.9143913943414138
3000.0,739.8711977090825,4.1190777,41.416187,0.9147253579990708
3000.0,739.8631708050223,4.1193986,41.428692,0.9150593213926206
3000.0,739.8705611700697,4.1196394,41.403721,0.915393284762956
3000.0,739.869885092652,4.1202006,41.453667,0.9157272478281232
3000.0,739.862468452267,4.1204014,41.403721,0.9160612109046412
3000.0,739.8695109446476,4.1206422,41.466133,0.9163951738009252
3000.0,739.861004665254,4.1209631,41.466133,0.9167291362167111
3000.0,739.8691634944593,4.1214042,41.416187,0.9170630989561628
3000.0,739.8622826376308,4.1215248,41.391216,0.9173970619488068
3000.0,739.8692644347306,4.1219258,41.4911,0.9177310247338208
3000.0,739.8700924177776,4.1222467,41.428692,0.9180649878925706
3000.0,739.8620269256947,4.1222467,41.37875,0.91839895076979
3000.0,739.8699476167501,4.1225276,41.366245,0.9187329138631792
3000.0,739.8619976542436,4.1229286,41.453667,0.919066876727186
3000.0,739.8699639500902,4.1230488,41.34127,0.9194008398279478
3000.0,739.8692584413099,4.1236105,41.416187,0.9197348026102566
3000.0,739.8623609454438,4.1240916,41.366245,0.9200687656382476
3000.0,739.8695569160342,4.1239715,41.37875,0.9204027285552822
3000.0,739.862232662811,4.1245332,41.453667,0.920736691525368
3000.0,739.8691434625024,4.1246533,41.453667,0.9210706542557776
3000.0,739.8604513472033,4.1251349,41.403721,0.921404616421804
3000.0,739.8678910266623,4.1253753,41.428692,0.921738578586888
3000.0,739.8672665113256,4.1258969,41.441158,0.922072540470078
3000.0,739.8607860623033,4.1258168,41.403721,0.9224065027871896
3000.0,739.8687319247862,4.1262178,41.441158,0.9227404653318392
3000.0,739.8604964885358,4.1265388,41.37875,0.9230744275182414
3000.0,739.86682761727,4.1268597,41.391216,0.9234083892033228
3000.0,739.8663165062604,4.1269798,41.416187,0.9237423506576988
3000.0,739.8593765842869,4.1275015,41.391216,0.9240763123385928
3000.0,739.8679143176747,4.1276217,41.37875,0.92441027451419
3000.0,739.8602419610293,4.1278625,41.391216,0.9247442365857024
3000.0,739.867407234748,4.1283841,41.416187,0.925078198532412
3000.0,739.8610592546011,4.1285043,41.428692,0.9254121609728388
3000.0,739.8685058859778,4.1290259,41.403721,0.9257461234154586
3000.0,739.8683158211998,4.1290259,41.391216,0.9260800857722868
3000.0,739.8595493002139,4.1295471,41.453667,0.9264140475311422
3000.0,739.8693504340147,4.1296678,41.353779,0.9267480103549748
3000.0,739.8604803759569,4.1299887,41.37875,0.9270819725341042
3000.0,739.867160004098,4.1304297,41.416187,0.9274159343692188
3000.0,739.8676253753705,4.1306305,41.466133,0.9277498964143928
3000.0,739.861794639596,4.1309514,41.403721,0.9280838591867616
3000.0,739.8684128189266,4.1311116,41.441158,0.9284178215873728
3000.0,739.8610004288928,4.1315527,41.416187,0.9287517840012464
3000.0,739.8683489024755,4.1318336,41.428692,0.9290857463730068
3000.0,739.8616886949592,4.1320343,41.37875,0.9294197090975538
3000.0,739.8699476781413,4.1323552,41.428692,0.9297536721909708
3000.0,739.8701591541324,4.1325555,41.366245,0.9300876353798442
3000.0,739.8624251538805,4.132957,41.366245,0.9304215984368178
3000.0,739.8694463819515,4.1334381,41.416187,0.9307555613039594
3000.0,739.8612446174025,4.1335182,41.403721,0.9310895238280562
3000.0,739.8688453164258,4.1337991,41.441158,0.9314234864238884
3000.0,739.8605091718354,4.1340799,41.428692,0.9317574486160158
3000.0,739.867876182264,4.1343608,41.403721,0.9320914107743996
3000.0,739.8679324207192,4.1347218,41.37875,0.932425372958168
3000.0,739.8599326121191,4.1350827,41.416187,0.9327593348900448
3000.0,739.8677131443591,4.1353636,41.328808,0.9330932969748365
3000.0,739.859623177262,4.1354837,41.441158,0.9334272587670388
3000.0,739.8663665556616,4.1359253,41.428692,0.933761220244006
3000.0,739.8664266265663,4.1360855,41.403721,0.934095181748088
3000.0,739.8584615973851,4.1363664,41.391216,0.9344291430159702
3000.0,739.8660742204689,4.1366472,41.353779,0.9347631043609828
3000.0,739.8590894027068,4.1367273,41.441158,0.9350970659122474
3000.0,739.866590530906,4.1373692,41.428692,0.9354310274903126
3000.0,739.8596763509418,4.13765,41.391216,0.935764989306517
3000.0,739.8672195257559,4.1380916,41.391216,0.9360989511684984
3000.0,739.8658310797024,4.1381316,41.366245,0.936432912403762
3000.0,739.8577611252289,4.1386127,41.391216,0.9367668733554616
3000.0,739.8658005969127,4.1390138,41.441158,0.9371008345769656
3000.0,739.8596673547621,4.1390538,41.478634,0.9374347963891092
3000.0,739.8657075671053,4.1394954,41.366245,0.9377687575686215
3000.0,739.8666490522963,4.1398563,41.366245,0.9381027191731024
3000.0,739.8604494678322,4.1400571,41.416187,0.9384366813382802
3000.0,739.8669446706916,4.1402574,41.416187,0.9387706430761974
3000.0,739.8585645154651,4.140779,41.391216,0.9391046043905354
3000.0,739.8656082258709,4.1409793,41.478634,0.9394385655252072
3000.0,739.8604980265752,4.1414208,41.366245,0.9397725277123036
3000.0,739.8679727162825,4.1416211,41.478634,0.9401064899142608
3000.0,739.8675042693095,4.1416616,41.37875,0.94044045190477
3000.0,739.8611692759836,4.1421027,41.34127,0.940774414394859
3000.0,739.8671968212344,4.1423836,41.403721,0.941108376246592
3000.0,739.859521273355,4.1429048,41.416187,0.9414423379927964
3000.0,739.8662452531486,4.1431856,41.366245,0.94177629941501
3000.0,739.8660123540756,4.1433063,41.441158,0.9421102607320976
3000.0,739.8584913714208,4.1435866,41.366245,0.9424442220134194
3000.0,739.8654044409725,4.1439881,41.403721,0.9427781830561064
3000.0,739.8579309234648,4.144309,41.391216,0.9431121440844504
3000.0,739.865763867361,4.1447501,41.416187,0.9434461052893754
3000.0,739.8582630139117,4.14467,41.366245,0.94378006646762
3000.0,739.8662509915911,4.1451111,41.353779,0.944114027892424
3000.0,739.8667763596895,4.1452718,41.416187,0.9444479895543688
3000.0,739.8597158643926,4.1457129,41.391216,0.9447819513884088
3000.0,739.8660971083456,4.146194,41.37875,0.9451159127437526
3000.0,739.8592478248538,4.1463547,41.416187,0.9454498743665264
3000.0,739.8668897640167,4.1463547,41.441158,0.94578383607966
3000.0,739.8670056939789,4.1468358,41.428692,0.9461177978451216
3000.0,739.8599159859054,4.1473575,41.37875,0.9464517597694938
3000.0,739.8655613753618,4.1475983,41.416187,0.946785720883018
3000.0,739.8580028237355,4.1478391,41.416187,0.9471196819438166
3000.0,739.8675205531274,4.1481194,41.416187,0.947453643941676
3000.0,739.859166746278,4.1486411,41.366245,0.9477876055278522
3000.0,739.8674968352414,4.148922,41.391216,0.948121567515006
3000.0,739.8673191354746,4.1490421,41.416187,0.9484555294219492
3000.0,739.8606304117376,4.149724,41.391216,0.9487894916688028
3000.0,739.8693808541854,4.1498847,41.366245,0.9491234545063664
3000.0,739.861273254484,4.1498446,41.416187,0.9494574170433896
3000.0,739.8692135929733,4.1502056,41.37875,0.9497913798054546
3000.0,739.8696736043827,4.1504865,41.428692,0.95012534277516
3000.0,739.8618155250902,4.1510477,41.391216,0.9504593055569562
3000.0,739.8682278447089,4.1512084,41.366245,0.9507932678740736
3000.0,739.8608805449045,4.1515293,41.366245,0.9511272302338332
3000.0,739.8670294495181,4.1516895,41.416187,0.951461192010018
3000.0,739.8589678456198,4.1521711,41.353779,0.9517951535064134
3000.0,739.8646294487847,4.152492,41.466133,0.9521291141992838
3000.0,739.8654693581005,4.152813,41.303837,0.9524630752712732
3000.0,739.8595685756369,4.153214,41.428692,0.9527970370388292
3000.0,739.8661568006711,4.1533341,41.416187,0.953130998421117
3000.0,739.8573264838178,4.1538959,41.416187,0.9534649591766258
3000.0,739.8653665376207,4.1540966,41.403721,0.953798920202204
3000.0,739.8586237066521,4.1542568,41.328808,0.95413288154326
3000.0,739.8664599517698,4.1549387,41.353779,0.9544668430623844
3000.0,739.8655289657062,4.1548986,41.403721,0.9548008041612795
3000.0,739.8588782460275,4.1550193,41.403721,0.955134765617231
3000.0,739.8659035766004,4.1554203,41.391216,0.9554687268852182
3000.0,739.8584083271177,4.1558213,41.428692,0.9558026881290552
3000.0,739.8649777175227,4.156383,41.428692,0.9561366489791274
3000.0,739.8662762229754,4.1566238,41.391216,0.95647061041532
3000.0,739.8583030172597,4.1567039,41.366245,0.9568045716116216
3000.0,739.8647163509291,4.1570249,41.37875,0.9571385323437182
3000.0,739.8582585352623,4.1577067,41.37875,0.9574724935199412
3000.0,739.8670990663492,4.1575866,41.403721,0.9578064553275496
3000.0,739.8584185445611,4.1581478,41.37875,0.9581404165759984
3000.0,739.866656997958,4.1582685,41.416187,0.9584743781840658
3000.0,739.8662167381523,4.1587496,41.366245,0.9588083395934082
3000.0,739.8597566240728,4.1590705,41.391216,0.9591423014458466
3000.0,739.8669014091137,4.1590304,41.403721,0.9594762631642364
3000.0,739.8586594736388,4.1596723,41.416187,0.959810224521437
3000.0,739.867059405162,4.1600733,41.37875,0.9601441863111432
3000.0,739.8687168732948,4.1601133,41.366245,0.9604781488489984
3000.0,739.862124252318,4.1603942,41.416187,0.9608121117701496
3000.0,739.8700665999024,4.160996,41.37875,0.9611460749172458
3000.0,739.8598550119351,4.1613169,41.391216,0.961480036814095
3000.0,739.8685881248448,4.161437,41.353779,0.9618139992938358
3000.0,739.8612534191785,4.1619587,41.353779,0.9621479618219057
3000.0,739.869358148436,4.1620388,41.391216,0.9624819246492204
3000.0,739.8686350735798,4.1621995,41.416187,0.9628158871501528
3000.0,739.8602584525928,4.1628413,41.37875,0.9631498492291094
3000.0,739.8682072999308,4.1629615,41.353779,0.9634838115369532
3000.0,739.8598201126024,4.1634431,41.37875,0.9638177734180492
3000.0,739.8679176254338,4.1638842,41.416187,0.9641517355951396
3000.0,739.8691602963858,4.1643653,41.353779,0.9644856983331476
3000.0,739.8616675892774,4.1642852,41.37875,0.9648196610481676
3000.0,739.8701513292068,4.1646862,41.403721,0.965153624233509
3000.0,739.8620015472267,4.1648068,41.366245,0.9654875870992728
3000.0,739.8691506894775,4.165328,41.416187,0.9658215498329444
3000.0,739.8616532701228,4.1655288,41.366245,0.9661555125415012
3000.0,739.8684814596371,4.1662507,41.453667,0.9664894749730956
3000.0,739.870007638951,4.1664915,41.403721,0.9668234380935776
3000.0,739.8614088872096,4.1664915,41.366245,0.9671574006918234
3000.0,739.8677258764899,4.1670532,41.366245,0.967491362782362
3000.0,739.8615033689921,4.1672535,41.366245,0.9678253254232554
3000.0,739.8691224171811,4.1675344,41.391216,0.9681592881441656
3000.0,739.8691283377509,4.1677752,41.391216,0.968493250867748
3000.0,739.8625133619523,4.1680961,41.416187,0.9688272139645376
3000.0,739.8694098828216,4.1686177,41.366245,0.9691611768152042
3000.0,739.8620305628835,4.1687779,41.391216,0.9694951396940652
3000.0,739.8685958278065,4.1691389,41.37875,0.9698291021772832
3000.0,739.8617926738688,4.1694999,41.37875,0.9701630649487646
3000.0,739.8708224638123,4.1698608,41.353779,0.9704970284370432
3000.0,739.8711522988116,4.1700215,41.266396,0.9708309920742028
3000.0,739.8620481778953,4.1705427,41.366245,0.9711649549610152
3000.0,739.8700259503165,4.1707034,41.353779,0.9714989180897629
3000.0,739.8624844555707,4.1710243,41.34127,0.9718328811735044
3000.0,739.869169842312,4.1715055,41.366245,0.9721668439158212
3000.0,739.8683035527773,4.1718264,41.328808,0.9725008062671116
3000.0,739.862479804209,4.1722279,41.353779,0.9728347693487536
3000.0,739.8678059069098,4.1725888,41.34127,0.9731687314754164
3000.0,739.8611004161851,4.1729097,41.453667,0.9735026939344228
3000.0,739.8677679302978,4.1729498,41.316303,0.9738366560439436
3000.0,739.8617751202477,4.1732306,41.328808,0.9741706188075016
3000.0,739.8689173627122,4.1738324,41.37875,0.974504581435854
3000.0,739.8696107381307,4.1741128,41.278862,0.9748385443771828
3000.0,739.862825432922,4.1745143,41.34127,0.9751725076148366
3000.0,739.8697015337067,4.1748352,41.34127,0.9755064705971488
3000.0,739.8592753515838,4.1751161,41.391216,0.975840432232348
3000.0,739.8677206402276,4.1753964,41.391216,0.9761743943205228
3000.0,739.8685066550053,4.1757174,41.366245,0.9765083567634898
3000.0,739.860019635352,4.1759181,41.366245,0.9768423187346476
3000.0,739.8666461222978,4.1763592,41.303837,0.9771762803378058
3000.0,739.8600763729612,4.177001,41.328808,0.9775102423345742
3000.0,739.8681028939202,4.1768808,41.416187,0.9778442045952912
3000.0,739.8598142154206,4.1774426,41.416187,0.9781781664737254
3000.0,739.8683671160243,4.1778436,41.34127,0.9785121288537072
3000.0,739.8695915361833,4.1782446,41.303837,0.9788460917863684
3000.0,739.860700638091,4.1785254,41.416187,0.979180054064921
3000.0,739.86862705343,4.1788864,41.366245,0.9795140165622336
3000.0,739.8598002396441,4.1791673,41.353779,0.9798479784343592
3000.0,739.8681555663637,4.1796484,41.34127,0.9801819407188516
3000.0,739.8593760465052,4.1798091,41.34127,0.9805159023995028
3000.0,739.8607662319873,4.18009,41.316303,0.9808498613485912
3000.0,739.8608255588304,4.1802502,41.34127,0.9811838203244588
3000.0,739.8536978511506,4.1808119,41.29137,0.981517779442056
3000.0,739.8604552678321,4.1811728,41.353779,0.9818517382507812
3000.0,739.8519492375011,4.1814938,41.428692,0.9821856965790796
3000.0,739.8602910229756,4.1819353,41.316303,0.982519655313668
3000.0,739.8601223317572,4.1820555,41.34127,0.9828536139721123
3000.0,739.8528663235525,4.1824565,41.366245,0.98318757271437
3000.0,739.860421760092,4.1828575,41.328808,0.9835215315079706
3000.0,739.8535803953655,4.1827774,41.303837,0.9838554905725498
3000.0,739.8605094067074,4.18362,41.328808,0.9841894494057124
3000.0,739.8532658699993,4.1837802,41.37875,0.9845234083283196
3000.0,739.8607611541145,4.1841011,41.303837,0.984857367275116
3000.0,739.8610363869394,4.1844621,41.37875,0.9851913263461471
3000.0,739.8533687262793,4.1847029,41.353779,0.9855252853151822
3000.0,739.8602886422238,4.1851439,41.328808,0.985859244048696
3000.0,739.8527286285117,4.1854248,41.328808,0.9861932027288002
3000.0,739.8605070263649,4.1859064,41.353779,0.9865271615608884
3000.0,739.8617368305344,4.1862273,41.37875,0.9868611209480864
3000.0,739.8551613815508,4.1865482,41.391216,0.9871950807262996
3000.0,739.8632878524216,4.1867485,41.37875,0.9875290408135992
3000.0,739.8553423004909,4.1871901,41.366245,0.9878630006734764
3000.0,739.8617252586977,4.187511,41.366245,0.9881969600554512
3000.0,739.8533102545903,4.1875911,41.366245,0.9885309189980932
3000.0,739.8613528443815,4.1882329,41.328808,0.9888648782119672
3000.0,739.8605564282932,4.1885138,41.316303,0.9891988370663544
3000.0,739.8536854477921,4.1887946,41.328808,0.9895327961783528
3000.0,739.8613549566489,4.1893559,41.316303,0.9898667553931804
3000.0,739.8520982239118,4.1894364,41.34127,0.9902007137887292
3000.0,739.8592272710202,4.1899176,41.37875,0.99053467204316
3000.0,739.8596045315597,4.1901984,41.353779,0.9908686304678794
3000.0,739.8489549654446,4.1905994,41.403721,0.9912025874446074
3000.0,739.855682708243,4.1912012,41.353779,0.9915365440990908
3000.0,739.8478517348848,4.1913619,41.328808,0.9918705005778368
3000.0,739.8560609326247,4.1916022,41.37875,0.9922044574030434
3000.0,739.849631988435,4.1921239,41.34127,0.9925384146853696
3000.0,739.8546591679495,4.1924448,41.316303,0.9928723708778469
3000.0,739.8552189364165,4.1926856,41.316303,0.9932063273229924
3000.0,739.8469341118704,4.1930866,41.34127,0.9935402833875367
3000.0,739.8554525922387,4.1933675,41.366245,0.9938742399381504
3000.0,739.847880849176,4.1938887,41.366245,0.994208196430038
3000.0,739.8549300309471,4.1942902,41.29137,0.9945421527447774
3000.0,739.8562447228103,4.1944904,41.303837,0.9948761096529436
3000.0,739.8494109073501,4.1948915,41.328808,0.995210066835477
3000.0,739.8548430072481,4.1952529,41.34127,0.9955440231109356
3000.0,739.8482096556346,4.195734,41.37875,0.9958779797512416
3000.0,739.854910035825,4.1960149,41.328808,0.9962119360569556
3000.0,739.84777719932,4.1960549,41.266396,0.9965458925020572
3000.0,739.8551452419803,4.196496,41.316303,0.9968798489139388
3000.0,739.8543601304723,4.1968975,41.303837,0.997213804971436
3000.0,739.8473931679168,4.1970177,41.328808,0.9975477612431914
3000.0,739.853641584242,4.1975393,41.328808,0.9978817169763508
3000.0,739.8454684700424,4.1978602,41.303837,0.9982156723793256
3000.0,739.8540571500412,4.1982212,41.366245,0.9985496283000634
3000.0,739.8547881963435,4.1986222,41.34127,0.9988835845507814
3000.0,739.8468183050369,4.1989832,41.34127,0.9992175405630522
3000.0,739.8543117410899,4.1989832,41.29137,0.9995514965987076
3000.0,739.8474961707158,4.1999459,41.303837,0.999885452916957
3000.0,739.8566651065989,4.2001061,41.37875,1.0
3000.0,-703.7314065589604,4.1899576,40.86689,1.0
3000.0,-703.7314065589604,4.1694598,40.86689,0.999692941789796
3000.0,-740.3056801310402,4.1678553,40.829414,0.999369921925318
3000.0,-740.3120580841302,4.1664515,40.829414,0.9990469025269664
3000.0,-740.3031529332784,4.1648068,40.879356,0.9987238837651884
3000.0,-740.3110635596854,4.1634831,40.841919,0.9984008648007764
3000.0,-740.309676918876,4.1621995,40.904327,0.9980778464413956
3000.0,-740.3023560253512,4.1612768,40.80444,0.997754828027335
3000.0,-740.3102235282873,4.1601939,40.854385,0.9974318094294528
3000.0,-740.3022617752997,4.1591105,40.829414,0.9971087910565164
3000.0,-740.3104138002927,4.1582284,40.854385,0.9967857723756132
3000.0,-740.3023984079648,4.1573057,40.841919,0.9964627539430596
3000.0,-740.3098798740816,4.1564631,40.879356,0.9961397354951236
3000.0,-740.30894367515,4.1557412,40.891823,0.995816717455678
3000.0,-740.3009228044524,4.1550193,40.816948,0.995493699666979
3000.0,-740.3093498785299,4.1542568,40.841919,0.9951706814502952
3000.0,-740.3014152460208,4.1533747,40.86689,0.9948476634467278
3000.0,-740.3094925428743,4.1526122,40.916794,0.9945246451677956
3000.0,-740.311249229651,4.1518903,40.891823,0.9942016261223704
3000.0,-740.3041454701378,4.1510882,40.791973,0.9938786069275156
3000.0,-740.3107532919,4.1508074,40.879356,0.9935555880984824
3000.0,-740.3021583211903,4.150085,40.891823,0.9932325697706866
3000.0,-740.3097760771279,4.1492028,40.891823,0.9929095513680404
3000.0,-740.301813535188,4.1486812,40.816948,0.992586533190686
3000.0,-740.3092626710265,4.1480794,40.86689,0.9922635150120532
3000.0,-740.3094954359598,4.1474776,40.841919,0.9919404967318588
3000.0,-740.3022435502828,4.1466355,40.954269,0.9916174783668746
3000.0,-740.3089508407242,4.1463547,40.86689,0.9912944603243026
3000.0,-740.300999024801,4.1457529,40.829414,0.990971442502346
3000.0,-740.30891102117,4.1449909,40.879356,0.9906484244771484
3000.0,-740.3090691030765,4.14463,40.841919,0.9903254063829752
3000.0,-740.3011800054129,4.1440282,40.891823,0.9900023884820508
3000.0,-740.3066791731195,4.1435466,40.854385,0.9896793714306724
3000.0,-740.301142310275,4.1428647,40.891823,0.989356353546196
3000.0,-740.307329176651,4.1420627,40.954269,0.9890333362112024
3000.0,-740.300378202482,4.141942,40.829414,0.9887103186601311
3000.0,-740.3078523484337,4.1410198,40.829414,0.9883873010968628
3000.0,-740.3076921545954,4.1408191,40.879356,0.9880642836034916
3000.0,-740.301949081436,4.1402173,40.86689,0.987741265366994
3000.0,-740.3080711728617,4.1391344,40.916794,0.9874182477082464
3000.0,-740.2995790728914,4.1388936,40.891823,0.987095230505862
3000.0,-740.3072417494166,4.1385727,40.86689,0.9867722132090154
3000.0,-740.3059939399169,4.1379309,40.829414,0.986449196456624
3000.0,-740.2989133166953,4.1374092,40.954269,0.9861261795447313
3000.0,-740.3059874091183,4.1369281,40.891823,0.9858031627951892
3000.0,-740.2983333755396,4.1363664,40.829414,0.9854801461363436
3000.0,-740.3069804931162,4.1358452,40.841919,0.985157128953491
3000.0,-740.2983407363374,4.1352835,40.904327,0.9848341122914336
3000.0,-740.3068750238032,4.1349626,40.779472,0.9845110951546002
3000.0,-740.306951586706,4.1344409,40.941769,0.98418807798436
3000.0,-740.3000041929772,4.1337991,40.86689,0.9838650605964816
3000.0,-740.3060739696398,4.1335988,40.916794,0.9835420438091708
3000.0,-740.2991765601271,4.132997,40.904327,0.983219026782416
3000.0,-740.307387367894,4.1324353,40.929302,0.982896009422032
3000.0,-740.3070506839167,4.1319542,40.891823,0.982572992208553
3000.0,-740.2989965438593,4.1314325,40.86689,0.9822499752603452
3000.0,-740.3056976248207,4.1308308,40.929302,0.9819269586372448
3000.0,-740.2981126001736,4.1303897,40.854385,0.9816039420747308
3000.0,-740.3066713972366,4.1301489,40.841919,0.9812809250267452
3000.0,-740.3006430205668,4.1296678,40.916794,0.9809579073601252
3000.0,-740.3065394140765,4.1291862,40.86689,0.9806348903697278
3000.0,-740.3055196575673,4.1282635,40.966736,0.9803118738242794
3000.0,-740.297369451767,4.1282234,40.879356,0.9799888575860256
3000.0,-740.3057991146266,4.1275816,40.916794,0.9796658409186424
3000.0,-740.2989422228468,4.1271405,40.954269,0.9793428239941366
3000.0,-740.3067565172896,4.1266189,40.991711,0.9790198069090108
3000.0,-740.3072869767032,4.1260171,40.829414,0.9786967895924304
3000.0,-740.2989874374515,4.1258168,40.86689,0.978373772648196
3000.0,-740.3060013374061,4.1254153,40.966736,0.9780507558925768
3000.0,-740.2973743833898,4.1245732,40.941769,0.9777277396521714
3000.0,-740.30669073326,4.1240115,40.954269,0.9774047225957492
3000.0,-740.2988306388431,4.1238914,40.916794,0.9770817057199312
3000.0,-740.3080558651707,4.1236105,40.891823,0.9767586880678626
3000.0,-740.3077096839071,4.1229286,40.979244,0.9764356705668428
3000.0,-740.2991260109983,4.1224871,40.929302,0.9761126535621444
3000.0,-740.3060533030383,4.1219659,40.941769,0.9757896367838512
3000.0,-740.2991531593383,4.1214442,40.979244,0.9754666197673068
3000.0,-740.3071864512704,4.121244,40.966736,0.9751436024945884
3000.0,-740.2981859396831,4.1206021,41.004215,0.974820585900074
3000.0,-740.3058359678815,4.1202812,40.86689,0.9744975692166103
3000.0,-740.3060415842208,4.1195993,40.979244,0.9741745524434304
3000.0,-740.2984537118808,4.1192379,40.954269,0.9738515357320784
3000.0,-740.3062927818567,4.118917,41.004215,0.9735285188492936
3000.0,-740.2967320646059,4.1184359,40.829414,0.9732055028891532
3000.0,-740.3060586131107,4.1178341,40.891823,0.972882486108543
3000.0,-740.3042665868077,4.117353,40.966736,0.9725594701098452
3000.0,-740.2971057567052,4.1169515,40.979244,0.9722364539866506
3000.0,-740.30528169242,4.1164303,40.929302,0.9719134375450332
3000.0,-740.2978338417046,4.1159487,40.916794,0.971590421104151
3000.0,-740.3062940147844,4.1156678,40.879356,0.9712674042208284
3000.0,-740.2978970249949,4.1152668,40.954269,0.970944387752377
3000.0,-740.3069721923318,4.114625,40.929302,0.970621370573146
3000.0,-740.3058487486777,4.1141438,40.966736,0.9702983538841056
3000.0,-740.2987086179501,4.1137023,40.966736,0.9699753370615296
3000.0,-740.3069454465283,4.1133413,40.966736,0.9696523198939684
3000.0,-740.2990688335702,4.1130605,40.929302,0.9693293029142184
3000.0,-740.3094978041039,4.1125793,40.916794,0.9690062846329904
3000.0,-740.3131205044689,4.1121783,40.966736,0.9686832647710744
3000.0,-740.3051970888556,4.1114564,40.979244,0.9683602451173636
3000.0,-740.3121773108369,4.1109748,40.966736,0.96803722566699
3000.0,-740.3052275086309,4.1108146,40.929302,0.9677142060000062
3000.0,-740.3134549545281,4.1102929,40.929302,0.96739118599216
3000.0,-740.3052669371325,4.1100121,41.004215,0.9670681663079722
3000.0,-740.3111627179436,4.1094904,40.879356,0.9667451473002948
3000.0,-740.3126330628335,4.1087685,40.954269,0.9664221276510632
3000.0,-740.3058274936346,4.1089292,40.904327,0.966099107722286
3000.0,-740.3124598075357,4.1082072,40.916794,0.9657760881486512
3000.0,-740.3058262363294,4.1076856,40.929302,0.9654530682204226
3000.0,-740.3124423513373,4.1073647,40.916794,0.9651300486544042
3000.0,-740.3122640056453,4.1067629,41.004215,0.9648070291662032
3000.0,-740.3046259001269,4.106442,40.916794,0.9644840097617212
3000.0,-740.3132102266065,4.1059608,40.879356,0.9641609898606566
3000.0,-740.3043995583657,4.1056399,40.941769,0.9638379705549348
3000.0,-740.3122000404649,4.1050382,40.941769,0.9635149510946436
3000.0,-740.3040261470134,4.1047974,41.004215,0.9631919319518536
3000.0,-740.3124295094823,4.1044765,41.029186,0.9628689123914386
3000.0,-740.3109414032541,4.1038346,40.941769,0.9625458934803268
3000.0,-740.3038241460015,4.1035137,40.954269,0.9622228744256768
3000.0,-740.3102240531807,4.1030726,40.966736,0.9618998558275652
3000.0,-740.3035782853268,4.102591,40.991711,0.9615768368801924
3000.0,-740.3101479663285,4.1019893,40.929302,0.96125381831528
3000.0,-740.3110744972691,4.1016283,40.991711,0.9609307993460956
3000.0,-740.3041674793709,4.1013074,40.979244,0.9606077801416376
3000.0,-740.3119546900235,4.1010265,40.929302,0.9602847607884
3000.0,-740.3034824971777,4.1003447,40.929302,0.959961741882822
3000.0,-740.3102327446306,4.1001043,40.966736,0.9596387232809188
3000.0,-740.3027505792172,4.099422,40.891823,0.9593157046947012
3000.0,-740.3100812667574,4.0991416,40.954269,0.9589926861588918
3000.0,-740.3119447534316,4.0985398,40.916794,0.9586696668099896
3000.0,-740.3041512684903,4.0981789,40.904327,0.9583466476126048
3000.0,-740.3114675169875,4.097898,40.954269,0.9580236284719346
3000.0,-740.3049819897356,4.0972962,40.991711,0.9577006089120788
3000.0,-740.3122170693804,4.0971355,40.966736,0.9573775894443576
3000.0,-740.3123076216169,4.0966144,41.004215,0.9570545699371256
3000.0,-740.3051648746458,4.0962934,40.966736,0.9567315502974708
3000.0,-740.3126525087343,4.0957317,40.991711,0.956408530639755
3000.0,-740.304464255331,4.0952506,40.991711,0.9560855113058038
3000.0,-740.3118971457642,4.0946488,40.991711,0.9557624919776742
3000.0,-740.3035918594553,4.0945282,40.979244,0.955439473024378
3000.0,-740.3118273944096,4.0940471,40.941769,0.9551164537266832
3000.0,-740.3129758015139,4.093646,40.954269,0.9547934339279052
3000.0,-740.3053401790437,4.0933251,41.029186,0.9544704142117596
3000.0,-740.3130058919753,4.0925226,40.941769,0.9541473943998522
3000.0,-740.3058579012085,4.0924425,40.979244,0.9538243744578072
3000.0,-740.3132929175047,4.0917606,40.979244,0.9535013545206624
3000.0,-740.3116937022905,4.0916805,40.929302,0.953178335281301
3000.0,-740.3051642154641,4.091239,41.016682,0.9528553156419342
3000.0,-740.3122317545068,4.0906372,40.979244,0.9525322961678052
3000.0,-740.3058059971122,4.0901561,41.016682,0.9522092762484076
3000.0,-740.313923169941,4.0899553,40.991711,0.9518862560362656
3000.0,-740.306247120604,4.0892334,40.966736,0.9515632359243912
3000.0,-740.3132865454024,4.0888324,41.054157,0.951240215990027
3000.0,-740.3124213185499,4.0887117,41.004215,0.9509171964331856
3000.0,-740.3065102174976,4.0881906,41.029186,0.9505941762065137
3000.0,-740.3129416094534,4.0878296,40.991711,0.9502711564226546
3000.0,-740.305809402884,4.0873079,40.991711,0.949948136501771
3000.0,-740.3120283598648,4.0868268,40.979244,0.9496251171163892
3000.0,-740.3049589063683,4.0864658,40.979244,0.9493020975666052
3000.0,-740.3127781685789,4.0861449,41.004215,0.94897907785406
3000.0,-740.3129694050085,4.0855832,41.016682,0.948656058058073
3000.0,-740.3054729542539,4.0852623,40.954269,0.9483330382839932
3000.0,-740.3128890823408,4.0850616,41.041653,0.9480100185230532
3000.0,-740.3059969630472,4.0844197,41.054157,0.9476869985203308
3000.0,-740.3139861951578,4.0842195,40.966736,0.9473639782806892
3000.0,-740.3141388693542,4.0837779,41.004215,0.9470409579744312
3000.0,-740.3067022698929,4.0832167,40.941769,0.9467179376639604
3000.0,-740.3149745305763,4.0828958,41.016682,0.9463949169930794
3000.0,-740.3069142317867,4.0824943,41.016682,0.9460718965901226
3000.0,-740.3144485756033,4.0820532,41.004215,0.9457488761487308
3000.0,-740.306759325275,4.0816522,40.979244,0.9454258558133648
3000.0,-740.3127702827993,4.0811706,41.004215,0.9451028361042604
3000.0,-740.3135655263919,4.0808496,41.029186,0.9447798160481686
3000.0,-740.3056995523336,4.0803685,40.966736,0.9444567961752164
3000.0,-740.3139781873631,4.0798469,41.016682,0.9441337759390688
3000.0,-740.3071968964505,4.0796466,41.004215,0.9438107554127756
3000.0,-740.3155336278837,4.0788441,40.979244,0.9434877344979448
3000.0,-740.3149401432279,4.0789642,40.929302,0.943164713842068
3000.0,-740.3082587079693,4.0782022,41.016682,0.9428416928524715
3000.0,-740.3142863188505,4.0779214,41.004215,0.9425186724818774
3000.0,-740.3066818964221,4.0774002,40.966736,0.942195652180296
3000.0,-740.3138245488127,4.0770793,41.029186,0.9418726320111852
3000.0,-740.3081206714689,4.0765176,41.116566,0.9415496110818188
3000.0,-740.314920892679,4.0762768,41.016682,0.9412265904343416
3000.0,-740.315098542463,4.0758357,41.016682,0.9409035697093509
3000.0,-740.3081446704133,4.0753942,41.029186,0.9405805487695128
3000.0,-740.3157678576883,4.074913,41.041653,0.9402575277524806
3000.0,-740.3068926498418,4.0747929,40.991711,0.9399345073589404
3000.0,-740.3148622985658,4.0742311,41.029186,0.9396114867370297
3000.0,-740.3159029658344,4.0740304,41.004215,0.9392884656610456
3000.0,-740.3089857309498,4.0737495,40.979244,0.9389654443542252
3000.0,-740.31424994171,4.0731077,41.054157,0.9386424239995034
3000.0,-740.3072966030599,4.0725064,40.979244,0.938319403429705
3000.0,-740.3153650844904,4.0719848,41.016682,0.9379963825884144
3000.0,-740.3068257189873,4.0718646,40.979244,0.9376733622240784
3000.0,-740.3142586820044,4.0712628,41.004215,0.9373503418655428
3000.0,-740.3155592017799,4.0709419,41.016682,0.9370273209395532
3000.0,-740.3087623677458,4.0705004,40.991711,0.9367042997301932
3000.0,-740.3149496769527,4.0703402,41.004215,0.9363812790701568
3000.0,-740.3067471304912,4.0697384,41.041653,0.9360582587401116
3000.0,-740.3157245834997,4.0692167,41.016682,0.9357352377419612
3000.0,-740.3162579238115,4.0690565,41.054157,0.9354122165110992
3000.0,-740.307578864899,4.0684948,40.991711,0.9350891958181408
3000.0,-740.3157724841823,4.0681739,41.029186,0.9347661747990896
3000.0,-740.3099054654685,4.0675721,40.991711,0.9344431530909584
3000.0,-740.3180887076613,4.067452,41.016682,0.9341201310612728
3000.0,-740.3102343701778,4.0670109,40.979244,0.9337971092096298
3000.0,-740.3158985224654,4.0666094,41.016682,0.9334740881355847
3000.0,-740.316401052005,4.0661683,40.991711,0.9331510668422716
3000.0,-740.3096839821217,4.0658073,40.979244,0.9328280452307808
3000.0,-740.3192785090782,4.0656066,41.004215,0.9325050226819506
3000.0,-740.3100285361666,4.0652056,41.091595,0.9321820009201196
3000.0,-740.3176139980417,4.0646038,41.004215,0.9318589790975632
3000.0,-740.3175238120039,4.0642829,41.091595,0.931535957314358
3000.0,-740.3094366810315,4.0637617,41.016682,0.9312129358107728
3000.0,-740.3164568262401,4.0630798,41.016682,0.9308899144931236
3000.0,-740.3095244735912,4.0630798,41.029186,0.930566892951232
3000.0,-740.316283985947,4.0629191,41.079132,0.930243871708998
3000.0,-740.3074199545432,4.0623975,41.054157,0.9299208510853776
3000.0,-740.3164981594686,4.0619164,41.004215,0.9295978297496936
3000.0,-740.3156220561117,4.0613947,41.016682,0.929274808796279
3000.0,-740.3080992482444,4.0611944,41.016682,0.92895178787626
3000.0,-740.3156136820415,4.0606728,40.979244,0.928628766926499
3000.0,-740.3081056202825,4.0603118,41.041653,0.9283057460037
3000.0,-740.3159117061288,4.0597901,41.116566,0.9279827249239024
3000.0,-740.3093295526046,4.0596299,41.029186,0.9276597034670612
3000.0,-740.3154741671054,4.059269,41.004215,0.9273366825781744
3000.0,-740.3169193287519,4.0586672,41.054157,0.9270136610587224
3000.0,-740.3081418506404,4.0583863,41.066624,0.9266906401201146
3000.0,-740.3160410646541,4.0577044,41.054157,0.9263676189838744
3000.0,-740.3081816941936,4.0573435,41.029186,0.9260445980278816
3000.0,-740.3170325984275,4.0569825,41.016682,0.9257215764590064
3000.0,-740.3162908463397,4.0567017,41.004215,0.9253985552137796
3000.0,-740.3087641011351,4.0565009,41.066624,0.9250755340036634
3000.0,-740.3171646425888,4.0558591,41.066624,0.9247525123771736
3000.0,-740.3095713239359,4.0554581,41.066624,0.9244294908148396
3000.0,-740.3156014993622,4.0553379,41.029186,0.924106469870394
3000.0,-740.3083736854669,4.055057,40.979244,0.9237834488306292
3000.0,-740.31779397949,4.0544553,41.004215,0.923460426929542
3000.0,-740.3164117454099,4.0541344,41.016682,0.923137405631563
3000.0,-740.3106273615401,4.0537734,40.979244,0.9228143836084446
3000.0,-740.3184523204966,4.0532117,41.004215,0.922491361420104
3000.0,-740.3125402555098,4.0530515,41.004215,0.9221683385623268
3000.0,-740.3189724771196,4.0524898,40.979244,0.9218453161470274
3000.0,-740.3190979294236,4.0521288,41.016682,0.9215222936769892
3000.0,-740.31079187494,4.0516872,41.066624,0.921199271582088
3000.0,-740.319325811529,4.051487,41.066624,0.9208762490126186
3000.0,-740.3130134100629,4.051126,41.104061,0.9205532259483882
3000.0,-740.3194497502067,4.0504441,41.041653,0.9202302033248408
3000.0,-740.3105614072568,4.0503235,41.116566,0.9199071813305004
3000.0,-740.3184377574237,4.0496817,41.054157,0.919584159148514
3000.0,-740.3167645671258,4.0494413,40.991711,0.9192611376965892
3000.0,-740.3112149687265,4.0489998,41.029186,0.918938115417078
3000.0,-740.3181443109731,4.048759,41.029186,0.9186150933631312
3000.0,-740.3107264699491,4.0483179,40.991711,0.9182920712967686
3000.0,-740.3186340230992,4.0479169,41.029186,0.9179690490291462
3000.0,-740.3184750501118,4.0473952,40.979244,0.9176460268308884
3000.0,-740.3098473846842,4.0471549,41.066624,0.9173230051480996
3000.0,-740.3183862556596,4.0469141,41.029186,0.9169999829885852
3000.0,-740.3096073955478,4.0464325,40.991711,0.9166769614105116
3000.0,-740.3177898291362,4.0458713,41.041653,0.9163539395112352
3000.0,-740.3103093332003,4.0456305,41.079132,0.9160309176268832
3000.0,-740.320048911172,4.0451088,41.054157,0.9157078947419044
3000.0,-740.3196426711603,4.0449486,41.079132,0.91538487203418
3000.0,-740.3124001804575,4.044467,41.029186,0.915061849237522
3000.0,-740.3193359190315,4.044066,41.041653,0.914738826663642
3000.0,-740.310919559884,4.0436649,41.004215,0.914415804513028
3000.0,-740.3183366338228,4.0435042,41.079132,0.914092782375165
3000.0,-740.3183374150773,4.0430632,41.004215,0.9137697602369612
3000.0,-740.3109289470195,4.0427823,40.991711,0.913446738082251
3000.0,-740.317585421296,4.0422206,41.004215,0.9131237162721636
3000.0,-740.309351744849,4.0415387,41.054157,0.9128006948056392
3000.0,-740.3186816796238,4.0412984,41.054157,0.9124776725172228
3000.0,-740.3119329097083,4.0410976,41.029186,0.9121546499244504
3000.0,-740.3202389024341,4.0406966,41.079132,0.911831626956573
3000.0,-740.3200726417455,4.0401349,40.954269,0.91150860406124
3000.0,-740.3116568977655,4.039854,41.054157,0.911185581588901
3000.0,-740.3171918522286,4.0397339,41.091595,0.910862559950539
3000.0,-740.3108809126035,4.0392923,41.091595,0.910539537816788
3000.0,-740.3181397211093,4.0387311,41.041653,0.9102165157648436
3000.0,-740.3174655231585,4.0385303,41.041653,0.9098934940070712
3000.0,-740.3091868163974,4.0381293,41.079132,0.9095704726125105
3000.0,-740.316884221182,4.0377684,41.054157,0.9092474511083768
3000.0,-740.3083457925163,4.0372467,41.029186,0.9089244300807824
3000.0,-740.3175957728797,4.0372868,41.041653,0.9086014082661784
3000.0,-740.309667588118,4.0364447,41.066624,0.9082783866618408
3000.0,-740.3143929600644,4.036324,41.091595,0.9079553662447158
3000.0,-740.316169678734,4.0357223,41.079132,0.9076323450523576
3000.0,-740.3085790312181,4.035522,41.079132,0.9073093239229936
3000.0,-740.3171307800841,4.0350804,41.041653,0.9069863023112792
3000.0,-740.309047681312,4.0347595,41.029186,0.9066632809774277
3000.0,-740.3169300588381,4.0343184,41.016682,0.9063402594532936
3000.0,-740.3161166388129,4.0339174,41.066624,0.9060172382840782
3000.0,-740.3087717061013,4.0336766,40.966736,0.9056942170706436
3000.0,-740.3166494298523,4.0332756,41.054157,0.9053711956689562
3000.0,-740.3089546154015,4.0328746,40.991711,0.9050481743757124
3000.0,-740.315738646055,4.0327139,41.054157,0.904725153371426
3000.0,-740.3079921198686,4.0322728,41.079132,0.9044021324981508
3000.0,-740.317064861742,4.0319519,41.091595,0.9040791109151984
3000.0,-740.3148267026799,4.0314703,41.054157,0.9037560903088192
3000.0,-740.308933900164,4.0315104,41.054157,0.903433069024614
3000.0,-740.3155901711464,4.0308685,41.016682,0.9031100480851114
3000.0,-740.3073538293125,4.0304675,41.066624,0.9027870274903436
3000.0,-740.316529104483,4.0301466,41.079132,0.9024640061411576
3000.0,-740.3074893512025,4.0297856,40.991711,0.9021409854872569
3000.0,-740.3144492225645,4.0293446,41.066624,0.901817965045583
3000.0,-740.313701830874,4.0290637,41.004215,0.9014949449300176
3000.0,-740.3067119987951,4.0287027,41.054157,0.9011719246153016
3000.0,-740.313166342125,4.0282211,41.041653,0.9008489047333852
3000.0,-740.3060276269651,4.0280209,41.066624,0.9005258847172832
3000.0,-740.3150973095993,4.0274591,41.041653,0.9002028639928303
3000.0,-740.3154844454803,4.0272183,41.016682,0.8998798430994591
3000.0,-740.3068741806819,4.0269775,41.091595,0.8995568227139777
3000.0,-740.3141049092376,4.0262556,41.029186,0.8992338024225376
3000.0,-740.305666630111,4.0259347,41.054157,0.8989107825639506
3000.0,-740.3150918041622,4.0258946,41.004215,0.8985877618418999
3000.0,-740.3062112321279,4.0254135,41.054157,0.8982647417456848
3000.0,-740.3145645796953,4.025012,41.029186,0.8979417212536773
3000.0,-740.3143470369722,4.0247312,41.079132,0.89761870085659
3000.0,-740.3072143157797,4.02421,41.091595,0.8972956803226965
3000.0,-740.3157737292986,4.0242901,41.016682,0.8969726593031021
3000.0,-740.3079269468575,4.0235682,41.041653,0.8966496384582643
3000.0,-740.3154666597004,4.0232072,41.016682,0.8963266175726533
3000.0,-740.3148024227572,4.0226455,41.041653,0.8960035969768679
3000.0,-740.30808590607,4.0227256,40.979244,0.8956805760626707
3000.0,-740.3154425018951,4.0222445,41.016682,0.8953575551876005
3000.0,-740.3095089462948,4.0218835,41.016682,0.8950345336524839
3000.0,-740.3153786709825,4.0215225,41.066624,0.894711512805265
3000.0,-740.307605109921,4.0210409,41.004215,0.894388492100855
3000.0,-740.3148232358662,4.0209208,41.029186,0.8940654714959884
3000.0,-740.3143255890778,4.0204792,41.029186,0.8937424511082592
3000.0,-740.3074900957428,4.0204792,41.041653,0.8934194304540337
3000.0,-740.314930157945,4.0197573,41.054157,0.893096409802514
3000.0,-740.3082574627888,4.0196371,41.054157,0.8927733888134608
3000.0,-740.3155797218737,4.0189152,41.004215,0.8924503678785176
3000.0,-740.3146369921803,4.0189152,41.054157,0.8921273473549145
3000.0,-740.3069852031151,4.0185537,41.016682,0.8918043269209904
3000.0,-740.3139472544477,4.0182328,41.116566,0.8914813066983396
3000.0,-740.3063459117643,4.0177917,41.079132,0.8911582865433596
3000.0,-740.3143700229213,4.0175509,41.029186,0.8908352661362428
3000.0,-740.3068608995146,4.0169897,41.054157,0.8905122457565563
3000.0,-740.3140297134534,4.0165882,41.091595,0.8901892254979262
3000.0,-740.3152286091362,4.0163479,41.029186,0.8898662047161836
3000.0,-740.3062721449121,4.0159464,41.029186,0.8895431845933905
3000.0,-740.3152131915996,4.0158262,40.991711,0.889220163818375
3000.0,-740.3082592572363,4.0152245,41.054157,0.8888971428285389
3000.0,-740.3150992017024,4.0149436,41.041653,0.8885741221032605
3000.0,-740.314028956653,4.0144625,41.041653,0.8882511018449606
3000.0,-740.3085523590197,4.0143018,40.966736,0.8879280807272346
3000.0,-740.3163401141027,4.0137806,41.091595,0.8876050594605104
3000.0,-740.3094966172703,4.0137005,41.104061,0.8872820379307732
3000.0,-740.3165121732436,4.0132189,41.041653,0.8869590165889747
3000.0,-740.3077061714979,4.0128179,41.066624,0.8866359958404683
3000.0,-740.3145911056159,4.0126972,41.004215,0.8863129753368868
3000.0,-740.3144692666972,4.012176,41.029186,0.885989954886467
3000.0,-740.3065166262039,4.0120959,41.054157,0.8856669346569985
3000.0,-740.3144512489353,4.0116944,41.004215,0.8853439142144405
3000.0,-740.3072984950417,4.0113735,41.041653,0.8850208936438168
3000.0,-740.3155465797184,4.0109324,41.091595,0.8846978727233344
3000.0,-740.3164742945505,4.0106516,41.066624,0.8843748513980635
3000.0,-740.3079082579706,4.0103707,41.041653,0.8840518305613799
3000.0,-740.3138336309028,4.0099297,41.029186,0.8837288103883063
3000.0,-740.3065126344842,4.0098495,41.016682,0.8834057901605796
3000.0,-740.3141604881207,4.0093679,41.066624,0.8830827698448889
3000.0,-740.3066165158851,4.0092478,41.054157,0.8827597495718351
3000.0,-740.3141813377575,4.0084853,41.066624,0.8824367292470472
3000.0,-740.3148473449166,4.0083251,41.066624,0.882113708631661
3000.0,-740.3079057066792,4.0079641,41.004215,0.8817906877960908
3000.0,-740.3157358262538,4.0075631,41.079132,0.8814676667930348
3000.0,-740.3066405636094,4.0072823,41.079132,0.8811446465094882
3000.0,-740.3135041368805,4.0070415,41.066624,0.8808216264801824
3000.0,-740.3135942619107,4.0068007,41.016682,0.8804986064115524
3000.0,-740.3053746270659,4.0063596,40.991711,0.8801755866803759
3000.0,-740.3130631676992,4.0061989,41.079132,0.8798525668434775
3000.0,-740.305633231881,4.0056376,41.054157,0.8795295469994632
3000.0,-740.3134062848436,4.0052361,41.066624,0.879206527012853
3000.0,-740.3054559376983,4.005156,41.079132,0.878883507246198
3000.0,-740.3126772036744,4.0049558,41.016682,0.8785604875777068
3000.0,-740.3141227193692,4.0044742,40.991711,0.8782374672784956
3000.0,-740.3061884050535,4.003993,41.079132,0.8779144471922409
3000.0,-740.3141322042624,4.0038323,41.079132,0.877591426888891
3000.0,-740.3075041704604,4.0035114,41.004215,0.8772684062285244
3000.0,-740.3148076595822,4.0033512,41.016682,0.8769453856304541
3000.0,-740.3077435492206,4.0027094,41.041653,0.8766223648656386
3000.0,-740.3137088132818,4.0026288,40.979244,0.8762993447470263
3000.0,-740.3135698110647,4.0023484,41.004215,0.8759763246890651
3000.0,-740.3063797616246,4.0017867,41.054157,0.8756533045193151
3000.0,-740.3141850121758,4.0017467,41.066624,0.8753302841929237
3000.0,-740.3088049090325,4.0009441,41.054157,0.8750072629650016
3000.0,-740.3144034947986,4.0010648,41.079132,0.8746842425432801
3000.0,-740.3157582385019,4.0005832,41.029186,0.8743612215304449
3000.0,-740.3076273143923,4.000463,41.029186,0.8740382008163465
3000.0,-740.3156556500297,3.9998612,41.066624,0.8737151798482737
3000.0,-740.3086134792532,3.9997811,41.054157,0.8733921587038788
3000.0,-740.3143992223786,3.9993799,41.054157,0.8730691382840214
3000.0,-740.3076146923811,3.9992597,41.041653,0.8727461175754304
3000.0,-740.3151253981057,3.9987783,41.079132,0.8724230968387218
3000.0,-740.3157558337565,3.9984574,41.066624,0.8721000758269359
3000.0,-740.3081540208935,3.9980562,41.054157,0.8717770548830179
3000.0,-740.3164988308839,3.9976151,41.079132,0.8714540335470411
3000.0,-740.3073399621975,3.9973342,41.066624,0.8711310129583238
3000.0,-740.3154604341186,3.9972138,41.029186,0.8708079920754292
3000.0,-740.3150277779743,3.9968529,41.066624,0.8704849713813151
3000.0,-740.3084672641169,3.9964919,41.004215,0.8701619503007186
3000.0,-740.3160836796801,3.9964116,41.116566,0.8698389291458842
3000.0,-740.3055797164602,3.9962111,40.991711,0.8695159093252204
3000.0,-740.3142180935027,3.9958501,41.054157,0.8691928889843948
3000.0,-740.3065677367498,3.9953284,41.029186,0.8688698687326252
3000.0,-740.3140408463428,3.9948471,41.129032,0.8685468484691374
3000.0,-740.3147936946644,3.9946866,41.041653,0.8682238278771606
3000.0,-740.3059610012476,3.9942455,41.041653,0.8679008078901295
3000.0,-740.3144383705398,3.9938846,41.029186,0.8675777874531908
3000.0,-740.3075423904623,3.9937241,41.054157,0.8672547667761473
3000.0,-740.3158616936647,3.9932828,41.004215,0.8669317457181718
3000.0,-740.3144552650981,3.9931223,41.004215,0.8666087252738613
3000.0,-740.3080141656708,3.9929619,40.991711,0.8662857043909667
3000.0,-740.3144929849925,3.9924805,41.016682,0.865962683930198
3000.0,-740.3042515854501,3.9921596,41.041653,0.8656396646890419
3000.0,-740.3127296697924,3.9915178,41.104061,0.8653166449976581
3000.0,-740.3063961678041,3.9915979,41.066624,0.8649936248207497
3000.0,-740.31275705033,3.991277,41.041653,0.8646706051174191
3000.0,-740.3132149262966,3.9911165,41.079132,0.8643475852143041
3000.0,-740.3051570500036,3.9907556,41.079132,0.8640245655780636
3000.0,-740.3124025439877,3.9903545,41.079132,0.8637015460294144
3000.0,-740.3054803150901,3.9902341,40.979244,0.8633785262521227
3000.0,-740.3116018560421,3.9897127,41.054157,0.8630555070528365
3000.0,-740.3135075427122,3.9893517,41.029186,0.8627324870220446
3000.0,-740.3072844571071,3.9888301,41.054157,0.862409466457546
3000.0,-740.3159890990794,3.98875,41.016682,0.8620864453439798
3000.0,-740.3067588125612,3.9886296,41.104061,0.8617634250088374
3000.0,-740.3135574452859,3.9882286,41.054157,0.8614404049562716
3000.0,-740.3061155782451,3.9880278,41.079132,0.8611173849017937
3000.0,-740.3123846606214,3.9876268,40.991711,0.8607943653609474
3000.0,-740.3122077676378,3.9873459,41.016682,0.8604713458972845
3000.0,-740.3053026790129,3.9871454,40.929302,0.8601483261975014
3000.0,-740.3131963105842,3.9865437,41.029186,0.8598253063025089
3000.0,-740.3061095480502,3.9865036,41.079132,0.859502286250662
3000.0,-740.3124571707186,3.9862227,41.029186,0.8591792666781777
3000.0,-740.3117396986302,3.9859822,41.104061,0.8588562474187468
3000.0,-740.3056059126,3.9853003,41.041653,0.8585332275866527
3000.0,-740.3124264089569,3.9851799,41.041653,0.8582102080275904
3000.0,-740.306398987577,3.9848189,40.991711,0.8578871878494516
3000.0,-740.3132250337992,3.9848189,41.079132,0.8575641679419265
3000.0,-740.3039619627747,3.9843776,41.116566,0.8572411488271421
3000.0,-740.3109009611705,3.9841771,41.091595,0.8569181299336766
3000.0,-740.3129854573048,3.9838963,41.054157,0.8565951101306855
3000.0,-740.3071278782131,3.9834952,40.991711,0.8562720896345075
3000.0,-740.3150251534994,3.9831743,41.016682,0.8559490689415383
3000.0,-740.3068043811212,3.9830539,41.004215,0.8556260485865128
3000.0,-740.3144236121404,3.982372,40.991711,0.8553030281560134
3000.0,-740.307252145235,3.9822917,41.029186,0.8549800076056138
3000.0,-740.3149045106863,3.9817703,41.004215,0.8546569869652847
3000.0,-740.314534257239,3.9817302,41.054157,0.8543339664865075
3000.0,-740.3079003721934,3.9816899,41.029186,0.8540109456532649
3000.0,-740.3131468230151,3.9811685,41.016682,0.8536879257798654
3000.0,-740.3064394414808,3.9807675,41.029186,0.8533649055840752
3000.0,-740.3135025010602,3.9804065,41.104061,0.853041885555483
3000.0,-740.3135106312535,3.9802461,41.091595,0.8527188655233434
3000.0,-740.3056255291502,3.9797647,41.079132,0.8523958456826901
3000.0,-740.3127897164986,3.979564,41.016682,0.8520728259651064
3000.0,-740.3054307792132,3.9794035,41.029186,0.8517498062094288
3000.0,-740.3146859913822,3.9790826,41.079132,0.8514267856644459
3000.0,-740.3044194923949,3.9789221,41.066624,0.8511037663500262
3000.0,-740.3127398993611,3.9786415,41.004215,0.8507807466541791
3000.0,-740.3126818058165,3.9782002,41.016682,0.8504577269836798
3000.0,-740.3064623539393,3.9777589,41.004215,0.8501347067778922
3000.0,-740.3154537568507,3.9777589,41.091595,0.8498116858979111
3000.0,-740.3077388616896,3.9773178,41.054157,0.8494886651351409
3000.0,-740.3150810375737,3.9769566,41.116566,0.8491656444177879
3000.0,-740.3151091016003,3.976676,41.079132,0.8488426236881897
3000.0,-740.3077980656152,3.9766357,41.016682,0.8485196028995869
3000.0,-740.3152719077534,3.9761143,41.041653,0.848196582098952
3000.0,-740.3078209901983,3.9759538,41.029186,0.8478735613003462
3000.0,-740.315679624838,3.9754324,41.041653,0.8475505403218125
3000.0,-740.3081441943035,3.9751916,41.066624,0.8472275193821822
3000.0,-740.3157510363392,3.9749911,41.091595,0.8469044983724897
3000.0,-740.3150720775243,3.9742692,41.054157,0.8465814776590463
3000.0,-740.3073384240557,3.9743493,41.029186,0.8462584570710001
3000.0,-740.3146332324283,3.9740686,40.979244,0.8459354365490375
3000.0,-740.3072450652097,3.9736273,41.054157,0.845612416001727
3000.0,-740.3142032251618,3.9735069,41.054157,0.8452893956673888
3000.0,-740.3141763939733,3.973186,41.041653,0.8449663753447578
3000.0,-740.3067038689392,3.9728251,41.054157,0.8446433550335891
3000.0,-740.3133390847805,3.9724641,41.129032,0.8443203350763001
3000.0,-740.3064062873295,3.9723437,41.016682,0.8439973148949762
3000.0,-740.3130225302891,3.9719827,41.091595,0.843674295075809
3000.0,-740.3077023751026,3.9715815,41.054157,0.8433512743289591
3000.0,-740.3136174553622,3.9715815,40.979244,0.8430282542502091
3000.0,-740.3155042454038,3.9713006,41.004215,0.8427052333481985
3000.0,-740.3067775013969,3.970659,41.079132,0.8423822130049013
3000.0,-740.314700725481,3.9706187,41.029186,0.8420591924534897
3000.0,-740.3066871454214,3.9702978,41.004215,0.8417361721496179
3000.0,-740.3146270431696,3.9700172,41.041653,0.8414131516303559
3000.0,-740.3146848684856,3.9696963,41.041653,0.8410901310858628
3000.0,-740.3061366352747,3.9691746,41.004215,0.840767111022197
3000.0,-740.3138268804771,3.969295,41.079132,0.8404440908520688
3000.0,-740.3072013519251,3.9690142,41.066624,0.8401210703238318
3000.0,-740.3129784383436,3.9684126,41.066624,0.8397980505239033
3000.0,-740.3060880271635,3.9683723,41.004215,0.8394750304814467
3000.0,-740.3153100669532,3.967891,41.029186,0.8391520096641618
3000.0,-740.3149255557007,3.9676104,41.091595,0.8388289890146501
3000.0,-740.3075754103728,3.9675703,41.041653,0.8385059683231989
3000.0,-740.3150536206106,3.9668882,41.029186,0.838182947617809
3000.0,-740.3076122021733,3.9669685,41.066624,0.8378599269103044
3000.0,-740.313775195358,3.9664471,41.079132,0.8375369067627279
3000.0,-740.31401416147,3.9660859,41.079132,0.8372138865108836
3000.0,-740.3071388158708,3.9659255,41.041653,0.8368908660099331
3000.0,-740.3142403103221,3.9658053,41.041653,0.8365678456594137
3000.0,-740.3055914962947,3.9652436,41.104061,0.8362448258336099
3000.0,-740.3139019783167,3.9651635,41.016682,0.8359218056307144
3000.0,-740.3049549266965,3.9645216,41.054157,0.8355987860826671
3000.0,-740.3124805718259,3.9645617,41.054157,0.835275766499972
3000.0,-740.3125466977472,3.9641607,40.954269,0.8349527468884245
3000.0,-740.3060977439154,3.9638798,41.029186,0.834629726841728
3000.0,-740.3134788194461,3.9635189,41.079132,0.834306706823469
3000.0,-740.3051453189746,3.9634385,41.091595,0.8339836871923471
3000.0,-740.3121860387763,3.9630375,41.079132,0.8336606677381652
3000.0,-740.3120303865427,3.9626763,41.029186,0.8333376483518989
3000.0,-740.3055053882422,3.9623957,41.029186,0.8330146285636669
3000.0,-740.3132563569325,3.9620345,40.979244,0.8326916086424747
3000.0,-740.3061915666698,3.9619143,41.091595,0.8323685885548404
3000.0,-740.3129615802109,3.9616735,41.029186,0.8320455687622677
3000.0,-740.3033730983342,3.9614329,41.054157,0.8317225499044243
3000.0,-740.3108933804285,3.9609916,41.016682,0.8313995310142663
3000.0,-740.3121181431507,3.9607511,41.066624,0.8310765115897094
3000.0,-740.3030980628347,3.9605103,41.004215,0.830753492851873
3000.0,-740.3100774461255,3.9600689,41.079132,0.8304304743177306
3000.0,-740.3040687493838,3.9600289,41.016682,0.830107455156352
3000.0,-740.3122143226858,3.9596279,41.079132,0.829784435689829
3000.0,-740.3041264272412,3.959307,41.054157,0.8294614165032834
3000.0,-740.3098799109051,3.9589057,41.016682,0.8291383980553314
3000.0,-740.3104733953307,3.9589458,41.041653,0.828815379348425
3000.0,-740.3045547212215,3.9585047,41.016682,0.8284923599750006
3000.0,-740.3124088914823,3.957983,41.091595,0.8281693404235816
3000.0,-740.3037800059243,3.957983,41.029186,0.827846321388191
3000.0,-740.3124262133235,3.9575419,40.954269,0.8275233018292143
3000.0,-740.3122074624722,3.957181,40.991711,0.8272002823656845
3000.0,-740.3053912406946,3.9569802,41.004215,0.826877262627259
3000.0,-740.3118235736756,3.9568601,41.104061,0.8265542433312312
3000.0,-740.3043138042173,3.9564989,41.079132,0.8262312240629268
3000.0,-740.3122959761874,3.9562182,40.954269,0.8259082045607762
3000.0,-740.305685380184,3.9557769,41.054157,0.8255851846940075
3000.0,-740.3137407835297,3.9556966,41.066624,0.8252621645614461
3000.0,-740.3138704598058,3.955416,41.079132,0.8249391443723031
3000.0,-740.3066007076501,3.9551351,41.029186,0.824616124106147
3000.0,-740.3131600186498,3.9548142,41.016682,0.8242931042269898
3000.0,-740.3053726619014,3.9545333,41.029186,0.8239700844966706
3000.0,-740.3139414316946,3.9542525,41.079132,0.8236470642765605
3000.0,-740.3135760614076,3.9539318,40.991711,0.823324044215872
3000.0,-740.305540532012,3.9535306,41.041653,0.8230010244123057
3000.0,-740.311844325598,3.9534101,40.966736,0.8226780051072231
3000.0,-740.3053728815264,3.95329,41.004215,0.8223549853768082
3000.0,-740.3128448437727,3.9530091,41.004215,0.8220319656351708
3000.0,-740.3062585216712,3.9526882,41.079132,0.8217089455183219
3000.0,-740.3136181513852,3.9523273,41.016682,0.8213859254392682
3000.0,-740.3123961718854,3.9521265,41.066624,0.8210629058933993
3000.0,-740.3055287888583,3.9516451,41.054157,0.8207398860949568
3000.0,-740.3141742946492,3.951525,41.054157,0.8204168657732419
3000.0,-740.3064926271317,3.9510837,40.991711,0.820093845554245
3000.0,-740.3149208804008,3.9511237,40.991711,0.8197708249067733
3000.0,-740.314985236106,3.9508028,41.041653,0.8194478042312212
3000.0,-740.3059082061945,3.9502013,40.991711,0.8191247842672266
3000.0,-740.3140102064426,3.950161,41.004215,0.818801764017108
3000.0,-740.3080012632067,3.9500005,41.004215,0.8184787431398433
3000.0,-740.3162054698952,3.9495595,41.091595,0.8181557219318683
3000.0,-740.3076208810147,3.949399,40.991711,0.8178327012205768
3000.0,-740.3146929253165,3.9491181,41.004215,0.8175096806725685
3000.0,-740.3160482790439,3.9489176,40.991711,0.8171866595331803
3000.0,-740.3082071699657,3.9484363,41.004215,0.8168636385660716
3000.0,-740.3149174502684,3.9482758,41.029186,0.8165406179200966
3000.0,-740.3056177901478,3.9481955,41.016682,0.81621759808282
3000.0,-740.3150204291887,3.947674,41.016682,0.8158945773919122
3000.0,-740.3153969941145,3.9475536,41.004215,0.8155715565366985
3000.0,-740.3061897842958,3.9471126,41.029186,0.8152485364498419
3000.0,-740.3126746035514,3.9469118,41.004215,0.8149255167824853
3000.0,-740.3061492085317,3.9469118,41.041653,0.8146024967133332
3000.0,-740.3137149166439,3.94627,41.016682,0.814279476592058
3000.0,-740.3067497430197,3.945869,41.054157,0.813956456260873
3000.0,-740.3144373574312,3.9458289,41.054157,0.8136334358243761
3000.0,-740.314778521158,3.9454677,41.041653,0.8133104152390198
3000.0,-740.3071897430634,3.9453876,40.966736,0.8129873947158481
3000.0,-740.3142187282368,3.9451067,41.041653,0.8126643743747455
3000.0,-740.306987764894,3.9449062,41.041653,0.8123413539397036
3000.0,-740.315792967825,3.9445853,40.954269,0.8120183329117152
3000.0,-740.3142561918228,3.9438231,41.016682,0.8116953125542661
3000.0,-740.3081251025919,3.944104,40.991711,0.8113722916229662
3000.0,-740.3142865140745,3.9438634,40.929302,0.8110492712522867
3000.0,-740.305928066977,3.9435425,41.004215,0.810726251279626
3000.0,-740.3136754636753,3.9431012,40.954269,0.8104032311755655
3000.0,-740.3066748892469,3.9429007,40.966736,0.8100802108770414
3000.0,-740.3138726083452,3.9426599,40.966736,0.8097571906869608
3000.0,-740.3135447865687,3.9424193,41.004215,0.8094341706399183
3000.0,-740.3074161582248,3.9422185,41.016682,0.8091111500179542
3000.0,-740.3144373570731,3.9419379,40.991711,0.8087881295814576
3000.0,-740.3090331062097,3.9416971,41.029186,0.8084651082539657
3000.0,-740.3159135860816,3.9412558,40.966736,0.8081420871733479
3000.0,-740.3148583800918,3.9411757,41.004215,0.807819066553147
3000.0,-740.306072865832,3.9408548,40.979244,0.8074960465173058
3000.0,-740.3132855322426,3.9403734,41.004215,0.8071730265833833
3000.0,-740.3058942537976,3.9403734,40.979244,0.8068500066254765
3000.0,-740.3135367419649,3.9401329,41.016682,0.8065269865819441
3000.0,-740.305685172479,3.9397717,41.016682,0.8062039667152663
3000.0,-740.3128739945774,3.939491,40.929302,0.8058809469609095
3000.0,-740.3130854698012,3.9392903,41.004215,0.8055579271142802
3000.0,-740.3047942587275,3.9390898,40.991711,0.8052349076363376
3000.0,-740.3134853624717,3.9387288,41.016682,0.8049118876152236
3000.0,-740.3052789975349,3.9385283,40.991711,0.8045888679257734
3000.0,-740.3125893860334,3.9383678,40.979244,0.8042658482955996
3000.0,-740.3031741974713,3.9379666,40.966736,0.8039428295245433
3000.0,-740.3112882803042,3.937726,41.029186,0.8036198104620792
3000.0,-740.3116306647955,3.9374452,40.991711,0.803296791250223
3000.0,-740.3033750394541,3.9371243,40.941769,0.8029737723915328
3000.0,-740.3121603184109,3.9369237,40.966736,0.8026507529485735
3000.0,-740.3038684693809,3.9367232,41.054157,0.8023277338745833
3000.0,-740.3125799377704,3.9362819,41.029186,0.8020047142485321
3000.0,-740.312981441142,3.9362419,40.991711,0.8016816944472933
3000.0,-740.3058504793781,3.9358807,40.941769,0.8013586745084867
3000.0,-740.3122500528906,3.9356,40.966736,0.8010356550263737
3000.0,-740.3051362614555,3.9353592,41.016682,0.8007126353992041
3000.0,-740.3134015118804,3.9351187,40.904327,0.8003896154146765
3000.0,-740.3068465318103,3.9349983,40.954269,0.8000665950412592
3000.0,-740.3155984965383,3.9346373,40.941769,0.799743574098124
3000.0,-740.3136385127572,3.9344769,40.991711,0.7994205540101861
3000.0,-740.3060504782632,3.9339955,41.016682,0.7990975339841134
3000.0,-740.3137718751158,3.9338751,40.941769,0.7987745138379856
3000.0,-740.3053646173273,3.9334338,40.991711,0.7984514941111768
3000.0,-740.314008314672,3.9332733,41.016682,0.7981284738618836
3000.0,-740.3145119426028,3.9331129,40.941769,0.7978054533928431
3000.0,-740.3060140284595,3.9327118,40.904327,0.7974824333826747
3000.0,-740.3121876990508,3.9325514,40.979244,0.7971594139277683
3000.0,-740.3040611685645,3.9321501,41.004215,0.7968363947696974
3000.0,-740.3116099860309,3.9321501,40.954269,0.7965133755668639
3000.0,-740.3057992955727,3.9317892,40.954269,0.7961903556503904
3000.0,-740.3144941084519,3.9314282,41.004215,0.7958673351891316
3000.0,-740.3134755722596,3.9311073,40.941769,0.7955443151722892
3000.0,-740.3056497719944,3.9312277,40.916794,0.7952212953210579
3000.0,-740.312416362641,3.9307463,40.966736,0.7948982757663791
3000.0,-740.306605871163,3.9305458,40.929302,0.7945752554979701
3000.0,-740.3137626100032,3.9303854,40.941769,0.7942522353558851
3000.0,-740.3129462235539,3.9299841,40.941769,0.7939292155700126
3000.0,-740.3061050680707,3.9296632,40.966736,0.7936061955201206
3000.0,-740.3145006512217,3.9296231,41.029186,0.7932831750560069
3000.0,-740.3072208465637,3.9293022,40.929302,0.7929601545192638
3000.0,-740.3154547332782,3.9291017,40.954269,0.7926371336388567
3000.0,-740.306292628349,3.92858,40.966736,0.7923141135071259
3000.0,-740.3157171859849,3.92858,40.954269,0.7919910925122031
3000.0,-740.3153574309487,3.928179,40.966736,0.7916680716742519
3000.0,-740.3082803874743,3.9280987,41.016682,0.791345050675196
3000.0,-740.3165100978621,3.9277377,40.929302,0.791022029334303
3000.0,-740.309257714492,3.9272966,40.941769,0.790699007908807
3000.0,-740.3176399139381,3.9272163,40.941769,0.7903759860749429
3000.0,-740.3179275860579,3.9269757,40.979244,0.7900529641155593
3000.0,-740.3104284489362,3.9266145,41.029186,0.7897299421792331
3000.0,-740.3176260830066,3.926374,40.954269,0.7894069203514038
3000.0,-740.3101441118899,3.926053,40.966736,0.7890838985391432
3000.0,-740.3172106878751,3.9258926,40.966736,0.7887608768925627
3000.0,-740.3095297591946,3.9258525,40.991711,0.7884378553483646
3000.0,-740.317093536023,3.9254513,40.954269,0.7881148337529008
3000.0,-740.3174802570526,3.9252508,40.879356,0.7877918119886996
3000.0,-740.3077706367009,3.9250503,40.904327,0.7874687912120648
3000.0,-740.3162131725499,3.924649,40.891823,0.7871457700007289
3000.0,-740.3091085086099,3.9247694,40.991711,0.7868227486403364
3000.0,-740.3164841945508,3.9242077,40.966736,0.7864997273107458
3000.0,-740.3174881550337,3.923887,40.941769,0.7861767055430985
3000.0,-740.3074724325394,3.9235661,40.904327,0.7858536848965801
3000.0,-740.3142452664869,3.9234056,40.991711,0.7855306645438981
3000.0,-740.3073510950261,3.9233654,40.891823,0.7852076439503232
3000.0,-740.3154652068259,3.9230044,40.979244,0.7848846230653462
3000.0,-740.3069597149625,3.9226034,40.966736,0.7845616026425434
3000.0,-740.3149156923306,3.9223626,40.929302,0.7842385819973354
3000.0,-740.3154551240334,3.9220417,41.004215,0.7839155611167578
3000.0,-740.3079501160311,3.9218411,40.991711,0.7835925402618102
3000.0,-740.3145426921375,3.9216003,40.941769,0.7832695197793529
3000.0,-740.3077384712965,3.9211993,40.954269,0.7829464990167531
3000.0,-740.3145293253237,3.9211593,40.941769,0.7826234785401279
3000.0,-740.3071199191766,3.9207981,40.941769,0.7823004580474228
3000.0,-740.3149341618807,3.920758,40.904327,0.7819774373941559
3000.0,-740.3128039378272,3.920397,40.904327,0.781654417670367
3000.0,-740.3068097645147,3.9200361,40.966736,0.7813313973129925
3000.0,-740.3130152913428,3.9199557,40.86689,0.781008377496984
3000.0,-740.3062568616691,3.9199557,40.891823,0.7806853573808593
3000.0,-740.3141140159352,3.9196348,40.904327,0.7803623370854457
3000.0,-740.3147593194664,3.9192739,40.941769,0.7800393165084677
3000.0,-740.3065065187519,3.9189129,40.929302,0.7797162962834094
3000.0,-740.3142675563106,3.9185519,40.954269,0.7793932759210017
3000.0,-740.3068457142408,3.9185519,40.904327,0.7790702555479412
3000.0,-740.3151721513096,3.9181507,40.916794,0.7787472347908327
3000.0,-740.3069911845043,3.9178698,40.941769,0.7784242143542988
3000.0,-740.314832000538,3.9179101,40.916794,0.7781011937456078
3000.0,-740.3143456088076,3.9175892,40.916794,0.7777781733491437
3000.0,-740.308044316747,3.9172683,40.916794,0.7774551524530932
3000.0,-740.3158185049377,3.916827,40.904327,0.7771321314139621
3000.0,-740.3087025172747,3.9165461,40.954269,0.776809110230717
3000.0,-740.3152809283755,3.9165061,40.954269,0.7764860894261459
3000.0,-740.3136751705833,3.9163456,40.929302,0.7761630693222132
3000.0,-740.3079325866591,3.916105,40.929302,0.7758400484749143
3000.0,-740.3159808348995,3.9160247,40.954269,0.775517027364954
3000.0,-740.3059492214643,3.9154632,40.966736,0.7751940073830629
3000.0,-740.3128404370593,3.9152625,40.916794,0.7748709876433484
3000.0,-740.3049527540828,3.915102,40.966736,0.774547968096249
3000.0,-740.3137858521072,3.9147811,40.86689,0.7742249479440226
3000.0,-740.3142119044486,3.9145005,40.966736,0.7739019276058975
3000.0,-740.3062983656082,3.9142997,40.966736,0.7735789074716634
3000.0,-740.3142842071458,3.9143801,40.891823,0.7732558871019904
3000.0,-740.307245260176,3.9138587,40.904327,0.7729328665545948
3000.0,-740.3143111360998,3.9136982,40.954269,0.772609846173172
3000.0,-740.3136084589897,3.9132569,40.86689,0.7722868260983473
3000.0,-740.305965847371,3.9130964,40.891823,0.7719638061092019
3000.0,-740.3134851547136,3.912936,40.904327,0.7716407860881784
3000.0,-740.3057386390942,3.912575,40.904327,0.7713177661981715
3000.0,-740.3141425313408,3.9124146,40.941769,0.7709947458903158
3000.0,-740.3054882498262,3.9121737,40.929302,0.7706717261095619
3000.0,-740.313697314296,3.9116924,40.891823,0.7703487059959672
3000.0,-740.3143736115965,3.9115722,40.929302,0.7700256855872846
3000.0,-740.3078771548284,3.9113715,40.891823,0.7697026647641724
3000.0,-740.3152244343281,3.9112513,40.954269,0.7693796439842514
3000.0,-740.3064673707797,3.9109704,40.904327,0.7690566237762746
3000.0,-740.3142154687208,3.9106095,40.979244,0.7687336034365942
3000.0,-740.3140907126445,3.9105694,40.891823,0.7684105831513486
3000.0,-740.3082128709023,3.9100881,40.904327,0.7680875621817523
3000.0,-740.3155575901835,3.9098072,40.916794,0.7677645412564659
3000.0,-740.3059291290346,3.9096067,40.916794,0.7674415212833418
3000.0,-740.3134157452826,3.9096067,40.979244,0.7671185012926037
3000.0,-740.3067031120441,3.9091654,40.929302,0.7667954809817653
3000.0,-740.313909119344,3.9089649,40.941769,0.7664724607757539
3000.0,-740.3128013379088,3.9089246,40.941769,0.7661494410530995
3000.0,-740.3050335639724,3.908644,40.966736,0.76582642147074
3000.0,-740.3134740955959,3.908323,40.929302,0.7655034014545421
3000.0,-740.30703597192,3.9082427,40.879356,0.7651803809984659
3000.0,-740.3163382828535,3.9075208,40.941769,0.7648573597325407
3000.0,-740.3144336954957,3.9077613,40.941769,0.7645343392976417
3000.0,-740.3057398717153,3.9074404,40.941769,0.7642113194070969
3000.0,-740.3133003762316,3.9070795,40.854385,0.7638882994666976
3000.0,-740.305291558616,3.9067986,40.904327,0.7635652797717666
3000.0,-740.3132705540114,3.9063976,40.916794,0.7632422598443797
3000.0,-740.3053784722667,3.9063575,40.979244,0.7629192401115255
3000.0,-740.3143113066651,3.9061971,40.941769,0.7625962197300281
3000.0,-740.3134914537602,3.9057558,40.86689,0.7622731997062563
3000.0,-740.306974436635,3.9054749,40.879356,0.7619501792770299
3000.0,-740.3131437102243,3.9053144,40.891823,0.7616271594049885
3000.0,-740.3059800442561,3.9052744,40.954269,0.7613041394096486
3000.0,-740.3144470497243,3.9049134,40.904327,0.7609811189689227
3000.0,-740.3151839554098,3.9046726,40.916794,0.7606580982066637
3000.0,-740.3067256950908,3.9046326,40.941769,0.7603350778859717
3000.0,-740.3140536028767,3.9041111,40.929302,0.7600120576169179
3000.0,-740.3069420390717,3.9037099,40.954269,0.7596890372018277
3000.0,-740.3150712232143,3.9037902,40.929302,0.759366016488757
3000.0,-740.3074594808605,3.9035094,40.916794,0.7590429958478899
3000.0,-740.3157992296277,3.9031885,40.854385,0.7587199748171692
3000.0,-740.3159367796353,3.902988,40.891823,0.7583969537264315
3000.0,-740.3075186720475,3.902667,40.916794,0.7580739330597372
3000.0,-740.3149100040243,3.9024665,40.966736,0.7577509124170112
3000.0,-740.3073186123346,3.9022257,40.954269,0.7574278918376095
3000.0,-740.3158619376949,3.9020252,40.904327,0.7571048707795275
3000.0,-740.3062328261207,3.9019449,40.891823,0.7567818506738904
3000.0,-740.3148361387159,3.9014635,40.891823,0.7564588300633939
3000.0,-740.3164216212373,3.9015839,40.891823,0.7561358087611059
3000.0,-740.3081350266906,3.9011426,40.916794,0.7558127878254757
3000.0,-740.3158266470513,3.900902,40.891823,0.7554897667827919
3000.0,-740.3085747588154,3.9006212,40.941769,0.7551667456552921
3000.0,-740.3140278826136,3.900501,40.904327,0.7548437253974608
3000.0,-740.3141157367312,3.9000998,40.891823,0.7545207051012964
3000.0,-740.3072062716149,3.8999393,40.879356,0.7541976845709127
3000.0,-740.3137842893937,3.8996184,40.954269,0.7538746644193683
3000.0,-740.3067171138093,3.8993375,40.916794,0.7535516441024205
3000.0,-740.313400266713,3.8992574,40.941769,0.7532286241184362
3000.0,-740.3052895566682,3.8990166,40.929302,0.7529056044243787
3000.0,-740.3145236495003,3.8988562,40.86689,0.7525825839502301
3000.0,-740.3136115467637,3.8988965,40.941769,0.7522595638740582
3000.0,-740.3059739408018,3.8983347,40.86689,0.7519365438813813
3000.0,-740.3149619941044,3.8979337,40.916794,0.7516135232159705
3000.0,-740.3059461085512,3.8978934,40.86689,0.7512905032354377
3000.0,-740.3134119124238,3.897733,40.879356,0.7509674832463721
3000.0,-740.3131313322184,3.8972919,40.854385,0.7506444633797316
3000.0,-740.3060989157086,3.897332,40.904327,0.7503214433325239
3000.0,-740.3159487788573,3.896971,40.854385,0.7499984222365507
3000.0,-740.3067040764906,3.8967705,40.879356,0.7496754019252914
3000.0,-740.3141038594731,3.8967302,40.86689,0.7493523816343093
3000.0,-740.3070855444266,3.8963292,40.941769,0.7490293611566029
3000.0,-740.3156613021663,3.8959279,40.891823,0.748706340186064
3000.0,-740.3149534609287,3.8956873,40.829414,0.7483833195243764
3000.0,-740.308290165361,3.8955669,40.891823,0.7480602985210542
3000.0,-740.3158855952128,3.8953264,40.891823,0.7477372774526496
3000.0,-740.3072151700812,3.8950856,40.879356,0.7474142569183833
3000.0,-740.3151968953499,3.8946042,40.86689,0.7470912361504783
3000.0,-740.3151136671635,3.8948047,40.86689,0.7467682154188882
3000.0,-740.3087665181089,3.8944037,40.854385,0.7464451942077173
3000.0,-740.3154037200349,3.8941228,40.916794,0.7461221733495689
3000.0,-740.3081589765992,3.8939223,40.954269,0.7457991524034885
3000.0,-740.3142505887992,3.8937218,40.929302,0.7454761320484842
3000.0,-740.3084756383586,3.893441,40.929302,0.745153110964234
3000.0,-740.3168076336076,3.8932004,40.966736,0.7448300894935176
3000.0,-740.3147989315406,3.8928795,40.916794,0.7445070688992557
3000.0,-740.3070252298937,3.8929596,40.941769,0.7441840484478665
3000.0,-740.314784783421,3.8925586,40.979244,0.7438610278597777
3000.0,-740.3070637547512,3.8923578,40.916794,0.7435380073915789
3000.0,-740.3157037705697,3.8919168,40.941769,0.7432149864025098
3000.0,-740.3143810581475,3.8917563,40.954269,0.742891965990578
3000.0,-740.306755101499,3.8916759,40.904327,0.7425689456570549
3000.0,-740.3151187576215,3.891355,40.854385,0.7422459249232436
3000.0,-740.306801366075,3.8911545,40.904327,0.7419229045695337
3000.0,-740.3144600382659,3.8907936,40.891823,0.7415998841231405
3000.0,-740.3073080895751,3.8909137,40.829414,0.7412768635483304
3000.0,-740.3130738003524,3.8904727,40.954269,0.7409538437067926
3000.0,-740.3136930414666,3.8901517,40.879356,0.7406308235950623
3000.0,-740.307783246434,3.8897908,40.879356,0.7403078028129255
3000.0,-740.3148894838026,3.8898308,40.941769,0.739984782179153
3000.0,-740.3088308242591,3.88959,40.904327,0.7396617609399233
3000.0,-740.3153412805543,3.8895099,40.86689,0.739338740109019
3000.0,-740.3155253762635,3.8890686,40.954269,0.7390157191977883
3000.0,-740.3085073638991,3.8889081,40.941769,0.7386926980996951
3000.0,-740.3162516373244,3.8887477,40.904327,0.7383696768715758
3000.0,-740.3089094737109,3.8885071,40.854385,0.7380466555980288
3000.0,-740.3160537237806,3.8880658,40.829414,0.737723634456265
3000.0,-740.3094668563314,3.8880658,40.86689,0.7374006129395135
3000.0,-740.3167291665152,3.8878653,40.904327,0.7370775915030346
3000.0,-740.3169259573159,3.8876245,40.929302,0.7367545699806902
3000.0,-740.3096965798837,3.8871431,40.86689,0.7364315483637027
3000.0,-740.3166439245942,3.8869426,40.829414,0.7361085269644174
3000.0,-740.3090978151846,3.8868222,40.879356,0.7357855056086907
3000.0,-740.3156267193635,3.8866618,40.841919,0.7354624846532412
3000.0,-740.3155942848445,3.8865013,40.854385,0.7351394637119438
3000.0,-740.3069944439363,3.8862207,40.86689,0.7348164432739875
3000.0,-740.3142373806817,3.8858194,41.004215,0.7344934229247464
3000.0,-740.3077050237492,3.8856189,40.891823,0.7341704021767407
3000.0,-740.3164320457744,3.8854184,40.86689,0.7338473808699041
3000.0,-740.3093616569765,3.885258,40.941769,0.7335243593990545
3000.0,-740.3180332141632,3.8848968,40.854385,0.7332013373935823
3000.0,-740.3194134951837,3.8848166,40.86689,0.7328783147858539
3000.0,-740.3125056487545,3.8845758,40.854385,0.7325552919431766
3000.0,-740.3185001112123,3.8842952,40.904327,0.7322322697339837
3000.0,-740.3100022667418,3.8842549,40.916794,0.7319092479836148
3000.0,-740.3178367654139,3.883934,40.854385,0.7315862260638588
3000.0,-740.3095239611586,3.8837335,40.829414,0.7312632045221906
3000.0,-740.316768497827,3.8835731,40.86689,0.7309401830685504
3000.0,-740.3166660311651,3.8833325,40.879356,0.7306171616596192
3000.0,-740.3079867124048,3.8832924,40.816948,0.7302941407887035
3000.0,-740.314322207598,3.8828111,40.86689,0.7299711204024498
3000.0,-740.3068154286168,3.8824098,40.879356,0.7296481000426039
3000.0,-740.3154897554375,3.8823297,40.891823,0.7293250791469157
3000.0,-740.317177569867,3.882129,40.854385,0.7290020575147856
3000.0,-740.3088859025823,3.8820088,40.941769,0.7286790362515234
3000.0,-740.3170560847152,3.881768,40.916794,0.7283560146724007
3000.0,-740.3094968129017,3.881367,40.891823,0.7280329931425782
3000.0,-740.3170108940203,3.8814471,40.86689,0.7277099715831734
3000.0,-740.3091748170148,3.8810861,40.916794,0.7273869501938484
3000.0,-740.3161471564166,3.8808856,40.891823,0.7270639290113172
3000.0,-740.3163840352781,3.8804843,40.829414,0.7267409077254291
3000.0,-740.3092496091923,3.8804042,40.879356,0.7264178863034697
3000.0,-740.3168444503348,3.8802037,40.941769,0.7260948648166892
3000.0,-740.3097677220827,3.8799629,40.879356,0.72577184316866
3000.0,-740.3158807124616,3.879642,40.916794,0.7254488221023859
3000.0,-740.3159371821572,3.8795216,40.86689,0.7251258010114725
3000.0,-740.308614858649,3.8791606,40.904327,0.7248027798664758
3000.0,-740.3152777305065,3.8788397,40.916794,0.7244797590633001
3000.0,-740.3094791977876,3.8789601,40.904327,0.7241567375411635
3000.0,-740.317139679305,3.8785992,40.916794,0.7238337159255662
3000.0,-740.3081778121585,3.8783183,40.891823,0.7235106949712673
3000.0,-740.3164409936478,3.878238,40.86689,0.7231876736605265
3000.0,-740.3154215547997,3.8780375,40.941769,0.7228646527945961
3000.0,-740.3087792498047,3.8777165,40.904327,0.7225416315778701
3000.0,-740.3163422505685,3.8774357,40.879356,0.7222186103102137
3000.0,-740.309420226072,3.8771551,40.86689,0.7218955888138086
3000.0,-740.3160573975338,3.8769546,40.879356,0.7215725676704418
3000.0,-740.3147382012941,3.8768742,40.816948,0.7212495471026782
3000.0,-740.3085547148843,3.8767538,40.966736,0.7209265259839241
3000.0,-740.3175338584476,3.8762324,40.879356,0.7206035041963351
3000.0,-740.3086923609148,3.8759918,40.854385,0.7202804830175216
3000.0,-740.3167620401863,3.8759115,40.916794,0.7199574615666989
3000.0,-740.3097664523203,3.875711,40.879356,0.7196344399192237
3000.0,-740.3167519453201,3.8754301,40.86689,0.7193114184728059
3000.0,-740.3164276145557,3.8754301,40.86689,0.7189883971679027
3000.0,-740.3089758430971,3.8750291,40.891823,0.7186653758653966
3000.0,-740.314727056331,3.8748686,40.879356,0.7183423553024958
3000.0,-740.307477559269,3.8747082,40.904327,0.7180193346537405
3000.0,-740.3142900665289,3.8743873,40.86689,0.7176963142815109
3000.0,-740.3141142352041,3.873946,40.941769,0.7173732939860017
3000.0,-740.3062029191744,3.8737051,40.86689,0.7170502738934138
3000.0,-740.3126815249517,3.8735046,40.916794,0.7167272542230372
3000.0,-740.3064639042568,3.8735046,40.854385,0.7164042340165729
3000.0,-740.3138907358439,3.8734245,40.854385,0.7160812138185829
3000.0,-740.3062162611953,3.8729031,40.891823,0.7157581937201736
3000.0,-740.3143321810119,3.8727827,40.86689,0.7154351733295683
3000.0,-740.3147334647564,3.8727827,40.86689,0.7151121527638714
3000.0,-740.3071181372119,3.8726223,40.879356,0.7147891322719436
3000.0,-740.3160935672997,3.8722613,40.941769,0.714466111112795
3000.0,-740.3082647383944,3.87182,40.879356,0.7141430901205673
3000.0,-740.3144735390149,3.8717799,40.879356,0.7138200696682835
3000.0,-740.3149345769878,3.8715391,40.916794,0.7134970490148355
3000.0,-740.3080745657412,3.8713386,40.916794,0.7131740281055865
3000.0,-740.3143293729772,3.8712182,40.891823,0.7128510077162065
3000.0,-740.3064518926727,3.8708172,40.879356,0.7125279875149833
3000.0,-740.3146545462339,3.8705764,40.916794,0.7122049669837207
3000.0,-740.3061193380105,3.8706164,40.904327,0.7118819469276022
3000.0,-740.3146453294669,3.8701353,40.916794,0.7115589264003612
3000.0,-740.3154185640238,3.8699346,40.916794,0.7112359055357359
3000.0,-740.306855955422,3.8700149,40.891823,0.7109128851582068
3000.0,-740.3139121959653,3.869694,40.854385,0.7105898649508531
3000.0,-740.3064522950882,3.8692126,40.916794,0.7102668447494543
3000.0,-740.3134530868024,3.8690522,40.841919,0.709943824742423
3000.0,-740.3055497728332,3.8688114,40.879356,0.7096208049348247
3000.0,-740.3133368023059,3.8688917,40.816948,0.7092977849785317
3000.0,-740.3127829414142,3.8685308,40.916794,0.708974765263904
3000.0,-740.3053501645459,3.8684504,40.891823,0.7086517455434014
3000.0,-740.31203683124,3.8680091,40.891823,0.7083287261543231
3000.0,-740.3052550109453,3.867969,40.879356,0.708005706475339
3000.0,-740.3128410230386,3.867929,40.891823,0.7076826867353688
3000.0,-740.3130212609232,3.8677285,40.86689,0.7073596669167554
3000.0,-740.3064061529865,3.8672872,40.854385,0.7070366467354902
3000.0,-740.3145123332557,3.8670866,40.916794,0.7067136262662793
3000.0,-740.3062834119816,3.8667657,40.891823,0.7063906061385699
3000.0,-740.3133277197811,3.8666053,40.854385,0.7060675861862398
3000.0,-740.3057930089699,3.8664448,40.954269,0.7057445662725095
3000.0,-740.3121466832662,3.8663244,40.879356,0.7054215468354995
3000.0,-740.3124298270668,3.8661239,40.904327,0.7050985272749459
3000.0,-740.3057925934578,3.8659635,40.86689,0.7047755073613968
3000.0,-740.3127932447036,3.8658431,40.86689,0.7044524876422736
3000.0,-740.3064462406442,3.8654017,40.966736,0.7041294674435167
3000.0,-740.312232889848,3.8652413,40.904327,0.7038064479688922
3000.0,-740.3121444128141,3.8650408,40.904327,0.7034834285328732
3000.0,-740.3043791971858,3.8647599,40.891823,0.7031604092360356
3000.0,-740.3131017663065,3.8648002,40.829414,0.7028373893822956
3000.0,-740.3070351050847,3.8643188,40.916794,0.7025143689265976
3000.0,-740.3136862303148,3.864038,40.86689,0.7021913488178391
3000.0,-740.3052185609881,3.8637972,40.954269,0.7018683291547594
3000.0,-740.3120224149432,3.863677,40.891823,0.7015453097719713
3000.0,-740.3133772074525,3.8635566,40.941769,0.7012222897980483
3000.0,-740.3054288382469,3.8631556,40.86689,0.7008992700432177
3000.0,-740.3139966812395,3.8631556,40.916794,0.7005762497990006
3000.0,-740.3056016034909,3.8630753,40.916794,0.7002532299687868
3000.0,-740.3134587141267,3.8626742,40.86689,0.6999302099593001
3000.0,-740.3128410720493,3.8625939,40.904327,0.6996071902193085
3000.0,-740.3056092084571,3.862313,40.86689,0.6992841703857764
3000.0,-740.3127826239192,3.8621526,40.904327,0.6989611506712873
3000.0,-740.3060598047755,3.8616712,40.86689,0.6986381306411451
3000.0,-740.3138189702177,3.861551,40.86689,0.6983151104744685
3000.0,-740.3071227879597,3.8612702,40.904327,0.6979920899805115
3000.0,-740.3143270294695,3.8612702,40.929302,0.697669069592154
3000.0,-740.3148470518247,3.8610697,40.80444,0.6973460489768957
3000.0,-740.3076401560797,3.8608289,40.854385,0.697023028257194
3000.0,-740.3148084287632,3.8608289,40.879356,0.6967000076587881
3000.0,-740.3071790621719,3.860548,40.904327,0.6963769871402768
3000.0,-740.3148230527669,3.8603475,40.904327,0.6960539665354901
3000.0,-740.3147094900504,3.8601069,40.841919,0.6957309459802541
3000.0,-740.3076136547775,3.8599465,40.904327,0.6954079252721158
3000.0,-740.3147006520674,3.859786,40.929302,0.6950849047207359
3000.0,-740.3078851503411,3.8594251,40.904327,0.6947618838941351
3000.0,-740.3145614058201,3.8594651,40.904327,0.6944388634035124
3000.0,-740.3072498501472,3.8588634,40.879356,0.6941158428541141
3000.0,-740.3144052769859,3.8587029,40.879356,0.6937928224316149
3000.0,-740.3144975018519,3.8587832,40.854385,0.6934698019688753
3000.0,-740.3077177803083,3.8582215,40.991711,0.6931467812153035
3000.0,-740.3164439596625,3.8582215,40.891823,0.6928237599032686
3000.0,-740.3079668148903,3.8580611,40.854385,0.6925007390410348
3000.0,-740.3155324074006,3.8577802,40.854385,0.6921777181267362
3000.0,-740.3166258942982,3.8577802,40.879356,0.691854696735318
3000.0,-740.3105398986736,3.8573792,40.829414,0.6915316747503626
3000.0,-740.3175436486088,3.8571384,40.929302,0.6912086529585019
3000.0,-740.3087391377956,3.8569379,40.879356,0.690885631759278
3000.0,-740.3170353085944,3.8566573,40.904327,0.6905626101892206
3000.0,-740.3089934822558,3.856617,40.841919,0.6902395888790178
3000.0,-740.3139263318066,3.8564968,40.854385,0.6899165686654962
3000.0,-740.3140603532512,3.8561759,40.86689,0.6895935483934971
3000.0,-740.3055895061647,3.8559351,40.916794,0.6892705285685617
3000.0,-740.3126195984971,3.8557746,40.879356,0.6889475089252053
3000.0,-740.3048106526289,3.8556142,40.916794,0.6886244894401096
3000.0,-740.3134000957384,3.8555741,40.86689,0.6883014694561999
3000.0,-740.3114694703155,3.8550124,40.916794,0.6879784503146774
3000.0,-740.3040834953055,3.8550124,40.879356,0.6876554311468643
3000.0,-740.3115727297427,3.8548119,40.879356,0.6873324119602868
3000.0,-740.3046779385152,3.8544109,40.954269,0.6870093925330987
3000.0,-740.3117516492507,3.8543305,40.891823,0.6866863732684534
3000.0,-740.3043776103409,3.85413,40.904327,0.6863633539723083
3000.0,-740.3123568283978,3.8538492,40.966736,0.686040334443606
3000.0,-740.3119432029706,3.8538492,40.941769,0.6857173150953805
3000.0,-740.3047316006594,3.8534882,40.904327,0.6853942956447777
3000.0,-740.3104471134402,3.8533678,40.979244,0.6850712769493389
3000.0,-740.3037204232697,3.8531673,40.941769,0.6847482579399462
3000.0,-740.3107642171273,3.8528464,40.991711,0.6844252391061459
3000.0,-740.3032193027881,3.8526058,40.916794,0.6841022203154087
3000.0,-740.3121161288533,3.8524854,40.879356,0.6837792008917306
3000.0,-740.3139841322591,3.852325,40.904327,0.683456180652989
3000.0,-740.3057939852852,3.8522046,40.879356,0.6831331607388326
3000.0,-740.3127738718838,3.8518836,40.916794,0.6828101410281623
3000.0,-740.3062125869674,3.8517232,40.904327,0.6824871209313562
3000.0,-740.3125989930439,3.8514826,40.854385,0.6821641012969906
3000.0,-740.3119886133438,3.8514826,40.891823,0.681841081928951
3000.0,-740.3048696001975,3.8508408,40.929302,0.6815180624181345
3000.0,-740.3126142758779,3.8509209,40.916794,0.6811950427771005
3000.0,-740.304660811968,3.8508005,40.891823,0.6808720233573852
3000.0,-740.3115250859568,3.8503995,40.879356,0.680549004191596
3000.0,-740.3051426824014,3.8504395,40.916794,0.6802259845616246
3000.0,-740.3123497968515,3.8502791,40.904327,0.6799029650359905
3000.0,-740.312966585284,3.850239,40.954269,0.6795799452412338
3000.0,-740.3060174098541,3.8496776,40.941769,0.6792569252295899
3000.0,-740.311791676432,3.8493164,40.86689,0.6789339059474796
3000.0,-740.3036405896955,3.8491962,40.954269,0.678610886972921
3000.0,-740.3122252848053,3.8492763,40.954269,0.678287867501615
3000.0,-740.3113267932197,3.8489554,40.891823,0.6779648484223466
3000.0,-740.3040968620871,3.8486745,40.916794,0.6776418292487013
3000.0,-740.3122015299823,3.8485141,40.941769,0.6773188097877603
3000.0,-740.304448203094,3.8485141,40.904327,0.6769957904608132
3000.0,-740.3123409101647,3.8481932,40.854385,0.6766727709390565
3000.0,-740.3056989053534,3.8478723,40.891823,0.6763497510663866
3000.0,-740.3119215601081,3.8477921,40.916794,0.6760267317276044
3000.0,-740.3116368294466,3.8475513,40.891823,0.6757037125130584
3000.0,-740.3045426850812,3.8473108,40.991711,0.6753806931448857
3000.0,-740.3115527348252,3.8471503,40.916794,0.6750576739670325
3000.0,-740.3025093082322,3.8469899,40.941769,0.6747346554860895
3000.0,-740.3102689142559,3.8468294,40.879356,0.674411636868404
3000.0,-740.3097746488962,3.8465889,40.86689,0.6740886184663809
3000.0,-740.3031306311149,3.846308,40.80444,0.673765599714334
3000.0,-740.3100781053139,3.8461876,40.904327,0.6734425811799041
3000.0,-740.3040390862607,3.8460271,40.891823,0.6731195620314683
3000.0,-740.3117257215875,3.8458266,40.941769,0.672796542778136
3000.0,-740.305068903169,3.8455858,40.854385,0.6724735231803569
3000.0,-740.3113766233517,3.8454254,40.916794,0.6721505040793462
3000.0,-740.3114701046915,3.8449843,40.941769,0.6718274849375471
3000.0,-740.3034668721808,3.8451447,40.916794,0.6715044660387871
3000.0,-740.3108056483259,3.8447435,40.954269,0.6711814471869092
3000.0,-740.3038148562468,3.844543,40.86689,0.6708584281363124
3000.0,-740.3115235476972,3.8444226,40.941769,0.6705354089711945
3000.0,-740.3104831733159,3.8440216,40.891823,0.6702123902600217
3000.0,-740.3050085521087,3.8437808,40.841919,0.6698893706885758
3000.0,-740.3109345426824,3.8437006,40.979244,0.6695663517804575
3000.0,-740.3032087068715,3.8436203,40.979244,0.6692433329943437
3000.0,-740.3105913648118,3.8433397,40.941769,0.6689203142359639
3000.0,-740.3034611470973,3.8433397,40.916794,0.668597295339702
3000.0,-740.3109710299433,3.8430188,40.879356,0.6682742764156634
3000.0,-740.311673792694,3.8428583,40.916794,0.6679512571849893
3000.0,-740.3029201217996,3.8429384,40.941769,0.6676282385247946
3000.0,-740.3115399904161,3.8422966,40.941769,0.6673052193525022
3000.0,-740.3038342170029,3.8421361,40.891823,0.6669822002934576
3000.0,-740.3103185970491,3.842056,40.941769,0.6666591816540941
3000.0,-740.3101180467521,3.8419757,40.854385,0.6663361631022365
3000.0,-740.3030067546907,3.8416147,40.829414,0.6660131444042412
3000.0,-740.3116606208997,3.8416548,40.879356,0.6656901251793143
3000.0,-740.304861409258,3.8411334,40.86689,0.6653671056720716
3000.0,-740.3131179289792,3.8411334,40.879356,0.6650440858112794
3000.0,-740.3049926340357,3.8409328,40.891823,0.6647210662467791
3000.0,-740.3127561835371,3.840692,40.916794,0.6643980465438267
3000.0,-740.3117378921934,3.8406119,40.879356,0.6640750272851841
3000.0,-740.3064771486665,3.8401706,40.904327,0.6637520070729409
3000.0,-740.3132519259697,3.840291,40.929302,0.6634289871536819
3000.0,-740.3049371172812,3.8399301,40.929302,0.6631059676134053
3000.0,-740.3123557051431,3.8396893,40.904327,0.6627829480851932
3000.0,-740.3128402785677,3.8396893,40.791973,0.6624599283455478
3000.0,-740.3045386321755,3.8394084,40.979244,0.6621369089791435
3000.0,-740.3116304574467,3.8392882,40.904327,0.6618138897673778
3000.0,-740.3038034306362,3.838887,40.904327,0.6614908707217663
3000.0,-740.3126095886578,3.8386464,40.879356,0.6611678510827774
3000.0,-740.3057006754493,3.8386464,40.904327,0.6608448312093352
3000.0,-740.312731122411,3.8384457,40.879356,0.6605218115173178
3000.0,-740.3114893308885,3.8384056,40.916794,0.6601987923671296
3000.0,-740.3056608441997,3.8379242,40.916794,0.659875772511067
3000.0,-740.3125515314877,3.8379242,40.929302,0.6595527528974102
3000.0,-740.3057947056017,3.8374829,40.904327,0.6592297329829396
3000.0,-740.3117149308518,3.8375633,40.879356,0.6589067137343156
3000.0,-740.3043655737914,3.8373225,40.941769,0.6585836944434225
3000.0,-740.3122002357529,3.8369215,40.941769,0.6582606749830462
3000.0,-740.3116929578068,3.8370419,40.929302,0.6579376557440096
3000.0,-740.3058353061779,3.8368814,40.966736,0.6576146358118236
3000.0,-740.3130135089509,3.8365204,40.929302,0.6572916159965927
3000.0,-740.3059107208561,3.8363197,40.941769,0.6569685960315008
3000.0,-740.3128978835915,3.8358786,40.879356,0.6566455762667206
3000.0,-740.3130384852547,3.8358383,40.891823,0.656322556440592
3000.0,-740.3056493814477,3.8357182,40.954269,0.655999536589531
3000.0,-740.3130278892315,3.8354774,40.954269,0.6556765167680257
3000.0,-740.3057488317769,3.8354373,40.941769,0.6553534968735713
3000.0,-740.3121476964261,3.834996,40.929302,0.6550304774361193
3000.0,-740.3034014063621,3.835036,40.941769,0.6547074585659244
3000.0,-740.3123150315122,3.8349559,40.904327,0.6543844390554593
3000.0,-740.3099264440215,3.8344746,40.954269,0.6540614205872034
3000.0,-740.3035720841208,3.8343942,40.916794,0.653738401642536
3000.0,-740.3105389719029,3.8340733,40.941769,0.6534153829070167
3000.0,-740.3032744047467,3.8339128,40.816948,0.6530923640922368
3000.0,-740.3119516386366,3.8339932,40.904327,0.6527693447403304
3000.0,-740.3119551781476,3.8335519,40.904327,0.6524463253868797
3000.0,-740.3034581929813,3.8335118,40.916794,0.6521233064919069
3000.0,-740.3124550714456,3.833231,40.879356,0.6518002869203383
3000.0,-740.3037029060737,3.8331108,40.954269,0.6514772679185891
3000.0,-740.310487421384,3.8330705,40.916794,0.6511542492055626
3000.0,-740.3034738057383,3.8329504,40.929302,0.6508312303037773
3000.0,-740.3112355090719,3.8325891,40.891823,0.650508211264339
3000.0,-740.3099200230109,3.832509,40.916794,0.6501851927988848
3000.0,-740.3039766599932,3.8319876,40.954269,0.6498621736776876
3000.0,-740.311009311158,3.8319073,40.966736,0.6495391547369458
3000.0,-740.3030701089795,3.8316667,40.916794,0.6492161360113069
3000.0,-740.3113986932926,3.8315063,40.941769,0.6488931169006664
3000.0,-740.3113872188634,3.831466,40.941769,0.6485700977950326
3000.0,-740.3052608947235,3.8310649,40.904327,0.6482470781134813
3000.0,-740.313083236286,3.8309846,40.86689,0.6479240582678264
3000.0,-740.305630301963,3.830704,40.941769,0.6476010384250905
3000.0,-740.314084193715,3.8306637,40.916794,0.6472780181426893
3000.0,-740.3063542002637,3.8304231,40.854385,0.6469549979840925
3000.0,-740.3137397585521,3.8302627,40.929302,0.6466319778519781
3000.0,-740.3132645113755,3.8301823,40.86689,0.6463089579272278
3000.0,-740.3056613323573,3.8300622,40.879356,0.6459859380709523
3000.0,-740.310952426151,3.8296208,40.929302,0.645662919155031
3000.0,-740.3047520348301,3.8294203,40.954269,0.6453398996955121
3000.0,-740.3114054073441,3.8294604,40.891823,0.6450168805819422
3000.0,-740.3133101538075,3.8292198,40.879356,0.6446938606372767
3000.0,-740.3044811376203,3.8290191,40.916794,0.6443708412959591
3000.0,-740.3122275552576,3.8288989,40.929302,0.6440478218236624
3000.0,-740.3042889755021,3.8286982,40.979244,0.6437248025661917
3000.0,-740.3090716542912,3.8284576,40.916794,0.6434017844709052
3000.0,-740.3034019676769,3.8284175,41.004215,0.6430787656004653
3000.0,-740.3111091288907,3.8279362,40.941769,0.6427557466161702
3000.0,-740.3105330267766,3.8279762,40.891823,0.6424327278832449
3000.0,-740.3038334844083,3.8277757,40.916794,0.6421097088245198
3000.0,-740.310412286812,3.8273745,40.929302,0.6417866901442769
3000.0,-740.3034944476141,3.8271739,40.966736,0.641463671233485
3000.0,-740.3120852083441,3.8273344,40.929302,0.6411406518232983
3000.0,-740.3129298053916,3.8271739,40.929302,0.6408176320445897
3000.0,-740.3050573310393,3.8266926,40.941769,0.64049461245186
3000.0,-740.3113990838432,3.8264921,40.966736,0.6401715933410492
3000.0,-740.3021825399418,3.826452,40.916794,0.6398485750026859
3000.0,-740.3120429228867,3.8260508,40.954269,0.6395255556109497
3000.0,-740.303521510845,3.8259706,40.879356,0.639202536688349
3000.0,-740.311442211793,3.8259706,40.916794,0.6388795175587203
3000.0,-740.3115767944557,3.8257699,40.941769,0.6385564983703692
3000.0,-740.3038832400634,3.825449,40.954269,0.6382334792899342
3000.0,-740.3095942036116,3.8254089,40.941769,0.6379104609666445
3000.0,-740.3020953087993,3.825048,40.891823,0.637587442666343
3000.0,-740.3117601455916,3.8248475,40.966736,0.6372644233979906
3000.0,-740.3024827825784,3.8248475,40.904327,0.6369414049286215
3000.0,-740.3108985075678,3.8247271,40.916794,0.6366183860362264
3000.0,-740.3116817149247,3.8243661,40.891823,0.6362953668020956
3000.0,-740.3038993528471,3.8242457,40.966736,0.6359723477146301
3000.0,-740.3127911693732,3.8240452,40.916794,0.6356493279964125
3000.0,-740.3028587939125,3.8237643,40.916794,0.6353263093629772
3000.0,-740.311825026192,3.8236039,40.929302,0.6350032900663155
3000.0,-740.3115504399188,3.823684,40.966736,0.6346802708894637
3000.0,-740.3042876326849,3.823323,40.929302,0.6343572516325788
3000.0,-740.3121759558303,3.822962,40.954269,0.6340342321827964
3000.0,-740.3050177928276,3.8231225,40.979244,0.6337112126073186
3000.0,-740.3134039411824,3.8226411,40.979244,0.633388192621731
3000.0,-740.3053378105045,3.8224406,40.904327,0.6330651729066187
3000.0,-740.3130159141567,3.8224807,40.929302,0.6327421530903384
3000.0,-740.3126526920511,3.8221998,40.991711,0.6324191334325423
3000.0,-740.3036795299627,3.8221598,40.954269,0.6320961144409928
3000.0,-740.3124545458344,3.8217587,40.916794,0.6317730948696536
3000.0,-740.3045045385945,3.8216383,40.916794,0.6314500755181255
3000.0,-740.3120461455168,3.8213575,40.941769,0.6311270561249831
3000.0,-740.3126241882075,3.8213975,40.929302,0.6308040364796241
3000.0,-740.3065971558453,3.8211169,40.979244,0.6304810162150178
3000.0,-740.3146213058526,3.8209162,40.991711,0.630157995698259
3000.0,-740.3064444586794,3.8206756,40.991711,0.6298349755002797
3000.0,-740.3126481264879,3.8205152,40.929302,0.6295119558444757
3000.0,-740.3052526182464,3.8203146,40.941769,0.6291889361665357
3000.0,-740.3115201661662,3.8200338,41.004215,0.6288659170028932
3000.0,-740.3125976135831,3.8201542,40.966736,0.6285428973691295
3000.0,-740.3047229819297,3.8200338,40.904327,0.6282198779222872
3000.0,-740.3127900582944,3.8195925,40.891823,0.6278968582045543
3000.0,-740.3051649724104,3.8195524,40.979244,0.6275738385648572
3000.0,-740.3115601443368,3.8191111,40.929302,0.627250819383771
3000.0,-740.3126066834204,3.8187902,40.941769,0.6269277997460498
3000.0,-740.3045988127745,3.8189106,40.891823,0.6266047803533867
3000.0,-740.3136166130746,3.81867,40.879356,0.6262817602750043
3000.0,-740.3052314636568,3.8185496,40.891823,0.6259587406062948
3000.0,-740.3131692228827,3.8183491,40.954269,0.6256357207231215
3000.0,-740.3064533941847,3.8183088,40.916794,0.6253127005212432
3000.0,-740.3146281786003,3.8181083,40.979244,0.6249896800014856
3000.0,-740.3147600886983,3.8179078,40.929302,0.624666659424172
3000.0,-740.3069566265034,3.8175869,40.941769,0.6243436390027167
3000.0,-740.315508896403,3.8173864,40.979244,0.6240206180986767
3000.0,-740.3088034805754,3.817266,40.941769,0.623697596871378
3000.0,-740.3160133304007,3.8171456,40.991711,0.6233745757472389
3000.0,-740.3136061027944,3.8171055,40.904327,0.6230515556734424
3000.0,-740.3076881539172,3.8166242,40.941769,0.6227285349327976
3000.0,-740.314010682327,3.8165441,40.941769,0.6224055146824715
3000.0,-740.3073962122116,3.8163836,40.979244,0.6220824940692103
3000.0,-740.3138258915668,3.8162632,41.016682,0.6217594738995138
3000.0,-740.305304168656,3.8160224,40.929302,0.6214364541990806
3000.0,-740.313680993234,3.8158619,40.966736,0.6211134340926072
3000.0,-740.3137414794504,3.815501,40.879356,0.620790413959742
3000.0,-740.3078165588196,3.8157015,40.979244,0.6204673931630699
3000.0,-740.3143833535654,3.8154609,40.879356,0.6201443727501365
3000.0,-740.3079846610377,3.8150597,40.954269,0.6198213518801158
3000.0,-740.3165894685309,3.8149796,40.941769,0.6194983305045911
3000.0,-740.3173642287621,3.8148592,40.966736,0.6191753087910165
3000.0,-740.3075409987885,3.814779,40.966736,0.6188522881145803
3000.0,-740.3155050757201,3.8144982,40.891823,0.6185292672122074
3000.0,-740.3077347481608,3.8142977,40.929302,0.6182062464512319
3000.0,-740.314854717747,3.8140969,40.991711,0.6178832258326288
3000.0,-740.3081188770726,3.8140569,40.979244,0.6175602049040453
3000.0,-740.3163254654912,3.8138163,40.904327,0.6172371836437127
3000.0,-740.3164625026775,3.8136959,40.891823,0.616914162323587
3000.0,-740.3079550227777,3.8136156,40.941769,0.6165911414664985
3000.0,-740.3157757925043,3.8131745,40.966736,0.616268120446004
3000.0,-740.3082817302915,3.812974,40.979244,0.6159450994463621
3000.0,-740.3156706157268,3.8129337,40.966736,0.6156220784717593
3000.0,-740.3158389518992,3.8128936,40.991711,0.6152990574237068
3000.0,-740.3086850976897,3.8125727,41.004215,0.6149760362480624
3000.0,-740.3166087188752,3.8124123,40.966736,0.6146530148641383
3000.0,-740.309507249612,3.8121717,40.891823,0.6143299933297618
3000.0,-740.3166008823875,3.8118908,40.954269,0.614006971949257
3000.0,-740.3089021863387,3.8119709,40.991711,0.6136839506788897
3000.0,-740.3169631156852,3.8116903,40.954269,0.613360929140332
3000.0,-740.3158288322719,3.8114896,40.954269,0.6130379080966948
3000.0,-740.3077115300282,3.8113291,40.979244,0.6127148873458502
3000.0,-740.3157633410336,3.8110082,41.004215,0.6123918663307888
3000.0,-740.3088053608674,3.8109281,40.954269,0.6120688451026697
3000.0,-740.3165473785022,3.8108077,40.979244,0.61174582374551
3000.0,-740.3082559245448,3.8105268,40.991711,0.6114228027571281
3000.0,-740.3161669201961,3.8104467,40.991711,0.6110997815659734
3000.0,-740.3138555183582,3.8101258,40.979244,0.6107767613833498
3000.0,-740.3087384907385,3.8100455,40.954269,0.6104537401844083
3000.0,-740.3149976630202,3.809845,40.979244,0.610130719503434
3000.0,-740.308550601202,3.8096845,40.904327,0.609807698386475
3000.0,-740.3168804491261,3.8092835,40.979244,0.6094846768839871
3000.0,-740.3174559647493,3.8093235,40.904327,0.6091616551303853
3000.0,-740.3099305265982,3.8090026,40.991711,0.608838633411319
3000.0,-740.3173714309761,3.8088822,40.904327,0.6085156116946018
3000.0,-740.3091926509863,3.8086817,40.954269,0.6081925902974952
3000.0,-740.315511350108,3.8087218,40.941769,0.6078695693923846
3000.0,-740.3081317186577,3.8086016,40.979244,0.6075465484581978
3000.0,-740.3150347972423,3.8081203,40.991711,0.6072235277610208
3000.0,-740.3164909450276,3.8082404,40.966736,0.6069005064284848
3000.0,-740.3075583082796,3.8076389,40.929302,0.606577485744496
3000.0,-740.3153467982953,3.8077993,40.941769,0.6062544649111841
3000.0,-740.3079055237351,3.8079598,40.954269,0.6059314440756937
3000.0,-740.3154926242495,3.8073981,40.966736,0.6056084231787536
3000.0,-740.318963163022,3.8071976,40.941769,0.6052854007675179
3000.0,-740.3113942280737,3.8071172,40.966736,0.6049623784097904
3000.0,-740.3182826419028,3.8066359,40.916794,0.6046393562954856
3000.0,-740.3096069072367,3.8067963,40.941769,0.6043163347176252
3000.0,-740.3174320757864,3.8065157,40.929302,0.6039933129744469
3000.0,-740.3093847280785,3.8064756,40.954269,0.6036702914935306
3000.0,-740.3164640773624,3.8061547,40.991711,0.6033472701727177
3000.0,-740.3159897092058,3.805954,40.916794,0.6030242490588853
3000.0,-740.3096185527281,3.8058739,40.941769,0.6027012274759436
3000.0,-740.3160357668471,3.8058338,40.966736,0.6023782063420149
3000.0,-740.3084408117736,3.8057134,40.991711,0.6020551852729606
3000.0,-740.3149212342189,3.8053122,40.954269,0.6017321646253345
3000.0,-740.3156943957202,3.8052721,41.004215,0.6014091436403558
3000.0,-740.3073133386767,3.8049512,40.941769,0.6010861230632553
3000.0,-740.3149891666793,3.8049912,41.004215,0.6007631023859883
3000.0,-740.3073616663864,3.8046703,40.966736,0.6004400817878007
3000.0,-740.3150387884905,3.8044698,41.004215,0.6001170610888824
3000.0,-740.3076217846334,3.8043494,40.954269,0.5997940403771966
3000.0,-740.3150399121546,3.803828,40.979244,0.5994710196777879
3000.0,-740.3149794256312,3.8040285,40.979244,0.5991479990047712
3000.0,-740.3073314539196,3.8036275,41.029186,0.5988249784197665
3000.0,-740.3152982260694,3.803467,40.954269,0.5985019576076479
3000.0,-740.3086756127385,3.803427,40.929302,0.5981789364361422
3000.0,-740.3144890545216,3.8033066,40.941769,0.5978559159770885
3000.0,-740.3151022653805,3.803066,41.004215,0.5975328952504733
3000.0,-740.3070719462023,3.8028653,40.966736,0.5972098747787002
3000.0,-740.3137321654807,3.8027852,40.966736,0.596886854649899
3000.0,-740.3072682093155,3.8024242,41.029186,0.5965638340924899
3000.0,-740.3145658130961,3.8023438,41.004215,0.5962408135999442
3000.0,-740.3064353517921,3.8019829,40.966736,0.5959177934059384
3000.0,-740.3135799551461,3.8020229,40.941769,0.5955947733435508
3000.0,-740.3135367299936,3.8021033,41.004215,0.5952717533000237
3000.0,-740.3059310942502,3.801662,40.954269,0.5949487333260421
3000.0,-740.31339878964,3.8015416,41.054157,0.5946257133427023
3000.0,-740.3069324446406,3.8015416,40.966736,0.5943026929317984
3000.0,-740.3143774813924,3.8011806,40.991711,0.5939796725214272
3000.0,-740.3142308498831,3.8009801,40.929302,0.5936566521750356
3000.0,-740.3079408872833,3.8008997,40.979244,0.5933336313241149
3000.0,-740.3155665136028,3.8008997,40.966736,0.5930106103949349
3000.0,-740.3068141103558,3.8004184,40.991711,0.5926875900356642
3000.0,-740.3144154698733,3.8002579,41.016682,0.5923645696087175
3000.0,-740.3075710399754,3.8000574,40.941769,0.5920415489191735
3000.0,-740.3157809314614,3.8000975,40.929302,0.5917185278964368
3000.0,-740.3146059373779,3.7996564,40.979244,0.5913955073863837
3000.0,-740.3078720276894,3.799576,40.954269,0.5910724865655087
3000.0,-740.3159800536962,3.7992551,40.916794,0.5907494654558892
3000.0,-740.3092565549257,3.7993355,41.029186,0.5904264440308992
3000.0,-740.3166973305606,3.7990146,40.954269,0.5901034226083113
3000.0,-740.3187784574933,3.7988942,40.966736,0.5897804002776679
3000.0,-740.3082620035451,3.7988541,40.991711,0.5894573792866336
3000.0,-740.3164892241292,3.7986133,40.979244,0.5891343579548484
3000.0,-740.309039527258,3.7984529,40.991711,0.5888113366245546
3000.0,-740.3163714495654,3.7983325,40.966736,0.588488315344158
3000.0,-740.309242151052,3.7980518,40.954269,0.5881652939254528
3000.0,-740.3163787252441,3.7980919,41.041653,0.5878422726418815
3000.0,-740.3171161924547,3.7975302,40.941769,0.5875192510365321
3000.0,-740.3082826580059,3.7974501,40.941769,0.5871962300364855
3000.0,-740.3170255546542,3.7975302,41.004215,0.586873208470684
3000.0,-740.3090329355438,3.7971292,41.004215,0.5865501871432665
3000.0,-740.3174191239773,3.7972093,40.966736,0.5862271654057394
3000.0,-740.3084816194408,3.7968884,40.991711,0.5859041443188793
3000.0,-740.3164391260244,3.7966077,40.954269,0.5855811230089534
3000.0,-740.3155930395235,3.7966878,40.966736,0.5852581020681993
3000.0,-740.3078363468542,3.7964072,40.979244,0.5849350812628931
3000.0,-740.315634946811,3.7961264,40.941769,0.5846120603038536
3000.0,-740.3072782071852,3.7961264,40.979244,0.5842890397420821
3000.0,-740.3144458413403,3.796046,41.004215,0.5839660193018835
3000.0,-740.3141723530493,3.7956049,41.054157,0.5836429989810158
3000.0,-740.307075913468,3.795645,40.929302,0.5833199785075117
3000.0,-740.315094562828,3.7954445,40.979244,0.5829969577842574
3000.0,-740.3073045376169,3.7953241,40.979244,0.582673937210997
3000.0,-740.3159845823222,3.7950032,41.016682,0.5823509160994016
3000.0,-740.3081467457483,3.7947223,40.991711,0.582027895158658
3000.0,-740.3153585659701,3.7946019,40.979244,0.5817048743202116
3000.0,-740.3148766542644,3.7944818,40.979244,0.5813818536920369
3000.0,-740.3063299692884,3.794241,41.029186,0.581058833544013
3000.0,-740.3124531546069,3.794281,40.966736,0.5807358139732809
3000.0,-740.3053769466078,3.79388,41.004215,0.5804127942410923
3000.0,-740.3147661795265,3.79388,41.029186,0.580089773661121
3000.0,-740.3155478856632,3.7937996,40.954269,0.5797667527400688
3000.0,-740.3071961889237,3.7934787,41.066624,0.5794437322140846
3000.0,-740.3152080520797,3.7932382,41.004215,0.5791207114413116
3000.0,-740.3066807003795,3.7931981,41.054157,0.5787976911402521
3000.0,-740.3150335882444,3.7930777,41.004215,0.5784746704436028
3000.0,-740.3078966369332,3.7925963,40.991711,0.57815164961199
3000.0,-740.3129198807839,3.7925162,40.954269,0.5778286298376117
3000.0,-740.3140643570846,3.7924759,41.004215,0.5775056095638657
3000.0,-740.306513599033,3.7923558,41.004215,0.5771825893357181
3000.0,-740.31474932211,3.792155,41.029186,0.5768595687631021
3000.0,-740.3065796383423,3.791754,40.991711,0.5765365485061393
3000.0,-740.3135735342379,3.7919545,40.991711,0.5762135284465534
3000.0,-740.3136855224741,3.7916737,41.054157,0.5758905083381037
3000.0,-740.3078641414519,3.7913527,40.979244,0.5755674875206698
3000.0,-740.3159300169826,3.7911923,41.029186,0.5752444664328827
3000.0,-740.3080087212447,3.7910721,40.979244,0.5749214455523638
3000.0,-740.3161748914374,3.7908714,40.991711,0.5745984243577311
3000.0,-740.3086340476135,3.7907512,41.004215,0.5742754032043615
3000.0,-740.3152816613867,3.7905505,41.004215,0.5739523823994708
3000.0,-740.3169688772517,3.7905104,41.004215,0.5736293608583992
3000.0,-740.3075851759814,3.7902296,40.979244,0.573306340162687
3000.0,-740.3152201496299,3.7900691,40.966736,0.5729833193846355
3000.0,-740.3084162026322,3.7898285,40.966736,0.572660298326319
3000.0,-740.3154286831395,3.7898686,41.016682,0.5723372774572784
3000.0,-740.3146790700844,3.7896681,40.954269,0.5720142569153154
3000.0,-740.3083174722103,3.7897081,40.991711,0.5716912359000782
3000.0,-740.3158295402151,3.7893071,41.004215,0.5713682148561321
3000.0,-740.3074238119965,3.7890663,41.004215,0.5710451942308284
3000.0,-740.3136359611332,3.7888658,41.041653,0.5707221741440038
3000.0,-740.3066985713901,3.7887053,40.991711,0.5703991538351466
3000.0,-740.3142853544455,3.7886653,41.054157,0.5700761334649731
3000.0,-740.3144477090661,3.7883844,40.991711,0.5697531130239596
3000.0,-740.3067203359977,3.788224,41.041653,0.5694300927056057
3000.0,-740.3162795792338,3.7880635,40.991711,0.5691070714652947
3000.0,-740.3075828324972,3.7877426,41.029186,0.5687840507706051
3000.0,-740.31598227524,3.787823,41.054157,0.5684610296600163
3000.0,-740.3159346065906,3.7877426,40.991711,0.5681380085702268
3000.0,-740.3081215500197,3.7872612,41.016682,0.5678149876404769
3000.0,-740.3144245158704,3.7871008,41.091595,0.5674919672095833
3000.0,-740.3088947278915,3.7870207,41.066624,0.5671689459424704
3000.0,-740.3154927459065,3.7867799,40.979244,0.5668459250454773
3000.0,-740.3078726628776,3.7869804,41.029186,0.566522904224325
3000.0,-740.3149305848187,3.7867398,40.979244,0.5661998835726191
3000.0,-740.31671809471,3.7863388,41.079132,0.5658768621409711
3000.0,-740.3094163565197,3.7863388,41.029186,0.5655538406462544
3000.0,-740.3162101207921,3.7861784,41.066624,0.56523081943625
3000.0,-740.30794506164,3.785737,41.041653,0.5649077985835078
3000.0,-740.316314955518,3.7858171,41.016682,0.5645847773277611
3000.0,-740.3091541506851,3.7855766,40.979244,0.5642617559474534
3000.0,-740.3149200382155,3.7853358,41.041653,0.5639387353003491
3000.0,-740.3162031504323,3.7850149,40.979244,0.5636157140933862
3000.0,-740.3082274340845,3.7849748,41.041653,0.5632926931174356
3000.0,-740.3148636047408,3.7850952,40.979244,0.5629696724949549
3000.0,-740.3070403050738,3.7848947,40.941769,0.5626466520369879
3000.0,-740.3145009317797,3.7845738,41.079132,0.5623236315727519
3000.0,-740.3152347494864,3.7845335,41.091595,0.56200061078833
3000.0,-740.307393758429,3.7841325,40.966736,0.5616775901761397
3000.0,-740.3156752057441,3.783932,41.091595,0.5613545691995342
3000.0,-740.307801764297,3.7838917,41.004215,0.5610315484093173
3000.0,-740.3157565049161,3.7837715,41.004215,0.5607085273972386
3000.0,-740.3092921747796,3.7836111,41.054157,0.5603855059567064
3000.0,-740.3168166063444,3.7833302,40.979244,0.5600624844820751
3000.0,-740.3160550050154,3.7831697,41.029186,0.5597394633397522
3000.0,-740.3085365384554,3.7831297,41.004215,0.5594164422289292
3000.0,-740.3161594617761,3.7827687,40.979244,0.5590934210410289
3000.0,-740.3085507108865,3.7826083,41.029186,0.5587703999240219
3000.0,-740.3162384532518,3.7824879,41.016682,0.5584473787016553
3000.0,-740.3171542054921,3.7824879,41.054157,0.5581243570797197
3000.0,-740.3089326799745,3.782167,41.004215,0.5578013357960471
3000.0,-740.3167470130468,3.782167,40.991711,0.5574783143517812
3000.0,-740.3104402163904,3.7820466,41.029186,0.5571552924103205
3000.0,-740.3186980984257,3.7815652,41.054157,0.5568322701147401
3000.0,-740.3097662203661,3.7816455,41.066624,0.5565092484673662
3000.0,-740.3180905751569,3.7812042,41.004215,0.5561862264368657
3000.0,-740.3169707574604,3.7811642,41.091595,0.5558632048949737
3000.0,-740.3091275759188,3.7810838,41.016682,0.5555401835262614
3000.0,-740.3149653631525,3.780803,41.041653,0.5552171628593806
3000.0,-740.307097653724,3.7807629,41.041653,0.5548941423763906
3000.0,-740.3154048185285,3.7804821,41.029186,0.5545711215177627
3000.0,-740.3154965306754,3.7803619,41.054157,0.5542481006191182
3000.0,-740.3081839525495,3.7804821,41.016682,0.5539250796621401
3000.0,-740.3162265511304,3.7800007,41.041653,0.5536020584449667
3000.0,-740.3076650586682,3.780041,41.066624,0.5532790377143991
3000.0,-740.3162540052863,3.7798402,41.016682,0.5529560164852467
3000.0,-740.3079609675372,3.7795196,40.979244,0.5526329956255643
3000.0,-740.3166293006927,3.7791986,40.979244,0.5523099742326598
3000.0,-740.3170488092411,3.7793591,41.079132,0.5519869526567116
3000.0,-740.3084975738366,3.7793992,41.079132,0.5516639315628901
3000.0,-740.3165201810639,3.7789178,41.041653,0.5513409102175976
3000.0,-740.3090165049615,3.7788374,41.041653,0.5510178888973493
3000.0,-740.3169314869259,3.7784364,41.091595,0.5506948673725922
3000.0,-740.3160153569249,3.7784364,41.041653,0.550371846247569
3000.0,-740.308504116643,3.7781155,41.091595,0.5500488251508926
3000.0,-740.3163164690164,3.7782359,41.041653,0.5497258038944854
3000.0,-740.3079041321124,3.7780352,41.004215,0.5494027830596022
3000.0,-740.3167016275371,3.7777946,41.041653,0.5490797616351394
3000.0,-740.3096587137475,3.7775941,41.091595,0.5487567400346741
3000.0,-740.317031878155,3.7775538,41.091595,0.5484337184661136
3000.0,-740.3177761321655,3.7773132,41.041653,0.5481106965728135
3000.0,-740.3096532450721,3.7772732,41.054157,0.5477876749747344
3000.0,-740.3155670143506,3.7769523,41.004215,0.5474646540453358
3000.0,-740.3071141334187,3.7766714,41.016682,0.5471416335551552
3000.0,-740.3142411159284,3.776511,41.079132,0.5468186132042842
3000.0,-740.3149502993829,3.7763104,41.054157,0.5464955925439761
3000.0,-740.3085549711901,3.7763104,41.079132,0.5461725714251102
3000.0,-740.3167390057893,3.77619,41.066624,0.5458495499843382
3000.0,-740.309062256312,3.7759495,41.104061,0.5455265286441271
3000.0,-740.3165511752425,3.7758691,41.041653,0.5452035072853109
3000.0,-740.3081395798274,3.7758291,41.029186,0.544880486347694
3000.0,-740.3161060798546,3.7754681,41.041653,0.5445574651830857
3000.0,-740.316879057387,3.7752674,41.054157,0.5442344436812052
3000.0,-740.3089976205966,3.7753077,41.091595,0.5439114223691968
3000.0,-740.316328456267,3.7749867,41.066624,0.5435884011075592
3000.0,-740.3107620654514,3.7749867,41.016682,0.5432653790256651
3000.0,-740.3169366386729,3.774786,41.041653,0.5429423574986602
3000.0,-740.3153995816524,3.7744651,41.041653,0.5426193366423173
3000.0,-740.3102820260951,3.7742245,41.054157,0.5422963147698803
3000.0,-740.3166559731337,3.7740641,41.016682,0.5419732933653377
3000.0,-740.3080946946983,3.7741041,41.104061,0.5416502724473058
3000.0,-740.316610916681,3.7739036,41.004215,0.5413272510624227
3000.0,-740.3083514688965,3.7737432,41.066624,0.5410042300323517
3000.0,-740.314856805458,3.7735426,41.054157,0.5406812094128376
3000.0,-740.3145307165512,3.7734623,41.054157,0.5403581889356056
3000.0,-740.3068468863921,3.7731814,41.029186,0.5400351685620336
3000.0,-740.3138799204494,3.7730613,41.054157,0.5397121483687626
3000.0,-740.3071013400254,3.7727404,41.054157,0.539389127884164
3000.0,-740.3139595591933,3.77262,41.066624,0.5390661076561444
3000.0,-740.3076965399765,3.7724195,41.054157,0.5387430869118405
3000.0,-740.3140873311136,3.7723391,41.066624,0.5384200666280702
3000.0,-740.313793433105,3.7721386,41.054157,0.5380970464725361
3000.0,-740.3079091857873,3.7721386,41.054157,0.5377740256354477
3000.0,-740.3158267565323,3.771898,41.129032,0.5374510045927162
3000.0,-740.3073419521229,3.7716973,41.066624,0.5371279840031308
3000.0,-740.31425560569,3.7717776,41.029186,0.5368049636459374
3000.0,-740.31452052438,3.7714167,41.016682,0.5364819431731526
3000.0,-740.3074816605709,3.7710958,41.091595,0.5361589225226076
3000.0,-740.3157311753057,3.7709754,41.004215,0.5358359015215809
3000.0,-740.3076465893038,3.7709353,41.029186,0.5355128807990721
3000.0,-740.3148780703552,3.7706945,41.041653,0.5351898601702797
3000.0,-740.3086231958005,3.7704539,41.004215,0.5348668390216451
3000.0,-740.3168149092863,3.7706144,41.141541,0.5345438175477543
3000.0,-740.3156707990819,3.7703335,41.091595,0.5342207965730714
3000.0,-740.3090806890467,3.7700126,41.141541,0.5338977752248175
3000.0,-740.3157478260384,3.7698922,41.041653,0.5335747542165257
3000.0,-740.3091415768655,3.7699323,41.104061,0.5332517328417042
3000.0,-740.3160420050142,3.7698922,41.104061,0.5329287117050537
3000.0,-740.3155657691318,3.7694912,41.029186,0.5326056907761985
3000.0,-740.3075909006557,3.7692504,41.091595,0.5322826700779885
3000.0,-740.3137946175464,3.7691703,41.041653,0.5319596499219376
3000.0,-740.3074721634439,3.7691302,41.091595,0.5316366292755366
3000.0,-740.3144064731939,3.768729,41.054157,0.5313136088525154
3000.0,-740.3065948362013,3.7685285,41.054157,0.5309905885889213
3000.0,-740.3139777238338,3.7682877,41.016682,0.5306675683529759
3000.0,-740.3147874077937,3.768328,41.116566,0.5303445477637421
3000.0,-740.3070342018241,3.7682877,41.104061,0.5300215273084382
3000.0,-740.313336203946,3.7679267,41.066624,0.5296985073524063
3000.0,-740.3072305635715,3.7677662,41.079132,0.5293754868114232
3000.0,-740.3131345546439,3.7674453,41.079132,0.5290524669433767
3000.0,-740.3130060994392,3.7674854,41.104061,0.5287294471313789
3000.0,-740.3058706576523,3.7672849,41.041653,0.5284064271837678
3000.0,-740.3137994631559,3.7672849,41.041653,0.5280834070256026
3000.0,-740.3082789839826,3.767004,41.141541,0.5277603860271591
3000.0,-740.317642562458,3.7669239,41.116566,0.5274373641921394
3000.0,-740.3092166991198,3.7665629,41.104061,0.5271143427845397
3000.0,-740.3173578320011,3.7664425,41.116566,0.526791321073756
3000.0,-740.3162792497675,3.7663624,41.079132,0.5264682998335888
3000.0,-740.3095776104109,3.7662821,41.141541,0.5261452782685115
3000.0,-740.3176382169823,3.7659211,41.041653,0.5258222564353879
3000.0,-740.3110162391434,3.7659211,41.116566,0.5254992342425894
3000.0,-740.3178449075275,3.7657206,41.054157,0.5251762123192807
3000.0,-740.3179098005083,3.7656803,41.104061,0.5248531903676573
3000.0,-740.3119137082352,3.7655602,41.104061,0.5245301677832633
3000.0,-740.3177224211871,3.7652793,41.129032,0.5242071459133989
3000.0,-740.308237296895,3.7649984,41.141541,0.5238841249331448
3000.0,-740.3161987316965,3.7651188,41.091595,0.5235611037281099
3000.0,-740.3096473980261,3.7647979,41.066624,0.523238082132582
3000.0,-740.3169726982416,3.7646775,41.091595,0.5229150605898434
3000.0,-740.3159578368256,3.764437,41.129032,0.5225920394899177
3000.0,-740.3102519968793,3.764477,41.054157,0.5222690176305834
3000.0,-740.3165053129276,3.7640357,41.129032,0.5219459962917783
3000.0,-740.3093595937405,3.7639153,41.141541,0.521622974821829
3000.0,-740.3173286936792,3.7637951,41.166512,0.5212999531237592
3000.0,-740.3172654244962,3.7636747,41.066624,0.5209769314532956
3000.0,-740.3101153888616,3.7635143,41.104061,0.5206539096535678
3000.0,-740.3160408451292,3.7633939,41.141541,0.5203308885174234
3000.0,-740.3088745496173,3.7631533,41.054157,0.5200078672591149
3000.0,-740.3162826430652,3.7628725,41.116566,0.519684846017467
3000.0,-740.3099354583104,3.7627923,41.054157,0.5193618242962489
3000.0,-740.3156520123438,3.7625916,41.104061,0.5190388033297633
3000.0,-740.3162361218177,3.7626719,41.091595,0.518715782108414
3000.0,-740.3097174170839,3.7623911,41.054157,0.5183927604823345
3000.0,-740.3160070433253,3.7620702,41.091595,0.5180697393609387
3000.0,-740.310178059259,3.7620702,41.166512,0.5177467175338658
3000.0,-740.3169023365303,3.7617893,41.129032,0.5174236960218279
3000.0,-740.3169489437255,3.7617092,41.091595,0.517100674489454
3000.0,-740.3093236317363,3.7614684,41.166512,0.5167776530351961
3000.0,-740.3160849739606,3.7613883,41.116566,0.5164546318797969
3000.0,-740.3089622690197,3.7611074,41.116566,0.5161316105832134
3000.0,-740.3146689380765,3.7607865,41.104061,0.5158085900456714
3000.0,-740.3060820580523,3.7608669,41.178978,0.5154855700058194
3000.0,-740.3131910734522,3.760546,41.066624,0.5151625501131121
3000.0,-740.3135658194071,3.7607064,41.116566,0.5148395300568923
3000.0,-740.3050534618963,3.7601047,41.116566,0.5145165104658508
3000.0,-740.3120386255009,3.7602651,41.116566,0.5141934910759897
3000.0,-740.3071333963591,3.7601047,41.116566,0.5138704705774039
3000.0,-740.3128567331555,3.7599041,41.091595,0.5135474508305788
3000.0,-740.3062167253083,3.7596233,41.079132,0.513224430731967
3000.0,-740.3132880099924,3.7595832,41.116566,0.5129014107969635
3000.0,-740.3138211798926,3.7593827,41.104061,0.5125783906293226
3000.0,-740.3045078094862,3.7591019,41.091595,0.5122553712763673
3000.0,-740.3120039462116,3.7589414,41.166512,0.5119323519016377
3000.0,-740.3049448801235,3.7588611,41.166512,0.511609332357974
3000.0,-740.3123082322294,3.758781,41.141541,0.5112863128504757
3000.0,-740.3122886881281,3.7586205,41.129032,0.5109632933515049
3000.0,-740.3066862789441,3.75846,41.141541,0.5106402730480114
3000.0,-740.3133818706276,3.7586205,41.203949,0.5103172530720538
3000.0,-740.3044754001564,3.7580991,41.104061,0.5099942337332397
3000.0,-740.3124660578147,3.7580588,41.141541,0.5096712141568776
3000.0,-740.3053417415498,3.7579386,41.104061,0.5093481944400501
3000.0,-740.3111024512649,3.7577782,41.116566,0.5090251754586685
3000.0,-740.3120948885125,3.7574973,41.129032,0.5087021560442582
3000.0,-740.304981940815,3.7572165,41.141541,0.5083791364844237
3000.0,-740.3129402180597,3.7572165,41.104061,0.5080561167011718
3000.0,-740.3047971272548,3.7570961,41.116566,0.5077330972219776
3000.0,-740.3130492028325,3.7567751,41.178978,0.5074100773911725
3000.0,-740.3137381957362,3.7565346,41.116566,0.50708705725974
3000.0,-740.3068586046313,3.7565746,41.141541,0.506764036881055
3000.0,-740.3155264257465,3.7562537,41.079132,0.5064410159693664
3000.0,-740.3077860902516,3.756294,41.141541,0.5061179951859888
3000.0,-740.3138028445845,3.7560532,41.129032,0.5057949750263482
3000.0,-740.3064675663088,3.7559328,41.129032,0.5054719548182861
3000.0,-740.3128539625695,3.7558928,41.129032,0.5051489350726699
3000.0,-740.3132477756159,3.7558527,41.216454,0.5048259151552218
3000.0,-740.3072055514008,3.7553713,41.129032,0.5045028946251524
3000.0,-740.3152996052233,3.755291,41.141541,0.5041798738124322
3000.0,-740.3074938314635,3.7550504,41.104061,0.5038568531565767
3000.0,-740.314866717276,3.7550504,41.129032,0.5035338325327379
3000.0,-740.3147457333835,3.7549701,41.129032,0.5032108119616878
3000.0,-740.307434737069,3.7548096,41.191483,0.5028877913316172
3000.0,-740.3149925361366,3.7544086,41.091595,0.50256477065288
3000.0,-740.3077640811048,3.7544086,41.191483,0.5022417498791056
3000.0,-740.3152195639576,3.7541678,41.154007,0.5019187291013097
3000.0,-740.3067418079767,3.7541277,41.129032,0.501595708773587
3000.0,-740.3161759897264,3.7537267,41.154007,0.501272687578475
3000.0,-740.3145505538978,3.7536864,41.154007,0.5009496670925874
3000.0,-740.3079609556684,3.7536063,41.129032,0.5006266462329101
3000.0,-740.3141812885423,3.7534058,41.241425,0.5003036259081435
3000.0,-740.306577734415,3.7530446,41.178978,0.4999806056520114
3000.0,-740.3122228800088,3.7529645,41.216454,0.4996575861817547
3000.0,-740.3130540977595,3.752804,41.22892,0.4993345663488138
3000.0,-740.3053429501263,3.752804,41.191483,0.499011546631459
3000.0,-740.3121072299906,3.7526035,41.216454,0.4986885272116637
3000.0,-740.3054940475552,3.7523627,41.166512,0.4983655074283801
3000.0,-740.3136763915525,3.7522826,41.129032,0.4980424873239146
3000.0,-740.3061028831789,3.7520418,41.178978,0.4977194672749758
3000.0,-740.3141081805969,3.7519617,41.166512,0.4973964469821083
3000.0,-740.3138249879902,3.7516007,41.141541,0.4970734268128059
3000.0,-740.3065428346729,3.7518413,41.191483,0.4967504065719018
3000.0,-740.3139829478177,3.7514403,41.191483,0.4964273863336769
3000.0,-740.3064589364265,3.7511594,41.104061,0.4961043661293804
3000.0,-740.3148808652932,3.7511594,41.266396,0.4957813454993684
3000.0,-740.3143100619579,3.751039,41.203949,0.4954583251184143
3000.0,-740.3066912953753,3.7507181,41.141541,0.4951353048127319
3000.0,-740.3147026666204,3.7507181,41.154007,0.4948122842604731
3000.0,-740.307308822272,3.7504373,41.216454,0.4944892636853432
3000.0,-740.3134371200701,3.7505176,41.116566,0.4941662436852786
3000.0,-740.3044614233568,3.7503572,41.203949,0.4938432243525631
3000.0,-740.3128391181712,3.7499158,41.141541,0.493520204613424
3000.0,-740.313092721435,3.7497554,41.154007,0.4931971847636305
3000.0,-740.3063951303028,3.7495949,41.104061,0.4928741645871747
3000.0,-740.3134604964163,3.7495549,41.166512,0.4925511445769104
3000.0,-740.3063715340041,3.7495148,41.129032,0.4922281244107504
3000.0,-740.3131047569801,3.749274,41.22892,0.4919051045557054
3000.0,-740.3057021651947,3.7489934,41.166512,0.4915820846816132
3000.0,-740.3135462024551,3.748873,41.154007,0.4912590646339529
3000.0,-740.3161397097632,3.7486725,41.203949,0.490936043454671
3000.0,-740.3082829633219,3.7486725,41.216454,0.4906130224544912
3000.0,-740.315639426938,3.748512,41.191483,0.4902900014934969
3000.0,-740.308780592929,3.7486322,41.216454,0.4899669802761848
3000.0,-740.315471859793,3.7481108,41.191483,0.4896439593883049
3000.0,-740.3151195631767,3.7478702,41.266396,0.4893209386541423
3000.0,-740.3080615411099,3.7477899,41.154007,0.4889979177505762
3000.0,-740.3167361124208,3.7477498,41.178978,0.4886748963110667
3000.0,-740.307968328271,3.7475893,41.216454,0.4883518754481725
3000.0,-740.3170489682443,3.7473085,41.116566,0.488028853872155
3000.0,-740.3102234205745,3.747148,41.191483,0.4877058320252894
3000.0,-740.318385047378,3.7472284,41.266396,0.4873828098663022
3000.0,-740.3185413586464,3.7469075,41.203949,0.4870597876391119
3000.0,-740.3101484822873,3.7469075,41.166512,0.4867367658249444
3000.0,-740.3184052741497,3.7467067,41.203949,0.4864137436571317
3000.0,-740.3107683643324,3.7463458,41.141541,0.4860907215724891
3000.0,-740.3192305594616,3.7461452,41.141541,0.4857676990445808
3000.0,-740.3180548939628,3.7460651,41.278862,0.4854446770296489
3000.0,-740.3089458142905,3.7458243,41.22892,0.4851216557402453
3000.0,-740.3165942049662,3.7457039,41.166512,0.484798634362654
3000.0,-740.3092047242679,3.7455838,41.154007,0.4844756129602794
3000.0,-740.317202105791,3.7454233,41.178978,0.4841525913174435
3000.0,-740.3092555538495,3.7451825,41.203949,0.4838295698928903
3000.0,-740.3166321447435,3.7451425,41.203949,0.4835065484987448
3000.0,-740.3155134251314,3.7448616,41.154007,0.4831835275927288
3000.0,-740.3091467408387,3.7447011,41.104061,0.4828605062156542
3000.0,-740.315313204403,3.7447412,41.191483,0.4825374853970003
3000.0,-740.3086103420396,3.7445807,41.203949,0.4822144642539743
3000.0,-740.3157375350273,3.7444606,41.178978,0.4818914432501727
3000.0,-740.3148498477858,3.7441397,41.166512,0.4815684226336945
3000.0,-740.3065073975584,3.7442198,41.253891,0.4812454024082527
3000.0,-740.3146314742859,3.7438188,41.22892,0.4809223818870572
3000.0,-740.307696344959,3.7438188,41.166512,0.4805993611428384
3000.0,-740.3159554198531,3.7434978,41.178978,0.4802763400439674
3000.0,-740.3081625536253,3.7435379,41.191483,0.4799533190963263
3000.0,-740.3162846691802,3.7431366,41.22892,0.4796302978537944
3000.0,-740.3164668609429,3.7430165,41.178978,0.4793072765317669
3000.0,-740.3096707864152,3.7427757,41.266396,0.4789842549260339
3000.0,-740.3175040239493,3.7427356,41.191483,0.4786612331514626
3000.0,-740.3083679236257,3.7427356,41.203949,0.4783382121142117
3000.0,-740.3166677285302,3.7424147,41.203949,0.47801519070454
3000.0,-740.3168825730578,3.7421741,41.154007,0.4776921692011255
3000.0,-740.3083945964124,3.7421741,41.216454,0.4773691481522364
3000.0,-740.316208362752,3.7417729,41.141541,0.4770461269429992
3000.0,-740.309086096536,3.7418129,41.22892,0.4767231055923858
3000.0,-740.3166524451847,3.7416928,41.203949,0.4764000841893826
3000.0,-740.3088835099857,3.7416525,41.216454,0.4760770629271644
3000.0,-740.3158902702569,3.7414119,41.316303,0.47575404185672
3000.0,-740.315876806138,3.741051,41.216454,0.4754310207921505
3000.0,-740.3077068061233,3.7409706,41.203949,0.4751080000433671
3000.0,-740.3156067852234,3.7408905,41.241425,0.4747849790966154
3000.0,-740.308345059717,3.7408502,41.178978,0.4744619580693408
3000.0,-740.3158399163553,3.7406497,41.216454,0.4741389370208673
3000.0,-740.3156699815554,3.7404492,41.166512,0.4738159160465413
3000.0,-740.307108004999,3.7405293,41.241425,0.4734928955590346
3000.0,-740.3150005927118,3.7400479,41.216454,0.4731698748767821
3000.0,-740.3081603441773,3.7402084,41.203949,0.472846853930105
3000.0,-740.3146703907976,3.7398074,41.191483,0.4725238333919291
3000.0,-740.3064637087277,3.739687,41.241425,0.4722008131855503
3000.0,-740.3149522409827,3.7394063,41.203949,0.471877792524395
3000.0,-740.3138783085204,3.7392056,41.241425,0.4715547723318273
3000.0,-740.3065075076522,3.7391655,41.266396,0.4712317521063375
3000.0,-740.3142840361712,3.7391655,41.203949,0.4709087317367392
3000.0,-740.3069966651509,3.7386041,41.241425,0.4705857112978138
3000.0,-740.3137301757911,3.7388847,41.22892,0.4702626911698807
3000.0,-740.3140269303333,3.7384436,41.216454,0.469939670912465
3000.0,-740.3059582182578,3.7382429,41.178978,0.4696166509266484
3000.0,-740.3131950043324,3.7382832,41.216454,0.4692936310322259
3000.0,-740.3077986391057,3.7380824,41.278862,0.4689706102433728
3000.0,-740.3154284150645,3.7380023,41.203949,0.468647589374449
3000.0,-740.3073806110165,3.7380424,41.316303,0.4683245687679954
3000.0,-740.3142683505084,3.7377615,41.22892,0.4680015484052412
3000.0,-740.3135977651499,3.7376814,41.253891,0.4676785283350826
3000.0,-740.3034022485389,3.7373605,41.253891,0.4673555094645201
3000.0,-740.3130899866605,3.73716,41.22892,0.4670324896159198
3000.0,-740.3046238741601,3.7369592,41.316303,0.4667094702123217
3000.0,-740.3125989190675,3.7369192,41.278862,0.4663864505779884
3000.0,-740.3061279319794,3.7364779,41.22892,0.46606343051812
3000.0,-740.3142701811948,3.7366383,41.328808,0.465740410154567
3000.0,-740.3154719453314,3.7364378,41.278862,0.4654173892666498
3000.0,-740.3063428600883,3.7359967,41.241425,0.4650943691130012
3000.0,-740.3150750921916,3.7361572,41.278862,0.4647713483982424
3000.0,-740.3065562992703,3.7359967,41.303837,0.4644483281514633
3000.0,-740.3140823383699,3.7359164,41.253891,0.4641253078698715
3000.0,-740.3133368141749,3.7354751,41.316303,0.4638022879135733
3000.0,-740.3048976883447,3.7355955,41.328808,0.4634792683905009
3000.0,-740.3129379715501,3.7351944,41.253891,0.4631562486082293
3000.0,-740.305626981959,3.735435,41.241425,0.462833228766942
3000.0,-740.3138181037829,3.7348735,41.328808,0.4625102086006433
3000.0,-740.3061652844808,3.7347932,41.29137,0.4621871885244769
3000.0,-740.3146409471566,3.7345927,41.253891,0.461864167999148
3000.0,-740.3145737960018,3.7346327,41.278862,0.4615411475031192
3000.0,-740.3059130040751,3.7343118,41.303837,0.461218127537031
3000.0,-740.311970766096,3.7341914,41.303837,0.4608951081767788
3000.0,-740.3061738912395,3.7340713,41.29137,0.4605720880968569
3000.0,-740.31402916436,3.7337904,41.303837,0.4602490678384665
3000.0,-740.3150295722351,3.7338705,41.278862,0.4599260471435693
3000.0,-740.3052131652653,3.7335095,41.241425,0.459603027482844
3000.0,-740.3137758913809,3.7335095,41.203949,0.4592800073349638
3000.0,-740.3057055218285,3.733269,41.303837,0.458956987459407
3000.0,-740.3121294466565,3.7331486,41.216454,0.4586339680299179
3000.0,-740.3056710123261,3.7331486,41.266396,0.4583109481694187
3000.0,-740.3129726524764,3.7329881,41.253891,0.4579879283720147
3000.0,-740.3127445011961,3.7328677,41.328808,0.4576649086741597
3000.0,-740.3069342147364,3.7323864,41.316303,0.4573418882624835
3000.0,-740.3141794087429,3.7323463,41.253891,0.4570188679385371
3000.0,-740.3064393319497,3.7322259,41.266396,0.4566958477427946
3000.0,-740.313411619383,3.7323463,41.29137,0.4563728277538568
3000.0,-740.3140288103373,3.7320254,41.278862,0.4560498074956208
3000.0,-740.3069195411533,3.7316644,41.316303,0.4557267870903472
3000.0,-740.314109450372,3.7316244,41.353779,0.4554037667969257
3000.0,-740.307535469234,3.7313836,41.328808,0.4550807461229023
3000.0,-740.3166618566642,3.731504,41.266396,0.4547577247157926
3000.0,-740.3086493674351,3.731143,41.316303,0.4544347035557385
3000.0,-740.3154633644752,3.7309825,41.353779,0.4541116826715654
3000.0,-740.3161280521834,3.7308221,41.266396,0.45378866149737
3000.0,-740.3087492086178,3.7308621,41.303837,0.4534656402937519
3000.0,-740.3155615945285,3.7306616,41.266396,0.4531426193667182
3000.0,-740.3073027918726,3.7305412,41.316303,0.4528195987942196
3000.0,-740.316135718515,3.7302203,41.266396,0.4524965776166791
3000.0,-740.3159476438359,3.7302604,41.266396,0.452173556521201
3000.0,-740.3074010579769,3.7298994,41.29137,0.4518505359058257
3000.0,-740.3145798872392,3.7299795,41.266396,0.4515275154071391
3000.0,-740.3083692545741,3.7296586,41.34127,0.4512044943693075
3000.0,-740.3130895593777,3.7295785,41.328808,0.4508814745208936
3000.0,-740.3050230543097,3.7292175,41.316303,0.45055845494312
3000.0,-740.3130144244986,3.7294984,41.37875,0.4502354351274897
3000.0,-740.3123865893291,3.7292976,41.391216,0.4499124155858019
3000.0,-740.3041387197384,3.7290971,41.37875,0.4495893963938926
3000.0,-740.3134116312519,3.7286961,41.34127,0.4492663764049496
3000.0,-740.3049673660707,3.7284553,41.316303,0.4489433568514746
3000.0,-740.3128701860194,3.7283752,41.278862,0.4486203370987797
3000.0,-740.3125028250196,3.7282548,41.37875,0.4482973175063749
3000.0,-740.3035014672208,3.7280543,41.316303,0.44797429859252
3000.0,-740.312916682301,3.7280943,41.241425,0.4476512788195375
3000.0,-740.3063477795223,3.7277334,41.316303,0.4473282586637424
3000.0,-740.3134501935363,3.7278535,41.29137,0.4470052386579735
3000.0,-740.305708023905,3.7276931,41.328808,0.4466822187813249
3000.0,-740.3157498765054,3.7275729,41.353779,0.4463591977721384
3000.0,-740.3155538430677,3.7272117,41.37875,0.4460361768484869
3000.0,-740.3063574225544,3.7271717,41.34127,0.4457131566884842
3000.0,-740.3141757713128,3.7270916,41.353779,0.4453901363661249
3000.0,-740.3057044231413,3.7269711,41.241425,0.4450671164910475
3000.0,-740.313992432762,3.7266903,41.328808,0.4447440962486841
3000.0,-740.3128426098995,3.7266903,41.328808,0.4444210765080215
3000.0,-740.3056447551538,3.7267706,41.316303,0.4440980566589791
3000.0,-740.313398680159,3.7261689,41.29137,0.4437750366756871
3000.0,-740.3062409318296,3.726249,41.266396,0.4434520165665131
3000.0,-740.314352163651,3.7260485,41.328808,0.4431289961671888
3000.0,-740.3055386398511,3.725888,41.328808,0.4428059763644481
3000.0,-740.3134455793718,3.7256875,41.353779,0.4424829563606925
3000.0,-740.3130286950936,3.725487,41.303837,0.4421599365388356
3000.0,-740.3062609021944,3.7257276,41.29137,0.4418369164209479
3000.0,-740.3145933883975,3.7253666,41.328808,0.4415138959163703
3000.0,-740.3066100219866,3.725126,41.366245,0.4411908756461501
3000.0,-740.3138618047174,3.7250857,41.328808,0.4408678554607835
3000.0,-740.3061224997292,3.7249656,41.34127,0.4405448354032855
3000.0,-740.3146745533272,3.7244039,41.366245,0.4402218148632933
3000.0,-740.3137033322731,3.7245243,41.37875,0.4398987947470728
3000.0,-740.3055935226452,3.7243638,41.366245,0.4395757749203849
3000.0,-740.3132346773887,3.7243237,41.366245,0.4392527550086519
3000.0,-740.3049256302799,3.7239625,41.353779,0.4389297354733876
3000.0,-740.3135288193249,3.7239225,41.37875,0.438606715433312
3000.0,-740.3132292821231,3.723762,41.428692,0.4382836955239332
3000.0,-740.305538212777,3.7236416,41.366245,0.4379606757213788
3000.0,-740.31283361322,3.7236016,41.403721,0.4376376559846416
3000.0,-740.3047956991046,3.7234812,41.316303,0.4373146365060706
3000.0,-740.3122300212407,3.7236416,41.328808,0.4369916170326979
3000.0,-740.3070256445873,3.7231202,41.366245,0.4366685965811279
3000.0,-740.3142587796165,3.7228796,41.34127,0.4363455762225497
3000.0,-740.3151968829694,3.7227592,41.366245,0.4360225554546501
3000.0,-740.3066055662563,3.7226791,41.403721,0.4356995351863741
3000.0,-740.3149792306118,3.7224383,41.328808,0.4353765145134425
3000.0,-740.3067533799017,3.7222378,41.34127,0.4350534941806706
3000.0,-740.3145395188251,3.7221978,41.353779,0.4347304736995978
3000.0,-740.3148669859648,3.7221575,41.353779,0.4344074530756417
3000.0,-740.3055750899106,3.721997,41.37875,0.4340844332569967
3000.0,-740.313528648862,3.7218366,41.37875,0.4337614132169956
3000.0,-740.3058255281887,3.7218366,41.366245,0.4334383932890759
3000.0,-740.3146030689752,3.7216761,41.366245,0.4331153727802745
3000.0,-740.3052409481988,3.7211547,41.366245,0.4327923531074265
3000.0,-740.3144258703655,3.7214355,41.366245,0.4324693326759418
3000.0,-740.314399784006,3.7211947,41.428692,0.4321463122558394
3000.0,-740.3061044942732,3.7207537,41.403721,0.4318232922061977
3000.0,-740.3141262105859,3.7209141,41.366245,0.4315002719054632
3000.0,-740.3079478330167,3.7205529,41.366245,0.4311772510515118
3000.0,-740.313595714683,3.7204328,41.441158,0.4308542309822479
3000.0,-740.3149846258773,3.7203524,41.416187,0.4305312103069622
3000.0,-740.306640710333,3.7201118,41.441158,0.4302081900233517
3000.0,-740.3144500765164,3.7203124,41.403721,0.4298851695813052
3000.0,-740.3067937614157,3.7199514,41.428692,0.4295621492309134
3000.0,-740.3140092543671,3.7197106,41.428692,0.4292391289812103
3000.0,-740.3066931512134,3.719831,41.391216,0.4289161086747181
3000.0,-740.3140553849616,3.7196305,41.416187,0.4285930884048868
3000.0,-740.3138839483277,3.71947,41.428692,0.4282700682098583
3000.0,-740.3060590234777,3.7191491,41.416187,0.4279470481800571
3000.0,-740.3122501630878,3.7191491,41.37875,0.4276240286978959
3000.0,-740.3048277789715,3.7189083,41.328808,0.4273010092053274
3000.0,-740.3133079072978,3.7187479,41.391216,0.4269779892616421
3000.0,-740.3146166186325,3.7183068,41.391216,0.4266549687469285
3000.0,-740.3084793003082,3.7182264,41.391216,0.4263319476610803
3000.0,-740.314689128832,3.7184269,41.366245,0.4260089271147284
3000.0,-740.3070915138446,3.7181463,41.478634,0.4256859066344174
3000.0,-740.3153549037788,3.7178254,41.416187,0.4253628857975688
3000.0,-740.3083940950559,3.7177851,41.428692,0.4250398647488985
3000.0,-740.3140575097119,3.7179055,41.37875,0.4247168444781402
3000.0,-740.3145689984822,3.7177851,41.428692,0.4243938239842046
3000.0,-740.3067808581332,3.7173841,41.366245,0.424070803639443
3000.0,-740.3139599252896,3.7172236,41.416187,0.4237477834112635
3000.0,-740.305009687528,3.7174242,41.441158,0.4234247638393222
3000.0,-740.3140978412913,3.7171433,41.441158,0.4231017435509661
3000.0,-740.314044276424,3.7169828,41.441158,0.4227787232859818
3000.0,-740.3055893235277,3.7167022,41.441158,0.4224557034611262
3000.0,-740.3139559215585,3.7166219,41.416187,0.4221326832346937
3000.0,-740.3046287565552,3.7167423,41.441158,0.4218096638289652
3000.0,-740.3134912949616,3.7165818,41.403721,0.4214866438052626
3000.0,-740.3075176227798,3.716301,41.428692,0.4211636231390261
3000.0,-740.3141383441523,3.7161806,41.478634,0.4208406028329974
3000.0,-740.3140095965208,3.71594,41.478634,0.420517582583145
3000.0,-740.3056353922676,3.7156994,41.403721,0.420194562738188
3000.0,-740.313639379192,3.7157395,41.453667,0.4198715426498721
3000.0,-740.3069241806462,3.7156591,41.441158,0.4195485222425741
3000.0,-740.3124204641887,3.7154586,41.516075,0.4192255026861057
3000.0,-740.3054228931804,3.7153785,41.441158,0.4189024829338691
3000.0,-740.3144715128998,3.7151778,41.4911,0.4185794624824693
3000.0,-740.3130589926866,3.7150173,41.503567,0.4182564426473926
3000.0,-740.307187509315,3.7147768,41.453667,0.4179334221251956
3000.0,-740.314502055239,3.7150173,41.441158,0.4176104016604693
3000.0,-740.3077695743364,3.7147367,41.478634,0.417287380884298
3000.0,-740.3144191686947,3.7144558,41.466133,0.4169643604557375
3000.0,-740.3134549177956,3.7146163,41.416187,0.4166413404479074
3000.0,-740.3043669290914,3.7142553,41.478634,0.4163183211564228
3000.0,-740.3111470562875,3.714175,41.453667,0.4159953021555789
3000.0,-740.3047131921741,3.7140546,41.453667,0.4156722827130083
3000.0,-740.3082355536869,3.7139344,41.466133,0.4153492649825365
3000.0,-740.2863614335794,3.7136936,41.466133,0.4150262535474455
3000.0,-740.2928145475202,3.7135332,41.441158,0.4147032425456012
3000.0,-740.2934598753009,3.7134931,41.553513,0.414380231262182
3000.0,-740.2866666815969,3.7133727,41.528542,0.4140572196939011
3000.0,-740.293593445213,3.7132123,41.553513,0.4137342083522015
3000.0,-740.2842388608838,3.7130518,41.4911,0.4134111978432591
3000.0,-740.2919484538235,3.7130919,41.503567,0.4130881872193164
3000.0,-740.293770557875,3.7129717,41.4911,0.4127651758003374
3000.0,-740.2855047362413,3.7125304,41.503567,0.4124421647390517
3000.0,-740.2928471521953,3.7125304,41.441158,0.4121191537229812
3000.0,-740.2866224437295,3.7124903,41.478634,0.4117961421740028
3000.0,-740.2937006480032,3.7122898,41.478634,0.4114731307855275
3000.0,-740.286712433152,3.7121294,41.503567,0.4111501191972837
3000.0,-740.2948691970313,3.7119689,41.478634,0.4108271072989369
3000.0,-740.2955669183347,3.7118084,41.503567,0.4105040950961543
3000.0,-740.2900647855739,3.7118084,41.541046,0.4101810820451682
3000.0,-740.2972119346899,3.711688,41.4911,0.4098580691246178
3000.0,-740.2881458248565,3.7115676,41.441158,0.4095350569109378
3000.0,-740.2963387605387,3.7115276,41.466133,0.4092120443713782
3000.0,-740.2955312731568,3.7112868,41.503567,0.4088890321841487
3000.0,-740.2871365771783,3.7112467,41.4911,0.4085660204108368
3000.0,-740.2960781998072,3.7111263,41.4911,0.4082430079849674
3000.0,-740.2906143197123,3.7107654,41.503567,0.4079199946942014
3000.0,-740.2951575771964,3.7107654,41.503567,0.4075969826700261
3000.0,-740.2891243606553,3.7106049,41.503567,0.4072739700293785
3000.0,-740.2968781923437,3.7104845,41.528542,0.4069509572544494
3000.0,-740.2979698486573,3.710284,41.503567,0.4066279440031993
3000.0,-740.2916467605575,3.710284,41.516075,0.4063049302619452
3000.0,-740.2984173000358,3.7101636,41.478634,0.4059819168154593
3000.0,-740.2906848024737,3.7101636,41.466133,0.4056589034939393
3000.0,-740.2976640243802,3.7098427,41.566017,0.4053358903761292
3000.0,-740.2979310661832,3.7100031,41.578484,0.405012877141801
3000.0,-740.2888752895459,3.7096422,41.4911,0.4046898646098314
3000.0,-740.2959333631727,3.7093616,41.516075,0.4043668522471584
3000.0,-740.2898503092999,3.7093616,41.566017,0.4040438392897554
3000.0,-740.2974165129676,3.7091208,41.553513,0.4037208262799416
3000.0,-740.2899379795899,3.7091608,41.566017,0.4033978132842852
3000.0,-740.2982675674511,3.7089603,41.516075,0.4030747999031319
3000.0,-740.2990164732794,3.7085593,41.541046,0.4027517861952094
3000.0,-740.2919451113402,3.7086794,41.541046,0.402428772323775
3000.0,-740.2997545875535,3.7086394,41.553513,0.4021057582937921
3000.0,-740.2915316979828,3.7084389,41.603455,0.4017827446027436
3000.0,-740.2988470138522,3.7083185,41.603455,0.4014597309687612
3000.0,-740.2990964660461,3.7080779,41.566017,0.4011367172259356
3000.0,-740.2920529238886,3.7082384,41.541046,0.400813703307459
3000.0,-740.2996099694717,3.7078371,41.566017,0.4004906893405772
3000.0,-740.291646577818,3.7077167,41.528542,0.4001676755994028
3000.0,-740.2986869548541,3.7076766,41.528542,0.3998446620352587
3000.0,-740.2914739222585,3.7077971,41.516075,0.3995216483694197
3000.0,-740.299593087294,3.7076366,41.503567,0.399198634409904
3000.0,-740.3005848285699,3.7074761,41.590988,0.3988756200176631
3000.0,-740.292175066642,3.7071953,41.628429,0.3985526060458916
3000.0,-740.2983716575015,3.7072353,41.64093,0.3982295926193208
3000.0,-740.2911699321346,3.7070749,41.541046,0.3979065790861227
3000.0,-740.3006169699458,3.7067943,41.566017,0.3975835646798576
3000.0,-740.3004797988244,3.7066338,41.590988,0.3972605503334443
3000.0,-740.2913218599739,3.7066739,41.528542,0.3969375367339551
3000.0,-740.2962104027415,3.7065535,41.566017,0.3966145242504017
3000.0,-740.2897936934489,3.7066739,41.628429,0.3962915113177021
3000.0,-740.2980257083287,3.7063129,41.578484,0.3959684980420789
3000.0,-740.2905361586228,3.7062726,41.578484,0.3956454847854171
3000.0,-740.2980947509471,3.7061121,41.541046,0.3953224714796686
3000.0,-740.2980114993296,3.7058315,41.628429,0.3949994582102452
3000.0,-740.2891159255857,3.7058315,41.541046,0.3946764455732781
3000.0,-740.2941244662155,3.7057512,41.553513,0.3943534339998787
3000.0,-740.2883694448523,3.7055507,41.615963,0.3940304216886259
3000.0,-740.2965185345103,3.7055907,41.64093,0.3937074090706259
3000.0,-740.2897231370187,3.7052298,41.590988,0.3933843961687124
3000.0,-740.2972053181484,3.7052298,41.628429,0.3930613832510489
3000.0,-740.2957898319203,3.7051094,41.64093,0.3927383709510027
3000.0,-740.2902547510339,3.7051094,41.603455,0.3924153578171284
3000.0,-740.2982755751179,3.7048688,41.628429,0.3920923444324811
3000.0,-740.2903912366796,3.7047884,41.553513,0.3917693312390536
3000.0,-740.2973603972948,3.7045879,41.628429,0.3914463182537246
3000.0,-740.2962051906264,3.7047083,41.64093,0.3911233057724455
3000.0,-740.2916189901067,3.7045479,41.578484,0.3908002920433086
3000.0,-740.2987967086543,3.7043874,41.553513,0.3904772784312758
3000.0,-740.2904080214857,3.704267,41.603455,0.3901542652305245
3000.0,-740.2969287293957,3.7040665,41.590988,0.3898312524335446
3000.0,-740.289632573594,3.7040265,41.653397,0.389508239571147
3000.0,-740.2968281920556,3.7040265,41.628429,0.3891852268180344
3000.0,-740.2978134266801,3.7038257,41.678371,0.3888622136350358
3000.0,-740.28990671806,3.7035048,41.628429,0.3885392006530198
3000.0,-740.2983139176216,3.7035851,41.615963,0.3882161872516426
3000.0,-740.2915707481392,3.7035451,41.653397,0.3878931735435552
3000.0,-740.2982430187371,3.7032642,41.628429,0.3875701601731132
3000.0,-740.2985160674671,3.7030637,41.628429,0.3872471466835321
3000.0,-740.2905986456668,3.7031438,41.628429,0.3869241333996053
3000.0,-740.2998389505568,3.7029834,41.628429,0.3866011193328124
3000.0,-740.2903945818539,3.7027428,41.653397,0.3862781061379253
3000.0,-740.2997186620223,3.7026625,41.615963,0.3859550921236178
3000.0,-740.2930799572445,3.7028229,41.678371,0.3856320777570125
3000.0,-740.2994019976918,3.7023818,41.653397,0.3853090638808747
3000.0,-740.2855586850346,3.7022614,41.665905,0.3849860560449715
3000.0,-740.2736709895592,3.7023818,41.603455,0.3846630501471411
3000.0,-740.2817553807527,3.702101,41.678371,0.3843400439707287
3000.0,-740.2708014108312,3.7020206,41.715809,0.3840170393249905
3000.0,-740.2796382183985,3.7019405,41.703342,0.3836940340723568
3000.0,-740.2793040858087,3.7018602,41.678371,0.3833710289655148
3000.0,-740.2715069131292,3.7016997,41.678371,0.3830480240119426
3000.0,-740.278930511403,3.7016196,41.678371,0.3827250190681018
3000.0,-740.2732238852409,3.7016997,41.728313,0.3824020133653578
3000.0,-740.2803053361761,3.7014992,41.653397,0.3820790078216415
3000.0,-740.2736939142446,3.7012587,41.703342,0.3817560019138082
3000.0,-740.2818337992436,3.7012587,41.74078,0.3814329957031797
3000.0,-740.2793131680265,3.7012184,41.678371,0.3811099905923748
3000.0,-740.2709366635489,3.7009377,41.665905,0.3807869858876213
3000.0,-740.2783853186453,3.7009377,41.678371,0.3804639811816638
3000.0,-740.2711638607753,3.700737,41.678371,0.3801409763777766
3000.0,-740.2803061295554,3.7005765,41.665905,0.3798179708337141
3000.0,-740.2792390581765,3.7004964,41.690876,0.3794949657552455
3000.0,-740.2727214460889,3.700336,41.728313,0.3791719602717324
3000.0,-740.2812156317596,3.7004161,41.690876,0.378848954330828
3000.0,-740.2733649487842,3.7001355,41.753284,0.3785259485665333
3000.0,-740.2787721371848,3.7002959,41.715809,0.3782029436917957
3000.0,-740.2712801802204,3.699975,41.728313,0.3778799388371545
3000.0,-740.2801186411624,3.6998947,41.74078,0.3775569333748986
3000.0,-740.2788180842196,3.6997743,41.703342,0.377233928480113
3000.0,-740.2726489118579,3.6997342,41.665905,0.3769109230282489
3000.0,-740.2791096882426,3.6996541,41.728313,0.3765879180062282
3000.0,-740.2717445823656,3.6995337,41.715809,0.376264912948953
3000.0,-740.2797707872244,3.6991727,41.715809,0.3759419076384757
3000.0,-740.2815210414414,3.6992931,41.690876,0.3756189015643123
3000.0,-740.2733787058056,3.6992128,41.690876,0.375295895794015
3000.0,-740.2802516372712,3.6990523,41.753284,0.3749728902737291
3000.0,-740.2712673757767,3.6991327,41.64093,0.3746498854246749
3000.0,-740.279987878057,3.6986914,41.703342,0.3743268800194747
3000.0,-740.2710615539413,3.6988518,41.753284,0.3740038752602274
3000.0,-740.2792815265798,3.6987314,41.678371,0.3736808701632286
3000.0,-740.2792383141148,3.6985309,41.753284,0.3733578650850847
3000.0,-740.2726844465834,3.6982501,41.74078,0.3730348596177156
3000.0,-740.2799655150753,3.6982501,41.765751,0.372711854222273
3000.0,-740.273120308849,3.6979291,41.74078,0.3723888485647228
3000.0,-740.2795182222909,3.69821,41.753284,0.3720658433644468
3000.0,-740.279691026312,3.6981297,41.753284,0.3717428380887716
3000.0,-740.2715121131183,3.6982501,41.74078,0.3714198331329304
3000.0,-740.279777000835,3.6978087,41.690876,0.371096827819742
3000.0,-740.2731310143478,3.6977286,41.690876,0.3707738221575206
3000.0,-740.2806543127549,3.6975682,41.728313,0.3704508164615359
3000.0,-740.2717996239568,3.6975682,41.74078,0.3701278113802442
3000.0,-740.2796779890667,3.6972072,41.715809,0.3698048061102574
3000.0,-740.2795649025416,3.6974478,41.828201,0.3694818008896136
3000.0,-740.2735499577711,3.6971269,41.74078,0.3691587950445933
3000.0,-740.2811415345969,3.6970065,41.803226,0.3688357891360196
3000.0,-740.275259849704,3.6969664,41.753284,0.368512782544917
3000.0,-740.2816910370186,3.6970468,41.828201,0.3681897763965797
3000.0,-740.2736627499164,3.696806,41.753284,0.3678667705023445
3000.0,-740.2802030285176,3.6966856,41.778259,0.3675437650032679
3000.0,-740.279551377236,3.6966054,41.765751,0.3672207597885256
3000.0,-740.2727584331116,3.696485,41.803226,0.3668977542888738
3000.0,-740.2795146335644,3.6962445,41.803226,0.3665747490901637
3000.0,-740.2742250399998,3.6963646,41.778259,0.3662517429505827
3000.0,-740.2829542517254,3.6962042,41.815693,0.3659287362510686
3000.0,-740.2810647521821,3.6960037,41.790726,0.3656057303759973
3000.0,-740.2719968400568,3.696084,41.790726,0.3652827252086537
3000.0,-740.2795509253966,3.6959236,41.765751,0.3649597199941085
3000.0,-740.2733717115736,3.6956027,41.828201,0.3646367142268629
3000.0,-740.2815574300671,3.6956427,41.865639,0.3643137081368222
3000.0,-740.2739957563113,3.6955223,41.753284,0.3639907020972853
3000.0,-740.2818397928689,3.6954823,41.803226,0.3636676958840414
3000.0,-740.2818801496188,3.6953218,41.840668,0.3633446896531889
3000.0,-740.272956417822,3.6954823,41.765751,0.3630216840671498
3000.0,-740.2806866739115,3.6952014,41.778259,0.3626986783570449
3000.0,-740.2725526356278,3.6951213,41.865639,0.3623756729471893
3000.0,-740.2797514270923,3.6947603,41.828201,0.3620526676451594
3000.0,-740.2803630025911,3.6949208,41.853172,0.3617296620762816
3000.0,-740.2729961144214,3.6946399,41.828201,0.3614066564729216
3000.0,-740.2804586329307,3.6945596,41.828201,0.3610836508623175
3000.0,-740.2725608269766,3.69468,41.840668,0.3607606454488877
3000.0,-740.2798265003754,3.6945999,41.828201,0.3604376401141013
3000.0,-740.2697004273723,3.6944394,41.778259,0.3601146359487585
3000.0,-740.279026996513,3.6941586,41.840668,0.3597916309628185
3000.0,-740.2784617470375,3.6941185,41.828201,0.359468626223513
3000.0,-740.2714767500819,3.693958,41.840668,0.3591456212831019
3000.0,-740.2792126173849,3.693958,41.865639,0.3588226162161702
3000.0,-740.2705468835292,3.6939981,41.840668,0.3584996116814906
3000.0,-740.2789463073652,3.6937976,41.815693,0.3581766067307576
3000.0,-740.2792868496083,3.6935968,41.840668,0.3578536016314362
3000.0,-740.2728772558609,3.6936772,41.840668,0.3575305960799381
3000.0,-740.2799127558656,3.6933563,41.778259,0.3572075907075159
3000.0,-740.2739647992786,3.6935167,41.840668,0.3568845846814866
3000.0,-740.2809815609327,3.6934364,41.878143,0.356561578842714
3000.0,-740.2724656971138,3.6931558,41.840668,0.3562385734707926
3000.0,-740.2803282981314,3.6931558,41.865639,0.3559155679170573
3000.0,-740.2804213647735,3.6930354,41.853172,0.3555925623227144
3000.0,-740.2729767426151,3.6930354,41.790726,0.3552695567278069
3000.0,-740.2792455281976,3.6928749,41.865639,0.3549465516465152
3000.0,-740.2718703512576,3.6926341,41.853172,0.3546235465343629
3000.0,-740.2802346568676,3.6927946,41.878143,0.354300541021486
3000.0,-740.2794906099501,3.6925941,41.903114,0.3539775358332582
3000.0,-740.2731023891351,3.6925139,41.853172,0.3536545301835269
3000.0,-740.2787570124332,3.6922731,41.89061,0.3533315253153887
3000.0,-740.2716170564744,3.6923134,41.928047,0.3530085203137573
3000.0,-740.2778486821874,3.6923535,41.89061,0.3526855158419496
3000.0,-740.2703779386227,3.6920326,41.940556,0.3523625113809863
3000.0,-740.2771858980165,3.6920726,41.915581,0.3520395071983704
3000.0,-740.2764455251593,3.6919522,41.915581,0.3517165033388004
3000.0,-740.2696192753324,3.6918321,41.828201,0.351393499208867
3000.0,-740.2779494030874,3.6918721,41.853172,0.3510704946931119
3000.0,-740.2701707252669,3.6916313,41.89061,0.3507474903225627
3000.0,-740.2771064049743,3.6915112,41.865639,0.3504244861746319
3000.0,-740.2777081177683,3.6916313,41.965523,0.3501014817641565
3000.0,-740.2680033527752,3.6911902,41.865639,0.3497784783393036
3000.0,-740.2754946162105,3.69115,41.928047,0.3494554748946424
3000.0,-740.269309657736,3.6910698,41.953018,0.3491324708998055
3000.0,-740.2759199121097,3.6911099,41.928047,0.3488094672695755
3000.0,-740.2680930737162,3.6911099,41.977989,0.3484864638055744
3000.0,-740.2760404695377,3.6909094,41.915581,0.3481634601227418
3000.0,-740.2758891497853,3.690789,41.940556,0.3478404565059343
3000.0,-740.2674284532656,3.6906686,41.865639,0.3475174533319291
3000.0,-740.2762258587601,3.6905885,41.878143,0.3471944495682059
3000.0,-740.268472246462,3.6904681,41.89061,0.3468714459387591
3000.0,-740.2777871217269,3.690388,41.965523,0.3465484414938121
3000.0,-740.2669220832729,3.6902676,41.865639,0.3462254385407528
3000.0,-740.2759004903817,3.6902275,41.965523,0.3459024349189971
3000.0,-740.2753703364278,3.6900671,41.89061,0.3455794315285628
3000.0,-740.2674111554386,3.6897461,41.928047,0.3452564283621052
3000.0,-740.2752201771741,3.6899467,41.940556,0.3449334250371897
3000.0,-740.2687348918532,3.6898663,41.915581,0.3446104212931421
3000.0,-740.2753962641933,3.6897058,41.977989,0.3442874178913948
3000.0,-740.2751246442419,3.6897058,41.965523,0.343964414608163
3000.0,-740.2690009063612,3.6894252,41.89061,0.3436414107480445
3000.0,-740.2757197155285,3.6894252,41.965523,0.3433184072051661
3000.0,-740.2686956835138,3.6892648,41.928047,0.3429954034782264
3000.0,-740.275313158073,3.6889839,41.928047,0.3426724001127406
3000.0,-740.2682503120476,3.6888235,41.940556,0.3423493965801312
3000.0,-740.2750877908848,3.6888635,41.953018,0.3420263933129797
3000.0,-740.2751515724798,3.688663,41.940556,0.3417033900179984
3000.0,-740.2686165456996,3.6887834,41.940556,0.3413803863255891
3000.0,-740.276499077953,3.6885026,41.977989,0.3410573824426525
3000.0,-740.2683136780006,3.6884625,41.990498,0.3407343788823944
3000.0,-740.2759652495296,3.6884224,41.977989,0.3404113752323824
3000.0,-740.2764958307664,3.6883421,42.015469,0.3400883713508627
3000.0,-740.267061730535,3.688262,42.04044,0.3397653683368707
3000.0,-740.2743931704521,3.6881416,41.990498,0.339442365372802
3000.0,-740.2674916117184,3.6880612,41.965523,0.3391193621712386
3000.0,-740.2755669074479,3.6879008,41.977989,0.3387963586950347
3000.0,-740.2679967365048,3.6877806,42.002964,0.3384733552730687
3000.0,-740.2761396392862,3.6875799,42.002964,0.3381503515469655
3000.0,-740.2749103119218,3.6878207,42.015469,0.3378273483572531
3000.0,-740.2675612892397,3.6877403,42.002964,0.3375043451252871
3000.0,-740.2746656574523,3.6877403,42.002964,0.3371813420423246
3000.0,-740.267969624366,3.6872993,42.015469,0.3368583386321884
3000.0,-740.2754833128581,3.6871388,41.928047,0.3365353351924593
3000.0,-740.274920907638,3.6870985,41.977989,0.3362123319981237
3000.0,-740.2679308308224,3.6870584,42.002964,0.3358893286049145
3000.0,-740.2773967756477,3.686898,41.953018,0.3355663243302866
3000.0,-740.2691306179626,3.6868179,42.027935,0.3352433204135706
3000.0,-740.2770710043382,3.6868179,42.04044,0.3349203162810861
3000.0,-740.2699255972763,3.6863766,41.953018,0.3345973120174943
3000.0,-740.2760364289719,3.6866975,42.065411,0.3342743083364247
3000.0,-740.2776559687873,3.6865771,41.940556,0.3339513039487035
3000.0,-740.269548462494,3.6862161,41.928047,0.333628299849668
3000.0,-740.2785909225657,3.6863766,42.04044,0.3333052950539996
3000.0,-740.2711861989759,3.6863365,42.002964,0.3329822902403655
3000.0,-740.2775324085097,3.6859353,41.953018,0.3326592859065572
3000.0,-740.2765901062015,3.6860156,41.977989,0.3323362819839023
3000.0,-740.2699450548248,3.6856546,41.965523,0.3320132777118205
3000.0,-740.277129012907,3.6857748,42.077877,0.3316902735540252
3000.0,-740.2706659258523,3.6856947,42.065411,0.3313672689674036
3000.0,-740.2776716669329,3.6856947,42.052906,0.3310442645728327
3000.0,-740.2705310019836,3.6854138,42.102848,0.3307212600450828
3000.0,-740.2774263412525,3.6853337,42.015469,0.3303982557575546
3000.0,-740.2771867280258,3.6850529,42.027935,0.3300752515745765
3000.0,-740.2707690866298,3.6852534,42.065411,0.3297522469429425
3000.0,-740.2783506260546,3.685133,42.090382,0.3294292422521223
3000.0,-740.2716594876163,3.6849725,42.04044,0.3291062372319767
3000.0,-740.2791946491965,3.6848121,41.990498,0.328783232172885
3000.0,-740.2797664419535,3.6848121,42.065411,0.3284602268643037
3000.0,-740.2721007819274,3.6846919,42.102848,0.3281372216516069
3000.0,-740.2778259404218,3.6846516,41.928047,0.3278142171897221
3000.0,-740.2713245650159,3.6848121,42.090382,0.3274912123157144
3000.0,-740.2776783692176,3.6844511,42.052906,0.3271682079182191
3000.0,-740.2711009333559,3.6841302,42.090382,0.3268452031417893
3000.0,-740.278659917299,3.6841702,42.102848,0.3265221983160165
3000.0,-740.2796558329735,3.6840901,42.002964,0.3261991930556971
3000.0,-740.2712713180769,3.6840098,42.065411,0.3258761882049227
3000.0,-740.2800498418578,3.6838493,42.090382,0.3255531827726859
3000.0,-740.2725477771751,3.6837692,42.090382,0.3252301773649503
3000.0,-740.2801523324622,3.6834483,42.127819,0.3249071718879939
3000.0,-740.279496921582,3.6836889,42.102848,0.3245841666970121
3000.0,-740.273416034774,3.6833279,42.090382,0.3242611609104269
3000.0,-740.2790974318938,3.6831274,42.127819,0.3239381558937539
3000.0,-740.2733455151781,3.6831274,42.140285,0.3236151501379387
3000.0,-740.281349421657,3.6830873,42.102848,0.323292144138658
3000.0,-740.2721996216246,3.6829269,42.077877,0.3229691388828341
3000.0,-740.2781508569609,3.6829669,42.115353,0.3226461342791789
3000.0,-740.278358230995,3.6827664,42.077877,0.3223231295850405
3000.0,-740.2716106356307,3.682606,42.102848,0.3220001245862107
3000.0,-740.278925385031,3.6827664,42.140285,0.3216771196446066
3000.0,-740.2701371194343,3.6824455,42.202736,0.3213541152887207
3000.0,-740.277259384541,3.6824055,42.140285,0.3210311110740406
3000.0,-740.2694542123586,3.6823652,42.090382,0.3207081070161295
3000.0,-740.2783410680547,3.6819241,42.140285,0.3203851023294798
3000.0,-740.2770646204693,3.6821246,42.152794,0.3200620981997808
3000.0,-740.2701813204673,3.6817636,42.065411,0.3197390938246085
3000.0,-740.2771713229209,3.6818438,42.115353,0.3194160896483521
3000.0,-740.268144489578,3.6817636,42.115353,0.3190930861619165
3000.0,-740.2769504473193,3.6815629,42.140285,0.3187700820820345
3000.0,-740.2759180687358,3.6814427,42.090382,0.3184470784526089
3000.0,-740.2682593816915,3.681242,42.127819,0.3181240749160421
3000.0,-740.2734492686978,3.6810415,42.140285,0.3178010723638248
3000.0,-740.2662494423441,3.6813223,42.177765,0.317478069704261
3000.0,-740.2749286957288,3.6810415,42.04044,0.3171550665065273
3000.0,-740.2664848292823,3.6810014,42.140285,0.3168320637442564
3000.0,-740.2740296185732,3.680841,42.090382,0.3165090609388158
3000.0,-740.2747878382689,3.6805201,42.16526,0.3161860578025422
3000.0,-740.2686645185717,3.6803997,42.152794,0.3158630540892007
3000.0,-740.2762862347793,3.68048,42.090382,0.3155400502991337
3000.0,-740.2680262283482,3.6803195,42.115353,0.3152170468642994
3000.0,-740.2752440784152,3.6802392,42.140285,0.3148940435289551
3000.0,-740.2761223179565,3.6802392,42.077877,0.3145710398104097
3000.0,-740.2687707196167,3.6797979,42.190228,0.3142480360507292
3000.0,-740.2753568471385,3.6798382,42.16526,0.3139250326661807
3000.0,-740.2675307965247,3.6797979,42.190228,0.3136020294475197
3000.0,-740.2752531845757,3.6797178,42.16526,0.3132790261082022
3000.0,-740.2690652130228,3.6795173,42.115353,0.3129560222200245
3000.0,-740.2765422419188,3.6792765,42.127819,0.3126330183182542
3000.0,-740.2760683992711,3.6793568,42.152794,0.3123100146232351
3000.0,-740.2690334137111,3.6792364,42.102848,0.3119870107489325
3000.0,-740.2761411046947,3.679076,42.152794,0.3116640070221899
3000.0,-740.2681207346869,3.6788354,42.240173,0.3113410035461194
3000.0,-740.2769629232442,3.678715,42.065411,0.3110179994607938
3000.0,-740.2771426966019,3.678715,42.202736,0.3106949952970279
3000.0,-740.2692693990032,3.6786346,42.115353,0.310371991319757
3000.0,-740.2762961592847,3.6783941,42.140285,0.3100489875253597
3000.0,-740.269354664623,3.6782737,42.177765,0.3097259835108847
3000.0,-740.2760706822062,3.6783137,42.152794,0.3094029798148694
3000.0,-740.2693049697446,3.6782737,42.177765,0.3090799758220779
3000.0,-740.2747320637268,3.6780331,42.177765,0.3087569727101404
3000.0,-740.274650325403,3.6778727,42.177765,0.3084339696338676
3000.0,-740.2685274098112,3.6777523,42.190228,0.3081109659803512
3000.0,-740.275476025515,3.6775115,42.177765,0.3077879625438018
3000.0,-740.2680384966473,3.6775115,42.127819,0.3074649591036144
3000.0,-740.2747143386475,3.677351,42.152794,0.3071419559994108
3000.0,-740.2752733632575,3.6772709,42.177765,0.3068189526512887
3000.0,-740.2696734132538,3.6771905,42.152794,0.3064959484977331
3000.0,-740.2776407341454,3.6770301,42.140285,0.3061729441166592
3000.0,-740.2689569126237,3.6768696,42.177765,0.3058499402757365
3000.0,-740.276908198492,3.6769099,42.140285,0.3055269362142889
3000.0,-740.2686930590653,3.6766691,42.090382,0.3052039324884943
3000.0,-740.2780394302498,3.6765087,42.127819,0.3048809279334578
3000.0,-740.2763266283638,3.6763482,42.190228,0.3045579241257659
3000.0,-740.2686766524253,3.6765087,42.215202,0.30423492040713
3000.0,-740.2753151723191,3.6759472,42.16526,0.3039119170407654
3000.0,-740.2700891095233,3.6760674,42.265144,0.3035889127058278
3000.0,-740.2779787734681,3.6758668,42.240173,0.3032659081772576
3000.0,-740.2788069758866,3.6756263,42.152794,0.3029429032873189
3000.0,-740.2703866055441,3.6754258,42.177765,0.3026198988225739
3000.0,-740.2773805280507,3.6755459,42.202736,0.3022968945550353
3000.0,-740.2700300276115,3.6754258,42.115353,0.3019738902458771
3000.0,-740.2777833500546,3.6752653,42.252678,0.3016508858025757
3000.0,-740.2707670355695,3.6751049,42.115353,0.3013278811718365
3000.0,-740.2769478107709,3.6749845,42.190228,0.3010048770931049
3000.0,-740.2762587327381,3.6749444,42.127819,0.3006818733150379
3000.0,-740.2696489136947,3.6749845,42.215202,0.3003588691721722
3000.0,-740.276568829026,3.6747839,42.240173,0.3000358652588012
3000.0,-740.2692399190287,3.674463,42.202736,0.2997128612943935
3000.0,-740.2782938997439,3.6744227,42.252678,0.2993898566283247
3000.0,-740.2777281736677,3.6741822,42.265144,0.2990668522090984
3000.0,-740.2698361562765,3.6743026,42.215202,0.2987438479845326
3000.0,-740.2757600724829,3.6740618,42.240173,0.2984208444240453
3000.0,-740.2681318308347,3.6738613,42.252678,0.2980978409431332
3000.0,-740.2752998284009,3.6735804,42.202736,0.2977748375834635
3000.0,-740.2684613580191,3.67342,42.190228,0.2974518339587678
3000.0,-740.274820931209,3.67346,42.277649,0.2971288308080548
3000.0,-740.2753054800771,3.673059,42.227707,0.2968058274459192
3000.0,-740.2682199654423,3.673099,42.215202,0.296482823926551
3000.0,-740.2742293023331,3.6728985,42.215202,0.2961598210339826
3000.0,-740.2680789745446,3.6729386,42.265144,0.2958368175761334
3000.0,-740.2744325263203,3.6726577,42.252678,0.2955138145948926
3000.0,-740.2675310768752,3.6724572,42.240173,0.2951908113761093
3000.0,-740.2747107621994,3.6722968,42.202736,0.2948678082734662
3000.0,-740.2751647812112,3.6724572,42.227707,0.2945448049727215
3000.0,-740.265905925468,3.6721766,42.227707,0.2942218024630455
3000.0,-740.2736635766662,3.6719759,42.240173,0.2938987998173195
3000.0,-740.2671339473766,3.6718557,42.202736,0.2935757967718169
3000.0,-740.2760794220657,3.6716149,42.215202,0.2932527930719882
3000.0,-740.2769754476681,3.6715748,42.190228,0.2929297889811978
3000.0,-740.2697238278349,3.6713743,42.202736,0.2926067848056448
3000.0,-740.2783398471879,3.671294,42.252678,0.2922837801195277
3000.0,-740.2700067245553,3.671334,42.31509,0.2919607758205373
3000.0,-740.2773046853308,3.670893,42.277649,0.2916377715860911
3000.0,-740.2688461461638,3.6709731,42.240173,0.2913147677934996
3000.0,-740.2768814529954,3.6706522,42.290115,0.2909917637437217
3000.0,-740.2777680542263,3.6704116,42.265144,0.2906687593070944
3000.0,-740.2698682124055,3.6704516,42.240173,0.2903457550685415
3000.0,-740.27662328468,3.6702511,42.252678,0.2900227511314099
3000.0,-740.2679946615023,3.6699703,42.190228,0.2896997477103493
3000.0,-740.2758087907176,3.6698899,42.265144,0.2893767441286048
3000.0,-740.2767143135426,3.6698098,42.215202,0.2890537401517548
3000.0,-740.2701391946414,3.6694086,42.202736,0.2887307357949634
3000.0,-740.2784066072805,3.6696093,42.290115,0.288407731079717
3000.0,-740.2696271001793,3.669569,42.290115,0.2880847269463693
3000.0,-740.2783985875402,3.6692884,42.302624,0.2877617222346222
3000.0,-740.2705886309843,3.6689274,42.252678,0.2874387176817268
3000.0,-740.2758053603806,3.6689675,42.215202,0.2871157141014791
3000.0,-740.2775547236063,3.6687267,42.252678,0.286792709757934
3000.0,-740.2703394010779,3.6688871,42.265144,0.2864697053137859
3000.0,-740.2772624365035,3.6684461,42.290115,0.286146701097774
3000.0,-740.2710782773568,3.6684461,42.277649,0.2858236963312298
3000.0,-740.2790331366588,3.6683257,42.265144,0.2855006913426106
3000.0,-740.28051799579,3.6681652,42.202736,0.2851776857061048
3000.0,-740.2733346148664,3.6678042,42.252678,0.2848546799550459
3000.0,-740.2791680743675,3.6675634,42.252678,0.2845316749075495
3000.0,-740.270256137201,3.6673629,42.277649,0.2842086704997322
3000.0,-740.2778905774013,3.6673629,42.265144,0.2838856660096445
3000.0,-740.2719718884581,3.6672025,42.215202,0.2835626608531881
3000.0,-740.2778023076651,3.6671624,42.31509,0.2832396564016149
3000.0,-740.2776423577387,3.6669617,42.290115,0.2829166520198326
3000.0,-740.2702791357599,3.6665606,42.290115,0.2825936476019802
3000.0,-740.2764776665352,3.6665206,42.240173,0.282270643728386
3000.0,-740.2703670741222,3.6666007,42.31509,0.2819476392721633
3000.0,-740.277028658308,3.6661193,42.252678,0.2816246351581556
3000.0,-740.278268618428,3.6659589,42.277649,0.2813016305031177
3000.0,-740.2699386223169,3.6660392,42.31509,0.2809786262338426
3000.0,-740.2779081551416,3.6657984,42.265144,0.2806556217360852
3000.0,-740.2695319343006,3.6654775,42.302624,0.2803326176442616
3000.0,-740.2776568597786,3.6657183,42.290115,0.2800096132561515
3000.0,-740.2700038439033,3.6654775,42.302624,0.2796866089584181
3000.0,-740.276679046944,3.6649961,42.327557,0.2793636049969559
3000.0,-740.27600980503,3.6650364,42.377499,0.2790406013275031
3000.0,-740.2689159094274,3.6647556,42.277649,0.2787175975044715
3000.0,-740.2760342070188,3.6644747,42.327557,0.2783945938243715
3000.0,-740.2684046202054,3.6643946,42.290115,0.2780715902244323
3000.0,-740.277159396243,3.6641538,42.327557,0.2777485860533798
3000.0,-740.2773702618007,3.6640334,42.327557,0.2774255817903207
3000.0,-740.268536394736,3.663873,42.265144,0.2771025781328839
3000.0,-740.2757147229894,3.663552,42.290115,0.2767795745921839
3000.0,-740.2677417931791,3.663512,42.265144,0.2764565712814581
3000.0,-740.2757948749639,3.663512,42.302624,0.2761335677057855
3000.0,-740.2690082061137,3.6631911,42.277649,0.2758105638424818
3000.0,-740.2767197577165,3.6629102,42.290115,0.2754875598632563
3000.0,-740.2759514311833,3.6628702,42.352524,0.2751645562192737
3000.0,-740.2682531802168,3.6628301,42.265144,0.2748415526854127
3000.0,-740.2770093343967,3.6625092,42.352524,0.2745185485798366
3000.0,-740.2675879857641,3.6624691,42.302624,0.2741955453362221
3000.0,-740.2761833048183,3.6620679,42.327557,0.2738725415910664
3000.0,-740.2682884341826,3.6619074,42.277649,0.2735495380418229
3000.0,-740.2755269657029,3.661747,42.290115,0.2732265345830468
3000.0,-740.276708685809,3.6615865,42.277649,0.2729035306086523
3000.0,-740.2700982524265,3.6615064,42.327557,0.2725805262697254
3000.0,-740.2773025120815,3.6612656,42.340057,0.2722575220362274
3000.0,-740.2717438870146,3.6611052,42.302624,0.2719345169792556
3000.0,-740.2783311801793,3.660985,42.302624,0.2716115122969202
3000.0,-740.2766065367445,3.6607041,42.40247,0.2712885083670963
3000.0,-740.270171201044,3.6605036,42.302624,0.2709655039963394
3000.0,-740.2788392150793,3.6603832,42.327557,0.2706424990923338
3000.0,-740.2707088333852,3.6601024,42.302624,0.2703194944869901
3000.0,-740.2772794531279,3.6600223,42.340057,0.2699964902635535
3000.0,-740.2702528294751,3.6599419,42.352524,0.2696734858571794
3000.0,-740.2778525885111,3.6595409,42.340057,0.2693504813836673
3000.0,-740.2773629619747,3.65926,42.290115,0.2690274771237934
3000.0,-740.2702539521047,3.6594205,42.327557,0.2687044727169295
3000.0,-740.2796258036602,3.6590996,42.340057,0.2683814674697127
3000.0,-740.2719814836055,3.6587386,42.31509,0.2680584623090696
3000.0,-740.2784152746984,3.658859,42.365032,0.2677354575900414
3000.0,-740.2786222464152,3.6586182,42.340057,0.2674124527807054
3000.0,-740.270249960692,3.6583374,42.290115,0.2670894483755832
3000.0,-740.2778245975911,3.6581368,42.352524,0.2667664439142843
3000.0,-740.2699194811346,3.657856,42.327557,0.2664434396533612
3000.0,-740.2764760554248,3.6577358,42.302624,0.2661204357804699
3000.0,-740.2696900267802,3.6574149,42.414974,0.2657974316196653
3000.0,-740.2770785364277,3.6570537,42.327557,0.2654744274838944
3000.0,-740.2769515460177,3.6572142,42.290115,0.265151423403533
3000.0,-740.2687630169371,3.6570137,42.352524,0.2648284196472134
3000.0,-740.2761515420216,3.6566927,42.377499,0.2645054159159167
3000.0,-740.268041047427,3.6562917,42.302624,0.2641824124746164
3000.0,-740.2756214848612,3.656091,42.365032,0.2638594089745988
3000.0,-740.2757414690999,3.6559708,42.327557,0.2635364054222287
3000.0,-740.2674113629389,3.6558905,42.352524,0.2632134022556806
3000.0,-740.2753980220288,3.65569,42.340057,0.2628903988531663
3000.0,-740.2678457606291,3.6554494,42.377499,0.262567395497076
3000.0,-740.2754278561179,3.6552486,42.414974,0.2622443920815442
3000.0,-740.2679201130453,3.6551285,42.340057,0.2619213886930115
3000.0,-740.2747743125542,3.6548076,42.40247,0.2615983855626396
3000.0,-740.2745999952393,3.6545267,42.340057,0.2612753825083273
3000.0,-740.2657082215173,3.6544867,42.390003,0.260952380084916
3000.0,-740.2741383592136,3.6543262,42.327557,0.2606293772320288
3000.0,-740.2666391624056,3.6540854,42.390003,0.2603063744024173
3000.0,-740.274820125756,3.6539249,42.352524,0.2599833712520557
3000.0,-740.2749457731306,3.653564,42.377499,0.2596603680468706
3000.0,-740.255480327491,3.6534436,42.31509,0.259337370086228
3000.0,-740.2611973342686,3.6531627,42.390003,0.2590143728798813
3000.0,-740.2531624913261,3.6530023,42.302624,0.2586913759305873
3000.0,-740.2596955442559,3.6529622,42.277649,0.2583683793795147
3000.0,-740.2541644394563,3.6525209,42.365032,0.2580453819930376
3000.0,-740.2612286947482,3.6524408,42.377499,0.2577223847730074
3000.0,-740.2613245325902,3.6519194,42.40247,0.2573993875111605
3000.0,-740.2537716555943,3.6517589,42.390003,0.257076390296068
3000.0,-740.2607037651877,3.651799,42.352524,0.2567533933050797
3000.0,-740.2527911305351,3.6514781,42.390003,0.2564303965178227
3000.0,-740.2610822337019,3.6511972,42.352524,0.2561073993616977
3000.0,-740.2602589020632,3.6511972,42.31509,0.2557844025648159
3000.0,-740.2526171446411,3.6507561,42.327557,0.2554614058534747
3000.0,-740.2594427840983,3.6507158,42.414974,0.2551384094126886
3000.0,-740.2519683803614,3.6506357,42.365032,0.2548154129844248
3000.0,-740.2610867383854,3.650034,42.327557,0.2544924158263343
3000.0,-740.2526494195255,3.6499538,42.377499,0.2541694191009105
3000.0,-740.2614414644571,3.6499135,42.390003,0.2538464217880428
3000.0,-740.2609272892067,3.6496329,42.365032,0.2535234246995246
3000.0,-740.2504471110713,3.6491516,42.427441,0.2532004289350408
3000.0,-740.247906100009,3.6490712,42.365032,0.2528774375280411
3000.0,-740.2400709016338,3.6488707,42.365032,0.2525544462910409
3000.0,-740.2475418284203,3.6486702,42.477386,0.2522314550429834
3000.0,-740.2476477495663,3.6482289,42.390003,0.2519084637487094
3000.0,-740.2405996703989,3.6481085,42.439945,0.2515854722809899
3000.0,-740.2475750566256,3.6478679,42.414974,0.2512624810184339
3000.0,-740.2408203606302,3.6477075,42.31509,0.2509394894544199
3000.0,-740.2470919113655,3.6474266,42.377499,0.2506164984026741
3000.0,-740.2398047406069,3.6472261,42.40247,0.2502935072818087
3000.0,-740.2467111597117,3.6468248,42.365032,0.2499705163961958
3000.0,-740.2473157652602,3.6467047,42.277649,0.2496475252467761
3000.0,-740.2393668276904,3.6467047,42.427441,0.2493245343169866
3000.0,-740.2491238434629,3.6461029,42.439945,0.2490015423786505
3000.0,-740.2409567128537,3.6460629,42.352524,0.2486785507551415
3000.0,-740.2484652345092,3.6458621,42.340057,0.2483555591041754
3000.0,-740.2407213864876,3.6456215,42.352524,0.2480325675833471
3000.0,-740.2482572866719,3.6453006,42.377499,0.2477095760231146
3000.0,-740.2475236641892,3.6450198,42.365032,0.2473865847829826
3000.0,-740.2411079203765,3.6448593,42.40247,0.2470635930934968
3000.0,-740.2475654493081,3.6446989,42.439945,0.2467406018351328
3000.0,-740.2407782953765,3.6442175,42.40247,0.2464176102894733
3000.0,-740.2487152846536,3.644057,42.365032,0.2460946185294031
3000.0,-740.248010715159,3.6441774,42.352524,0.2457716270767568
3000.0,-740.2403390277739,3.6436961,42.365032,0.2454486357227643
3000.0,-740.2471010545654,3.6433351,42.365032,0.245125644667029
3000.0,-740.2384357771176,3.6430142,42.439945,0.2448026541434877
3000.0,-740.2462728883678,3.6428137,42.365032,0.2444796634491052
3000.0,-740.2383525375924,3.6427734,42.390003,0.244156672961884
3000.0,-740.2469787028764,3.642252,42.352524,0.2438336819595343
3000.0,-740.2474581611841,3.6421318,42.377499,0.2435106907479832
3000.0,-740.2388458338412,3.641891,42.40247,0.2431877000455206
3000.0,-740.247452155076,3.64149,42.414974,0.2428647088365901
3000.0,-740.2396304981003,3.64149,42.427441,0.2425417177917525
3000.0,-740.2467069118482,3.6409683,42.302624,0.242218726907993
3000.0,-740.2472920831857,3.6407678,42.365032,0.2418957357689065
3000.0,-740.2388927452695,3.6407278,42.414974,0.2415727450459749
3000.0,-740.2463383551519,3.6402063,42.477386,0.2412497543230273
3000.0,-740.2392257031657,3.640166,42.439945,0.2409267634548151
3000.0,-740.2465016981713,3.6398051,42.427441,0.2406037726605962
3000.0,-740.2392250307339,3.6394842,42.439945,0.2402807817926775
3000.0,-740.2461197628946,3.6392837,42.327557,0.239957791165108
3000.0,-740.2471030690161,3.6390028,42.327557,0.2396348001084937
3000.0,-740.2387636809297,3.6387622,42.390003,0.2393118094418772
3000.0,-740.2451366026796,3.6384814,42.40247,0.2389888192432886
3000.0,-740.2397622241322,3.6382408,42.427441,0.2386658281409746
3000.0,-740.2464815319723,3.638,42.414974,0.2383428373555548
3000.0,-740.2464740125704,3.6377594,42.427441,0.238019846573416
3000.0,-740.2389818439143,3.6375186,42.427441,0.2376968558116077
3000.0,-740.2470107949348,3.6372781,42.365032,0.2373738647952553
3000.0,-740.2404612558603,3.6370773,42.40247,0.2370508733879306
3000.0,-740.2500914641264,3.6364758,42.439945,0.2367278810273938
3000.0,-740.2408935539918,3.6365159,42.340057,0.2364048894314432
3000.0,-740.246535926849,3.6361549,42.352524,0.2360818986222893
3000.0,-740.2459922960888,3.635874,42.340057,0.2357589080503372
3000.0,-740.2400847685442,3.6355131,42.365032,0.2354359168072864
3000.0,-740.2464046521501,3.6353927,42.277649,0.2351129260554115
3000.0,-740.2396649458028,3.6350718,42.377499,0.2347899349955433
3000.0,-740.2467673128331,3.6349514,42.40247,0.2344669440854291
3000.0,-740.2485676516487,3.6347108,42.377499,0.2341439523897754
3000.0,-740.241679829345,3.6342695,42.40247,0.2338209604507468
3000.0,-740.2499090777535,3.6337481,42.377499,0.2334979681697905
3000.0,-740.2412766577828,3.6338685,42.439945,0.2331749764066789
3000.0,-740.2482777209459,3.6332266,42.414974,0.2328519848375304
3000.0,-740.2393514591657,3.6331463,42.365032,0.2325289939144467
3000.0,-740.2479747407194,3.6331463,42.414974,0.2322060024774971
3000.0,-740.2484979372057,3.6324644,42.377499,0.2318830108122618
3000.0,-740.2429207662005,3.6322639,42.40247,0.2315600183317714
3000.0,-740.2503266698724,3.6322238,42.427441,0.2312370258686076
3000.0,-740.2418411200706,3.6319029,42.40247,0.2309140338592025
3000.0,-740.2486267832678,3.6312611,42.40247,0.230591042137748
3000.0,-740.2482270742081,3.6311407,42.340057,0.2302680505906981
3000.0,-740.2410342268862,3.6310203,42.427441,0.2299450589333672
3000.0,-740.2486764416068,3.630579,42.390003,0.2296220671902453
3000.0,-740.2414020231339,3.6303384,42.377499,0.2292990753724327
3000.0,-740.2497224431079,3.630218,42.452412,0.2289760831729104
3000.0,-740.2405302742511,3.6296966,42.390003,0.2286530917354707
3000.0,-740.2486451058883,3.6294158,42.390003,0.2283301000060216
3000.0,-740.249997322524,3.6290548,42.390003,0.2280071076865615
3000.0,-740.2425907630343,3.6289344,42.439945,0.2276841153500623
3000.0,-740.2498983723516,3.6286135,42.302624,0.227361123073777
3000.0,-740.2403865367374,3.6282125,42.390003,0.2270381316990548
3000.0,-740.2486956192024,3.6279316,42.365032,0.2267151399475652
3000.0,-740.2482263170497,3.6277711,42.427441,0.2263921484008456
3000.0,-740.2409527816038,3.6272097,42.31509,0.226069156779052
3000.0,-740.246715933084,3.6272898,42.340057,0.2257461658913563
3000.0,-740.2413985928314,3.626688,42.427441,0.2254231740750405
3000.0,-740.2484016352462,3.6264875,42.365032,0.2251001824518245
3000.0,-740.240324476972,3.626287,42.452412,0.224777191104181
3000.0,-740.247694734522,3.625926,42.452412,0.2244541997894061
3000.0,-740.2478211877587,3.6255248,42.414974,0.2241312084194561
3000.0,-740.2396187553048,3.6253242,42.377499,0.2238082173797423
3000.0,-740.2471273850573,3.6252038,42.377499,0.2234852263125183
3000.0,-740.2407452881022,3.6244819,42.377499,0.2231622347812609
3000.0,-740.2472442195168,3.6246023,42.452412,0.2228392436630587
3000.0,-740.2397106369905,3.6240406,42.439945,0.2225162525832538
3000.0,-740.2482586411669,3.6240406,42.414974,0.2221932610224303
3000.0,-740.2474436345877,3.6236396,42.390003,0.2218702698172176
3000.0,-740.2398522866096,3.6234388,42.365032,0.2215472786756063
3000.0,-740.2470595508229,3.6230378,42.365032,0.2212242876379803
3000.0,-740.2400416406191,3.6227169,42.414974,0.2209012964137476
3000.0,-740.2481613755698,3.6225164,42.414974,0.2205783048953639
3000.0,-740.2462680544227,3.6223559,42.427441,0.2202553142030905
3000.0,-740.2247566414504,3.6215937,42.427441,0.2199323296482087
3000.0,-740.229731941722,3.6215136,42.390003,0.2196093461711159
3000.0,-740.2222703126231,3.6212728,42.352524,0.2192863627011017
3000.0,-740.2295390570403,3.6208315,42.365032,0.21896337930817
3000.0,-740.2225474719819,3.6207914,42.390003,0.218640395717222
3000.0,-740.2303424191365,3.6201496,42.452412,0.2183174119737603
3000.0,-740.2293428404522,3.6199892,42.427441,0.2179944286664435
3000.0,-740.220329903869,3.6196682,42.439945,0.2176714460430939
3000.0,-740.228926846756,3.6193073,42.365032,0.2173484629172871
3000.0,-740.2213699874355,3.618866,42.352524,0.2170254798401145
3000.0,-740.2296786089134,3.6186254,42.390003,0.2167024963862923
3000.0,-740.228252246616,3.6183045,42.40247,0.216379513554833
3000.0,-740.2207736028503,3.6182241,42.340057,0.2160565307378827
3000.0,-740.2265298249296,3.6176627,42.390003,0.2157335486579654
3000.0,-740.2183641538904,3.6173017,42.40247,0.2154105668923374
3000.0,-740.2271377505155,3.6170208,42.377499,0.2150875845471647
3000.0,-740.221520669864,3.6168203,42.439945,0.2147646014042444
3000.0,-740.2275458580993,3.6162987,42.46492,0.2144416188810026
3000.0,-740.2278143290902,3.6158977,42.414974,0.2141186362406192
3000.0,-740.2200406716379,3.6158977,42.390003,0.2137956537434711
3000.0,-740.2278979351397,3.6154163,42.390003,0.213472671066608
3000.0,-740.2191113797013,3.6152158,42.452412,0.2131496889749408
3000.0,-740.2276559661269,3.6148548,42.40247,0.2128267064036557
3000.0,-740.2263079365774,3.6145339,42.31509,0.2125037244205546
3000.0,-740.2174908544856,3.6141727,42.427441,0.2121807430359761
3000.0,-740.2256344830207,3.6138921,42.427441,0.2118577613467221
3000.0,-740.2195546393305,3.6137316,42.390003,0.211534779061646
3000.0,-740.2260926154493,3.6132903,42.414974,0.2112117971724957
3000.0,-740.2179178054952,3.6128891,42.390003,0.2108888156016243
3000.0,-740.2249975899852,3.6126485,42.377499,0.210565834190265
3000.0,-740.2261423838831,3.612488,42.377499,0.2102428522793993
3000.0,-740.2197864005394,3.6118462,42.414974,0.2099198698931981
3000.0,-740.2254488619442,3.6116056,42.31509,0.2095968882849359
3000.0,-740.2183331113204,3.611084,42.290115,0.2092739065328529
3000.0,-740.2255551493912,3.6108835,42.365032,0.2089509248782145
3000.0,-740.2261599131243,3.610683,42.302624,0.2086279429597003
3000.0,-740.2188794711549,3.6101615,42.390003,0.2083049609692223
3000.0,-740.2252113364284,3.6100411,42.40247,0.2079819794645994
3000.0,-740.2170236690948,3.6096802,42.40247,0.2076589982838693
3000.0,-740.2237670659011,3.6094394,42.377499,0.207336017409423
3000.0,-740.2167029801116,3.6091988,42.352524,0.2070130363686202
3000.0,-740.222957222324,3.6087575,42.377499,0.2066900558475319
3000.0,-740.2230898034283,3.6083162,42.414974,0.2063670752685946
3000.0,-740.2169067263305,3.608196,42.352524,0.2060440941388906
3000.0,-740.2244251137391,3.6076343,42.31509,0.2057211129773191
3000.0,-740.2182082587855,3.6072733,42.377499,0.2053981312797134
3000.0,-740.2252152914557,3.6071129,42.40247,0.2050751497733647
3000.0,-740.2244519327005,3.6068721,42.327557,0.2047521686000913
3000.0,-740.2172612656857,3.6063106,42.31509,0.20442918731569
3000.0,-740.22574307755,3.6059496,42.439945,0.2041062055790531
3000.0,-740.2188622105716,3.6057088,42.340057,0.2037832235961066
3000.0,-740.227109637427,3.6054282,42.365032,0.2034602412632004
3000.0,-740.2200390605437,3.6048665,42.377499,0.2031372587667553
3000.0,-740.2282880133486,3.6045055,42.290115,0.2028142759196899
3000.0,-740.2271227231713,3.6041446,42.40247,0.202491293581074
3000.0,-740.2198947011432,3.6039841,42.340057,0.2021683111476176
3000.0,-740.2277463718686,3.6033423,42.365032,0.201845328536886
3000.0,-740.2212247118825,3.6031818,42.340057,0.2015223455231019
3000.0,-740.2271877021,3.6030214,42.352524,0.2011993631561339
3000.0,-740.2207192453551,3.6024597,42.327557,0.2008763803629016
3000.0,-740.2276124724901,3.6023393,42.427441,0.2005533978105941
3000.0,-740.228443006138,3.6018178,42.439945,0.2002304148959008
3000.0,-740.2196274661901,3.6014569,42.327557,0.1999074325790479
3000.0,-740.2274051226034,3.601136,42.31509,0.1995844501172131
3000.0,-740.2208742619605,3.6006947,42.327557,0.1992614672563419
3000.0,-740.2282931763506,3.6006947,42.452412,0.1989384844070238
3000.0,-740.2286818265995,3.6000931,42.340057,0.1986155013881263
3000.0,-740.2217930440296,3.5997722,42.365032,0.1982925181263601
3000.0,-740.2300588356724,3.5994513,42.390003,0.1979695345066341
3000.0,-740.2215281159309,3.59905,42.427441,0.1976465513604648
3000.0,-740.2286139428428,3.5989699,42.31509,0.197323568371187
3000.0,-740.2199483139703,3.5984082,42.265144,0.1970005859143377
3000.0,-740.2286293111129,3.5981276,42.327557,0.1966776029183542
3000.0,-740.2291443167818,3.5976863,42.414974,0.196354619697659
3000.0,-740.2212411792992,3.5973253,42.365032,0.1960316366766897
3000.0,-740.2290369670619,3.5970445,42.377499,0.1957086535028343
3000.0,-740.2234689883887,3.5966432,42.377499,0.1953856695097982
3000.0,-740.2296723347303,3.5963223,42.277649,0.1950626860587136
3000.0,-740.228910489678,3.5958009,42.377499,0.1947397029400439
3000.0,-740.2204856770113,3.5956004,42.340057,0.1944167202487252
3000.0,-740.2282939949002,3.5953195,42.340057,0.1940937373990499
3000.0,-740.2226557232685,3.5948784,42.302624,0.1937707537608682
3000.0,-740.2289400061699,3.5944772,42.40247,0.1934477706293196
3000.0,-740.221485476675,3.5942366,42.252678,0.1931247875017553
3000.0,-740.2295900226031,3.5938354,42.290115,0.1928018040865858
3000.0,-740.2281397944668,3.5932336,42.31509,0.1924788213041925
3000.0,-740.2208639471105,3.5931935,42.327557,0.1921558384478221
3000.0,-740.229591828733,3.5928326,42.290115,0.1918328550318646
3000.0,-740.2220621591724,3.5925918,42.290115,0.1915098716526746
3000.0,-740.2287772858622,3.5919502,42.352524,0.1911868885921256
3000.0,-740.2301714097855,3.5916293,42.327557,0.1908639049232802
3000.0,-740.2240074253561,3.591188,42.40247,0.1905409206953062
3000.0,-740.2308252095553,3.5910275,42.365032,0.1902179367411893
3000.0,-740.2217077908924,3.5907066,42.340057,0.1898949535166219
3000.0,-740.2287877714834,3.5899844,42.352524,0.1895719704514976
3000.0,-740.2208305367046,3.5897439,42.302624,0.1892489876097053
3000.0,-740.228975272564,3.589463,42.365032,0.1889260044627689
3000.0,-740.2280170156995,3.589102,42.327557,0.1886030217339475
3000.0,-740.2206003980494,3.5887811,42.340057,0.1882800389925723
3000.0,-740.2287491609047,3.5885003,42.390003,0.187957055944295
3000.0,-740.2219802014831,3.5879788,42.227707,0.1876340726008658
3000.0,-740.2290568402201,3.587698,42.252678,0.1873110894183391
3000.0,-740.228887711487,3.5870965,42.327557,0.1869881063096082
3000.0,-740.2211910935672,3.5869761,42.327557,0.186665123310493
3000.0,-740.2292197074576,3.5864143,42.302624,0.1863421400569027
3000.0,-740.2215015540565,3.5861738,42.340057,0.1860191569223232
3000.0,-740.2283022462902,3.5857325,42.31509,0.1856961740690476
3000.0,-740.2211396294114,3.585211,42.340057,0.1853731910923878
3000.0,-740.2278948467518,3.5849705,42.277649,0.1850502084168723
3000.0,-740.2279548448056,3.5845292,42.265144,0.1847272257151778
3000.0,-740.2207561226933,3.5844088,42.352524,0.1844042429058548
3000.0,-740.2293998481393,3.5838473,42.302624,0.1840812595736639
3000.0,-740.2211582078463,3.5834861,42.290115,0.1837582765888978
3000.0,-740.2294381415301,3.583045,42.31509,0.1834352932399985
3000.0,-740.2285514913909,3.5826437,42.327557,0.18311231027797
3000.0,-740.2217782611713,3.5824833,42.302624,0.1827893270226541
3000.0,-740.2291612355896,3.5819619,42.277649,0.1824663437945767
3000.0,-740.2224170893811,3.5818415,42.302624,0.1821433602605189
3000.0,-740.2304008905951,3.5812399,42.277649,0.1818203764915445
3000.0,-740.2222848752938,3.5805981,42.340057,0.1814973930151761
3000.0,-740.2287744172548,3.5803573,42.265144,0.1811744099558787
3000.0,-740.2295693677299,3.5802369,42.31509,0.1808514265497216
3000.0,-740.2213414105169,3.5797555,42.252678,0.1805284434850181
3000.0,-740.2299454925318,3.5793946,42.302624,0.1802054599147469
3000.0,-740.2238711107855,3.5790336,42.31509,0.1798824757462515
3000.0,-740.231627557673,3.5784721,42.227707,0.179559491442047
3000.0,-740.2299836766462,3.5782313,42.340057,0.179236507855115
3000.0,-740.2223305662769,3.5779908,42.327557,0.1789135243588101
3000.0,-740.2304618770477,3.5774291,42.277649,0.1785905405632256
3000.0,-740.2235514347473,3.5772285,42.302624,0.1782675565342154
3000.0,-740.2289321816536,3.5767071,42.265144,0.1779445734060808
3000.0,-740.2232104447086,3.5763862,42.302624,0.1776215895258558
3000.0,-740.2299938450794,3.5760653,42.302624,0.1772986059344871
3000.0,-740.229914193648,3.5755436,42.252678,0.1769756223778725
3000.0,-740.2232955640142,3.5755036,42.252678,0.1766526384605072
3000.0,-740.2287539948499,3.5747817,42.265144,0.1763296554101207
3000.0,-740.220815045808,3.5744207,42.265144,0.1760066725750875
3000.0,-740.2296812700184,3.5739393,42.265144,0.1756836891201042
3000.0,-740.2218801896346,3.5737789,42.265144,0.1753607058203135
3000.0,-740.2304039793923,3.5734177,42.265144,0.1750377220499914
3000.0,-740.231436247881,3.5728962,42.227707,0.1747147378292609
3000.0,-740.2230276570385,3.5726957,42.252678,0.1743917540287922
3000.0,-740.2302320061991,3.572134,42.227707,0.1740687703335069
3000.0,-740.222038001559,3.5717731,42.252678,0.1737457869648577
3000.0,-740.228598659088,3.5712917,42.277649,0.1734228039822486
3000.0,-740.2306413096841,3.5710111,42.290115,0.1730998201083724
3000.0,-740.2215390534863,3.5707703,42.265144,0.1727768369574308
3000.0,-740.2300446389515,3.5701284,42.240173,0.1724538533438992
3000.0,-740.2230532188598,3.570008,42.227707,0.172130869532277
3000.0,-740.2278026833793,3.5692461,42.31509,0.171807886896975
3000.0,-740.2213367231393,3.5690856,42.277649,0.1714849038343168
3000.0,-740.2275201744663,3.5686843,42.265144,0.1711619213222815
3000.0,-740.2277240940161,3.5683234,42.227707,0.1708389387212702
3000.0,-740.2207248482712,3.5676415,42.240173,0.1705159559255932
3000.0,-740.2269464775582,3.5675211,42.265144,0.1701929736638784
3000.0,-740.2206292557279,3.5669193,42.215202,0.1698699909099116
3000.0,-740.2277354587598,3.5667992,42.265144,0.1695470083039416
3000.0,-740.2279985827795,3.5663178,42.227707,0.169224025583163
3000.0,-740.2211509572063,3.5657561,42.265144,0.1689010426015606
3000.0,-740.2285364886033,3.5655155,42.265144,0.1685780596460783
3000.0,-740.2205877519935,3.5650742,42.277649,0.1682550769102209
3000.0,-740.2290467450471,3.5648737,42.202736,0.1679320937320991
3000.0,-740.2197064939103,3.5645528,42.240173,0.1676091113807638
3000.0,-740.2257300403047,3.5641918,42.31509,0.1672861296498154
3000.0,-740.2275277550549,3.5634696,42.202736,0.1669631471344725
3000.0,-740.2218764542207,3.5632291,42.240173,0.1666401638363117
3000.0,-740.227515999863,3.5626674,42.240173,0.1663171813260979
3000.0,-740.220163718061,3.5623465,42.190228,0.1659941987752606
3000.0,-740.2265026153153,3.5618651,42.265144,0.1656712167072156
3000.0,-740.227486360998,3.5613837,42.215202,0.1653482342099341
3000.0,-740.2197681386752,3.5611031,42.31509,0.1650252518317011
3000.0,-740.2289350261137,3.5606217,42.240173,0.1647022687023255
3000.0,-740.2198044790503,3.5601804,42.152794,0.164379286308236
3000.0,-740.2296645585084,3.5597391,42.202736,0.1640563028605444
3000.0,-740.2224490350071,3.5594985,42.215202,0.1637333193125477
3000.0,-740.2306180550971,3.5592978,42.177765,0.1634103354488182
3000.0,-740.22943140282,3.5587764,42.227707,0.1630873521028591
3000.0,-740.2221869147102,3.558295,42.240173,0.1627643686692342
3000.0,-740.2303167592413,3.5576935,42.202736,0.1624413849369687
3000.0,-740.221804055049,3.5574927,42.190228,0.1621184016703981
3000.0,-740.2283529059201,3.5571318,42.277649,0.1617954187950181
3000.0,-740.2282510378227,3.5566905,42.215202,0.1614724359640862
3000.0,-740.2206505689098,3.5563295,42.240173,0.1611494532008197
3000.0,-740.228816324133,3.5559285,42.227707,0.1608264701232372
3000.0,-740.2198167350712,3.5556076,42.252678,0.1605034877238
3000.0,-740.2274469441478,3.5552063,42.265144,0.1601805052437172
3000.0,-740.2201404272829,3.5548053,42.240173,0.1598575227030424
3000.0,-740.229190715656,3.5544844,42.190228,0.159534539462102
3000.0,-740.2300842997295,3.5538425,42.140285,0.1592115558312653
3000.0,-740.2204386681765,3.5533211,42.177765,0.1588885731604582
3000.0,-740.2274290727528,3.5530803,42.215202,0.1585655906881732
3000.0,-740.2201551487507,3.5524786,42.215202,0.1582426081410749
3000.0,-740.2284748796437,3.552238,42.177765,0.1579196252124744
3000.0,-740.2284402599039,3.5520375,42.190228,0.1575966422989794
3000.0,-740.220339438035,3.5512352,42.240173,0.1572736596714697
3000.0,-740.2275333453398,3.5509543,42.215202,0.1569506771536875
3000.0,-740.220863067997,3.5505934,42.16526,0.1566276942977007
3000.0,-740.227507039609,3.550112,42.16526,0.1563047117913965
3000.0,-740.2219446550934,3.5497108,42.240173,0.1559817284634775
3000.0,-740.2281038810092,3.5493097,42.190228,0.1556587456967542
3000.0,-740.226666812696,3.5489888,42.152794,0.1553357635570652
3000.0,-740.2197823481454,3.5483069,42.190228,0.1550127811726322
3000.0,-740.2280086169707,3.5480661,42.177765,0.1546897984474754
3000.0,-740.219861266181,3.5476651,42.177765,0.1543668160286079
3000.0,-740.2270908017805,3.5473843,42.16526,0.1540438337039202
3000.0,-740.2266369912943,3.546582,42.16526,0.1537208515772431
3000.0,-740.2174100198351,3.5464215,42.190228,0.1533978702279354
3000.0,-740.2256804672995,3.5460205,42.215202,0.1530748885186172
3000.0,-740.2177201750086,3.5456996,42.202736,0.1527519070339786
3000.0,-740.2253858610409,3.5453384,42.202736,0.1524289254532055
3000.0,-740.2191964132647,3.5448573,42.152794,0.1521059433244352
3000.0,-740.2261529427647,3.5441351,42.16526,0.1517829614089624
3000.0,-740.2273957107146,3.5437741,42.177765,0.1514599789512342
3000.0,-740.2199231307244,3.5433328,42.202736,0.1511369965053731
3000.0,-740.2289878831402,3.5430923,42.16526,0.1508140133529344
3000.0,-740.2202817840688,3.5427713,42.190228,0.150491030750581
3000.0,-740.2269979180844,3.5421696,42.190228,0.1501680484664211
3000.0,-740.2196547485854,3.5418887,42.140285,0.149845066137664
3000.0,-740.2281892205423,3.5413673,42.202736,0.1495220833337047
3000.0,-740.2275119959273,3.5408459,42.202736,0.149199100825238
3000.0,-740.2200523174362,3.540565,42.127819,0.1488761183230084
3000.0,-740.2273613361305,3.5401237,42.152794,0.1485531358802789
3000.0,-740.2181088811019,3.5398028,42.152794,0.1482301542260349
3000.0,-740.2254879980318,3.5393617,42.152794,0.1479071726006965
3000.0,-740.2262753920656,3.5389605,42.215202,0.1475841906317956
3000.0,-740.2188116496762,3.5382786,42.152794,0.1472612086709104
3000.0,-740.2253449548397,3.5381181,42.177765,0.1469382271079859
3000.0,-740.2190873438459,3.5376768,42.127819,0.1466152450268062
3000.0,-740.2263636738755,3.5372758,42.152794,0.1462922630193854
3000.0,-740.220083384358,3.536634,42.177765,0.1459692805036003
3000.0,-740.2288634308482,3.5361125,42.202736,0.1456462974054637
3000.0,-740.2281161739882,3.5359921,42.127819,0.1453233146333767
3000.0,-740.2206744093386,3.5354707,42.190228,0.1450003318597079
3000.0,-740.2269678523456,3.5349493,42.115353,0.1446773495886666
3000.0,-740.2179928053777,3.5346284,42.177765,0.1443543679850703
3000.0,-740.2273626048824,3.534147,42.190228,0.1440313855417871
3000.0,-740.2256764514948,3.5336657,42.077877,0.1437084038342211
3000.0,-740.2192244036985,3.5333447,42.090382,0.1433854216932377
3000.0,-740.2266892127169,3.533144,42.127819,0.1430624395437749
3000.0,-740.2186601732626,3.5325022,42.102848,0.1427394576489839
3000.0,-740.2271618838155,3.5321012,42.152794,0.1424164752932812
3000.0,-740.2203061369045,3.5318203,42.102848,0.1420934926803018
3000.0,-740.2264275780484,3.531018,42.152794,0.1417705106449977
3000.0,-740.2269984186275,3.531018,42.177765,0.1414475283606194
3000.0,-740.2199342395595,3.530256,42.152794,0.1411245459099112
3000.0,-740.2276081509572,3.5300553,42.127819,0.1408015633594892
3000.0,-740.2211850392255,3.5293334,42.052906,0.1404785803630157
3000.0,-740.2295512278507,3.5290124,42.077877,0.1401555969647735
3000.0,-740.2285792500475,3.5285711,42.102848,0.1398326139906332
3000.0,-740.2214658971637,3.5281701,42.152794,0.139509630871612
3000.0,-740.229472284874,3.5276487,42.177765,0.1391866475078149
3000.0,-740.2227465920092,3.5275283,42.190228,0.1388636638299842
3000.0,-740.2315968444616,3.5268464,42.077877,0.1385406795391808
3000.0,-740.2222423704833,3.5263247,42.16526,0.1382176960813587
3000.0,-740.2295869587717,3.5261242,42.102848,0.1378947126675261
3000.0,-740.2294733702709,3.5256429,42.065411,0.1375717293032554
3000.0,-740.2200742293812,3.525001,42.190228,0.1372487467914649
3000.0,-740.2284607310127,3.5246401,42.127819,0.1369257638690379
3000.0,-740.2211285087074,3.5243192,42.152794,0.1366027808972305
3000.0,-740.2293727357279,3.5238378,42.127819,0.1362797975768695
3000.0,-740.2298831632486,3.5233965,42.04044,0.1359568140337944
3000.0,-740.2217723779047,3.5229151,42.090382,0.1356338307810456
3000.0,-740.2309924220637,3.5223536,42.152794,0.135310846753969
3000.0,-740.2220394180449,3.5219524,42.090382,0.1349878633847017
3000.0,-740.2295941480935,3.5217118,42.102848,0.1346648799677322
3000.0,-740.22208189789,3.5211504,42.052906,0.1343418965799296
3000.0,-740.2312146157348,3.5205486,42.090382,0.1340189124559035
3000.0,-740.2311855506731,3.5201473,42.04044,0.1336959283445594
3000.0,-740.2230146205384,3.5198264,42.052906,0.133372944549779
3000.0,-740.2312309732222,3.5194254,42.065411,0.1330499604186157
3000.0,-740.2227690159519,3.5190644,42.152794,0.1327269767310007
3000.0,-740.2309402251974,3.5183823,42.065411,0.1324039927266991
3000.0,-740.2293654727366,3.5181417,42.140285,0.1320810094095073
3000.0,-740.2226823954413,3.5173795,42.002964,0.1317580257596876
3000.0,-740.2298051112632,3.5172594,42.077877,0.1314350422506689
3000.0,-740.2196131466261,3.5166576,42.065411,0.1311120599400641
3000.0,-740.2270228695247,3.5162563,42.077877,0.1307890776450172
3000.0,-740.2204570399298,3.5158153,42.152794,0.1304660949661938
3000.0,-740.2296354815777,3.5153339,42.115353,0.1301431115311894
3000.0,-740.229246416324,3.5148125,42.16526,0.1298201282659452
3000.0,-740.2214449502791,3.5144112,42.090382,0.1294971451560639
3000.0,-740.2289571817977,3.5138497,42.102848,0.1291741620170211
3000.0,-740.2216281521311,3.5136089,42.102848,0.1288511788272027
3000.0,-740.2301655747541,3.5128467,42.090382,0.1285281951609033
3000.0,-740.221440738474,3.5124857,42.077877,0.1282052120528597
3000.0,-740.2284194716073,3.5121248,42.052906,0.1278822291484353
3000.0,-740.2281163323776,3.5117638,42.027935,0.1275592463762792
3000.0,-740.2221751833742,3.5112021,42.077877,0.127236262947773
3000.0,-740.2300394751309,3.5105603,42.04044,0.1269132793364946
3000.0,-740.2236400696884,3.5102394,42.077877,0.12659029526881
3000.0,-740.2300611666972,3.5097983,42.04044,0.1262673116480669
3000.0,-740.2299474951136,3.5094774,42.090382,0.1259443280769219
3000.0,-740.2213163983462,3.5091565,42.04044,0.125621345023132
3000.0,-740.228197338918,3.5085547,42.052906,0.1252983622156305
3000.0,-740.2195738893787,3.5080333,42.077877,0.1249753799221549
3000.0,-740.2280601426261,3.5075519,42.115353,0.124652397174516
3000.0,-740.2213932786229,3.507231,42.077877,0.1243294140871808
3000.0,-740.2273946118116,3.5064688,42.077877,0.1240064316299321
3000.0,-740.2278808454597,3.5061479,42.065411,0.1236834489605257
3000.0,-740.2205192830486,3.505466,41.990498,0.1233604662545436
3000.0,-740.2264487572025,3.5050647,42.015469,0.1230374842099984
3000.0,-740.2182811222748,3.5045836,42.052906,0.1227145024805999
3000.0,-740.2281482541777,3.5042224,42.015469,0.1223915196945154
3000.0,-740.2278316751809,3.5038614,42.115353,0.1220685370465634
3000.0,-740.219883738827,3.502979,42.052906,0.1217455546178903
3000.0,-740.2282313476104,3.5027783,42.052906,0.1214225717955498
3000.0,-740.2191228656794,3.5024173,42.090382,0.1210995896988708
3000.0,-740.2265830484616,3.5018156,42.04044,0.1207766075957305
3000.0,-740.2199346541507,3.5011337,42.127819,0.1204536251448413
3000.0,-740.2281697386509,3.5007327,42.102848,0.1201306423493825
3000.0,-740.2260594365615,3.5002513,41.990498,0.1198076604747091
3000.0,-740.2195276127293,3.5002112,42.002964,0.1194846782014256
3000.0,-740.2273602249493,3.4993286,42.052906,0.1191616957591809
3000.0,-740.2192006369386,3.4989676,42.090382,0.1188387136285677
3000.0,-740.226520913584,3.4984863,42.002964,0.1185157315525387
3000.0,-740.2267739055958,3.4981253,42.065411,0.1181927493661219
3000.0,-740.2203423553167,3.4974835,42.015469,0.1178697667373392
3000.0,-740.2294989937405,3.4970021,42.115353,0.1175467833618883
3000.0,-740.2195745605827,3.4965208,42.052906,0.1172238010681199
3000.0,-740.2279155134939,3.4962399,42.090382,0.1169008183835868
3000.0,-740.2216489287591,3.495558,42.04044,0.116577835184703
3000.0,-740.2293003354188,3.4949963,41.990498,0.1162548518959323
3000.0,-740.2286916774354,3.4947157,42.027935,0.1159318688727367
3000.0,-740.2207208566539,3.4940338,42.002964,0.1156088860788014
3000.0,-740.229623200877,3.4935122,41.965523,0.1152859026491553
3000.0,-740.2228229222262,3.4929507,42.002964,0.1149629189380192
3000.0,-740.2286722319695,3.4925897,42.077877,0.1146399359233082
3000.0,-740.2286111227345,3.4918675,42.002964,0.1143169529352609
3000.0,-740.2211403247622,3.4914665,42.04044,0.1139939699582977
3000.0,-740.2311440100958,3.4908247,41.977989,0.1136709858650789
3000.0,-740.2231325887304,3.4905038,42.077877,0.1133480020188251
3000.0,-740.2286959498555,3.4900224,42.065411,0.1130250189937653
3000.0,-740.220278048655,3.4895411,41.940556,0.1127020363930417
3000.0,-740.2295227611488,3.4890196,42.015469,0.1123790530072204
3000.0,-740.230290196486,3.4882574,42.015469,0.112056069286545
3000.0,-740.2226342999928,3.4878564,42.052906,0.111733085657711
3000.0,-740.2301056380916,3.4871743,42.002964,0.1114101020175638
3000.0,-740.2245647354334,3.4866529,42.027935,0.1110871175464169
3000.0,-740.232185409506,3.4864123,42.04044,0.1107641329988057
3000.0,-740.2301822375605,3.4858105,42.04044,0.1104411493252359
3000.0,-740.2214002231285,3.4852891,42.052906,0.1101181662348705
3000.0,-740.2295888995529,3.4846473,41.977989,0.1097951828201911
3000.0,-740.2207316965981,3.4839654,41.965523,0.1094722000215259
3000.0,-740.2291522266319,3.4836445,42.04044,0.1091492167973795
3000.0,-740.2212168747576,3.4831631,41.990498,0.108826233787015
3000.0,-740.228528090693,3.4825613,42.002964,0.108503250835197
3000.0,-740.227603194639,3.4819996,41.977989,0.1081802682869376
3000.0,-740.2211829273886,3.4815986,41.990498,0.1078572852913855
3000.0,-740.2302518539823,3.4809968,41.940556,0.1075343015874401
3000.0,-740.220466268166,3.4805155,42.027935,0.1072113189045901
3000.0,-740.2295531326158,3.4799941,41.990498,0.1068883355055168
3000.0,-740.2299910616013,3.4793522,42.002964,0.1065653519153626
3000.0,-740.2236118467889,3.4787104,41.990498,0.1062423678599926
3000.0,-740.2327266726113,3.4783094,42.027935,0.1059193830762127
3000.0,-740.2254572848865,3.4777477,41.990498,0.1055963982156171
3000.0,-740.2311037386797,3.4771059,42.002964,0.1052734141399699
3000.0,-740.2222548340045,3.4767849,41.953018,0.1049504306767095
3000.0,-740.2294512154054,3.476063,41.990498,0.1046274473221056
3000.0,-740.2293529968118,3.4755013,42.052906,0.1043044640103573
3000.0,-740.2226144515907,3.4748194,41.965523,0.1039814803901839
3000.0,-740.2304115227369,3.4743381,41.953018,0.1036584966165703
3000.0,-740.2223960569588,3.4735761,41.977989,0.1033355130916897
3000.0,-740.2304494138103,3.4731748,42.015469,0.1030125293015432
3000.0,-740.2241344638059,3.4726534,42.077877,0.1026895450181381
3000.0,-740.2324676867695,3.4720116,42.015469,0.1023665603473612
3000.0,-740.2316621770036,3.4711692,41.965523,0.1020435760280514
3000.0,-740.224017044855,3.4708483,42.04044,0.1017205917958801
3000.0,-740.2301842147673,3.4701262,41.940556,0.1013976081214475
3000.0,-740.2232318196905,3.4695246,41.965523,0.1010746242318959
3000.0,-740.2312547156647,3.4690433,41.990498,0.1007516400903732
3000.0,-740.232469322641,3.4684415,41.928047,0.1004286554188825
3000.0,-740.2239374310592,3.4677997,41.965523,0.1001056712214493
3000.0,-740.2303653684044,3.4671578,41.990498,0.0997826874679743
3000.0,-740.2240104167158,3.4663956,41.990498,0.099459703238695
3000.0,-740.2308691059185,3.4657941,42.04044,0.0991367192654248
3000.0,-740.2238122736177,3.4653127,42.027935,0.098813735122602
3000.0,-740.2319791096138,3.4645104,41.990498,0.0984907506650053
3000.0,-740.2312699992149,3.4642296,41.977989,0.0981677665168139
3000.0,-740.2230907313862,3.4634273,41.940556,0.0978447826888238
3000.0,-740.2312847818126,3.462585,41.928047,0.0975217985341823
3000.0,-740.2238720631584,3.4621437,41.953018,0.0971988143652713
3000.0,-740.2310427522273,3.4613414,41.977989,0.0968758303162342
3000.0,-740.2304625728149,3.46086,41.977989,0.0965528465203461
3000.0,-740.2239427413467,3.4606194,41.990498,0.0962298623205959
3000.0,-740.2317058048825,3.4596167,41.915581,0.0959068779822499
3000.0,-740.224890808373,3.4590549,41.953018,0.0955838933688267
3000.0,-740.2328423226295,3.4581726,41.953018,0.0952609085345854
3000.0,-740.2242223420054,3.4575307,41.953018,0.0949379242128361
3000.0,-740.2308647115345,3.456969,41.990498,0.0946149402414833
3000.0,-740.2314634454216,3.4563675,41.903114,0.0942919560088858
3000.0,-740.2219484756355,3.4556854,41.953018,0.0939689726792997
3000.0,-740.2303212391637,3.454803,41.953018,0.0936459889450795
3000.0,-740.2246470225856,3.4544821,41.940556,0.093323004438028
3000.0,-740.2298889250196,3.4536798,41.965523,0.0930000208924389
3000.0,-740.2306857065904,3.453078,41.965523,0.0926770369991911
3000.0,-740.2235492742071,3.4523962,41.903114,0.0923540529711236
3000.0,-740.2316152041215,3.4514334,41.990498,0.0920310686723093
3000.0,-740.2225632186728,3.4507916,41.928047,0.0917080850744905
3000.0,-740.2297310750824,3.4501901,41.990498,0.0913851015977758
3000.0,-740.2219885632932,3.4493074,41.990498,0.0910621182506981
3000.0,-740.2304147330887,3.4486256,42.04044,0.0907391344756839
3000.0,-740.228895732046,3.4479034,41.977989,0.0904161513634533
3000.0,-740.2224945909309,3.4473419,41.990498,0.090093167795579
3000.0,-740.2288826082391,3.4467804,41.953018,0.0897701846890748
3000.0,-740.22191854444,3.4459782,41.965523,0.0894472013725487
3000.0,-740.2301787947406,3.445256,41.915581,0.089124217700481
3000.0,-740.2290677416647,3.4443736,41.965523,0.0888012345131978
3000.0,-740.2213956094197,3.4435313,41.977989,0.0884782514248455
3000.0,-740.2303092887478,3.442729,41.977989,0.0881552676958396
3000.0,-740.2222097659314,3.4422073,42.027935,0.0878322842522439
3000.0,-740.2297608604679,3.4414051,41.940556,0.087509300762533
3000.0,-740.2227207498375,3.4405227,42.002964,0.0871863170959781
3000.0,-740.2287435820795,3.4400413,41.915581,0.086863334050135
3000.0,-740.2302075061889,3.438838,41.940556,0.0865403503655397
3000.0,-740.2220958617976,3.4383967,41.840668,0.0862173669716441
3000.0,-740.2297920987791,3.4373538,41.903114,0.0858943834683031
3000.0,-740.2236403254826,3.436712,41.965523,0.0855713994005069
3000.0,-740.2312051921817,3.4361904,41.977989,0.0852484152805926
3000.0,-740.2312363686923,3.4351075,41.928047,0.0849254311470752
3000.0,-740.2232225783576,3.4344256,42.002964,0.0846024472615559
3000.0,-740.2302769036486,3.4335029,42.052906,0.0842794635466805
3000.0,-740.2234048904551,3.432821,41.990498,0.0839564795816124
3000.0,-740.2318702707474,3.4320188,41.89061,0.0836334951715053
3000.0,-740.223175154113,3.431056,41.940556,0.0833105113066788
3000.0,-740.2318016558212,3.4302938,42.002964,0.0829875269265103
3000.0,-740.2314506396212,3.4295719,41.915581,0.0826645426995003
3000.0,-740.2245468769056,3.4287696,41.940556,0.0823415582361457
3000.0,-740.231712762964,3.427887,41.953018,0.0820185738947637
3000.0,-740.222962984898,3.4268041,41.953018,0.0816955901225136
3000.0,-740.2305073364315,3.4262824,41.953018,0.0813726063070939
3000.0,-740.2310289584375,3.4254401,42.002964,0.0810496222640754
3000.0,-740.2240175576712,3.4245174,41.965523,0.0807266380316804
3000.0,-740.2313584643798,3.4234345,42.015469,0.080403653844889
3000.0,-740.2236309138931,3.4226723,41.940556,0.0800806697811994
3000.0,-740.2307321183567,3.4218299,42.027935,0.0797576858677008
3000.0,-740.2221556034538,3.4209073,41.928047,0.079434702447738
3000.0,-740.2307305315983,3.420105,41.953018,0.0791117185349318
3000.0,-740.2306373298956,3.4191825,41.977989,0.0787887346627921
3000.0,-740.2227147560678,3.4181395,42.027935,0.0784657509988525
3000.0,-740.230078330456,3.4174976,41.940556,0.0781427673706203
3000.0,-740.223285383405,3.4164948,41.915581,0.0778197834576971
3000.0,-740.229386798002,3.415452,42.002964,0.0774968001312004
3000.0,-740.2229081029225,3.4144893,41.965523,0.0771738163828972
3000.0,-740.2294728337116,3.4135666,41.915581,0.0768508330188606
3000.0,-740.22937271199,3.4128447,41.928047,0.0765278496985101
3000.0,-740.2223742424203,3.4118016,41.940556,0.0762048661831478
3000.0,-740.2283489875228,3.4105582,41.965523,0.0758818833094776
3000.0,-740.2220752816195,3.4096355,41.940556,0.0755588999245618
3000.0,-740.2291019820067,3.4087129,41.977989,0.0752359167223385
3000.0,-740.2287555693301,3.408071,41.977989,0.074912933671265
3000.0,-740.2212761273352,3.4070282,41.940556,0.0745899506350467
3000.0,-740.2295815506141,3.4060254,41.953018,0.0742669672235739
3000.0,-740.2237497611987,3.4050627,41.953018,0.0739439831080273
3000.0,-740.2297028404394,3.4039795,41.928047,0.0736209996436322
3000.0,-740.2217858662398,3.4029367,41.940556,0.0732980163849979
3000.0,-740.2304058104879,3.4018936,42.002964,0.0729750326138768
3000.0,-740.2301167826454,3.4010513,41.915581,0.0726520489688669
3000.0,-740.2229846639681,3.3998077,41.903114,0.0723290651871575
3000.0,-740.22882826268,3.3989253,41.990498,0.0720060821043658
3000.0,-740.222180494071,3.3977621,42.002964,0.0716830986735424
3000.0,-740.229474835884,3.3967993,41.928047,0.0713601153086322
3000.0,-740.2294427679728,3.3957965,41.977989,0.0710371319577142
3000.0,-740.2211350639965,3.3947535,41.928047,0.0707141489830465
3000.0,-740.2298477139086,3.3936303,41.940556,0.0703911654554389
3000.0,-740.2230712239066,3.3923869,41.915581,0.0700681816359606
3000.0,-740.230541016067,3.3914242,41.965523,0.0697451978058454
3000.0,-740.2246867566334,3.3904214,42.015469,0.0694222132814567
3000.0,-740.2315178400936,3.3894987,41.977989,0.0690992290251252
3000.0,-740.2323567364542,3.388175,41.953018,0.0687762444027591
3000.0,-740.2240595492564,3.3872123,42.027935,0.0684532601520417
3000.0,-740.23025726214,3.3861291,41.915581,0.0681302764457365
3000.0,-740.2228502782904,3.3849659,41.977989,0.0678072927226641
3000.0,-740.2307476085907,3.3838427,41.928047,0.0674843088024067
3000.0,-740.2303880614661,3.3825591,42.002964,0.06716132503903
3000.0,-740.224441799104,3.3816767,41.915581,0.0668383406215243
3000.0,-740.2318868852594,3.3803127,42.002964,0.0665153562041678
3000.0,-740.2218669575029,3.3793099,42.065411,0.0661923729101507
3000.0,-740.2290879438798,3.3780663,41.965523,0.0658693897140527
3000.0,-740.22182927472,3.3770235,41.940556,0.0655464064364779
3000.0,-740.2303037340697,3.3759403,41.977989,0.0652234227098956
3000.0,-740.2310906038225,3.3742156,42.002964,0.0649004386399796
3000.0,-740.2222630742611,3.3733733,41.990498,0.0645774551731237
3000.0,-740.2292241386762,3.3722501,41.953018,0.0642544719175999
3000.0,-740.2206550487872,3.3709664,41.940556,0.0639314891523787
3000.0,-740.2287719149485,3.3697629,41.903114,0.0636085060941731
3000.0,-740.2292576345473,3.3684793,41.940556,0.0632855228240341
3000.0,-740.222546141852,3.3672359,41.990498,0.0629625392336665
3000.0,-740.229982882653,3.3661928,41.990498,0.0626395556470809
3000.0,-740.2230967124684,3.3648291,41.953018,0.0623165718164811
3000.0,-740.2298012906825,3.3636658,41.977989,0.0619935883091293
3000.0,-740.2223740111823,3.3622618,41.928047,0.061670604793868
3000.0,-740.2295019830839,3.3611786,42.027935,0.0613476214171127
3000.0,-740.2304924699324,3.3597748,42.015469,0.0610246376081796
3000.0,-740.2244744151154,3.3585713,41.915581,0.0607016531764426
3000.0,-740.2302143791412,3.3572075,41.928047,0.0603786694888484
3000.0,-740.2230594074424,3.3561244,41.940556,0.060055685674526
3000.0,-740.2304716918675,3.3546803,41.928047,0.059732701874659
3000.0,-740.2304532593568,3.3535573,41.965523,0.0594097180828346
3000.0,-740.223111726974,3.3521132,41.990498,0.0590867342456834
3000.0,-740.2315655332995,3.3507092,41.953018,0.058763749968542
3000.0,-740.224339907475,3.3494256,41.928047,0.058440765595495
3000.0,-740.2328470464796,3.3481419,41.940556,0.0581177807591926
3000.0,-740.2233510447529,3.3470187,41.878143,0.0577947968176192
3000.0,-740.2317099311914,3.3454945,41.977989,0.0574718124774728
3000.0,-740.2316795466276,3.3441305,41.940556,0.0571488281505841
3000.0,-740.2248211075231,3.3428872,41.953018,0.0568258435675736
3000.0,-740.2330262585168,3.3414831,42.002964,0.0565028586530758
3000.0,-740.2243670683171,3.3399189,41.940556,0.0561798742681777
3000.0,-740.2324231916372,3.3388357,42.002964,0.0558568896168153
3000.0,-740.2234001899808,3.3374717,41.915581,0.0555339056537982
3000.0,-740.2308805562005,3.3356266,41.940556,0.0552109216755319
3000.0,-740.2301379495212,3.3342628,42.002964,0.0548879380212862
3000.0,-740.2235414984727,3.3328989,42.002964,0.0545649539966115
3000.0,-740.2317693067382,3.3317356,41.89061,0.0542419696305579
3000.0,-740.2237261765642,3.3300509,42.002964,0.0539189855253021
3000.0,-740.2321132776812,3.3288074,41.953018,0.053596001009164
3000.0,-740.2308762850084,3.3274436,41.940556,0.0532730170327614
3000.0,-740.223754106426,3.3259995,41.928047,0.0529500329153188
3000.0,-740.2312881640598,3.3243549,41.903114,0.0526270487592015
3000.0,-740.2255011198268,3.3230712,41.953018,0.0523040638794792
3000.0,-740.2339011542828,3.3214266,41.965523,0.0519810785832393
3000.0,-740.218975869143,3.319782,41.965523,0.0516580965506997
3000.0,-740.2111024954665,3.3184984,42.04044,0.051335121202169
3000.0,-740.2104010143598,3.3168135,41.977989,0.0510121461597146
3000.0,-740.2026277270724,3.3153293,42.015469,0.0506891712604104
3000.0,-740.2097394633339,3.3137248,41.953018,0.0503661965066097
3000.0,-740.2030068517288,3.3125615,41.977989,0.0500432214418809
3000.0,-740.2107554594644,3.3107965,41.953018,0.0497202462447719
3000.0,-740.2090792911549,3.3093123,41.977989,0.0493972717790233
3000.0,-740.2005063259141,3.3076277,41.953018,0.0490742978053566
3000.0,-740.2096352873358,3.3062236,41.977989,0.0487513230970109
3000.0,-740.2008816423066,3.3043785,41.977989,0.0484283489595812
3000.0,-740.2091875435304,3.3030548,42.002964,0.048105374446599
3000.0,-740.2018194669238,3.3015704,42.04044,0.0477823998999654
3000.0,-740.2094523275689,3.2998056,42.027935,0.0474594252714503
3000.0,-740.2100266351151,3.2982812,41.990498,0.0471364503923483
3000.0,-740.2019458701853,3.2965162,41.953018,0.0468134757905609
3000.0,-740.207703831392,3.2948315,42.065411,0.0464905019249648
3000.0,-740.201937179731,3.2930665,41.953018,0.0461675273269692
3000.0,-740.209649850153,3.291502,42.002964,0.0458445526122694
3000.0,-740.2086436074512,3.2899377,41.953018,0.045521578336622
3000.0,-740.2003357823962,3.2881727,41.965523,0.0451986044373691
3000.0,-740.2072587364133,3.2864478,41.965523,0.0448756307659808
3000.0,-740.2009763197206,3.2849236,41.915581,0.0445526565872403
3000.0,-740.207462216402,3.2831585,42.002964,0.0442296828270678
3000.0,-740.2005641263993,3.2814739,42.065411,0.0439067088281808
3000.0,-740.2069706486751,3.2799094,41.990498,0.0435837352824934
3000.0,-740.2074807225822,3.2781444,41.953018,0.0432607615142461
3000.0,-740.2007142964208,3.2763393,41.990498,0.042937787449835
3000.0,-740.2087690354545,3.2743738,42.027935,0.0426148131194599
3000.0,-740.2015378649313,3.2726891,41.990498,0.0422918386956986
3000.0,-740.2081411018543,3.2709641,42.065411,0.0419688646393089
3000.0,-740.20785305136,3.2689586,42.052906,0.0416458907086039
3000.0,-740.2006527858966,3.2673137,41.977989,0.0413229166710319
3000.0,-740.2075526706427,3.2657094,41.965523,0.0409999428713916
3000.0,-740.201503575412,3.2637839,41.940556,0.0406769684625919
3000.0,-740.2081648692625,3.2617781,42.015469,0.0403539943958318
3000.0,-740.2019296835284,3.2598126,41.940556,0.0400310198011071
3000.0,-740.2101960572984,3.2582483,41.990498,0.0397080448480814
3000.0,-740.2097596287144,3.2565634,42.052906,0.0393850700854819
3000.0,-740.2017262186831,3.254317,42.002964,0.0390620955795357
3000.0,-740.2078854114934,3.2526724,42.027935,0.038739121634711
3000.0,-740.2002062310243,3.2507069,41.965523,0.0384161477919857
3000.0,-740.2083515161864,3.2488618,41.953018,0.0380931736437861
3000.0,-740.2075073332228,3.246856,41.953018,0.0377701998639279
3000.0,-740.2015010854088,3.2450109,42.002964,0.0374472254562147
3000.0,-740.2094686109775,3.2431657,42.052906,0.0371242508205947
3000.0,-740.20068363304,3.2409995,42.002964,0.036801276769563
3000.0,-740.2091622749022,3.2390339,42.002964,0.0364783022676062
3000.0,-740.2022381786999,3.236908,41.965523,0.0361553275382748
3000.0,-740.2088060715529,3.2349424,42.04044,0.0358323531917398
3000.0,-740.20984524901,3.2328165,41.990498,0.0355093783917817
3000.0,-740.202063375083,3.2306504,41.965523,0.035186403738723
3000.0,-740.209785153958,3.2289255,42.065411,0.0348634289649862
3000.0,-740.2026664600439,3.2269599,41.928047,0.0345404540487815
3000.0,-740.2100276239232,3.2246735,42.027935,0.0342174791692481
3000.0,-740.2094140088032,3.2226276,41.990498,0.0338945045574525
3000.0,-740.2018155489752,3.2204216,41.990498,0.0335715300125285
3000.0,-740.2098250959078,3.218456,41.977989,0.0332485552213638
3000.0,-740.2014957018619,3.2162097,41.977989,0.0329255808159997
3000.0,-740.2107261869003,3.2142842,42.027935,0.0326026056316632
3000.0,-740.2029536412148,3.2117169,42.015469,0.0322796305901519
3000.0,-740.2088746512815,3.2097113,41.977989,0.0319566562136935
3000.0,-740.2088300706107,3.2073045,42.027935,0.0316336818566869
3000.0,-740.2019551843684,3.205018,41.953018,0.0313107072508354
3000.0,-740.2103418704626,3.2030525,42.027935,0.0309877322341871
3000.0,-740.2030436075136,3.2005653,42.077877,0.0306647571534205
3000.0,-740.2107556915232,3.1984394,42.052906,0.0303417819562103
3000.0,-740.2034570941304,3.1961932,42.002964,0.0300188066950258
3000.0,-740.2100643301461,3.1938665,41.953018,0.0296958317994764
3000.0,-740.2096638031508,3.1914999,42.015469,0.0293728570786884
3000.0,-740.2013184810921,3.1890931,41.977989,0.0290498827506516
3000.0,-740.2089193048031,3.1868467,42.077877,0.0287269083547096
3000.0,-740.2014476178729,3.1842394,42.077877,0.0284039339703261
3000.0,-740.2074312355247,3.1820331,42.04044,0.0280809602236714
3000.0,-740.2079742179936,3.1795461,42.002964,0.0277579862400979
3000.0,-740.1996422441044,3.1769388,41.990498,0.0274350126434587
3000.0,-740.2081241468256,3.1745319,41.940556,0.027112038594467
3000.0,-740.1999663746451,3.1721251,42.077877,0.0267890648563989
3000.0,-740.2069447571304,3.1695578,42.090382,0.0264660913220087
3000.0,-740.1996186725667,3.1668303,42.052906,0.0261431177356546
3000.0,-740.2067941341683,3.164223,42.002964,0.0258201442669855
3000.0,-740.2079614989595,3.1617358,41.965523,0.0254971702889617
3000.0,-740.2004950349535,3.158968,42.015469,0.0251741963202217
3000.0,-740.2074294036106,3.1562002,42.052906,0.0248512225743663
3000.0,-740.1997288036337,3.1539538,41.965523,0.0245282489399583
3000.0,-740.2054198834031,3.1511459,42.077877,0.0242052760709143
3000.0,-740.2053297340722,3.1483381,42.052906,0.0238823032412051
3000.0,-740.1985504395647,3.1458108,42.002964,0.0235593301209563
3000.0,-740.2058861579452,3.1428826,42.052906,0.0232363570484634
3000.0,-740.1976831707638,3.1399543,42.04044,0.0229133843066327
3000.0,-740.205949122423,3.1371465,42.04044,0.0225904112066665
3000.0,-740.1997149367232,3.1342182,41.915581,0.0222674375783091
3000.0,-740.206439358779,3.1314504,42.102848,0.0219444642644388
3000.0,-740.2060404316389,3.1284418,42.065411,0.0216214911246318
3000.0,-740.200539346285,3.1254334,42.052906,0.0212985171365572
3000.0,-740.2068113462215,3.1223848,42.04044,0.020975543660378
3000.0,-740.2001893481978,3.1195366,42.027935,0.0206525698250192
3000.0,-740.2051088341187,3.1162875,42.002964,0.020329597091695
3000.0,-740.2058888804414,3.1132791,42.052906,0.0200066240180141
3000.0,-740.1994220425423,3.1102705,42.027935,0.0196836505174561
3000.0,-740.2070069276151,3.1069012,42.027935,0.0193606769559392
3000.0,-740.1996329663465,3.1038125,42.052906,0.0190377033633482
3000.0,-740.2081009900555,3.1004829,41.990498,0.0187147293244604
3000.0,-740.198278503728,3.0971937,42.04044,0.0183917563228663
3000.0,-740.206548687138,3.0938241,42.077877,0.0180687829612928
3000.0,-740.2070534130509,3.0905349,42.065411,0.0177458093794929
3000.0,-740.1990567606493,3.0870049,42.102848,0.0174228360383195
3000.0,-740.2076985578857,3.0835953,42.102848,0.0170998621750245
3000.0,-740.2008727062897,3.0799451,42.152794,0.0167768880414939
3000.0,-740.2084673606101,3.0766959,42.102848,0.0164539138427481
3000.0,-740.2085661411381,3.072885,42.027935,0.0161309396009016
3000.0,-740.2005032383759,3.0693953,42.115353,0.0158079656285821
3000.0,-740.2092693911306,3.0656245,42.015469,0.0154849910798874
3000.0,-740.2020182464379,3.0615733,42.04044,0.0151620164465198
3000.0,-740.2084216085948,3.0580032,42.002964,0.0148390422677369
3000.0,-740.1994664144459,3.0540318,42.027935,0.014516068747818
3000.0,-740.2064683878245,3.0501809,42.04044,0.0141930954212814
3000.0,-740.2082483289963,3.0462499,42.065411,0.0138701213181054
3000.0,-740.2017428199313,3.0419178,42.04044,0.0135471468049155
3000.0,-740.2080021243984,3.0378664,42.115353,0.0132241728091657
3000.0,-740.2005193268078,3.0336545,42.115353,0.0129011988298263
3000.0,-740.2068975288607,3.0294826,42.027935,0.0125782253160431
3000.0,-740.2072406571068,3.0249097,42.015469,0.0122552516525433
3000.0,-740.2002068531158,3.0206175,42.052906,0.0119322778095465
3000.0,-740.2074251917633,3.016125,42.102848,0.0116093040655289
3000.0,-740.201707224429,3.0114317,42.065411,0.0112863295678705
3000.0,-740.2077334215534,3.0068185,42.127819,0.0109633556893634
3000.0,-740.2007620263906,3.0021656,42.090382,0.0106403816041261
3000.0,-740.2091718814011,2.9972315,42.102848,0.0103174070979777
3000.0,-740.2085838287687,2.9923377,42.077877,0.0099944328484136
3000.0,-740.2012172487982,2.9870026,42.052906,0.0096714585645477
3000.0,-740.2099153913499,2.9821489,42.077877,0.0093484837339846
3000.0,-740.2015209456798,2.9764931,42.065411,0.0090255093176057
3000.0,-740.2083235009147,2.971158,42.065411,0.00870253518163
3000.0,-740.206865777319,2.9658229,42.102848,0.008379561681701
3000.0,-740.1990899512768,2.959806,42.077877,0.0080565883260455
3000.0,-740.2076887438844,2.9540296,41.990498,0.0077336144670325
3000.0,-740.2008057876623,2.9480529,41.990498,0.0074106403627008
3000.0,-740.2080667611731,2.9414742,42.127819,0.007087666338748
3000.0,-740.2000409961568,2.9351764,42.052906,0.0067646925681201
3000.0,-740.2074496312008,2.9284375,42.115353,0.0064417188134389
3000.0,-740.2072785244425,2.9216583,42.015469,0.0061187451334165
3000.0,-740.1999411676616,2.9145181,42.090382,0.0057957714063471
3000.0,-740.2089832941051,2.9072576,42.04044,0.0054727969824847
3000.0,-740.1984865479034,2.8999169,42.077877,0.005149823890114
3000.0,-740.2066428031607,2.8916535,42.065411,0.004826850487475
3000.0,-740.2006387225362,2.8833902,42.052906,0.0045038764560393
3000.0,-740.2079533814025,2.8748462,42.102848,0.0041809024815574
3000.0,-740.2071987387689,2.8656201,42.102848,0.0038579288363478
3000.0,-740.2004841708623,2.8562336,42.090382,0.0035349548723481
3000.0,-740.2102953129944,2.846446,42.102848,0.0032119798760142
3000.0,-740.2024188426641,2.8360167,42.127819,0.0028890050678532
3000.0,-740.2098223238894,2.8247046,42.077877,0.002566030277898
3000.0,-740.209493477698,2.8128312,42.140285,0.0022430556314279
3000.0,-740.201042615438,2.8006368,42.140285,0.0019200814237604
3000.0,-740.2084191549922,2.7867174,42.115353,0.0015971072460481
3000.0,-740.202032198886,2.7720761,42.015469,0.0012741326065926
3000.0,-740.2082998918958,2.7559507,42.152794,0.0009511584809182
3000.0,-740.2006871478569,2.7385817,42.090382,0.0006281844283529
3000.0,-740.2076142804209,2.7197285,42.16526,0.0003052106018305
3000.0,-740.2076407371056,2.7001131,42.077877,0.0
