Cycle,Current,Voltage,Temperature,SOC
4100.0,-703.3072276458054,4.1874681,39.936085,1.0
4100.0,-703.3072276458054,4.1651015,40.035892,0.9996826110275976
4100.0,-739.873209561233,4.1632175,39.961014,0.9993487238919212
4100.0,-739.8653609435668,4.1615739,39.936085,0.999014836939825
4100.0,-739.8722701762549,4.1598907,39.985989,0.9986809502280708
4100.0,-739.8643778792629,4.1584878,39.948551,0.9983470637196122
4100.0,-739.8724751578364,4.1573653,39.948551,0.9980131769153548
4100.0,-739.8657244062356,4.1561227,40.010921,0.9976792897992348
4100.0,-739.8731347561434,4.155201,39.961014,0.9973454026973162
4100.0,-739.8644855203748,4.1539183,39.948551,0.9970115161402812
4100.0,-739.8711399699084,4.1527958,39.948551,0.9966776299385623
4100.0,-739.8635230248356,4.1520743,40.023388,0.9963437438158832
4100.0,-739.8714996032262,4.1511126,39.998455,0.9960098574518704
4100.0,-739.8637197280331,4.1499901,39.985989,0.9956759712404228
4100.0,-739.8631869179945,4.1492286,39.873672,0.995342085269422
4100.0,-739.869634407564,4.1484265,39.998455,0.9950081997471274
4100.0,-739.8636143818362,4.1475849,39.936085,0.9946743135832206
4100.0,-739.8813782334703,4.1468234,39.936085,0.9943404227612176
4100.0,-739.8734943897593,4.1460619,39.97348,0.9940065321386538
4100.0,-739.8820150532841,4.1453004,39.97348,0.993672641029269
4100.0,-739.8725005100927,4.1447392,39.886139,0.993338750855224
4100.0,-739.8802542283455,4.1438169,40.023388,0.9930048605404576
4100.0,-739.8731682438129,4.1432562,39.985989,0.9926709700650772
4100.0,-739.8797849142791,4.1424942,40.023388,0.992337079962101
4100.0,-739.8728611041237,4.1417327,39.97348,0.9920031896253269
4100.0,-739.8803389700207,4.1410513,39.948551,0.9916692992723186
4100.0,-739.8734814381604,4.1405702,39.97348,0.9913354086555998
4100.0,-739.8734769826154,4.1397285,39.97348,0.9910015180408916
4100.0,-739.8800325352526,4.1391273,39.948551,0.99066762782617
4100.0,-739.8734023369665,4.1384459,39.961014,0.990333737245148
4100.0,-739.8827577087278,4.1375642,39.998455,0.9899998458006204
4100.0,-739.8835819162517,4.1372032,39.998455,0.9896659506257508
4100.0,-739.8904811759082,4.1366019,39.97348,0.9893320556958068
4100.0,-739.8837864685325,4.1358805,39.961014,0.9889981604286268
4100.0,-739.8907333379235,4.1353192,40.010921,0.988664265384888
4100.0,-739.8837881286785,4.1348386,39.961014,0.9883303701169588
4100.0,-739.8911273342003,4.1343174,39.985989,0.9879964748954188
4100.0,-739.8836212105061,4.1337161,40.023388,0.9876625797028166
4100.0,-739.8914073772196,4.1329947,39.985989,0.9873286843549
4100.0,-739.8830117895102,4.1323133,39.985989,0.9869947894373176
4100.0,-739.8831531706796,4.1318722,39.998455,0.9866608944559324
4100.0,-739.8895423158349,4.1313109,39.97348,0.9863269999496737
4100.0,-739.8820366231286,4.1307096,39.961014,0.9859931054721652
4100.0,-739.8901747167274,4.1303892,39.97348,0.9856592106805186
4100.0,-739.8835773752588,4.129868,39.873672,0.9853253155076984
4100.0,-739.8914646895416,4.1290264,39.911114,0.9849914201339182
4100.0,-739.882715843615,4.1285453,39.961014,0.9846575253498904
4100.0,-739.890987514105,4.127984,39.985989,0.984323630191448
4100.0,-739.8824250246413,4.1273828,39.998455,0.9839897355386612
4100.0,-739.8895382997168,4.1267815,40.010921,0.9836558410342148
4100.0,-739.8825129026234,4.1262207,39.998455,0.9833219463417704
4100.0,-739.8907213505673,4.1256995,40.010921,0.9829880513034412
4100.0,-739.8835582713587,4.1250982,40.010921,0.982654156139242
4100.0,-739.8823785038746,4.1246972,40.010921,0.9823202615074494
4100.0,-739.8899406334048,4.1240959,39.961014,0.9819863668214392
4100.0,-739.8812879815544,4.1237755,40.07333,0.981652472681778
4100.0,-739.888955581707,4.1232543,39.985989,0.9813185784402984
4100.0,-739.8814549974145,4.1224928,40.048359,0.980984684225266
4100.0,-739.8893751396433,4.1218915,39.985989,0.98065078979445
4100.0,-739.8830538425242,4.1215711,39.97348,0.9803168948578898
4100.0,-739.8893783257008,4.1209698,40.023388,0.9799830004256356
4100.0,-739.8824722045961,4.1206489,39.911114,0.9796491057515576
4100.0,-739.8898110795084,4.1199675,39.961014,0.979315211124012
4100.0,-739.8824085818385,4.1194463,40.023388,0.9789813164786456
4100.0,-739.8889335723004,4.1190057,40.010921,0.9786474222470982
4100.0,-739.8811309510365,4.1184444,39.961014,0.978313528178302
4100.0,-739.8813035210648,4.117723,39.97348,0.977979634031628
4100.0,-739.8892664598378,4.117322,40.023388,0.9776457396498563
4100.0,-739.8807611529754,4.1168809,40.035892,0.9773118457479428
4100.0,-739.8881915150725,4.1162395,39.985989,0.976977951851268
4100.0,-739.8818762722868,4.1159592,40.060825,0.9766440574461228
4100.0,-739.8892716478632,4.1153178,40.023388,0.97631016306201
4100.0,-739.8812005674423,4.1149168,40.023388,0.975976268961797
4100.0,-739.8885862679803,4.1141953,40.023388,0.9756423748869798
4100.0,-739.8814748825358,4.113955,40.023388,0.9753084806629738
4100.0,-739.8882868891294,4.1131134,40.048359,0.9749745867232592
4100.0,-739.879179019163,4.1126723,39.961014,0.974640693535332
4100.0,-739.886804715551,4.1122313,40.010921,0.9743068002644868
4100.0,-739.8813407278979,4.1117506,40.035892,0.9739729061010222
4100.0,-739.8800522939348,4.1112695,40.035892,0.9736390125190032
4100.0,-739.8863884779463,4.1108284,40.023388,0.973305119435996
4100.0,-739.8781017780485,4.110147,40.048359,0.9729712267342068
4100.0,-739.8867762242094,4.1096659,39.948551,0.9726373334762192
4100.0,-739.8790311194684,4.1093054,40.035892,0.9723034403550364
4100.0,-739.8855860321524,4.1087842,39.985989,0.971969547634154
4100.0,-739.8798449340729,4.108263,40.010921,0.9716356541457124
4100.0,-739.8871464654296,4.1077824,39.961014,0.9713017607206436
4100.0,-739.8798926633392,4.1073813,40.035892,0.9709678672106626
4100.0,-739.8879290136366,4.1069002,40.010921,0.9706339734324488
4100.0,-739.8812401668591,4.106339,40.098263,0.9703000793143652
4100.0,-739.8873429752759,4.1059384,40.048359,0.9699661858006164
4100.0,-739.8790767491504,4.1054173,40.023388,0.9696322926588417
4100.0,-739.8806358239535,4.1050162,40.060825,0.9692983988134868
4100.0,-739.888395422408,4.1044149,40.010921,0.9689645048247932
4100.0,-739.8793362328103,4.1038542,40.035892,0.9686306115659188
4100.0,-739.8857330300651,4.1035333,40.085796,0.9682967187786998
4100.0,-739.8795325575443,4.1030121,40.085796,0.9679628254312276
4100.0,-739.8863347422835,4.1024909,40.085796,0.9676289323724702
4100.0,-739.8795819470173,4.1020503,39.998455,0.9672950390027096
4100.0,-739.8877823575452,4.1016092,40.060825,0.966961145290678
4100.0,-739.8808142166955,4.1012487,39.985989,0.9666272513648176
4100.0,-739.8874693431661,4.1006074,40.035892,0.966293357794042
4100.0,-739.8809179149222,4.1002064,40.060825,0.9659594638213846
4100.0,-739.8865418845401,4.0998054,40.085796,0.9656255706691488
4100.0,-739.8799148922261,4.0993648,40.123234,0.9652916771491364
4100.0,-739.8859264148934,4.0989237,39.998455,0.9649577842746472
4100.0,-739.878652239364,4.0983224,39.961014,0.964623891324446
4100.0,-739.8805036712569,4.0981221,40.048359,0.9642899975387288
4100.0,-739.8878355805018,4.0974007,40.048359,0.9639561038026788
4100.0,-739.8814172290108,4.0968795,40.048359,0.9636222096046908
4100.0,-739.8884277102022,4.0964785,40.085796,0.9632883156014268
4100.0,-739.8799351680091,4.096118,40.085796,0.9629544220722644
4100.0,-739.8870942312811,4.0954766,40.098263,0.9626205286707676
4100.0,-739.8796902472502,4.0950756,40.085796,0.9622866352521332
4100.0,-739.8874329538114,4.0945945,40.035892,0.961952741697779
4100.0,-739.8809898506587,4.0939937,40.010921,0.9616188476926588
4100.0,-739.8884248170767,4.0935926,40.07333,0.9612849536907004
4100.0,-739.8817195347684,4.0933523,40.123234,0.9609510593562876
4100.0,-739.888548536025,4.0926704,40.010921,0.9606171652984976
4100.0,-739.8806410363359,4.09231,40.010921,0.9602832714507906
4100.0,-739.8808946118021,4.0919089,40.010921,0.9599493774886496
4100.0,-739.8882668694891,4.0914283,40.123234,0.9596154835579692
4100.0,-739.8796160166432,4.0909872,40.1357,0.9592815901728337
4100.0,-739.8867584872739,4.0903459,40.048359,0.95894769692285
4100.0,-739.8793469993544,4.0899849,40.085796,0.9586138036591167
4100.0,-739.8867045929148,4.0896645,40.098263,0.9582799104334546
4100.0,-739.8793657126826,4.0891833,40.060825,0.9579460171612764
4100.0,-739.8873143008032,4.0886221,40.098263,0.9576121236604672
4100.0,-739.8805923304984,4.0884218,40.098263,0.95727822983474
4100.0,-739.8888711574275,4.0877004,40.085796,0.956944335631359
4100.0,-739.8806882528756,4.0872192,40.048359,0.956610441762344
4100.0,-739.8876245808683,4.087019,40.035892,0.9562765481215132
4100.0,-739.8787115652523,4.0864177,40.110729,0.9559426551445388
4100.0,-739.8795238052004,4.0860567,40.07333,0.9556087618010164
4100.0,-739.8863620129437,4.0853753,40.07333,0.9552748687299524
4100.0,-739.8783327462442,4.085175,40.110729,0.954940975923932
4100.0,-739.8870404101566,4.0845737,40.035892,0.9546070825467234
4100.0,-739.8790901402198,4.0841327,40.060825,0.9542731893989056
4100.0,-739.8856759374661,4.0837321,40.148167,0.9539392966374513
4100.0,-739.8783562446249,4.0834112,40.110729,0.953605403820826
4100.0,-739.8850126404099,4.0827699,40.085796,0.9532715113587016
4100.0,-739.8774334950086,4.0823693,40.07333,0.952937618958496
4100.0,-739.8842488789537,4.081768,40.060825,0.952603726841039
4100.0,-739.8772796139249,4.081728,40.07333,0.9522698345102768
4100.0,-739.8831744712339,4.0810866,40.085796,0.951935942877674
4100.0,-739.8776463724538,4.0806055,40.098263,0.951602050381401
4100.0,-739.8751102510729,4.0802851,40.060825,0.9512681590296304
4100.0,-739.8840950816816,4.0797639,40.110729,0.9509342669815783
4100.0,-739.8767375631866,4.0792027,40.07333,0.9506003748954333
4100.0,-739.8822967931666,4.0789623,40.098263,0.950266483658906
4100.0,-739.8764701449825,4.0784812,40.098263,0.9499325916934414
4100.0,-739.8818665051887,4.0782409,40.085796,0.9495987006510926
4100.0,-739.8750345925844,4.077559,40.148167,0.9492648093334654
4100.0,-739.88188167858,4.0769176,40.048359,0.9489309182842696
4100.0,-739.8750026469584,4.0766373,40.048359,0.9485970269810584
4100.0,-739.8823204382655,4.076036,40.060825,0.9482631357338606
4100.0,-739.875322445279,4.0757556,40.010921,0.9479292442863309
4100.0,-739.8830479812648,4.0754747,40.035892,0.9475953527108104
4100.0,-739.8749299421894,4.0751143,40.123234,0.9472614614404096
4100.0,-739.8761038991802,4.074553,40.085796,0.9469275696402246
4100.0,-739.8837559197052,4.0742321,40.110729,0.9465936777452284
4100.0,-739.875853265552,4.0737514,40.110729,0.9462597860581496
4100.0,-739.8831028521537,4.0733104,40.060825,0.9459258944578672
4100.0,-739.8761516650635,4.0729494,40.085796,0.9455920026361264
4100.0,-739.883764965165,4.0723081,40.123234,0.9452581107370482
4100.0,-739.8756659617075,4.0718675,40.035892,0.944924219134496
4100.0,-739.8844242949541,4.0715466,40.085796,0.944590326937878
4100.0,-739.8775168930879,4.0712662,40.1357,0.944256434500036
4100.0,-739.8851847482672,4.0708251,40.160633,0.9439225419602436
4100.0,-739.8773666984589,4.0703039,40.07333,0.9435886495901818
4100.0,-739.8834548438601,4.0699434,40.123234,0.9432547578310538
4100.0,-739.875437239615,4.0695024,40.110729,0.9429208663317196
4100.0,-739.8752807828627,4.0690618,40.098263,0.9425869749029911
4100.0,-739.8815866452559,4.0684605,40.085796,0.9422530839869367
4100.0,-739.8747725088148,4.0681396,40.060825,0.9419191927875826
4100.0,-739.8822554355095,4.0677791,40.085796,0.9415853015697192
4100.0,-739.8747153801987,4.0672579,40.110729,0.941251410396146
4100.0,-739.883680662939,4.0668168,40.1357,0.9409175185351114
4100.0,-739.8751103612818,4.0665364,40.060825,0.9405836271832908
4100.0,-739.8811083956135,4.0661354,40.07333,0.9402497364830592
4100.0,-739.8736690349181,4.0657344,40.098263,0.9399158457816816
4100.0,-739.8816559815546,4.0652537,40.110729,0.9395819548343372
4100.0,-739.8741539570019,4.0650129,40.07333,0.9392480639141236
4100.0,-739.8811669408184,4.0644116,40.060825,0.9389141731874716
4100.0,-739.8747114373614,4.0640512,40.098263,0.938580282015678
4100.0,-739.8750644752557,4.0637302,40.048359,0.9382463906845652
4100.0,-739.8823385780297,4.0631695,40.060825,0.9379124994291812
4100.0,-739.8753007046521,4.0627284,40.110729,0.9375786079914626
4100.0,-739.8811016450344,4.0621271,40.07333,0.9372447172942772
4100.0,-739.8748676622107,4.0619268,40.035892,0.9369108260519824
4100.0,-739.8816326293556,4.0617261,40.1357,0.9365769351151764
4100.0,-739.873935586517,4.0612054,40.060825,0.9362430442935088
4100.0,-739.8810418790649,4.0609245,40.148167,0.9359091536232944
4100.0,-739.8743686410575,4.0602431,40.098263,0.9355752626061984
4100.0,-739.880855244803,4.0599627,40.085796,0.9352413720202072
4100.0,-739.874570568861,4.0594816,40.1357,0.9349074809119848
4100.0,-739.8827184262861,4.0592813,40.1357,0.9345735894851844
4100.0,-739.875249337698,4.0587602,40.1357,0.9342396980706468
4100.0,-739.8734365286573,4.0584793,40.085796,0.9339058074741948
4100.0,-739.881238315715,4.0579185,40.098263,0.933571916715333
4100.0,-739.8744071053172,4.0573173,40.048359,0.9332380256808784
4100.0,-739.8815630122689,4.0571566,40.1357,0.932904134775489
4100.0,-739.8743556894809,4.056756,40.1357,0.9325702437642376
4100.0,-739.8807936355365,4.0563149,40.123234,0.9322363532060494
4100.0,-739.8741414327039,4.0558739,40.048359,0.9319024622914878
4100.0,-739.8806533638511,4.0556335,40.060825,0.931568571796601
4100.0,-739.8748626939199,4.0552731,40.085796,0.931234680556548
4100.0,-739.8813646957939,4.0547519,40.085796,0.9309007897406542
4100.0,-739.8748321643451,4.0543909,40.048359,0.9305668985143783
4100.0,-739.8801711468519,4.0539498,40.060825,0.9302330082371048
4100.0,-739.8726589199952,4.0536695,40.085796,0.9298991179915724
4100.0,-739.8719053346034,4.0531483,40.098263,0.9295652280861189
4100.0,-739.8800644568576,4.0527878,40.110729,0.9292313378569916
4100.0,-739.8724045021987,4.0524669,40.098263,0.9288974477262733
4100.0,-739.8787490810449,4.0520663,40.060825,0.928563558090744
4100.0,-739.8716647717463,4.0516653,40.098263,0.9282296682938516
4100.0,-739.8792775385034,4.0511842,40.123234,0.9278957784198418
4100.0,-739.8720962516945,4.050663,40.07333,0.927561888428231
4100.0,-739.8790977401288,4.0503426,40.110729,0.92722799863536
4100.0,-739.8739833401478,4.0500622,40.098263,0.9268941077921424
4100.0,-739.8806173162793,4.0497813,40.048359,0.926560217313523
4100.0,-739.8728353717709,4.04918,40.023388,0.9262263269883616
4100.0,-739.880779426563,4.0488596,40.098263,0.9258924364365856
4100.0,-739.8738589388339,4.0486989,40.110729,0.9255585456495078
4100.0,-739.8736667278079,4.0483384,40.098263,0.9252246549491714
4100.0,-739.8815404414012,4.047657,40.148167,0.9248907640539678
4100.0,-739.8725795746809,4.0476971,40.160633,0.9245568738442425
4100.0,-739.8802437180334,4.0469756,40.07333,0.9242229835342188
4100.0,-739.8728814287442,4.0465345,40.085796,0.9238890931882728
4100.0,-739.8804325252122,4.0463343,40.085796,0.923555202793045
4100.0,-739.8740269678436,4.0456929,40.085796,0.9232213119301392
4100.0,-739.881433702524,4.045372,40.173141,0.9228874210831044
4100.0,-739.8741412251526,4.0450516,40.110729,0.9225535301686364
4100.0,-739.8812425027245,4.0446906,40.085796,0.9222196394078852
4100.0,-739.8728040487223,4.0442901,40.098263,0.921885749096859
4100.0,-739.881065194685,4.0439692,40.173141,0.9215518584161227
4100.0,-739.8744567144024,4.0437689,40.098263,0.9212179673592806
4100.0,-739.8741189229935,4.0432076,40.07333,0.9208840764548772
4100.0,-739.8807837722687,4.0428472,40.185604,0.92055018590114
4100.0,-739.8739307646684,4.0424862,40.048359,0.9202162950816488
4100.0,-739.8811195162502,4.0421252,40.060825,0.9198824043763986
4100.0,-739.8732168763877,4.0418849,40.085796,0.9195485138790714
4100.0,-739.8795765147173,4.0410433,40.098263,0.9192146238701407
4100.0,-739.8727834677512,4.0409632,40.060825,0.9188807335684028
4100.0,-739.8803178395478,4.0408025,40.198071,0.91854684322493
4100.0,-739.8736150801196,4.0403218,40.085796,0.9182129525479013
4100.0,-739.8808437945721,4.0398808,40.098263,0.9178790619670774
4100.0,-739.8741292134406,4.0394397,40.123234,0.91754517105803
4100.0,-739.8800917152523,4.0390792,40.098263,0.917211280816602
4100.0,-739.8719367676179,4.0387983,40.110729,0.9168773908969632
4100.0,-739.8726191984558,4.038518,40.048359,0.9165435006693564
4100.0,-739.8806136297362,4.0380368,40.085796,0.9162096101924004
4100.0,-739.8738395541611,4.0376763,40.085796,0.9158757194140708
4100.0,-739.8802284957977,4.0374756,40.035892,0.9155418291109167
4100.0,-739.872841280003,4.037035,40.123234,0.915207938783089
4100.0,-739.8821109401079,4.036674,40.048359,0.9148740476304328
4100.0,-739.874404346449,4.0362735,40.085796,0.9145401565972232
4100.0,-739.8826484918322,4.0359926,40.148167,0.9142062652019828
4100.0,-739.874372815849,4.0353913,40.110729,0.9138723741830024
4100.0,-739.8816468628601,4.035111,40.160633,0.9135384832397732
4100.0,-739.8747331169174,4.0345898,40.1357,0.913204592058196
4100.0,-739.8832576259812,4.0344696,40.1357,0.9128707003880676
4100.0,-739.8748248767939,4.0342288,40.1357,0.912536809165081
4100.0,-739.8727970175025,4.033668,40.085796,0.912202918857228
4100.0,-739.8810872651119,4.0333872,40.148167,0.9118690281665318
4100.0,-739.8723876077593,4.0331068,40.123234,0.9115351380434374
4100.0,-739.8797400410151,4.0327058,40.1357,0.9112012479607114
4100.0,-739.8736732341379,4.0321846,40.110729,0.9108673572574388
4100.0,-739.8797974631443,4.0320644,40.148167,0.9105334671487996
4100.0,-739.8719303588988,4.0316639,40.085796,0.9101995772320528
4100.0,-739.8798663844894,4.0314631,40.110729,0.9098656870923112
4100.0,-739.871804492805,4.0307817,40.148167,0.9095317972323652
4100.0,-739.8795791758735,4.0307016,40.110729,0.9091979072222338
4100.0,-739.8728473834827,4.0300603,40.123234,0.9088640168916516
4100.0,-739.8807883498798,4.0299001,40.07333,0.908530126335849
4100.0,-739.873337884131,4.0295391,40.123234,0.9081962357839132
4100.0,-739.8727644370977,4.0292187,40.07333,0.9078623454907632
4100.0,-739.8810340787982,4.0288978,40.110729,0.9075284548240686
4100.0,-739.872823372337,4.0285773,40.060825,0.9071945645043222
4100.0,-739.8787619106856,4.027976,40.098263,0.9068606748630031
4100.0,-739.8716450087028,4.0278158,40.148167,0.9065267850750296
4100.0,-739.8801430826719,4.0277357,40.098263,0.9061928948104204
4100.0,-739.8724580909045,4.0273347,40.07333,0.9058590046555184
4100.0,-739.8797234149412,4.0268936,40.1357,0.9055251145802954
4100.0,-739.87192150888,4.0264931,40.1357,0.9051912246675424
4100.0,-739.8788548798946,4.0263324,40.1357,0.9048573349842686
4100.0,-739.872405832789,4.025651,40.023388,0.9045234448529498
4100.0,-739.8808636677047,4.0254507,40.098263,0.9041895542631576
4100.0,-739.8735618210559,4.0250497,40.1357,0.9038556636101636
4100.0,-739.880534442269,4.0248094,40.098263,0.9035217731689432
4100.0,-739.8721642080023,4.0244889,40.085796,0.9031878831466652
4100.0,-739.8718496456482,4.0243282,40.185604,0.9028539932663424
4100.0,-739.8788879245146,4.0238476,40.1357,0.9025201035681564
4100.0,-739.8725191623579,4.0236468,40.085796,0.902186213385694
4100.0,-739.8795895274828,4.0232062,40.085796,0.9018523233708912
4100.0,-739.8725223727797,4.0228453,40.110729,0.90151843318698
4100.0,-739.8795933116892,4.0224042,40.023388,0.9011845431704696
4100.0,-739.8712205477218,4.0220838,40.07333,0.9008506535740468
4100.0,-739.8809926478809,4.0219235,40.060825,0.9005167629260492
4100.0,-739.8719576903555,4.0214424,40.123234,0.9001828729969684
4100.0,-739.8792609490084,4.0212021,40.098263,0.8998489831304453
4100.0,-739.8722495591342,4.0208812,40.060825,0.8995150930696496
4100.0,-739.879484705163,4.02036,40.060825,0.8991812031021506
4100.0,-739.8724461401739,4.0200796,40.048359,0.8988473129526418
4100.0,-739.8722078723024,4.0197587,40.098263,0.8985134229106586
4100.0,-739.8792263297034,4.0195584,40.098263,0.8981795330597581
4100.0,-739.8715595598575,4.0191174,40.085796,0.8978456433103459
4100.0,-739.8794190431547,4.0190372,40.085796,0.8975117533724786
4100.0,-739.8711555822366,4.0185566,40.1357,0.8971778638053736
4100.0,-739.8790943710295,4.0181956,40.098263,0.8968439740140232
4100.0,-739.872847566529,4.0177145,40.085796,0.8965100836833583
4100.0,-739.8792764032518,4.0177145,40.098263,0.896176193809861
4100.0,-739.8721656849835,4.017314,40.110729,0.8958423037869161
4100.0,-739.8814759390987,4.016993,40.098263,0.8955084129208207
4100.0,-739.872800447626,4.0167127,40.1357,0.8951745226114197
4100.0,-739.8814009631207,4.0163517,40.085796,0.8948406317791592
4100.0,-739.8728542071256,4.0161114,40.07333,0.8945067414454976
4100.0,-739.8723470928741,4.0159912,40.085796,0.8941728513406869
4100.0,-739.8799964266317,4.01543,40.085796,0.8938389611422602
4100.0,-739.871371902045,4.015069,40.085796,0.8935050714775342
4100.0,-739.8776336086705,4.0147886,40.035892,0.893171182345391
4100.0,-739.8718602298495,4.0145078,40.085796,0.8928372924602921
4100.0,-739.8777319734776,4.0141873,40.010921,0.8925034032837591
4100.0,-739.8701880818344,4.0139065,40.123234,0.8921695141532683
4100.0,-739.8773925062973,4.0136662,40.048359,0.8918356251299288
4100.0,-739.8705186833033,4.0131049,40.060825,0.8915017358502441
4100.0,-739.8779230633868,4.0129447,40.060825,0.8911678465874767
4100.0,-739.8705460024819,4.0124235,40.060825,0.8908339572954632
4100.0,-739.8772337896695,4.0121431,40.07333,0.8905000683437487
4100.0,-739.8678291938211,4.0119023,40.123234,0.8901661802777786
4100.0,-739.8687113064616,4.011662,40.110729,0.8898322918137282
4100.0,-739.8773089609227,4.0114217,40.123234,0.8894984028280906
4100.0,-739.8694157465487,4.0112209,40.035892,0.8891645140461399
4100.0,-739.8753164330391,4.0107002,40.110729,0.8888306259596827
4100.0,-739.869390270572,4.0102592,40.035892,0.8884967371892288
4100.0,-739.8765915375892,4.0099783,40.098263,0.8881628485273473
4100.0,-739.8685940340298,4.0099382,40.060825,0.8878289601162196
4100.0,-739.875908172061,4.0094175,40.085796,0.8874950717627246
4100.0,-739.8685205847206,4.0093374,40.110729,0.887161183384743
4100.0,-739.8759373714161,4.0089765,40.148167,0.8868272950180712
4100.0,-739.8702266681847,4.0088162,40.060825,0.8864934058701672
4100.0,-739.8781020559504,4.0083752,40.085796,0.8861595165266247
4100.0,-739.8703243360887,4.0079341,40.035892,0.8858256273346453
4100.0,-739.8691133553943,4.0078139,40.060825,0.8854917386891578
4100.0,-739.8779746994442,4.0074935,40.048359,0.8851578494030884
4100.0,-739.8705850525871,4.0070925,40.07333,0.8848239600934524
4100.0,-739.876818321073,4.0066915,40.07333,0.8844900713292289
4100.0,-739.8699470794973,4.0066113,40.023388,0.8841561823074978
4100.0,-739.8778744180541,4.006371,40.123234,0.8838222930666831
4100.0,-739.8703226881602,4.0057697,40.110729,0.883488403875447
4100.0,-739.8774752337872,4.0053287,40.085796,0.8831545148147746
4100.0,-739.8704465767602,4.0054493,40.085796,0.8828206255676301
4100.0,-739.8797959982985,4.0049682,40.098263,0.8824867354596518
4100.0,-739.871350393385,4.0049281,40.1357,0.8821528458046324
4100.0,-739.8779418744767,4.0043669,40.123234,0.881818956533376
4100.0,-739.8707121272573,4.0041666,40.085796,0.8814850671663937
4100.0,-739.8718088262657,4.0038056,40.035892,0.8811511773044924
4100.0,-739.8787234827969,4.0034852,40.123234,0.8808172876805148
4100.0,-739.8728203327602,4.0032444,40.098263,0.8804833973621402
4100.0,-739.8807744216177,4.0031242,40.110729,0.8801495068126227
4100.0,-739.8722583115165,4.0027633,40.060825,0.8798156167478774
4100.0,-739.8788533296382,4.0023627,40.123234,0.8794817270653031
4100.0,-739.8699463837371,4.0021625,40.07333,0.8791478380438861
4100.0,-739.8781705988954,4.0015612,40.060825,0.8788139486694119
4100.0,-739.8711599767553,4.0016012,40.060825,0.8784800591003237
4100.0,-739.8773121957798,4.0009999,40.060825,0.8781461701132264
4100.0,-739.8689882704448,4.0008397,40.035892,0.8778122815241874
4100.0,-739.8769682365524,4.0004387,40.085796,0.8774783926923105
4100.0,-739.8699886807915,4.0001583,40.023388,0.8771445036518059
4100.0,-739.8707419733757,3.9999578,40.098263,0.8768106142713544
4100.0,-739.8773440441151,3.9996371,40.07333,0.8764767252698848
4100.0,-739.8703209058885,3.9996371,40.048359,0.8761428360794531
4100.0,-739.8801375895129,3.9990759,40.123234,0.8758089458173229
4100.0,-739.8713844996535,3.9987953,40.098263,0.875475056146912
4100.0,-739.8794470585033,3.9987152,40.110729,0.8751411661964019
4100.0,-739.8716398572634,3.9982343,40.060825,0.8748072764107531
4100.0,-739.8797178240934,3.9978333,40.023388,0.874473386338053
4100.0,-739.8719604125686,3.9973924,40.060825,0.8741394964077436
4100.0,-739.8802566575387,3.9975529,40.048359,0.8738056060918808
4100.0,-739.8716203505512,3.9970717,40.085796,0.873471716315035
4100.0,-739.8790681623481,3.9967911,40.185604,0.8731378265355118
4100.0,-739.873452715212,3.9963903,40.085796,0.872803935931755
4100.0,-739.8739229399495,3.9961498,40.048359,0.872470045115795
4100.0,-739.8818785047944,3.9959095,40.123234,0.8721361540680312
4100.0,-739.8734754201702,3.9957089,40.098263,0.8718022634540283
4100.0,-739.8801319864381,3.9953482,40.060825,0.8714683731944265
4100.0,-739.8740597557232,3.9949875,40.048359,0.8711344823167243
4100.0,-739.8801962202818,3.994787,40.048359,0.8708005920281353
4100.0,-739.8719341186643,3.9945464,40.110729,0.8704667021096919
4100.0,-739.8807212718574,3.9945064,40.173141,0.8701328115841599
4100.0,-739.8741023459178,3.9939051,40.035892,0.8697989206872373
4100.0,-739.8818098887426,3.9935846,40.048359,0.8694650296704384
4100.0,-739.8736571818497,3.9933441,40.085796,0.8691311389744099
4100.0,-739.8809586389839,3.9930634,40.07333,0.8687972483417595
4100.0,-739.8746384152029,3.9927828,40.148167,0.8684633572029193
4100.0,-739.8735281664689,3.9922216,40.085796,0.868129466565113
4100.0,-739.8819469132926,3.9922616,40.1357,0.867795575486478
4100.0,-739.8735315966179,3.9919813,40.035892,0.8674616848471237
4100.0,-739.8810745452593,3.9915802,40.098263,0.8671277941621679
4100.0,-739.8734366385977,3.9912596,40.085796,0.8667939035656662
4100.0,-739.8805887150539,3.9912596,40.060825,0.8664600130999537
4100.0,-739.8742136002795,3.9906986,40.035892,0.8661261221528243
4100.0,-739.8802306930407,3.9906182,40.098263,0.8657922318486787
4100.0,-739.8723560405552,3.9902575,40.085796,0.86545834173983
4100.0,-739.8808448198567,3.9898968,40.110729,0.8651244511585438
4100.0,-739.872035937136,3.9896965,40.123234,0.8647905611941515
4100.0,-739.8799870394017,3.9896564,40.048359,0.8644566709999612
4100.0,-739.8713704005842,3.9888546,40.060825,0.8641227813359127
4100.0,-739.8714201440636,3.9889348,40.110729,0.8637888916494163
4100.0,-739.8786124713463,3.9884539,40.060825,0.8634550020755354
4100.0,-739.8716737927124,3.9880931,40.110729,0.8631211122745721
4100.0,-739.8779953049485,3.9880931,40.035892,0.8627872229792038
4100.0,-739.8700654262136,3.9876521,40.160633,0.8624533339040653
4100.0,-739.8759549496168,3.9871712,40.085796,0.8621194455294607
4100.0,-739.8691425178259,3.9872112,40.085796,0.8617855568708129
4100.0,-739.8776242580195,3.9868505,40.010921,0.8614516677428893
4100.0,-739.871136539356,3.9863696,40.048359,0.8611177781843781
4100.0,-739.8767828716819,3.9864497,40.010921,0.8607838894361519
4100.0,-739.8698308324932,3.9859686,40.048359,0.860450000466881
4100.0,-739.8780210985741,3.9857283,40.048359,0.8601161111598727
4100.0,-739.8705584902524,3.9854476,40.098263,0.8597822218622239
4100.0,-739.8709707564751,3.9853673,40.085796,0.8594483323785271
4100.0,-739.8784426706862,3.9849665,40.060825,0.8591144428812735
4100.0,-739.8708563892515,3.9847662,40.110729,0.8587805534491885
4100.0,-739.877277906069,3.9845657,40.07333,0.8584466644775653
4100.0,-739.8688370504905,3.984165,40.085796,0.8581127759567689
4100.0,-739.8762790725208,3.9838042,40.048359,0.8577788874358955
4100.0,-739.8684187418971,3.9834836,40.123234,0.8574449991038737
4100.0,-739.8761141058058,3.9833231,40.048359,0.8571111106574457
4100.0,-739.8706005921359,3.9830828,40.060825,0.856777221340797
4100.0,-739.877190991493,3.9826016,40.085796,0.8564433324083963
4100.0,-739.8708388845381,3.9824414,40.110729,0.856109442984211
4100.0,-739.8778531166803,3.9821208,40.060825,0.8557755537530088
4100.0,-739.869574742391,3.9820004,40.07333,0.8554416648993064
4100.0,-739.8698397314199,3.9814794,40.110729,0.8551077759260195
4100.0,-739.8784381662074,3.981359,40.085796,0.8547738864307985
4100.0,-739.8702135578112,3.9809983,40.048359,0.8544399972888111
4100.0,-739.8770839108713,3.9808381,40.060825,0.8541061084047333
4100.0,-739.8691614142132,3.9802768,40.123234,0.8537722197375578
4100.0,-739.8771452760054,3.9799562,40.110729,0.8534383308257872
4100.0,-739.870439069405,3.9799161,40.023388,0.8531044415820308
4100.0,-739.8778042029145,3.9796755,40.123234,0.8527705523729023
4100.0,-739.8700692591362,3.979435,40.060825,0.8524366632960341
4100.0,-739.8759257624888,3.9791143,40.060825,0.852102774934601
4100.0,-739.8701957233792,3.978914,40.035892,0.8517688858006617
4100.0,-739.8772273930618,3.9785132,40.07333,0.8514349968518339
4100.0,-739.8726946620419,3.9784329,40.123234,0.851101106590172
4100.0,-739.8720077999276,3.9780722,40.085796,0.8507672166384775
4100.0,-739.8778449013577,3.9776313,40.060825,0.8504333274109829
4100.0,-739.8693269652422,3.9774709,40.035892,0.8500994386690973
4100.0,-739.8774299942352,3.9771905,40.110729,0.8497655496288404
4100.0,-739.8689444597026,3.9769499,40.085796,0.8494316610595724
4100.0,-739.877716055398,3.9765892,40.060825,0.8490977718902228
4100.0,-739.8706569883109,3.9761882,40.060825,0.8487638825481236
4100.0,-739.8770703854635,3.9761481,40.060825,0.8484299936701495
4100.0,-739.8709509200442,3.9757473,40.098263,0.8480961041954047
4100.0,-739.8780851125861,3.9755471,40.085796,0.8477622148595084
4100.0,-739.8693677487624,3.9752665,40.07333,0.8474283260992181
4100.0,-739.8771343749701,3.9749458,40.085796,0.8470944371923671
4100.0,-739.8692862183517,3.9746652,40.085796,0.84676054846887
4100.0,-739.8698713841104,3.9744647,40.148167,0.8464266594812988
4100.0,-739.8766260226264,3.974144,40.098263,0.846092770803855
4100.0,-739.8690284803209,3.9738233,40.07333,0.8457588821966701
4100.0,-739.8759471248959,3.973583,40.07333,0.8454249938255968
4100.0,-739.8689755752252,3.9733424,40.085796,0.8450911052422867
4100.0,-739.8765743744443,3.9727812,40.07333,0.8447572165881506
4100.0,-739.8696037949846,3.9727812,40.060825,0.8444233277213373
4100.0,-739.8769245349529,3.9724205,40.123234,0.844089438909182
4100.0,-739.8697185161762,3.9720597,40.098263,0.8437555499905972
4100.0,-739.8773369273885,3.971699,40.1357,0.8434216609923391
4100.0,-739.8696162216714,3.9715786,40.060825,0.8430877721199177
4100.0,-739.8783975410244,3.9712579,40.098263,0.84275388264303
4100.0,-739.8707296442487,3.9710577,40.07333,0.8424199932681428
4100.0,-739.8788472871557,3.9708571,40.07333,0.8420861035882952
4100.0,-739.8716041397473,3.9702961,39.985989,0.8417522138187649
4100.0,-739.8704134591875,3.9702158,40.048359,0.8414183245865656
4100.0,-739.8780983694585,3.9700155,40.123234,0.8410844352446869
4100.0,-739.8718773440673,3.9696548,40.048359,0.8407505453518647
4100.0,-739.8793043086588,3.9692538,40.1357,0.8404166554657743
4100.0,-739.874187990062,3.9690936,40.07333,0.8400827645302023
4100.0,-739.8812924664081,3.9688129,40.110729,0.8397488737469037
4100.0,-739.8726780239083,3.9684522,40.023388,0.8394149834927502
4100.0,-739.879299718795,3.9681315,40.048359,0.8390810936087312
4100.0,-739.8718372196777,3.9676907,40.085796,0.8387472037340163
4100.0,-739.8798042137234,3.9676504,40.07333,0.8384133136223307
4100.0,-739.8732031435645,3.9673297,40.07333,0.8380794231312009
4100.0,-739.8810293423884,3.9670093,40.098263,0.837745532466644
4100.0,-739.8725339206601,3.9666483,40.060825,0.8374116422775213
4100.0,-739.8741490375678,3.9664481,40.123234,0.8370777513595279
4100.0,-739.8813911241025,3.9663277,40.110729,0.8367438605317075
4100.0,-739.8710374309214,3.9662075,40.085796,0.8364099710179218
4100.0,-739.8783630072835,3.9656463,40.1357,0.8360760815566183
4100.0,-739.8701658529603,3.9656062,40.110729,0.835742192436159
4100.0,-739.8787217003027,3.9651654,40.085796,0.835408302812986
4100.0,-739.8712458040482,3.9649649,40.085796,0.8350744132051656
4100.0,-739.8785085402479,3.9644439,40.085796,0.8347405236781865
4100.0,-739.8721500968084,3.9642835,40.060825,0.8344066336622764
4100.0,-739.8783587466813,3.9642835,40.060825,0.8340727442028956
4100.0,-739.8711419469988,3.9637625,40.110729,0.833738854641944
4100.0,-739.8772855722472,3.963522,40.085796,0.8334049656668611
4100.0,-739.8673007295533,3.9632814,40.07333,0.8330710778393767
4100.0,-739.8683205123203,3.9629207,40.098263,0.8327371895516841
4100.0,-739.8774710344228,3.9627604,40.085796,0.8324033004929066
4100.0,-739.8697201887122,3.9622793,40.035892,0.832069411573567
4100.0,-739.877927359954,3.9621191,40.123234,0.8317355223088607
4100.0,-739.8711691686688,3.9618385,40.010921,0.8314016327356245
4100.0,-739.8800809366159,3.9615178,40.035892,0.8310677424990605
4100.0,-739.8717172981899,3.9613974,40.048359,0.830733852678464
4100.0,-739.8797984765599,3.9610767,40.123234,0.8303999625693673
4100.0,-739.8710996864718,3.9609566,40.085796,0.830066073027487
4100.0,-739.8798483055155,3.9606359,40.085796,0.8297321828959038
4100.0,-739.8701273767039,3.9602752,40.085796,0.8293982937928082
4100.0,-739.8775386373658,3.9598744,40.123234,0.8290644047035232
4100.0,-739.8702884965077,3.9596739,40.060825,0.8287305155277173
4100.0,-739.8703762399548,3.9593132,40.048359,0.8283966263123144
4100.0,-739.8777478917618,3.9589524,40.085796,0.8280627371285978
4100.0,-739.8695898545589,3.9587519,40.048359,0.8277288482680756
4100.0,-739.8780022629788,3.9583111,40.098263,0.8273949589695673
4100.0,-739.8695570911076,3.9581509,40.110729,0.8270610701238306
4100.0,-739.8760734805717,3.9579103,40.098263,0.8267271816957358
4100.0,-739.8677091016164,3.9575496,40.148167,0.826393293683961
4100.0,-739.8756601115551,3.9575896,40.110729,0.8260594054424099
4100.0,-739.8696445177793,3.9570684,40.110729,0.8257255165572192
4100.0,-739.8768718489521,3.9569082,40.07333,0.8253916277688398
4100.0,-739.8688480978326,3.9568279,40.035892,0.825057739243058
4100.0,-739.8760931827042,3.9563069,40.035892,0.824723850806072
4100.0,-739.8685225502433,3.9561868,40.035892,0.8243899624272036
4100.0,-739.8690614025692,3.9557457,40.048359,0.8240560738051615
4100.0,-739.8753204734514,3.9553049,40.048359,0.8237221857168809
4100.0,-739.8671587257105,3.9555051,40.07333,0.8233882979534802
4100.0,-739.8743501559227,3.9549842,40.035892,0.8230544103030808
4100.0,-739.8685593906447,3.9546235,40.07333,0.8227205219075869
4100.0,-739.8772064945167,3.9545434,40.07333,0.8223866329681901
4100.0,-739.8681879933263,3.9541824,40.098263,0.8220527447403008
4100.0,-739.8768303937086,3.953902,39.998455,0.8217188559706291
4100.0,-739.8683359299575,3.9537416,40.060825,0.8213849676759788
4100.0,-739.8763586139596,3.9534209,40.110729,0.8210510791192102
4100.0,-739.8677424389163,3.9526193,40.07333,0.8207171910923909
4100.0,-739.8745192362079,3.9527395,40.07333,0.8203833033656895
4100.0,-739.8684732340424,3.9524989,40.07333,0.8200494150090766
4100.0,-739.8680411312865,3.9522183,40.048359,0.8197155268474632
4100.0,-739.8762807203635,3.9518976,40.098263,0.8193816383258461
4100.0,-739.8684132486144,3.9517374,40.07333,0.8190477499963034
4100.0,-739.8750364877213,3.9513767,40.048359,0.8187138620361788
4100.0,-739.8680587704964,3.9510961,40.07333,0.8183799738666051
4100.0,-739.8748152582505,3.9508555,40.098263,0.8180460860063161
4100.0,-739.8682017265588,3.9504147,40.098263,0.8177121977722293
4100.0,-739.8759805845973,3.9501741,40.110729,0.8173783093860562
4100.0,-739.8674073085087,3.9500539,40.07333,0.8170444215104748
4100.0,-739.875821281888,3.9497733,40.110729,0.8167105331961912
4100.0,-739.8680939754521,3.9494526,40.048359,0.8163766450107305
4100.0,-739.876006451432,3.9490919,40.07333,0.8160427566128844
4100.0,-739.8676404618009,3.9488914,39.998455,0.8157088686320854
4100.0,-739.869153211149,3.9487312,40.048359,0.8153749799686119
4100.0,-739.8767833964746,3.9486911,40.098263,0.8150410912201489
4100.0,-739.8689870863224,3.94821,40.098263,0.8147072026316443
4100.0,-739.8751964981692,3.9479694,40.098263,0.8143733145993108
4100.0,-739.867687312299,3.9475286,40.048359,0.8140394265973692
4100.0,-739.8751055919356,3.9473283,40.085796,0.8137055386060595
4100.0,-739.8675036094996,3.9471278,40.085796,0.8133716506870193
4100.0,-739.8759348200479,3.9466066,39.985989,0.8130377623214988
4100.0,-739.8691351939264,3.9466467,40.023388,0.812703873666156
4100.0,-739.8756894574817,3.9462059,39.985989,0.8123699854113617
4100.0,-739.8678106513507,3.9459653,40.098263,0.8120360973537596
4100.0,-739.8731593169686,3.9456046,40.07333,0.8117022102407573
4100.0,-739.867011106571,3.9456046,40.048359,0.8113683225439743
4100.0,-739.8666642334704,3.9450033,40.035892,0.8110344350037283
4100.0,-739.8741691612889,3.9450836,40.010921,0.8107005474350074
4100.0,-739.8666849974111,3.9448431,39.998455,0.810366659885391
4100.0,-739.8758766779531,3.9444823,40.023388,0.8100327715461086
4100.0,-739.8663894419985,3.9442418,40.023388,0.8096988841298708
4100.0,-739.873679546775,3.943881,40.085796,0.8093649967821013
4100.0,-739.8671568090957,3.9437208,40.060825,0.8090311090195654
4100.0,-739.8761687572467,3.9434001,39.911114,0.8086972205484746
4100.0,-739.8685043004526,3.9430392,40.07333,0.808363332177842
4100.0,-739.8765843474489,3.942879,40.07333,0.8080294435192052
4100.0,-739.8694692374644,3.9424381,40.010921,0.8076955547131152
4100.0,-739.8770021236392,3.9424782,40.085796,0.8073616658659458
4100.0,-739.8702614576795,3.9422376,40.098263,0.807027776702342
4100.0,-739.8706838315588,3.9421175,40.048359,0.8066938873481291
4100.0,-739.877115136853,3.9413958,40.035892,0.8063599984499596
4100.0,-739.869844858303,3.9415162,40.035892,0.8060261094743592
4100.0,-739.8775177752461,3.941035,40.035892,0.8056922203944886
4100.0,-739.869755296108,3.9407947,40.060825,0.8053583314593058
4100.0,-739.8772052125656,3.940434,40.010921,0.8050244425204874
4100.0,-739.8698596409056,3.9401534,40.085796,0.8046905535382158
4100.0,-739.8772075324378,3.9399929,39.948551,0.8043566645983504
4100.0,-739.8711241246403,3.9396322,40.085796,0.8040227750454417
4100.0,-739.8786139117378,3.939472,39.998455,0.803688885470911
4100.0,-739.8702613846247,3.9393916,40.035892,0.8033549963073402
4100.0,-739.8769359609854,3.9389508,40.048359,0.8030211074900285
4100.0,-739.8693613524749,3.9386301,40.023388,0.8026872187326248
4100.0,-739.8685362827083,3.9386301,40.048359,0.8023533303475592
4100.0,-739.8758055102263,3.9384699,40.048359,0.8020194420403931
4100.0,-739.8691737922479,3.9378686,40.048359,0.8016855533676317
4100.0,-739.8771612304082,3.9375479,40.085796,0.8013516644486615
4100.0,-739.8688640403597,3.9372673,40.023388,0.801017775915685
4100.0,-739.8743238617027,3.9371068,40.098263,0.8006838882771515
4100.0,-739.8695953600173,3.9367061,40.060825,0.8003499994141448
4100.0,-739.8760800358244,3.9365859,40.035892,0.8000161109830919
4100.0,-739.8700943443106,3.9363453,40.010921,0.7996822218949031
4100.0,-739.8761346017268,3.9361851,40.023388,0.7993483334392258
4100.0,-739.8697279031072,3.9358644,39.961014,0.7990144445164049
4100.0,-739.8777684727097,3.9358242,40.048359,0.7986805553234007
4100.0,-739.8687014067657,3.9354234,40.123234,0.7983466668638176
4100.0,-739.8689149919551,3.9349425,40.07333,0.7980127783078479
4100.0,-739.8778390539458,3.9349425,39.961014,0.797678889082992
4100.0,-739.8711398842744,3.9344614,40.060825,0.7973449995229712
4100.0,-739.8792278432273,3.9343412,40.023388,0.7970111096713879
4100.0,-739.8706177308077,3.9339805,40.035892,0.7966772203470048
4100.0,-739.8789754984325,3.9339404,39.97348,0.7963433306092986
4100.0,-739.8715095722737,3.9336998,40.035892,0.7960094408824449
4100.0,-739.8787613123769,3.933259,40.035892,0.7956755512413957
4100.0,-739.8699816742303,3.9331386,40.060825,0.7953416622040527
4100.0,-739.8777637729045,3.9327378,40.085796,0.7950077730131694
4100.0,-739.8697668189204,3.9325373,40.023388,0.7946738840727865
4100.0,-739.8768527573553,3.932297,40.023388,0.7943399952930227
4100.0,-739.8705637515299,3.9320965,40.048359,0.7940061059929996
4100.0,-739.8705155096646,3.9318159,40.048359,0.793672216714747
4100.0,-739.8782306943054,3.9314151,40.060825,0.7933383273131532
4100.0,-739.8713584011248,3.9312146,40.023388,0.7930044376545199
4100.0,-739.8769981192942,3.9310143,40.048359,0.7926705488091578
4100.0,-739.8713436551519,3.9305332,40.010921,0.7923366591571792
4100.0,-739.8791438220197,3.930413,39.998455,0.7920027693435125
4100.0,-739.8711823277455,3.9304531,39.998455,0.7916688797643379
4100.0,-739.879183556109,3.9299321,40.010921,0.7913349899327402
4100.0,-739.8718004034743,3.9295712,40.023388,0.7910011000746399
4100.0,-739.879592420442,3.929451,39.948551,0.7906672100585316
4100.0,-739.8718058357246,3.9291303,40.023388,0.7903333201979796
4100.0,-739.877878422041,3.9289298,39.985989,0.789999430955358
4100.0,-739.870177449237,3.9286494,40.048359,0.7896655418296655
4100.0,-739.8693044803182,3.9284489,39.998455,0.7893316530979272
4100.0,-739.8773780407852,3.9282887,39.97348,0.7889977640811154
4100.0,-739.8696590315421,3.927968,40.023388,0.788663875189375
4100.0,-739.877654128483,3.9276474,40.048359,0.7883299860479716
4100.0,-739.8707384213662,3.9274068,39.998455,0.7879960966691232
4100.0,-739.8789711402183,3.9272063,39.97348,0.7876622069333837
4100.0,-739.8715667252413,3.9268456,39.985989,0.7873283171807379
4100.0,-739.8776782137954,3.9265249,40.035892,0.7869944280284654
4100.0,-739.8710493813707,3.9262843,40.023388,0.7866605385092869
4100.0,-739.8779710249746,3.9261241,40.048359,0.7863266492248755
4100.0,-739.8691691899476,3.9259636,40.010921,0.785992760554191
4100.0,-739.876630820146,3.9254427,40.023388,0.7856588718745823
4100.0,-739.871538746881,3.9251621,40.010921,0.7853249821345625
4100.0,-739.8701250817182,3.9252822,40.035892,0.7849910930325026
4100.0,-739.8796617082161,3.9249616,40.07333,0.7846572029851262
4100.0,-739.8722034165464,3.9246008,40.010921,0.7843233129451539
4100.0,-739.8799728061019,3.9243202,40.023388,0.7839894227573866
4100.0,-739.8720057244647,3.9241199,40.023388,0.7836555328066288
4100.0,-739.8774959739429,3.9238393,40.010921,0.7833216437365969
4100.0,-739.8689363052905,3.9237592,40.010921,0.7829877551710086
4100.0,-739.8769877678639,3.9233582,39.936085,0.7826538663303179
4100.0,-739.8686931303397,3.9230778,39.998455,0.7823199778744698
4100.0,-739.8772941413879,3.9227972,40.023388,0.78198608889552
4100.0,-739.8697579201472,3.9224765,39.92358,0.781652199959153
4100.0,-739.8783526068426,3.9223964,40.035892,0.7813183105025429
4100.0,-739.8710141155359,3.9221158,39.998455,0.7809844209992792
4100.0,-739.8708039359906,3.9218752,40.010921,0.7806505315908654
4100.0,-739.8784612500755,3.9215145,39.985989,0.7803166420852272
4100.0,-739.870773003105,3.9217148,39.948551,0.7799827526907728
4100.0,-739.8775544335327,3.9211137,40.010921,0.7796488635943593
4100.0,-739.8704803899908,3.920753,39.97348,0.7793149743319556
4100.0,-739.8780802174545,3.920753,39.998455,0.7789810849982683
4100.0,-739.8702182820742,3.9205124,39.985989,0.7786471958541489
4100.0,-739.8784523508034,3.9199512,39.998455,0.7783133063525267
4100.0,-739.8710996011388,3.9199111,39.985989,0.7779794168106849
4100.0,-739.8799026762449,3.9195905,39.97348,0.7776455266545655
4100.0,-739.8702725171975,3.9192297,39.97348,0.7773116374859708
4100.0,-739.878860544028,3.9190292,39.948551,0.7769777478001408
4100.0,-739.8696787582885,3.9187086,40.010921,0.7766438588994979
4100.0,-739.8771114011969,3.9185884,39.961014,0.7763099700030144
4100.0,-739.8694422235505,3.9182677,39.998455,0.7759760812091151
4100.0,-739.8692226076548,3.9182677,39.985989,0.7756421925143243
4100.0,-739.8766602757582,3.9178269,39.97348,0.7753083038214229
4100.0,-739.8703560498628,3.9174662,40.010921,0.7749744146151315
4100.0,-739.8769240711933,3.9176264,40.010921,0.7746405258031854
4100.0,-739.868999854699,3.9171052,39.998455,0.7743066372089187
4100.0,-739.8774155044734,3.9168649,39.998455,0.7739727481752006
4100.0,-739.8708517628552,3.9163036,39.936085,0.7736388587452034
4100.0,-739.879055051996,3.9165843,39.961014,0.7733049689715967
4100.0,-739.8706319395616,3.916023,39.936085,0.7729710796408016
4100.0,-739.8783912300064,3.9159029,40.035892,0.7726371901667618
4100.0,-739.8719312258365,3.9155421,39.985989,0.7723033002496238
4100.0,-739.8803161913726,3.9154217,40.010921,0.7719694099068949
4100.0,-739.8717292003963,3.9150209,40.023388,0.7716355200809272
4100.0,-739.8722180404031,3.9149408,39.936085,0.7713016300343554
4100.0,-739.8788768161817,3.9148204,39.948551,0.7709677403411821
4100.0,-739.8705277898837,3.9144998,39.985989,0.7706338510573877
4100.0,-739.879183238614,3.914139,39.961014,0.7702999612259332
4100.0,-739.8707531549076,3.9138184,40.023388,0.7699660718404361
4100.0,-739.8780597704929,3.9137783,40.048359,0.769632182515976
4100.0,-739.8713459134566,3.9136982,39.97348,0.7692982928629782
4100.0,-739.8801853317806,3.9132574,39.948551,0.7689644025793031
4100.0,-739.8716975350185,3.9128966,39.97348,0.7686305127676254
4100.0,-739.8798958401273,3.9126561,39.985989,0.768296622614591
4100.0,-739.8728782795084,3.9124956,40.010921,0.767962732270066
4100.0,-739.8805636906092,3.9121349,39.97348,0.7676288418156465
4100.0,-739.8732913998278,3.9120548,39.985989,0.7672949512846883
4100.0,-739.8719637693047,3.9114935,39.961014,0.7669610613528641
4100.0,-739.880118216949,3.9114935,39.97348,0.7666271710994763
4100.0,-739.8718717409977,3.9112129,39.97348,0.7662932812091827
4100.0,-739.8800969153193,3.9110126,39.985989,0.7659593909654079
4100.0,-739.8708799000125,3.9106519,39.985989,0.765625501522713
4100.0,-739.8788269500334,3.910732,40.023388,0.7652916118520431
4100.0,-739.8694010250298,3.9102912,40.035892,0.7649577230767359
4100.0,-739.8787386563545,3.9099305,40.035892,0.764623833445911
4100.0,-739.871001407987,3.90973,39.985989,0.7642899439483818
4100.0,-739.8762143871958,3.9094093,39.998455,0.7639560554566993
4100.0,-739.8695725206137,3.9091287,39.985989,0.7636221666039995
4100.0,-739.8779206098865,3.9090486,39.961014,0.7632882773423394
4100.0,-739.8708774828597,3.9087279,39.92358,0.7629543879007353
4100.0,-739.871264981195,3.9085674,39.985989,0.7626204982842607
4100.0,-739.8780017989634,3.908287,39.961014,0.7622866089859618
4100.0,-739.8714274682189,3.9079664,39.985989,0.76195271929616
4100.0,-739.8773045666411,3.9079261,39.948551,0.7616188303125055
4100.0,-739.8716635997229,3.9076054,39.985989,0.761284940516142
4100.0,-739.8799296296531,3.907325,39.92358,0.7609510503478593
4100.0,-739.8717370490832,3.9071245,39.97348,0.7606171605183495
4100.0,-739.8800135165675,3.906884,39.936085,0.7602832703122105
4100.0,-739.8725286836319,3.9065232,39.948551,0.7599493801254513
4100.0,-739.8806390328881,3.9061625,40.048359,0.7596154896370317
4100.0,-739.8726689908431,3.9061625,40.023388,0.7592815993869547
4100.0,-739.8805339537228,3.9060023,39.92358,0.7589477089459549
4100.0,-739.8744399176252,3.9056013,39.961014,0.7586138178966928
4100.0,-739.8728754229011,3.9052806,39.948551,0.758279927553457
4100.0,-739.8791420764113,3.9051204,40.035892,0.757946037740578
4100.0,-739.8702831620219,3.9048398,39.936085,0.7576121485671795
4100.0,-739.8779920577108,3.9047196,39.998455,0.7572782592732766
4100.0,-739.8715200579429,3.904439,39.961014,0.7569443695416909
4100.0,-739.8790489852129,3.9042385,39.97348,0.7566104797708217
4100.0,-739.8691197273301,3.9041183,39.948551,0.7562765911224588
4100.0,-739.8785303542898,3.9038377,40.048359,0.7559427015856356
4100.0,-739.870876787304,3.9034369,39.92358,0.7556088121443454
4100.0,-739.8791196882593,3.9032364,39.961014,0.7552749223415698
4100.0,-739.8700437224851,3.9029157,39.97348,0.7549410332762256
4100.0,-739.877857852911,3.9028356,39.948551,0.7546071440428863
4100.0,-739.8702032304274,3.902595,39.961014,0.7542732549055593
4100.0,-739.8687366239483,3.9021542,39.985989,0.7539393664300835
4100.0,-739.8766672948217,3.9020338,39.998455,0.7536054777340145
4100.0,-739.8691385020105,3.9017935,39.998455,0.7532715890771791
4100.0,-739.8781561209515,3.9015529,40.023388,0.7529376997092383
4100.0,-739.8691197640621,3.9013524,39.911114,0.7526038110608588
4100.0,-739.8764778650335,3.9012723,39.998455,0.752269922450275
4100.0,-739.8695632316009,3.9008715,40.035892,0.7519360336017671
4100.0,-739.8763490922316,3.9007111,39.998455,0.7516021450492955
4100.0,-739.8691266854439,3.9003503,40.010921,0.7512682563977924
4100.0,-739.8760805970937,3.9001501,39.985989,0.7509343679664862
4100.0,-739.8709423995394,3.8999095,39.873672,0.7506004784955865
4100.0,-739.8772790169432,3.8996289,39.961014,0.7502665895234619
4100.0,-739.8699324678676,3.8993082,39.92358,0.7499327005083248
4100.0,-739.86998205255,3.899148,40.010921,0.7495988114708111
4100.0,-739.8765204067994,3.8989074,39.97348,0.7492649228410293
4100.0,-739.86919460525,3.8987873,39.97348,0.7489310341588754
4100.0,-739.8762747874644,3.8985868,40.010921,0.7485971456399356
4100.0,-739.8688386255689,3.898226,40.07333,0.7482632571184286
4100.0,-739.8782492977908,3.8979454,39.936085,0.7479293677084393
4100.0,-739.8696668808429,3.8977048,39.936085,0.7475954788131566
4100.0,-739.8771290524021,3.8975046,39.92358,0.7472615899087075
4100.0,-739.8694896720444,3.8972239,39.985989,0.7469277010933956
4100.0,-739.875953399386,3.8968232,40.010921,0.7465938127194907
4100.0,-739.8702882647069,3.8965826,39.998455,0.7462599235437894
4100.0,-739.8788401336967,3.8965025,39.936085,0.74592603386717
4100.0,-739.8712716706226,3.8961418,39.998455,0.7455921442476767
4100.0,-739.87213297021,3.8961418,40.023388,0.7452582542394954
4100.0,-739.8787135707743,3.8956206,39.97348,0.7449243646199909
4100.0,-739.8722941998519,3.8955405,39.97348,0.7445904745390498
4100.0,-739.8793774779954,3.89538,40.048359,0.7442565846199398
4100.0,-739.8697452007294,3.8951797,40.023388,0.7439226956893128
4100.0,-739.878232793783,3.8950193,39.97348,0.7435888062867715
4100.0,-739.8715408831719,3.8947387,40.010921,0.7432549165457877
4100.0,-739.8795943979558,3.8946185,39.998455,0.7429210265287869
4100.0,-739.8716339859168,3.8942578,39.97348,0.7425871367457876
4100.0,-739.8779155807173,3.8938971,39.97348,0.7422532474863971
4100.0,-739.8690922983135,3.8936965,39.898647,0.7419193588504123
4100.0,-739.8776822782015,3.893496,40.010921,0.7415854696963055
4100.0,-739.8694724357103,3.8933759,39.948551,0.7412515808887721
4100.0,-739.8694507439529,3.8931754,39.998455,0.7409176920910276
4100.0,-739.877899003347,3.892895,39.92358,0.7405838028391181
4100.0,-739.8700254236843,3.8927746,39.985989,0.7402499137820319
4100.0,-739.8766970068447,3.8922937,39.985989,0.7399160250725546
4100.0,-739.8685521032214,3.8918126,39.92358,0.7395821366803494
4100.0,-739.8772768929092,3.8917725,39.948551,0.7392482477091834
4100.0,-739.8691544564062,3.8917325,39.961014,0.7389143590451479
4100.0,-739.8773410653617,3.8914118,39.936085,0.7385804700450224
4100.0,-739.8679786805652,3.8910511,39.97348,0.7382465819115918
4100.0,-739.8774227920212,3.8909709,39.97348,0.7379126928745849
4100.0,-739.8695400747566,3.8906503,39.948551,0.7375788040365274
4100.0,-739.8762490426448,3.8905299,39.961014,0.7372449155292057
4100.0,-739.8692800541207,3.8901291,39.961014,0.7369110268084903
4100.0,-739.8686724271757,3.8900089,39.97348,0.7365771383619854
4100.0,-739.8770956176152,3.8894877,40.010921,0.7362432494726245
4100.0,-739.8701998612084,3.8895278,39.92358,0.7359093603368181
4100.0,-739.877782608551,3.8894477,39.936085,0.7355754711374346
4100.0,-739.869348876778,3.8892071,39.97348,0.7352415823856608
4100.0,-739.8776047391399,3.8888464,39.92358,0.7349076932665457
4100.0,-739.8698450289178,3.8887262,39.961014,0.7345738042908683
4100.0,-739.8775397116099,3.8883655,39.97348,0.7342399152010984
4100.0,-739.8697341533873,3.8880048,39.961014,0.7339060262754568
4100.0,-739.8769486928605,3.8880448,39.985989,0.7335721374523996
4100.0,-739.8703582839694,3.8878043,39.985989,0.7332382482451
4100.0,-739.8775755271485,3.8874836,39.936085,0.7329043591391674
4100.0,-739.8711570104634,3.887203,39.911114,0.732570469571418
4100.0,-739.8679640078007,3.8870828,39.985989,0.7322365814446089
4100.0,-739.8772035403198,3.8865216,39.898647,0.7319026925065452
4100.0,-739.8695879015189,3.886281,39.948551,0.7315688036469042
4100.0,-739.8759686091645,3.8865216,39.961014,0.7312349152661355
4100.0,-739.8691300059596,3.8859606,39.998455,0.730901026613134
4100.0,-739.8750455450246,3.8858001,39.961014,0.7305671386489221
4100.0,-739.868943825026,3.8855596,39.985989,0.7302332500799404
4100.0,-739.8766844700401,3.8854394,39.886139,0.7298993613761208
4100.0,-739.8692754277246,3.8853993,39.985989,0.7295654726574932
4100.0,-739.8770599971984,3.8850787,40.010921,0.729231583784207
4100.0,-739.868692434068,3.8847179,39.886139,0.7288976953286733
4100.0,-739.8771317751028,3.8846376,39.936085,0.7285638064229956
4100.0,-739.8703930616464,3.8843172,39.97348,0.7282299172000013
4100.0,-739.8692642824643,3.8839161,39.911114,0.7278960284864034
4100.0,-739.8766035247887,3.883796,39.961014,0.7275621398191123
4100.0,-739.868864565147,3.8835154,39.985989,0.7272282512858993
4100.0,-739.8767329198929,3.8831947,39.911114,0.7268943625602152
4100.0,-739.8691921759213,3.8831546,39.998455,0.7265604738791577
4100.0,-739.8770050043712,3.882874,40.010921,0.7262265850306885
4100.0,-739.8685891754748,3.8826334,39.948551,0.7258926966217533
4100.0,-739.8771531861113,3.8823931,39.97348,0.7255588077064132
4100.0,-739.8706501404444,3.8819921,39.948551,0.7252249183674043
4100.0,-739.8777390291712,3.8821526,39.936085,0.7248910291876873
4100.0,-739.8701014121601,3.8816714,39.948551,0.7245571400963089
4100.0,-739.8773528451101,3.8814712,39.911114,0.7242232510908675
4100.0,-739.8696625108548,3.8812706,39.948551,0.7238893621975568
4100.0,-739.868978040979,3.8811905,39.948551,0.7235554736131342
4100.0,-739.8762571243903,3.88095,39.998455,0.7232215851021655
4100.0,-739.871195303469,3.8806694,39.97348,0.722887695517135
4100.0,-739.8777743811036,3.880389,40.023388,0.7225538063214644
4100.0,-739.8713530298559,3.8802686,39.985989,0.7222199166652552
4100.0,-739.8789785256849,3.8802285,39.84874,0.7218860269261829
4100.0,-739.8709127609725,3.8795471,39.961014,0.7215521374686584
4100.0,-739.8781785581143,3.8795071,39.936085,0.7212182480905924
4100.0,-739.8712035186578,3.8792264,39.985989,0.7208843585018547
4100.0,-739.8773463394818,3.8792264,40.023388,0.7205504694993491
4100.0,-739.8688859880135,3.8789859,39.961014,0.7202165809564681
4100.0,-739.8758666680116,3.8784649,39.936085,0.719882692621703
4100.0,-739.8674392422147,3.8783445,39.911114,0.7195488047317106
4100.0,-739.8683108564474,3.8782244,39.948551,0.7192149164483754
4100.0,-739.8772839240462,3.8778636,39.961014,0.7188810274740365
4100.0,-739.8688382104659,3.8780239,39.985989,0.7185471389527166
4100.0,-739.8764143635872,3.8774629,39.961014,0.7182132503707895
4100.0,-739.8690990122973,3.8772624,39.948551,0.7178793617317749
4100.0,-739.8752362567639,3.8770218,39.961014,0.7175454736814992
4100.0,-739.8677565501102,3.8767815,39.998455,0.7172115856483119
4100.0,-739.8760272278597,3.8764608,39.961014,0.71687769724109
4100.0,-739.8687613917845,3.8760598,39.92358,0.7165438087544369
4100.0,-739.8771671632562,3.8762202,39.948551,0.7162099198327893
4100.0,-739.8688486227223,3.8759396,39.985989,0.7158760313067705
4100.0,-739.8770805662261,3.8757391,39.961014,0.715542142424202
4100.0,-739.8688724995761,3.875659,39.936085,0.7152082538874083
4100.0,-739.8762445505465,3.8752182,39.985989,0.7148743653821137
4100.0,-739.869643297027,3.8748174,39.998455,0.7145404764974739
4100.0,-739.8691542242475,3.8744967,39.911114,0.7142065878335432
4100.0,-739.8762983351944,3.874697,39.92358,0.7138726993039769
4100.0,-739.8697000104892,3.8744164,40.035892,0.7135388103937433
4100.0,-739.8750271737003,3.8741357,39.961014,0.713204922437822
4100.0,-739.8680974296458,3.8739355,39.861206,0.7128710342508022
4100.0,-739.8760818182675,3.8736949,39.97348,0.7125371458189448
4100.0,-739.8708976244019,3.8732541,39.985989,0.7122032563682513
4100.0,-739.8788404145615,3.8732541,39.898647,0.7118693666915052
4100.0,-739.8708274707963,3.8730536,39.948551,0.7115354772724706
4100.0,-739.8771961553647,3.8726928,39.97348,0.7112015883377396
4100.0,-739.8697034890856,3.8725326,39.97348,0.7108676994259362
4100.0,-739.8769453969702,3.8723722,39.92358,0.7105338106043665
4100.0,-739.8679249210145,3.8721716,39.898647,0.7101999224951965
4100.0,-739.8659943268792,3.8718913,39.961014,0.7098660352572664
4100.0,-739.874126497201,3.8718913,39.97348,0.7095321477077988
4100.0,-739.8656949141413,3.8715305,39.936085,0.709198260604988
4100.0,-739.8750352791839,3.8712099,39.92358,0.7088643726454088
4100.0,-739.8676164142812,3.8709292,40.023388,0.708530484675462
4100.0,-739.8761004457976,3.8709292,39.948551,0.7081965962351985
4100.0,-739.8676820509704,3.8708489,39.886139,0.7078627082356311
4100.0,-739.8761730174907,3.870368,39.961014,0.7075288197626177
4100.0,-739.869066443966,3.8702478,40.023388,0.7071949311383005
4100.0,-739.8770457270127,3.8701274,39.961014,0.7068610422714542
4100.0,-739.8695878036009,3.8696065,39.92358,0.7065271534118575
4100.0,-739.8768740345821,3.8693259,39.985989,0.7061932646224919
4100.0,-739.8677748239455,3.8692055,39.911114,0.7058593765810578
4100.0,-739.869260107596,3.8691654,39.92358,0.7055254878693439
4100.0,-739.8771980226811,3.8688447,39.97348,0.7051915989337703
4100.0,-739.8689693620864,3.8687646,39.92358,0.7048577103532642
4100.0,-739.8762582473381,3.8683639,39.985989,0.7045238218417886
4100.0,-739.8687175806841,3.8679631,39.84874,0.7041899333749067
4100.0,-739.8764462608307,3.8681233,39.92358,0.7038560447785851
4100.0,-739.8678311957689,3.8676825,39.948551,0.7035221567117115
4100.0,-739.8768275495555,3.8676424,39.92358,0.7031882679433235
4100.0,-739.869629002224,3.8672817,40.023388,0.7028543790651346
4100.0,-739.8767095684102,3.866961,39.97348,0.7025204903499886
4100.0,-739.8683278487538,3.866961,39.948551,0.7021866020589852
4100.0,-739.8769262560047,3.86656,39.936085,0.7018527132460533
4100.0,-739.8698598119807,3.8660791,39.961014,0.7015188242637044
4100.0,-739.8687642239378,3.8661592,39.961014,0.7011849357757732
4100.0,-739.8750289921085,3.8658385,39.97348,0.7008510478190312
4100.0,-739.8679560611957,3.8657184,39.911114,0.7005171596958083
4100.0,-739.8763822955736,3.865598,39.92358,0.7001832711283528
4100.0,-739.8678596504179,3.8653977,39.985989,0.6998493830486382
4100.0,-739.874559910248,3.8649969,39.998455,0.6995154953035817
4100.0,-739.8663992930935,3.8649969,39.898647,0.6991816078828982
4100.0,-739.8746178699084,3.8648765,39.961014,0.6988477201116858
4100.0,-739.866697253125,3.8645558,39.961014,0.6985138325565386
4100.0,-739.8738502629828,3.8643556,39.886139,0.6981799451317291
4100.0,-739.8659781035925,3.8640349,39.998455,0.6978460579011202
4100.0,-739.8738399845569,3.8637543,39.998455,0.697512170480949
4100.0,-739.8671070903772,3.8635137,39.97348,0.6971782827408503
4100.0,-739.8684449868425,3.8633132,39.948551,0.6968443943969846
4100.0,-739.8772917976755,3.8632731,39.97348,0.6965105054190925
4100.0,-739.8681616390035,3.8631129,39.898647,0.6961766172030962
4100.0,-739.8752736958957,3.8630729,39.936085,0.6958427291359253
4100.0,-739.8679247254854,3.8623915,39.92358,0.6955088410268436
4100.0,-739.8752153338157,3.8623915,39.92358,0.6951749529860101
4100.0,-739.8676249346837,3.8619504,39.961014,0.6948410650122182
4100.0,-739.8751629287309,3.8620708,39.898647,0.6945071769950337
4100.0,-739.8679020937356,3.8616698,39.948551,0.6941732888961654
4100.0,-739.8762166817951,3.8615897,39.936085,0.6938394004034474
4100.0,-739.8673751923703,3.8613493,40.023388,0.6935055125423594
4100.0,-739.8760969915181,3.8610287,39.948551,0.6931716241036547
4100.0,-739.8675450763485,3.8607881,39.948551,0.6928377361659013
4100.0,-739.8674972375127,3.8606677,39.911114,0.6925038482497368
4100.0,-739.8740896318725,3.8604274,39.961014,0.6921699607169056
4100.0,-739.8674772424894,3.8600667,39.97348,0.6918360728097643
4100.0,-739.8758041796227,3.860347,40.035892,0.6915021845031988
4100.0,-739.8687989158726,3.8596656,39.92358,0.6911682959996118
4100.0,-739.8758534967288,3.859746,39.936085,0.6908344076707905
4100.0,-739.8688979874217,3.8593049,39.861206,0.6905005191224944
4100.0,-739.8762935137322,3.8591447,39.92358,0.6901666305951041
4100.0,-739.8693174438658,3.8589442,40.023388,0.6898327418575154
4100.0,-739.8749267577102,3.8587036,39.936085,0.6894988539469094
4100.0,-739.868197661375,3.8585434,39.985989,0.689164965714657
4100.0,-739.8742036463261,3.8584633,39.92358,0.6888310781303738
4100.0,-739.8686004063749,3.8582227,40.010921,0.6884971897163704
4100.0,-739.8667617425261,3.8580222,39.998455,0.6881633021321206
4100.0,-739.8752842429082,3.8577418,39.936085,0.6878294140601899
4100.0,-739.869192212244,3.8577819,40.023388,0.6874955253791158
4100.0,-739.8755052282978,3.8573809,40.010921,0.6871616372074599
4100.0,-739.8685049351803,3.8571005,39.961014,0.6868277488365407
4100.0,-739.8761011175201,3.8566594,39.998455,0.6864938603959742
4100.0,-739.8683511150779,3.8565392,39.911114,0.6861599720944711
4100.0,-739.8761935253318,3.8563788,39.886139,0.685826083612203
4100.0,-739.8672850433322,3.8562987,39.998455,0.6854921957917975
4100.0,-739.8751889175807,3.8560581,39.961014,0.685158307762885
4100.0,-739.8687137601419,3.8558578,39.92358,0.6848244192977272
4100.0,-739.875126014801,3.8553767,40.010921,0.6844905312972012
4100.0,-739.868264250335,3.8554571,40.023388,0.6841566430348984
4100.0,-739.8680075621859,3.8551364,39.936085,0.6838227548884342
4100.0,-739.8748696041165,3.8549359,39.948551,0.6834888670036202
4100.0,-739.8681543512221,3.8548958,39.911114,0.6831549787909128
4100.0,-739.8767320655317,3.8544548,40.023388,0.6828210900656145
4100.0,-739.8681049738353,3.8543746,40.010921,0.6824872018751901
4100.0,-739.8767899640056,3.854054,39.886139,0.6821533131237635
4100.0,-739.8690866466941,3.8539338,40.010921,0.6818194244903293
4100.0,-739.8763438556625,3.8536932,39.92358,0.6814855359402208
4100.0,-739.8702200273069,3.8536532,39.97348,0.6811516467953136
4100.0,-739.8769804680379,3.8533325,39.97348,0.6808177579579171
4100.0,-739.8697814550553,3.8531723,39.998455,0.6804838690109292
4100.0,-739.8773360484707,3.8528917,39.998455,0.6801499800130677
4100.0,-739.8706429260247,3.8527312,39.948551,0.6798160906773146
4100.0,-739.8686047759537,3.852531,39.911114,0.6794822022613392
4100.0,-739.8759238338835,3.8522904,39.985989,0.6791483139007765
4100.0,-739.8678975899159,3.8520498,39.985989,0.6788144258039406
4100.0,-739.8761908516417,3.8519297,39.985989,0.678480537322879
4100.0,-739.8687358790756,3.851649,39.97348,0.6781466488477395
4100.0,-739.8755319857656,3.8516891,39.92358,0.6778127606640083
4100.0,-739.868662808086,3.8512883,39.92358,0.6774788722218442
4100.0,-739.876476840107,3.8511679,39.898647,0.6771449836117229
4100.0,-739.8677587348997,3.8509276,39.961014,0.6768110955775496
4100.0,-739.8755803628698,3.8506069,39.961014,0.6764772073719871
4100.0,-739.8670272931257,3.8504865,39.998455,0.6761433196678994
4100.0,-739.8750776500775,3.8502462,39.886139,0.6758094316891992
4100.0,-739.8689062519277,3.8498051,40.010921,0.6754755431371735
4100.0,-739.8694179434628,3.8496048,39.861206,0.6751416543542315
4100.0,-739.8770038937016,3.8496048,39.97348,0.6748077655062634
4100.0,-739.8693078977286,3.8492842,39.961014,0.6744738767729829
4100.0,-739.8765940764745,3.8492441,39.886139,0.6741399881099556
4100.0,-739.870470771208,3.8490036,40.010921,0.6738060988518927
4100.0,-739.8766149872466,3.8486829,40.023388,0.6734722101794288
4100.0,-739.870996952666,3.8485224,39.961014,0.6731383206839104
4100.0,-739.877927457873,3.8483622,39.998455,0.6728044314191599
4100.0,-739.8701230797706,3.8483222,39.898647,0.6724705423180034
4100.0,-739.8780275319141,3.8479614,39.998455,0.6721366530080919
4100.0,-739.869486827306,3.8476808,40.023388,0.6718027641940637
4100.0,-739.877698245343,3.8476408,39.961014,0.6714688750327514
4100.0,-739.8705806585543,3.8473601,39.961014,0.6711349857250984
4100.0,-739.8703252879501,3.8469594,39.92358,0.6708010965326893
4100.0,-739.8769431386941,3.8470395,39.898647,0.6704672077121385
4100.0,-739.8683191695542,3.8466787,39.948551,0.6701333194250519
4100.0,-739.8760305114718,3.846318,39.97348,0.6697994310163481
4100.0,-739.8710087325005,3.846278,39.998455,0.6694655415155136
4100.0,-739.8778587198574,3.8461175,39.92358,0.669131652281783
4100.0,-739.8704802679258,3.8458769,39.985989,0.6687977630194343
4100.0,-739.8784116157814,3.8457167,39.97348,0.668463873536195
4100.0,-739.8721265126343,3.8455162,39.985989,0.6681299835309278
4100.0,-739.8785507159174,3.8452759,39.948551,0.6677960939849159
4100.0,-739.870702117621,3.8449552,40.010921,0.6674622046224508
4100.0,-739.877316748809,3.8447146,39.948551,0.6671283156332987
4100.0,-739.8682998216902,3.8446345,39.97348,0.6667944273549433
4100.0,-739.8679113102052,3.8443539,39.936085,0.6664605392519157
4100.0,-739.8758961115502,3.8442736,39.998455,0.6661266509038634
4100.0,-739.869008228685,3.8439932,40.023388,0.6657927623058175
4100.0,-739.8766479464562,3.8440733,39.948551,0.6654588736184801
4100.0,-739.8683079879712,3.8437126,39.998455,0.6651249853364395
4100.0,-739.8758816585209,3.8436725,39.985989,0.6647910969949095
4100.0,-739.8690864145353,3.8431113,39.985989,0.6644572083615798
4100.0,-739.8765048918043,3.8432314,39.97348,0.6641233197387996
4100.0,-739.8678304876282,3.8429108,39.985989,0.6637894316722457
4100.0,-739.8759183528749,3.8429508,39.97348,0.6634555433141562
4100.0,-739.8678196965918,3.8427505,39.998455,0.6631216552524722
4100.0,-739.8768837392047,3.8423898,40.035892,0.662787766458727
4100.0,-739.8687283961744,3.8422294,40.048359,0.6624538779869643
4100.0,-739.8687593163726,3.8417885,39.985989,0.6621199895012478
4100.0,-739.8759295464394,3.8418686,39.948551,0.6617861011381072
4100.0,-739.8680661677066,3.841548,39.961014,0.6614522129651953
4100.0,-739.8748551637748,3.8412273,39.961014,0.6611183250868979
4100.0,-739.8699353852516,3.8408666,39.92358,0.6607844360704442
4100.0,-739.8775967917387,3.8407865,39.936085,0.6604505469549156
4100.0,-739.8694916499475,3.8408666,39.985989,0.6601166581387111
4100.0,-739.8764769983941,3.8403857,39.898647,0.6597827695285184
4100.0,-739.8702918776465,3.8404257,39.998455,0.6594488803511867
4100.0,-739.8766326143045,3.8401051,39.998455,0.6591149916707683
4100.0,-739.868787856457,3.8399847,39.97348,0.6587811031721722
4100.0,-739.8768359236255,3.8397844,39.961014,0.6584472144000051
4100.0,-739.8689444474245,3.8395839,39.985989,0.6581133258307427
4100.0,-739.8701318564788,3.8395038,39.961014,0.6577794367256253
4100.0,-739.8780913015379,3.839143,39.948551,0.6574455473869361
4100.0,-739.8702875198343,3.8390629,39.985989,0.6571116582115709
4100.0,-739.8770776242563,3.8384616,40.023388,0.65677776933033
4100.0,-739.870007308646,3.8384616,40.023388,0.6564438802814189
4100.0,-739.877167126933,3.8383012,39.961014,0.6561099913597875
4100.0,-739.869983261024,3.8382211,39.873672,0.6557761023217286
4100.0,-739.8776639923135,3.8376999,39.97348,0.6554422131758738
4100.0,-739.8686966825027,3.8376999,40.023388,0.6551083247184228
4100.0,-739.8756238931367,3.8375797,39.92358,0.6547744364932162
4100.0,-739.8712739653013,3.8374596,39.948551,0.6544405468726873
4100.0,-739.8788553927927,3.8372991,40.023388,0.6541066571891819
4100.0,-739.8699243380116,3.8366978,40.023388,0.6537727681777137
4100.0,-739.8690770027412,3.8367379,39.97348,0.6534388795486314
4100.0,-739.8762273878109,3.8366978,40.023388,0.653104991051082
4100.0,-739.8694496694127,3.8364575,39.961014,0.6527711022538226
4100.0,-739.8761743480432,3.8360565,39.998455,0.6524372137802089
4100.0,-739.8691167001592,3.8359363,39.936085,0.652103325133212
4100.0,-739.8767940777293,3.8356957,39.985989,0.6517694363799289
4100.0,-739.869672959434,3.8356156,39.948551,0.651435547481903
4100.0,-739.877650051901,3.8354554,39.985989,0.6511016583423394
4100.0,-739.8702866042956,3.8351347,40.023388,0.6507677691673873
4100.0,-739.8797876242796,3.8349342,40.035892,0.6504338790631881
4100.0,-739.8715898088261,3.8348541,39.998455,0.650099989300125
4100.0,-739.878211236152,3.8345735,40.035892,0.6497660999073122
4100.0,-739.8707196956962,3.834373,39.936085,0.6494322105369144
4100.0,-739.8775324118862,3.8341327,39.961014,0.6490983214504387
4100.0,-739.8700670006781,3.8340123,39.97348,0.6487644323745896
4100.0,-739.8702037557263,3.8337717,39.985989,0.6484305432370256
4100.0,-739.877287708406,3.8335314,39.97348,0.6480966542609788
4100.0,-739.8697824439556,3.833411,40.010921,0.6477627653135447
4100.0,-739.8778189371155,3.8331304,40.048359,0.647428876097767
4100.0,-739.8710849156869,3.8330102,39.97348,0.6470949865625525
4100.0,-739.8779205854323,3.83285,40.023388,0.6467610973009034
4100.0,-739.8701959676115,3.832449,40.010921,0.646427208166854
4100.0,-739.878570418101,3.8324089,39.985989,0.6460933186119509
4100.0,-739.870314582656,3.8324089,39.898647,0.6457594294243728
4100.0,-739.8781921564753,3.831928,39.998455,0.6454255400401702
4100.0,-739.8719355100824,3.831888,39.961014,0.6450916501210989
4100.0,-739.8792143546543,3.8316875,39.898647,0.6447577602756025
4100.0,-739.8702993850017,3.8317676,39.936085,0.6444238710948829
4100.0,-739.8713534939689,3.8314068,39.911114,0.6440899814384642
4100.0,-739.8785767289144,3.8311262,39.948551,0.6437560918807131
4100.0,-739.8721344476774,3.8306453,39.911114,0.6434222018718652
4100.0,-739.8787470908949,3.8308458,40.023388,0.6430883122372338
4100.0,-739.8709118212869,3.8305652,39.961014,0.6427544227801335
4100.0,-739.878793649284,3.8305252,39.936085,0.6424205331244914
4100.0,-739.870210273874,3.8301642,40.023388,0.642086643983986
4100.0,-739.8790073221601,3.8298435,40.010921,0.6417527542319185
4100.0,-739.8715400898006,3.8294027,39.985989,0.6414188644912926
4100.0,-739.8790863876122,3.8295231,39.936085,0.6410849747035448
4100.0,-739.8719333738939,3.8292825,40.060825,0.6407510847854374
4100.0,-739.8795761731519,3.8293226,40.023388,0.640417194776661
4100.0,-739.8725200534426,3.8288414,40.060825,0.6400833045937967
4100.0,-739.8716093886443,3.8286011,40.023388,0.6397494148218976
4100.0,-739.8772719123414,3.8284407,39.961014,0.6394155258529792
4100.0,-739.8694983998448,3.8282804,39.985989,0.6390816370337287
4100.0,-739.876561740079,3.8280799,40.035892,0.6387477483852941
4100.0,-739.8694281000273,3.8279998,39.911114,0.6384138595977685
4100.0,-739.8777449009349,3.8277192,40.023388,0.6380799704154015
4100.0,-739.87222908795,3.8274786,39.961014,0.6377460803638443
4100.0,-739.8777695955553,3.8273184,39.961014,0.6374121911703333
4100.0,-739.8709104908501,3.8273985,39.998455,0.6370783017138333
4100.0,-739.8792305533431,3.8270378,40.010921,0.636744411861027
4100.0,-739.870065523927,3.8267572,40.060825,0.6364105227858443
4100.0,-739.877935636719,3.8265567,39.97348,0.6360766335174028
4100.0,-739.871381460051,3.8264766,40.010921,0.6357427438483637
4100.0,-739.8698129736073,3.8261158,39.836239,0.635408854887152
4100.0,-739.8779894455141,3.8260758,39.998455,0.635074965594428
4100.0,-739.8691912726607,3.8258753,39.985989,0.634741076913778
4100.0,-739.8760608337235,3.825635,40.010921,0.6344071884913906
4100.0,-739.8677567578151,3.8255146,39.998455,0.6340733004581094
4100.0,-739.8755405429862,3.8253543,39.985989,0.6337394122705167
4100.0,-739.8677762525049,3.8253143,39.998455,0.633405524228438
4100.0,-739.8750786385785,3.8249133,39.911114,0.6330716362492917
4100.0,-739.8702622392842,3.8245926,40.010921,0.6327377470853351
4100.0,-739.8765607388904,3.8245525,39.961014,0.6324038584373524
4100.0,-739.8679783629711,3.8244324,39.985989,0.6320699703040651
4100.0,-739.8768687612804,3.8241117,39.936085,0.6317360815170792
4100.0,-739.8686823146447,3.8239915,40.010921,0.6314021930661121
4100.0,-739.8684411782715,3.8238311,40.010921,0.6310683047239654
4100.0,-739.8768656234726,3.8234704,40.010921,0.6307344159383954
4100.0,-739.8686321197397,3.8233502,39.985989,0.6304005275100804
4100.0,-739.8759361019991,3.8231497,39.998455,0.6300666391439813
4100.0,-739.868021551366,3.8228691,40.010921,0.6297327509912038
4100.0,-739.8751877212703,3.8227489,39.985989,0.6293988629628312
4100.0,-739.8683155687904,3.822829,39.985989,0.6290649746773694
4100.0,-739.8756098550098,3.8224683,39.985989,0.628731086458498
4100.0,-739.8684861852608,3.8223081,40.098263,0.6283971980960402
4100.0,-739.8767885236651,3.8221877,40.035892,0.6280633093452637
4100.0,-739.8697170758503,3.821867,39.911114,0.6277294204273288
4100.0,-739.8787016074662,3.8219874,39.985989,0.6273955308132232
4100.0,-739.8701461386968,3.8214262,40.023388,0.6270616417016606
4100.0,-739.869580467321,3.8214662,39.985989,0.6267277528453745
4100.0,-739.8776670561449,3.8210654,40.060825,0.6263938636981372
4100.0,-739.8684122233913,3.820945,40.060825,0.6260599753690571
4100.0,-739.8774423235373,3.8206646,39.92358,0.6257260863232362
4100.0,-739.8700316006026,3.8206244,40.023388,0.6253921972633625
4100.0,-739.878831576783,3.820344,39.948551,0.6250583075906047
4100.0,-739.8713118680672,3.8200233,40.023388,0.6247244179529708
4100.0,-739.8771919680738,3.819983,39.985989,0.6243905290201295
4100.0,-739.8689896253867,3.819943,39.985989,0.624056640430479
4100.0,-739.8778168126722,3.8196623,39.998455,0.62372275121566
4100.0,-739.8693179810336,3.8195422,39.985989,0.6233888624778291
4100.0,-739.8786648764822,3.8191013,40.023388,0.6230549728802992
4100.0,-739.8709784468765,3.8191414,39.985989,0.6227210833931319
4100.0,-739.8704084666986,3.8189809,39.961014,0.6223871941631858
4100.0,-739.8779338907526,3.8189008,39.985989,0.6220533048955323
4100.0,-739.872489548245,3.8185401,40.060825,0.6217194147264343
4100.0,-739.8801300822357,3.8184199,40.035892,0.6213855244676919
4100.0,-739.8713718654152,3.8181393,39.97348,0.6210516348029825
4100.0,-739.8787606898699,3.8177385,40.035892,0.6207177451622143
4100.0,-739.8716813610489,3.8177385,40.085796,0.6203838553578356
4100.0,-739.8784577342,3.8178988,39.97348,0.6200499658537841
4100.0,-739.8707565609608,3.8173776,39.936085,0.6197160764667498
4100.0,-739.8781773006174,3.8172574,39.985989,0.6193821870892512
4100.0,-739.87076216357,3.8168967,40.010921,0.6190482976996885
4100.0,-739.8787558313683,3.8169367,39.961014,0.6187144080611127
4100.0,-739.870374470217,3.8166962,39.985989,0.6183805188465086
4100.0,-739.8717937139444,3.8166561,40.010921,0.6180466289914271
4100.0,-739.8781743341933,3.8164158,40.023388,0.6177127396152673
4100.0,-739.8709066211954,3.8159747,40.010921,0.6173788501605136
4100.0,-739.8797711689755,3.8159747,39.985989,0.6170449600637402
4100.0,-739.8733575618161,3.8155339,39.998455,0.6167110695029244
4100.0,-739.8800672766589,3.8155339,39.948551,0.6163771792725248
4100.0,-739.8724276465603,3.8152132,40.010921,0.6160432891313617
4100.0,-739.8790087507339,3.8151731,39.998455,0.6157093993786495
4100.0,-739.8708162525836,3.8147724,39.985989,0.6153755099646775
4100.0,-739.878088103362,3.814692,40.010921,0.6150416206274316
4100.0,-739.8722098619463,3.8146119,40.035892,0.6147077305845505
4100.0,-739.8796940324356,3.8143713,39.961014,0.6143738405225871
4100.0,-739.8722695053775,3.8139305,39.998455,0.6140399504527901
4100.0,-739.8715738787819,3.8141711,39.985989,0.613706060696916
4100.0,-739.8797224625075,3.8136899,39.985989,0.6133721706221228
4100.0,-739.8727249475636,3.81373,39.998455,0.6130382803467935
4100.0,-739.8798092794204,3.8135297,40.035892,0.6127043902328219
4100.0,-739.8722136585462,3.8134496,39.961014,0.6123705001882276
4100.0,-739.8782082791413,3.8130085,40.023388,0.6120366107967491
4100.0,-739.8705686464588,3.8128483,40.035892,0.611702721494517
4100.0,-739.8777257476911,3.8130085,39.97348,0.6113688323207934
4100.0,-739.8708651908229,3.8124073,39.936085,0.6110349428847366
4100.0,-739.8791338243052,3.8124473,39.985989,0.6107010530755816
4100.0,-739.8700461514045,3.8122871,39.97348,0.6103671640091414
4100.0,-739.8776925076168,3.812247,40.048359,0.6100332748504184
4100.0,-739.8707901300614,3.8118863,40.023388,0.609699385448235
4100.0,-739.870856596854,3.8116858,40.048359,0.6093654960160563
4100.0,-739.8780711108847,3.8116457,39.97348,0.6090316066864787
4100.0,-739.8706918760306,3.811285,39.97348,0.6086977173286354
4100.0,-739.8780834402892,3.8108442,40.023388,0.6083638279934938
4100.0,-739.8692333255341,3.8110044,40.023388,0.6080299392938662
4100.0,-739.8771715818897,3.8110044,40.023388,0.6076960503702244
4100.0,-739.8698255836474,3.8104832,40.07333,0.6073621614033221
4100.0,-739.8767278175659,3.8104031,40.010921,0.6070282726799408
4100.0,-739.8687208768481,3.810323,40.035892,0.6066943842115714
4100.0,-739.8771206175546,3.8100023,40.07333,0.6063604953109286
4100.0,-739.8687517726947,3.8098018,40.07333,0.6060266068286165
4100.0,-739.8766290866624,3.8098421,40.010921,0.60569271814979
4100.0,-739.868905604666,3.8092008,40.023388,0.6053588295980565
4100.0,-739.8695191397408,3.809401,40.035892,0.6050249407694465
4100.0,-739.8766188691162,3.8090003,39.985989,0.6046910520952309
4100.0,-739.8676083697583,3.8089201,40.060825,0.6043571641289144
4100.0,-739.8757415086973,3.8086395,40.098263,0.6040232758506306
4100.0,-739.8691467901518,3.8085191,40.035892,0.6036893871900548
4100.0,-739.8747331169956,3.8085191,40.07333,0.6033554993668343
4100.0,-739.8683095503621,3.8079982,40.010921,0.6030216110840885
4100.0,-739.8767082252725,3.8079982,40.035892,0.6026877223695487
4100.0,-739.8675514853234,3.8079181,40.023388,0.602353834428903
4100.0,-739.8753316061362,3.8076775,39.97348,0.6020199463355984
4100.0,-739.868811306339,3.8073969,39.911114,0.60168605782642
4100.0,-739.8759830746766,3.8072367,40.010921,0.6013521694391233
4100.0,-739.8697051739508,3.8071563,40.023388,0.6010182805265596
4100.0,-739.8689194839569,3.8067155,39.97348,0.6006843919685626
4100.0,-739.8759815857347,3.8065953,40.060825,0.6003505035819379
4100.0,-739.8706890435702,3.8064749,40.010921,0.6000166142253728
4100.0,-739.8759080748582,3.8063147,40.048359,0.5996827258719217
4100.0,-739.8668632923118,3.8058336,39.985989,0.5993488382418443
4100.0,-739.8759267880292,3.8060741,40.048359,0.5990149498799484
4100.0,-739.8682106984892,3.8057134,40.035892,0.5986810616418127
4100.0,-739.8769621082757,3.8054328,39.998455,0.5983471728127013
4100.0,-739.8701345421133,3.8055129,40.07333,0.5980132837063722
4100.0,-739.8769619131539,3.8051922,40.010921,0.597679394877349
4100.0,-739.868469266521,3.8050721,40.010921,0.5973455065225265
4100.0,-739.8749105712997,3.8048716,40.035892,0.597011618619225
4100.0,-739.8683310591756,3.8046713,40.010921,0.5966777303267727
4100.0,-739.8670774762642,3.8045108,40.048359,0.5963438426000383
4100.0,-739.8740783892974,3.8044307,40.060825,0.5960099550722806
4100.0,-739.8680344663129,3.80407,40.035892,0.595676066913675
4100.0,-739.8737742737426,3.8039095,40.07333,0.5953421795231575
4100.0,-739.8676306593578,3.8035488,39.961014,0.5950082915467823
4100.0,-739.8756262617125,3.8036292,40.048359,0.5946744033205067
4100.0,-739.8691653571273,3.8032281,39.961014,0.5943405146515519
4100.0,-739.8772838020824,3.803148,40.048359,0.5940066256772679
4100.0,-739.8692351319528,3.8028674,40.085796,0.5936727369768251
4100.0,-739.8775954125849,3.8026671,39.961014,0.5933388478619187
4100.0,-739.8686558259276,3.8025868,40.035892,0.5930049594229055
4100.0,-739.8764720908819,3.8025067,40.010921,0.5926710708149275
4100.0,-739.8688455102185,3.8024266,40.035892,0.5923371822903134
4100.0,-739.8682834886167,3.8023465,40.010921,0.5920032940193288
4100.0,-739.8743971040949,3.8018653,39.998455,0.5916694063477428
4100.0,-739.8672196143478,3.8017452,40.023388,0.5913355185568642
4100.0,-739.8758915824126,3.8017051,40.035892,0.5910016302108557
4100.0,-739.8677125564751,3.8011439,39.998455,0.5906677421975218
4100.0,-739.8759152640777,3.8013444,40.060825,0.5903338538408265
4100.0,-739.8683657881494,3.8009033,39.985989,0.5899999655327016
4100.0,-739.8766205417201,3.8008633,40.085796,0.5896660768577313
4100.0,-739.8694225089799,3.8006227,40.048359,0.5893321880727288
4100.0,-739.8773352308419,3.8006227,39.985989,0.5889982990752364
4100.0,-739.8694231073338,3.8001018,40.07333,0.5886644102899639
4100.0,-739.8769107288336,3.7999814,39.961014,0.588330521484039
4100.0,-739.8691423103768,3.7999814,40.023388,0.5879966328254846
4100.0,-739.8768955306173,3.7998211,40.035892,0.5876627440264184
4100.0,-739.8696929181345,3.7998612,40.023388,0.5873288551193855
4100.0,-739.8693985471002,3.7993803,40.085796,0.5869949663451965
4100.0,-739.8761768137194,3.7990997,39.998455,0.5866610778704701
4100.0,-739.8697371562065,3.7991798,40.060825,0.5863271889434734
4100.0,-739.877643703946,3.7989793,40.010921,0.5859932998067743
4100.0,-739.8703946848141,3.7986186,40.010921,0.5856594105830476
4100.0,-739.8782569150094,3.7984583,40.060825,0.585325521169621
4100.0,-739.872205846182,3.7983379,40.048359,0.5849916311285521
4100.0,-739.879743276077,3.7982979,40.048359,0.5846577410443663
4100.0,-739.8709383834681,3.7980576,40.010921,0.584323851575279
4100.0,-739.8766807102369,3.797817,40.060825,0.583989962873156
4100.0,-739.8687442653396,3.7975764,40.035892,0.5836560743942317
4100.0,-739.8757504320141,3.7972558,40.035892,0.5833221861119211
4100.0,-739.8680527279723,3.7971756,40.07333,0.5829882979450745
4100.0,-739.8685882599361,3.7969351,39.961014,0.5826544095365525
4100.0,-739.8768714955432,3.7970152,40.048359,0.5823205207483325
4100.0,-739.8699202120512,3.7964942,40.048359,0.5819866317387263
4100.0,-739.877739785818,3.7964542,40.035892,0.5816527425586677
4100.0,-739.870029403228,3.7965343,40.035892,0.5813188534997856
4100.0,-739.8776210230601,3.7962136,40.110729,0.5809849643733219
4100.0,-739.8689492207488,3.7960532,40.035892,0.5806510758019053
4100.0,-739.8760189631683,3.7958529,40.098263,0.580317187398413
4100.0,-739.867955170111,3.7954521,40.023388,0.5799832992755922
4100.0,-739.8766681737394,3.7954521,40.023388,0.5796494105791267
4100.0,-739.869564036841,3.7953718,39.985989,0.5793155217302554
4100.0,-739.8763880697253,3.795011,40.085796,0.578981633160194
4100.0,-739.8711946200892,3.7949309,40.060825,0.5786477435754721
4100.0,-739.8708026300077,3.7948508,40.07333,0.5783138541676477
4100.0,-739.8780191942694,3.7942495,40.098263,0.5779799648614987
4100.0,-739.8692435426707,3.7942495,40.048359,0.5776460761572603
4100.0,-739.8782988462395,3.7942495,40.023388,0.5773121867249111
4100.0,-739.8711174480025,3.7940893,40.048359,0.5769782971750154
4100.0,-739.8778342077736,3.7938488,40.060825,0.5766444079523465
4100.0,-739.8707001156733,3.7939689,40.07333,0.5763105185907847
4100.0,-739.8775415916139,3.7935681,40.160633,0.5759766295001666
4100.0,-739.8701870320039,3.793448,40.035892,0.5756427403701496
4100.0,-739.8784072701012,3.7933676,40.023388,0.5753088508888713
4100.0,-739.870526251742,3.7930069,40.07333,0.5749749616057711
4100.0,-739.878934287168,3.7928867,40.023388,0.5746410718866626
4100.0,-739.870910502719,3.7925661,40.048359,0.5743071824301572
4100.0,-739.8702564166921,3.7923656,40.098263,0.5739732932688283
4100.0,-739.8775558734638,3.7920449,40.010921,0.5736394041717651
4100.0,-739.8712946075862,3.7921653,40.023388,0.5733055145419206
4100.0,-739.8789594581843,3.7920449,40.07333,0.572971624811453
4100.0,-739.8709973432126,3.791604,39.998455,0.5726377353157582
4100.0,-739.8777974276766,3.7915239,40.060825,0.5723038461096873
4100.0,-739.8697274643689,3.7912033,40.07333,0.5719699571870644
4100.0,-739.8771046017094,3.7912834,40.085796,0.5716360682936493
4100.0,-739.8706478939574,3.7908826,40.023388,0.5713021789556543
4100.0,-739.879388549903,3.7907622,40.07333,0.5709682890315478
4100.0,-739.8717314705186,3.7907221,40.085796,0.5706343992045556
4100.0,-739.8791525137382,3.7903214,39.998455,0.5703005093869666
4100.0,-739.872314084986,3.7902412,39.97348,0.5699666192970517
4100.0,-739.8726623993335,3.7901208,40.048359,0.5696327290499493
4100.0,-739.8793170037503,3.7897201,40.023388,0.56929883915813
4100.0,-739.871756177578,3.7896399,40.048359,0.5689649493199879
4100.0,-739.8788835665562,3.7894795,40.060825,0.5686310596237684
4100.0,-739.8703634714758,3.7891991,40.07333,0.5682971704141276
4100.0,-739.8790207258087,3.7892392,39.998455,0.5679632806560114
4100.0,-739.8699027562458,3.7888784,40.048359,0.5676293916542827
4100.0,-739.8773406626353,3.7887981,39.998455,0.5672955026543389
4100.0,-739.8714431176057,3.7885978,40.07333,0.5669616129574748
4100.0,-739.8795488896635,3.7884774,40.085796,0.5666277229610108
4100.0,-739.8723831645628,3.788197,40.110729,0.5662938328399216
4100.0,-739.8793682369788,3.7881167,39.998455,0.565959942924982
4100.0,-739.8708382500662,3.7880766,40.098263,0.5656260535010829
4100.0,-739.8721924794004,3.7879565,40.07333,0.5652921634660463
4100.0,-739.8797964741317,3.7875557,40.035892,0.5649582733578533
4100.0,-739.8724433206056,3.7875557,40.035892,0.5646243832096168
4100.0,-739.8780338671816,3.7871547,40.085796,0.5642904938968464
4100.0,-739.8712780302803,3.7867539,40.085796,0.563956604274483
4100.0,-739.8777034821169,3.7867539,40.023388,0.5636227151108074
4100.0,-739.8707377131233,3.7867539,40.098263,0.5632888257322788
4100.0,-739.8783328801023,3.7865536,40.110729,0.5629549362845709
4100.0,-739.8718339359452,3.7865133,40.085796,0.562621046411338
4100.0,-739.878594649013,3.7859523,40.07333,0.5622871568455001
4100.0,-739.8706959163511,3.7861526,40.010921,0.5619532674858335
4100.0,-739.8782591369625,3.7857518,40.023388,0.5616193780714042
4100.0,-739.8720994501195,3.7857118,40.048359,0.5612854880783498
4100.0,-739.8722476789701,3.7854311,40.060825,0.5609515980184027
4100.0,-739.8782501529705,3.7851505,40.035892,0.5606177086080276
4100.0,-739.8717551885754,3.7849903,40.060825,0.560283818770332
4100.0,-739.8785693071245,3.7848699,40.023388,0.5599499292159301
4100.0,-739.8716348648256,3.7847097,40.110729,0.5596160394325342
4100.0,-739.8792997431981,3.7844291,40.07333,0.5592821495485041
4100.0,-739.8724207006222,3.7844291,40.023388,0.5589482594104757
4100.0,-739.8794906255026,3.7839882,40.148167,0.5586143694403048
4100.0,-739.8719983277149,3.7836676,40.110729,0.5582804794928852
4100.0,-739.8791399279231,3.7837877,40.098263,0.5579465896809759
4100.0,-739.8716772836893,3.7836676,40.07333,0.5576126998784371
4100.0,-739.878817257689,3.7833068,40.07333,0.5572788102121412
4100.0,-739.8709622357657,3.7833469,40.1357,0.5569449207322898
4100.0,-739.8727646445724,3.7832668,40.110729,0.556611030439046
4100.0,-739.8789588479555,3.7830663,40.048359,0.5562771407088538
4100.0,-739.8704784738876,3.7826655,40.048359,0.5559432514473148
4100.0,-739.8786451007314,3.7827857,40.085796,0.5556093618587092
4100.0,-739.8717208869825,3.7825451,40.048359,0.5552754720364932
4100.0,-739.878425532149,3.7821043,40.110729,0.5549415825469737
4100.0,-739.8710562540491,3.7823048,40.07333,0.5546076930246936
4100.0,-739.8795733776002,3.7820241,40.123234,0.5542738030171788
4100.0,-739.8716425670959,3.781543,40.07333,0.553939913230307
4100.0,-739.8786633994093,3.7815831,40.098263,0.5536060236334436
4100.0,-739.8705177802474,3.7816234,40.110729,0.5532721343541664
4100.0,-739.8792767568908,3.7810621,40.048359,0.5529382444805094
4100.0,-739.8712131872693,3.7808616,40.085796,0.5526043548874084
4100.0,-739.8717607063633,3.7809017,40.035892,0.5522704650472227
4100.0,-739.878427057721,3.7807014,40.060825,0.5519365755570147
4100.0,-739.871882397691,3.7806613,40.098263,0.551602685661912
4100.0,-739.8775728782194,3.7801001,40.123234,0.5512687965571749
4100.0,-739.870924882855,3.7802203,40.098263,0.55093490709418
4100.0,-739.8781659970603,3.7799397,40.07333,0.5506010177217825
4100.0,-739.8721446522288,3.7797794,40.1357,0.5502671277083294
4100.0,-739.8790113135107,3.7797794,40.1357,0.5499332379544607
4100.0,-739.8724685279984,3.7792583,40.060825,0.5495993477948486
4100.0,-739.8800449377221,3.7791381,40.123234,0.54926545757453
4100.0,-739.8718245485027,3.7790179,40.148167,0.5489315677055335
4100.0,-739.8796466936618,3.7788174,40.048359,0.548597677664933
4100.0,-739.8708862229382,3.7788174,40.035892,0.5482637882193846
4100.0,-739.8716420301328,3.7785769,40.085796,0.5479298984327551
4100.0,-739.8792091788624,3.7785368,40.085796,0.5475960085895946
4100.0,-739.8724914404057,3.778096,40.098263,0.5472621184196426
4100.0,-739.8787344079793,3.778096,40.023388,0.5469282287907348
4100.0,-739.871025248518,3.7778554,40.160633,0.5465943392824469
4100.0,-739.8803902150703,3.7776952,40.048359,0.5462604489063129
4100.0,-739.8725408668028,3.7776148,40.085796,0.5459265587140557
4100.0,-739.8800888950673,3.7773342,40.148167,0.5455926684739002
4100.0,-739.8717972665165,3.7774146,40.023388,0.5452587786172155
4100.0,-739.8796110971875,3.7770939,40.123234,0.5449248885926787
4100.0,-739.8710179485608,3.7768133,40.110729,0.5445909990876852
4100.0,-739.8784050119273,3.7764926,40.123234,0.5442571096074259
4100.0,-739.8721658925606,3.7764926,40.1357,0.5439232195843875
4100.0,-739.8713406401057,3.776212,40.098263,0.5435893299337694
4100.0,-739.8786260211571,3.7761719,40.085796,0.543255440353774
4100.0,-739.8717795659672,3.7759714,40.060825,0.5429215505050773
4100.0,-739.8791466909851,3.7756107,40.048359,0.542587660690116
4100.0,-739.8711095496915,3.7754104,40.1357,0.5422537711437846
4100.0,-739.8783307925961,3.7753701,40.160633,0.5419198816970188
4100.0,-739.8711600498101,3.7751298,40.1357,0.5415859921278977
4100.0,-739.8780469167051,3.77525,40.085796,0.5412521028092383
4100.0,-739.8719967769882,3.7748091,40.098263,0.5409182128625184
4100.0,-739.8786583456836,3.7748492,40.085796,0.5405843232679357
4100.0,-739.8714684105362,3.7746086,40.1357,0.5402504335596574
4100.0,-739.8787951502994,3.7742078,40.173141,0.539916543903338
4100.0,-739.8718102911479,3.7740877,40.098263,0.5395826540407755
4100.0,-739.8719487547991,3.7739272,40.185604,0.5392487641157271
4100.0,-739.87959383684,3.7738872,40.110729,0.5389148740989795
4100.0,-739.872213426285,3.7736466,40.160633,0.53858098405449
4100.0,-739.880120817072,3.7735665,40.110729,0.5382470937999289
4100.0,-739.872104186405,3.7732859,40.1357,0.5379132038047372
4100.0,-739.8807888010798,3.7730453,40.023388,0.5375793132487307
4100.0,-739.8731588567892,3.7730856,40.085796,0.5372454227775866
4100.0,-739.8800726116586,3.7727246,40.1357,0.5369115325447794
4100.0,-739.8720858752238,3.7726045,40.098263,0.5365776425578511
4100.0,-739.8795558727109,3.7724442,40.185604,0.5362437525582359
4100.0,-739.8723462383168,3.7721636,40.123234,0.5359098624538109
4100.0,-739.8797106338508,3.7720833,40.1357,0.5355759723843556
4100.0,-739.870161885797,3.7719231,40.210575,0.5352420832656867
4100.0,-739.8719061648602,3.771883,40.110729,0.5349081933598583
4100.0,-739.8776878449532,3.7715223,40.123234,0.5345743042032394
4100.0,-739.8711183999661,3.7713218,40.210575,0.534240414652914
4100.0,-739.8783488098975,3.7710412,40.098263,0.5339065251980174
4100.0,-739.8710121870523,3.7712817,40.1357,0.533572635695624
4100.0,-739.8780459524536,3.7708409,40.035892,0.5332387463773998
4100.0,-739.87028915528,3.7706404,40.148167,0.5329048572012965
4100.0,-739.8782829039615,3.7703998,40.110729,0.5325709677761417
4100.0,-739.8699698703,3.7704802,40.085796,0.5322370787441256
4100.0,-739.8759398982278,3.7701995,40.123234,0.5319031903763134
4100.0,-739.8705636535607,3.7700391,40.1357,0.5315693010763345
4100.0,-739.8778002357112,3.7699189,40.1357,0.5312354118689964
4100.0,-739.8694962513781,3.7694781,40.173141,0.5309015230507154
4100.0,-739.8699727143222,3.7695582,40.1357,0.5305676340174158
4100.0,-739.8770431515485,3.7692375,40.160633,0.5302337451517317
4100.0,-739.869015333113,3.769037,40.1357,0.5298998565504799
4100.0,-739.8772262823923,3.7688367,40.098263,0.5295659676021531
4100.0,-739.8703885937404,3.7688768,40.123234,0.5292320783811754
4100.0,-739.8768025859392,3.7685161,40.098263,0.5288981896240527
4100.0,-739.868209697413,3.7684758,40.098263,0.5285643013863687
4100.0,-739.8776037502295,3.7683556,40.098263,0.5282304122676997
4100.0,-739.8723333358528,3.7683556,40.123234,0.5278965221690973
4100.0,-739.8782754940406,3.7679148,40.160633,0.5275626327472864
4100.0,-739.8696261582018,3.7677543,40.060825,0.527228743870381
4100.0,-739.8778569251872,3.767554,40.060825,0.5268948546374602
4100.0,-739.8698946019359,3.7674336,40.1357,0.5265609656394113
4100.0,-739.8769309928493,3.7671933,40.110729,0.5262270768243418
4100.0,-739.8699825894108,3.767113,40.07333,0.5258931877865859
4100.0,-739.8690185559153,3.767113,40.173141,0.5255592991838797
4100.0,-739.8760877993076,3.7665117,40.085796,0.5252254107493232
4100.0,-739.8677977367621,3.7664316,40.173141,0.524891522697549
4100.0,-739.875671781669,3.7663915,40.148167,0.5245576344507314
4100.0,-739.868732375616,3.7664316,40.123234,0.5242237459771729
4100.0,-739.8754160065882,3.7657902,40.098263,0.5238898578457805
4100.0,-739.8678001408183,3.7657902,40.160633,0.5235559697929214
4100.0,-739.8745723738946,3.7658303,40.148167,0.5232220820422403
4100.0,-739.86665166006,3.7655499,40.098263,0.5228881945076685
4100.0,-739.8748297488306,3.7652693,40.085796,0.5225543066408402
4100.0,-739.8668207142417,3.7649086,40.098263,0.5222204190299775
4100.0,-739.8741424157411,3.7650688,40.160633,0.5218865314733263
4100.0,-739.8677282419801,3.7647882,40.148167,0.5215526434529139
4100.0,-739.867861993902,3.764668,40.210575,0.5212187553721417
4100.0,-739.875018592128,3.7642272,40.160633,0.520884867420093
4100.0,-739.8687616112559,3.7642272,40.148167,0.5205509789333409
4100.0,-739.8748201413085,3.7641068,40.110729,0.5202170910708482
4100.0,-739.8682805464719,3.7639465,40.098263,0.5198832028011915
4100.0,-739.8764872523658,3.7636259,40.223042,0.5195493141863714
4100.0,-739.8680873346766,3.7636259,40.198071,0.5192154260039074
4100.0,-739.8763741903971,3.7633853,40.1357,0.5188815374401095
4100.0,-739.8688317893153,3.7632248,40.173141,0.5185476489216874
4100.0,-739.8773269666622,3.7631047,40.173141,0.5182137599279242
4100.0,-739.8690636481354,3.7628641,40.173141,0.5178798713048687
4100.0,-739.8764925629114,3.7627439,40.160633,0.5175459826876522
4100.0,-739.8676110307341,3.7625034,40.123234,0.5172120947201349
4100.0,-739.8669678575017,3.7623432,40.148167,0.5168782070428691
4100.0,-739.8751915543338,3.7622228,40.1357,0.5165443190127668
4100.0,-739.8678413396459,3.7619424,40.160633,0.5162104309413155
4100.0,-739.8763480915547,3.7617819,40.160633,0.5158765423892954
4100.0,-739.8683981852009,3.7616618,40.148167,0.5155426540665504
4100.0,-739.875919475618,3.7613811,40.198071,0.5152087657079545
4100.0,-739.8677259107741,3.7614212,40.098263,0.514874877688594
4100.0,-739.8760106139617,3.7611806,40.160633,0.5145409892888695
4100.0,-739.8695314687143,3.7609401,40.185604,0.5142071004546956
4100.0,-739.8783402288367,3.7606997,40.160633,0.5138732110036714
4100.0,-739.87008155148,3.7605393,40.110729,0.5135393219212558
4100.0,-739.8776281767749,3.7605793,40.1357,0.5132054327915637
4100.0,-739.8696125354212,3.7600584,40.110729,0.512871543920806
4100.0,-739.8700954550202,3.7601786,40.173141,0.512537654832116
4100.0,-739.8775138202699,3.7598178,40.123234,0.5122037657540304
4100.0,-739.8699163913044,3.7597778,40.148167,0.5118698767461484
4100.0,-739.8772708988746,3.7594171,40.148167,0.5115359877776873
4100.0,-739.8695175285443,3.759377,40.1357,0.5112020989498043
4100.0,-739.8776382473915,3.7590563,40.185604,0.5108682098155677
4100.0,-739.8695683826821,3.7590964,40.185604,0.5105343209647352
4100.0,-739.8788846652544,3.7587757,40.1357,0.5102004312680198
4100.0,-739.8702675856899,3.7585752,40.223042,0.5098665421016506
4100.0,-739.8790975202971,3.7585752,40.223042,0.5095326523088789
4100.0,-739.870287031779,3.7585752,40.1357,0.5091987631337339
4100.0,-739.8785542924679,3.7579739,40.098263,0.508864873586108
4100.0,-739.8698757662743,3.7578137,40.173141,0.5085309845965592
4100.0,-739.8694730095079,3.7578537,40.160633,0.5081970957887669
4100.0,-739.8779640182918,3.7576532,40.198071,0.5078632065075176
4100.0,-739.8698151706748,3.7574129,40.173141,0.5075293175453145
4100.0,-739.8760004086937,3.7573326,40.160633,0.5071954291501953
4100.0,-739.86817072113,3.7571723,40.110729,0.5068615409301006
4100.0,-739.8783832587651,3.7568917,40.098263,0.5065276514596581
4100.0,-739.8716981333722,3.7565711,40.148167,0.5061937616477102
4100.0,-739.8795340945829,3.7565711,40.210575,0.5058598716579229
4100.0,-739.8706438661196,3.7563305,40.123234,0.5055259823217455
4100.0,-739.877605093265,3.7560501,40.160633,0.5051920932024705
4100.0,-739.8709278848556,3.7560902,40.185604,0.504858203738121
4100.0,-739.8784492874836,3.7558095,40.210575,0.5045243142378812
4100.0,-739.8704139476521,3.755609,40.173141,0.5041904250054616
4100.0,-739.8714162985048,3.7553284,40.160633,0.5038565353207005
4100.0,-739.8773392221925,3.7554488,40.198071,0.5035226463214068
4100.0,-739.8706108582314,3.7550077,40.198071,0.5031887570001252
4100.0,-739.8783632268082,3.7551281,40.098263,0.5028548675387227
4100.0,-739.8686705964055,3.7548475,40.160633,0.5025209790930438
4100.0,-739.8774716444981,3.7544868,40.148167,0.502187090033991
4100.0,-739.8698378150098,3.7542863,40.173141,0.5018532010615689
4100.0,-739.8768967883188,3.7543263,40.160633,0.5015193122619351
4100.0,-739.8695097034928,3.754086,40.198071,0.5011854234375834
4100.0,-739.8776456818689,3.7540057,40.173141,0.5008515342999917
4100.0,-739.8694806141672,3.7538855,40.223042,0.5005176454887675
4100.0,-739.8782305358138,3.7534847,40.198071,0.5001837560872452
4100.0,-739.871963085618,3.7534046,40.173141,0.4998498661557295
4100.0,-739.8718637701435,3.7533243,40.210575,0.4995159762690331
4100.0,-739.8788571016174,3.7532842,40.173141,0.4991820865847565
4100.0,-739.8714410913063,3.7529235,40.223042,0.4988481968888069
4100.0,-739.8785863362319,3.7527633,40.148167,0.4985143073267203
4100.0,-739.8719122560364,3.7525628,40.235508,0.498180417418143
4100.0,-739.8787792440377,3.7524426,40.1357,0.4978465277690018
4100.0,-739.870898174257,3.7524023,40.173141,0.4975126383180601
4100.0,-739.8786854454075,3.7518814,40.210575,0.4971787487112479
4100.0,-739.8705072697661,3.7518413,40.210575,0.4968448594367139
4100.0,-739.8784109566442,3.7517612,40.148167,0.496510969953772
4100.0,-739.8693864986818,3.7513602,40.210575,0.4961770811850202
4100.0,-739.8783331850121,3.75124,40.160633,0.4958431917371748
4100.0,-739.8716894056741,3.75124,40.223042,0.4955093019291656
4100.0,-739.8707424979073,3.7508793,40.235508,0.4951754125484776
4100.0,-739.8770834104816,3.7507589,40.185604,0.4948415236646256
4100.0,-739.8699284639721,3.7507589,40.160633,0.4945076346512954
4100.0,-739.8776544949886,3.7505586,40.223042,0.4941737455097266
4100.0,-739.8694582025025,3.7504382,40.173141,0.4938398567086163
4100.0,-739.8778789345555,3.7500374,40.160633,0.4935059674657633
4100.0,-739.8703695387095,3.7501578,40.235508,0.4931720782533846
4100.0,-739.8766272920946,3.7498772,40.198071,0.4928381895753679
4100.0,-739.8693174927737,3.7495165,40.173141,0.4925043008377572
4100.0,-739.8765125087159,3.7495165,40.223042,0.4921704122115396
4100.0,-739.8704868230102,3.7492359,40.173141,0.4918365229462328
4100.0,-739.877080224277,3.7492759,40.198071,0.4915026340638186
4100.0,-739.8682022147165,3.7490354,40.148167,0.4911687458295114
4100.0,-739.8691293829472,3.7487547,40.260483,0.4908348571767911
4100.0,-739.8780347336165,3.7486346,40.223042,0.4905009678636296
4100.0,-739.869344531653,3.748394,40.247974,0.4901670791138168
4100.0,-739.8756398844254,3.7482738,40.247974,0.4898331908813937
4100.0,-739.8678002142824,3.7479532,40.185604,0.4894993028285015
4100.0,-739.8761795847147,3.7478731,40.185604,0.4891654143525245
4100.0,-739.8689485120966,3.7479532,40.185604,0.4888315257814277
4100.0,-739.8771476074907,3.747472,40.223042,0.4884976368686051
4100.0,-739.8695606800026,3.7473118,40.235508,0.4881637480212487
4100.0,-739.877768692695,3.7473519,40.235508,0.4878298588281451
4100.0,-739.8682053028687,3.7470312,40.185604,0.4874959705924443
4100.0,-739.8776661896077,3.7469912,40.198071,0.487162081445598
4100.0,-739.8707763722215,3.7467906,40.160633,0.4868281920496232
4100.0,-739.8693582882651,3.7465103,40.247974,0.4864943032936023
4100.0,-739.8766632421823,3.7465103,40.247974,0.4861604145993622
4100.0,-739.8702751668161,3.7461896,40.210575,0.4858265254295718
4100.0,-739.8768844955446,3.7461493,40.210575,0.4854926366354853
4100.0,-739.869926766931,3.7457085,40.223042,0.485158747622921
4100.0,-739.8770075556882,3.7457886,40.198071,0.4848248587733004
4100.0,-739.8699038422457,3.7455482,40.210575,0.4844909697710816
4100.0,-739.8776131621183,3.7452276,40.223042,0.4841570806481652
4100.0,-739.8707382987897,3.7452676,40.160633,0.4838231912693723
4100.0,-739.8781703059058,3.744947,40.210575,0.4834893018950302
4100.0,-739.8698441136861,3.7448266,40.223042,0.4831554129197657
4100.0,-739.8792772942687,3.7447865,40.198071,0.4828215230458663
4100.0,-739.8718264532487,3.7443857,40.210575,0.4824876331760102
4100.0,-739.8699615934137,3.7444258,40.247974,0.4821537441477293
4100.0,-739.8771358031859,3.7441852,40.260483,0.4818198552402337
4100.0,-739.8697038924219,3.7439849,40.223042,0.4814859663282483
4100.0,-739.8768579329937,3.7437444,40.185604,0.4811520775461489
4100.0,-739.8708505910108,3.7436643,40.272949,0.4808181881166807
4100.0,-739.8776540677056,3.7435842,40.285416,0.4804842989753046
4100.0,-739.8690985605648,3.7433035,40.247974,0.4801504103364938
4100.0,-739.8766690772136,3.7435439,40.247974,0.4798165216396206
4100.0,-739.869272668626,3.7428224,40.210575,0.4794826329222382
4100.0,-739.8783132142419,3.7427022,40.235508,0.479148743483405
4100.0,-739.8708590381539,3.7425821,40.247974,0.4788148540501247
4100.0,-739.8792898434536,3.7424617,40.210575,0.4784809641705621
4100.0,-739.8719193237324,3.7423415,40.223042,0.4781470742587954
4100.0,-739.870959574892,3.7421811,40.210575,0.4778131847801447
4100.0,-739.8786368610057,3.7414997,40.235508,0.4774792951952575
4100.0,-739.8711166175922,3.7416201,40.235508,0.4771454056457366
4100.0,-739.8780731133642,3.7413795,40.285416,0.4768115163152552
4100.0,-739.8725259003864,3.7413795,40.223042,0.4764776261297522
4100.0,-739.8803787651975,3.7412593,40.223042,0.4761437357587851
4100.0,-739.8727138391378,3.7410188,40.272949,0.4758098454884689
4100.0,-739.8788453582946,3.7408583,40.247974,0.4754759558094919
4100.0,-739.8724365334647,3.7409387,40.210575,0.4751420656643184
4100.0,-739.8795193613028,3.740658,40.247974,0.4748081756811799
4100.0,-739.8713196072741,3.7404976,40.235508,0.4744742860400536
4100.0,-739.8798000141544,3.7401769,40.272949,0.4741403959302631
4100.0,-739.8734133474615,3.7399766,40.235508,0.4738065053442723
4100.0,-739.8727682093203,3.7397761,40.272949,0.4734726150494199
4100.0,-739.8797043840194,3.7398963,40.235508,0.473138724982785
4100.0,-739.8717637947201,3.7395356,40.297916,0.4728048351412055
4100.0,-739.8790924178677,3.7394555,40.148167,0.4724709453507363
4100.0,-739.8701990680418,3.7392149,40.185604,0.4721370562152878
4100.0,-739.8785244948042,3.7390547,40.247974,0.4718031666811088
4100.0,-739.8704812446504,3.7388542,40.285416,0.4714692774183193
4100.0,-739.8775317405732,3.7386539,40.335316,0.4711353883321467
4100.0,-739.8695750715981,3.7385736,40.247974,0.4708014994782956
4100.0,-739.8788521459131,3.7382529,40.260483,0.4704676097962555
4100.0,-739.8709849408773,3.7380126,40.272949,0.4701337203061577
4100.0,-739.8770095453779,3.7379322,40.297916,0.4697998314556392
4100.0,-739.8697082012241,3.737772,40.272949,0.4694659425417094
4100.0,-739.8698462373919,3.7376115,40.285416,0.4691320535654865
4100.0,-739.8775579738623,3.7374914,40.260483,0.4687981644674753
4100.0,-739.8685787873653,3.7372108,40.322849,0.4684642760632281
4100.0,-739.8763989218522,3.7372108,40.297916,0.4681303874882695
4100.0,-739.8708403985328,3.7369301,40.247974,0.4677964980634009
4100.0,-739.8776068138563,3.7367699,40.210575,0.4674626089433494
4100.0,-739.8690613899842,3.7366095,40.285416,0.467128720321313
4100.0,-739.8773748669611,3.7364893,40.285416,0.4667948313059336
4100.0,-739.870630719321,3.7362487,40.247974,0.4664609419756891
4100.0,-739.8788135586631,3.7362087,40.297916,0.4661270523110625
4100.0,-739.8726097501343,3.7358079,40.322849,0.4657931620877197
4100.0,-739.8779096723234,3.7357278,40.310383,0.4654592728309954
4100.0,-739.8706136535504,3.7354472,40.322849,0.4651253835084524
4100.0,-739.8704555123678,3.7354872,40.223042,0.4647914942572754
4100.0,-739.8788112884155,3.7353671,40.310383,0.4644576045936733
4100.0,-739.8713919094487,3.734966,40.322849,0.4641237149199185
4100.0,-739.8773686044423,3.7346854,40.247974,0.4637898259073652
4100.0,-739.870910881499,3.7348459,40.272949,0.463455936450689
4100.0,-739.8769812855644,3.7346454,40.260483,0.4631220476129235
4100.0,-739.8698519628846,3.7344451,40.297916,0.4627881586341168
4100.0,-739.877423085062,3.7340844,40.272949,0.4624542695969777
4100.0,-739.8704728343417,3.7338839,40.235508,0.4621203803379837
4100.0,-739.8780724781697,3.7339239,40.335316,0.461786491007789
4100.0,-739.8705182678935,3.7340844,40.347824,0.4614526017282917
4100.0,-739.8786589563217,3.7336833,40.272949,0.4611187121334335
4100.0,-739.8708454274467,3.7332425,40.347824,0.4607848227062954
4100.0,-739.8760780947873,3.7331624,40.285416,0.4604509342761184
4100.0,-739.8692863650753,3.7329619,40.310383,0.460117045552555
4100.0,-739.8692152587898,3.7329218,40.310383,0.4597831568610805
4100.0,-739.875671562093,3.7327616,40.260483,0.4594492686143621
4100.0,-739.8699030855041,3.7325211,40.285416,0.4591153796124847
4100.0,-739.876048590369,3.7324009,40.335316,0.4587814911956223
4100.0,-739.8701986160023,3.7322805,40.322849,0.4584476020603777
4100.0,-739.8778856853393,3.7319999,40.285416,0.4581137128144782
4100.0,-739.8714970357488,3.7321203,40.322849,0.4577798230932819
4100.0,-739.8781400692948,3.731559,40.335316,0.4574459337325849
4100.0,-739.8700101282143,3.7314789,40.322849,0.4571120446824013
4100.0,-739.8777765783979,3.731559,40.297916,0.4567781554857391
4100.0,-739.8695022940557,3.7312384,40.285416,0.4564442666647312
4100.0,-739.8758182910098,3.7310379,40.310383,0.4561103783517974
4100.0,-739.8700427335847,3.7307975,40.310383,0.4557764892868995
4100.0,-739.870070321296,3.7307572,40.322849,0.4554426002095519
4100.0,-739.8770894771625,3.7304368,40.322849,0.4551087113229621
4100.0,-739.8698485084351,3.7302363,40.310383,0.4547748223457143
4100.0,-739.8770320426016,3.7302363,40.297916,0.4544409334850434
4100.0,-739.868732754396,3.7300758,40.285416,0.4541070450113139
4100.0,-739.877260461957,3.7301161,40.335316,0.4537731560475628
4100.0,-739.8672198585801,3.7298756,40.260483,0.4534392682565739
4100.0,-739.874955505277,3.7294748,40.310383,0.4531053803329948
4100.0,-739.8684674722781,3.7291942,40.360291,0.452771491978982
4100.0,-739.8766299409214,3.7292743,40.397728,0.4524376032997699
4100.0,-739.8706018616425,3.7291942,40.372757,0.4521037139825484
4100.0,-739.8773568128249,3.7291138,40.372757,0.4517698249753164
4100.0,-739.8698780612599,3.7287531,40.335316,0.451435935984732
4100.0,-739.8697867652405,3.7283924,40.310383,0.4511020470353478
4100.0,-739.8764159630332,3.7283523,40.347824,0.4507681584526988
4100.0,-739.8694123044285,3.728152,40.360291,0.4504342696723015
4100.0,-739.8785500564734,3.7279115,40.335316,0.4501003801265871
4100.0,-739.8710588780883,3.7279515,40.360291,0.4497664906031229
4100.0,-739.8800448280365,3.7276309,40.322849,0.4494326003828537
4100.0,-739.8722616809399,3.7275507,40.347824,0.4490987103165878
4100.0,-739.8792306874828,3.7274303,40.360291,0.4487648204637209
4100.0,-739.8715126486081,3.7273502,40.285416,0.4484309307354788
4100.0,-739.8798447534191,3.7270296,40.347824,0.4480970406054985
4100.0,-739.872721077909,3.7269495,40.335316,0.4477631503319156
4100.0,-739.8791125961403,3.726789,40.347824,0.4474292605323405
4100.0,-739.8717723396787,3.7266288,40.335316,0.4470953706869048
4100.0,-739.8703401317898,3.7265487,40.322849,0.4467614814877969
4100.0,-739.8785849813275,3.7261477,40.347824,0.4464275919263218
4100.0,-739.8718269900072,3.7264683,40.322849,0.4460937020562234
4100.0,-739.8804172417388,3.7258673,40.335316,0.4457598116678929
4100.0,-739.8726509978698,3.7258673,40.285416,0.4454259214259357
4100.0,-739.8798340353297,3.7255466,40.285416,0.4450920313007923
4100.0,-739.8720049804105,3.7254262,40.385223,0.4447581413503704
4100.0,-739.8782476623286,3.7251859,40.310383,0.4444242519411193
4100.0,-739.8733888603851,3.7249453,40.347824,0.444090361366179
4100.0,-739.8786069663439,3.7247849,40.347824,0.4437564717947825
4100.0,-739.8723760107154,3.7249053,40.385223,0.4434225816769218
4100.0,-739.8803711723308,3.7245445,40.297916,0.4430886913093813
4100.0,-739.8725853608736,3.7244642,40.285416,0.4427548010970448
4100.0,-739.8721484119942,3.7242639,40.360291,0.4424209110818949
4100.0,-739.8798870509502,3.7240233,40.285416,0.4420870209328268
4100.0,-739.8726279632951,3.7239432,40.360291,0.4417531307012647
4100.0,-739.8798577415514,3.7239032,40.347824,0.4414192405654233
4100.0,-739.872266356244,3.7237027,40.347824,0.4410853504970475
4100.0,-739.8795856335398,3.7235022,40.347824,0.4407514604840019
4100.0,-739.8706005798066,3.7234221,40.385223,0.4404175711673588
4100.0,-739.8782745666238,3.7233419,40.410194,0.4400836817459664
4100.0,-739.8712248324538,3.7230613,40.410194,0.4397497921476102
4100.0,-739.8798342188895,3.7228608,40.422661,0.4394159020223839
4100.0,-739.8723302472913,3.7229412,40.410194,0.4390820119251753
4100.0,-739.8793612181202,3.7230213,40.397728,0.438748122013403
4100.0,-739.8722282212169,3.72246,40.397728,0.4384142319622368
4100.0,-739.8714357081686,3.72242,40.360291,0.4380803422687164
4100.0,-739.8779716107492,3.7221394,40.360291,0.4377464529840408
4100.0,-739.8706892268212,3.721899,40.385223,0.437412563627393
4100.0,-739.8776968539108,3.7216585,40.397728,0.4370786744667086
4100.0,-739.8702462231909,3.7216585,40.410194,0.4367447853099798
4100.0,-739.8773229265056,3.7215784,40.397728,0.43641089631804
4100.0,-739.8710048746124,3.7212577,40.447632,0.4360770068189464
4100.0,-739.8797131244928,3.7209771,40.397728,0.4357431167483672
4100.0,-739.8722857280503,3.7209771,40.360291,0.4354092266712492
4100.0,-739.8792988276502,3.7207766,40.385223,0.4350753367876323
4100.0,-739.8720406246159,3.720536,40.397728,0.4347414468211248
4100.0,-739.8802922412231,3.7204559,40.347824,0.434407556489204
4100.0,-739.8725546848053,3.7204959,40.372757,0.4340736662907111
4100.0,-739.8722084579432,3.7200952,40.372757,0.4337397762484636
4100.0,-739.8784393017916,3.7199349,40.372757,0.4334058867527302
4100.0,-739.8710349408672,3.7196944,40.310383,0.4330719972400684
4100.0,-739.8780154833745,3.719574,40.372757,0.4327381079355941
4100.0,-739.8699612269116,3.7195339,40.322849,0.4324042189074786
4100.0,-739.8775494288177,3.7193336,40.397728,0.4320703298133236
4100.0,-739.8700014003116,3.7191331,40.435165,0.4317364407670787
4100.0,-739.8786073078837,3.7189326,40.410194,0.4314025511955281
4100.0,-739.8714250634465,3.7186923,40.397728,0.4310686615068115
4100.0,-739.8792793328666,3.7187724,40.397728,0.4307347716319921
4100.0,-739.8710540937137,3.7184918,40.397728,0.430400882110687
4100.0,-739.8785510205203,3.718612,40.460098,0.4300669925645375
4100.0,-739.8710250412224,3.7182112,40.422661,0.4297331030563432
4100.0,-739.8723147928197,3.7181311,40.372757,0.4293992129661089
4100.0,-739.879486499603,3.718091,40.460098,0.4290653229978001
4100.0,-739.8719702147046,3.7177703,40.397728,0.4287314330630672
4100.0,-739.8791408068408,3.7176502,40.435165,0.4283975432507613
4100.0,-739.8709366991145,3.7176099,40.422661,0.428063653782434
4100.0,-739.8785487871074,3.7176902,40.397728,0.4277297642372925
4100.0,-739.8715748182628,3.7172892,40.447632,0.4273958744809945
4100.0,-739.8782507507165,3.7168884,40.347824,0.4270619850703496
4100.0,-739.8711265538667,3.7168484,40.435165,0.4267280955163446
4100.0,-739.8765456391046,3.7168083,40.447632,0.426394206875176
4100.0,-739.8698453711704,3.7165678,40.435165,0.426060317899344
4100.0,-739.8783812076842,3.7164876,40.397728,0.425726428429827
4100.0,-739.8714265040794,3.7164075,40.447632,0.4253925387404603
4100.0,-739.8704253243549,3.7162471,40.472565,0.4250586495029066
4100.0,-739.8780676321509,3.7161269,40.397728,0.4247247601748988
4100.0,-739.8697335305795,3.7158864,40.497536,0.4243908712495383
4100.0,-739.8777074492178,3.7158864,40.397728,0.4240569820840725
4100.0,-739.8710880410828,3.7155256,40.510002,0.4237230925474476
4100.0,-739.878553706591,3.7154055,40.435165,0.423389203000086
4100.0,-739.8703641187374,3.7154055,40.410194,0.4230553137901532
4100.0,-739.8782317196412,3.7150848,40.435165,0.4227214243880967
4100.0,-739.8716910046949,3.7150044,40.410194,0.4223875345793659
4100.0,-739.879009885346,3.7147241,40.397728,0.4220536448261417
4100.0,-739.8699756193258,3.7146037,40.460098,0.4217197557915312
4100.0,-739.8770742065045,3.7144434,40.522469,0.4213858669118328
4100.0,-739.869628733947,3.7144434,40.447632,0.421051978033765
4100.0,-739.8712483309367,3.7142029,40.497536,0.4207180884248043
4100.0,-739.8783875068333,3.7139623,40.422661,0.4203841989524447
4100.0,-739.8709380783569,3.7138822,40.472565,0.420050309483495
4100.0,-739.8790137550396,3.713722,40.410194,0.4197164197285246
4100.0,-739.8709437545324,3.7135215,40.410194,0.4193825302570134
4100.0,-739.8783556705716,3.713321,40.460098,0.4190486407990207
4100.0,-739.87057772879,3.7135215,40.435165,0.4187147514926899
4100.0,-739.8771769046112,3.7130806,40.472565,0.4183808625666462
4100.0,-739.8699697968359,3.7131207,40.447632,0.4180469735346633
4100.0,-739.8768702374324,3.7128801,40.510002,0.4177130847470112
4100.0,-739.8697023785295,3.7126396,40.472565,0.417379195835709
4100.0,-739.8788345796326,3.7124794,40.522469,0.4170453061615961
4100.0,-739.8693221678732,3.7122788,40.510002,0.4167114174218756
4100.0,-739.8695988756017,3.7123189,40.510002,0.4163775285572823
4100.0,-739.8764644127835,3.7119582,40.435165,0.4160436399527692
4100.0,-739.8691968023174,3.7116776,40.472565,0.4157097512696238
4100.0,-739.8753309109829,3.7116776,40.485069,0.415375863176633
4100.0,-739.8688283831598,3.7117176,40.435165,0.415041974659748
4100.0,-739.8774735124284,3.7115974,40.510002,0.4147080855998524
4100.0,-739.8709360888919,3.7112367,40.584877,0.4143741961318005
4100.0,-739.8791421130414,3.7110362,40.435165,0.4140403063189051
4100.0,-739.8716923348247,3.7111566,40.559906,0.4137064165095741
4100.0,-739.8784971388742,3.7106354,40.497536,0.4133725269877402
4100.0,-739.8715280658362,3.7107959,40.435165,0.4130386372525406
4100.0,-739.8782055238007,3.7106354,40.497536,0.4127047478623055
4100.0,-739.8699265471527,3.7104752,40.485069,0.4123708588498404
4100.0,-739.8711622960925,3.7101946,40.54744,0.4120369692797056
4100.0,-739.8777264680148,3.7102346,40.497536,0.4117030801056571
4100.0,-739.8699996549766,3.7101946,40.472565,0.4113691910601997
4100.0,-739.875041114113,3.7096734,40.447632,0.4110353030979874
4100.0,-739.8691544438212,3.7098339,40.54744,0.4107014144339576
4100.0,-739.8773303360173,3.7095132,40.534973,0.4103675254386739
4100.0,-739.8705794006609,3.7093127,40.472565,0.4100336361315886
4100.0,-739.8777432771369,3.7093127,40.497536,0.4096997469499545
4100.0,-739.8710090984908,3.7091525,40.485069,0.4093658574489549
4100.0,-739.8769575674737,3.7091925,40.485069,0.4090319686218928
4100.0,-739.870136666126,3.7090321,40.510002,0.408698079514605
4100.0,-739.8761824531174,3.7087114,40.497536,0.4083641910373335
4100.0,-739.8698821873226,3.7086713,40.472565,0.4080303020448871
4100.0,-739.8707388971435,3.7081904,40.497536,0.4076964126658241
4100.0,-739.8784504709018,3.7085512,40.485069,0.4073625231650503
4100.0,-739.869256787285,3.7081504,40.559906,0.4070286344548349
4100.0,-739.8767687358408,3.7079499,40.534973,0.406694745712988
4100.0,-739.8688662132802,3.7078698,40.510002,0.4063608571790311
4100.0,-739.8773560435928,3.7079098,40.54744,0.4060269681721462
4100.0,-739.8703045729173,3.7075891,40.522469,0.4056930789890853
4100.0,-739.8775120505654,3.7075491,40.534973,0.4053591899117983
4100.0,-739.8702078935556,3.7076693,40.522469,0.4050253007723669
4100.0,-739.8772879402602,3.7073085,40.572411,0.4046914117962155
4100.0,-739.8702848714435,3.7071483,40.559906,0.4043575226220455
4100.0,-739.8774740125623,3.707068,40.572411,0.4040236335619241
4100.0,-739.8701946004426,3.7069077,40.522469,0.4036897444284917
4100.0,-739.87002914682,3.7066271,40.435165,0.4033558553697253
4100.0,-739.8779638353459,3.7065871,40.54744,0.4030219660885585
4100.0,-739.869930002216,3.706507,40.572411,0.4026880770745341
4100.0,-739.8792507194397,3.7063866,40.522469,0.4023541872126273
4100.0,-739.871796399272,3.7059057,40.559906,0.402020297356334
4100.0,-739.8788963475954,3.7058656,40.485069,0.4016864076543466
4100.0,-739.8717634777399,3.7060258,40.534973,0.4013525178129102
4100.0,-739.8777104029543,3.7059057,40.534973,0.4010186286461114
4100.0,-739.8711629554276,3.7057052,40.485069,0.4006847390756791
4100.0,-739.878007341261,3.7055449,40.510002,0.4003508497748791
4100.0,-739.8689870250852,3.7052643,40.510002,0.4000169611864022
4100.0,-739.8787256069332,3.7052243,40.572411,0.3996830715614661
4100.0,-739.8710499062603,3.7050638,40.510002,0.3993491820420506
4100.0,-739.8777598668878,3.7048233,40.584877,0.3990152928529299
4100.0,-739.8709541671981,3.7045829,40.497536,0.3986814033767197
4100.0,-739.8713489652861,3.704623,40.522469,0.3983475137223448
4100.0,-739.8776484524549,3.7044625,40.559906,0.3980136245835027
4100.0,-739.8715686174022,3.7043824,40.584877,0.397679734830003
4100.0,-739.8785537921294,3.7042623,40.559906,0.3973458452826028
4100.0,-739.8711016884195,3.7042623,40.559906,0.3970119557398191
4100.0,-739.8791536730092,3.7039816,40.54744,0.396678065921707
4100.0,-739.8714618548378,3.7039015,40.534973,0.3963441762163871
4100.0,-739.8785337476897,3.7039015,40.572411,0.3960102866780325
4100.0,-739.8712203407076,3.7035408,40.559906,0.3956763970817033
4100.0,-739.8777412017042,3.7035408,40.534973,0.3953425079010058
4100.0,-739.8697511701475,3.7033403,40.584877,0.3950086189676849
4100.0,-739.8786184405686,3.7031398,40.54744,0.3946747293911104
4100.0,-739.8691174078906,3.7030997,40.559906,0.3943408407437941
4100.0,-739.8689695451328,3.7028191,40.559906,0.3940069521632056
4100.0,-739.8767501807521,3.7031398,40.572411,0.3936730634297322
4100.0,-739.8694201047191,3.702739,40.522469,0.3933391746458147
4100.0,-739.8781314507853,3.7025385,40.584877,0.3930052852890071
4100.0,-739.870914689763,3.7025385,40.659752,0.3926713958306123
4100.0,-739.8775992213988,3.7024183,40.54744,0.3923375067139871
4100.0,-739.871076907896,3.7022181,40.622318,0.3920036171823863
4100.0,-739.8777535437962,3.7021778,40.597343,0.3916697279961191
4100.0,-739.8706803888247,3.7020175,40.559906,0.3913358386434598
4100.0,-739.8769702019925,3.7016568,40.597343,0.3910019498106961
4100.0,-739.8684245281155,3.7016969,40.559906,0.3906680614760631
4100.0,-739.8763102004812,3.7016168,40.584877,0.3903341729411423
4100.0,-739.8688634175519,3.7014563,40.584877,0.390000284408447
4100.0,-739.8699448822763,3.7012157,40.622318,0.3896663953877076
4100.0,-739.8775770288802,3.7011757,40.534973,0.3893325062810974
4100.0,-739.8704896426808,3.7010555,40.622318,0.3889986170145181
4100.0,-739.877514467538,3.7010155,40.572411,0.3886647279361403
4100.0,-739.8713553982031,3.7007749,40.597343,0.3883308382788623
4100.0,-739.8774022233005,3.7006547,40.622318,0.3879969492511376
4100.0,-739.8699056491758,3.7005343,40.622318,0.3876630602481033
4100.0,-739.8775909935422,3.7005343,40.647251,0.3873291711351911
4100.0,-739.8690751961179,3.7002137,40.522469,0.3869952825069243
4100.0,-739.8781590025534,3.7001736,40.647251,0.3866613931376832
4100.0,-739.8691181646323,3.700254,40.584877,0.3863275044900255
4100.0,-739.8761589056944,3.6999333,40.647251,0.3859936160233804
4100.0,-739.8684044114365,3.6997728,40.634785,0.3856597276978257
4100.0,-739.8699303797683,3.6996527,40.559906,0.385325838683631
4100.0,-739.876405208723,3.6997328,40.659752,0.3849919501058353
4100.0,-739.868678493898,3.6995323,40.60981,0.3846580616565925
4100.0,-739.876862059098,3.6994922,40.659752,0.384324172872631
4100.0,-739.8707701472139,3.6992116,40.584877,0.3839902834794655
4100.0,-739.8781847956674,3.6990113,40.597343,0.3836563940985846
4100.0,-739.8707939874379,3.6990514,40.672218,0.3833225046946604
4100.0,-739.8774638443336,3.6991715,40.659752,0.3829886156391276
4100.0,-739.8708351737828,3.6989312,40.659752,0.3826547262166168
4100.0,-739.87759509509,3.6990113,40.684685,0.3823208371018537
4100.0,-739.8703908641696,3.6987708,40.597343,0.3819869478798513
4100.0,-739.8772566657283,3.6986907,40.584877,0.3816530589178133
4100.0,-739.8690542613067,3.6986105,40.70966,0.3813191702989939
4100.0,-739.8697801980826,3.6982496,40.584877,0.3809852813525733
4100.0,-739.8779995773173,3.6980493,40.622318,0.380651392055277
4100.0,-739.8708385916026,3.6979692,40.54744,0.3803175026312238
4100.0,-739.8786650352808,3.6978889,40.54744,0.3799836130336222
4100.0,-739.870082479092,3.6977286,40.659752,0.379649723950788
4100.0,-739.8770528439952,3.6975281,40.622318,0.3793158350807299
4100.0,-739.8706680353973,3.6977286,40.70966,0.3789819457336454
4100.0,-739.8789225806798,3.697448,40.647251,0.3786480560198198
4100.0,-739.8696750470216,3.6972475,40.697151,0.3783141671208518
4100.0,-739.8780246875563,3.6972075,40.622318,0.3779802778122239
4100.0,-739.8697025006968,3.6971674,40.697151,0.3776463889008666
4100.0,-739.8784503245861,3.6969268,40.634785,0.3773124994001588
4100.0,-739.8714253317235,3.6968467,40.622318,0.3769786097113211
4100.0,-739.8714764915865,3.6966465,40.697151,0.3766447199993959
4100.0,-739.87768198557,3.6965261,40.659752,0.3763108308454213
4100.0,-739.871396596417,3.6965261,40.659752,0.3759769411695513
4100.0,-739.8781067314038,3.6964059,40.659752,0.3756430518238989
4100.0,-739.8693293941616,3.6960452,40.647251,0.3753091630809174
4100.0,-739.8763324300393,3.6961253,40.659752,0.3749752745359649
4100.0,-739.8696628157616,3.6961253,40.70966,0.3746413856425167
4100.0,-739.875727482337,3.6960452,40.684685,0.3743074973705627
4100.0,-739.8693215212254,3.6958847,40.684685,0.3739736086311341
4100.0,-739.8747706413589,3.6956441,40.797001,0.3736397207909796
4100.0,-739.8678729069011,3.6954038,40.659752,0.3733058327052826
4100.0,-739.8747564325644,3.6954839,40.70966,0.3729719448715403
4100.0,-739.8679939390985,3.6954439,40.697151,0.3726380567312238
4100.0,-739.8676693315527,3.6952434,40.659752,0.3723041687373965
4100.0,-739.8764906454588,3.6953638,40.659752,0.3719702801210452
4100.0,-739.8702228718407,3.6949627,40.747059,0.3716363909748544
4100.0,-739.8766046602194,3.6948025,40.672218,0.371302502307051
4100.0,-739.8694664910532,3.6948025,40.784496,0.3709686135022003
4100.0,-739.8761061953929,3.6947625,40.697151,0.3706347250593421
4100.0,-739.8699209080161,3.695003,40.747059,0.3703008360494218
4100.0,-739.8778432656396,3.6944818,40.70966,0.3699669468226653
4100.0,-739.8707170097547,3.6947224,40.697151,0.3696330574534796
4100.0,-739.8779015911919,3.6942413,40.697151,0.3692991682004021
4100.0,-739.8701359828485,3.6940811,40.684685,0.3689652790934227
4100.0,-739.8783599184351,3.6942012,40.77203,0.3686313896335131
4100.0,-739.8705914248299,3.694041,40.697151,0.3682975003210015
4100.0,-739.8715728531495,3.6935999,40.747059,0.3679636105655902
4100.0,-739.8770885984494,3.6937604,40.747059,0.367629721679397
4100.0,-739.8703737617694,3.69364,40.70966,0.3672958324651125
4100.0,-739.8771601814368,3.6935599,40.70966,0.3669619435466156
4100.0,-739.868016094355,3.6934397,40.697151,0.3666280553963009
4100.0,-739.8765035975749,3.6931591,40.734592,0.3662941667741046
4100.0,-739.8692706177704,3.6931591,40.722126,0.3659602780576477
4100.0,-739.8763050739045,3.6929986,40.70966,0.3656263895250405
4100.0,-739.8688869407957,3.6929185,40.747059,0.3652925009817296
4100.0,-739.8763701125872,3.6927183,40.672218,0.3649586124197719
4100.0,-739.8691352424761,3.6925178,40.77203,0.3646247237644073
4100.0,-739.8768457261672,3.6926379,40.784496,0.3642908349878165
4100.0,-739.8685851715793,3.6925178,40.697151,0.3639569465806883
4100.0,-739.8678342963015,3.6921971,40.70966,0.3636230585124155
4100.0,-739.8747491327384,3.6924777,40.797001,0.3632891706819674
4100.0,-739.8674773402028,3.6922371,40.697151,0.362955282774782
4100.0,-739.8761475894498,3.6920769,40.77203,0.3626213943132437
4100.0,-739.8682960132215,3.6919165,40.8344,0.3622875060366071
4100.0,-739.8772657725026,3.6919966,40.784496,0.3619536170704594
4100.0,-739.8697787087465,3.6917963,40.759563,0.3616197281247109
4100.0,-739.8776378440512,3.6916759,40.77203,0.3612858389906562
4100.0,-739.8688731101057,3.6915557,40.747059,0.3609519504535869
4100.0,-739.8757888109433,3.6914356,40.734592,0.3606180621539567
4100.0,-739.8664455451868,3.6915157,40.784496,0.3602841747124006
4100.0,-739.8758034478393,3.6915557,40.797001,0.3599502864061652
4100.0,-739.8688142964709,3.691195,40.734592,0.3596163978956373
4100.0,-739.8691333624911,3.6909945,40.809467,0.3592825092411211
4100.0,-739.877176782852,3.6907542,40.809467,0.3589486203151323
4100.0,-739.8706497495908,3.6909144,40.77203,0.3586147309762998
4100.0,-739.8782812684992,3.6908743,40.821934,0.3582808415518831
4100.0,-739.8697206764094,3.6907542,40.759563,0.3579469526323234
4100.0,-739.8772547370206,3.6904736,40.797001,0.3576130636711558
4100.0,-739.8695674550701,3.6903532,40.809467,0.357279174820742
4100.0,-739.8774039688576,3.6904335,40.77203,0.3569452857922296
4100.0,-739.8698315525538,3.690233,40.809467,0.3566113968226337
4100.0,-739.8769465442699,3.690273,40.797001,0.3562775080005462
4100.0,-739.8686484039055,3.6901529,40.784496,0.3559436195648824
4100.0,-739.8783780339626,3.6897521,40.784496,0.3556097300967977
4100.0,-739.8715662857869,3.6897922,40.884304,0.3552758403443501
4100.0,-739.8713493927693,3.6897118,40.809467,0.3549419506897822
4100.0,-739.8790300640279,3.6895516,40.77203,0.3546080609274519
4100.0,-739.871387514495,3.6897118,40.846905,0.3542741712556804
4100.0,-739.8790099958503,3.6894715,40.821934,0.3539402815024063
4100.0,-739.8708691086691,3.6892309,40.797001,0.3536063920645814
4100.0,-739.8784658033603,3.6891508,40.8344,0.3532725025568884
4100.0,-739.8701320149689,3.6892309,40.784496,0.3529386134516996
4100.0,-739.8767054179541,3.6890304,40.8344,0.3526047247384266
4100.0,-739.8699465664253,3.6889102,40.846905,0.3522708357169271
4100.0,-739.8775989529146,3.6886296,40.8344,0.3519369466004231
4100.0,-739.8700368859246,3.6886697,40.859371,0.3516030575381642
4100.0,-739.8769676016649,3.6885095,40.871838,0.3512691687065739
4100.0,-739.8707365049562,3.6885896,40.809467,0.3509352793285905
4100.0,-739.8692995601679,3.6885495,40.846905,0.3506013905990724
4100.0,-739.8753296657642,3.6884694,40.8344,0.3502675025066435
4100.0,-739.8694649896436,3.6881487,40.821934,0.3499336137024704
4100.0,-739.8769736685504,3.6879883,40.784496,0.3495997248681423
4100.0,-739.8699747524904,3.6879482,40.821934,0.349265835833923
4100.0,-739.8751801290175,3.6880283,40.821934,0.3489319478089766
4100.0,-739.8670846901722,3.6879482,40.871838,0.3485980600789866
4100.0,-739.8747611445456,3.6876276,40.784496,0.3482641722431178
4100.0,-739.8689228899079,3.6877477,40.797001,0.3479302836835838
4100.0,-739.8764238976444,3.6875474,40.846905,0.3475963950973542
4100.0,-739.867750019275,3.6875474,40.859371,0.347262507067114
4100.0,-739.8746498643549,3.6875875,40.797001,0.3469286192814633
4100.0,-739.8687566185623,3.6873069,40.859371,0.3465947307969644
4100.0,-739.8698492041954,3.6869061,40.846905,0.3462608418194026
4100.0,-739.8784633741095,3.6869862,40.871838,0.3459269523128059
4100.0,-739.8720141718122,3.6867056,40.809467,0.3455930623582361
4100.0,-739.8793232419174,3.6865854,40.871838,0.3452591724636015
4100.0,-739.8717819464904,3.6866655,40.859371,0.3449252826138305
4100.0,-739.8790481183688,3.6867056,40.8344,0.3445913928433526
4100.0,-739.8716674941384,3.6864653,40.846905,0.3442575030452318
4100.0,-739.8771087517563,3.6865053,40.859371,0.3439236141499438
4100.0,-739.8698304786275,3.6861043,40.921741,0.3435897251808325
4100.0,-739.8783202822136,3.6861043,40.846905,0.3432558357388098
4100.0,-739.8716922988089,3.6862247,40.909275,0.342921945929495
4100.0,-739.878180340097,3.6860642,40.909275,0.3425880565506248
4100.0,-739.8709740280829,3.6857836,40.934246,0.3422541670654517
4100.0,-739.8699779022379,3.6857836,40.8344,0.341920278029811
4100.0,-739.8786520099045,3.6857035,40.921741,0.3415863884380875
4100.0,-739.8706266174052,3.6855834,40.884304,0.3412524991096942
4100.0,-739.8775525536311,3.6855433,40.884304,0.340918610014129
4100.0,-739.8705175479863,3.6854229,40.934246,0.3405847207349566
4100.0,-739.8776951322963,3.6854229,40.896809,0.3402508315750491
4100.0,-739.8698207862783,3.6851826,40.859371,0.3399169426103118
4100.0,-739.8773277598368,3.6852226,40.921741,0.3395830536161908
4100.0,-739.870138301981,3.684942,40.884304,0.3392491645081648
4100.0,-739.8784709786406,3.6846213,40.846905,0.3389152749981363
4100.0,-739.8705815614056,3.6850221,40.909275,0.3385813856900759
4100.0,-739.8778835861685,3.6847816,40.859371,0.3382474964451237
4100.0,-739.8722118272643,3.6846213,40.921741,0.3379136064013557
4100.0,-739.8712510894213,3.6846213,40.896809,0.3375797167911502
4100.0,-739.8783398013492,3.6845012,40.909275,0.337245827340319
4100.0,-739.8688949115476,3.6842606,40.859371,0.3369119387934111
4100.0,-739.8759931209413,3.6841805,40.896809,0.3365780504015807
4100.0,-739.8684663371657,3.68402,40.8344,0.3362441620480801
4100.0,-739.8766527561517,3.68402,40.859371,0.3359102733585721
4100.0,-739.868807729313,3.6836994,40.909275,0.3355763848510079
4100.0,-739.8772137702466,3.6837795,40.884304,0.3352424959083276
4100.0,-739.8711631260935,3.6838195,40.896809,0.3349086063378182
4100.0,-739.8779313274642,3.6834989,40.921741,0.3345747170713215
4100.0,-739.8693543209994,3.6834588,40.921741,0.334240828317091
4100.0,-739.8773520153053,3.6835792,40.99662,0.333906939312024
4100.0,-739.8685502354122,3.6832185,40.934246,0.3335730509206618
4100.0,-739.8768559189523,3.6831381,40.946712,0.3332391621394712
4100.0,-739.8686593903686,3.6829379,40.959179,0.3329052736988495
4100.0,-739.8687736470891,3.6828175,40.959179,0.3325713852066659
4100.0,-739.8757222947785,3.6829779,40.971645,0.3322374969370529
4100.0,-739.8674455533738,3.6828175,40.934246,0.3319036090442124
4100.0,-739.8750922008211,3.6827774,40.934246,0.3315697210589458
4100.0,-739.868757692898,3.6824167,40.946712,0.331235832573962
4100.0,-739.8770976559063,3.6824167,40.934246,0.3309019436836813
4100.0,-739.8683009568026,3.6822565,40.99662,0.3305680554048137
4100.0,-739.875372805583,3.6821761,40.934246,0.3302341672929169
4100.0,-739.8683982095525,3.682056,40.934246,0.329900278970161
4100.0,-739.8749994636453,3.6820159,40.946712,0.3295663910267445
4100.0,-739.8677828073847,3.6819358,40.909275,0.3292325029817077
4100.0,-739.8758098071517,3.6819758,40.934246,0.3288986146726025
4100.0,-739.8690196666761,3.6817353,40.971645,0.328564726069395
4100.0,-739.8704293161769,3.6816151,40.934246,0.3282308368300399
4100.0,-739.8778102574195,3.6812143,40.959179,0.3278969476181792
4100.0,-739.8705608220212,3.6815348,40.871838,0.3275630583194781
4100.0,-739.8780382738438,3.681134,40.909275,0.327229169004719
4100.0,-739.8687882592817,3.6808937,40.934246,0.3268952805059412
4100.0,-739.8771200195018,3.6808937,40.959179,0.3265613916055683
4100.0,-739.869235376492,3.6808937,40.959179,0.3262275029050152
4100.0,-739.8762888989538,3.6808534,41.021553,0.3258936143797072
4100.0,-739.8679091253134,3.6806931,40.871838,0.3255597262776656
4100.0,-739.8751453259226,3.6807733,40.946712,0.325225838268425
4100.0,-739.8664677137446,3.680573,40.959179,0.3248919508168645
4100.0,-739.8730763695957,3.6804926,41.009087,0.3245580637412945
4100.0,-739.867787799669,3.6802924,40.934246,0.3242241756940048
4100.0,-739.8674497279352,3.6801319,41.021553,0.3238902877992803
4100.0,-739.8750870492787,3.6802523,41.009087,0.3235563998163385
4100.0,-739.8677808541403,3.6797712,41.009087,0.3232225117721832
4100.0,-739.8754962923956,3.6798513,41.021553,0.3228886236045598
4100.0,-739.8688122337464,3.6798913,41.04652,0.3225547350949627
4100.0,-739.8760912908313,3.6797311,40.984154,0.3222208466588306
4100.0,-739.8677257763286,3.679611,40.984154,0.3218869586395309
4100.0,-739.8769802241101,3.6794105,41.034054,0.3215530698022444
4100.0,-739.8691021126253,3.6794505,41.009087,0.3212191811618306
4100.0,-739.8731197289903,3.6791298,40.959179,0.3208852940666936
4100.0,-739.8675205894767,3.6791298,41.04652,0.3205514061399906
4100.0,-739.8752640888852,3.6788893,40.971645,0.3202175180771551
4100.0,-739.869047559908,3.6788893,40.99662,0.3198836294613599
4100.0,-739.8692531372042,3.6788893,40.984154,0.3195497407527917
4100.0,-739.8755083287592,3.678689,41.009087,0.3192158525797364
4100.0,-739.8673861907024,3.678689,41.04652,0.3188819647136851
4100.0,-739.8755333649195,3.6784484,41.04652,0.3185480765293317
4100.0,-739.8691171031886,3.6784084,40.99662,0.318214187882153
4100.0,-739.8751389662009,3.6779675,40.946712,0.3178802998757823
4100.0,-739.8683573772269,3.6782882,41.058987,0.3175464115714532
4100.0,-739.875539530031,3.6780477,41.096428,0.3172125233843176
4100.0,-739.8686804839768,3.6778872,41.009087,0.3168786349341768
4100.0,-739.8752811300661,3.6778471,41.04652,0.3165447468636509
4100.0,-739.868152593302,3.6778071,40.984154,0.3162108586517368
4100.0,-739.87625587866,3.677727,41.034054,0.3158769701413302
4100.0,-739.8691770517311,3.6775665,41.009087,0.3155430814670979
4100.0,-739.867266159172,3.6775265,40.971645,0.3152091936552145
4100.0,-739.8760976994612,3.6774864,40.984154,0.3148753052161903
4100.0,-739.869506139154,3.6772058,40.99662,0.3145414163934472
4100.0,-739.8770915282433,3.6771657,41.021553,0.3142075275059318
4100.0,-739.8689679459075,3.676805,40.984154,0.3138736389260649
4100.0,-739.8759623471572,3.6766849,41.083961,0.313539750548122
4100.0,-739.8678624698839,3.6769252,41.034054,0.3132058624671351
4100.0,-739.8753089380401,3.6769252,41.034054,0.3128719743840602
4100.0,-739.8681952929254,3.6764843,41.021553,0.3125380861528766
4100.0,-739.8767469830879,3.6762838,40.99662,0.3122041974208463
4100.0,-739.8690841685599,3.6763241,41.071495,0.3118703087885303
4100.0,-739.8765809904231,3.6763241,41.034054,0.3115364201314085
4100.0,-739.8694860953252,3.6759231,41.058987,0.3112025313177107
4100.0,-739.8688138327672,3.6761236,41.071495,0.3108686428073921
4100.0,-739.8754795810902,3.6759231,41.009087,0.31053475464731
4100.0,-739.8675353596477,3.6758029,40.959179,0.3102008667139417
4100.0,-739.8766750704297,3.6756427,41.096428,0.3098669780143638
4100.0,-739.8674360198216,3.6757228,41.058987,0.3095330901258255
4100.0,-739.8756617472732,3.6753221,41.083961,0.3091992018835362
4100.0,-739.8666920164039,3.6754022,41.071495,0.3088653143307523
4100.0,-739.8756529464317,3.6752417,40.99662,0.3085314260924346
4100.0,-739.8688183249226,3.6750014,40.959179,0.3081975375800888
4100.0,-739.8777949620003,3.6750014,41.021553,0.3078636483751305
4100.0,-739.8687189846872,3.6748009,41.04652,0.307529759907615
4100.0,-739.8766904638701,3.6747608,41.04652,0.3071958712010904
4100.0,-739.8692649657418,3.6746404,41.071495,0.3068619824871842
4100.0,-739.8699154759704,3.6747208,41.04652,0.3065280934797152
4100.0,-739.8773867809516,3.6743197,41.034054,0.3061942044589594
4100.0,-739.8693418456094,3.67436,41.096428,0.3058603157103587
4100.0,-739.8774992085444,3.6740794,41.071495,0.305526426638867
4100.0,-739.8703352367074,3.673919,41.058987,0.3051925374419681
4100.0,-739.876013445939,3.673959,41.083961,0.3048586490409656
4100.0,-739.8690846570245,3.6737988,41.04652,0.3045247604084292
4100.0,-739.8767480083213,3.6737187,41.083961,0.3041908716759361
4100.0,-739.8686520417082,3.6734781,41.071495,0.3038569832386307
4100.0,-739.8763967121773,3.6731575,41.083961,0.3035230946646692
4100.0,-739.8698482153973,3.6731575,41.096428,0.3031892056875537
4100.0,-739.8774278334686,3.6729569,41.034054,0.3028553166482718
4100.0,-739.8699934050035,3.6731174,41.034054,0.302521427605635
4100.0,-739.8695493393155,3.6728768,41.058987,0.3021875387633965
4100.0,-739.8766439066065,3.6730373,41.058987,0.301853650077882
4100.0,-739.8686928001606,3.6726363,41.083961,0.3015197616221831
4100.0,-739.8748215942342,3.6726363,41.158836,0.3011858737590348
4100.0,-739.869356737743,3.6722755,41.021553,0.3008519850037137
4100.0,-739.8765192353525,3.6721954,41.083961,0.3005180963744604
4100.0,-739.8688573994306,3.6723156,41.083961,0.300184207844481
4100.0,-739.8779612957956,3.6719549,41.133865,0.2998503185644602
4100.0,-739.8699759981058,3.6719949,41.083961,0.2995164295296789
4100.0,-739.8776320949676,3.6719148,41.058987,0.2991825403982186
4100.0,-739.8718772830349,3.6715941,41.096428,0.298848650505424
4100.0,-739.8779381877291,3.671474,41.071495,0.2985147612358314
4100.0,-739.8718993290161,3.671474,41.096428,0.2981808713330879
4100.0,-739.8715304825797,3.671474,41.071495,0.2978469815967977
4100.0,-739.8787594572364,3.6710732,41.108894,0.2975130919565857
4100.0,-739.8705285952262,3.6709528,41.108894,0.2971792026724279
4100.0,-739.8793766477814,3.6708727,41.096428,0.2968453127536926
4100.0,-739.8713634919409,3.6707122,41.096428,0.296511423092762
4100.0,-739.8793466059852,3.670552,41.183769,0.2961775331875838
4100.0,-739.8717268074927,3.6703918,41.133865,0.2958436433626959
4100.0,-739.8779604050089,3.6705921,41.096428,0.2955097540830772
4100.0,-739.8712919096736,3.6702714,41.133865,0.2951758644544503
4100.0,-739.8786462362644,3.6700711,41.096428,0.2948419748653322
4100.0,-739.8695991684349,3.6702714,41.071495,0.2945080860006068
4100.0,-739.8775536641983,3.6699908,41.108894,0.2941741969045405
4100.0,-739.8712313267615,3.6696301,41.083961,0.2938403073032535
4100.0,-739.8712679720431,3.66959,41.096428,0.2935064176854292
4100.0,-739.8779772990556,3.66959,41.133865,0.2931725283981866
4100.0,-739.8721496334628,3.6693094,41.121399,0.2928386383824855
4100.0,-739.8799732329755,3.6692293,41.158836,0.2925047481945255
4100.0,-739.8707502372166,3.6689487,41.133865,0.2921708588103449
4100.0,-739.8782933779185,3.6687884,41.171303,0.2918369693804635
4100.0,-739.8731425727259,3.6688685,41.133865,0.2915030789166681
4100.0,-739.8799941313672,3.6687884,41.146332,0.2911691887192771
4100.0,-739.8721538690054,3.6685078,41.121399,0.2908352987016646
4100.0,-739.8817527470691,3.6685479,41.146332,0.2905014077106523
4100.0,-739.8728301227716,3.6682673,41.171303,0.2901675173878596
4100.0,-739.8809586877899,3.6683073,41.071495,0.2898336267551873
4100.0,-739.8726393402027,3.6682272,41.158836,0.2894997365184911
4100.0,-739.8736866860735,3.6678665,41.083961,0.2891658458091478
4100.0,-739.880163969169,3.6678264,41.121399,0.2888319555351131
4100.0,-739.8736786784873,3.6678665,41.146332,0.2884980648293835
4100.0,-739.8800829994633,3.6674254,41.108894,0.2881641745918886
4100.0,-739.873070477847,3.6672652,41.158836,0.2878302841606282
4100.0,-739.8808333455297,3.6673853,41.20874,0.2874963935845199
4100.0,-739.8729576734236,3.6669445,41.183769,0.287162503204166
4100.0,-739.8799270538819,3.6669846,41.096428,0.2868286130370455
4100.0,-739.8719452631059,3.6667843,41.146332,0.2864947231135729
4100.0,-739.8799017244762,3.666744,41.183769,0.2861608329578829
4100.0,-739.8713956931565,3.6663432,41.121399,0.2858269432824206
4100.0,-739.8781681944569,3.6663032,41.196236,0.2854930539090314
4100.0,-739.8730811958286,3.6662631,41.158836,0.2851591634729342
4100.0,-739.8724635715254,3.6661429,41.183769,0.2848252733155589
4100.0,-739.8810656585213,3.6659024,41.221207,0.2844913826346134
4100.0,-739.8742250137656,3.6657419,41.183769,0.2841574916823332
4100.0,-739.8806956370304,3.6656618,41.183769,0.2838236011683695
4100.0,-739.8717507698841,3.6653812,41.258644,0.2834897113326678
4100.0,-739.8796782364734,3.6654212,41.233673,0.2831558212778327
4100.0,-739.8717377204919,3.6653011,41.196236,0.28282193144802
4100.0,-739.8812455423831,3.6651006,41.183769,0.2824880406858971
4100.0,-739.8715271384287,3.6649404,41.221207,0.282154150951116
4100.0,-739.8795147956373,3.6650205,41.146332,0.2818202609700379
4100.0,-739.8716902964519,3.6647398,41.171303,0.2814863711616267
4100.0,-739.8805315980392,3.6644592,41.296082,0.2811524807216899
4100.0,-739.8716856454994,3.6645396,41.183769,0.2808185909153776
4100.0,-739.8725398530391,3.664299,41.146332,0.280484700723578
4100.0,-739.8790967881044,3.6640584,41.196236,0.2801508109311367
4100.0,-739.8709699750749,3.6640985,41.171303,0.2798169214477926
4100.0,-739.8794031497595,3.6637778,41.20874,0.2794830315170976
4100.0,-739.8727955285501,3.6636977,41.171303,0.2791491412099166
4100.0,-739.880011978615,3.6636577,41.20874,0.2788152510044716
4100.0,-739.8725853113518,3.663337,41.233673,0.2784813607921574
4100.0,-739.8784856883875,3.6634171,41.24614,0.2781474712754909
4100.0,-739.8718732670659,3.6632168,41.296082,0.2778135813845086
4100.0,-739.8785603352062,3.6628962,41.283577,0.2774796918341557
4100.0,-739.8712883694819,3.6625755,41.196236,0.2771458022071264
4100.0,-739.8790345439503,3.6624551,41.171303,0.2768119124427744
4100.0,-739.8728548783295,3.6627357,41.20874,0.2764780221088099
4100.0,-739.8717175426268,3.6623349,41.20874,0.2761441322881031
4100.0,-739.8791828970742,3.6622148,41.221207,0.2758102424568028
4100.0,-739.871350039417,3.6617336,41.283577,0.2754763528019431
4100.0,-739.8777238676871,3.6620142,41.221207,0.275142463629068
4100.0,-739.8708954274366,3.6616535,41.196236,0.2748085741793659
4100.0,-739.877753848706,3.6613729,41.183769,0.2744746849929611
4100.0,-739.8711663732474,3.6616135,41.24614,0.2741407954209864
4100.0,-739.8780576219024,3.6609721,41.196236,0.273806906097496
4100.0,-739.8706021303287,3.660892,41.221207,0.2734730167801532
4100.0,-739.8772635139195,3.6607716,41.258644,0.2731391278150248
4100.0,-739.8723877539201,3.6606915,41.196236,0.2728052376918645
4100.0,-739.8808433801302,3.6606114,41.171303,0.2724713471112279
4100.0,-739.8717915895224,3.660531,41.296082,0.2721374572571051
4100.0,-739.8789076270052,3.6601703,41.183769,0.2718035675500277
4100.0,-739.8707749322025,3.65997,41.233673,0.2714696781547027
4100.0,-739.8708253711352,3.6596894,41.221207,0.2711357887366157
4100.0,-739.8781526667742,3.6596894,41.24614,0.2708018993702338
4100.0,-739.870520770584,3.6596494,41.258644,0.2704680100896071
4100.0,-739.8790163191464,3.6594489,41.233673,0.2701341203334795
4100.0,-739.8706032406802,3.6592083,41.183769,0.2698002310156356
4100.0,-739.87741942328,3.6589279,41.158836,0.269466341980149
4100.0,-739.8707782276504,3.6591682,41.20874,0.2691324525833369
4100.0,-739.8778687419749,3.659008,41.296082,0.2687985633450835
4100.0,-739.8685852939512,3.6589279,41.20874,0.2684646749379
4100.0,-739.8762325023139,3.6584067,41.233673,0.2681307864380426
4100.0,-739.869248303717,3.6582866,41.221207,0.2677968977316556
4100.0,-739.8779051187316,3.6581662,41.283577,0.2674630084769863
4100.0,-739.8705869936558,3.6580861,41.308548,0.2671291191664743
4100.0,-739.8708981738478,3.6579659,41.221207,0.2667952297155328
4100.0,-739.8786065998383,3.6579659,41.258644,0.2664613401443018
4100.0,-739.8696922589018,3.6576452,41.20874,0.2661274512375664
4100.0,-739.8786481770456,3.6573246,41.196236,0.2657935616475725
4100.0,-739.8705173284126,3.6572845,41.271111,0.2654596723684992
4100.0,-739.8795858529111,3.6567633,41.196236,0.2651257823553546
4100.0,-739.8721006584914,3.6569235,41.196236,0.264791892361755
4100.0,-739.8789325049808,3.6565628,41.258644,0.2644580026434507
4100.0,-739.869502220387,3.6566432,41.321014,0.264124113822476
4100.0,-739.876973363436,3.6563225,41.20874,0.2637902249882856
4100.0,-739.8701686854207,3.6560018,41.233673,0.2634563358665481
4100.0,-739.877937784798,3.656162,41.24614,0.2631224465971374
4100.0,-739.8697033063462,3.6557212,41.271111,0.2627885576854165
4100.0,-739.8676928423139,3.6555607,41.20874,0.2624546696809792
4100.0,-739.8757139936616,3.6554806,41.233673,0.2621207814151123
4100.0,-739.8685031772603,3.6554005,41.221207,0.2617868930449865
4100.0,-739.8766578833422,3.6550798,41.258644,0.2614530043531647
4100.0,-739.8686301543195,3.6548393,41.24614,0.2611191159257366
4100.0,-739.8776915435699,3.6548793,41.221207,0.2607852267674487
4100.0,-739.8701269981284,3.6547992,41.258644,0.2604513376645239
4100.0,-739.8787607877889,3.6544785,41.233673,0.2601174480237115
4100.0,-739.8703230907803,3.6541579,41.283577,0.2597835588322938
4100.0,-739.8777965004645,3.6541979,41.196236,0.2594496696266413
4100.0,-739.8710004802726,3.6540377,41.258644,0.2591157801295309
4100.0,-739.8784239936848,3.6535966,41.308548,0.2587818906407056
4100.0,-739.8701808311432,3.653717,41.24614,0.258448001513487
4100.0,-739.870262519737,3.6531959,41.283577,0.2581141123494039
4100.0,-739.878867429054,3.6531959,41.221207,0.2577802226604669
4100.0,-739.8710925940148,3.6529152,41.233673,0.2574463331217873
4100.0,-739.8782183531343,3.6526749,41.233673,0.2571124437257627
4100.0,-739.8711739171299,3.6525145,41.233673,0.2567785541503836
4100.0,-739.877464088466,3.6523943,41.333481,0.2564446650947407
4100.0,-739.871153251005,3.6521537,41.221207,0.2561107755286878
4100.0,-739.8789567727274,3.6523542,41.321014,0.2557768857994321
4100.0,-739.8709429855128,3.6519132,41.258644,0.2554429963282679
4100.0,-739.8783608708177,3.651793,41.221207,0.2551091068679285
4100.0,-739.8713962430116,3.6515524,41.233673,0.254775217192218
4100.0,-739.8791217268572,3.6511517,41.233673,0.2544413273885224
4100.0,-739.8722131091002,3.6512318,41.308548,0.254107437344176
4100.0,-739.8714973160992,3.6507909,41.296082,0.2537735476228531
4100.0,-739.8795953869684,3.6509511,41.258644,0.253439657605406
4100.0,-739.8713802882066,3.6505904,41.271111,0.2531057679368956
4100.0,-739.8801436202288,3.6505504,41.24614,0.2527718776720439
4100.0,-739.8719235963141,3.6502697,41.283577,0.252437987758349
4100.0,-739.8778383091167,3.6499491,41.283577,0.2521040985338292
4100.0,-739.8702096153575,3.649869,41.321014,0.2517702093936209
4100.0,-739.8788082974351,3.6497085,41.271111,0.2514363197313685
4100.0,-739.8735707073464,3.6492276,41.333481,0.2511024290743642
4100.0,-739.8789875960339,3.6490674,41.271111,0.2507685393311987
4100.0,-739.8708704635599,3.6488268,41.283577,0.2504346498927623
4100.0,-739.8768377917605,3.6487868,41.271111,0.2501007611197521
4100.0,-739.870952714287,3.6487064,41.308548,0.2497668716441975
4100.0,-739.8704274728216,3.6483457,41.271111,0.2494329824056743
4100.0,-739.8775643947706,3.6483858,41.296082,0.2490990933047656
4100.0,-739.8706006283052,3.6482255,41.296082,0.2487652039881006
4100.0,-739.8781327082822,3.6478248,41.345989,0.2484313146307255
4100.0,-739.8702585158416,3.6475842,41.258644,0.2480974254684493
4100.0,-739.8783877757268,3.6472635,41.283577,0.2477635359959684
4100.0,-739.8701667317669,3.6473036,41.321014,0.2474296468751125
4100.0,-739.8793770384342,3.6471033,41.24614,0.2470957569562009
4100.0,-739.8713649563116,3.6469829,41.233673,0.2467618672946095
4100.0,-739.8784405953047,3.6466222,41.321014,0.2464279777982923
4100.0,-739.8715033223516,3.6464217,41.258644,0.246094088074259
4100.0,-739.8791502551551,3.6461813,41.296082,0.2457601982576892
4100.0,-739.8713063994942,3.646101,41.308548,0.2454263086225234
4100.0,-739.8708822433944,3.6459007,41.308548,0.2450924191787709
4100.0,-739.8777709021651,3.6455801,41.321014,0.2447585299846703
4100.0,-739.8712161896793,3.6453795,41.333481,0.2444246403902144
4100.0,-739.8783872993309,3.6452994,41.221207,0.2440907509179485
4100.0,-739.8698391817693,3.6449788,41.345989,0.2437568619449096
4100.0,-739.8778730268779,3.6447382,41.296082,0.2434229727047225
4100.0,-739.8705636169309,3.644618,41.333481,0.2430890834047601
4100.0,-739.8770126581176,3.644618,41.308548,0.2427551945528369
4100.0,-739.8688809590996,3.6441371,41.358456,0.2424213060122255
4100.0,-739.8764876796488,3.6440167,41.296082,0.2420874173972126
4100.0,-739.8699436739045,3.6437361,41.358456,0.2417535283770185
4100.0,-739.8763784259824,3.6434155,41.271111,0.2414196398113091
4100.0,-739.870418305362,3.6433754,41.296082,0.241085750576923
4100.0,-739.8699373627453,3.6432953,41.296082,0.240751861559577
4100.0,-739.8761197088295,3.6429746,41.321014,0.2404179731106205
4100.0,-739.8699729216179,3.6424534,41.283577,0.2400840840772275
4100.0,-739.876976793773,3.6425338,41.333481,0.239750195241489
4100.0,-739.8713723655441,3.6422532,41.345989,0.239416305576554
4100.0,-739.8795891005069,3.6420527,41.283577,0.2390824155619438
4100.0,-739.8709533369924,3.6416919,41.333481,0.2387485260861082
4100.0,-739.8777855869463,3.641732,41.296082,0.2384146368853807
4100.0,-739.8714541529768,3.6413312,41.358456,0.2380807471835365
4100.0,-739.8782884218048,3.6409705,41.283577,0.2377468577558917
4100.0,-739.8708243461167,3.64081,41.24614,0.2374129683382672
4100.0,-739.8785023755457,3.6408501,41.358456,0.2370790788140701
4100.0,-739.8703490064161,3.6403291,41.345989,0.2367451896109572
4100.0,-739.8688335956317,3.640249,41.321014,0.2364113010917199
4100.0,-739.8787657195506,3.6399283,41.370922,0.236077411448682
4100.0,-739.8712513824591,3.6396477,41.296082,0.2357435218383442
4100.0,-739.8783987248519,3.6397278,41.321014,0.2354096323609222
4100.0,-739.8703506545493,3.6395676,41.308548,0.2350757431570656
4100.0,-739.8787620328029,3.6390064,41.345989,0.2347418535156913
4100.0,-739.8691752816352,3.6388059,41.345989,0.2344079648422578
4100.0,-739.8775644792859,3.6387258,41.296082,0.2340740757413109
4100.0,-739.8700263881307,3.6382046,41.308548,0.2337401866837894
4100.0,-739.8776469148094,3.6382449,41.296082,0.2334062975456414
4100.0,-739.8690769052324,3.6379642,41.358456,0.2330724089166032
4100.0,-739.8756619916103,3.6378038,41.333481,0.2327385206742036
4100.0,-739.8687643455935,3.637403,41.308548,0.2324046321862176
4100.0,-739.8687971950939,3.6372025,41.296082,0.2320707436834072
4100.0,-739.8760068541584,3.6372426,41.308548,0.2317368552853794
4100.0,-739.8698571260394,3.6372025,41.333481,0.2314029663042427
4100.0,-739.8786154377191,3.6365612,41.296082,0.2310690767290233
4100.0,-739.8691272715196,3.636481,41.358456,0.2307351880772558
4100.0,-739.8763746420318,3.6362004,41.370922,0.2304012995132541
4100.0,-739.8699908779614,3.6360402,41.395889,0.2300674104717577
4100.0,-739.8775292135057,3.6357596,41.333481,0.2297335213867254
4100.0,-739.8700533535459,3.6356394,41.296082,0.229399632317035
4100.0,-739.8768554184091,3.6354389,41.296082,0.2290657435360703
4100.0,-739.870469391761,3.6349177,41.333481,0.2287318542786299
4100.0,-739.8762592725716,3.6348376,41.321014,0.2283979657666917
4100.0,-739.8701440755631,3.6343968,41.408356,0.2280640766560601
4100.0,-739.869916866877,3.6343167,41.358456,0.2277301876479635
4100.0,-739.8765679173664,3.6341562,41.296082,0.2273962989967412
4100.0,-739.8688827044346,3.6340361,41.383389,0.2270624104553421
4100.0,-739.8762237745281,3.6335549,41.345989,0.2267285219594233
4100.0,-739.8690522104512,3.6334348,41.345989,0.2263946333415294
4100.0,-739.8759012264625,3.6331542,41.333481,0.2260607449911689
4100.0,-739.8682276535519,3.6328335,41.358456,0.2257268567453816
4100.0,-739.875518741325,3.632633,41.296082,0.2253929685676275
4100.0,-739.8684625896784,3.6323123,41.308548,0.2250590802158181
4100.0,-739.8751566419625,3.6322322,41.308548,0.2247251922014707
4100.0,-739.8682776660245,3.6318715,41.321014,0.2243913039331138
4100.0,-739.8762688547187,3.6316309,41.283577,0.2240574154168514
4100.0,-739.8681914725879,3.6315908,41.345989,0.2237235271873919
4100.0,-739.8680433530127,3.6310699,41.370922,0.2233896390247759
4100.0,-739.8754372342415,3.6309896,41.308548,0.2230557508838039
4100.0,-739.8682237843066,3.6305888,41.296082,0.2227218626397628
4100.0,-739.8757337694124,3.6305087,41.370922,0.2223879743649716
4100.0,-739.8686613434085,3.630228,41.258644,0.2220540859234685
4100.0,-739.8767069312478,3.6299474,41.370922,0.2217201972095125
4100.0,-739.8689995375142,3.6296268,41.333481,0.221386308615389
4100.0,-739.8760782048822,3.6294665,41.321014,0.2210524201851622
4100.0,-739.8679566346863,3.6291058,41.408356,0.2207185320616806
4100.0,-739.874367489684,3.6290255,41.296082,0.2203846444034588
4100.0,-739.8667926628267,3.6287048,41.308548,0.2200507568052552
4100.0,-739.8742715671222,3.6284645,41.283577,0.219716869190321
4100.0,-739.8664870491258,3.6281838,41.358456,0.2193829817300349
4100.0,-739.869264807354,3.6279433,41.333481,0.2190490930162001
4100.0,-739.8769365585779,3.6275024,41.345989,0.2187152041986189
4100.0,-739.8689771870356,3.627382,41.308548,0.2183813156145816
4100.0,-739.876132440551,3.6271417,41.321014,0.2180474271598796
4100.0,-739.8679989806998,3.6269813,41.395889,0.217713539017288
4100.0,-739.8748752683779,3.6267006,41.321014,0.2173796511299179
4100.0,-739.8670910866642,3.6265004,41.283577,0.2170457633970413
4100.0,-739.8738937569266,3.6261396,41.321014,0.2167118759526039
4100.0,-739.8670564314615,3.6257789,41.24614,0.2163779882353665
4100.0,-739.8747151848232,3.6256185,41.308548,0.2160441004202383
4100.0,-739.8677008979894,3.6252978,41.296082,0.2157102124121656
4100.0,-739.8752908961823,3.6250973,41.383389,0.2153763243372325
4100.0,-739.8683440229279,3.6247365,41.408356,0.21504243603893
4100.0,-739.8683969526822,3.6246564,41.271111,0.2147085477167413
4100.0,-739.8762424509666,3.6243358,41.258644,0.2143746592123943
4100.0,-739.870434980279,3.6238549,41.308548,0.2140407699704831
4100.0,-739.8784040720276,3.6236544,41.358456,0.213706880490648
4100.0,-739.8700523886902,3.6234539,41.296082,0.213372991421393
4100.0,-739.8782490051593,3.6230531,41.370922,0.2130391020115359
4100.0,-739.8694249625579,3.6228528,41.308548,0.2127052132254262
4100.0,-739.8767470929781,3.6225321,41.333481,0.2123713244933462
4100.0,-739.8704627873594,3.6225321,41.358456,0.2120374352388862
4100.0,-739.8781915953596,3.6221714,41.333481,0.2117035458549368
4100.0,-739.872036791591,3.6217303,41.296082,0.2113696558901591
4100.0,-739.8775585595346,3.6215301,41.321014,0.2110357667918836
4100.0,-739.8705706479972,3.6214898,41.370922,0.2107018774887482
4100.0,-739.8703839311237,3.621129,41.271111,0.2103679882698745
4100.0,-739.8775128435354,3.6206882,41.395889,0.2100340991922296
4100.0,-739.8700772788983,3.6207283,41.408356,0.2097002101117421
4100.0,-739.8763346270265,3.6202874,41.333481,0.2093663215657982
4100.0,-739.8690295792129,3.6198063,41.321014,0.2090324329581174
4100.0,-739.8763802814299,3.6198463,41.395889,0.2086985443915707
4100.0,-739.8705879458241,3.6195257,41.333481,0.2083646550806291
4100.0,-739.8796109995756,3.6190047,41.358456,0.2080307650561364
4100.0,-739.8709008592776,3.6188443,41.308548,0.207696875603983
4100.0,-739.8780063768048,3.6186841,41.333481,0.2073629863036183
4100.0,-739.8694185908267,3.6181629,41.370922,0.207029097520384
4100.0,-739.8772024542068,3.6180027,41.345989,0.2066952085828104
4100.0,-739.870377631424,3.617682,41.321014,0.2063613193667796
4100.0,-739.8780800104637,3.6173213,41.358456,0.2060274300331858
4100.0,-739.8690551889189,3.6171207,41.321014,0.2056935414139478
4100.0,-739.8697509258129,3.61672,41.358456,0.2053596524807372
4100.0,-739.8763493971414,3.6166399,41.358456,0.2050257639281279
4100.0,-739.8690561904043,3.6165595,41.283577,0.2046918753084379
4100.0,-739.8754716462743,3.6159985,41.258644,0.2043579871519367
4100.0,-739.8703398995287,3.6156778,41.296082,0.2040240979529336
4100.0,-739.8774908957631,3.6153572,41.296082,0.2036902088851932
4100.0,-739.8688844868085,3.6153572,41.370922,0.2033563203429897
4100.0,-739.8772967660674,3.6147959,41.271111,0.2030224313628554
4100.0,-739.8690916269048,3.6145554,41.321014,0.2026885427271736
4100.0,-739.8768294292524,3.614315,41.358456,0.2023546539579373
4100.0,-739.8690776136801,3.6139543,41.370922,0.2020207653285795
4100.0,-739.8778760536699,3.6137938,41.321014,0.2016868760870264
4100.0,-739.871521938235,3.6134331,41.271111,0.2013529863545921
4100.0,-739.8709977578038,3.6131525,41.321014,0.2010190968587103
4100.0,-739.878908652648,3.6131124,41.308548,0.20068520715117
4100.0,-739.8708852220666,3.6128318,41.370922,0.2003513177060734
4100.0,-739.8778704750492,3.6124711,41.24614,0.2000174284670379
4100.0,-739.86983353015,3.6120703,41.321014,0.1996835394965495
4100.0,-739.8775881617696,3.6116292,41.358456,0.1993496503849153
4100.0,-739.8706595763854,3.6112685,41.283577,0.1990157610416482
4100.0,-739.8767539043346,3.6111083,41.233673,0.1986818723064944
4100.0,-739.8714966569687,3.6107876,41.358456,0.198347982585469
4100.0,-739.8789882302052,3.6105471,41.370922,0.1980140928420173
4100.0,-739.8692056648703,3.6101463,41.321014,0.1976802041548724
4100.0,-739.8780090133533,3.6099458,41.283577,0.1973463148533179
4100.0,-739.871633204619,3.6098256,41.283577,0.1970124250706712
4100.0,-739.8696540141901,3.6094248,41.271111,0.1966785361811949
4100.0,-739.8768723380356,3.6091042,41.283577,0.1963446473925948
4100.0,-739.8710620517782,3.6088636,41.233673,0.1960107578676984
4100.0,-739.8780191216232,3.6083827,41.258644,0.1956768685615822
4100.0,-739.8704479922229,3.6079817,41.20874,0.195342979313799
4100.0,-739.8787535978532,3.607621,41.383389,0.1950090896762312
4100.0,-739.870356404189,3.6074607,41.333481,0.1946752004697799
4100.0,-739.8791817611319,3.6071401,41.296082,0.1943413106389923
4100.0,-739.8713488185625,3.6068594,41.321014,0.1940074209846835
4100.0,-739.8787322840476,3.6068194,41.358456,0.1936735313567341
4100.0,-739.8731020821413,3.6064186,41.345989,0.1933396409112114
4100.0,-739.8804827208012,3.6060979,41.345989,0.1930057504933317
4100.0,-739.8727038664381,3.6057773,41.345989,0.1926718602275159
4100.0,-739.8728783643297,3.6055768,41.283577,0.1923379698829527
4100.0,-739.8813534167933,3.6052561,41.321014,0.1920040790721487
4100.0,-739.8736286297942,3.6046948,41.345989,0.1916701883890051
4100.0,-739.8800775546755,3.6044545,41.233673,0.1913362981539672
4100.0,-739.8732504947543,3.6043742,41.345989,0.1910024076414687
4100.0,-739.8817463752738,3.6038933,41.24614,0.1906685166533319
4100.0,-739.8744498660755,3.6036928,41.308548,0.1903346255995802
4100.0,-739.8820206808866,3.6032519,41.271111,0.1900007344876558
4100.0,-739.8738131990197,3.6028912,41.333481,0.1896668437212197
4100.0,-739.8806693065385,3.6024904,41.345989,0.1893329532191383
4100.0,-739.8720026729421,3.6025305,41.308548,0.1889990632697577
4100.0,-739.8808256063472,3.6021295,41.383389,0.1886651726971419
4100.0,-739.8723302470867,3.6015685,41.333481,0.1883312825999334
4100.0,-739.8729199415282,3.601368,41.308548,0.1879973922366072
4100.0,-739.8809786953949,3.6010473,41.296082,0.1876635015949059
4100.0,-739.8715802384396,3.6009672,41.233673,0.1873296118361618
4100.0,-739.8792183337266,3.6006465,41.395889,0.1869957219888699
4100.0,-739.8707832088843,3.6002057,41.296082,0.1866618325898098
4100.0,-739.8780485519627,3.5997646,41.321014,0.1863279432704125
4100.0,-739.8709324877188,3.5994039,41.271111,0.1859940538039858
4100.0,-739.8786165851211,3.598923,41.333481,0.1856601642282486
4100.0,-739.8715390396119,3.5986824,41.358456,0.1853262744880967
4100.0,-739.8790358384866,3.5986023,41.321014,0.1849923847231605
4100.0,-739.869532261881,3.5984819,41.321014,0.1846584958886287
4100.0,-739.8778165563638,3.5979209,41.24614,0.1843246066739254
4100.0,-739.8715714618337,3.5975199,41.358456,0.183990716919142
4100.0,-739.8708746266616,3.5973997,41.370922,0.1836568274788269
4100.0,-739.878578877198,3.5969188,41.296082,0.1833229379201064
4100.0,-739.871269424545,3.5966382,41.345989,0.1829890483016266
4100.0,-739.8774129289069,3.5962374,41.283577,0.1826551592690708
4100.0,-739.8705702090543,3.5958364,41.283577,0.1823212699661335
4100.0,-739.8775731956121,3.5958364,41.333481,0.1819873808612531
4100.0,-739.8694500848225,3.5951951,41.358456,0.1816534920638062
4100.0,-739.8783597234157,3.5949948,41.333481,0.1813196026039846
4100.0,-739.870348078804,3.5947142,41.321014,0.1809857134012903
4100.0,-739.8781071218519,3.5943534,41.196236,0.1806518240554618
4100.0,-739.872129246665,3.5938323,41.233673,0.1803179340489609
4100.0,-739.8801861494094,3.5934315,41.24614,0.1799840437649168
4100.0,-739.8717644784068,3.5933113,41.333481,0.1796501539230287
4100.0,-739.8716566543987,3.5930307,41.321014,0.1793162641297996
4100.0,-739.8780177661049,3.5925896,41.321014,0.1789823748242952
4100.0,-739.8709356978337,3.5923493,41.258644,0.1786484853564198
4100.0,-739.8790514019807,3.5919886,41.283577,0.1783145955844601
4100.0,-739.871355190703,3.5916276,41.283577,0.1779807059272757
4100.0,-739.8768624251944,3.5913472,41.333481,0.1776468171431491
4100.0,-739.8698582617657,3.5908661,41.283577,0.1773129281614998
4100.0,-739.8778665812084,3.5906255,41.345989,0.1769790389242216
4100.0,-739.8704876409378,3.5901446,41.296082,0.1766451496585456
4100.0,-739.8777829993061,3.589864,41.258644,0.1763112604589858
4100.0,-739.8697993140947,3.5897439,41.271111,0.1759773715039385
4100.0,-739.8769293563639,3.5892227,41.308548,0.1756434826896074
4100.0,-739.8687159820727,3.5887017,41.271111,0.1753095942234469
4100.0,-739.8684565588698,3.5883811,41.20874,0.1749757058743591
4100.0,-739.8750670177311,3.5883007,41.258644,0.1746418179004571
4100.0,-739.8674016932633,3.58798,41.258644,0.1743079300274097
4100.0,-739.8745908188882,3.5876193,41.308548,0.1739740422684048
4100.0,-739.8688416521258,3.5870583,41.283577,0.1736401537455319
4100.0,-739.8758182672718,3.5865772,41.321014,0.1733062654326088
4100.0,-739.8696357648087,3.5865772,41.283577,0.1729723765513681
4100.0,-739.8774808979974,3.5860159,41.258644,0.1726384874881395
4100.0,-739.8700338831054,3.5859358,41.221207,0.1723045984272357
4100.0,-739.8765246551745,3.5854149,41.271111,0.1719707097955366
4100.0,-739.8685831450754,3.5850942,41.271111,0.1716368213893229
4100.0,-739.8764305506115,3.5847332,41.233673,0.1713029328000909
4100.0,-739.8695355581473,3.5843325,41.258644,0.1709690439640716
4100.0,-739.8701949297009,3.5840518,41.283577,0.1706351548304906
4100.0,-739.878236798128,3.5839317,41.24614,0.1703012654261422
4100.0,-739.869423119612,3.5832102,41.196236,0.1699673766408642
4100.0,-739.8771310425009,3.5829697,41.20874,0.169633487735517
4100.0,-739.8687982563329,3.5827291,41.271111,0.1692995992322277
4100.0,-739.8761511182174,3.5821681,41.258644,0.1689657107690969
4100.0,-739.8691036995725,3.5818474,41.24614,0.168631822127967
4100.0,-739.877426405304,3.5812862,41.233673,0.1682979330893296
4100.0,-739.870108407006,3.581166,41.283577,0.1679640439947946
4100.0,-739.8785601876626,3.5808051,41.221207,0.1676301544445083
4100.0,-739.8712319132464,3.5805247,41.221207,0.1672962648429566
4100.0,-739.8771199094068,3.5800436,41.283577,0.1669623759426335
4100.0,-739.8692799194707,3.5795226,41.271111,0.1666284872219789
4100.0,-739.870442756218,3.5794022,41.271111,0.1662945979765586
4100.0,-739.8770511835671,3.5791616,41.24614,0.1659607091072498
4100.0,-739.8702713090303,3.5787208,41.196236,0.1656268199392003
4100.0,-739.8789750707914,3.5781596,41.321014,0.1652929302016871
4100.0,-739.8693374756213,3.5777187,41.333481,0.1649590414550585
4100.0,-739.8755375522104,3.5773981,41.296082,0.1646251532688155
4100.0,-739.8675019615199,3.5770373,41.271111,0.164291265350519
4100.0,-739.8787173917642,3.5767968,41.20874,0.1639573757292902
4100.0,-739.8700861287637,3.5763159,41.20874,0.163623486644809
4100.0,-739.8775018332238,3.5760753,41.271111,0.1632895975721328
4100.0,-739.8689306412907,3.5756345,41.333481,0.1629557090091007
4100.0,-739.878234283748,3.5751133,41.24614,0.162621819605887
4100.0,-739.8704307195661,3.5747526,41.233673,0.1622879303658986
4100.0,-739.8698334200561,3.5743117,41.233673,0.1619540413954599
4100.0,-739.8770416986229,3.5740311,41.271111,0.1616201525304314
4100.0,-739.8688686302283,3.5737505,41.283577,0.1612862639953838
4100.0,-739.8757453660103,3.5733898,41.283577,0.1609523757153593
4100.0,-739.8700714077052,3.572989,41.20874,0.1606184866375214
4100.0,-739.8778361976679,3.5726683,41.24614,0.1602845974139545
4100.0,-739.8705868227853,3.572067,41.271111,0.1599507081035197
4100.0,-739.8782464903701,3.5716262,41.271111,0.1596168186947974
4100.0,-739.8699569183142,3.5713856,41.233673,0.1592829296686264
4100.0,-739.8779206953226,3.5708644,41.271111,0.1589490404069277
4100.0,-739.8709431563833,3.5705037,41.258644,0.1586151509356864
4100.0,-739.8783170595837,3.570143,41.221207,0.1582812614951179
4100.0,-739.8696144270705,3.5697823,41.196236,0.1579473726235066
4100.0,-739.8699957122672,3.5693815,41.183769,0.1576134835798285
4100.0,-739.8763620805686,3.5690608,41.196236,0.1572795950214955
4100.0,-739.8697896100813,3.5686197,41.24614,0.1569457060708274
4100.0,-739.8764103594468,3.5682991,41.24614,0.1566118174907073
4100.0,-739.8699704316148,3.5677781,41.196236,0.1562779284584379
4100.0,-739.8779484662573,3.5674975,41.221207,0.1559440391842069
4100.0,-739.8696932231435,3.5669763,41.24614,0.1556101502770363
4100.0,-739.8773356213925,3.5666957,41.183769,0.1552762612793675
4100.0,-739.8687271142362,3.5662148,41.221207,0.1549423728081833
4100.0,-739.8756674241198,3.5657339,41.24614,0.1546084845633322
4100.0,-739.871022599104,3.5654533,41.196236,0.1542745950562399
4100.0,-739.8774258808184,3.5649722,41.183769,0.1539407060178392
4100.0,-739.8707474664538,3.5646515,41.233673,0.153606816634909
4100.0,-739.8700982018406,3.5643308,41.20874,0.1532729275449794
4100.0,-739.8773991956898,3.5638499,41.24614,0.1529390385186211
4100.0,-739.8685457189051,3.5632887,41.183769,0.1526051501292971
4100.0,-739.876267072736,3.5630481,41.221207,0.1522712616138388
4100.0,-739.867692182774,3.5626874,41.221207,0.1519373736096992
4100.0,-739.8763969446455,3.5623267,41.221207,0.1516034850356328
4100.0,-739.8679177551958,3.5618057,41.183769,0.1512695969296967
4100.0,-739.8754302153827,3.5612845,41.20874,0.1509357087918922
4100.0,-739.8695142932593,3.5611243,41.24614,0.1506018199654692
4100.0,-739.8768863636795,3.560483,41.233673,0.1502679311705398
4100.0,-739.8694866932698,3.560082,41.20874,0.1499340423565722
4100.0,-739.8757691821222,3.5598817,41.221207,0.1496001540658001
4100.0,-739.8687079374474,3.5592804,41.24614,0.14926626560327
4100.0,-739.8687455224147,3.5589597,41.146332,0.1489323771237785
4100.0,-739.8761917064122,3.5584786,41.221207,0.1485984886423312
4100.0,-739.8687943627359,3.5579176,41.158836,0.148264600140799
4100.0,-739.8758973809161,3.5577171,41.158836,0.1479307117921739
4100.0,-739.8684816569873,3.5569155,41.146332,0.1475968234317598
4100.0,-739.8772117801477,3.5568352,41.20874,0.1472629344899776
4100.0,-739.8697018170101,3.5562341,41.20874,0.1469290455789288
4100.0,-739.8757484298417,3.5558734,41.171303,0.1465951572975217
4100.0,-739.8701160362215,3.5554724,41.121399,0.1462612681995438
4100.0,-739.8775741111598,3.5549114,41.20874,0.1459273790942503
4100.0,-739.8686885404709,3.5544302,41.158836,0.1455934906404736
4100.0,-739.8765493622777,3.5542297,41.24614,0.1452596019976248
4100.0,-739.8680689880935,3.553829,41.196236,0.1449257138234402
4100.0,-739.8753721089971,3.5530274,41.121399,0.1445918257118577
4100.0,-739.8686691316257,3.552907,41.133865,0.14425793726684
4100.0,-739.8674060755295,3.5524261,41.146332,0.143924049391815
4100.0,-739.8758758354609,3.5519452,41.146332,0.1435901610529128
4100.0,-739.8677737013159,3.5516245,41.096428,0.1432562730119854
4100.0,-739.8752931046292,3.5512235,41.158836,0.1429223849360557
4100.0,-739.8667534544871,3.5505421,41.171303,0.142588497355546
4100.0,-739.8751209726374,3.5500212,41.133865,0.1422546093572954
4100.0,-739.8678748603503,3.5495801,41.183769,0.1419207212707169
4100.0,-739.8753797505676,3.5492594,41.183769,0.141586833155686
4100.0,-739.8684438154073,3.5488186,41.083961,0.141252944812349
4100.0,-739.8775838649977,3.5481772,41.158836,0.1409190557026538
4100.0,-739.871207339814,3.5478165,41.083961,0.1405851661121916
4100.0,-739.8782170962513,3.5472953,41.171303,0.1402512767167343
4100.0,-739.8707063040513,3.5469346,41.133865,0.1399173873523799
4100.0,-739.8710019452571,3.5465338,41.183769,0.1395834978546083
4100.0,-739.8774374403769,3.546093,41.183769,0.1392496088109911
4100.0,-739.8699003636491,3.5454516,41.158836,0.138915719810342
4100.0,-739.878290789869,3.5450909,41.196236,0.1385818303816285
4100.0,-739.8708302664222,3.5448503,41.158836,0.1382479409613323
4100.0,-739.8758570243709,3.5440888,41.133865,0.1379140526309191
4100.0,-739.8677602731436,3.5437682,41.146332,0.1375801645960515
4100.0,-739.8766043307531,3.543247,41.158836,0.1372462759283968
4100.0,-739.8696901716211,3.5430064,41.108894,0.1369123870226034
4100.0,-739.8783232118029,3.542325,41.083961,0.1365784975792586
4100.0,-739.8703648265711,3.5418842,41.146332,0.1362446083690064
4100.0,-739.8757007857488,3.5411227,41.196236,0.1359107201090999
4100.0,-739.8694258293933,3.5407617,41.146332,0.135576831322599
4100.0,-739.8688921039505,3.5403209,41.133865,0.1352429427769581
4100.0,-739.8772250983602,3.5401204,41.071495,0.1349090538291658
4100.0,-739.8713278467122,3.539439,41.146332,0.1345751641843212
4100.0,-739.8781876644794,3.538918,41.196236,0.1342412748021456
4100.0,-739.869413085931,3.5382366,41.121399,0.1339073860213956
4100.0,-739.8767471901809,3.5379159,41.171303,0.1335734972892718
4100.0,-739.8693724973259,3.5374348,41.146332,0.1332396085268387
4100.0,-739.8777153228472,3.5368738,41.133865,0.1329057193578197
4100.0,-739.868856972152,3.5364327,41.133865,0.1325718308280331
4100.0,-739.8762768142957,3.5359118,41.096428,0.1322379423081787
4100.0,-739.8700251916277,3.5354307,41.196236,0.1319040532511972
4100.0,-739.878319220964,3.5349498,41.183769,0.1315701638096534
4100.0,-739.8706519222044,3.5343885,41.121399,0.1312362744698404
4100.0,-739.870349262415,3.5340679,41.183769,0.130902385266612
4100.0,-739.8792525018316,3.5334666,41.121399,0.1305684954039008
4100.0,-739.8702898637276,3.5331059,41.121399,0.1302346062274779
4100.0,-739.8765090053233,3.5324244,41.083961,0.1299007176028413
4100.0,-739.8702429772648,3.5319033,41.096428,0.1295668284475773
4100.0,-739.8779124304266,3.5315826,41.158836,0.1292329391896084
4100.0,-739.8688788472626,3.5308211,41.121399,0.1288990506499499
4100.0,-739.8778308386231,3.5305004,41.108894,0.1285651614288014
4100.0,-739.8705310490088,3.5299392,41.096428,0.1282312721435363
4100.0,-739.8778519080917,3.5294182,41.146332,0.1278973829128796
4100.0,-739.8718368415626,3.528897,41.058987,0.1275634930383355
4100.0,-739.8778591592139,3.5286164,41.121399,0.1272296038044065
4100.0,-739.8712405427195,3.527895,41.183769,0.1268957141989606
4100.0,-739.8717169563465,3.5275743,41.158836,0.1265618243785183
4100.0,-739.8795349133372,3.526933,41.096428,0.1262279343883615
4100.0,-739.8720732166851,3.5264921,41.108894,0.1258940444071458
4100.0,-739.8790867295614,3.5258908,41.146332,0.1255601546192437
4100.0,-739.8715640397091,3.5250893,41.108894,0.1252262648678098
4100.0,-739.8793943974172,3.5247686,41.083961,0.1248923749410645
4100.0,-739.8728425371803,3.5241673,41.108894,0.1245584846126693
4100.0,-739.8780878222925,3.5238466,41.108894,0.1242245952755502
4100.0,-739.8699689909819,3.5230448,41.083961,0.123890706243931
4100.0,-739.877229041314,3.5227242,41.108894,0.1235568172943592
4100.0,-739.8718361818183,3.5222433,41.04652,0.1232229274201128
4100.0,-739.8790285626033,3.5216019,41.096428,0.12288903765846
4100.0,-739.8735711229608,3.5210407,41.083961,0.1225551470012682
4100.0,-739.8730929265506,3.52072,41.04652,0.1222212565598772
4100.0,-739.8793231811401,3.5200386,41.096428,0.12188736666527
4100.0,-739.8719499140584,3.5196378,41.04652,0.1215534767396985
4100.0,-739.8801385053165,3.5190365,41.083961,0.121219586477155
4100.0,-739.8714100364581,3.5185556,41.058987,0.1208856967952198
4100.0,-739.8783972238364,3.5177538,41.083961,0.1205518073184751
4100.0,-739.8729790477915,3.5172729,41.108894,0.1202179169284754
4100.0,-739.87797429682,3.5167518,41.108894,0.1198840276425876
4100.0,-739.8705806215154,3.5161104,41.083961,0.1195501383349513
4100.0,-739.8782262386327,3.5156295,41.096428,0.1192162489353682
4100.0,-739.8714123926296,3.5150282,41.133865,0.1188823592523697
4100.0,-739.8776932281451,3.5141864,41.034054,0.1185484700933215
4100.0,-739.8697407816289,3.5140662,41.108894,0.1182145811646887
4100.0,-739.8713889553326,3.5133848,41.121399,0.117880691492267
4100.0,-739.8784519479747,3.5127435,41.083961,0.1175468019908267
4100.0,-739.8710373332592,3.5123827,41.096428,0.1172129124770852
4100.0,-739.8775356712487,3.5117013,41.083961,0.1168790233891387
4100.0,-739.8696513044086,3.5111802,41.133865,0.1165451345008853
4100.0,-739.8781154593943,3.5104988,41.096428,0.1162112451512942
4100.0,-739.8706982602446,3.5100579,41.108894,0.1158773557905698
4100.0,-739.8784015695167,3.5094967,41.034054,0.115543466311864
4100.0,-739.8715269425927,3.5086148,41.083961,0.1152095765771713
4100.0,-739.8770820797245,3.5082941,41.071495,0.1148756876939199
4100.0,-739.870494025561,3.5075727,41.096428,0.1145417984253627
4100.0,-739.8797335589715,3.5070517,41.058987,0.1142079083455618
4100.0,-739.8717409919973,3.5064104,41.108894,0.1138740185142728
4100.0,-739.871352127107,3.5060897,41.096428,0.1135401288584709
4100.0,-739.8807995799465,3.5051677,41.133865,0.1132062382976002
4100.0,-739.8748134634102,3.5047269,41.183769,0.1128723470797641
4100.0,-739.8802732590561,3.5040455,41.108894,0.1125384567564095
4100.0,-739.8728950150996,3.5035243,41.121399,0.1122045664043321
4100.0,-739.8800563880042,3.5030835,41.071495,0.1118706761788462
4100.0,-739.8736716476255,3.5023618,41.034054,0.1115367854762895
4100.0,-739.8822699128906,3.5018008,41.083961,0.1112028942518926
4100.0,-739.8747860340866,3.5011594,41.058987,0.1108690030464349
4100.0,-739.8819832416525,3.500478,41.133865,0.1105351119514059
4100.0,-739.8752697843005,3.4998767,41.071495,0.110201220527641
4100.0,-739.8821438505114,3.4988747,41.058987,0.1098673293601331
4100.0,-739.8745438841544,3.4987142,41.071495,0.1095334382639529
4100.0,-739.8753241911128,3.4978726,41.108894,0.1091995468156352
4100.0,-739.8816582029449,3.4973915,41.04652,0.1088656558672885
4100.0,-739.8744912969596,3.4968305,41.083961,0.1085317647948398
4100.0,-739.8816436037023,3.4960287,41.04652,0.1081978738530814
4100.0,-739.8730499216113,3.4955878,41.034054,0.1078639834310976
4100.0,-739.8804829162299,3.4948664,41.04652,0.1075300930131297
4100.0,-739.8740290670188,3.4944654,41.04652,0.1071962021492766
4100.0,-739.8805111635605,3.4935436,40.971645,0.1068623117185613
4100.0,-739.8733332576837,3.492862,41.096428,0.1065284211687135
4100.0,-739.8811465300009,3.4924212,41.04652,0.1061945304512726
4100.0,-739.8729528155848,3.4916997,41.04652,0.1058606400731109
4100.0,-739.8801679608264,3.4908979,41.034054,0.1055267497972749
4100.0,-739.8727165611973,3.4902968,41.021553,0.1051928595257302
4100.0,-739.8718177863273,3.4895351,41.108894,0.1048589696597854
4100.0,-739.8781280450048,3.4889338,41.034054,0.1045250803045147
4100.0,-739.8705538269706,3.4883728,40.99662,0.1041911910089703
4100.0,-739.8785654619875,3.4876111,41.04652,0.1038573014563038
4100.0,-739.8715596208133,3.4871702,41.034054,0.103523411706864
4100.0,-739.8782384947768,3.4864087,41.021553,0.10318952230175
4100.0,-739.869345471134,3.4856873,41.133865,0.1028556335515132
4100.0,-739.8787497036031,3.4849255,41.096428,0.1025217439157028
4100.0,-739.8710394569649,3.4844847,41.034054,0.102187854401003
4100.0,-739.8782568180112,3.4838834,40.99662,0.1018539649876201
4100.0,-739.8705839296506,3.4830015,40.99662,0.1015200756784909
4100.0,-739.8786459675755,3.4821999,41.096428,0.1011861860894942
4100.0,-739.8704455392589,3.481719,41.04652,0.1008522968428179
4100.0,-739.8704972231931,3.4810777,41.04652,0.1005184075728177
4100.0,-739.8786267783155,3.4802358,41.04652,0.1001845179924806
4100.0,-739.8734207573078,3.4795144,41.058987,0.0998506274031458
4100.0,-739.8797983054319,3.4787126,41.071495,0.0995167372941265
4100.0,-739.8726185637792,3.4784319,41.071495,0.0991828470668062
4100.0,-739.8799704742585,3.4772696,41.096428,0.0988489568800911
4100.0,-739.8728253375783,3.4767485,41.071495,0.0985150665594578
4100.0,-739.8814813712502,3.476027,41.096428,0.098181175690911
4100.0,-739.8727222864853,3.4752254,41.04652,0.0978472854167827
4100.0,-739.8801294595241,3.4743836,40.99662,0.0975133951583214
4100.0,-739.8744319711226,3.4736221,41.096428,0.0971795041126454
4100.0,-739.8806447455463,3.4729407,41.021553,0.0968456136216478
4100.0,-739.8717031258611,3.4720588,41.083961,0.0965117238074469
4100.0,-739.8723512432884,3.4713373,41.04652,0.0961778337007632
4100.0,-739.8794159547413,3.4706159,41.108894,0.0958439437642896
4100.0,-739.8711250162365,3.4700546,40.984154,0.0955100542109785
4100.0,-739.8790275856642,3.4692931,41.021553,0.0951761644497666
4100.0,-739.8712193637784,3.4687319,41.096428,0.0948422748538783
4100.0,-739.8790976547439,3.4678099,40.99662,0.0945083850610458
4100.0,-739.8710481736127,3.4667678,41.009087,0.0941744955424123
4100.0,-739.877587013549,3.4661665,41.071495,0.0938406064312963
4100.0,-739.8700818809428,3.4652846,41.108894,0.093506717348732
4100.0,-739.8771540773072,3.4646432,40.99662,0.0931728284329897
4100.0,-739.8714958519332,3.4637215,40.971645,0.0928389387123276
4100.0,-739.8785268997032,3.4629598,41.034054,0.0925050491770633
4100.0,-739.8705979434893,3.4620781,41.083961,0.09217115986161
4100.0,-739.8702922919308,3.4611561,41.021553,0.0918372706840913
4100.0,-739.8786660122198,3.4604747,41.096428,0.0915033810860488
4100.0,-739.8699559663505,3.4595127,41.021553,0.0911694920603073
4100.0,-739.8770945306835,3.4588714,41.009087,0.090835603171437
4100.0,-739.8703045246234,3.45819,41.021553,0.090501713988398
4100.0,-739.8776823025534,3.4573081,41.058987,0.0901678248342802
4100.0,-739.870702447084,3.456346,41.071495,0.0898339354716664
4100.0,-739.8790720807965,3.4555044,41.071495,0.0895000456903749
4100.0,-739.8719006104427,3.4546626,41.009087,0.0891661557870531
4100.0,-739.8790516096877,3.4539812,41.021553,0.0888322660149997
4100.0,-739.8710128703298,3.4529791,41.071495,0.0884983765122979
4100.0,-739.8784329907736,3.4522576,41.021553,0.0881644870194125
4100.0,-739.8710394692431,3.4514558,41.04652,0.0878305975047071
4100.0,-739.8712462680077,3.4506142,41.021553,0.0874967078966774
4100.0,-739.8806070014024,3.4493315,41.034054,0.0871628174227128
4100.0,-739.8729730908562,3.4486501,41.058987,0.0868289270354013
4100.0,-739.8814430651719,3.4478083,40.99662,0.0864950361841411
4100.0,-739.8725027929617,3.4467661,40.99662,0.086161146009066
4100.0,-739.8783205384198,3.4461648,41.034054,0.0858272565669276
4100.0,-739.8712752595176,3.4452429,41.04652,0.0854933669458146
4100.0,-739.8805964175551,3.4442408,41.021553,0.0851594764766263
4100.0,-739.8738672642955,3.4431987,41.083961,0.0848255856857916
4100.0,-739.8801176187939,3.4423971,41.04652,0.0844916954326737
4100.0,-739.8731421695942,3.4416754,41.04652,0.0841578049690602
4100.0,-739.879606446393,3.4407136,41.071495,0.0838239149466223
4100.0,-739.8726225918216,3.4398718,41.071495,0.0834900247174842
4100.0,-739.878563142627,3.4387896,41.009087,0.0831561351658644
4100.0,-739.8715630635985,3.4377072,41.021553,0.0828222454148709
4100.0,-739.8718099737584,3.4369056,41.009087,0.0824883555524517
4100.0,-739.8772716435502,3.4360638,41.034054,0.0821544665836546
4100.0,-739.8698624975129,3.434701,41.058987,0.0818205776000938
4100.0,-739.8781279836136,3.4340997,41.071495,0.0814866882448508
4100.0,-739.8704795602966,3.4329774,41.071495,0.0811527989828215
4100.0,-739.8763477616792,3.4318552,41.083961,0.0808189104309503
4100.0,-739.8699970059719,3.4311736,41.04652,0.0804850213866884
4100.0,-739.8769303337123,3.4302118,41.083961,0.0801511325719163
4100.0,-739.8701835040903,3.4293299,41.083961,0.0798172434434915
4100.0,-739.879398376387,3.4282074,41.034054,0.0794833535149505
4100.0,-739.8724367530384,3.4270451,41.009087,0.0791494633696779
4100.0,-739.8790392074324,3.4260831,41.04652,0.0788155736032214
4100.0,-739.8715263687951,3.4253216,41.058987,0.0784816838687876
4100.0,-739.8716020404954,3.4241991,40.99662,0.0781477941002047
4100.0,-739.8784908761506,3.4229565,41.071495,0.077813904581197
4100.0,-739.8714035425596,3.4221549,41.121399,0.0774800149021923
4100.0,-739.8789010227418,3.4210727,41.04652,0.0771461251980952
4100.0,-739.8720401856731,3.4200304,41.071495,0.0768122352317858
4100.0,-739.8793933713652,3.4187479,41.034054,0.0764783453055035
4100.0,-739.8722953229931,3.4176655,40.971645,0.0761444552240556
4100.0,-739.8793246700819,3.4167035,41.071495,0.0758105653287766
4100.0,-739.8720207637311,3.4157817,41.021553,0.0754766753712319
4100.0,-739.8784943304303,3.4148998,41.021553,0.0751427858506654
4100.0,-739.8711021527371,3.4136171,41.058987,0.0748088963076721
4100.0,-739.8772704353709,3.4124949,41.034054,0.0744750073394202
4100.0,-739.871095279854,3.411653,41.021553,0.0741411177995286
4100.0,-739.8705113471257,3.4104505,41.058987,0.0738072285231545
4100.0,-739.8794272949284,3.4091678,41.034054,0.0734733385815633
4100.0,-739.8698751562563,3.4081256,41.009087,0.0731394495922899
4100.0,-739.8775584739961,3.4068429,41.034054,0.072805560494053
4100.0,-739.8692697875648,3.4062016,41.058987,0.0724716717779708
4100.0,-739.8761497139955,3.4048789,40.99662,0.0721377833154737
4100.0,-739.8693381099908,3.4037967,40.99662,0.0718038945685589
4100.0,-739.8772180670185,3.402514,41.021553,0.0714700056239396
4100.0,-739.8688820088789,3.401552,40.946712,0.0711361170828544
4100.0,-739.8754954496987,3.4001892,41.009087,0.0708022289156112
4100.0,-739.8676647906941,3.399147,41.058987,0.0704683409238331
4100.0,-739.8749565677545,3.3981049,41.071495,0.0701344529997745
4100.0,-739.867515389283,3.3968623,41.021553,0.0698005650754183
4100.0,-739.8676485794809,3.3956997,41.058987,0.069466677090956
4100.0,-739.8753753930184,3.3944974,41.034054,0.0691327889778915
4100.0,-739.8684447305367,3.3935754,41.009087,0.0687989006341416
4100.0,-739.8752370503478,3.3920121,41.009087,0.0684650125835079
4100.0,-739.8686415922082,3.39097,41.058987,0.0681311241509181
4100.0,-739.8744204201753,3.3896873,40.99662,0.0677972364688101
4100.0,-739.8676288162071,3.3886852,41.034054,0.0674633484932665
4100.0,-739.8766017429083,3.3873625,41.021553,0.0671294598267796
4100.0,-739.8688191792752,3.3861198,41.021553,0.0667955713140482
4100.0,-739.8764584070847,3.3849173,41.009087,0.0664616827122453
4100.0,-739.8678877507408,3.3835945,40.971645,0.0661277946198496
4100.0,-739.8758086841015,3.3824322,41.058987,0.0657939063112512
4100.0,-739.8684400063248,3.3811896,41.021553,0.0654600179696332
4100.0,-739.868334672729,3.3798668,40.99662,0.0651261296755503
4100.0,-739.8775011124909,3.3786242,41.04652,0.0647922406031993
4100.0,-739.8694301754391,3.377502,41.04652,0.0644583518147371
4100.0,-739.876089606256,3.3762193,41.058987,0.0641244633793653
4100.0,-739.8705965634284,3.3748965,41.04652,0.0637905740645347
4100.0,-739.8797678124103,3.3736539,41.121399,0.0634566839692761
4100.0,-739.8712458530072,3.372211,40.99662,0.0631227943614337
4100.0,-739.8769142565782,3.3711689,40.984154,0.0627889055539168
4100.0,-739.8702543050598,3.3696856,41.108894,0.0624550163935408
4100.0,-739.8781944997784,3.3685634,41.034054,0.0621211270082807
4100.0,-739.8717086068145,3.3672407,41.034054,0.0617872371916064
4100.0,-739.8779943046296,3.3657975,41.058987,0.0614533478966896
4100.0,-739.87046087054,3.3646753,41.021553,0.0611194586430946
4100.0,-739.869588890624,3.3630719,41.058987,0.0607855697830074
4100.0,-739.8776035666698,3.3618293,41.058987,0.0604516806644213
4100.0,-739.8678869817212,3.3605866,41.083961,0.0601177925723726
4100.0,-739.8759681089283,3.3589833,41.009087,0.0597839041918296
4100.0,-739.8692125858428,3.3579812,41.071495,0.0594500155015614
4100.0,-739.8752388937216,3.3564582,41.034054,0.0591161274500958
4100.0,-739.870344514056,3.355015,41.04652,0.0587822382490103
4100.0,-739.877050854101,3.3536522,41.034054,0.0584483493798502
4100.0,-739.8706711243681,3.3523295,41.058987,0.0581144600313717
4100.0,-739.8774552990843,3.3510869,41.009087,0.0577805709796952
4100.0,-739.8701109829559,3.3495238,40.99662,0.0574466818839977
4100.0,-739.8769214344402,3.3481207,41.04652,0.0571127930732416
4100.0,-739.869224462879,3.346838,40.99662,0.0567789043776136
4100.0,-739.8691438242693,3.3455555,41.04652,0.0564450157183761
4100.0,-739.8768159164299,3.3437917,41.071495,0.0561111269552378
4100.0,-739.8695783555864,3.3423088,41.021553,0.0557772380999048
4100.0,-739.8776745386098,3.340986,40.99662,0.0554433489492907
4100.0,-739.8711332065623,3.3397033,41.034054,0.0551094593922835
4100.0,-739.8774201681603,3.33814,41.009087,0.0547755703564608
4100.0,-739.8694322136073,3.3366568,41.04652,0.0544416815670788
4100.0,-739.8768757556851,3.3351338,41.04652,0.0541077927769364
4100.0,-739.8710612710943,3.3336105,41.071495,0.0537739032523923
4100.0,-739.8773004892406,3.3321276,41.058987,0.0534400142705778
4100.0,-739.8691057133891,3.3307245,40.99662,0.0531061256285391
4100.0,-739.8768928457744,3.3292015,41.009087,0.0527722368306844
4100.0,-739.8689908466505,3.3278387,40.984154,0.0524383482404828
4100.0,-739.8694440538092,3.3262753,41.04652,0.0521044594457576
4100.0,-739.875903374746,3.3245919,40.99662,0.0517705710944275
4100.0,-739.8698023899688,3.3231888,41.071495,0.0514366821379921
4100.0,-739.87782568749,3.3216257,41.034054,0.0511027929191682
4100.0,-739.8706307068381,3.3200223,41.108894,0.0507689035889294
4100.0,-739.8782374576745,3.318459,41.096428,0.0504350141842834
4100.0,-739.8709475138886,3.3166955,41.071495,0.0501011247110757
4100.0,-739.8774615495296,3.3151722,41.058987,0.0497672356565785
4100.0,-739.8695984847482,3.3138094,41.034054,0.0494333467921616
4100.0,-739.877393422459,3.3120055,41.108894,0.0490994577684086
4100.0,-739.8701691124946,3.3104022,41.034054,0.0487655686464783
4100.0,-739.8766606170934,3.3091195,41.021553,0.0484316799534229
4100.0,-739.8683208663906,3.307436,41.04652,0.0480977916655705
4100.0,-739.869826010619,3.3055923,41.009087,0.0477639026984755
4100.0,-739.8771409547281,3.3038285,41.058987,0.0474300137886552
4100.0,-739.870312349061,3.3021851,41.083961,0.0470961246020851
4100.0,-739.8779795085258,3.3005817,41.096428,0.0467622353138454
4100.0,-739.8700248130523,3.2988582,41.021553,0.0464283462570347
4100.0,-739.8766913065671,3.2972548,41.096428,0.0460944575501298
4100.0,-739.8712947543097,3.2956514,41.058987,0.0457605679202192
4100.0,-739.8791510970334,3.293968,41.021553,0.0454266781032696
4100.0,-739.8706672060101,3.2920842,41.021553,0.0450927887565594
4100.0,-739.8778347083168,3.2905209,41.021553,0.0447588995336645
4100.0,-739.871599354861,3.2888374,41.009087,0.0444250097662936
4100.0,-739.8778682287443,3.2870336,41.058987,0.0440911205282718
4100.0,-739.8712920072846,3.2852299,41.083961,0.0437572308996009
4100.0,-739.8703542673866,3.283386,41.034054,0.0434233416941138
4100.0,-739.8776665802606,3.2817826,40.99662,0.0430894525470912
4100.0,-739.8711187167416,3.2798586,41.034054,0.0427555629966229
4100.0,-739.8768685536758,3.2782955,41.071495,0.0424216742097307
4100.0,-739.8687804835473,3.276211,41.058987,0.0420877857144619
4100.0,-739.8760067931764,3.2745676,41.034054,0.0417538973164616
4100.0,-739.8699040503598,3.2727239,41.083961,0.0414200083141488
4100.0,-739.8763061351542,3.2707999,41.034054,0.0410861197810626
4100.0,-739.8701446855811,3.2688358,41.04652,0.0407522306701558
4100.0,-739.8768992910345,3.2668316,40.984154,0.0404183418693925
4100.0,-739.8686520539864,3.2653084,41.083961,0.0400844534320815
4100.0,-739.8772800304101,3.2632241,41.121399,0.0397505644594996
4100.0,-739.8710293496152,3.2613001,41.071495,0.039416674949361
4100.0,-739.8719302612877,3.2592959,41.009087,0.0390827850326583
4100.0,-739.8798332423597,3.2575321,41.04652,0.0387488949078728
4100.0,-739.870437714412,3.255568,41.121399,0.0384150056647277
4100.0,-739.8782047050464,3.2535639,41.058987,0.0380811162748622
4100.0,-739.8715483662777,3.2515197,41.021553,0.0377472265305014
4100.0,-739.8796060072411,3.2496357,41.058987,0.0374133365082616
4100.0,-739.8724724713219,3.2477517,41.071495,0.03707944634687
4100.0,-739.8807799629943,3.2457075,41.058987,0.036745555794852
4100.0,-739.8727389978274,3.2436633,41.083961,0.0364116655131822
4100.0,-739.8795246585469,3.241539,41.034054,0.0360777755276531
4100.0,-739.8723227645947,3.2394145,41.108894,0.0357438854338213
4100.0,-739.8799874055492,3.2372901,41.071495,0.0354099952394656
4100.0,-739.8731682065788,3.2356467,41.083961,0.0350761047641021
4100.0,-739.872955293719,3.2330813,41.071495,0.0347422143848221
4100.0,-739.8801371747641,3.2311172,41.083961,0.0344083241228791
4100.0,-739.8725697721611,3.229073,41.071495,0.0340744339175775
4100.0,-739.8816873539544,3.226748,41.009087,0.0337405429560756
4100.0,-739.8746984247779,3.2247438,41.071495,0.0334066517901542
4100.0,-739.8812801856562,3.2224991,41.021553,0.0330727610123976
4100.0,-739.8727823944388,3.2201743,41.121399,0.0327388707111437
4100.0,-739.8806660221079,3.2179298,41.04652,0.0324049802105445
4100.0,-739.8726597986227,3.2156851,41.04652,0.0320710899646158
4100.0,-739.880054227033,3.2135606,41.096428,0.0317371997401051
4100.0,-739.873160297013,3.2113562,41.034054,0.0314033092683111
4100.0,-739.8796488546329,3.2088308,41.096428,0.0310694192267353
4100.0,-739.8711872106521,3.2067866,41.108894,0.030735529645357
4100.0,-739.8722587992648,3.2043815,41.083961,0.0304016395803915
4100.0,-739.8784405103801,3.2020967,41.121399,0.0300677500841127
4100.0,-739.8716906508803,3.1996517,41.096428,0.0297338602755416
4100.0,-739.8797794693761,3.1970463,40.99662,0.0293999701750225
4100.0,-739.8722795030427,3.1948016,41.058987,0.0290660801007138
4100.0,-739.8801537025097,3.1922762,41.04652,0.0287321898313122
4100.0,-739.8726309421721,3.1896708,41.071495,0.0283982995984058
4100.0,-739.8795055294504,3.1871457,41.071495,0.0280644096215092
4100.0,-739.8726566865281,3.1847808,41.071495,0.0277305193769849
4100.0,-739.880284746173,3.1822155,41.04652,0.0273966290484464
4100.0,-739.8744237799784,3.1797702,41.108894,0.0270627380064669
4100.0,-739.8816548223348,3.1770446,41.108894,0.0267288470596458
4100.0,-739.8742285529341,3.1744792,41.058987,0.0263949561057685
4100.0,-739.8749048818014,3.1718738,41.121399,0.026061064846677
4100.0,-739.8807450882763,3.1696692,41.108894,0.0257271743103971
4100.0,-739.8730024605322,3.1667833,41.096428,0.0253932839098316
4100.0,-739.8795987806753,3.1640174,41.133865,0.025059393890853
4100.0,-739.8739162875609,3.1610513,41.108894,0.0247255030778951
4100.0,-739.8812333101815,3.1584859,41.083961,0.0243916123212923
4100.0,-739.8739560940495,3.1557202,41.083961,0.0240577214903704
4100.0,-739.8810394620668,3.1530747,41.108894,0.0237238308212467
4100.0,-739.8735100028808,3.1501086,41.108894,0.0233899401916371
4100.0,-739.8821222682215,3.1471024,41.108894,0.0230560490338688
4100.0,-739.8744544433592,3.1444168,41.121399,0.0227221579780515
4100.0,-739.8803512750253,3.1412902,41.121399,0.0223882676194901
4100.0,-739.873496953284,3.1384442,41.108894,0.0220543769957696
4100.0,-739.8733042051924,3.1353178,41.121399,0.0217204864590326
4100.0,-739.880684186953,3.1321912,41.096428,0.0213865959502361
4100.0,-739.8739492702788,3.129185,41.009087,0.0210527051223936
4100.0,-739.8765922088511,3.1260183,41.133865,0.0207188164602092
4100.0,-739.8539672462346,3.1228518,41.146332,0.0203849346498684
4100.0,-739.8614309213326,3.1198456,41.133865,0.0200510528296115
4100.0,-739.852560904869,3.1164784,41.121399,0.0197171716539254
4100.0,-739.8607863003696,3.113312,41.108894,0.0193832901245705
4100.0,-739.8523728445643,3.1099851,41.083961,0.0190494090337524
4100.0,-739.8599772507857,3.1068585,41.083961,0.0187155278695023
4100.0,-739.8517795853749,3.103251,41.108894,0.0183816470464107
4100.0,-739.8589471915626,3.099844,41.083961,0.0180477663470018
4100.0,-739.8514328344415,3.0963166,41.096428,0.0177138856803921
4100.0,-739.8583313679956,3.0928693,41.133865,0.0173800052588896
4100.0,-739.8493248238027,3.0891016,41.096428,0.0170461255435845
4100.0,-739.8495774960851,3.085494,41.096428,0.0167122457142532
4100.0,-739.8576167151969,3.0820467,41.196236,0.0163783656152565
4100.0,-739.8524917528513,3.078279,41.083961,0.0160444844707774
4100.0,-739.8590163565542,3.0743508,41.121399,0.015710603740156
4100.0,-739.8517988366509,3.0705829,41.121399,0.0153767229083766
4100.0,-739.8604563053437,3.0666146,41.146332,0.0150428415279406
4100.0,-739.8535546755656,3.0624061,41.083961,0.014708959903785
4100.0,-739.8606308426439,3.0587583,41.108894,0.0143750784445845
4100.0,-739.8521285590575,3.0546298,41.121399,0.0140411974640077
4100.0,-739.8581247992098,3.0502205,41.171303,0.0137073171357248
4100.0,-739.8520752867436,3.046092,41.133865,0.0133734361791888
4100.0,-739.8607896093566,3.0418832,41.096428,0.0130395546483407
4100.0,-739.8539574073665,3.0373538,41.133865,0.01270567284244
4100.0,-739.8529652974904,3.0329447,41.108894,0.0123717914842593
4100.0,-739.8611118887333,3.0283751,41.058987,0.0120379098079742
4100.0,-739.8546370910259,3.0235651,41.121399,0.0117040276953454
4100.0,-739.8622703178271,3.019156,41.121399,0.0113701454962889
4100.0,-739.854747394396,3.0141053,41.121399,0.0110362633338823
4100.0,-739.8616846938316,3.009135,41.121399,0.0107023813991039
4100.0,-739.8547753725516,3.0040846,41.158836,0.0103684992240713
4100.0,-739.8619862945972,2.9988337,41.133865,0.0100346171531876
4100.0,-739.8549135067399,2.9934623,41.146332,0.0097007349158177
4100.0,-739.8618191672181,2.9883718,41.108894,0.0093668529203547
4100.0,-739.8530289579137,2.9826398,41.096428,0.0090329715334453
4100.0,-739.8610868149198,2.9770281,41.158836,0.0086990898684754
4100.0,-739.8542506674354,2.9709356,41.096428,0.0083652079302321
4100.0,-739.853035939663,2.9651234,41.121399,0.008031326540172
4100.0,-739.8614462404897,2.9588304,41.146332,0.0076974447130019
4100.0,-739.8528979765498,2.952457,41.133865,0.0073635633852019
4100.0,-739.8595481961064,2.9458432,41.146332,0.0070296824145739
4100.0,-739.8510035512028,2.9391093,41.146332,0.0066958019416915
4100.0,-739.8586116549556,2.9318943,41.146332,0.0063619213937022
4100.0,-739.850265273073,2.9247193,41.221207,0.0060280412539905
4100.0,-739.8594644191846,2.9173439,41.133865,0.0056941603211691
4100.0,-739.8515518888381,2.9092872,41.158836,0.0053602796008324
4100.0,-739.859147119455,2.9013107,41.183769,0.0050263988112008
4100.0,-739.838025254603,2.8925724,41.183769,0.004692524195173
4100.0,-739.8341868395778,2.8835535,41.171303,0.0043586546695205
4100.0,-739.8269949110493,2.8743746,41.158836,0.0040247850312738
4100.0,-739.8268864510345,2.8646743,41.121399,0.003690915441973
4100.0,-739.8353191941811,2.8542125,41.221207,0.0033570454053159
4100.0,-739.8266447537558,2.8433099,41.121399,0.0030231759250884
4100.0,-739.8348110864302,2.8316455,41.108894,0.0026893061177282
4100.0,-739.8255283643239,2.8191395,41.171303,0.0023554371413057
4100.0,-739.8324104873369,2.8057115,41.096428,0.0020215684172786
4100.0,-739.8270606935413,2.791522,41.196236,0.0016876987493455
4100.0,-739.8328401162288,2.7760899,41.233673,0.0013538298314371
4100.0,-739.8261458179611,2.759335,41.196236,0.0010199605763697
4100.0,-739.8339024394057,2.7409768,41.196236,0.0006860911790602
4100.0,-739.8253064041255,2.7216165,41.158836,0.0003522223028041
4100.0,-739.8131692335238,2.7010536,41.171303,1.836226189600144e-05
4100.0,-739.689797104811,2.6998913,41.171303,0.0
