Cycle,Current,Voltage,Temperature,SOC
5200.0,-703.2826020364788,4.1714859,40.098263,1.0
5200.0,-703.2826020364788,4.1436276,40.07333,0.9996605318771437
5200.0,-739.8493989828621,4.1411428,40.048359,0.999303416885585
5200.0,-739.8407778543606,4.1392188,40.048359,0.9989463024633832
5200.0,-739.840685728328,4.1373348,40.110729,0.9985891880856498
5200.0,-739.8460922510521,4.1358519,40.060825,0.9982320746902044
5200.0,-739.8398346824641,4.1344886,40.085796,0.997874960723263
5200.0,-739.8461123683592,4.1328053,40.060825,0.9975178473181072
5200.0,-739.8388344795849,4.1315627,40.123234,0.997160733833955
5200.0,-739.8453778795127,4.1303601,40.048359,0.9968036207833266
5200.0,-739.837207643836,4.1289973,40.010921,0.9964465080844332
5200.0,-739.845042208745,4.1278348,40.07333,0.9960893951958284
5200.0,-739.8379268177753,4.1269932,40.098263,0.9957322821497964
5200.0,-739.8471390462886,4.1257105,40.098263,0.9953751682490772
5200.0,-739.8386323809093,4.1247087,40.060825,0.995018054862476
5200.0,-739.8434469730475,4.1239066,40.098263,0.9946609427438696
5200.0,-739.836304437596,4.1229448,40.060825,0.9943038304809454
5200.0,-739.8367094161893,4.1217422,40.07333,0.9939467180225418
5200.0,-739.8431328233863,4.1207399,40.085796,0.9935896060555708
5200.0,-739.8354719096699,4.119658,40.035892,0.9932324941945004
5200.0,-739.8439654084716,4.1190567,40.185604,0.9928753818256524
5200.0,-739.8373149309616,4.1182551,40.085796,0.9925182690749722
5200.0,-739.8438480006132,4.1173329,40.010921,0.9921611567627951
5200.0,-739.8378694205721,4.1167316,40.098263,0.991804043744468
5200.0,-739.8450974336519,4.1155696,40.07333,0.991446930829207
5200.0,-739.8360954419926,4.1150084,40.085796,0.9910898186671632
5200.0,-739.8438000389199,4.1140862,40.160633,0.9907327063781366
5200.0,-739.8368469033428,4.1134448,40.098263,0.9903755938533692
5200.0,-739.8437120745793,4.1127234,40.035892,0.9900184816068018
5200.0,-739.8361150585971,4.1119618,40.060825,0.9896613694352892
5200.0,-739.8364351987035,4.1110401,40.010921,0.989304257109248
5200.0,-739.8442176681389,4.1102786,40.048359,0.9889471446186376
5200.0,-739.8371146145048,4.1095967,40.173141,0.9885900319646485
5200.0,-739.8445633365236,4.109036,40.1357,0.9882329193071888
5200.0,-739.8370036409028,4.1083145,40.07333,0.9878758067067652
5200.0,-739.8443271902161,4.1078334,40.160633,0.9875186941632904
5200.0,-739.8382254003716,4.1070719,40.085796,0.987161580973135
5200.0,-739.8452897198554,4.1064305,40.148167,0.9868044679650604
5200.0,-739.8388157540874,4.1055884,40.098263,0.9864473544899462
5200.0,-739.8455473384347,4.1047869,40.035892,0.9860902413575228
5200.0,-739.8396468171345,4.1041856,40.035892,0.9857331274812624
5200.0,-739.8462233674876,4.103384,40.110729,0.9853760140225288
5200.0,-739.8392110525504,4.1026626,40.085796,0.985018900356608
5200.0,-739.8374379406463,4.1022615,40.148167,0.9846617875465522
5200.0,-739.8442089766858,4.1016603,40.085796,0.9843046750601372
5200.0,-739.8374901742886,4.1010189,40.07333,0.9839475622248688
5200.0,-739.8455365839902,4.1002574,40.1357,0.983590449097636
5200.0,-739.837247768185,4.0996962,40.110729,0.9832333363793748
5200.0,-739.8450488005783,4.0990148,40.110729,0.9828762234875884
5200.0,-739.8384528895551,4.0983734,40.098263,0.982519110187626
5200.0,-739.8469838696707,4.0980129,40.098263,0.9821619963618088
5200.0,-739.8386918776793,4.0973315,40.085796,0.981804882946489
5200.0,-739.8445149353842,4.09657,40.098263,0.981447770312392
5200.0,-739.8376133182526,4.0958486,40.098263,0.981090657417683
5200.0,-739.845146310877,4.0956478,40.123234,0.9807335444788297
5200.0,-739.8380712751131,4.0947661,40.1357,0.9803764313630692
5200.0,-739.8362484197806,4.0941248,40.085796,0.9800193191271844
5200.0,-739.8435820690224,4.0938439,40.07333,0.9796622069433688
5200.0,-739.8359856524268,4.0931625,40.173141,0.9793050948343192
5200.0,-739.8446408638155,4.0925617,40.148167,0.9789479821394385
5200.0,-739.8380727399505,4.0921206,40.085796,0.9785908690229708
5200.0,-739.8440769813114,4.0914793,40.098263,0.978233756600268
5200.0,-739.8357932095232,4.0909181,40.07333,0.9778766445841088
5200.0,-739.8452405740724,4.0900364,40.235508,0.977519531599756
5200.0,-739.8368579994906,4.0896354,40.123234,0.9771624190696327
5200.0,-739.8432120352534,4.0892749,40.173141,0.9768053070644274
5200.0,-739.8360486892493,4.0883527,40.110729,0.9764481949249504
5200.0,-739.8437657736248,4.0878716,40.035892,0.9760910826524636
5200.0,-739.8356337375712,4.0872703,40.07333,0.97573397071328
5200.0,-739.8426138386227,4.0867896,40.160633,0.9753768589968158
5200.0,-739.8342298988769,4.0865088,40.148167,0.9750197477352528
5200.0,-739.8352484610579,4.0858274,40.1357,0.974662635982039
5200.0,-739.8419065716168,4.085186,40.123234,0.9743055246069626
5200.0,-739.834473489052,4.0845847,40.085796,0.9739484132278208
5200.0,-739.8414217911503,4.084064,40.160633,0.9735913020867412
5200.0,-739.8346504535734,4.083703,40.160633,0.97323419062218
5200.0,-739.8401347602356,4.0831418,40.123234,0.9728770801023324
5200.0,-739.8337694395882,4.0822201,40.110729,0.9725199690630288
5200.0,-739.8413875868629,4.0816588,40.110729,0.9721628579384594
5200.0,-739.8347914319182,4.0815787,40.110729,0.9718057464058492
5200.0,-739.8416723784679,4.0809374,40.1357,0.9714486351438149
5200.0,-739.8340705978529,4.0803761,40.123234,0.9710915239591448
5200.0,-739.8434255495994,4.0797348,40.110729,0.9707344118508788
5200.0,-739.8341063398485,4.0793338,40.110729,0.9703773006489568
5200.0,-739.8351938470458,4.0786123,40.07333,0.9700201889221044
5200.0,-739.8408219710224,4.0782518,40.148167,0.9696630780705496
5200.0,-739.8334707227,4.0777307,40.1357,0.969305967175434
5200.0,-739.8430514997186,4.0771294,40.223042,0.968948855247717
5200.0,-739.8358235194092,4.0768089,40.1357,0.9685917432169276
5200.0,-739.8433085445363,4.0759268,40.148167,0.9682346311651386
5200.0,-739.834940637749,4.0756464,40.148167,0.9678775195605084
5200.0,-739.8421981747958,4.0749249,40.148167,0.9675204080446792
5200.0,-739.8343957550364,4.0745239,40.07333,0.9671632967030588
5200.0,-739.8420651418267,4.074163,40.123234,0.9668061852514428
5200.0,-739.8352287467495,4.0736823,40.148167,0.966449073507745
5200.0,-739.8414652728414,4.073081,40.085796,0.9660919623456776
5200.0,-739.8341811686431,4.0725999,40.160633,0.965734851107636
5200.0,-739.8344823146937,4.0719986,40.123234,0.965377739724234
5200.0,-739.8411402466551,4.0716782,40.148167,0.965020628719052
5200.0,-739.8346153219092,4.070796,40.1357,0.9646635172714488
5200.0,-739.8417338167726,4.0704355,40.1357,0.9643064059797588
5200.0,-739.8337289612305,4.0701947,40.123234,0.9639492949599936
5200.0,-739.8407042701791,4.0697141,40.123234,0.9635921841652516
5200.0,-739.8330405123096,4.0691128,40.210575,0.9632350734777944
5200.0,-739.8406949683853,4.0687118,40.185604,0.9628779626875422
5200.0,-739.8342915562845,4.0681505,40.198071,0.9625208513962176
5200.0,-739.8411696901809,4.0675492,40.1357,0.9621637403768236
5200.0,-739.8339825367477,4.0671487,40.198071,0.96180662923466
5200.0,-739.8404149619321,4.0667477,40.110729,0.961449518579563
5200.0,-739.8335263621207,4.0661464,40.1357,0.9610924076575904
5200.0,-739.8344925929778,4.0657859,40.1357,0.9607352962692272
5200.0,-739.8403453937025,4.0653048,40.123234,0.9603781856477098
5200.0,-739.8335867255613,4.0650244,40.185604,0.9600210746966008
5200.0,-739.8402169140181,4.064343,40.1357,0.9596639641370984
5200.0,-739.8328919778618,4.063621,40.210575,0.9593068535213376
5200.0,-739.8409512685656,4.0629396,40.1357,0.9589497426073728
5200.0,-739.8335602730646,4.0629797,40.185604,0.9585926316690322
5200.0,-739.8416711455402,4.0625391,40.173141,0.9582355204075926
5200.0,-739.8329992771592,4.062058,40.160633,0.9578784097400396
5200.0,-739.8409707999282,4.0614567,40.210575,0.957521298816647
5200.0,-739.8345648948582,4.0609756,40.210575,0.9571641873933844
5200.0,-739.841635769371,4.060575,40.160633,0.9568070761490208
5200.0,-739.8345788108428,4.0599737,40.173141,0.9564499647190408
5200.0,-739.8335881049827,4.0594125,40.148167,0.9560928537672656
5200.0,-739.8412123539619,4.0593724,40.160633,0.9557357427272788
5200.0,-739.8325945915254,4.0585709,40.235508,0.9553786322550636
5200.0,-739.8415070821331,4.0584507,40.173141,0.9550215210728152
5200.0,-739.8317622711571,4.0580096,40.185604,0.9546644110023538
5200.0,-739.8396009561067,4.0573282,40.198071,0.9543073007401658
5200.0,-739.8332479453926,4.0569272,40.085796,0.9539501899525826
5200.0,-739.8390627085511,4.0566068,40.160633,0.9535930799501996
5200.0,-739.8310642519265,4.0560455,40.110729,0.9532359702166656
5200.0,-739.837845465589,4.0557647,40.223042,0.9528788608018284
5200.0,-739.8313582203023,4.0551639,40.1357,0.9525217509263982
5200.0,-739.8397996143644,4.0545225,40.223042,0.952164640568321
5200.0,-739.8302523538473,4.0540013,40.1357,0.9518075312266826
5200.0,-739.8311759213143,4.0537205,40.247974,0.9514504214392469
5200.0,-739.8384440894706,4.052999,40.198071,0.9510933117354624
5200.0,-739.8307677200835,4.052959,40.185604,0.9507362021450616
5200.0,-739.8381430380542,4.0525584,40.185604,0.9503790925865904
5200.0,-739.8307306230821,4.0521574,40.1357,0.950021983014096
5200.0,-739.8387250968439,4.0515561,40.148167,0.9496648731746732
5200.0,-739.8310280094183,4.0510349,40.1357,0.9493077634586328
5200.0,-739.8384971659196,4.0507946,40.198071,0.9489506537292292
5200.0,-739.8305441981593,4.0501933,40.148167,0.9485935442467204
5200.0,-739.8383458589441,4.0497522,40.173141,0.9482364345903505
5200.0,-739.831458488009,4.0494318,40.198071,0.947879324666522
5200.0,-739.8392062762161,4.0488706,40.185604,0.9475222145948408
5200.0,-739.8325996696159,4.0488305,40.272949,0.9471651041201744
5200.0,-739.8311848079885,4.0481892,40.1357,0.9468079943284492
5200.0,-739.8376473810322,4.047708,40.198071,0.9464508850092248
5200.0,-739.829884521085,4.0473475,40.185604,0.946093775845136
5200.0,-739.8370317282606,4.0470266,40.198071,0.9457366668230788
5200.0,-739.82982958969,4.0465055,40.160633,0.9453795576855047
5200.0,-739.8382430263395,4.0458641,40.123234,0.9450224480787708
5200.0,-739.8310099797259,4.0456638,40.173141,0.9446653383714332
5200.0,-739.8394662385622,4.0451827,40.235508,0.9443082281742716
5200.0,-739.8311464048379,4.044662,40.210575,0.9439511184010831
5200.0,-739.8390597544309,4.0443811,40.210575,0.943594008400126
5200.0,-739.8316518590617,4.0439,40.1357,0.9432368983829592
5200.0,-739.8386869008349,4.0437398,40.173141,0.942879788561973
5200.0,-739.8309828435808,4.0430984,40.223042,0.942522678867734
5200.0,-739.8311326598134,4.042738,40.173141,0.94216556910118
5200.0,-739.8378873725952,4.0422969,40.185604,0.941808459666115
5200.0,-739.8301097397562,4.0418558,40.148167,0.9414513503933152
5200.0,-739.8377823548977,4.0415754,40.1357,0.941094241008941
5200.0,-739.8309854437289,4.0410142,40.198071,0.9407371313134468
5200.0,-739.8385932967896,4.0407338,40.148167,0.940380021537642
5200.0,-739.8309003977082,4.0402527,40.260483,0.940022911883199
5200.0,-739.8365679440153,4.0398517,40.173141,0.9396658030850038
5200.0,-739.8294390153397,4.0393305,40.235508,0.9393086941359566
5200.0,-739.8364528676981,4.0391302,40.198071,0.9389515853933073
5200.0,-739.828039412412,4.0386491,40.235508,0.9385944771198356
5200.0,-739.8350344152252,4.0382085,40.285416,0.9382373690618534
5200.0,-739.8276224221308,4.0380478,40.148167,0.9378802609896592
5200.0,-739.8277986542815,4.0376072,40.148167,0.9375231528323994
5200.0,-739.8359922451392,4.037046,40.185604,0.9371660443120862
5200.0,-739.8272083493616,4.036725,40.173141,0.9368089364397612
5200.0,-739.8348455958449,4.0364046,40.160633,0.9364518284729196
5200.0,-739.8273550283295,4.0360036,40.185604,0.936094720529794
5200.0,-739.8347932884489,4.035563,40.185604,0.9357376125882
5200.0,-739.8253383018667,4.035162,40.185604,0.93538050561853
5200.0,-739.8347872337138,4.0348015,40.160633,0.9350233976798592
5200.0,-739.8281779493738,4.0345206,40.223042,0.934666289339517
5200.0,-739.8336768395191,4.0341196,40.185604,0.9343091819368176
5200.0,-739.8258776914373,4.0335989,40.260483,0.9339520747067892
5200.0,-739.8340405865965,4.0331178,40.210575,0.933594967128514
5200.0,-739.8256344430993,4.0329576,40.148167,0.9332378600158996
5200.0,-739.8254837479833,4.0323963,40.160633,0.932880752976024
5200.0,-739.8328170081624,4.0322361,40.185604,0.9325236459883532
5200.0,-739.8265934474505,4.0316348,40.210575,0.9321665384128356
5200.0,-739.8342246451896,4.0315547,40.235508,0.9318094307457182
5200.0,-739.8275134260994,4.0308733,40.173141,0.9314523227261357
5200.0,-739.8359486657594,4.0306726,40.210575,0.9310952142268574
5200.0,-739.8280355672368,4.0301914,40.110729,0.9307381059552418
5200.0,-739.8356264716398,4.029911,40.198071,0.9303809976114822
5200.0,-739.8278029022558,4.0293097,40.185604,0.930023889452172
5200.0,-739.8354092341333,4.0293097,40.198071,0.92966678121327
5200.0,-739.8278913540738,4.0288286,40.223042,0.9293096730112648
5200.0,-739.8357140453019,4.0286283,40.173141,0.9289525646252346
5200.0,-739.829926281138,4.0281072,40.173141,0.9285954554409886
5200.0,-739.8296048592532,4.0275059,40.247974,0.9282383464118902
5200.0,-739.8370124655487,4.0272255,40.173141,0.9278812373991306
5200.0,-739.829080154623,4.0268245,40.198071,0.9275241286233022
5200.0,-739.835952608662,4.0266242,40.148167,0.9271670201221208
5200.0,-739.8293815326789,4.0263839,40.160633,0.92680991120082
5200.0,-739.8367749641801,4.0257826,40.160633,0.9264528023026992
5200.0,-739.8272361690528,4.0258226,40.160633,0.9260956944169458
5200.0,-739.8355486758604,4.0252614,40.198071,0.9257385861107372
5200.0,-739.8293107688507,4.0250611,40.198071,0.9253814772235937
5200.0,-739.8359524621416,4.0242996,40.210575,0.9250243687224828
5200.0,-739.8288417280568,4.0239787,40.185604,0.9246672600617408
5200.0,-739.836749487947,4.0234976,40.223042,0.9243101511759167
5200.0,-739.8270877932996,4.0232973,40.160633,0.9239530433617832
5200.0,-739.8289725624156,4.0229764,40.185604,0.9235959346378888
5200.0,-739.8355713687944,4.0225358,40.148167,0.9232388263207264
5200.0,-739.8286863576624,4.022295,40.198071,0.9228817177349804
5200.0,-739.8351153726782,4.0219746,40.223042,0.922524609637921
5200.0,-739.8273107415031,4.0216136,40.247974,0.9221675017161725
5200.0,-739.8336695518435,4.0213332,40.148167,0.9218103943169906
5200.0,-739.826804579241,4.0208521,40.1357,0.921453286639562
5200.0,-739.8345416635173,4.0204916,40.210575,0.921096178819424
5200.0,-739.8252486172742,4.0203309,40.148167,0.920739071893044
5200.0,-739.8325864771534,4.0198903,40.185604,0.9203819650166474
5200.0,-739.8272700434181,4.0194893,40.160633,0.9200248571145432
5200.0,-739.8340496564339,4.0190082,40.210575,0.9196677495318905
5200.0,-739.8269756722303,4.0188079,40.198071,0.9193106417718766
5200.0,-739.8269270640424,4.0186076,40.198071,0.9189535340353254
5200.0,-739.8345981823769,4.0181665,40.160633,0.9185964261879066
5200.0,-739.8262432781602,4.0178461,40.173141,0.9182393187814128
5200.0,-739.8328678629907,4.0177255,40.173141,0.9178822117691952
5200.0,-739.825894329571,4.0172048,40.160633,0.9175251045311356
5200.0,-739.832184619452,4.0168839,40.1357,0.9171679978487102
5200.0,-739.8253609946491,4.0165234,40.198071,0.9168108908680864
5200.0,-739.8326692901051,4.0163627,40.148167,0.9164537839517172
5200.0,-739.8252464565805,4.0159221,40.160633,0.91609667702638
5200.0,-739.8325497703678,4.0156012,40.210575,0.9157395701677016
5200.0,-739.8252515347349,4.0152407,40.173141,0.915382463239913
5200.0,-739.8342935298535,4.0147996,40.185604,0.915025355539546
5200.0,-739.8268703138226,4.0144386,40.223042,0.9146682478303876
5200.0,-739.8277565035413,4.0141182,40.210575,0.9143111396934736
5200.0,-739.8339042211326,4.013998,40.198071,0.9139540321810204
5200.0,-739.8253110192923,4.013557,40.235508,0.9135969252245192
5200.0,-739.8336528769635,4.0132365,40.260483,0.9132398178333864
5200.0,-739.8263566199305,4.0129156,40.223042,0.9128827103721834
5200.0,-739.8328347694624,4.0123944,40.223042,0.9125256033759396
5200.0,-739.8253863607879,4.0122342,40.235508,0.912168496383072
5200.0,-739.8322961556954,4.0117931,40.173141,0.9118113896468094
5200.0,-739.8261482957116,4.011713,40.210575,0.9114542822861628
5200.0,-739.8333523137608,4.0111518,40.185604,0.9110971750401076
5200.0,-739.826173698429,4.0110717,40.173141,0.9107400676671992
5200.0,-739.8339194311412,4.0105109,40.198071,0.9103829601474044
5200.0,-739.8262748210127,4.0103502,40.223042,0.9100258527256848
5200.0,-739.8338896824625,4.009789,40.235508,0.9096687452202492
5200.0,-739.8269155650444,4.0095887,40.1357,0.9093116374892488
5200.0,-739.8261806197596,4.0093083,40.148167,0.9089545301129994
5200.0,-739.833255011022,4.0091076,40.198071,0.9085974229139108
5200.0,-739.8263929723022,4.0085063,40.185604,0.9082403154351608
5200.0,-739.8325605004285,4.0082259,40.198071,0.9078832085713028
5200.0,-739.8248787093175,4.0079455,40.148167,0.907526101823474
5200.0,-739.8339880227643,4.007865,40.160633,0.9071689942705708
5200.0,-739.8263883214777,4.0073843,40.198071,0.906811886794066
5200.0,-739.8339136083114,4.0070634,40.198071,0.9064547792770816
5200.0,-739.8265902858853,4.0067029,40.185604,0.9060976717030904
5200.0,-739.8328973064271,4.0066628,40.1357,0.9057405646766604
5200.0,-739.8243338998004,4.0060215,40.223042,0.9053834581918064
5200.0,-739.8325979029557,4.0057807,40.198071,0.9050263513098948
5200.0,-739.8255879833778,4.0054202,40.210575,0.9046692442197056
5200.0,-739.8258350891692,4.0052195,40.223042,0.9043121370102408
5200.0,-739.8329554854332,4.0047789,40.173141,0.9039550299557292
5200.0,-739.8257954530906,4.0046587,40.185604,0.9035979227653964
5200.0,-739.8344859625423,4.0041776,40.260483,0.9032408149721446
5200.0,-739.8268807385617,4.0039368,40.247974,0.9028837072579544
5200.0,-739.8341863637958,4.0036564,40.247974,0.9025265996093148
5200.0,-739.8255644604665,4.0036964,40.235508,0.90216949253048
5200.0,-739.8326041407903,4.003015,40.198071,0.9018123856455575
5200.0,-739.825060666475,4.0028148,40.185604,0.9014552788098996
5200.0,-739.8315894745984,4.0024137,40.173141,0.901098172414742
5200.0,-739.8247490346528,4.0019727,40.210575,0.900741065729506
5200.0,-739.831653952549,4.0013719,40.223042,0.900383959303226
5200.0,-739.8238595733774,4.0015321,40.247974,0.9000268530473249
5200.0,-739.8239014555081,4.0011311,40.173141,0.8996697467712075
5200.0,-739.8332182920859,4.0008507,40.148167,0.8993126395898425
5200.0,-739.8242767345546,4.0003295,40.173141,0.8989555331325815
5200.0,-739.8315926972797,4.0003295,40.1357,0.8985984267358686
5200.0,-739.8246693108654,4.0000086,40.198071,0.8982413200891145
5200.0,-739.8313738363079,3.9994478,40.160633,0.8978842137980426
5200.0,-739.8231246768726,3.9992073,40.210575,0.8975271078968693
5200.0,-739.830178578311,3.9990871,40.160633,0.8971700021827318
5200.0,-739.8227891682222,3.9987264,40.198071,0.8968128964435054
5200.0,-739.8315040616005,3.9981651,40.160633,0.8964557900895758
5200.0,-739.8250854580232,3.9979246,40.185604,0.8960986832419511
5200.0,-739.8324612689307,3.9977643,40.1357,0.8957415764259907
5200.0,-739.8249994118729,3.9976039,40.235508,0.8953844696198998
5200.0,-739.8247210684427,3.9973633,40.235508,0.8950273629481628
5200.0,-739.832741751345,3.9966819,40.160633,0.8946702559968174
5200.0,-739.825866522158,3.9965217,40.247974,0.8943131487721802
5200.0,-739.8324834004163,3.9962811,40.173141,0.8939560419455375
5200.0,-739.8249344096555,3.9960005,40.247974,0.8935989351708225
5200.0,-739.8314340417105,3.9957199,40.185604,0.8932418288506903
5200.0,-739.8258204285548,3.9954796,40.173141,0.8928847216483021
5200.0,-739.8323434094168,3.9949584,40.198071,0.892527614889231
5200.0,-739.8260394338698,3.9947982,40.1357,0.8921705075811309
5200.0,-739.8304764803576,3.9943171,40.098263,0.8918134017232003
5200.0,-739.8245364501303,3.9939163,40.123234,0.8914562951405767
5200.0,-739.8331653743332,3.9937961,40.148167,0.8910991879847545
5200.0,-739.8258305236776,3.9934754,40.160633,0.8907420807774935
5200.0,-739.8252467739956,3.993315,40.173141,0.8903849738520032
5200.0,-739.8329740158631,3.9928741,40.198071,0.8900278667885472
5200.0,-739.825897540044,3.992794,40.123234,0.8896707595489378
5200.0,-739.8333440861855,3.9923129,40.198071,0.8893136523068539
5200.0,-739.8268358657875,3.9920723,40.1357,0.8889565446143234
5200.0,-739.8333231388087,3.991832,40.173141,0.8885994373823505
5200.0,-739.8256483346682,3.9915113,40.185604,0.8882423302630305
5200.0,-739.8322104741109,3.9913108,40.198071,0.8878852235681252
5200.0,-739.8257654239003,3.9909501,40.247974,0.8875281163922872
5200.0,-739.8327362337831,3.9903488,40.223042,0.8871710094436052
5200.0,-739.8258686827493,3.9901483,40.235508,0.8868139022179251
5200.0,-739.833265912006,3.989948,40.223042,0.8864567950135747
5200.0,-739.8240657125766,3.9897876,40.173141,0.886099688658172
5200.0,-739.824857969575,3.9895473,40.160633,0.8857425819203539
5200.0,-739.8314437219045,3.9890661,40.148167,0.8853854755955495
5200.0,-739.8256731515146,3.9885452,40.223042,0.8850283684642506
5200.0,-739.8341337266522,3.9883447,40.160633,0.8846712608410181
5200.0,-739.8270629399259,3.9882245,40.185604,0.884314153038881
5200.0,-739.8358322710912,3.9877434,40.235508,0.883957044595785
5200.0,-739.82721282929,3.9874628,40.1357,0.8835999367212974
5200.0,-739.8343593993641,3.9871821,40.223042,0.883242828989136
5200.0,-739.8276016702893,3.9868615,40.210575,0.8828857209269586
5200.0,-739.8349953280971,3.9865811,40.148167,0.8825286128878432
5200.0,-739.8270563115308,3.9864206,40.173141,0.8821715050889056
5200.0,-739.8336281453549,3.9861801,40.098263,0.8818143977097102
5200.0,-739.8280628376099,3.9857793,40.223042,0.8814572894249315
5200.0,-739.8259867363766,3.9855387,40.173141,0.881100182142268
5200.0,-739.8355670596675,3.9852583,40.185604,0.8807430738271858
5200.0,-739.8271032839917,3.9849377,40.1357,0.8803859660055748
5200.0,-739.8341897695251,3.984657,40.123234,0.8800288583552914
5200.0,-739.8281487624625,3.9844565,40.160633,0.8796717500290375
5200.0,-739.8361253513174,3.9839356,40.148167,0.8793146414444757
5200.0,-739.8273919911285,3.9837751,40.173141,0.8789575334835086
5200.0,-739.8348030662805,3.9834144,40.160633,0.8786004255371953
5200.0,-739.8260073905816,3.983254,40.160633,0.8782433182445621
5200.0,-739.8344364383431,3.9830537,40.185604,0.8778862104752151
5200.0,-739.8272507197779,3.9826529,40.198071,0.8775291025824383
5200.0,-739.8342738153916,3.9824123,40.173141,0.877171994891587
5200.0,-739.8266329492116,3.9820516,40.148167,0.8768148872970025
5200.0,-739.8265410917751,3.9818511,40.185604,0.8764577797467566
5200.0,-739.8334068428285,3.9815304,40.185604,0.8761006724743811
5200.0,-739.8259434504729,3.9812498,40.198071,0.8757435652126112
5200.0,-739.8333213931493,3.9810095,40.247974,0.8753864579814808
5200.0,-739.8263406288282,3.9805284,40.173141,0.8750293505279968
5200.0,-739.8337066858609,3.9801676,40.1357,0.874672243110891
5200.0,-739.8260629688801,3.979847,40.185604,0.8743151357914308
5200.0,-739.8326946442975,3.9794462,40.160633,0.8739580288628235
5200.0,-739.8261023974585,3.9793258,40.210575,0.8736009215243314
5200.0,-739.8329212812098,3.9790454,40.173141,0.8732438144863295
5200.0,-739.8258075379597,3.9786847,40.173141,0.8728867072901635
5200.0,-739.8330277393244,3.9785643,40.210575,0.8725296002007757
5200.0,-739.8261806807665,3.9781635,40.185604,0.872172492824497
5200.0,-739.8235944135035,3.9778829,40.210575,0.8718153866965861
5200.0,-739.8320107294202,3.9776022,40.185604,0.8714582800980949
5200.0,-739.824262049512,3.9773216,40.235508,0.8711011736479221
5200.0,-739.8318380965783,3.9768808,40.185604,0.8707440671327583
5200.0,-739.8246855705771,3.9766803,40.185604,0.8703869604781558
5200.0,-739.8318884752409,3.9763999,40.1357,0.870029853938675
5200.0,-739.8249546611125,3.9760792,40.148167,0.8696727471541847
5200.0,-739.8334975050319,3.9758387,40.247974,0.8693156398380478
5200.0,-739.8263775060641,3.9755981,40.198071,0.8689585323667632
5200.0,-739.8332998111151,3.9754779,40.173141,0.8686014251460503
5200.0,-739.8271284424767,3.9751573,40.160633,0.8682443173122958
5200.0,-739.8338849094994,3.9746361,40.235508,0.8678872098091639
5200.0,-739.8258320495411,3.9746361,40.1357,0.8675301026011664
5200.0,-739.8262142621963,3.9741552,40.185604,0.8671729952086782
5200.0,-739.8333225285288,3.9738345,40.123234,0.8668158879769998
5200.0,-739.8257078070243,3.9735138,40.148167,0.866458780828973
5200.0,-739.8343532835191,3.9732332,40.098263,0.8661016730997636
5200.0,-739.8264163975257,3.9729125,40.198071,0.8657445656097066
5200.0,-739.8350561559556,3.972712,40.223042,0.8653874575412304
5200.0,-739.8273209709945,3.9725518,40.173141,0.8650303496145441
5200.0,-739.835679218469,3.9720707,40.160633,0.8646732412453243
5200.0,-739.8273650137421,3.9718704,40.185604,0.8643161332973789
5200.0,-739.8361693212478,3.9713492,40.148167,0.8639590246915934
5200.0,-739.8283648259908,3.9712691,40.173141,0.8636019162610477
5200.0,-739.8348063621708,3.9712291,40.160633,0.8632448083131434
5200.0,-739.8263905797568,3.9707079,40.110729,0.8628877008355484
5200.0,-739.8269331919505,3.9705076,40.148167,0.8625305930960395
5200.0,-739.8347423847889,3.970227,40.185604,0.8621734851790163
5200.0,-739.8266351586595,3.9697058,40.210575,0.8618163775833653
5200.0,-739.834681935305,3.9695456,40.160633,0.8614592696955202
5200.0,-739.8265657131947,3.9693851,40.247974,0.8611021621333897
5200.0,-739.8350669226976,3.9689043,40.185604,0.8607450540597168
5200.0,-739.8279933188855,3.9686637,40.148167,0.8603879458084941
5200.0,-739.8359083945223,3.9685032,40.210575,0.8600308373286543
5200.0,-739.8263280311686,3.968303,40.185604,0.8596737298812509
5200.0,-739.8345655650654,3.9679022,40.210575,0.8593166220495762
5200.0,-739.8247215567283,3.9676616,40.198071,0.8589595153776034
5200.0,-739.8324299088604,3.9671805,40.098263,0.8586024085767802
5200.0,-739.8247750843248,3.9668598,40.173141,0.8582453018789701
5200.0,-739.8258984555059,3.9667797,40.173141,0.857888194638919
5200.0,-739.8330954765095,3.9663789,40.223042,0.8575310875168354
5200.0,-739.8237216223123,3.9660583,40.1357,0.857173981327522
5200.0,-739.8310144105076,3.9657776,40.185604,0.85681687520994
5200.0,-739.8246081294972,3.965497,40.185604,0.8564597685927176
5200.0,-739.8326392239827,3.9652567,40.198071,0.8561026616908607
5200.0,-739.8260450857961,3.964936,40.148167,0.8557455543800325
5200.0,-739.8339912332184,3.9647756,40.198071,0.8553884468255797
5200.0,-739.8265094146308,3.9646153,40.110729,0.8550313392906242
5200.0,-739.83294020219,3.9641342,40.210575,0.8546742322434894
5200.0,-739.8250650609681,3.9639339,40.148167,0.8543171254057104
5200.0,-739.8318989612203,3.9633727,40.210575,0.853960018861168
5200.0,-739.8257298162223,3.9633727,40.185604,0.8536029117025176
5200.0,-739.8246770988778,3.9632926,40.198071,0.8532458050520042
5200.0,-739.8336845176941,3.9627314,40.160633,0.8528886976455987
5200.0,-739.8263994298779,3.9624107,40.173141,0.8525315901637319
5200.0,-739.8319554311717,3.9622102,40.173141,0.8521744835919324
5200.0,-739.8249464091916,3.9616892,40.173141,0.8518173768114254
5200.0,-739.830986517251,3.9614487,40.160633,0.8514602707073071
5200.0,-739.8251087252938,3.9612482,40.123234,0.8511031638484516
5200.0,-739.8319554313251,3.9608874,40.198071,0.8507460572766521
5200.0,-739.8241589738117,3.9605267,40.185604,0.8503889508762329
5200.0,-739.8301334608507,3.9602461,40.160633,0.8500318451838731
5200.0,-739.8237151404873,3.9602861,40.185604,0.8496747389976883
5200.0,-739.8323193126191,3.9596047,40.210575,0.8493176322502483
5200.0,-739.82432889488,3.9595246,40.173141,0.8489605257678099
5200.0,-739.8245888547391,3.959244,40.160633,0.8486034191598911
5200.0,-739.8322651618748,3.9588833,40.148167,0.8482463124385888
5200.0,-739.8254507525779,3.958683,40.1357,0.84788920541464
5200.0,-739.8328411904217,3.958282,40.173141,0.8475320984152968
5200.0,-739.8238776396869,3.9580014,40.173141,0.847174992150675
5200.0,-739.8332543884637,3.9578011,40.235508,0.8468178849518869
5200.0,-739.8245090088867,3.9574404,40.173141,0.8464607783825091
5200.0,-739.8306545330471,3.9572799,40.223042,0.846103672438635
5200.0,-739.8242574353427,3.956799,40.160633,0.8457465659906894
5200.0,-739.8314639368072,3.9564383,40.1357,0.8453894596561274
5200.0,-739.8236689493242,3.9563179,40.235508,0.8450323534922387
5200.0,-739.8304394805566,3.9559171,40.173141,0.8446752476521674
5200.0,-739.8238752593684,3.9557168,40.223042,0.8443181413886948
5200.0,-739.830223134195,3.9553559,40.148167,0.8439610356530507
5200.0,-739.8234090872296,3.9553559,40.247974,0.8436039296145951
5200.0,-739.8232343443383,3.9549551,40.185604,0.8432468236604862
5200.0,-739.8303588772543,3.9546344,40.235508,0.842889717859321
5200.0,-739.8227915363393,3.9543538,40.173141,0.8425326121189516
5200.0,-739.8321962039252,3.9539931,40.160633,0.8421755054309344
5200.0,-739.823620304532,3.9538729,40.210575,0.8418183992905262
5200.0,-739.83085383833,3.9535122,40.1357,0.8414612932504502
5200.0,-739.8238556304889,3.9530711,40.260483,0.8411041869964521
5200.0,-739.8301552261377,3.952991,40.1357,0.8407470812935864
5200.0,-739.8230098093155,3.9524701,40.1357,0.8403899754478585
5200.0,-739.8313970175067,3.9523096,40.173141,0.8400328691455976
5200.0,-739.8242449964289,3.9519889,40.185604,0.8396757627036562
5200.0,-739.8314350060899,3.9518287,40.148167,0.8393186563830586
5200.0,-739.8240905537234,3.9512675,40.123234,0.8389615500156652
5200.0,-739.8253769613742,3.9509869,40.247974,0.8386044430273346
5200.0,-739.8330906669163,3.9508667,40.198071,0.8382473359075726
5200.0,-739.8251124972351,3.9503455,40.223042,0.8378902290468965
5200.0,-739.832632131659,3.9501853,40.148167,0.837533122148463
5200.0,-739.8251620942467,3.9503455,40.210575,0.8371760152638468
5200.0,-739.8320359125612,3.9498646,40.1357,0.8368189086532
5200.0,-739.8229365186498,3.9494236,40.148167,0.8364618028428489
5200.0,-739.8313639362821,3.9489827,40.1357,0.8361046965565558
5200.0,-739.8245333374218,3.9487422,40.148167,0.8357475899754347
5200.0,-739.8338289520626,3.9487021,40.198071,0.8353904824993128
5200.0,-739.8252658169017,3.9483814,40.210575,0.8350333755646306
5200.0,-739.8325752465496,3.9478202,40.223042,0.8346762686936549
5200.0,-739.8263247475384,3.9477,40.223042,0.8343191612478364
5200.0,-739.8263926182831,3.94766,40.173141,0.8339620537692574
5200.0,-739.8329358198285,3.9471788,40.148167,0.833604946724238
5200.0,-739.8244953859015,3.946738,40.160633,0.8332478401614358
5200.0,-739.832043481025,3.9465377,40.185604,0.8328907335471358
5200.0,-739.8243232431072,3.9464173,40.185604,0.8325336270674255
5200.0,-739.8317785625909,3.9461768,40.160633,0.832176520580998
5200.0,-739.8230524604403,3.945816,40.148167,0.8318194147146828
5200.0,-739.8319227040209,3.9454954,40.198071,0.8314623081586803
5200.0,-739.8237499059373,3.9454153,40.173141,0.8311052019557145
5200.0,-739.8312424756867,3.944814,40.185604,0.8307480957280486
5200.0,-739.8250105812033,3.9446938,40.210575,0.8303909889165664
5200.0,-739.8337101038685,3.9444532,40.160633,0.8300338814978108
5200.0,-739.8263978794581,3.9444132,40.160633,0.8296767740166923
5200.0,-739.8264579744684,3.9437318,40.185604,0.8293196665065665
5200.0,-739.8333407048335,3.9434111,40.148167,0.8289625592661147
5200.0,-739.8263614904823,3.9432106,40.1357,0.8286054518025607
5200.0,-739.8318042463775,3.9430103,40.198071,0.8282483453037361
5200.0,-739.8248588119053,3.9427698,40.123234,0.8278912385655115
5200.0,-739.8323533093915,3.9424491,40.148167,0.8275341318016617
5200.0,-739.8249130718917,3.9422085,40.223042,0.8271770250372463
5200.0,-739.8317315408516,3.9419279,40.198071,0.8268199185735156
5200.0,-739.8228822219313,3.9415271,40.160633,0.8264628127893731
5200.0,-739.8298502684999,3.9413669,40.173141,0.8261057072337061
5200.0,-739.8241036517165,3.9408858,40.173141,0.8257486008599906
5200.0,-739.8322532357596,3.9406455,40.185604,0.8253914941444449
5200.0,-739.8247244497095,3.9404449,40.1357,0.8250343874710757
5200.0,-739.8235193650713,3.9402044,40.223042,0.8246772813793899
5200.0,-739.831442037227,3.9398837,40.173141,0.8243201750553985
5200.0,-739.8237617101745,3.9397635,40.160633,0.823963068846735
5200.0,-739.8319465688367,3.9391623,40.1357,0.8236059622792131
5200.0,-739.8237697176073,3.939002,40.148167,0.8232488560666845
5200.0,-739.8316680641151,3.9386411,40.210575,0.8228917496335931
5200.0,-739.8254559282154,3.9383204,40.1357,0.8225346426071459
5200.0,-739.8313495930408,3.9382403,40.160633,0.822177536327776
5200.0,-739.825488301069,3.9381201,40.185604,0.8218204292857028
5200.0,-739.8342830196245,3.9377594,40.173141,0.8214633215904087
5200.0,-739.8251613372494,3.9373987,40.210575,0.8211062147061579
5200.0,-739.8314751920186,3.9372783,40.160633,0.8207491083661631
5200.0,-739.8244388065268,3.9368775,40.198071,0.8203920018306712
5200.0,-739.8245819577601,3.9363163,40.160633,0.8200348952260816
5200.0,-739.8336211139109,3.9360359,40.148167,0.8196777878502803
5200.0,-739.8264341833568,3.9359155,40.210575,0.8193206803516382
5200.0,-739.8335025462236,3.9356349,40.235508,0.8189635730330679
5200.0,-739.8244109380046,3.9353945,40.123234,0.818606466511028
5200.0,-739.8303333035627,3.9352341,40.1357,0.8182493607222068
5200.0,-739.820579266287,3.9347932,40.123234,0.81789225604968
5200.0,-739.8286768733508,3.9345126,40.160633,0.8175351510603946
5200.0,-739.8230773504948,3.9342721,40.148167,0.8171780451820653
5200.0,-739.8304397126154,3.9337511,40.148167,0.816820939341882
5200.0,-739.8237216099318,3.9337108,40.173141,0.8164638331525745
5200.0,-739.8307301927698,3.9333901,40.1357,0.8161067271721805
5200.0,-739.824974607228,3.9330294,40.185604,0.8157496203780625
5200.0,-739.8251277558707,3.932749,40.160633,0.8153925135100211
5200.0,-739.8301093766125,3.9329093,40.173141,0.8150354078292864
5200.0,-739.8231264956205,3.9322679,40.198071,0.8146783019272351
5200.0,-739.8310582827237,3.9321077,40.185604,0.8143211957884767
5200.0,-739.8223214825235,3.9318271,40.148167,0.8139640902749979
5200.0,-739.8315033289986,3.9311457,40.173141,0.8136069839214218
5200.0,-739.823057855805,3.9312258,40.110729,0.8132498780525024
5200.0,-739.8315443695955,3.9311056,40.110729,0.8128927716791166
5200.0,-739.8244408085257,3.9307446,40.173141,0.8125356651426584
5200.0,-739.8313720294873,3.9305043,40.210575,0.8121785588524588
5200.0,-739.8238320955808,3.9305043,40.247974,0.8118214526098209
5200.0,-739.8326433864612,3.9299831,40.123234,0.8114643457059549
5200.0,-739.825480342544,3.9297426,40.160633,0.8111072386677232
5200.0,-739.825629914314,3.9294219,40.148167,0.8107501315572944
5200.0,-739.8329185467422,3.9291415,40.1357,0.8103930245206123
5200.0,-739.8258466124165,3.9288208,40.160633,0.8100359173055854
5200.0,-739.8326750763559,3.9286203,40.210575,0.8096788103864232
5200.0,-739.8264122958146,3.9282596,40.210575,0.8093217028983462
5200.0,-739.8329741867865,3.928019,40.160633,0.8089645958348074
5200.0,-739.8246921014123,3.9277785,40.185604,0.8086074891770525
5200.0,-739.8320070671266,3.9277785,40.123234,0.808250382580329
5200.0,-739.8253379600234,3.9270971,40.185604,0.807893275610824
5200.0,-739.8338368623731,3.9268165,40.1357,0.8075361681308839
5200.0,-739.8251047091713,3.9266963,40.1357,0.8071790612739669
5200.0,-739.8319427481026,3.9261351,40.173141,0.8068219547082893
5200.0,-739.8231629335554,3.9261751,40.148167,0.8064648487886498
5200.0,-739.8242785043435,3.9256942,40.123234,0.8061077423305344
5200.0,-739.8330166796951,3.925534,40.07333,0.805750635246485
5200.0,-739.8248157338088,3.9253335,40.110729,0.8053935285290539
5200.0,-739.8320157219592,3.9249728,40.173141,0.8050364219281528
5200.0,-739.8245268675169,3.9248123,40.110729,0.8046793153501548
5200.0,-739.8337585295741,3.9244916,40.148167,0.8043222079080248
5200.0,-739.8259571952673,3.9240508,40.198071,0.8039651006396206
5200.0,-739.8323609022582,3.9238906,40.173141,0.8036079938721058
5200.0,-739.8262330242404,3.9235699,40.198071,0.8032508864705614
5200.0,-739.8332383360907,3.9234495,40.148167,0.8028937792795215
5200.0,-739.8252648770626,3.9231288,40.148167,0.802536672345293
5200.0,-739.8328229896117,3.9228883,40.185604,0.8021795653547351
5200.0,-739.8279546230041,3.9224474,40.1357,0.8018224571221907
5200.0,-739.8278586636008,3.9221268,40.173141,0.8014653489359649
5200.0,-739.8328215492712,3.9220867,40.210575,0.8011082419461023
5200.0,-739.8249415506878,3.9216859,40.173141,0.8007511351679404
5200.0,-739.8338639863978,3.9216058,40.185604,0.8003940276749079
5200.0,-739.8270486943888,3.9213252,40.198071,0.800036919879647
5200.0,-739.8333419010927,3.9210446,40.198071,0.7996798126386178
5200.0,-739.8259365536985,3.9206438,40.198071,0.7993227053801769
5200.0,-739.8317087745808,3.9203632,40.198071,0.7989655989274351
5200.0,-739.8255092118866,3.9201627,40.160633,0.7986084918752684
5200.0,-739.8331739803855,3.9196818,40.185604,0.7982513847152921
5200.0,-739.8271813227603,3.9194813,40.185604,0.7978942768560127
5200.0,-739.8321651738838,3.9193611,40.160633,0.7975371701829732
5200.0,-739.8248140609147,3.91892,40.198071,0.7971800634663496
5200.0,-739.8271169558335,3.9187598,40.173141,0.7968229556381394
5200.0,-739.833195477137,3.9185193,40.1357,0.796465848467787
5200.0,-739.8257227726732,3.918359,40.123234,0.7961087413125364
5200.0,-739.8332257018278,3.9180384,40.123234,0.795751634127595
5200.0,-739.8266718038388,3.9176373,40.110729,0.7953945265142556
5200.0,-739.8352713794717,3.9175572,40.1357,0.7950374183418941
5200.0,-739.8275813457518,3.9169559,40.110729,0.7946803102895271
5200.0,-739.8342911373352,3.9169559,40.148167,0.7943232025903149
5200.0,-739.8283337224393,3.9165151,40.110729,0.7939660941747825
5200.0,-739.8328191689288,3.9165151,40.1357,0.7936089871860688
5200.0,-739.8239808371964,3.9162745,40.1357,0.7932518808716347
5200.0,-739.8331464535321,3.9161944,40.1357,0.7928947737249453
5200.0,-739.8257487368077,3.915513,40.1357,0.792537666557162
5200.0,-739.8258919128018,3.915473,40.185604,0.792180559320269
5200.0,-739.8324991962763,3.9151523,40.160633,0.7918234524860016
5200.0,-739.8260569022603,3.9149117,40.110729,0.7914663451694697
5200.0,-739.832657693277,3.914511,40.1357,0.791109238258698
5200.0,-739.8247889513376,3.9143105,40.110729,0.7907521315541945
5200.0,-739.8323041148631,3.9139898,40.1357,0.7903950248140903
5200.0,-739.8263867099998,3.9138296,40.110729,0.7900379173383631
5200.0,-739.834450415488,3.9134288,40.110729,0.7896808095622694
5200.0,-739.8266132105452,3.9133887,40.1357,0.7893237019772126
5200.0,-739.8343682861021,3.9131482,40.123234,0.7889665942407617
5200.0,-739.8263636633005,3.9129076,40.110729,0.7886094867761589
5200.0,-739.8341311999428,3.9124267,40.1357,0.7882523791541463
5200.0,-739.8267370989406,3.9123464,40.123234,0.7878952715092895
5200.0,-739.8271612550404,3.9119055,40.160633,0.7875381636596965
5200.0,-739.83257088854,3.9116249,40.123234,0.7871810567908243
5200.0,-739.8268125628337,3.9114246,40.173141,0.7868239491095419
5200.0,-739.8328158605045,3.911104,40.1357,0.7864668421224251
5200.0,-739.826813563603,3.9107029,40.1357,0.7861097344406597
5200.0,-739.833828354112,3.9105027,40.160633,0.7857526269648264
5200.0,-739.8259594171981,3.9102221,40.110729,0.7853955196953497
5200.0,-739.835284367604,3.9102621,40.098263,0.7850384115167188
5200.0,-739.8263397863956,3.9097409,40.123234,0.7846813040636413
5200.0,-739.8345521985074,3.9095006,40.098263,0.7843241962384184
5200.0,-739.8287861128982,3.90922,40.148167,0.7839670876045214
5200.0,-739.8366026490633,3.9090195,40.110729,0.7836099787895745
5200.0,-739.8275628277866,3.9087789,40.123234,0.783252870746146
5200.0,-739.8277694671914,3.9087389,40.1357,0.7828957626029746
5200.0,-739.8346644913975,3.9081779,40.160633,0.7825386547235496
5200.0,-739.82693189799,3.9080975,40.160633,0.782181546984665
5200.0,-739.835590204364,3.9076567,40.160633,0.7818244386584112
5200.0,-739.827404405486,3.907336,40.035892,0.7814673306914518
5200.0,-739.8354590513733,3.9070554,40.123234,0.7811102224285036
5200.0,-739.8269294445655,3.9069753,40.148167,0.7807531146908033
5200.0,-739.8356261051853,3.9066546,40.098263,0.7803960063472207
5200.0,-739.8263235634671,3.906374,40.085796,0.7800388989019739
5200.0,-739.8336636071265,3.9062138,40.123234,0.7796817915056616
5200.0,-739.8263606360273,3.9059732,40.060825,0.7793246840425202
5200.0,-739.833390949203,3.9054921,40.1357,0.7789675767778161
5200.0,-739.8267401995755,3.9052918,40.123234,0.7786104691314628
5200.0,-739.8264326695668,3.9050913,40.060825,0.7782533616335514
5200.0,-739.8328911048645,3.9049711,40.085796,0.7778962546101152
5200.0,-739.8253885217373,3.9047306,40.148167,0.7775391476162046
5200.0,-739.8332963561704,3.9045303,40.1357,0.7771820403971593
5200.0,-739.825677423994,3.9041693,40.1357,0.7768249332637981
5200.0,-739.8351975143167,3.903929,40.123234,0.7764678251270902
5200.0,-739.8283077583048,3.9036083,40.123234,0.7761107167240905
5200.0,-739.8344263796466,3.9034078,40.148167,0.7757536089595986
5200.0,-739.8270591800581,3.9031672,40.148167,0.7753965011592763
5200.0,-739.8365250361275,3.9028466,40.148167,0.7750393923817921
5200.0,-739.8277801972976,3.9024858,40.185604,0.7746822842334413
5200.0,-739.8342444083808,3.9024057,40.123234,0.7743251765567845
5200.0,-739.8260249934686,3.9019248,40.110729,0.7739680692556546
5200.0,-739.8334047062604,3.9015639,40.160633,0.7736109619843102
5200.0,-739.8269025649437,3.9017243,40.123234,0.7732538542595846
5200.0,-739.8269293956065,3.9013236,40.1357,0.7728967465219081
5200.0,-739.8357599316105,3.9010429,40.110729,0.7725396381137293
5200.0,-739.8268325942821,3.9007623,40.148167,0.7721825304227778
5200.0,-739.8350808390652,3.9005218,40.148167,0.7718254223423875
5200.0,-739.8263518588586,3.900121,40.1357,0.7714683148834828
5200.0,-739.8342539178816,3.8998804,40.160633,0.7711112072022357
5200.0,-739.8276190285347,3.900121,40.123234,0.7707540991316796
5200.0,-739.834035801611,3.8994796,40.07333,0.7703969915557143
5200.0,-739.8282395581484,3.8991189,40.185604,0.7700398831856342
5200.0,-739.8343951781703,3.8987982,40.173141,0.7696827754362029
5200.0,-739.8276176613659,3.898638,40.160633,0.7693256673663067
5200.0,-739.8343171017307,3.8985977,40.098263,0.7689685596545617
5200.0,-739.8257190376174,3.8983574,40.173141,0.768611452501114
5200.0,-739.8276163552807,3.8978362,40.098263,0.7682543444318483
5200.0,-739.8348693263416,3.8976357,40.160633,0.7678972364535521
5200.0,-739.8282610420986,3.8974755,40.185604,0.7675401280731019
5200.0,-739.8345578383146,3.8969543,40.198071,0.7671830202451568
5200.0,-739.8279438683417,3.896754,40.185604,0.7668259120178035
5200.0,-739.8353572198038,3.8965135,40.1357,0.7664688038040081
5200.0,-739.827552231563,3.8962729,40.185604,0.7661116957656942
5200.0,-739.8343377075932,3.8960326,40.160633,0.7657545880440031
5200.0,-739.8243994878377,3.8959122,40.160633,0.7653974815274901
5200.0,-739.8311366278009,3.8958321,40.098263,0.7650403753509155
5200.0,-739.823301080124,3.8952308,40.148167,0.764683269364594
5200.0,-739.8323824354351,3.8951106,40.1357,0.7643261625866854
5200.0,-739.825517964141,3.8949502,40.123234,0.763969055530294
5200.0,-739.8268289078784,3.8945894,40.123234,0.763611947841122
5200.0,-739.8339981789194,3.8945894,40.1357,0.7632548402833166
5200.0,-739.8262747965588,3.8941085,40.035892,0.7628977328616091
5200.0,-739.8338407075614,3.8937879,40.185604,0.7625406253798129
5200.0,-739.8268558609132,3.8936675,40.123234,0.7621835176776309
5200.0,-739.835348015622,3.8936274,40.085796,0.7618264094682782
5200.0,-739.8259187312377,3.892946,40.123234,0.7614693022184402
5200.0,-739.8331749447905,3.8928659,40.110729,0.7611121950579984
5200.0,-739.8270335697382,3.8926253,40.1357,0.760755087270038
5200.0,-739.8319662710715,3.8923447,40.098263,0.7603979806930062
5200.0,-739.8261115038855,3.8920643,40.210575,0.7600408733501186
5200.0,-739.8338196625471,3.891984,40.110729,0.7596837658784806
5200.0,-739.8266436181318,3.8915431,40.110729,0.7593266582787462
5200.0,-739.8262212324348,3.891463,40.098263,0.7589695508828938
5200.0,-739.8332710754685,3.891062,40.1357,0.758612443676051
5200.0,-739.8255973341138,3.8909419,40.098263,0.7582553365813485
5200.0,-739.8334412911332,3.8907816,40.160633,0.757898229292345
5200.0,-739.8271872191748,3.8904209,40.110729,0.7575411214302193
5200.0,-739.8343621826376,3.8900599,40.160633,0.7571840136967145
5200.0,-739.8270078007237,3.8897393,40.1357,0.7568269059211925
5200.0,-739.8350254920106,3.8895791,40.110729,0.7564697978675174
5200.0,-739.8276229349215,3.8891783,40.110729,0.7561126897950757
5200.0,-739.834660633624,3.8891783,40.098263,0.7557555819175128
5200.0,-739.8280781697096,3.8888576,40.1357,0.7553984736253334
5200.0,-739.8358853231883,3.8887775,40.1357,0.7550413651566298
5200.0,-739.82772803687,3.8883765,40.085796,0.7546842570334563
5200.0,-739.8291031281651,3.8883364,40.148167,0.7543271482465389
5200.0,-739.835407256722,3.8878555,40.1357,0.7539700400085914
5200.0,-739.8278706386574,3.8875349,40.160633,0.7536129318165853
5200.0,-739.8338346407782,3.8873744,40.148167,0.7532558243377175
5200.0,-739.8266098536045,3.8872943,40.123234,0.752898716754281
5200.0,-739.8342093250349,3.8867731,40.07333,0.7525416090945583
5200.0,-739.8267547017765,3.8866529,40.123234,0.752184501441205
5200.0,-739.833724154069,3.8864124,40.185604,0.7518273940156674
5200.0,-739.8269099009167,3.8860116,40.123234,0.7514702862874009
5200.0,-739.8337509368097,3.8859315,40.123234,0.7511131788489359
5200.0,-739.8263253457899,3.8853703,40.185604,0.7507560714028287
5200.0,-739.8327377961897,3.8854103,40.110729,0.7503989644533925
5200.0,-739.8249943826776,3.8850095,40.123234,0.7500418576497291
5200.0,-739.8254586504796,3.8849695,40.123234,0.7496847506219679
5200.0,-739.8332669616425,3.8845687,40.07333,0.749327643417111
5200.0,-739.8266071193691,3.8843682,40.123234,0.7489705358349942
5200.0,-739.8332290584954,3.8840075,40.1357,0.7486134286484325
5200.0,-739.8271039556049,3.8837268,40.148167,0.7482563208264975
5200.0,-739.8349517361831,3.8835666,40.148167,0.7478992128084233
5200.0,-739.8266280176529,3.8834462,40.110729,0.7475421052162191
5200.0,-739.8337482878806,3.8830454,40.173141,0.7471849977790328
5200.0,-739.8266908833747,3.8828449,40.198071,0.7468278901564839
5200.0,-739.8337127772518,3.8827648,40.1357,0.7464707827364379
5200.0,-739.826090202777,3.8824041,40.185604,0.7461136754038321
5200.0,-739.8350032748331,3.8824041,40.1357,0.7457565673608809
5200.0,-739.8264013950425,3.8819633,40.1357,0.7453994598780654
5200.0,-739.8243578743164,3.8817627,40.160633,0.7450423533816388
5200.0,-739.8327182528047,3.8816426,40.110729,0.7446852464416361
5200.0,-739.8249260480757,3.8814821,40.085796,0.7443281396709571
5200.0,-739.8328278478064,3.8810813,40.160633,0.7439710326780543
5200.0,-739.8261191211298,3.8807607,40.060825,0.74361392533149
5200.0,-739.8347188127582,3.8806005,40.198071,0.7432568174258446
5200.0,-739.8259861748572,3.8801994,40.123234,0.7428997101434521
5200.0,-739.8325269920233,3.8801594,40.098263,0.7425426032957682
5200.0,-739.8255252030145,3.8798387,40.060825,0.7421854962358827
5200.0,-739.8335821369288,3.879518,40.173141,0.7418283888788949
5200.0,-739.8272068967063,3.8793578,40.160633,0.7414712810072712
5200.0,-739.8344708621937,3.8789167,40.110729,0.7411141732213081
5200.0,-739.826120488401,3.8786764,40.160633,0.7407570658740839
5200.0,-739.825284688835,3.8784359,40.110729,0.7403999589302922
5200.0,-739.8323909070149,3.8783958,40.160633,0.7400428521482947
5200.0,-739.8255041459337,3.8781552,40.173141,0.7396857450985731
5200.0,-739.8314567469226,3.8780351,40.07333,0.7393286387674817
5200.0,-739.8232031796008,3.877594,40.110729,0.7389715328284158
5200.0,-739.8304723666594,3.8772333,40.148167,0.7386144269724708
5200.0,-739.8258020817159,3.8771932,40.123234,0.7382573197789384
5200.0,-739.8315777925133,3.8768325,40.1357,0.7379002133894198
5200.0,-739.8248280623218,3.8765519,40.160633,0.7375431066660378
5200.0,-739.833038762477,3.876071,40.160633,0.7371859995713292
5200.0,-739.8254891553704,3.8759506,40.223042,0.7368288925288436
5200.0,-739.832893168377,3.8759506,40.110729,0.7364717855044115
5200.0,-739.8253566489615,3.8754697,40.173141,0.7361146785258855
5200.0,-739.8254129108957,3.8755898,40.160633,0.7357575715202023
5200.0,-739.8347102559469,3.8750689,40.160633,0.7354004636186873
5200.0,-739.8249954932336,3.8749084,40.148167,0.7350433568144878
5200.0,-739.832181006425,3.8747482,40.110729,0.7346862501338064
5200.0,-739.8255516917317,3.8743474,40.160633,0.734329143061135
5200.0,-739.8325637964722,3.874187,40.07333,0.733972036195686
5200.0,-739.8245519406689,3.8740668,40.1357,0.7336149296055854
5200.0,-739.8324029314073,3.8735456,40.1357,0.7332578228177837
5200.0,-739.8263250038442,3.8734255,40.110729,0.7329007153718416
5200.0,-739.8331623835319,3.8735857,40.098263,0.732543608217463
5200.0,-739.8265754787521,3.8731048,40.148167,0.732186500650619
5200.0,-739.8343164425936,3.8729444,40.098263,0.7318293929391921
5200.0,-739.8265106718592,3.8723834,40.1357,0.7314722854036297
5200.0,-739.8248560409891,3.872303,40.098263,0.7311151786667427
5200.0,-739.8316421605991,3.8719022,40.110729,0.7307580722461545
5200.0,-739.8252933680345,3.8718221,40.1357,0.7304009652981737
5200.0,-739.833053520416,3.871742,40.160633,0.7300438581963417
5200.0,-739.8261093190961,3.8715415,40.148167,0.7296867508545087
5200.0,-739.8331223564529,3.8709402,40.1357,0.7293296437194505
5200.0,-739.8267743180197,3.8707399,40.110729,0.7289725360566286
5200.0,-739.8346981220735,3.8706195,40.123234,0.7286154281609705
5200.0,-739.8266558372161,3.8703389,40.123234,0.728258320555338
5200.0,-739.8335636795547,3.8702588,40.07333,0.7279012132072594
5200.0,-739.8264016759045,3.8699782,40.1357,0.7275441057243084
5200.0,-739.8334397531808,3.8696575,40.160633,0.7271869984360474
5200.0,-739.8278623014035,3.8692567,40.07333,0.7268298902480657
5200.0,-739.8276739355782,3.869417,40.085796,0.7264727821510064
5200.0,-739.834978421414,3.8688159,40.173141,0.7261156741200516
5200.0,-739.8270682742582,3.8685353,40.098263,0.7257585663153397
5200.0,-739.8344627689885,3.8683748,40.110729,0.7254014585332832
5200.0,-739.8262774091384,3.8683348,40.148167,0.7250443511103146
5200.0,-739.8343150630304,3.8680942,40.123234,0.7246872433995537
5200.0,-739.8259812554231,3.8677335,40.110729,0.7243301361195358
5200.0,-739.8323399058452,3.8674128,40.123234,0.7239730293621558
5200.0,-739.8247979236261,3.8672926,40.173141,0.7236159226533213
5200.0,-739.8324361098857,3.8669319,40.123234,0.7232588158495048
5200.0,-739.8253661705425,3.8668118,40.210575,0.7229017088663829
5200.0,-739.8329488693521,3.8665712,40.110729,0.7225446018150646
5200.0,-739.8257586489863,3.8664107,40.123234,0.7221874946424969
5200.0,-739.8255046464717,3.86605,40.160633,0.7218303875925338
5200.0,-739.8324451679564,3.8656492,40.160633,0.7214732807843451
5200.0,-739.8254456498929,3.865489,40.085796,0.7211161737628592
5200.0,-739.8322595833054,3.8652885,40.160633,0.7207590670442497
5200.0,-739.8261543501301,3.8653686,40.160633,0.7204019596806807
5200.0,-739.83430725069,3.8647273,40.198071,0.7200448519736906
5200.0,-739.8260062432423,3.864527,40.098263,0.7196877446816113
5200.0,-739.833506830973,3.8644466,40.185604,0.7193306373609728
5200.0,-739.8247263541484,3.8642063,40.1357,0.7189735306866843
5200.0,-739.8338804294236,3.8640459,40.148167,0.718616423185715
5200.0,-739.8263168253874,3.8637652,40.160633,0.7182593157437205
5200.0,-739.8355723694458,3.863565,40.123234,0.7179022074260754
5200.0,-739.8267768575446,3.8632443,40.173141,0.7175450997620275
5200.0,-739.8277613495625,3.8629637,40.148167,0.7171879916227744
5200.0,-739.8338333592363,3.8630037,40.160633,0.7168308841445251
5200.0,-739.8262432290988,3.8626029,40.07333,0.7164737767380549
5200.0,-739.8329722092727,3.8624825,40.110729,0.7161166696754708
5200.0,-739.8252453943439,3.8624425,40.07333,0.7157595627506464
5200.0,-739.8325303000895,3.8620417,40.148167,0.7154024559013656
5200.0,-739.825165109651,3.861681,40.085796,0.7150453490152939
5200.0,-739.8325431662579,3.8611999,40.123234,0.714688242159803
5200.0,-739.8256112621079,3.8613203,40.085796,0.7143311350583775
5200.0,-739.831700034005,3.8610396,40.110729,0.7139740286098546
5200.0,-739.8248334338977,3.860759,40.1357,0.7136169218838797
5200.0,-739.8335396317931,3.8605185,40.148167,0.7132598145474086
5200.0,-739.8258363463721,3.8603983,40.198071,0.7129027073373371
5200.0,-739.8258426207992,3.8601177,40.123234,0.7125456001242368
5200.0,-739.8346708511704,3.8599174,40.223042,0.712188492241742
5200.0,-739.8275357771407,3.8595967,40.160633,0.7118313842113706
5200.0,-739.8358142166992,3.8597569,40.123234,0.7114742757769891
5200.0,-739.8272276729251,3.8591957,40.085796,0.7111171678953367
5200.0,-739.8344512211967,3.8589554,40.160633,0.7107600601188542
5200.0,-739.8290762608725,3.8586748,40.148167,0.7104029513449053
5200.0,-739.8340848125795,3.8584743,40.148167,0.7100458437452831
5200.0,-739.8255236407258,3.8582337,40.123234,0.7096887366861516
5200.0,-739.8333102723334,3.8579934,40.235508,0.7093316294603892
5200.0,-739.8261412034337,3.8576326,40.160633,0.7089745221031658
5200.0,-739.8335086132626,3.8575523,40.173141,0.7086174147816671
5200.0,-739.8258120670006,3.8571916,40.085796,0.7082603075833148
5200.0,-739.833679671522,3.8571515,40.07333,0.7079032001792486
5200.0,-739.8256471384723,3.8566706,40.198071,0.707546093060506
5200.0,-739.8254997633605,3.8567908,40.098263,0.7071889860128999
5200.0,-739.8341512438197,3.8561895,40.160633,0.7068318783812122
5200.0,-739.8251678806184,3.8564301,40.173141,0.706474771493803
5200.0,-739.8339669411198,3.8559489,40.148167,0.7061176639510757
5200.0,-739.8267992447552,3.8559089,40.185604,0.7057605562762218
5200.0,-739.8354316951363,3.855468,40.123234,0.705403448026478
5200.0,-739.8261559373843,3.8552675,40.098263,0.7050463406621428
5200.0,-739.834201231932,3.8550673,40.160633,0.7046892330063266
5200.0,-739.8262739664553,3.8546665,40.123234,0.7043321255850198
5200.0,-739.8328043007925,3.8547065,40.198071,0.7039750186034827
5200.0,-739.8259692923377,3.8544259,40.173141,0.7036179113292393
5200.0,-739.8336590174673,3.8542254,40.148167,0.7032608039351425
5200.0,-739.8258081357507,3.8537846,40.098263,0.7029036967386878
5200.0,-739.8262975870034,3.8537045,40.173141,0.7025465893059796
5200.0,-739.8339169776664,3.8534238,40.160633,0.7021894817873688
5200.0,-739.825464705333,3.8534639,40.148167,0.701832374756685
5200.0,-739.8342595816314,3.8531032,40.123234,0.7014752670727042
5200.0,-739.8265349638158,3.8528225,40.123234,0.7011181595254163
5200.0,-739.8340375591393,3.852622,40.173141,0.7007610519486026
5200.0,-739.8261448779685,3.8524218,40.160633,0.7004039445896056
5200.0,-739.8346085459319,3.8523014,40.148167,0.7000468367371847
5200.0,-739.8278202486325,3.8519406,40.110729,0.6996897285695015
5200.0,-739.8349114652788,3.8517404,40.110729,0.6993326205708655
5200.0,-739.8271091313447,3.85162,40.085796,0.6989755127464321
5200.0,-739.833786263674,3.8513796,40.1357,0.6986184052909153
5200.0,-739.8246301263147,3.8508584,40.173141,0.6982612986630752
5200.0,-739.8266363551113,3.8509386,40.110729,0.6979041910668466
5200.0,-739.8335466753107,3.8505778,40.185604,0.6975470837269758
5200.0,-739.8249811620055,3.8503373,40.098263,0.697189976929694
5200.0,-739.8344339728203,3.850137,40.1357,0.696832869161537
5200.0,-739.8256888859273,3.850137,40.173141,0.696475762022643
5200.0,-739.8318327013639,3.8497763,40.160633,0.6961186555100836
5200.0,-739.8247514273005,3.8493752,40.173141,0.6957615488236926
5200.0,-739.8337553308866,3.849215,40.173141,0.6954044413831065
5200.0,-739.8277551976096,3.8489745,40.085796,0.6950473332468228
5200.0,-739.8348152241988,3.8489344,40.1357,0.6946902252946411
5200.0,-739.827789511583,3.8486938,40.123234,0.6943331171417945
5200.0,-739.8363342510257,3.8484936,40.110729,0.6939760084563996
5200.0,-739.8290725866447,3.8481729,40.160633,0.6936188996842242
5200.0,-739.8295118784965,3.8480124,40.185604,0.6932617907000067
5200.0,-739.8369549703384,3.8476517,40.173141,0.6929046817149993
5200.0,-739.8299405631768,3.8474112,40.173141,0.6925475725238596
5200.0,-739.8355687075615,3.8472109,40.160633,0.6921904642079819
5200.0,-739.8284113100382,3.8470504,40.148167,0.6918333557549987
5200.0,-739.8351420819283,3.8468502,40.148167,0.6914762476450473
5200.0,-739.8257177556792,3.8464491,40.07333,0.6911191404922183
5200.0,-739.8344768317742,3.8462489,40.173141,0.6907620327033739
5200.0,-739.826961450917,3.8461688,40.198071,0.6904049249502245
5200.0,-739.834010007883,3.8459682,40.110729,0.6900478173867095
5200.0,-739.8277287693622,3.8458481,40.123234,0.6896907092631825
5200.0,-739.8347057878935,3.8454471,40.160633,0.6893336013638242
5200.0,-739.8268150529391,3.8451264,40.123234,0.6889764936813398
5200.0,-739.8271397095973,3.8450463,40.148167,0.6886193858421467
5200.0,-739.8348022849749,3.8445253,40.198071,0.6882622778962104
5200.0,-739.8271254518332,3.8445253,40.160633,0.6879051700638994
5200.0,-739.835296892079,3.8443248,40.148167,0.6875480618792232
5200.0,-739.8280222983219,3.843924,40.110729,0.6871909536140125
5200.0,-739.8349953281482,3.8436434,40.148167,0.686833845574897
5200.0,-739.8266447165121,3.8436835,40.198071,0.6864767379746325
5200.0,-739.8334851761391,3.8435633,40.110729,0.6861196306644466
5200.0,-739.825443538056,3.8433228,40.1357,0.6857625236439799
5200.0,-739.8310985050779,3.8432026,40.160633,0.6854054174858066
5200.0,-739.8253506308403,3.8426414,40.123234,0.6850483105101856
5200.0,-739.8320634761983,3.8425212,40.123234,0.6846912038862342
5200.0,-739.8248630847428,3.8424809,40.110729,0.6843340971459472
5200.0,-739.8259813774881,3.8422806,40.173141,0.6839769898658704
5200.0,-739.8330481859277,3.84196,40.123234,0.6836198827666133
5200.0,-739.8257454168547,3.8418396,40.198071,0.6832627756004327
5200.0,-739.8333341254847,3.8413987,40.160633,0.6829056683631566
5200.0,-739.8251964809679,3.8414788,40.148167,0.6825485614619422
5200.0,-739.8317812239005,3.8412385,40.173141,0.6821914549742302
5200.0,-739.8254572710327,3.8409178,40.173141,0.6818343479471348
5200.0,-739.8325151263273,3.8407574,40.160633,0.6814772411051782
5200.0,-739.8251388157468,3.8403966,40.123234,0.6811201342317983
5200.0,-739.8337661709398,3.8403566,40.110729,0.6807630267859799
5200.0,-739.826393302021,3.8399558,40.123234,0.680405919307071
5200.0,-739.8338663911944,3.840116,40.110729,0.6800488118128776
5200.0,-739.8269132456816,3.8395147,40.223042,0.6796917040829965
5200.0,-739.8272785519262,3.8393946,40.110729,0.6793345961767854
5200.0,-739.8353668144337,3.8393145,40.148167,0.6789774879583587
5200.0,-739.8267329852582,3.8389137,40.123234,0.6786203803154877
5200.0,-739.8336985316225,3.8387532,40.185604,0.6782632729023178
5200.0,-739.8260028858923,3.8385127,40.123234,0.6779061656118591
5200.0,-739.833350507324,3.8383925,40.1357,0.6775490583666758
5200.0,-739.8249092023906,3.838192,40.085796,0.6771919516041282
5200.0,-739.8332789979038,3.8379517,40.123234,0.6768348443934615
5200.0,-739.8260597584583,3.8377512,40.123234,0.676477737075551
5200.0,-739.8327900670323,3.8375907,40.148167,0.6761206301008843
5200.0,-739.8262385542041,3.8371899,40.198071,0.6757635226966706
5200.0,-739.8347326555587,3.8370297,40.148167,0.6754064147843436
5200.0,-739.8272540525717,3.8367891,40.123234,0.6750493068899581
5200.0,-739.8272772454317,3.836709,40.173141,0.6746921989843777
5200.0,-739.834055442608,3.8362679,40.060825,0.6743350913989319
5200.0,-739.8270652956882,3.8360276,40.185604,0.6739779835956576
5200.0,-739.8327951820469,3.8361478,40.198071,0.6736208766185221
5200.0,-739.8272395380925,3.8358271,40.223042,0.6732637687311426
5200.0,-739.833845334311,3.8353863,40.085796,0.6729066612471132
5200.0,-739.8267089617833,3.8354263,40.210575,0.672549553615838
5200.0,-739.8359217615408,3.8351457,40.198071,0.6721924451295461
5200.0,-739.8277390718317,3.834785,40.1357,0.6718353370010463
5200.0,-739.8346340834539,3.8345845,40.1357,0.6714782291362986
5200.0,-739.8262824749891,3.8343441,40.198071,0.6711211217108849
5200.0,-739.8337419032955,3.8342638,40.148167,0.6707640142767801
5200.0,-739.8267766860602,3.8339431,40.123234,0.6704069066128151
5200.0,-739.826493814203,3.833823,40.185604,0.6700497990853898
5200.0,-739.8336038899887,3.8335824,40.185604,0.6696926917179021
5200.0,-739.8258516049053,3.8332217,40.123234,0.6693355845004655
5200.0,-739.8344574593638,3.8331416,40.185604,0.6689784767209718
5200.0,-739.824977304629,3.832901,40.185604,0.6686213699255518
5200.0,-739.8337717621457,3.8328609,40.185604,0.6682642624770347
5200.0,-739.8263139809559,3.8324602,40.173141,0.6679071550364131
5200.0,-739.8341205310176,3.8323801,40.148167,0.6675500474195502
5200.0,-739.8252202603129,3.8320994,40.1357,0.6671929405068576
5200.0,-739.8339313938609,3.8318188,40.173141,0.6668358329812886
5200.0,-739.826454349046,3.8314981,40.185604,0.6664787254729128
5200.0,-739.8344417729849,3.8315382,40.198071,0.6661216177009905
5200.0,-739.8271181516715,3.8312576,40.110729,0.6657645098722033
5200.0,-739.8262474655625,3.8312175,40.085796,0.6654074024636881
5200.0,-739.8339978005448,3.8306963,40.173141,0.6650502949060655
5200.0,-739.8246837760785,3.8306963,40.123234,0.664693188252329
5200.0,-739.8325558375091,3.8305762,40.185604,0.6643360813907218
5200.0,-739.8269916630769,3.8300552,40.173141,0.6639789736229893
5200.0,-739.835358635997,3.8299749,40.160633,0.6636218654085102
5200.0,-739.8269907843726,3.8296943,40.198071,0.6632647576412019
5200.0,-739.8356906808758,3.8296142,40.1357,0.6629076492664494
5200.0,-739.8279900594536,3.8292134,40.123234,0.6625505410168
5200.0,-739.8346932638789,3.8290932,40.123234,0.6621934331234869
5200.0,-739.8254072955991,3.8290129,40.160633,0.6618363261205141
5200.0,-739.8326699858978,3.8288527,40.160633,0.661479219203809
5200.0,-739.8263118570455,3.8284919,40.123234,0.6611221117642128
5200.0,-739.8260242481867,3.8283715,40.1357,0.6607650044634427
5200.0,-739.8334535596581,3.8281713,40.148167,0.6604078971685174
5200.0,-739.8266924824977,3.8278506,40.148167,0.6600507895451967
5200.0,-739.8337799040547,3.8277302,40.148167,0.6596936820927496
5200.0,-739.8262468672086,3.8273294,40.148167,0.6593365746845233
5200.0,-739.8333821233957,3.8272893,40.1357,0.6589794674240793
5200.0,-739.8257950256841,3.8268485,40.148167,0.6586223602339529
5200.0,-739.8321800297929,3.8267281,40.148167,0.6582652535537428
5200.0,-739.8248463728892,3.8265679,40.173141,0.6579081468215223
5200.0,-739.8331808653602,3.8262072,40.148167,0.6575510396582228
5200.0,-739.8253695027223,3.8263674,40.210575,0.6571939326734925
5200.0,-739.8317173073472,3.8260067,40.098263,0.656836826216632
5200.0,-739.8246482172059,3.8256459,40.160633,0.6564797195800596
5200.0,-739.8243622443046,3.8256059,40.173141,0.6561226130815235
5200.0,-739.8312044139456,3.8254054,40.160633,0.6557655068722297
5200.0,-739.8245660033132,3.8253653,40.173141,0.6554084002753411
5200.0,-739.8321827276303,3.8249245,40.160633,0.6550512935938287
5200.0,-739.8266379293711,3.8246439,40.185604,0.6546941859968404
5200.0,-739.8316414891838,3.8246439,40.173141,0.6543370795765763
5200.0,-739.8228352126873,3.8244033,40.210575,0.6539799738151245
5200.0,-739.8308706475544,3.8243232,40.148167,0.653622867766935
5200.0,-739.8240898335092,3.8237219,40.185604,0.6532657613998892
5200.0,-739.8320459836895,3.8237219,40.185604,0.6529086547843814
5200.0,-739.8236568279533,3.8234413,40.148167,0.6525515486263435
5200.0,-739.8305979406715,3.8233211,40.210575,0.6521944427097858
5200.0,-739.8232625303011,3.8232009,40.1357,0.6518373367420718
5200.0,-739.8237025063513,3.8232009,40.1357,0.6514802305619853
5200.0,-739.8305314608298,3.8226397,40.223042,0.6511231246775164
5200.0,-739.823445854832,3.8226798,40.173141,0.6507660186213134
5200.0,-739.8305907997465,3.822279,40.260483,0.6504089127082026
5200.0,-739.8232762019894,3.8221586,40.185604,0.6500518067338894
5200.0,-739.8305879434174,3.8222389,40.123234,0.6496947008221571
5200.0,-739.8223680277058,3.8213971,40.160633,0.6493375952862114
5200.0,-739.8306839887616,3.821357,40.185604,0.6489804893281195
5200.0,-739.8238999051906,3.8212368,40.173141,0.6486233830527504
5200.0,-739.8311415472845,3.8210363,40.198071,0.6482662768738013
5200.0,-739.8240466696706,3.8209562,40.198071,0.6479091705275903
5200.0,-739.830994525327,3.8207557,40.198071,0.6475520644196068
5200.0,-739.8231464420941,3.8202348,40.173141,0.6471949585079275
5200.0,-739.825177560178,3.8200343,40.148167,0.6468378516158461
5200.0,-739.8310823063891,3.8199942,40.160633,0.6464807454654916
5200.0,-739.824249549668,3.8199542,40.148167,0.6461236390213524
5200.0,-739.8315882537828,3.8197136,40.185604,0.6457665326267843
5200.0,-739.8230358347382,3.8192327,40.185604,0.6454094267684943
5200.0,-739.8302917013896,3.8191924,40.160633,0.645052320999754
5200.0,-739.8226126552606,3.8190322,40.173141,0.6446952153457287
5200.0,-739.8296461535214,3.8186715,40.148167,0.6443381098885853
5200.0,-739.8252778409174,3.8187115,40.1357,0.6439810029480992
5200.0,-739.8317075538162,3.818471,40.098263,0.6436238964959466
5200.0,-739.8251761321301,3.8179901,40.185604,0.6432667896045545
5200.0,-739.8331502011594,3.8181102,40.185604,0.6429096824560562
5200.0,-739.8253180992409,3.8176694,40.160633,0.6425525754961378
5200.0,-739.825771710452,3.817549,40.198071,0.6421954683172654
5200.0,-739.8325425560291,3.8173888,40.210575,0.6418383614620689
5200.0,-739.8252088347023,3.8173487,40.173141,0.6414812545548915
5200.0,-739.8334943435884,3.8169076,40.185604,0.6411241472402803
5200.0,-739.8260214527654,3.816988,40.198071,0.6407670399408595
5200.0,-739.8331554009961,3.8163867,40.160633,0.6404099327898514
5200.0,-739.8250262673222,3.8164268,40.160633,0.6400528259707975
5200.0,-739.8335135331554,3.8161862,40.185604,0.6396957186469239
5200.0,-739.8242320814821,3.8157053,40.235508,0.6393386122112164
5200.0,-739.8312562203636,3.8155048,40.148167,0.6389815059769163
5200.0,-739.8233744441515,3.8155048,40.173141,0.6386243999551825
5200.0,-739.8309414728718,3.8153045,40.198071,0.6382672938728065
5200.0,-739.825817840685,3.8149035,40.07333,0.6379101866716673
5200.0,-739.8328648603715,3.8148634,40.148167,0.6375530796608991
5200.0,-739.8243662968008,3.8149436,40.198071,0.637195973160407
5200.0,-739.8241243915102,3.8144627,40.198071,0.6368388667766806
5200.0,-739.830853520835,3.8145428,40.185604,0.6364817607367579
5200.0,-739.8244915531836,3.8141019,40.160633,0.6361246541758057
5200.0,-739.8319357165562,3.8139818,40.185604,0.6357675476135222
5200.0,-739.8259542536852,3.8137412,40.210575,0.6354104403465377
5200.0,-739.832289344339,3.8133805,40.160633,0.635053333613563
5200.0,-739.824746117013,3.81322,40.235508,0.6346962269297352
5200.0,-739.8327753332405,3.8130198,40.210575,0.6343391199621804
5200.0,-739.8234327199021,3.8128593,40.285416,0.6339820139123175
5200.0,-739.8321966798095,3.8129394,40.1357,0.6336249072240705
5200.0,-739.8243132337267,3.812659,40.185604,0.6332678007491916
5200.0,-739.8321102292998,3.8121378,40.247974,0.6329106941026732
5200.0,-739.824145692721,3.8121378,40.148167,0.6325535877086648
5200.0,-739.8255238966224,3.8118172,40.198071,0.6321964806494098
5200.0,-739.8333811833938,3.8117371,40.160633,0.6318393733894196
5200.0,-739.826059026273,3.8114564,40.160633,0.6314822660718624
5200.0,-739.8333757394246,3.8114564,40.1357,0.6311251588144998
5200.0,-739.8257106266949,3.8110957,40.160633,0.6307680516651121
5200.0,-739.8315685761556,3.8108552,40.160633,0.630410945280042
5200.0,-739.8239862940541,3.8109353,40.160633,0.630053838962974
5200.0,-739.8312445386366,3.810334,40.223042,0.6296967327343124
5200.0,-739.8228097245347,3.8103743,40.223042,0.6293396269851635
5200.0,-739.8329205853913,3.8101337,40.198071,0.6289825199474975
5200.0,-739.8245514647894,3.8100936,40.247974,0.6286254133576267
5200.0,-739.8336475791565,3.8095725,40.185604,0.6282683059690509
5200.0,-739.8251298190555,3.8095324,40.210575,0.6279111991000136
5200.0,-739.8248452133229,3.8094122,40.185604,0.6275540923683529
5200.0,-739.8329967942075,3.8090515,40.210575,0.6271969852939021
5200.0,-739.8260455860272,3.8088911,40.198071,0.6268398779828324
5200.0,-739.8352977226,3.8088109,40.185604,0.6264827697977553
5200.0,-739.827450523492,3.8084903,40.198071,0.6261256618085351
5200.0,-739.8347122942379,3.8083699,40.1357,0.6257685539060363
5200.0,-739.8266584738404,3.807929,40.223042,0.6254114462991311
5200.0,-739.8345665049139,3.8078089,40.160633,0.6250543384670028
5200.0,-739.8263443763667,3.8075683,40.235508,0.6246972310117097
5200.0,-739.8343959843394,3.8075683,40.185604,0.6243401232618893
5200.0,-739.8258324155315,3.8073277,40.198071,0.623983016053715
5200.0,-739.8344996955036,3.8072076,40.098263,0.6236259082538346
5200.0,-739.8271016850733,3.8067667,40.235508,0.6232688004329954
5200.0,-739.8269213632593,3.8067667,40.198071,0.6229116926991961
5200.0,-739.8333658268904,3.8064461,40.210575,0.6225545854466182
5200.0,-739.8264279697065,3.8064861,40.247974,0.6221974779509754
5200.0,-739.8350743814244,3.8060451,40.223042,0.6218403698737022
5200.0,-739.8275790507663,3.8059249,40.160633,0.6214832618224428
5200.0,-739.8342137077545,3.8055642,40.198071,0.6211261541606048
5200.0,-739.8266284203753,3.8054841,40.185604,0.6207690465682062
5200.0,-739.8340657696352,3.8053236,40.148167,0.6204119389777758
5200.0,-739.8270151497933,3.8050029,40.223042,0.6200548311987064
5200.0,-739.8346978776341,3.8049228,40.210575,0.6196977233031663
5200.0,-739.8264596589244,3.8045621,40.160633,0.6193406157922274
5200.0,-739.8357980547429,3.8044016,40.110729,0.6189835073656471
5200.0,-739.829554139177,3.8043616,40.198071,0.6186263983610306
5200.0,-739.8291227692716,3.804081,40.160633,0.6182692895646325
5200.0,-739.8369183365571,3.8039207,40.185604,0.6179121805973078
5200.0,-739.8304280488046,3.80352,40.160633,0.6175550711708632
5200.0,-739.8373154942997,3.8034396,40.173141,0.6171979620118359
5200.0,-739.8293146995379,3.8034799,40.160633,0.6168408531227948
5200.0,-739.8355517766801,3.8031592,40.198071,0.6164837448150895
5200.0,-739.8299776966162,3.8027582,40.198071,0.6161266356060258
5200.0,-739.8366570802631,3.8026381,40.247974,0.6157695267648057
5200.0,-739.8277540380434,3.8024375,40.185604,0.6154124186290818
5200.0,-739.8355547426949,3.8019967,40.210575,0.6150553103199448
5200.0,-739.828717289934,3.8021972,40.210575,0.6146982017192678
5200.0,-739.8359387294616,3.8020768,40.198071,0.6143410932247858
5200.0,-739.8285104183193,3.8019166,40.210575,0.613983984723964
5200.0,-739.8296236338568,3.801636,40.198071,0.6136268756858032
5200.0,-739.8355453309084,3.8011148,40.322849,0.6132697673812091
5200.0,-739.8289484167734,3.8010347,40.223042,0.6129126586689693
5200.0,-739.8375711478259,3.8008342,40.210575,0.6125555493865417
5200.0,-739.8277222141754,3.8008342,40.223042,0.6121984412661788
5200.0,-739.8354792053964,3.8005538,40.210575,0.6118413329935026
5200.0,-739.8276328467421,3.8002732,40.223042,0.6114842249162766
5200.0,-739.835108011947,3.7999525,40.223042,0.6111271168227703
5200.0,-739.8278916956358,3.7997921,40.235508,0.6107700086206004
5200.0,-739.8352366137743,3.7999125,40.210575,0.6104129004650196
5200.0,-739.8272680290644,3.7995918,40.173141,0.6100557925638879
5200.0,-739.8354946227794,3.7994313,40.210575,0.6096986842837699
5200.0,-739.8291214510106,3.7991908,40.235508,0.6093415754880082
5200.0,-739.8279791953622,3.7989104,40.173141,0.6089844672436029
5200.0,-739.8342600458514,3.7989504,40.198071,0.608627359559398
5200.0,-739.8276194436376,3.7989504,40.247974,0.6082702514886414
5200.0,-739.8359503014007,3.7983491,40.1357,0.6079131429885738
5200.0,-739.8285742366188,3.7981486,40.185604,0.6075560344569474
5200.0,-739.8361124605925,3.7979083,40.173141,0.6071989258786078
5200.0,-739.8282381421741,3.7975876,40.185604,0.6068418175092112
5200.0,-739.8359185874099,3.7977078,40.260483,0.6064847090244514
5200.0,-739.8300965439217,3.7975473,40.210575,0.6061275997580211
5200.0,-739.8374068278674,3.7972267,40.247974,0.6057704905549084
5200.0,-739.8303795142085,3.7969062,40.210575,0.605413381151891
5200.0,-739.8359898281411,3.7966657,40.223042,0.6050562726327443
5200.0,-739.8289823400978,3.7965453,40.285416,0.6046991639041301
5200.0,-739.828587773964,3.796345,40.173141,0.6043420553659693
5200.0,-739.8351029338695,3.7959442,40.198071,0.6039849472749143
5200.0,-739.8285072081021,3.7961845,40.223042,0.6036278387756419
5200.0,-739.8351857954481,3.7957838,40.185604,0.6032707306445906
5200.0,-739.8277915985567,3.7957437,40.247974,0.6029136224907365
5200.0,-739.8355251771923,3.795423,40.185604,0.6025565141958704
5200.0,-739.8284296814845,3.7951024,40.198071,0.6021994057340195
5200.0,-739.8332181575624,3.7950222,40.198071,0.6018422985527195
5200.0,-739.825974053691,3.7948217,40.173141,0.6014851912761778
5200.0,-739.8337077721275,3.7947016,40.210575,0.6011280838585478
5200.0,-739.8259994440278,3.7943008,40.223042,0.6007709765697504
5200.0,-739.8344073852015,3.7942605,40.272949,0.6004138688144269
5200.0,-739.8275198104668,3.7938998,40.272949,0.6000567607917624
5200.0,-739.8272945549229,3.7935791,40.235508,0.5996996528778268
5200.0,-739.8353594658017,3.7936995,40.272949,0.5993425446629473
5200.0,-739.8284488099794,3.7936995,40.210575,0.5989854361918633
5200.0,-739.8370360250709,3.7930582,40.235508,0.5986283271677318
5200.0,-739.828979264019,3.792978,40.173141,0.5982712184406025
5200.0,-739.8350801309174,3.792978,40.272949,0.597914110360554
5200.0,-739.827614048324,3.7924168,40.223042,0.5975570022924017
5200.0,-739.8344652223865,3.7924168,40.210575,0.5971998945091611
5200.0,-739.8273232540089,3.7922964,40.185604,0.5968427865813726
5200.0,-739.8329342082066,3.7920561,40.160633,0.596485679537131
5200.0,-739.8260667895247,3.7918155,40.223042,0.5961285722158267
5200.0,-739.8337819186078,3.7917354,40.223042,0.5957714647624072
5200.0,-739.8251994596402,3.7913346,40.210575,0.595414357859755
5200.0,-739.826271158756,3.7914147,40.210575,0.5950572504398035
5200.0,-739.8328878338889,3.7910941,40.160633,0.5947001434179461
5200.0,-739.826782081783,3.791054,40.1357,0.5943430357513767
5200.0,-739.833736336953,3.7906129,40.185604,0.5939859283199587
5200.0,-739.8244188723313,3.7906129,40.247974,0.5936288217940889
5200.0,-739.8305301184083,3.7902923,40.210575,0.593271715910268
5200.0,-739.82521235044,3.7902122,40.223042,0.5929146090013936
5200.0,-739.8316464571664,3.7899315,40.210575,0.5925575025787315
5200.0,-739.8253539025503,3.7896912,40.297916,0.5922003956015311
5200.0,-739.8324261123247,3.7894106,40.223042,0.5918432888025406
5200.0,-739.825584321556,3.7893705,40.260483,0.5914861817141189
5200.0,-739.8331428153857,3.7890899,40.210575,0.5911290745691857
5200.0,-739.8251370456509,3.7890096,40.198071,0.5907719676966601
5200.0,-739.8234390552083,3.7887292,40.123234,0.5904148616437392
5200.0,-739.8325897608678,3.7885687,40.235508,0.5900577547657575
5200.0,-739.825819110345,3.7885287,40.223042,0.5897006475640056
5200.0,-739.8344337038245,3.7884486,40.247974,0.5893435397959784
5200.0,-739.8270548463928,3.788208,40.260483,0.588986431997748
5200.0,-739.8339502662399,3.7878873,40.260483,0.5886293244630694
5200.0,-739.8258379703583,3.7876067,40.210575,0.5882722172522139
5200.0,-739.8326667876197,3.7870455,40.260483,0.5879151103370526
5200.0,-739.825843157967,3.787246,40.272949,0.5875580031236931
5200.0,-739.8329508712176,3.7869654,40.148167,0.5872008960714086
5200.0,-739.8248108994519,3.7868853,40.335316,0.5868437893563108
5200.0,-739.8325731712192,3.786324,40.198071,0.5864866824863368
5200.0,-739.8246583735657,3.7861638,40.260483,0.586129575844862
5200.0,-739.8240865744865,3.786284,40.260483,0.5857724694793894
5200.0,-739.8320946530158,3.785763,40.210575,0.5854153628403894
5200.0,-739.8246871208435,3.7857227,40.260483,0.5850582561850386
5200.0,-739.8322741828549,3.7858832,40.260483,0.5847011494593821
5200.0,-739.8249195414897,3.785362,40.223042,0.5843440426918438
5200.0,-739.8334716627026,3.7852418,40.260483,0.5839869353881805
5200.0,-739.82669048055,3.7851617,40.260483,0.5836298277658262
5200.0,-739.8329192426629,3.7846806,40.247974,0.5832727207288082
5200.0,-739.82569896913,3.7845204,40.173141,0.5829156135850474
5200.0,-739.8324631244806,3.7845604,40.223042,0.5825585067681914
5200.0,-739.8242743297822,3.7839592,40.223042,0.5822014003120911
5200.0,-739.8306015543636,3.7839992,40.210575,0.581844294393789
5200.0,-739.8252661219619,3.783839,40.285416,0.5814871874589596
5200.0,-739.8243381355989,3.7836785,40.185604,0.5811300809720606
5200.0,-739.8328152992352,3.7833979,40.210575,0.5807729739852148
5200.0,-739.8258478576226,3.7833579,40.247974,0.5804158667695869
5200.0,-739.8320849853303,3.7830372,40.210575,0.5800587601352534
5200.0,-739.8250699800952,3.7830372,40.310383,0.5797016532950997
5200.0,-739.8318739366222,3.7825162,40.285416,0.5793445467626365
5200.0,-739.8265289824266,3.7825162,40.260483,0.5789874392182358
5200.0,-739.8349529450787,3.7822356,40.198071,0.5786303311995782
5200.0,-739.8275459824084,3.7822757,40.210575,0.5782732231642806
5200.0,-739.8334441841947,3.781955,40.260483,0.5779161158738808
5200.0,-739.826038042247,3.7817144,40.223042,0.5775590085664525
5200.0,-739.8342681389543,3.7815542,40.223042,0.5772019008783412
5200.0,-739.8255930739126,3.7814338,40.247974,0.576844793785695
5200.0,-739.8271914060142,3.7812736,40.260483,0.5764876859215484
5200.0,-739.8336347615896,3.7807925,40.148167,0.5761305785391596
5200.0,-739.8262645549682,3.7807925,40.223042,0.5757734711223955
5200.0,-739.834554297678,3.7805521,40.272949,0.5754163632961594
5200.0,-739.8250883396728,3.7805121,40.247974,0.5750592564471438
5200.0,-739.83215459019,3.7801914,40.198071,0.5747021497792131
5200.0,-739.8244572269322,3.780071,40.285416,0.5743450432348299
5200.0,-739.8321675780153,3.780071,40.247974,0.5739879365606301
5200.0,-739.8257224313926,3.7794297,40.235508,0.5736308294055442
5200.0,-739.8326727931139,3.7795901,40.310383,0.5732737224874841
5200.0,-739.8249618269313,3.7793095,40.272949,0.5729166156995351
5200.0,-739.8334135933565,3.7790289,40.210575,0.572559508423901
5200.0,-739.8256220897741,3.7787483,40.285416,0.5722024013172492
5200.0,-739.8330967947837,3.7787883,40.247974,0.5718452941945292
5200.0,-739.8258820125943,3.778548,40.347824,0.571488186962415
5200.0,-739.8261072925922,3.7782674,40.235508,0.5711310796215601
5200.0,-739.8332111627485,3.7782273,40.272949,0.5707739724436365
5200.0,-739.8250757300419,3.7779467,40.223042,0.5704168656007075
5200.0,-739.8314549037534,3.7775056,40.297916,0.5700597592705057
5200.0,-739.8237237097464,3.7774656,40.247974,0.5697026530801845
5200.0,-739.8335609086616,3.7773454,40.223042,0.5693455457334433
5200.0,-739.8253634482783,3.7770247,40.210575,0.5689884387516353
5200.0,-739.8334477733305,3.7770648,40.347824,0.5686313314595032
5200.0,-739.8263098183658,3.7764235,40.247974,0.5682742240208909
5200.0,-739.8322149296813,3.7762632,40.272949,0.5679171173238351
5200.0,-739.8254477253048,3.7761028,40.285416,0.5675600103013473
5200.0,-739.832915543637,3.7760227,40.297916,0.567202903266115
5200.0,-739.8255781324618,3.7758622,40.272949,0.5668457961806809
5200.0,-739.8256658029565,3.7757821,40.310383,0.5664886890529289
5200.0,-739.8342739008277,3.7755818,40.347824,0.5661315813620365
5200.0,-739.8262359905323,3.7753813,40.335316,0.5657744739590603
5200.0,-739.8341938464653,3.7752612,40.210575,0.5654173663068088
5200.0,-739.8261549973918,3.7749002,40.297916,0.5650602589429273
5200.0,-739.831636972529,3.7746198,40.310383,0.5647031525248435
5200.0,-739.8244760866385,3.7744994,40.322849,0.5643460459713568
5200.0,-739.831255939908,3.7743392,40.210575,0.563988939737192
5200.0,-739.8251014623245,3.7743793,40.247974,0.5636318328818423
5200.0,-739.8314103844739,3.7739384,40.223042,0.5632747265731293
5200.0,-739.8250785984158,3.7735775,40.198071,0.5629176197288156
5200.0,-739.8331005788366,3.7736578,40.297916,0.5625605126042693
5200.0,-739.825627448765,3.7733772,40.235508,0.5622034054950307
5200.0,-739.8257652164513,3.7731366,40.272949,0.5618462983192929
5200.0,-739.8336129350649,3.7730165,40.223042,0.5614891909474393
5200.0,-739.8258533385762,3.7728961,40.272949,0.5611320837291658
5200.0,-739.8343429808948,3.7726154,40.247974,0.5607749760049292
5200.0,-739.8274931260158,3.7724953,40.285416,0.5604178679951451
5200.0,-739.8352565966181,3.7723351,40.272949,0.5600607598299191
5200.0,-739.827199889787,3.7717738,40.260483,0.5597036519616775
5200.0,-739.8348564235432,3.7718539,40.260483,0.5593465439896095
5200.0,-739.8264786410026,3.7717338,40.247974,0.558989436469508
5200.0,-739.8347232073468,3.7714131,40.260483,0.5586323285617416
5200.0,-739.8278321378446,3.7712126,40.310383,0.5582752203883196
5200.0,-739.8354446592236,3.7711725,40.297916,0.5579181121323183
5200.0,-739.8271900876509,3.770932,40.272949,0.5575610042688081
5200.0,-739.8268234758328,3.7705712,40.198071,0.5572038965822581
5200.0,-739.8347128925977,3.7705312,40.285416,0.5568467886794704
5200.0,-739.8266623070699,3.7703309,40.322849,0.556489681070715
5200.0,-739.8349668854912,3.7700102,40.285416,0.5561325730453285
5200.0,-739.8268223645605,3.7697697,40.247974,0.5557754653593149
5200.0,-739.8333973093339,3.7698898,40.235508,0.5554183580915409
5200.0,-739.8257336615765,3.769489,40.335316,0.5550612509310343
5200.0,-739.8316367647197,3.7693286,40.235508,0.5547041445130506
5200.0,-739.8231548401246,3.7693286,40.297916,0.5543470385973177
5200.0,-739.8318926011917,3.7688878,40.297916,0.5539899320558453
5200.0,-739.8241378560053,3.7686472,40.347824,0.5536328256656197
5200.0,-739.8313414262684,3.7686875,40.322849,0.5532757193901918
5200.0,-739.8263658607261,3.7685671,40.235508,0.5529186119245284
5200.0,-739.8262772990446,3.7681262,40.247974,0.552561504501613
5200.0,-739.8336890956889,3.7679257,40.310383,0.5522043970929977
5200.0,-739.8258918879898,3.7677655,40.210575,0.5518472898561168
5200.0,-739.8332158139524,3.7676852,40.297916,0.551490182675948
5200.0,-739.8263305944822,3.767565,40.335316,0.5511330752273074
5200.0,-739.8339849956653,3.7672844,40.322849,0.5507759676758653
5200.0,-739.8253935261973,3.7670038,40.322849,0.550418860679539
5200.0,-739.8314769494448,3.7668436,40.372757,0.550061754338696
5200.0,-739.822931672373,3.7667634,40.247974,0.5497046485306841
5200.0,-739.8304753575376,3.7665629,40.260483,0.5493475426732956
5200.0,-739.8235009325414,3.7663624,40.260483,0.548990436590507
5200.0,-739.8316395723451,3.7660017,40.297916,0.5486333301711681
5200.0,-739.8240828637312,3.7658415,40.247974,0.5482762238074866
5200.0,-739.8245604247486,3.7658815,40.335316,0.5479191172132908
5200.0,-739.832106542859,3.7654808,40.360291,0.5475620105685518
5200.0,-739.8265623561005,3.7653203,40.347824,0.5472049030080419
5200.0,-739.8345370613753,3.7652001,40.272949,0.5468477951901255
5200.0,-739.8256136301484,3.7647593,40.260483,0.546490688087557
5200.0,-739.8333809150118,3.7646389,40.347824,0.5461335808276963
5200.0,-739.8270504521554,3.7644787,40.285416,0.5457764730315868
5200.0,-739.8321333620252,3.7642381,40.322849,0.5454193663739026
5200.0,-739.8242533335804,3.7642782,40.322849,0.5450622599279369
5200.0,-739.8314854214339,3.7639174,40.247974,0.5447051535830045
5200.0,-739.8243839848674,3.7637169,40.272949,0.5443480470739747
5200.0,-739.8309694152927,3.7635968,40.360291,0.5439909409781113
5200.0,-739.8247947494247,3.7633963,40.223042,0.543633834270809
5200.0,-739.8241116598143,3.7630756,40.360291,0.543276727893228
5200.0,-739.8327873447407,3.7630355,40.322849,0.5429196209198753
5200.0,-739.8242886487322,3.7628353,40.285416,0.5425625144568634
5200.0,-739.8330443652449,3.7627549,40.260483,0.5422054073594506
5200.0,-739.8250944190823,3.7624342,40.360291,0.5418483005075005
5200.0,-739.8299832278763,3.7620335,40.372757,0.5414911948876561
5200.0,-739.8227924153505,3.7618732,40.322849,0.5411340891468623
5200.0,-739.8308667171859,3.7618332,40.385223,0.5407769831005699
5200.0,-739.8228738477409,3.7616727,40.235508,0.5404198773204695
5200.0,-739.8308344777886,3.7614322,40.310383,0.5400627712897386
5200.0,-739.823503666879,3.761312,40.198071,0.5397056652056301
5200.0,-739.8298065916102,3.7610714,40.285416,0.5393485596710454
5200.0,-739.8218876340234,3.7608311,40.310383,0.5389914543669815
5200.0,-739.8228001792161,3.7607508,40.372757,0.5386343486224402
5200.0,-739.8299067137411,3.7606306,40.335316,0.5382772430395281
5200.0,-739.8228398516686,3.7602699,40.360291,0.5379201372758372
5200.0,-739.8316197728564,3.76035,40.272949,0.5375630308660553
5200.0,-739.8253717607712,3.7599492,40.372757,0.5372059238802349
5200.0,-739.8319812130818,3.7595885,40.335316,0.5368488172959909
5200.0,-739.8244058231437,3.7596285,40.322849,0.5364917107764198
5200.0,-739.8323069219769,3.7593479,40.335316,0.5361346040349606
5200.0,-739.8239044462539,3.7591074,40.347824,0.5357774977573996
5200.0,-739.8321050661955,3.7588267,40.335316,0.5354203911133734
5200.0,-739.8247175892068,3.7588267,40.285416,0.5350632844433157
5200.0,-739.8322469368152,3.7583859,40.347824,0.5347061777308105
5200.0,-739.8258718322921,3.7583058,40.297916,0.5343490705036101
5200.0,-739.8247564564191,3.7582257,40.297916,0.5339919638147916
5200.0,-739.8321202269632,3.7583058,40.310383,0.5336348571634475
5200.0,-739.8231160952841,3.7579851,40.310383,0.5332777512664164
5200.0,-739.8311681343918,3.7576244,40.297916,0.532920645074634
5200.0,-739.8246037963945,3.7574239,40.360291,0.5325635384595031
5200.0,-739.8316353122034,3.7571433,40.360291,0.5322064320422206
5200.0,-739.823875478891,3.756943,40.360291,0.5318493257786419
5200.0,-739.8302244767699,3.756943,40.310383,0.53149222004235
5200.0,-739.8256003249619,3.7566624,40.310383,0.5311351129462037
5200.0,-739.8336254841475,3.7564218,40.347824,0.5307780055682929
5200.0,-739.8255196853289,3.7561812,40.322849,0.5304208985110708
5200.0,-739.8334445996087,3.7560611,40.322849,0.5300637912204704
5200.0,-739.825240633707,3.7557003,40.310383,0.5297066842979439
5200.0,-739.8251692963883,3.7556603,40.223042,0.5293495774098512
5200.0,-739.8333793280486,3.7554998,40.297916,0.5289924701507566
5200.0,-739.8246929799631,3.7553797,40.310383,0.5286353634925776
5200.0,-739.8329391893883,3.7551792,40.322849,0.5282782564459316
5200.0,-739.8243776859864,3.755059,40.372757,0.5279211499399422
5200.0,-739.8326198150445,3.7546582,40.385223,0.5275640430474539
5200.0,-739.8259052914012,3.7545781,40.347824,0.527206935804103
5200.0,-739.8335624097795,3.7543776,40.372757,0.5268498284566374
5200.0,-739.8255841874175,3.7539768,40.385223,0.5264927213682806
5200.0,-739.8321769653476,3.7537763,40.335316,0.5261356146895497
5200.0,-739.8258136049376,3.7535758,40.397728,0.5257785074904552
5200.0,-739.8339189059648,3.7536962,40.385223,0.5254213999709137
5200.0,-739.8263767252267,3.7532551,40.360291,0.5250642925000062
5200.0,-739.8277345915451,3.7532551,40.360291,0.5247071843736689
5200.0,-739.8342957030006,3.7530549,40.397728,0.5243500766722528
5200.0,-739.8264556430578,3.7526541,40.322849,0.5239929691632523
5200.0,-739.8337830166921,3.752614,40.360291,0.5236358617093028
5200.0,-739.8271261109637,3.7523334,40.372757,0.5232787538766734
5200.0,-739.8339801615156,3.7524135,40.385223,0.5229216463275649
5200.0,-739.8262510662239,3.7518923,40.360291,0.5225645389173118
5200.0,-739.8345060674012,3.7518523,40.310383,0.5222074311143557
5200.0,-739.8269864510142,3.7515717,40.410194,0.5218503233491391
5200.0,-739.8331639831825,3.7510507,40.410194,0.5214932161939884
5200.0,-739.8260608934684,3.7511709,40.397728,0.5211361088755299
5200.0,-739.8339044164078,3.7510107,40.347824,0.5207790013629824
5200.0,-739.8267213276933,3.7508101,40.322849,0.5204218937257383
5200.0,-739.8264774811294,3.75069,40.372757,0.5200647862061968
5200.0,-739.8337923430424,3.750289,40.397728,0.5197076787477455
5200.0,-739.8267712664973,3.7504494,40.335316,0.5193505710863965
5200.0,-739.8330504812434,3.7501688,40.360291,0.5189934639860315
5200.0,-739.8246680289783,3.7496879,40.322849,0.5186363573398962
5200.0,-739.8323976942241,3.7495275,40.360291,0.5182792505546224
5200.0,-739.8255816360238,3.7494874,40.385223,0.5179221434674972
5200.0,-739.8315250330988,3.7494473,40.360291,0.5175650371034448
5200.0,-739.8235188768114,3.7491667,40.410194,0.5172079310119948
5200.0,-739.8318992787154,3.7488861,40.347824,0.5168508244672992
5200.0,-739.8247118152154,3.7487659,40.385223,0.5164937178000286
5200.0,-739.8325259300574,3.7486055,40.360291,0.5161366109528572
5200.0,-739.8263092080408,3.7484853,40.335316,0.5157795035145396
5200.0,-739.8246474725379,3.7481246,40.422661,0.5154223968783266
5200.0,-739.8322901253376,3.7477639,40.310383,0.5150652901449749
5200.0,-739.8241934705754,3.7480042,40.347824,0.5147081837279045
5200.0,-739.8334076858835,3.7474432,40.360291,0.5143510764551219
5200.0,-739.8250419041239,3.7474031,40.385223,0.5139939696285204
5200.0,-739.8322938118807,3.7472427,40.385223,0.5136368628933892
5200.0,-739.8245244019678,3.7470424,40.385223,0.5132797563165813
5200.0,-739.8315961642468,3.746882,40.372757,0.5129226499181949
5200.0,-739.8249514501791,3.7463207,40.435165,0.5125655431352546
5200.0,-739.8308274470608,3.7464011,40.447632,0.5122084371079173
5200.0,-739.8245520748075,3.7463608,40.435165,0.511851330517752
5200.0,-739.8323835951153,3.7460401,40.385223,0.5114942237392837
5200.0,-739.8237153603168,3.74596,40.410194,0.5111371175529927
5200.0,-739.824982102305,3.7457998,40.360291,0.510780010755257
5200.0,-739.8334683181087,3.7453587,40.385223,0.5104229034532081
5200.0,-739.824423730784,3.7451584,40.397728,0.5100657969249932
5200.0,-739.8324294081126,3.7451184,40.385223,0.5097086901244117
5200.0,-739.826080803261,3.7449179,40.372757,0.509351582796343
5200.0,-739.831838060204,3.7446373,40.447632,0.5089944762811968
5200.0,-739.8234042286234,3.744477,40.410194,0.5086373702450863
5200.0,-739.8300328989028,3.7443166,40.385223,0.5082802646012663
5200.0,-739.8257109074547,3.7441163,40.385223,0.5079231574517429
5200.0,-739.8306777024025,3.7437956,40.372757,0.5075660514966853
5200.0,-739.8242757945621,3.7437556,40.447632,0.5072089450398779
5200.0,-739.8322692756497,3.7432745,40.385223,0.50685183831659
5200.0,-739.8254177818311,3.7431943,40.410194,0.5064947313085557
5200.0,-739.832280591485,3.7428737,40.372757,0.5061376245798058
5200.0,-739.8254378493976,3.7429938,40.397728,0.5057805175620851
5200.0,-739.8255350908927,3.7425931,40.435165,0.5054234104974268
5200.0,-739.8328541177256,3.7424729,40.385223,0.5050663034918438
5200.0,-739.8264506867894,3.7423925,40.422661,0.5047091959852357
5200.0,-739.8330320362497,3.7421923,40.360291,0.5043520888937739
5200.0,-739.8254378498069,3.7419517,40.410194,0.503994981876053
5200.0,-739.832084716846,3.7418716,40.410194,0.5036378752418491
5200.0,-739.8244035281582,3.7413504,40.360291,0.5032807687233858
5200.0,-739.8318925522834,3.7414305,40.447632,0.5029236621819371
5200.0,-739.8242533462678,3.7411902,40.372757,0.5025665557359652
5200.0,-739.8332933899511,3.7408295,40.410194,0.5022094485183517
5200.0,-739.825807025297,3.7409897,40.397728,0.5018523413224331
5200.0,-739.8326459867377,3.7405088,40.422661,0.501495234417312
5200.0,-739.8248648785764,3.7403884,40.410194,0.5011381276761591
5200.0,-739.8242839249295,3.7403083,40.397728,0.5007810212154272
5200.0,-739.8316943824311,3.7402682,40.397728,0.5004239147696323
5200.0,-739.825569355242,3.7398274,40.447632,0.5000668076884349
5200.0,-739.8340421247025,3.739707,40.435165,0.4997097001094175
5200.0,-739.8256329415873,3.7393062,40.372757,0.4993525929975275
5200.0,-739.8334970166648,3.7392261,40.397728,0.4989954856816262
5200.0,-739.8246244381679,3.7388251,40.347824,0.4986383790565317
5200.0,-739.8313015821353,3.7388654,40.385223,0.498281272800336
5200.0,-739.8231876407172,3.7385046,40.410194,0.4979241668687705
5200.0,-739.8308168267881,3.7385848,40.410194,0.4975670608465595
5200.0,-739.8226898396256,3.7383442,40.435165,0.4972099551552781
5200.0,-739.829768334645,3.7379434,40.385223,0.4968528496391596
5200.0,-739.8238427640406,3.7379835,40.385223,0.4964957433913721
5200.0,-739.8237395789116,3.7376227,40.422661,0.4961386371933911
5200.0,-739.8307164230761,3.7375827,40.422661,0.4957815312196436
5200.0,-739.8232752625086,3.7373421,40.410194,0.4954244252457839
5200.0,-739.8308659227835,3.7373421,40.460098,0.4950673191998749
5200.0,-739.8249085555382,3.7369413,40.397728,0.4947102124376394
5200.0,-739.8313471272622,3.7369413,40.410194,0.4943531061594597
5200.0,-739.8249128035636,3.7367008,40.372757,0.4939959993951739
5200.0,-739.8326229273749,3.7363801,40.460098,0.4936388925011833
5200.0,-739.8258474671784,3.7360194,40.397728,0.4932817852857438
5200.0,-739.8340642316828,3.7359793,40.422661,0.4929246776960556
5200.0,-739.8274936014861,3.7356586,40.422661,0.4925675696860421
5200.0,-739.8328938280258,3.7355785,40.360291,0.4922104626612915
5200.0,-739.8251766691956,3.7354181,40.372757,0.49185335576964
5200.0,-739.8267628435012,3.735378,40.510002,0.4914962481123567
5200.0,-739.8320405880147,3.7350574,40.472565,0.4911391414994532
5200.0,-739.8253562215806,3.7348971,40.385223,0.4907820345211334
5200.0,-739.8313449175874,3.7344961,40.385223,0.4904249282440203
5200.0,-739.8237630041351,3.7344961,40.584877,0.4900678220347322
5200.0,-739.8307507368829,3.7342958,40.397728,0.4897107160444218
5200.0,-739.8248332261928,3.7339752,40.447632,0.4893536093185472
5200.0,-739.831886143858,3.7339351,40.447632,0.4889965027801917
5200.0,-739.824663000269,3.7337346,40.485069,0.4886393961364836
5200.0,-739.8333015682855,3.7335742,40.410194,0.4882822889149225
5200.0,-739.824730492694,3.7334139,40.422661,0.4879251822386364
5200.0,-739.8325393573416,3.732933,40.460098,0.4875680753849839
5200.0,-739.8240795920211,3.7327325,40.472565,0.4872109690228817
5200.0,-739.82525977448,3.7327325,40.410194,0.4868538620911161
5200.0,-739.8307831712998,3.7327325,40.397728,0.4864967560851501
5200.0,-739.8243993658749,3.7321713,40.410194,0.4861396495686959
5200.0,-739.8316140839362,3.7322114,40.447632,0.48578254316166
5200.0,-739.8258467470665,3.7319307,40.472565,0.485425435946568
5200.0,-739.8320380611518,3.7316504,40.485069,0.4850683293348842
5200.0,-739.8258109802845,3.7316904,40.472565,0.4847112221370566
5200.0,-739.8317921123506,3.7314899,40.460098,0.4843541156440888
5200.0,-739.8237818395921,3.7311292,40.447632,0.4839970094257089
5200.0,-739.8313722493702,3.7311292,40.510002,0.4836399031354031
5200.0,-739.8241413468799,3.7306483,40.510002,0.4832827967434924
5200.0,-739.8328834148462,3.7305679,40.460098,0.4829256897237681
5200.0,-739.8253041834225,3.7304878,40.497536,0.4825685827705667
5200.0,-739.8249743386441,3.7304077,40.422661,0.4822114759765784
5200.0,-739.8331837339675,3.7298865,40.485069,0.4818543688118943
5200.0,-739.8249384255478,3.7299666,40.422661,0.4814972620352409
5200.0,-739.832110461461,3.7298465,40.422661,0.4811401553886104
5200.0,-739.8236842935996,3.7294457,40.447632,0.4807830492173152
5200.0,-739.8303686673642,3.7295258,40.485069,0.4804259434114244
5200.0,-739.8235047408053,3.7290049,40.460098,0.4800688373267976
5200.0,-739.8322154910018,3.7290049,40.447632,0.4797117306294709
5200.0,-739.8241934100034,3.7290049,40.510002,0.4793546242124297
5200.0,-739.830872905626,3.7284436,40.460098,0.4789975181631502
5200.0,-739.8234158132357,3.7283635,40.510002,0.478640412121448
5200.0,-739.8304480621803,3.7282031,40.435165,0.4782833062772345
5200.0,-739.8220184322386,3.7278824,40.447632,0.4779262009100353
5200.0,-739.8246878411599,3.7276418,40.422661,0.4775690942543368
5200.0,-739.8328819130121,3.7276018,40.485069,0.4772119872353374
5200.0,-739.824088271016,3.7274415,40.435165,0.4768548808690459
5200.0,-739.832256763504,3.7273211,40.510002,0.4764977741517975
5200.0,-739.8246085809739,3.7269204,40.485069,0.4761406675343571
5200.0,-739.8319300893343,3.7266798,40.447632,0.4757835609747897
5200.0,-739.8234555104491,3.7266798,40.510002,0.475426454913926
5200.0,-739.831766208937,3.7266798,40.522469,0.4750693484334614
5200.0,-739.8244943117705,3.7261989,40.422661,0.4747122418711777
5200.0,-739.8311032416156,3.7259984,40.485069,0.4743551357107182
5200.0,-739.8242832039992,3.7258782,40.435165,0.4739980292503343
5200.0,-739.8315059662121,3.7256777,40.410194,0.4736409228954853
5200.0,-739.8240161032869,3.7255175,40.534973,0.4732838165640285
5200.0,-739.8245413693086,3.7253571,40.447632,0.4729267099790306
5200.0,-739.8316168307842,3.7252769,40.485069,0.4725696035706688
5200.0,-739.8267911519383,3.7250767,40.460098,0.4722124958997212
5200.0,-739.8332080258615,3.7247157,40.460098,0.4718553887233117
5200.0,-739.8267647110035,3.7244754,40.497536,0.4714982810651269
5200.0,-739.8346288101523,3.7241948,40.485069,0.4711411732029246
5200.0,-739.8260071466051,3.7239542,40.460098,0.4707840659104093
5200.0,-739.8330921317109,3.7240343,40.485069,0.4704269587899403
5200.0,-739.8270839356161,3.7238741,40.497536,0.4700698509776687
5200.0,-739.8337123377929,3.7236736,40.485069,0.4697127435578349
5200.0,-739.8270393926374,3.7234733,40.522469,0.4693556357670638
5200.0,-739.8344825936476,3.7231526,40.510002,0.4689985279754382
5200.0,-739.8259670830944,3.7230322,40.54744,0.4686414207022611
5200.0,-739.824972678642,3.722872,40.510002,0.4682843139090741
5200.0,-739.8329041912739,3.7227519,40.485069,0.4679272068793213
5200.0,-739.8245259887103,3.7225513,40.54744,0.4675701003017474
5200.0,-739.8319613511786,3.72191,40.510002,0.4672129937270904
5200.0,-739.8243119278461,3.7220702,40.510002,0.4668558872528418
5200.0,-739.8315441128779,3.7219501,40.510002,0.4664987808795799
5200.0,-739.8254595051393,3.7217495,40.510002,0.4661416738514061
5200.0,-739.8310938174485,3.7215493,40.584877,0.4657845676954956
5200.0,-739.8245791986104,3.7217095,40.510002,0.4654274610922377
5200.0,-739.831442404193,3.7213087,40.497536,0.4650703547680692
5200.0,-739.8247398791133,3.7211082,40.472565,0.4647132480872524
5200.0,-739.8331762020828,3.720948,40.510002,0.4643561409262038
5200.0,-739.8248826519758,3.7205472,40.534973,0.4639990341764718
5200.0,-739.8250724465652,3.7205873,40.54744,0.4636419273351277
5200.0,-739.8333326357243,3.7203467,40.472565,0.4632848200985708
5200.0,-739.8271951535016,3.720026,40.510002,0.4629277122326153
5200.0,-739.8337477013897,3.7198257,40.597343,0.462570604795712
5200.0,-739.8259207704291,3.7196252,40.510002,0.4622134975448896
5200.0,-739.8322954962513,3.7195852,40.534973,0.4618563908089454
5200.0,-739.8242009780329,3.7192645,40.572411,0.4614992843882513
5200.0,-739.833554390039,3.7191844,40.534973,0.4611421770446566
5200.0,-739.8244947515319,3.7191041,40.522469,0.4607850704821606
5200.0,-739.8327365265169,3.7187433,40.534973,0.4604279635333373
5200.0,-739.8250612648799,3.7186632,40.60981,0.4600708566973905
5200.0,-739.8318593729864,3.7183425,40.622318,0.459713750171957
5200.0,-739.8254719197527,3.7183025,40.460098,0.4593566431377908
5200.0,-739.8255961986946,3.718142,40.584877,0.4589995360436363
5200.0,-739.8341985221233,3.7180219,40.534973,0.458642428389128
5200.0,-739.8250288917707,3.7177413,40.534973,0.4582853215688074
5200.0,-739.8318840317952,3.717541,40.485069,0.4579282150314714
5200.0,-739.8253588337509,3.7172203,40.559906,0.4575711080518908
5200.0,-739.8326716951319,3.7173004,40.54744,0.4572140011343606
5200.0,-739.8260619921556,3.7169797,40.54744,0.4568568938153719
5200.0,-739.8346271863544,3.7166991,40.54744,0.4564997859539534
5200.0,-739.8279102020392,3.7165389,40.597343,0.4561426777428505
5200.0,-739.8364891224653,3.716619,40.54744,0.4557855689827014
5200.0,-739.8271640749157,3.7163384,40.597343,0.4554284611317473
5200.0,-739.8335047069389,3.7161779,40.584877,0.455071353812134
5200.0,-739.826482730231,3.7159376,40.54744,0.4547142462900588
5200.0,-739.8281975782276,3.7160177,40.54744,0.454357137940242
5200.0,-739.8335544880604,3.7156169,40.510002,0.4540000305966
5200.0,-739.8277623626097,3.7151759,40.572411,0.4536429224568579
5200.0,-739.8350558264382,3.7152162,40.584877,0.4532858143885408
5200.0,-739.8277897800646,3.7149756,40.534973,0.4529287062355645
5200.0,-739.8352746264025,3.7148955,40.510002,0.4525715980616357
5200.0,-739.8266724143173,3.7146149,40.534973,0.4522144904480017
5200.0,-739.8330420825145,3.7144945,40.510002,0.4518573833516908
5200.0,-739.8260887621441,3.7142138,40.584877,0.4515002760197804
5200.0,-739.8347241720076,3.7141738,40.584877,0.4511431681115482
5200.0,-739.8276974950426,3.7140536,40.622318,0.4507860600031171
5200.0,-739.8363890367599,3.7136929,40.54744,0.450428951291278
5200.0,-739.8273015010656,3.7136128,40.622318,0.4500718433739895
5200.0,-739.827008728438,3.7135324,40.572411,0.4497147355980198
5200.0,-739.8346856707052,3.7134523,40.572411,0.4493576277083717
5200.0,-739.8279162684545,3.7128911,40.597343,0.4490005194943406
5200.0,-739.8326509790721,3.7130516,40.584877,0.4486434125868098
5200.0,-739.8256263989855,3.7126508,40.634785,0.4482863054780779
5200.0,-739.8324895526869,3.7123702,40.572411,0.4479291986484654
5200.0,-739.8238376495891,3.7123702,40.60981,0.4475720924031465
5200.0,-739.8329206834127,3.711889,40.572411,0.4472149853654332
5200.0,-739.8254989091101,3.7119293,40.572411,0.4468578783182396
5200.0,-739.8318609603588,3.711889,40.54744,0.4465007717920398
5200.0,-739.8254553909453,3.7116086,40.597343,0.4461436647658519
5200.0,-739.8334023022823,3.7116888,40.559906,0.4457865574956679
5200.0,-739.8272719474222,3.711288,40.597343,0.4454294495926447
5200.0,-739.8258286927027,3.7112076,40.597343,0.4450723423862674
5200.0,-739.8328635171315,3.7107267,40.584877,0.4447152353761475
5200.0,-739.8254180990159,3.7107668,40.534973,0.4443581283679601
5200.0,-739.834344628533,3.7105262,40.54744,0.4440010206429283
5200.0,-739.8251337254421,3.7102456,40.634785,0.4436439137720055
5200.0,-739.8334004341473,3.7102456,40.584877,0.4432868065027232
5200.0,-739.825513459912,3.710326,40.60981,0.4429296994485059
5200.0,-739.8329707317906,3.7099652,40.60981,0.442572592386635
5200.0,-739.8250445778895,3.7096446,40.672218,0.4422154855587428
5200.0,-739.8337305020241,3.7093239,40.572411,0.4418583781301414
5200.0,-739.825415034806,3.7095642,40.597343,0.441501271123433
5200.0,-739.8328657753053,3.7092435,40.647251,0.4411441641122231
5200.0,-739.8258313052823,3.7090032,40.584877,0.4407870569045848
5200.0,-739.8261873458424,3.7090032,40.60981,0.4404299495250889
5200.0,-739.8329024332338,3.7087626,40.672218,0.4400728424961847
5200.0,-739.8256455393492,3.7082815,40.697151,0.4397157353782139
5200.0,-739.8332559629952,3.7083218,40.584877,0.4393586281786659
5200.0,-739.8255824901718,3.7081213,40.659752,0.4390015210911283
5200.0,-739.8349771271846,3.7079608,40.659752,0.4386444130607983
5200.0,-739.8257464299021,3.7079208,40.584877,0.4382873058941285
5200.0,-739.8331388727389,3.7076805,40.534973,0.4379301987510983
5200.0,-739.8258461976206,3.7076805,40.584877,0.4375730915362716
5200.0,-739.8345114999107,3.7071192,40.672218,0.4372159837306933
5200.0,-739.8263314003362,3.7071192,40.647251,0.4368588762816637
5200.0,-739.8323792126004,3.7069187,40.647251,0.4365017695053108
5200.0,-739.8260010797806,3.7069187,40.684685,0.4361446622157239
5200.0,-739.833277044742,3.706598,40.647251,0.4357875550059999
5200.0,-739.8263002480816,3.7065179,40.684685,0.4354304475720071
5200.0,-739.8257833315918,3.7063978,40.60981,0.4350733403875253
5200.0,-739.8322258550685,3.7061172,40.684685,0.4347162336851959
5200.0,-739.8259829642308,3.7061172,40.634785,0.4343591264043532
5200.0,-739.8330238210806,3.7059567,40.634785,0.4340020193168568
5200.0,-739.8242341686604,3.7055159,40.647251,0.4336449128801419
5200.0,-739.8325472682149,3.7055159,40.647251,0.4332878060226708
5200.0,-739.8246423210473,3.7053154,40.647251,0.4329306993889444
5200.0,-739.833310089183,3.705075,40.622318,0.4325735921632704
5200.0,-739.823516508771,3.7048345,40.647251,0.4322164860729633
5200.0,-739.8319772817923,3.7049546,40.684685,0.4318593794906168
5200.0,-739.8263425087621,3.7045939,40.634785,0.4315022720362252
5200.0,-739.8326337310027,3.7044337,40.659752,0.4311451651370199
5200.0,-739.8266896871787,3.7041531,40.634785,0.4307880575150484
5200.0,-739.8275844460799,3.7039526,40.659752,0.430430949461185
5200.0,-739.8352518115814,3.7038724,40.672218,0.4300738412982686
5200.0,-739.8262547525253,3.7039926,40.622318,0.4297167338862361
5200.0,-739.8335776082005,3.7035518,40.584877,0.4293596265314344
5200.0,-739.8256675116618,3.7034316,40.70966,0.4290025194028578
5200.0,-739.8332611755195,3.7033112,40.622318,0.4286454122007936
5200.0,-739.8251843233766,3.7028303,40.584877,0.4282883053054476
5200.0,-739.830982635279,3.7029905,40.70966,0.4279311992032031
5200.0,-739.8247453479933,3.7029505,40.70966,0.4275740925197465
5200.0,-739.8313832967212,3.7027502,40.784496,0.4272169862241083
5200.0,-739.8245771236078,3.7024696,40.684685,0.4268598796218522
5200.0,-739.8337344695343,3.7024696,40.747059,0.4265027721913356
5200.0,-739.8261736252463,3.7021089,40.60981,0.4261456648184626
5200.0,-739.826403323526,3.7021489,40.70966,0.4257885573347162
5200.0,-739.8351413620139,3.7019484,40.684685,0.4254314492251123
5200.0,-739.8284913024095,3.7015076,40.734592,0.4250743407335176
5200.0,-739.834538196499,3.7015076,40.672218,0.4247172329150532
5200.0,-739.8272636467982,3.7013071,40.659752,0.4243601250160367
5200.0,-739.8337954803387,3.7011068,40.672218,0.4240030175560711
5200.0,-739.826206132187,3.7012269,40.70966,0.4236459101675072
5200.0,-739.8331924132543,3.7007458,40.659752,0.4232888029986337
5200.0,-739.8247866321539,3.7009463,40.70966,0.4229316962952497
5200.0,-739.8322706307587,3.7006257,40.697151,0.4225745895713077
5200.0,-739.8268194593522,3.7007861,40.684685,0.4222174818866964
5200.0,-739.8339235082603,3.7003851,40.70966,0.4218603743649335
5200.0,-739.8263834632552,3.7000644,40.70966,0.4215032668907735
5200.0,-739.8271179443758,3.6999843,40.734592,0.4211461590620862
5200.0,-739.8342556022521,3.6999042,40.684685,0.4207890513800262
5200.0,-739.82757513292,3.6995835,40.697151,0.4204319433306581
5200.0,-739.8350882972804,3.6995435,40.70966,0.4200748352466678
5200.0,-739.8266422508607,3.6994634,40.722126,0.4197177276475934
5200.0,-739.8341829823671,3.6990223,40.684685,0.419360620000586
5200.0,-739.8265537624385,3.6990223,40.759563,0.4190035124442242
5200.0,-739.8329925217874,3.6989822,40.722126,0.4186464053718355
5200.0,-739.8261627243206,3.6989422,40.747059,0.4182892980042242
5200.0,-739.8333718817023,3.6985414,40.659752,0.4179321907487238
5200.0,-739.8259534478311,3.6985815,40.734592,0.4175750834821284
5200.0,-739.8331911805186,3.6985815,40.734592,0.4172179763138499
5200.0,-739.8264911159835,3.6982608,40.747059,0.416860868787727
5200.0,-739.8257057688561,3.6981003,40.70966,0.416503761640684
5200.0,-739.833060918161,3.6977797,40.684685,0.4161466545352813
5200.0,-739.8264601959899,3.6977797,40.784496,0.4157895470240831
5200.0,-739.8337857389837,3.697459,40.734592,0.4154324395688196
5200.0,-739.8254492995646,3.6975393,40.747059,0.415075332545572
5200.0,-739.8331340023684,3.697459,40.722126,0.4147182254048925
5200.0,-739.8275036237075,3.6972187,40.697151,0.4143611173900413
5200.0,-739.8324746235686,3.6969781,40.722126,0.4140040105676349
5200.0,-739.8254052696067,3.6966975,40.784496,0.4136469035656401
5200.0,-739.8333207096603,3.6968579,40.70966,0.4132897963348397
5200.0,-739.8257030339046,3.6965773,40.722126,0.4129326891891168
5200.0,-739.8333153506156,3.6964569,40.759563,0.4125755819609032
5200.0,-739.8282915961018,3.6962166,40.70966,0.4122184735657048
5200.0,-739.8265104890176,3.6961765,40.697151,0.4118613660302307
5200.0,-739.8364036484854,3.6961765,40.734592,0.4115042573113387
5200.0,-739.8271890506612,3.6958156,40.77203,0.4111471494483291
5200.0,-739.8344027709347,3.6957755,40.784496,0.4107900416952327
5200.0,-739.8273093987626,3.6954548,40.722126,0.4104329337741321
5200.0,-739.8351605021609,3.6955752,40.809467,0.4100758256552895
5200.0,-739.8283580143959,3.6952546,40.734592,0.4097187172280317
5200.0,-739.8349695713573,3.6952145,40.77203,0.4093616092013487
5200.0,-739.8277738616846,3.6949339,40.759563,0.4090045010560561
5200.0,-739.8351852825244,3.6948135,40.734592,0.4086473929252524
5200.0,-739.8253483973476,3.6948938,40.784496,0.4082902859507093
5200.0,-739.8333985056443,3.6948535,40.734592,0.4079331786823579
5200.0,-739.8260094411813,3.6942525,40.747059,0.407576071388735
5200.0,-739.8272870355966,3.6943727,40.759563,0.4072189634784289
5200.0,-739.8355601013302,3.6942124,40.797001,0.4068618551667053
5200.0,-739.8281956743002,3.6939318,40.759563,0.4065047468178076
5200.0,-739.8353836357318,3.6937714,40.846905,0.4061476385912615
5200.0,-739.8270974978245,3.6938918,40.77203,0.4057905307724436
5200.0,-739.8349413852133,3.6937714,40.747059,0.4054334227593656
5200.0,-739.8258155211431,3.6934907,40.784496,0.4050763155593462
5200.0,-739.8335457230305,3.6932905,40.8344,0.404719208219935
5200.0,-739.8255755808635,3.6934907,40.809467,0.4043621011357325
5200.0,-739.8337577482685,3.6932101,40.821934,0.4040049936939797
5200.0,-739.8244505983836,3.6930099,40.734592,0.4036478871527961
5200.0,-739.8333849437087,3.6928895,40.759563,0.4032907798909907
5200.0,-739.8259732964378,3.6926491,40.871838,0.4029336726148146
5200.0,-739.8268235485807,3.6927693,40.8344,0.4025765649282295
5200.0,-739.8339420877007,3.6923285,40.797001,0.4022194573974986
5200.0,-739.8254025469332,3.6923685,40.846905,0.401862350396818
5200.0,-739.8319789055903,3.692168,40.859371,0.4015052438136877
5200.0,-739.8250495096016,3.6918874,40.846905,0.4011481369834151
5200.0,-739.8331509942317,3.6918073,40.8344,0.4007910298345339
5200.0,-739.8256357491844,3.6917672,40.784496,0.4004339227212888
5200.0,-739.8339318582855,3.6913264,40.809467,0.4000768151954955
5200.0,-739.8274431867004,3.6914866,40.8344,0.3997197072098166
5200.0,-739.8344702155396,3.6913664,40.8344,0.3993625994241658
5200.0,-739.8265259551533,3.691206,40.747059,0.3990054918812263
5200.0,-739.8335847981361,3.6910858,40.797001,0.3986483845229541
5200.0,-739.8251385222997,3.6909256,40.797001,0.3982912776497158
5200.0,-739.8249233257092,3.690685,40.821934,0.397934170880351
5200.0,-739.8331777035075,3.6907651,40.797001,0.3975770637185776
5200.0,-739.8243714362179,3.6904044,40.797001,0.3972199572156049
5200.0,-739.8326222074605,3.6905246,40.809467,0.3968628503219618
5200.0,-739.825131088511,3.6902039,40.8344,0.3965057434523117
5200.0,-739.832888639444,3.6903243,40.846905,0.3961486364300656
5200.0,-739.8237759188772,3.6898031,40.896809,0.3957915302145436
5200.0,-739.8324668962551,3.6899233,40.77203,0.395434423395867
5200.0,-739.8253684778061,3.6896429,40.846905,0.3950773164116313
5200.0,-739.8336569784601,3.6897631,40.821934,0.3947202090185187
5200.0,-739.826630519934,3.6892822,40.809467,0.3943631014251067
5200.0,-739.8345334237405,3.6894023,40.759563,0.3940059936089461
5200.0,-739.8253912191383,3.6894023,40.809467,0.3936488866137334
5200.0,-739.8232634454304,3.6891618,40.734592,0.3932917806455777
5200.0,-739.832189551572,3.6891217,40.871838,0.3929346739607716
5200.0,-739.8253158044599,3.6888812,40.8344,0.3925775670019608
5200.0,-739.8310930725683,3.6888812,40.809467,0.3922204608464097
5200.0,-739.8236079028106,3.6886408,40.8344,0.3918633547119876
5200.0,-739.8327375763068,3.6885204,40.859371,0.3915062477626576
5200.0,-739.8253730186648,3.6881998,40.809467,0.3911491407762301
5200.0,-739.8320673578631,3.6881196,40.909275,0.3907920341504051
5200.0,-739.8253922816051,3.6881196,40.871838,0.3904349271546795
5200.0,-739.8327343166374,3.6879592,40.909275,0.3900778202069228
5200.0,-739.8248323233416,3.6881597,40.846905,0.389720713481484
5200.0,-739.832733999654,3.6877189,40.821934,0.3893636065338804
5200.0,-739.8233040950167,3.6876385,40.896809,0.3890065005461035
5200.0,-739.8258174987393,3.6875985,40.884304,0.3886493933451295
5200.0,-739.8334423170829,3.6874382,40.8344,0.3882922860556309
5200.0,-739.8242039444272,3.6873581,40.921741,0.3879351796335049
5200.0,-739.8315797328853,3.6870375,40.884304,0.3875780732430497
5200.0,-739.8240149685838,3.6871176,40.921741,0.3872209669121406
5200.0,-739.8325695820836,3.6867568,40.909275,0.386863860043899
5200.0,-739.8251412324903,3.686877,40.871838,0.3865067531693525
5200.0,-739.8317197124506,3.6866364,40.8344,0.3861496467113312
5200.0,-739.824745872883,3.6865163,40.959179,0.3857925400276212
5200.0,-739.8330173144292,3.6863561,40.946712,0.3854354329432655
5200.0,-739.8252862759869,3.6864362,40.809467,0.3850783259987079
5200.0,-739.8319889397814,3.6861155,40.909275,0.3847212194107342
5200.0,-739.8243177861472,3.6858749,40.846905,0.3843641129336578
5200.0,-739.8247663810295,3.6859951,40.846905,0.3840070062400488
5200.0,-739.8329953905994,3.6855142,40.896809,0.3836498991662754
5200.0,-739.8264314242583,3.6855943,40.909275,0.383292791668965
5200.0,-739.8334984569029,3.6855142,40.959179,0.3829356843523686
5200.0,-739.8260775931461,3.6854341,40.859371,0.3825785770258493
5200.0,-739.832383497094,3.6851935,40.934246,0.3822214702474283
5200.0,-739.8262824871648,3.6850734,40.884304,0.3818643628220086
5200.0,-739.8335481887067,3.6848729,40.896809,0.3815072554814073
5200.0,-739.8249464705823,3.6850333,40.896809,0.3811501487008706
5200.0,-739.8309200980842,3.6848328,40.884304,0.380793042628812
5200.0,-739.8243905160095,3.6847126,40.884304,0.3804359361166295
5200.0,-739.8306943404477,3.6845922,40.934246,0.380078830153541
5200.0,-739.8236762125493,3.6846724,40.99662,0.3797217239861463
5200.0,-739.8241985731581,3.6843116,40.934246,0.379364617566613
5200.0,-739.8302407978318,3.6842315,40.871838,0.3790075118224431
5200.0,-739.8221892806632,3.6842315,40.896809,0.3786504063727769
5200.0,-739.8300561412115,3.6837106,40.871838,0.3782933007177382
5200.0,-739.8226852136386,3.6837506,41.009087,0.3779361950286898
5200.0,-739.8312013497049,3.6837506,40.921741,0.3775790888208749
5200.0,-739.8240568138546,3.6833899,40.884304,0.3772219824697675
5200.0,-739.8315598844882,3.6835101,40.921741,0.3768648760888928
5200.0,-739.8239225859508,3.6833096,40.884304,0.376507769802576
5200.0,-739.8323797137574,3.6835501,40.946712,0.3761506630259812
5200.0,-739.8240694601152,3.6831493,40.896809,0.3757935566687695
5200.0,-739.8336536455305,3.6829488,41.009087,0.3754364492772656
5200.0,-739.8242672622907,3.6833496,41.009087,0.3750793428245767
5200.0,-739.8248178693323,3.6828687,40.884304,0.3747222361061147
5200.0,-739.8322258184384,3.6827083,40.934246,0.374365129403803
5200.0,-739.8249232526543,3.6825881,40.921741,0.3740080226344734
5200.0,-739.8323513197018,3.682548,40.909275,0.3736509158715841
5200.0,-739.8259607477883,3.6823876,40.946712,0.373293808601465
5200.0,-739.8331551324096,3.6821072,40.921741,0.3729367014505865
5200.0,-739.824643981254,3.6819067,40.946712,0.3725795948160587
5200.0,-739.8332268248779,3.6818666,41.009087,0.3722224876305752
5200.0,-739.8255847608058,3.6818266,40.959179,0.3718653805419416
5200.0,-739.8335918904597,3.6816661,40.959179,0.371508273180246
5200.0,-739.8271972045618,3.6816261,40.921741,0.3711511653133005
5200.0,-739.8356185613292,3.6812253,40.99662,0.3707940569733592
5200.0,-739.8268320812613,3.6813855,40.959179,0.3704369492826554
5200.0,-739.8325639555777,3.6813855,40.959179,0.3700798424171296
5200.0,-739.8264571195018,3.6811051,41.034054,0.3697227349074165
5200.0,-739.8266717920212,3.6809046,40.946712,0.3693656272940829
5200.0,-739.8329644089036,3.6810648,41.009087,0.3690085202352638
5200.0,-739.8258345516176,3.6810248,40.99662,0.3686514130260586
5200.0,-739.8318038681564,3.6804638,40.984154,0.3682943065274164
5200.0,-739.8246260492621,3.6806641,40.909275,0.3679371999015443
5200.0,-739.833471076621,3.680624,41.009087,0.3675800925981638
5200.0,-739.8252072114323,3.6804237,40.971645,0.3672229856917699
5200.0,-739.8325741966573,3.6803434,41.009087,0.3668658788213009
5200.0,-739.8245982176254,3.6802633,41.021553,0.3665087722088628
5200.0,-739.8321598265545,3.6800227,40.99662,0.3661516655384045
5200.0,-739.8240781636663,3.679702,40.959179,0.3657945591769918
5200.0,-739.8317950419398,3.6797421,40.971645,0.3654374526826099
5200.0,-739.8240342065586,3.679702,40.934246,0.3650803463424148
5200.0,-739.8242930555547,3.679702,40.99662,0.3647232398772757
5200.0,-739.8322323124022,3.6795418,40.946712,0.3643661331718295
5200.0,-739.825265438582,3.6795418,40.909275,0.3640090262373299
5200.0,-739.8324761127151,3.6792212,40.99662,0.3636519194142046
5200.0,-739.8251831510206,3.6790206,41.034054,0.3632948125194244
5200.0,-739.8327411412953,3.679141,41.04652,0.3629377055683737
5200.0,-739.8239269682169,3.6789405,40.946712,0.3625805992799416
5200.0,-739.8298177850724,3.6787,41.04652,0.362223493739954
5200.0,-739.8225324926327,3.6787801,40.984154,0.3618663881246226
5200.0,-739.8310492251134,3.6785398,40.984154,0.3615092819902361
5200.0,-739.8237565216962,3.6783793,40.984154,0.361152175784077
5200.0,-739.8302008319395,3.6783793,40.946712,0.3607950700591981
5200.0,-739.8236423869383,3.6780586,41.058987,0.3604379639081307
5200.0,-739.8258172791656,3.6780586,40.99662,0.3600808567072627
5200.0,-739.8329793746519,3.6780987,40.959179,0.35972374964122
5200.0,-739.8265807642788,3.6778984,41.034054,0.3593666420718246
5200.0,-739.8333812935911,3.677738,40.971645,0.3590095348117812
5200.0,-739.825176559511,3.6776979,41.009087,0.3586524279201827
5200.0,-739.8321157589098,3.6775377,41.04652,0.3582953212709953
5200.0,-739.8241371479669,3.6774573,41.058987,0.3579382148811112
5200.0,-739.8331497617005,3.677177,41.04652,0.3575811077328251
5200.0,-739.8252475673669,3.6774173,40.959179,0.3572240008069517
5200.0,-739.8323148082937,3.6767759,40.99662,0.3568668940616859
5200.0,-739.8245128906149,3.6770966,41.009087,0.3565097874904344
5200.0,-739.8332465758675,3.6766958,41.009087,0.3561526802954173
5200.0,-739.8253268762561,3.6768162,41.021553,0.3557955733312623
5200.0,-739.8262796670849,3.6764956,41.021553,0.3554384659072038
5200.0,-739.833878439734,3.6766558,41.083961,0.3550813584071949
5200.0,-739.8259978203486,3.6765356,40.946712,0.3547242511191813
5200.0,-739.832337269092,3.676255,40.971645,0.3543671443630739
5200.0,-739.8249500715507,3.6762149,41.071495,0.3540100375807991
5200.0,-739.8308805590655,3.6760545,41.108894,0.3536529315278254
5200.0,-739.8242616839309,3.6758943,41.058987,0.3532958250778291
5200.0,-739.832456849581,3.6759343,41.04652,0.3529387182640019
5200.0,-739.82601620438,3.6758943,41.009087,0.3525816109671145
5200.0,-739.832866715205,3.6754131,41.034054,0.3522245039554508
5200.0,-739.8248881329293,3.6754932,41.071495,0.3518673972030732
5200.0,-739.8322024420922,3.6754131,41.009087,0.351510290512045
5200.0,-739.8252757530228,3.6753731,41.096428,0.3511531835725667
5200.0,-739.8253437955076,3.6750925,41.071495,0.350796076600245
5200.0,-739.8340314798733,3.6750925,41.058987,0.3504389690263657
5200.0,-739.8251986419173,3.6748521,41.04652,0.3500818621241082
5200.0,-739.8328382239466,3.6748922,41.04652,0.349724755126197
5200.0,-739.8233334043255,3.6746116,41.058987,0.3493676491242727
5200.0,-739.8324262832992,3.6747317,41.04652,0.3490105423251995
5200.0,-739.8246053460981,3.6741304,41.083961,0.3486534357093205
5200.0,-739.8329060467214,3.6744511,41.146332,0.3482963286786721
5200.0,-739.8232845392433,3.6741705,41.04652,0.3479392227003346
5200.0,-739.8333519475622,3.6740103,41.133865,0.3475821154544561
5200.0,-739.8238269203525,3.6736896,41.083961,0.3472250092143162
5200.0,-739.8307096600141,3.6737697,41.034054,0.3468679032438331
5200.0,-739.8237054115594,3.6736095,41.108894,0.3465107970623444
5200.0,-739.8257237489373,3.6735291,41.108894,0.3461536899066225
5200.0,-739.8320072507375,3.6735694,41.071495,0.3457965833098105
5200.0,-739.8236225747567,3.673409,41.108894,0.3454394771683063
5200.0,-739.83127744904,3.6732087,41.034054,0.3450823709237593
5200.0,-739.824747166997,3.6730483,41.108894,0.3447252642394247
5200.0,-739.8345298470878,3.6729681,41.121399,0.3443681564249905
5200.0,-739.82531691563,3.6728077,41.071495,0.3440110494656434
5200.0,-739.8323540784188,3.6726074,41.083961,0.3436539427014224
5200.0,-739.8249275366956,3.6726875,41.121399,0.343296835930025
5200.0,-739.8325795315549,3.6726875,41.096428,0.342939729056981
5200.0,-739.8252173918368,3.6722867,41.121399,0.3425826221456731
5200.0,-739.8331529227347,3.6721263,41.133865,0.3422255149958611
5200.0,-739.8244517582568,3.6720462,41.096428,0.3418684084541176
5200.0,-739.8250998386452,3.6720462,41.158836,0.3415113015995516
5200.0,-739.8321385377147,3.6718857,41.158836,0.3411541949393691
5200.0,-739.8232510068747,3.6717255,41.083961,0.3407970889772174
5200.0,-739.8310932684063,3.6716855,41.158836,0.3404399828215718
5200.0,-739.8233539971909,3.6714449,41.04652,0.3400828768097076
5200.0,-739.830441335953,3.6713247,41.133865,0.3397257709687408
5200.0,-739.8236818031874,3.6713648,41.096428,0.3393686647986476
5200.0,-739.8309272520037,3.6713247,41.121399,0.3390115587231359
5200.0,-739.8228586136615,3.6710041,41.083961,0.3386544529503888
5200.0,-739.8322671148832,3.6708035,41.096428,0.3382973462281439
5200.0,-739.8240884422958,3.6710041,41.058987,0.3379402398617697
5200.0,-739.8310390562708,3.6707635,41.171303,0.3375831337322916
5200.0,-739.824002053023,3.6704028,41.108894,0.3372260274076167
5200.0,-739.824113198263,3.6704829,41.096428,0.336868921029293
5200.0,-739.831550716732,3.6702423,41.158836,0.3365118146528436
5200.0,-739.8247551015284,3.6701622,41.158836,0.336154707964679
5200.0,-739.8314511070131,3.670002,41.196236,0.3357976016363098
5200.0,-739.8238975983362,3.6699216,41.058987,0.3354404953620542
5200.0,-739.8315536714916,3.6698015,41.183769,0.3350833889841785
5200.0,-739.8229327217431,3.6698015,41.171303,0.3347262831756601
5200.0,-739.8307519947891,3.6697614,41.171303,0.3343691771847426
5200.0,-739.8220658192396,3.6693606,41.171303,0.3340120717946702
5200.0,-739.8314175622337,3.6692805,41.121399,0.3336549654824925
5200.0,-739.8241879773439,3.6692402,41.133865,0.3332978590680737
5200.0,-739.8335231891766,3.6688395,41.121399,0.3329407517395392
5200.0,-739.8249367903065,3.66908,41.196236,0.3325836449636752
5200.0,-739.8250123877243,3.6688395,41.20874,0.3322265381513209
5200.0,-739.832627663708,3.6687994,41.171303,0.3318694312550441
5200.0,-739.822607528531,3.6685989,41.121399,0.3315123256034936
5200.0,-739.8303299337983,3.6684387,41.158836,0.331155219816299
5200.0,-739.8245812255236,3.6681981,41.146332,0.3307981132120628
5200.0,-739.8320089226253,3.6681581,41.221207,0.3304410066144437
5200.0,-739.8252830652581,3.6679578,41.20874,0.3300838996714359
5200.0,-739.8333405463931,3.6678774,41.183769,0.3297267924310606
5200.0,-739.8250475313916,3.6675968,41.221207,0.3293696856017428
5200.0,-739.8329840624859,3.6675167,41.183769,0.3290125785334373
5200.0,-739.8251531831953,3.6675568,41.196236,0.3286554716531223
5200.0,-739.8310129578377,3.6673164,41.171303,0.3282983655362416
5200.0,-739.824102931707,3.6674767,41.146332,0.3279412591628735
5200.0,-739.8238685086013,3.6669958,41.133865,0.3275841529026593
5200.0,-739.83159460184,3.6670759,41.158836,0.3272270465050271
5200.0,-739.8232389098555,3.6669555,41.146332,0.3268699405487145
5200.0,-739.8302678363692,3.6669154,41.146332,0.3265128347914935
5200.0,-739.8251932710576,3.6667552,41.183769,0.3261557278918285
5200.0,-739.8311765818244,3.6664345,41.20874,0.3257986216959687
5200.0,-739.8239613670116,3.6663544,41.171303,0.3254415153909326
5200.0,-739.8332250674517,3.6664746,41.24614,0.3250844082062974
5200.0,-739.8261542037135,3.666194,41.158836,0.3247273008427989
5200.0,-739.8322457282267,3.6659937,41.20874,0.3243701941308771
5200.0,-739.8248110336928,3.6657932,41.183769,0.3240130874157146
5200.0,-739.8322863780172,3.6658332,41.183769,0.3236559806841717
5200.0,-739.8255846750635,3.6656327,41.196236,0.3232988735955795
5200.0,-739.8252149992402,3.6654725,41.221207,0.3229417666854265
5200.0,-739.8324725485452,3.6654325,41.183769,0.3225846598640217
5200.0,-739.8242563241215,3.6654725,41.24614,0.3222275534166124
5200.0,-739.833652510816,3.6650717,41.221207,0.3218704460256563
5200.0,-739.8264346589294,3.6650317,41.158836,0.3215133385267846
5200.0,-739.8335839926833,3.6647511,41.20874,0.3211562311689012
5200.0,-739.824191737314,3.6646707,41.171303,0.3207991247526675
5200.0,-739.8319625358247,3.6644704,41.158836,0.3204420181774386
5200.0,-739.8231088442349,3.6643903,41.20874,0.3200849122839075
5200.0,-739.8300821303682,3.6644704,41.196236,0.3197278066163242
5200.0,-739.8241521379163,3.6641097,41.24614,0.3193707002192047
5200.0,-739.8305316315997,3.6639893,41.146332,0.3190135943346534
5200.0,-739.8223982888758,3.6639493,41.20874,0.3186564887841009
5200.0,-739.8243852423517,3.6635084,41.271111,0.3182993822744641
5200.0,-739.8316267917152,3.6634684,41.20874,0.3179422758612942
5200.0,-739.823752615821,3.6635885,41.171303,0.3175851696570204
5200.0,-739.8313153763345,3.663348,41.196236,0.3172280633941665
5200.0,-739.823355144786,3.6632278,41.20874,0.3168709573817483
5200.0,-739.8298472532698,3.6630273,41.24614,0.3165138518275369
5200.0,-739.823233490088,3.6629872,41.258644,0.3161567458738404
5200.0,-739.8301781755077,3.6626265,41.258644,0.3157996401598974
5200.0,-739.8230689276523,3.662787,41.20874,0.3154425342856337
5200.0,-739.8314630210036,3.6625464,41.183769,0.3150854279515137
5200.0,-739.8226444060738,3.6623058,41.196236,0.3147283222821627
5200.0,-739.8298025753962,3.6621056,41.258644,0.3143712167495167
5200.0,-739.8236038371153,3.6621857,41.233673,0.314014110617057
5200.0,-739.8230031073028,3.661865,41.146332,0.3136570047745642
5200.0,-739.8314324428528,3.6617045,41.271111,0.3132998984552038
5200.0,-739.8219308468723,3.6615844,41.258644,0.3129427931302814
5200.0,-739.8290692582326,3.6613839,41.296082,0.3125856879515973
5200.0,-739.8213975122829,3.6612637,41.271111,0.3122285828841106
5200.0,-739.8303428368014,3.6611435,41.258644,0.3118714770906879
5200.0,-739.822057177079,3.660943,41.271111,0.311514371704787
5200.0,-739.8302536642049,3.660903,41.283577,0.3111572659544067
5200.0,-739.8235612958797,3.660903,41.271111,0.3108001598424812
5200.0,-739.8314806118407,3.6605422,41.283577,0.3104430534998704
5200.0,-739.8238618196854,3.6603417,41.296082,0.3100859472428849
5200.0,-739.8311319768017,3.6603417,41.271111,0.3097288410685553
5200.0,-739.8242708753327,3.6601815,41.283577,0.3093717346141224
5200.0,-739.8232023253505,3.6600611,41.271111,0.3090146286754688
5200.0,-739.831378389516,3.6598608,41.258644,0.3086575223821993
5200.0,-739.8251046725417,3.6599009,41.196236,0.3083004155253
5200.0,-739.8330288991581,3.6597807,41.171303,0.3079433084353524
5200.0,-739.8252974938927,3.6593397,41.271111,0.3075862014853801
5200.0,-739.8325618918094,3.6592996,41.233673,0.3072290946208504
5200.0,-739.8255694047638,3.659019,41.20874,0.3068719875396291
5200.0,-739.8324005384796,3.6589789,41.233673,0.3065148807529825
5200.0,-739.8245097899799,3.6588588,41.271111,0.3061577741832276
5200.0,-739.8315656953723,3.6586182,41.24614,0.3058006677995482
5200.0,-739.826406362975,3.6585782,41.283577,0.3054435603143348
5200.0,-739.8318652209099,3.6583376,41.283577,0.3050864537860785
5200.0,-739.8250760352555,3.6580169,41.333481,0.3047293469430021
5200.0,-739.824421057223,3.6581373,41.233673,0.3043722404160778
5200.0,-739.8323737320011,3.658057,41.321014,0.3040151336423702
5200.0,-739.8229996409844,3.6578968,41.221207,0.3036580278015506
5200.0,-739.8307618941243,3.6577764,41.296082,0.3033009218058548
5200.0,-739.8229357865669,3.6576962,41.308548,0.302943815995857
5200.0,-739.8311242130627,3.6573355,41.196236,0.3025867098252749
5200.0,-739.8225083591661,3.6570549,41.321014,0.3022296042215925
5200.0,-739.8296599476181,3.6569748,41.221207,0.3018724987577909
5200.0,-739.8225858120127,3.6567342,41.283577,0.3015153931167227
5200.0,-739.8299428226275,3.6567342,41.308548,0.3011582875163813
5200.0,-739.8221882188103,3.6564536,41.258644,0.3008011820672278
5200.0,-739.8300825451682,3.6563735,41.283577,0.3004440763994442
5200.0,-739.8245125732254,3.6563735,41.283577,0.3000869698283459
5200.0,-739.8308333672213,3.6561329,41.271111,0.299729863798151
5200.0,-739.8237152868527,3.6559727,41.283577,0.2993727576118956
5200.0,-739.8244480351211,3.6558123,41.370922,0.2990156510719492
5200.0,-739.8323772106326,3.655612,41.296082,0.2986585442965626
5200.0,-739.824374292723,3.6553714,41.171303,0.298301437792211
5200.0,-739.8303400907719,3.6553314,41.296082,0.2979443320001138
5200.0,-739.8252955652043,3.6553714,41.308548,0.2975872250510724
5200.0,-739.8317305766512,3.6547701,41.321014,0.297230118587807
5200.0,-739.8244045046781,3.65465,41.358456,0.2968730120688724
5200.0,-739.8311595772734,3.6547301,41.308548,0.2965159058812204
5200.0,-739.8232360169254,3.65465,41.333481,0.2961587999263043
5200.0,-739.8310379575726,3.6540887,41.333481,0.2958016937973565
5200.0,-739.8246808587968,3.6542091,41.345989,0.2954445871450282
5200.0,-739.8317454445828,3.6540086,41.233673,0.2950874806745863
5200.0,-739.8249987772218,3.6539285,41.296082,0.2947303738688017
5200.0,-739.8257044745375,3.653728,41.333481,0.2943732667223834
5200.0,-739.8343175292183,3.6536078,41.296082,0.2940161590104321
5200.0,-739.8243407720186,3.6532872,41.283577,0.2936590525222607
5200.0,-739.8324182754278,3.6529665,41.283577,0.2933019457270527
5200.0,-739.8234675587652,3.6529665,41.345989,0.2929448396603734
5200.0,-739.8314258385894,3.6526458,41.283577,0.2925877333442008
5200.0,-739.8256314401776,3.6525657,41.345989,0.2922306262330356
5200.0,-739.8327636389283,3.6524854,41.333481,0.2918735192711255
5200.0,-739.8249324808905,3.6523652,41.308548,0.2915164124973415
5200.0,-739.831889537565,3.6520445,41.370922,0.2911593059573479
5200.0,-739.8248785013568,3.652205,41.283577,0.2908021992096194
5200.0,-739.8303609156987,3.651844,41.345989,0.2904450934074703
5200.0,-739.8230140329892,3.6516037,41.345989,0.2900879875597038
5200.0,-739.8233060116315,3.6514833,41.370922,0.2897308815710017
5200.0,-739.8308144703882,3.6511626,41.321014,0.2893737755499281
5200.0,-739.8220870350151,3.6511626,41.321014,0.289016670149615
5200.0,-739.8303468777765,3.650882,41.296082,0.2886595643542418
5200.0,-739.8234710011412,3.6507618,41.333481,0.2883024582859009
5200.0,-739.8317670266681,3.6506417,41.333481,0.2879453518050416
5200.0,-739.8240963889007,3.6503611,41.383389,0.2875882454348317
5200.0,-739.8328730874096,3.6501606,41.333481,0.2872311384200923
5200.0,-739.8245593379302,3.6501205,41.24614,0.286874031826421
5200.0,-739.831990551301,3.6498399,41.333481,0.2865169252376695
5200.0,-739.8251013523329,3.6498799,41.383389,0.2861598183823729
5200.0,-739.8316948463441,3.6495996,41.321014,0.285802711936354
5200.0,-739.8235315597017,3.6494391,41.395889,0.285445605838782
5200.0,-739.8242456800133,3.6492386,41.333481,0.2850884993965106
5200.0,-739.8306842086445,3.6489983,41.333481,0.2847313934383125
5200.0,-739.824692638222,3.6489582,41.345989,0.2843742867802984
5200.0,-739.8315804536182,3.6487577,41.233673,0.2840171803894953
5200.0,-739.8246178708052,3.6485975,41.395889,0.2836600737675708
5200.0,-739.8314816859825,3.6481564,41.308548,0.2833029674244415
5200.0,-739.8247072256536,3.6483169,41.383389,0.2829458607593862
5200.0,-739.83352178475,3.6479561,41.370922,0.2825887534315297
5200.0,-739.8263164105915,3.6479561,41.296082,0.2822316459897355
5200.0,-739.8326733792978,3.6476755,41.370922,0.2818745390713924
5200.0,-739.8259603205097,3.6475151,41.333481,0.2815174318014796
5200.0,-739.8327960117493,3.6473548,41.308548,0.2811603248239436
5200.0,-739.8260887134409,3.6471143,41.333481,0.2808032174920567
5200.0,-739.8254565751702,3.6469138,41.345989,0.2804461104652972
5200.0,-739.8322523687109,3.6466734,41.395889,0.2800890037501701
5200.0,-739.8265159574883,3.646513,41.358456,0.2797318962120564
5200.0,-739.8320790649651,3.6465931,41.358456,0.2793747895805806
5200.0,-739.8238744417989,3.6460721,41.420822,0.2790176833175025
5200.0,-739.8308732596488,3.6459517,41.358456,0.2786605772680521
5200.0,-739.8239646874249,3.6456714,41.420822,0.2783034709614133
5200.0,-739.8304303006755,3.6454308,41.308548,0.277946365125773
5200.0,-739.8236557780716,3.6454709,41.433331,0.2775892589682419
5200.0,-739.8312409863356,3.6452303,41.333481,0.2772321527412949
5200.0,-739.825038755195,3.64499,41.383389,0.2768750459162133
5200.0,-739.83316449539,3.6447895,41.321014,0.2765179387608154
5200.0,-739.8262744795785,3.6445489,41.383389,0.2761608313392609
5200.0,-739.8271226438268,3.6444688,41.383389,0.2758037235083052
5200.0,-739.8323325329636,3.6440279,41.383389,0.2754466167544839
5200.0,-739.8247240468847,3.6439877,41.383389,0.2750895100813091
5200.0,-739.8321646122052,3.6439877,41.345989,0.2747324034085409
5200.0,-739.8271393189484,3.6438675,41.395889,0.2743752955695362
5200.0,-739.8335148878551,3.6436269,41.345989,0.2740181882450087
5200.0,-739.825344588265,3.6435468,41.333481,0.2736610812723043
5200.0,-739.831718528214,3.6431861,41.345989,0.2733039748148546
5200.0,-739.8260819140218,3.643106,41.345989,0.2729468674862497
5200.0,-739.8326369900583,3.6428254,41.370922,0.2725897605854712
5200.0,-739.8255577957998,3.6426249,41.395889,0.2722326535098534
5200.0,-739.8344743289563,3.6422241,41.321014,0.271875545722217
5200.0,-739.827012451983,3.6422641,41.420822,0.27151843794445
5200.0,-739.8255139238204,3.6419034,41.383389,0.2711613308900088
5200.0,-739.8319774156253,3.6419435,41.383389,0.2708042243075977
5200.0,-739.8249514874227,3.6417029,41.358456,0.2704471175246395
5200.0,-739.8330842826381,3.6416628,41.345989,0.2700900104079591
5200.0,-739.8257166572989,3.6409414,41.383389,0.2697329032556603
5200.0,-739.8333598209867,3.6410618,41.370922,0.2693757960059814
5200.0,-739.8249485576583,3.6406608,41.296082,0.2690186892244374
5200.0,-739.8318635848337,3.6406207,41.395889,0.2686615826969708
5200.0,-739.8244574469152,3.64026,41.358456,0.2683044761524815
5200.0,-739.8319434924712,3.6402199,41.345989,0.2679473695864446
5200.0,-739.8254988602023,3.6399794,41.433331,0.2675902625392745
5200.0,-739.8329682667282,3.6398191,41.420822,0.2672331554785934
5200.0,-739.824817747165,3.6393781,41.408356,0.2668760487601904
5200.0,-739.8255534988665,3.6391778,41.345989,0.2665189416866467
5200.0,-739.8320211662866,3.6390574,41.370922,0.2661618350831178
5200.0,-739.8248151110522,3.6388972,41.433331,0.2658047283659872
5200.0,-739.8320805418334,3.6384964,41.395889,0.2654476217337985
5200.0,-739.823525627118,3.6384964,41.458263,0.2650905156390901
5200.0,-739.8310715031705,3.6382959,41.345989,0.2647334094939503
5200.0,-739.8240157126379,3.6379752,41.408356,0.2643763031626821
5200.0,-739.8323376720231,3.6378951,41.370922,0.2640191964063803
5200.0,-739.8250288187159,3.6376145,41.420822,0.2636620895860949
5200.0,-739.833435285332,3.6374543,41.370922,0.2633049822999904
5200.0,-739.8255529735676,3.6372538,41.370922,0.2629478752267003
5200.0,-739.8328105019202,3.6370933,41.483234,0.2625907682421701
5200.0,-739.825779572031,3.636853,41.445797,0.2622336610595029
5200.0,-739.8257191104676,3.6366925,41.370922,0.26187655390602
5200.0,-739.8332956606079,3.6362917,41.420822,0.2615194466873105
5200.0,-739.8258013980292,3.6362116,41.383389,0.2611623394941081
5200.0,-739.8339434180486,3.6359711,41.433331,0.260805231962735
5200.0,-739.824845164415,3.6357706,41.47073,0.260448125231098
5200.0,-739.832326221741,3.6353698,41.458263,0.260091018480323
5200.0,-739.8248353623814,3.6353297,41.408356,0.2597339117534173
5200.0,-739.8319594719932,3.6350892,41.433331,0.2593768051796674
5200.0,-739.8249592263228,3.6345282,41.433331,0.2590196983929736
5200.0,-739.8326521146053,3.6344478,41.420822,0.2586625914848947
5200.0,-739.8254404130695,3.6342876,41.395889,0.2583054844659365
5200.0,-739.8330467095711,3.6340871,41.445797,0.2579483773673922
5200.0,-739.8259780816311,3.6338468,41.358456,0.2575912700889062
5200.0,-739.8247490952759,3.6336863,41.433331,0.2572341634036408
5200.0,-739.832390834164,3.6334858,41.333481,0.2568770566216784
5200.0,-739.8255310747192,3.6331651,41.383389,0.2565199495589587
5200.0,-739.8336221268661,3.6332054,41.358456,0.2561628421826684
5200.0,-739.8236351847968,3.6330049,41.458263,0.2558057360350775
5200.0,-739.8320888916539,3.6325641,41.395889,0.2554486293988584
5200.0,-739.8247882559355,3.6323636,41.445797,0.2550915226946906
5200.0,-739.8312519722954,3.632163,41.433331,0.2547344164624409
5200.0,-739.8236022626509,3.6319628,41.408356,0.2543773103307412
5200.0,-739.8319083975633,3.6317623,41.358456,0.2540202037816441
5200.0,-739.8246827262991,3.6314816,41.433331,0.2536630971284144
5200.0,-739.832370887541,3.6314015,41.445797,0.25330599035608
5200.0,-739.823865932856,3.6310408,41.445797,0.2529488840971091
5200.0,-739.823991665323,3.6306801,41.408356,0.2525917777774482
5200.0,-739.8331118583487,3.63064,41.408356,0.2522346706474574
5200.0,-739.8250098852385,3.6303194,41.383389,0.2518775638363111
5200.0,-739.8325826318118,3.6300788,41.370922,0.2515204569617706
5200.0,-739.8246360960397,3.6299186,41.433331,0.251163350331049
5200.0,-739.8317873882958,3.6297581,41.433331,0.2508062438403614
5200.0,-739.8251937957427,3.6293173,41.433331,0.2504491369404432
5200.0,-739.8323214000742,3.6293573,41.345989,0.2500920301919955
5200.0,-739.8247265246097,3.6290367,41.408356,0.2497349235176248
5200.0,-739.8323896865573,3.6285958,41.533138,0.2493778167362163
5200.0,-739.823767789533,3.6285958,41.395889,0.2490207105246183
5200.0,-739.8319635119451,3.6283553,41.47073,0.2486636039489183
5200.0,-739.8232806333682,3.6278341,41.445797,0.2483064979724661
5200.0,-739.8234384448833,3.6275935,41.395889,0.2479493919198398
5200.0,-739.8312105055923,3.6275535,41.433331,0.2475922857076055
5200.0,-739.8239701319534,3.6271927,41.370922,0.2472351793983386
5200.0,-739.8304944854063,3.6271126,41.420822,0.2468780735317173
5200.0,-739.823017878497,3.6266718,41.508163,0.2465209676820945
5200.0,-739.8312420113645,3.6266317,41.408356,0.2461638614546528
5200.0,-739.8243049452783,3.6261907,41.445797,0.2458067549837746
5200.0,-739.8314621054558,3.6262307,41.408356,0.2454496486500965
5200.0,-739.8239856226454,3.6256697,41.47073,0.2450925423333525
5200.0,-739.8328927043617,3.6256297,41.395889,0.2447354353091443
5200.0,-739.8240095482024,3.625309,41.495701,0.2443783289808515
5200.0,-739.8311564160346,3.6251085,41.483234,0.2440212227947255
5200.0,-739.8243998784866,3.6250284,41.433331,0.2436641162780239
5200.0,-739.8235650556452,3.6245072,41.408356,0.2433070101642837
5200.0,-739.8314027182447,3.6241064,41.395889,0.242949903859271
5200.0,-739.82356052686,3.6238258,41.495701,0.2425927977477168
5200.0,-739.8303512353257,3.6238258,41.408356,0.2422356919502403
5200.0,-739.8248912458424,3.6235452,41.321014,0.2418785851963601
5200.0,-739.8324335835345,3.6231444,41.433331,0.2415214783937631
5200.0,-739.8247829210916,3.6229439,41.445797,0.2411643716921704
5200.0,-739.8317092384938,3.6228237,41.408356,0.2408072652392046
5200.0,-739.8231028750214,3.622503,41.458263,0.2404501593485548
5200.0,-739.8310888863007,3.622463,41.433331,0.2400930531950244
5200.0,-739.8244288820699,3.6219819,41.370922,0.2397359466643231
5200.0,-739.8317386821348,3.6217415,41.383389,0.2393788401971453
5200.0,-739.8260385548587,3.6214609,41.370922,0.2390217328894695
5200.0,-739.8253340417679,3.6213005,41.358456,0.2386646259218558
5200.0,-739.8321140016883,3.6210198,41.395889,0.2383075192735165
5200.0,-739.8247308943932,3.6204588,41.458263,0.2379504125970365
5200.0,-739.833545210823,3.6204989,41.445797,0.2375933052578725
5200.0,-739.8263019938258,3.6202984,41.47073,0.2372361978230371
5200.0,-739.8340624247344,3.6200981,41.420822,0.2368790902342212
5200.0,-739.8252937343318,3.6197374,41.433331,0.2365219832860635
5200.0,-739.8327764316319,3.6197374,41.47073,0.2361648763179785
5200.0,-739.8261820969454,3.6192162,41.433331,0.2358077689410162
5200.0,-739.8345546882285,3.6190557,41.383389,0.2354506611145916
5200.0,-739.8278984586299,3.6189356,41.420822,0.2350935529091571
5200.0,-739.8338836522582,3.6185348,41.445797,0.2347364454066322
5200.0,-739.8266865255624,3.618134,41.445797,0.2343793377861868
5200.0,-739.8332936097316,3.6180537,41.383389,0.2340222305684672
5200.0,-739.8272109497143,3.6175327,41.383389,0.233665122694887
5200.0,-739.8259545340356,3.6175728,41.483234,0.2333080154277673
5200.0,-739.8328998335201,3.6170516,41.458263,0.2329509084001179
5200.0,-739.8266272852629,3.6170115,41.433331,0.2325938008082674
5200.0,-739.8352559861847,3.6164906,41.420822,0.2322366926433359
5200.0,-739.827413976026,3.6161699,41.408356,0.2318795846717568
5200.0,-739.8328443886488,3.6162901,41.433331,0.2315224776708699
5200.0,-739.8272241816412,3.6156888,41.433331,0.2311653697909029
5200.0,-739.8327110137561,3.6155686,41.433331,0.2308082628543942
5200.0,-739.8258164616473,3.6155286,41.395889,0.2304511556539208
5200.0,-739.8336077836249,3.6150475,41.445797,0.2300940482845538
5200.0,-739.8259035704178,3.6147668,41.420822,0.2297369410420337
5200.0,-739.8347395531698,3.6145265,41.370922,0.2293798331263773
5200.0,-739.8249419045535,3.6141658,41.433331,0.2290227263480447
5200.0,-739.8253112146934,3.6138852,41.420822,0.2286656193914494
5200.0,-739.8335869828452,3.6137648,41.433331,0.2283085120321226
5200.0,-739.8253633875016,3.6132438,41.445797,0.2279514050503439
5200.0,-739.8338750826572,3.6129632,41.433331,0.2275942975519554
5200.0,-739.8264892971844,3.6125624,41.445797,0.2272371900267104
5200.0,-739.831897874698,3.6125224,41.520672,0.2268800834826926
5200.0,-739.8246358398362,3.6121614,41.495701,0.2265229768520946
5200.0,-739.8314472373196,3.6120412,41.395889,0.2261658705255932
5200.0,-739.8251940885759,3.6117606,41.483234,0.2258087636255336
5200.0,-739.832653860367,3.6113999,41.433331,0.225451656716612
5200.0,-739.8255461133717,3.6112397,41.508163,0.2250945496466333
5200.0,-739.8326029568093,3.6106384,41.458263,0.2247374427622822
5200.0,-739.824470874269,3.610518,41.47073,0.2243803362113115
5200.0,-739.8243275402962,3.6101973,41.508163,0.2240232297295269
5200.0,-739.8318011452509,3.6100771,41.483234,0.2236661232321991
5200.0,-739.8248514025194,3.6097565,41.408356,0.2233090164975509
5200.0,-739.8314485068901,3.6093957,41.383389,0.2229519101704367
5200.0,-739.8234723805882,3.6090751,41.420822,0.2225948041014299
5200.0,-739.8313813066223,3.6090751,41.508163,0.2222376978067523
5200.0,-739.8241901751277,3.6086743,41.47073,0.2218805913912726
5200.0,-739.8315067227567,3.6083937,41.458263,0.2215234850360584
5200.0,-739.8235699750792,3.608073,41.420822,0.2211663789199436
5200.0,-739.8334728954384,3.6077924,41.445797,0.2208092716156853
5200.0,-739.8259907285055,3.6074317,41.433331,0.2204521643310948
5200.0,-739.8335672070945,3.6070709,41.508163,0.2200950569813136
5200.0,-739.8265131990036,3.6067502,41.383389,0.2197379494445313
5200.0,-739.825493269155,3.6065497,41.508163,0.21938084240006
5200.0,-739.8315202851015,3.6064696,41.483234,0.2190237360382994
5200.0,-739.8222441389012,3.606149,41.408356,0.2186666305621538
5200.0,-739.8300872815013,3.6057482,41.445797,0.218309524892084
5200.0,-739.8226920738343,3.6055877,41.445797,0.2179524191997242
5200.0,-739.8307451828188,3.605267,41.483234,0.2175953132120947
5200.0,-739.822270445186,3.6048262,41.483234,0.2172382077232512
5200.0,-739.8309271906124,3.604666,41.395889,0.2168811016477691
5200.0,-739.8244151985127,3.604265,41.445797,0.2165239951236727
5200.0,-739.8316692723968,3.6039846,41.395889,0.216166888689998
5200.0,-739.8230086375734,3.6036236,41.483234,0.2158097828448358
5200.0,-739.8311073797934,3.6034234,41.495701,0.2154526766823788
5200.0,-739.8227847486868,3.6029823,41.383389,0.2150955709452857
5200.0,-739.8227443201066,3.6027019,41.445797,0.2147384652277071
5200.0,-739.8307296066371,3.6027019,41.458263,0.214381359247596
5200.0,-739.8241333149421,3.6022208,41.408356,0.2140242528595622
5200.0,-739.8325148577406,3.6020205,41.47073,0.2136671460177353
5200.0,-739.8253598597926,3.6016595,41.370922,0.2133100390376594
5200.0,-739.8325579488557,3.6013389,41.483234,0.212952932175033
5200.0,-739.8239017239897,3.6010585,41.458263,0.2125958258987861
5200.0,-739.8308318655919,3.6006978,41.483234,0.212238719869316
5200.0,-739.8233407771328,3.6002166,41.408356,0.211881613863833
5200.0,-739.8301108170554,3.6002567,41.433331,0.211524508182403
5200.0,-739.8237608065559,3.599936,41.483234,0.2111674019741757
5200.0,-739.829181270616,3.5994151,41.395889,0.2108102967414248
5200.0,-739.8217885622697,3.5993347,41.420822,0.2104531914851818
5200.0,-739.8226289638802,3.5989339,41.370922,0.2100960858232846
5200.0,-739.8299945443255,3.5988138,41.47073,0.2097389801979778
5200.0,-739.8245020019674,3.5984931,41.47073,0.2093818736319821
5200.0,-739.831241865458,3.5979719,41.420822,0.2090247674046109
5200.0,-739.8228879102828,3.597491,41.408356,0.2086676616177226
5200.0,-739.8301751849366,3.597491,41.445797,0.2083105559052231
5200.0,-739.8222480329074,3.5971704,41.495701,0.2079534504271978
5200.0,-739.8320952145409,3.5969698,41.420822,0.2075963437879268
5200.0,-739.8238230867138,3.596529,41.433331,0.2072392375496374
5200.0,-739.8309696837769,3.5962484,41.533138,0.2068821314536444
5200.0,-739.8230199289433,3.5960479,41.483234,0.2065250256030319
5200.0,-739.8310785832159,3.5957673,41.395889,0.2061679194544747
5200.0,-739.8237318637492,3.5953264,41.395889,0.2058108132602177
5200.0,-739.8228766805081,3.5951662,41.408356,0.2054537074787499
5200.0,-739.8323342171296,3.5948055,41.433331,0.2050966007241157
5200.0,-739.824068740208,3.594605,41.433331,0.2047394943672516
5200.0,-739.8314740560763,3.5941238,41.420822,0.2043823880278051
5200.0,-739.8248390247403,3.5938034,41.445797,0.2040252812991316
5200.0,-739.8324034072916,3.5934827,41.483234,0.2036681745111002
5200.0,-739.8251028537426,3.5932822,41.47073,0.2033110676550789
5200.0,-739.83251313674,3.5929615,41.433331,0.2029539608140827
5200.0,-739.8248995219102,3.5922801,41.445797,0.2025968540562077
5200.0,-739.8332392641727,3.5922,41.433331,0.2022397468647199
5200.0,-739.824999240721,3.5920396,41.458263,0.2018826400587116
5200.0,-739.8323322890359,3.5917189,41.433331,0.2015255333050081
5200.0,-739.8239653224085,3.5915186,41.458263,0.2011684269980627
5200.0,-739.8243583381225,3.5909975,41.47073,0.2008113205014123
5200.0,-739.8330973076052,3.5909975,41.483234,0.200454213378445
5200.0,-739.8246405270091,3.5903561,41.458263,0.2000971067455845
5200.0,-739.8331200976651,3.5900755,41.445797,0.1997399996116167
5200.0,-739.8256200759575,3.5897148,41.47073,0.1993828925059369
5200.0,-739.8330015548923,3.5893941,41.483234,0.199025785429188
5200.0,-739.8272228026036,3.5890734,41.445797,0.1986686775498866
5200.0,-739.8354362357337,3.5886326,41.420822,0.1983115692979513
5200.0,-739.8279667567043,3.588392,41.433331,0.1979544610595499
5200.0,-739.8348982083552,3.5880713,41.483234,0.1975973530673129
5200.0,-739.8267826069796,3.5879111,41.433331,0.1972402454004899
5200.0,-739.8339565527014,3.5875502,41.433331,0.1968831378627769
5200.0,-739.828208271653,3.5871894,41.445797,0.1965260295077985
5200.0,-739.8275933941702,3.5869491,41.445797,0.1961689214496159
5200.0,-739.8344540528669,3.5865481,41.395889,0.1958118136717666
5200.0,-739.826642153045,3.5861473,41.370922,0.1954547060727394
5200.0,-739.8343858768881,3.5858667,41.420822,0.1950975983277976
5200.0,-739.8270487307627,3.5857065,41.433331,0.1947404905325191
5200.0,-739.8324590842217,3.585546,41.483234,0.1943833837176133
5200.0,-739.8265215724779,3.5850251,41.420822,0.1940262761767893
5200.0,-739.8339962140932,3.5846243,41.458263,0.1936691686199323
5200.0,-739.8266054711336,3.5844638,41.420822,0.1933120610386111
5200.0,-739.8326525785183,3.5843437,41.445797,0.1929549541303084
5200.0,-739.8250336890374,3.583622,41.420822,0.1925978473076721
5200.0,-739.8331746271932,3.583622,41.408356,0.1922407401473837
5200.0,-739.8256403757853,3.5833015,41.433331,0.1918836330319053
5200.0,-739.8265676661833,3.5827804,41.395889,0.1915265254688323
5200.0,-739.8331948425051,3.5822992,41.47073,0.1911694182987862
5200.0,-739.8254303789793,3.5818584,41.433331,0.1908123112846714
5200.0,-739.833388812993,3.5816982,41.383389,0.1904552040209985
5200.0,-739.825294027165,3.5815377,41.383389,0.1900980970726994
5200.0,-739.8336563070447,3.5810168,41.420822,0.1897409896799108
5200.0,-739.8269238170419,3.5808964,41.383389,0.189383881944927
5200.0,-739.8340134625719,3.5805357,41.420822,0.1890267743797444
5200.0,-739.8268004898591,3.580215,41.433331,0.1886696667042895
5200.0,-739.8335039012813,3.5798542,41.358456,0.1883125593850651
5200.0,-739.8256501415985,3.5793331,41.433331,0.1879554522648729
5200.0,-739.833585774666,3.5790527,41.370922,0.1875983449061292
5200.0,-739.8265199489009,3.5787721,41.433331,0.1872412373660889
5200.0,-739.8277385596294,3.5788121,41.408356,0.1868841292378363
5200.0,-739.8332672665523,3.5782108,41.395889,0.1865270220328321
5200.0,-739.8253415981332,3.5778501,41.395889,0.186169915061571
5200.0,-739.8332519711331,3.5774493,41.383389,0.1858128078639497
5200.0,-739.8265977932149,3.5770082,41.383389,0.1854557002863346
5200.0,-739.833950498094,3.5766876,41.420822,0.1850985927515441
5200.0,-739.8258694278267,3.5764472,41.420822,0.1847414855255044
5200.0,-739.8332957944408,3.5762467,41.370922,0.1843843783067303
5200.0,-739.8268726332366,3.575846,41.345989,0.1840272705964524
5200.0,-739.834756093603,3.5753648,41.408356,0.1836701626728122
5200.0,-739.8271767209716,3.5752847,41.445797,0.1833130548157539
5200.0,-739.8336721887501,3.5750041,41.370922,0.1829559474152995
5200.0,-739.8250937472644,3.5743227,41.420822,0.1825988405636737
5200.0,-739.8252527675606,3.5742826,41.433331,0.1822417336352903
5200.0,-739.8314203575808,3.5738418,41.483234,0.1818846273217634
5200.0,-739.8233445853969,3.5730801,41.445797,0.1815275213144422
5200.0,-739.8324290790557,3.5731201,41.445797,0.1811704145140194
5200.0,-739.8257753845776,3.5727193,41.370922,0.1808133073333735
5200.0,-739.8330590138052,3.5721984,41.483234,0.18045620022889
5200.0,-739.8257378487228,3.5720379,41.458263,0.1800990930663624
5200.0,-739.8330755787948,3.5717173,41.420822,0.1797419859538832
5200.0,-739.8274780870563,3.571156,41.345989,0.1793848779513583
5200.0,-739.8343900879169,3.5709958,41.333481,0.1790277702043839
5200.0,-739.8271346925521,3.570595,41.395889,0.1786706623676124
5200.0,-739.8333376530246,3.5702744,41.333481,0.1783135551286337
5200.0,-739.8263727329954,3.5700738,41.358456,0.1779564476596531
5200.0,-739.8268462174719,3.5694726,41.408356,0.1775993399621259
5200.0,-739.8338246671597,3.5691519,41.420822,0.1772422324880723
5200.0,-739.8283120064326,3.5689116,41.383389,0.1768851240830221
5200.0,-739.8341377552467,3.5684304,41.321014,0.1765280164578451
5200.0,-739.826477993741,3.5680697,41.445797,0.1761709089380562
5200.0,-739.8334529244635,3.5679495,41.370922,0.1758138016434375
5200.0,-739.8250704931161,3.5674684,41.420822,0.1754566948030363
5200.0,-739.8310812934338,3.5673883,41.445797,0.1750995886531709
5200.0,-739.8232184751731,3.5668271,41.345989,0.174742482706722
5200.0,-739.8310603090945,3.5663462,41.445797,0.1743853765669854
5200.0,-739.8235974778669,3.5661056,41.433331,0.1740282704375953
5200.0,-739.8313743853756,3.5657449,41.383389,0.1736711641462585
5200.0,-739.8235981365881,3.5653441,41.395889,0.1733140580165504
5200.0,-739.8238872343738,3.5649834,41.370922,0.1729569517472975
5200.0,-739.8315977389317,3.5646627,41.408356,0.172599845348151
5200.0,-739.8245242186144,3.5642216,41.445797,0.1722427387714316
5200.0,-739.8316039157075,3.5638609,41.345989,0.1718856323693037
5200.0,-739.8240762104217,3.5633399,41.433331,0.1715285260088337
5200.0,-739.831690708371,3.5631795,41.383389,0.1711714195648122
5200.0,-739.8238854763514,3.5628188,41.370922,0.1708143132964079
5200.0,-739.8297694574904,3.5625381,41.308548,0.1704572077797474
5200.0,-739.8225148043615,3.5620172,41.370922,0.1701001021729539
5200.0,-739.8296319198633,3.561456,41.370922,0.1697429967226809
5200.0,-739.8231834534683,3.5613759,41.408356,0.1693858907931366
5200.0,-739.8300916762945,3.5610151,41.358456,0.1690287851209456
5200.0,-739.8228680741588,3.560534,41.383389,0.168671679343632
5200.0,-739.8239011383233,3.5601332,41.358456,0.1683145730676678
5200.0,-739.8340930644811,3.5598927,41.333481,0.1679574654640625
5200.0,-739.8261061940071,3.5595319,41.345989,0.1676003581237379
5200.0,-739.8317799785796,3.5589707,41.358456,0.1672432516366269
5200.0,-739.8242633797441,3.5587304,41.333481,0.166886145185812
5200.0,-739.8304342681859,3.5579686,41.383389,0.1665290393482567
5200.0,-739.8242422132857,3.558089,41.383389,0.1661719329076586
5200.0,-739.8334025705619,3.5575278,41.345989,0.1658148256373451
5200.0,-739.8250116430562,3.5570066,41.370922,0.1654577188253503
5200.0,-739.8326426789785,3.5569265,41.370922,0.1651006119218259
5200.0,-739.8240700944848,3.5562851,41.383389,0.164743505564308
5200.0,-739.8318398912995,3.556165,41.395889,0.164386399048278
5200.0,-739.8235297409026,3.5557239,41.345989,0.1640292929515839
5200.0,-739.8314903405081,3.5554032,41.395889,0.1636721866042771
5200.0,-739.8244938237152,3.5549223,41.358456,0.163315080042229
5200.0,-739.8242629895045,3.5545616,41.296082,0.1629579735916025
5200.0,-739.8309483087847,3.554281,41.358456,0.1626008675059269
5200.0,-739.8240831322128,3.5535595,41.458263,0.1622437611421159
5200.0,-739.8326226345388,3.5533991,41.308548,0.1618866542482666
5200.0,-739.8246974721185,3.5528381,41.395889,0.1615295475879193
5200.0,-739.8320816771618,3.5525975,41.358456,0.1611724409551826
5200.0,-739.824500525114,3.5520363,41.345989,0.1608153343898998
5200.0,-739.8306362711015,3.5518761,41.308548,0.1604582284548404
5200.0,-739.8226912804631,3.5513549,41.296082,0.1601011227628636
5200.0,-739.8317234110674,3.550874,41.370922,0.1597440163030569
5200.0,-739.8250755713472,3.5505133,41.395889,0.1593869094602045
5200.0,-739.8321248536106,3.5502727,41.283577,0.1590298028066272
5200.0,-739.823111102386,3.5496314,41.370922,0.1586726969120061
5200.0,-739.8238646880592,3.5493107,41.258644,0.1583155906536361
5200.0,-739.8302170795366,3.54895,41.321014,0.1579584849209147
5200.0,-739.8239816433062,3.5486693,41.358456,0.1576013786060913
5200.0,-739.8325807031041,3.5481081,41.370922,0.1572442717324818
5200.0,-739.8250483497285,3.5477073,41.333481,0.156887164902769
5200.0,-739.8315084316837,3.5471861,41.395889,0.1565300585467299
5200.0,-739.8233349908634,3.5468254,41.321014,0.1561729525440399
5200.0,-739.8319628163825,3.5466652,41.358456,0.1558158459686757
5200.0,-739.8236093062,3.546144,41.370922,0.1554587398335761
5200.0,-739.8329153607934,3.5455027,41.321014,0.155101632798432
5200.0,-739.8259143000637,3.5450218,41.358456,0.1547445255507328
5200.0,-739.8327703888936,3.5447812,41.308548,0.1543874185855646
5200.0,-739.8258291570203,3.5440998,41.321014,0.1540303113789632
5200.0,-739.8248960551826,3.5439396,41.370922,0.1536732046227616
5200.0,-739.8328882485866,3.5434985,41.333481,0.1533160976007042
5200.0,-739.8254428304269,3.5428972,41.358456,0.1529589905805791
5200.0,-739.8322855475986,3.5426168,41.308548,0.152601883849437
5200.0,-739.826521890072,3.5422559,41.233673,0.1522447763084597
5200.0,-739.832929874907,3.5416949,41.358456,0.1518876692663098
5200.0,-739.8249976298314,3.5413342,41.333481,0.1515305624610791
5200.0,-739.8329151293485,3.5407729,41.358456,0.1511734554260466
5200.0,-739.8251438444561,3.5406125,41.370922,0.1508163485502394
5200.0,-739.8324803487097,3.5399711,41.358456,0.1504592417250695
5200.0,-739.8253601765682,3.5395703,41.308548,0.1501021347448408
5200.0,-739.8328645791996,3.5390093,41.283577,0.1497450277342082
5200.0,-739.825415828382,3.5387688,41.283577,0.1493879207271168
5200.0,-739.82568873992,3.5382476,41.308548,0.1490308135882935
5200.0,-739.8334187444896,3.537967,41.358456,0.148673706310173
5200.0,-739.8255251785606,3.5372856,41.321014,0.1483165992502993
5200.0,-739.8329399461375,3.5370049,41.370922,0.1479594922032882
5200.0,-739.8262906652124,3.5362434,41.321014,0.147602384773921
5200.0,-739.8324694847138,3.5359628,41.283577,0.147245277953995
5200.0,-739.8253297325565,3.5356021,41.321014,0.1468881709884613
5200.0,-739.8319109972771,3.5353215,41.420822,0.1465310644381094
5200.0,-739.8259223446889,3.5346401,41.395889,0.1461739571865272
5200.0,-739.8324526995342,3.5341191,41.370922,0.1458168503747031
5200.0,-739.8251749602857,3.5339186,41.321014,0.1454597434838766
5200.0,-739.8327085603581,3.5330768,41.358456,0.1451026365485521
5200.0,-739.8253945880502,3.5328364,41.345989,0.1447455295517133
5200.0,-739.8253741171474,3.5323153,41.345989,0.1443884225647555
5200.0,-739.8325845240939,3.531714,41.345989,0.1440313156893016
5200.0,-739.8250584695609,3.5315537,41.321014,0.1436742088547041
5200.0,-739.831835459467,3.5309525,41.333481,0.1433171023408133
5200.0,-739.8248901962677,3.5304713,41.296082,0.1429599955874397
5200.0,-739.8307367844992,3.5301509,41.308548,0.142602889603864
5200.0,-739.8254892531861,3.5293491,41.296082,0.1422457825613311
5200.0,-739.8319665154085,3.5290685,41.370922,0.1418886759841814
5200.0,-739.8233536431718,3.5286276,41.395889,0.1415315699724881
5200.0,-739.8311959057357,3.5281465,41.283577,0.1411744637673009
5200.0,-739.8252449427138,3.5276256,41.333481,0.1408173568426945
5200.0,-739.8324401869793,3.5271044,41.383389,0.1404602500369101
5200.0,-739.8263105146376,3.5266635,41.296082,0.1401031425979618
5200.0,-739.8255876169014,3.5260222,41.308548,0.1397460355079496
5200.0,-739.8334351269426,3.5255411,41.321014,0.1393889282219216
5200.0,-739.8253795246368,3.5253007,41.333481,0.1390318212323537
5200.0,-739.8336858116676,3.5247395,41.24614,0.1386747138253236
5200.0,-739.8264150182323,3.5241783,41.271111,0.1383176063359324
5200.0,-739.8325517360636,3.5234568,41.296082,0.1379604994763048
5200.0,-739.8246313710092,3.5228555,41.308548,0.1376033928478639
5200.0,-739.8327913736423,3.5228155,41.308548,0.1372462858725666
5200.0,-739.8243028573837,3.522054,41.345989,0.1368891794026962
5200.0,-739.8320555781148,3.5215328,41.283577,0.1365320727825572
5200.0,-739.8229439650237,3.521172,41.258644,0.1361749669686118
5200.0,-739.8310755189752,3.5205307,41.283577,0.1358178608215336
5200.0,-739.8249723002713,3.5199695,41.296082,0.1354607540285292
5200.0,-739.8249654030365,3.5194886,41.370922,0.1351036472388541
5200.0,-739.832493117266,3.5190878,41.358456,0.134746540407521
5200.0,-739.8256990181402,3.5184865,41.333481,0.1343894332637364
5200.0,-739.8334689283374,3.5179253,41.308548,0.134032325961393
5200.0,-739.824965830315,3.5174043,41.308548,0.1336752191715116
5200.0,-739.8314410243229,3.516763,41.258644,0.1333181128480091
5200.0,-739.8238887476523,3.516362,41.296082,0.1329610065780257
5200.0,-739.8320270142101,3.5155604,41.308548,0.132603899971674
5200.0,-739.8246363027214,3.5151997,41.271111,0.1322467933408526
5200.0,-739.8323203991926,3.5144782,41.333481,0.1318896865928881
5200.0,-739.8241795911822,3.5140774,41.271111,0.1315325801825172
5200.0,-739.833084087414,3.5134361,41.333481,0.131175473065931
5200.0,-739.8253978843165,3.5131154,41.321014,0.1308183660675011
5200.0,-739.826512344037,3.5125542,41.345989,0.1304612585311316
5200.0,-739.8330323170122,3.5117927,41.321014,0.1301041514395343
5200.0,-739.8271196047871,3.511472,41.283577,0.1297470436100455
5200.0,-739.8346132706007,3.51051,41.308548,0.1293899357553439
5200.0,-739.8290714753723,3.5099487,41.370922,0.129032826983705
5200.0,-739.8353068044086,3.5095479,41.258644,0.1286757187942443
5200.0,-739.8283950869561,3.5087862,41.333481,0.1283186103490919
5200.0,-739.8339973854378,3.5083454,41.333481,0.1279615027916695
5200.0,-739.8261079272687,3.5079045,41.370922,0.1276043954505083
5200.0,-739.8346355607314,3.5073032,41.258644,0.1272472875850476
5200.0,-739.8264054719928,3.506742,41.296082,0.1268901801002642
5200.0,-739.8344492314047,3.5059805,41.308548,0.1265330723247421
5200.0,-739.8256285715992,3.5054994,41.283577,0.1261759652149615
5200.0,-739.8256760204,3.504818,41.358456,0.1258188580822778
5200.0,-739.8143303233134,3.504257,41.333481,0.1254617600178721
5200.0,-739.8008906853069,3.5037758,41.321014,0.1251046648488445
5200.0,-739.8090034269483,3.5027337,41.271111,0.1247475693556575
5200.0,-739.8021583434476,3.502413,41.333481,0.1243904735747428
5200.0,-739.8077018574595,3.5017717,41.308548,0.1240333787098052
5200.0,-739.8004735123886,3.5009701,41.321014,0.1236762837421432
5200.0,-739.8080268345711,3.5003688,41.258644,0.1233191887203437
5200.0,-739.8005079357396,3.5000482,41.308548,0.1229620937360658
5200.0,-739.8075478890848,3.4992464,41.233673,0.1226049989454466
5200.0,-739.801311435865,3.4984047,41.308548,0.1222479035733265
5200.0,-739.808568329326,3.4980841,41.358456,0.1218908082901551
5200.0,-739.8019152172001,3.4972022,41.283577,0.1215337126265952
5200.0,-739.8018733837981,3.4965208,41.283577,0.1211766169832279
5200.0,-739.8081770552161,3.4962001,41.333481,0.120819521888919
5200.0,-739.8005487555826,3.495158,41.308548,0.1204624268849378
5200.0,-739.797184881828,3.4946768,41.333481,0.1201053370963978
5200.0,-739.7842023351092,3.4940758,41.271111,0.1197482499826852
5200.0,-739.7924476117569,3.4935145,41.271111,0.1193911624807593
5200.0,-739.7774839217425,3.4926326,41.333481,0.1190340786099638
5200.0,-739.7639829314468,3.4919512,41.258644,0.1186770048475424
5200.0,-739.7579975126703,3.4911497,41.358456,0.1183199303826596
5200.0,-739.7648751722802,3.4905884,41.370922,0.1179628561895659
5200.0,-739.7573833677822,3.4899871,41.333481,0.1176057820211252
5200.0,-739.7653530436247,3.4891856,41.271111,0.1172487075973698
5200.0,-739.757219416183,3.4884238,41.258644,0.116891633508067
5200.0,-739.7594381922585,3.4877424,41.321014,0.1165345583477812
5200.0,-739.7672716937682,3.4868608,41.283577,0.11617748299792
5200.0,-739.7576814621568,3.4861391,41.258644,0.1158204086855919
5200.0,-739.763587152858,3.485538,41.408356,0.1154633351142073
5200.0,-739.7570131912161,3.4847763,41.308548,0.1151062611244474
5200.0,-739.7637648636752,3.4842153,41.258644,0.1147491874672843
5200.0,-739.7548536431619,3.483614,41.296082,0.1143921145199187
5200.0,-739.7614929764018,3.4826519,41.296082,0.1140350419593639
5200.0,-739.7550650310791,3.4818902,41.283577,0.1136779689099632
5200.0,-739.7628296045776,3.4809685,41.433331,0.1133208957042366
5200.0,-739.7551561200074,3.4804072,41.321014,0.1129638226108682
5200.0,-739.7624070680095,3.479846,41.271111,0.112606749609094
5200.0,-739.7529196922904,3.4789643,41.321014,0.1122496775952289
5200.0,-739.7529949848015,3.4780424,41.296082,0.1118926055450208
5200.0,-739.7602390389324,3.4774811,41.333481,0.1115355335897241
5200.0,-739.7540698944414,3.4766393,41.383389,0.1111784610206669
5200.0,-739.7626894670321,3.4759178,41.333481,0.1108213878825827
5200.0,-739.7541503505165,3.4750762,41.345989,0.1104643152746901
5200.0,-739.7633015189269,3.4743545,41.258644,0.110107241841177
5200.0,-739.7560027830507,3.4734328,41.358456,0.109750168339132
5200.0,-739.7623505496102,3.4728315,41.283577,0.1093930953646385
5200.0,-739.7557289322364,3.471669,41.308548,0.1090360219947788
5200.0,-739.7627606339917,3.4711881,41.358456,0.1086789488223434
5200.0,-739.7552700967868,3.470186,41.308548,0.1083218756739594
5200.0,-739.7628146996067,3.4694645,41.321014,0.1079648024754272
5200.0,-739.7548189752717,3.4685426,41.258644,0.1076077295447954
5200.0,-739.7539148897049,3.4678211,41.345989,0.1072506570505576
5200.0,-739.7610744323096,3.4672198,41.283577,0.1068935846920282
5200.0,-739.7540803308448,3.4660974,41.333481,0.1065365121179334
5200.0,-739.7630140054013,3.4652557,41.321014,0.1061794388231991
5200.0,-739.7540305876723,3.4642537,41.333481,0.1058223662731148
5200.0,-739.7625263073679,3.4636924,41.296082,0.1054652932137856
5200.0,-739.7533120973726,3.4626904,41.24614,0.1051082210105101
5200.0,-739.7600628907265,3.4617684,41.271111,0.1047511491402377
5200.0,-739.7522428272786,3.4609668,41.271111,0.1043940774530892
5200.0,-739.760537295104,3.4600449,41.321014,0.1040370053538284
5200.0,-739.7526939242374,3.4592834,41.321014,0.1036799334489395
5200.0,-739.7606139305891,3.458281,41.345989,0.1033228613126878
5200.0,-739.7536766839146,3.4573593,41.321014,0.1029657889334297
5200.0,-739.7539463839053,3.4563973,41.296082,0.1026087164239899
5200.0,-739.7602035404794,3.4555554,41.345989,0.1022516444858278
5200.0,-739.7525001386446,3.4545934,41.358456,0.1018945726744775
5200.0,-739.7415268886691,3.453912,41.283577,0.1015375097512749
5200.0,-739.7323050539937,3.4529099,41.383389,0.1011804476879084
5200.0,-739.7402225240379,3.452028,41.308548,0.1008233853943044
5200.0,-739.733068709773,3.4511864,41.258644,0.1004663229623282
5200.0,-739.7393230320822,3.4499438,41.308548,0.1001092611028965
5200.0,-739.7324344719435,3.4491823,41.345989,0.0997521989770612
5200.0,-739.7395354232118,3.4484205,41.271111,0.0993951370151112
5200.0,-739.7344632469525,3.4472983,41.395889,0.0990380739100046
5200.0,-739.7414105678495,3.4462962,41.308548,0.0986810110429484
5200.0,-739.7340986976541,3.4455347,41.333481,0.0983239481138064
5200.0,-739.7420892208337,3.4446528,41.333481,0.0979668849191739
5200.0,-739.7332890214288,3.4434102,41.296082,0.0976098223808553
5200.0,-739.7330425385476,3.4424081,41.296082,0.0972527599615117
5200.0,-739.7399368776239,3.441366,41.283577,0.0968956978057853
5200.0,-739.7334015209456,3.4404039,41.271111,0.0965386352131642
5200.0,-739.740057837983,3.4394419,41.345989,0.0961815729990519
5200.0,-739.7332785355038,3.4388006,41.345989,0.0958245104657947
5200.0,-739.7401086686899,3.4375179,41.370922,0.0954674482271471
5200.0,-739.7320688487188,3.4368765,41.308548,0.0951103862777948
5200.0,-739.7406466236266,3.4355938,41.333481,0.0947533237794839
5200.0,-739.7343848413237,3.4344716,41.283577,0.094396260712223
5200.0,-739.7400998303998,3.4333491,41.358456,0.0940391984778415
5200.0,-739.7316641994845,3.4325075,41.308548,0.0936821367238097
5200.0,-739.7390236774169,3.4315455,41.345989,0.0933250750088722
5200.0,-739.7324722406732,3.4303429,41.345989,0.0929680128648063
5200.0,-739.7321274787956,3.4291806,41.283577,0.0926109508871537
5200.0,-739.7392141322339,3.4283788,41.283577,0.0922538890802864
5200.0,-739.7338625783259,3.4276574,41.333481,0.0918968262651171
5200.0,-739.7395850084953,3.4264147,41.358456,0.091539764279233
5200.0,-739.7324109004056,3.4254127,41.370922,0.0911827021647754
5200.0,-739.7407714283044,3.4241703,41.370922,0.090825639606223
5200.0,-739.7337224178383,3.4230878,41.296082,0.0904685768587079
5200.0,-739.7420255855544,3.4221258,41.308548,0.0901115136947913
5200.0,-739.7349731565229,3.4210837,41.370922,0.0897544503435559
5200.0,-739.7419789789732,3.4199615,41.370922,0.0893973872021356
5200.0,-739.7331342614362,3.4191196,41.345989,0.0890403247385183
5200.0,-739.7419609856144,3.417917,41.308548,0.0886832616057831
5200.0,-739.734112882568,3.4169149,41.333481,0.0883261986697942
5200.0,-739.7323701411348,3.4156325,41.383389,0.0879691365750108
5200.0,-739.7406631153561,3.4143898,41.345989,0.0876120740687395
5200.0,-739.7339017013325,3.4135079,41.370922,0.0872550112346859
5200.0,-739.7403281640121,3.4125059,41.321014,0.086897948890091
5200.0,-739.7336554992108,3.4113433,41.308548,0.0865408861748768
5200.0,-739.7402937894279,3.4104216,41.383389,0.0861838238468741
5200.0,-739.7316134061234,3.4090185,41.358456,0.0858267621173597
5200.0,-739.7389352126612,3.4079363,41.383389,0.085469700445123
5200.0,-739.7317568264523,3.4068542,41.345989,0.085112638646381
5200.0,-739.7411751169478,3.405812,41.408356,0.0847555758929737
5200.0,-739.7318465844322,3.4045694,41.271111,0.0843985140509063
5200.0,-739.7393244596328,3.4033267,41.395889,0.0840414521907855
5200.0,-739.7309560735565,3.4022846,41.296082,0.0836843907785596
5200.0,-739.7310551694572,3.4013627,41.408356,0.0833273293185011
5200.0,-739.7397825069321,3.4002001,41.333481,0.0829702672372872
5200.0,-739.7321943487199,3.3987973,41.358456,0.0826132052273572
5200.0,-739.7386122735335,3.3975949,41.271111,0.0822561437109987
5200.0,-739.731414567265,3.396713,41.345989,0.0818990820774621
5200.0,-739.73927261638,3.3955104,41.308548,0.0815420202423653
5200.0,-739.7318225856158,3.3941076,41.321014,0.0811849584118819
5200.0,-739.7388618718385,3.392905,41.333481,0.0808278967750458
5200.0,-739.7322061164808,3.391983,41.333481,0.0804708347594355
5200.0,-739.739699046789,3.3907406,41.296082,0.0801137727185067
5200.0,-739.7328518048865,3.3894579,41.383389,0.0797567103912286
5200.0,-739.7389979684089,3.3883755,41.345989,0.0793996486887005
5200.0,-739.733388288814,3.3869326,41.308548,0.0790425861024664
5200.0,-739.7333479928375,3.3859305,41.321014,0.0786855235356829
5200.0,-739.7398488041349,3.3846879,41.308548,0.0783284614224683
5200.0,-739.7304081877561,3.3834856,41.321014,0.0779714002747019
5200.0,-739.7373837512127,3.3821626,41.321014,0.077614339351334
5200.0,-739.7301423561922,3.3811204,41.345989,0.0772572783318821
5200.0,-739.7392385831312,3.379878,41.395889,0.0769002165132127
5200.0,-739.7326516465394,3.3785553,41.395889,0.0765431542825492
5200.0,-739.7401290415727,3.3774729,41.408356,0.0761860920340679
5200.0,-739.7312613825554,3.3761101,41.370922,0.0758290304744721
5200.0,-739.7387034235414,3.3748274,41.321014,0.0754719689141168
5200.0,-739.730755647137,3.3734646,41.370922,0.0751149075986349
5200.0,-739.7390084916834,3.3721018,41.408356,0.0747578458910274
5200.0,-739.731116558428,3.3708992,41.383389,0.074400784401337
5200.0,-739.732409789645,3.3698571,41.370922,0.0740437222874155
5200.0,-739.7397534541486,3.3686545,41.321014,0.0736866602202251
5200.0,-739.7314655312921,3.3670914,41.345989,0.0733295985620886
5200.0,-739.7391625083525,3.3659689,41.358456,0.0729725367801394
5200.0,-739.7329105929418,3.3646061,41.308548,0.0726154744244848
5200.0,-739.7400517831712,3.3631229,41.370922,0.072258412213295
5200.0,-739.7328186502748,3.3620007,41.370922,0.0719013499020203
5200.0,-739.7400868784883,3.360678,41.420822,0.0715442876738906
5200.0,-739.7319919573916,3.3596358,41.358456,0.071187225761653
5200.0,-739.7386471367919,3.3580725,41.445797,0.0708301642284664
5200.0,-739.730358383193,3.3568299,41.408356,0.0704731031047403
5200.0,-739.738243973248,3.3556275,41.370922,0.0701160417661552
5200.0,-739.7313792525225,3.3539841,41.308548,0.0697589801496647
5200.0,-739.732541856804,3.3528216,41.433331,0.0694019179719956
5200.0,-739.7382122221155,3.3513386,41.358456,0.0690448566487364
5200.0,-739.7312120052709,3.3501761,41.321014,0.0686877951129746
5200.0,-739.738611736565,3.3487332,41.395889,0.0683307335968753
5200.0,-739.7324284785831,3.3474505,41.296082,0.0679736714739329
5200.0,-739.7424682637651,3.3459673,41.395889,0.0676166080963416
5200.0,-739.7331920246777,3.3445244,41.445797,0.0672595456048425
5200.0,-739.7405478430987,3.3435223,41.321014,0.0669024831542115
5200.0,-739.7310226136086,3.3419991,41.308548,0.0665454217098674
5200.0,-739.7408912287787,3.3405161,41.321014,0.0661883590934889
5200.0,-739.7333376051374,3.3390329,41.445797,0.0658312965317194
5200.0,-739.7398904666761,3.3377903,41.308548,0.0654742343983949
5200.0,-739.7315544956961,3.3362672,41.345989,0.0651171726973161
5200.0,-739.7323479124142,3.3351047,41.370922,0.0647601106132623
5200.0,-739.7405322304916,3.3334212,41.308548,0.0644030481701673
5200.0,-739.7337488215295,3.3321385,41.445797,0.0640459854099073
5200.0,-739.7420386590205,3.3306153,41.358456,0.0636889222396803
5200.0,-739.7336195378206,3.3294129,41.383389,0.0633318595418244
5200.0,-739.74118874007,3.3278096,41.47073,0.0629747967818415
5200.0,-739.7345183491158,3.326607,41.433331,0.0626177336501375
5200.0,-739.7415384126207,3.3250036,41.321014,0.0622606707213725
5200.0,-739.7321499641289,3.3237612,41.383389,0.0619036087328665
5200.0,-739.740859331535,3.3219573,41.395889,0.0615465461318844
5200.0,-739.733714495585,3.3204741,41.458263,0.0611894833881933
5200.0,-739.7397305413062,3.3191113,41.383389,0.0608324213320625
5200.0,-739.7316692171436,3.3177886,41.345989,0.0604753595756087
5200.0,-739.7329429048651,3.3161852,41.395889,0.0601182972043574
5200.0,-739.7404751865835,3.3146622,41.420822,0.0597612347887968
5200.0,-739.7327334450223,3.313139,41.395889,0.0594041725186498
5200.0,-739.7415399019718,3.311656,41.395889,0.0590471095891659
5200.0,-739.7334775216996,3.310293,41.408356,0.0586900469598599
5200.0,-739.7417509379925,3.3086495,41.520672,0.0583329839285118
5200.0,-739.7346117078595,3.3070865,41.333481,0.0579759207517445
5200.0,-739.7406172168204,3.3055632,41.358456,0.0576188582676278
5200.0,-739.7338825728376,3.3039999,41.483234,0.0572617954428073
5200.0,-739.740468179389,3.3023965,41.358456,0.0569047330306289
5200.0,-739.7319061787509,3.3008335,41.345989,0.0565476711597959
5200.0,-739.7395011214785,3.2994304,41.395889,0.0561906092144029
5200.0,-739.7314000410194,3.2977469,41.483234,0.055833547587878
5200.0,-739.7318348653745,3.2961435,41.370922,0.0554764857514673
5200.0,-739.7401314591591,3.2943799,41.458263,0.055119423501819
5200.0,-739.7336059754075,3.2928567,41.458263,0.0547623608105096
5200.0,-739.739927332107,3.2911332,41.321014,0.0544052986593907
5200.0,-739.732335997725,3.2896903,41.345989,0.0540482365810879
5200.0,-739.7382062172351,3.2878864,41.395889,0.0536911752607271
5200.0,-739.7320344008116,3.2866037,41.333481,0.0533341133280025
5200.0,-739.7398165647376,3.2848802,41.420822,0.0529770512303494
5200.0,-739.732925815357,3.2831566,41.458263,0.0526199888673471
5200.0,-739.7397114740102,3.2815132,41.383389,0.0522629268204198
5200.0,-739.7325154649817,3.2799499,41.408356,0.0519058646554899
5200.0,-739.7404115021913,3.278146,41.408356,0.0515488022706688
5200.0,-739.7311618462794,3.2764225,41.345989,0.0511917407591183
5200.0,-739.7302643651141,3.2750196,41.433331,0.0508346796807738
5200.0,-739.7391686241464,3.2730155,41.408356,0.0504776178958726
5200.0,-739.7336082583196,3.271292,41.408356,0.0501205552034612
5200.0,-739.740613871408,3.2698889,41.395889,0.0497634927209594
5200.0,-739.7325153675753,3.2680051,41.333481,0.0494064305560764
5200.0,-739.7400740857848,3.2661612,41.370922,0.0490493683341215
5200.0,-739.7320886119925,3.264678,41.395889,0.0486923063752296
5200.0,-739.741083868714,3.2625937,41.383389,0.0483352436658666
5200.0,-739.732958590984,3.2608302,41.358456,0.0479781812870438
5200.0,-739.7389511424564,3.259347,41.370922,0.0476211196071179
5200.0,-739.7311731990399,3.2573829,41.395889,0.0472640580900876
5200.0,-739.7382911049287,3.2555792,41.383389,0.0469069967287527
5200.0,-739.7314844395993,3.2537353,41.483234,0.0465499350614893
5200.0,-739.7327938578825,3.2517712,41.383389,0.0461928727621816
5200.0,-739.7393587253499,3.2500477,41.420822,0.0458358108855213
5200.0,-739.7323003175037,3.2483642,41.395889,0.045478748824441
5200.0,-739.7386835266453,3.2465203,41.345989,0.0451216872736897
5200.0,-739.7313826457861,3.244436,41.370922,0.0447646256555612
5200.0,-739.7396751209915,3.2427926,41.383389,0.0444075636261811
5200.0,-739.7314275190462,3.2409487,41.408356,0.0440505019863928
5200.0,-739.7389739820385,3.2389045,41.420822,0.0436934402954426
5200.0,-739.7306774248616,3.237221,41.433331,0.0433363790177179
5200.0,-739.7378525280612,3.2351365,41.420822,0.042979317868078
5200.0,-739.7298009761186,3.2332127,41.47073,0.0426222570134071
5200.0,-739.7369786219218,3.2311282,41.483234,0.0422651962855895
5200.0,-739.7310579406293,3.2293646,41.495701,0.0419081348241933
5200.0,-739.7302666111918,3.2274406,41.383389,0.0415510737447647
5200.0,-739.7390768147967,3.2255166,41.433331,0.0411940120041786
5200.0,-739.731863172993,3.2233922,41.408356,0.040836950154104
5200.0,-739.7390909994439,3.2213078,41.433331,0.0404798884066712
5200.0,-739.7318723287882,3.2195041,41.408356,0.0401228265521773
5200.0,-739.7383712569033,3.2170188,41.383389,0.0397657651521541
5200.0,-739.7309530576406,3.2151752,41.483234,0.039408703741384
5200.0,-739.738752924105,3.2133312,41.508163,0.0390516421571355
5200.0,-739.7306240923849,3.211247,41.358456,0.0386945809051539
5200.0,-739.7377839241854,3.2088819,41.458263,0.0383375197886281
5200.0,-739.7304631802348,3.2069178,41.495701,0.0379804586143173
5200.0,-739.7388302921921,3.2049537,41.47073,0.0376233969927242
5200.0,-739.7306400956885,3.2027493,41.420822,0.037266335733018
5200.0,-739.731270195791,3.2004645,41.433331,0.0369092741691682
5200.0,-739.7394460789244,3.1982999,41.458263,0.0365522122503434
5200.0,-739.7310424501418,3.1960952,41.495701,0.0361951507964244
5200.0,-739.737598595945,3.1939309,41.433331,0.0358380897693539
5200.0,-739.7297907832312,3.1919668,41.508163,0.0354810289196031
5200.0,-739.7370132780871,3.1896019,41.483234,0.0351239681750574
5200.0,-739.7305808922234,3.1872771,41.508163,0.0347669069439282
5200.0,-739.7370072474224,3.185313,41.395889,0.0344098462022934
5200.0,-739.7293384416802,3.1829078,41.47073,0.0340527855708837
5200.0,-739.737248569781,3.1803424,41.495701,0.033695724712766
5200.0,-739.7273966170541,3.1782181,41.408356,0.0333386650186575
5200.0,-739.7359350013771,3.1760936,41.420822,0.0329816047945809
5200.0,-739.729069777963,3.1736085,41.458263,0.0326245442928528
5200.0,-739.7368983361145,3.1710031,41.495701,0.032267483603788
5200.0,-739.7288815952863,3.1687183,41.433331,0.0319104231928939
5200.0,-739.7292114891773,3.1663535,41.458263,0.0315533626227631
5200.0,-739.7360906166737,3.1636679,41.47073,0.0311963023235732
5200.0,-739.7292016257529,3.1613832,41.458263,0.0308392417582033
5200.0,-739.7362167650007,3.1591785,41.458263,0.0304821813981234
5200.0,-739.7297698240685,3.1564529,41.47073,0.0301251205584894
5200.0,-739.7377655158218,3.1540878,41.47073,0.029768059450849
5200.0,-739.7288877601312,3.151803,41.495701,0.0294109990369793
5200.0,-739.7350000228375,3.1489172,41.483234,0.0290539392642038
5200.0,-739.7281054264641,3.1463118,41.495701,0.0286968792279594
5200.0,-739.7364459171627,3.1438265,41.508163,0.0283398187572709
5200.0,-739.7284768367768,3.1411409,41.458263,0.0279827585417501
5200.0,-739.736813057154,3.1385756,41.495701,0.0276256978938483
5200.0,-739.7284970883106,3.13589,41.508163,0.0272686376685522
5200.0,-739.7281022165539,3.1331644,41.47073,0.0269115776338572
5200.0,-739.7364742496225,3.1305189,41.483234,0.0265545171494931
5200.0,-739.7286090504549,3.1275527,41.433331,0.0261974568701539
5200.0,-739.7349844339683,3.1247869,41.520672,0.025840397104903
5200.0,-739.7281357861661,3.1219811,41.508163,0.0254833370540042
5200.0,-739.7363882867637,3.119015,41.483234,0.0251262766111331
5200.0,-739.7282498601472,3.1164095,41.495701,0.0247692165051719
5200.0,-739.7353613769105,3.1135235,41.47073,0.0244121565579759
5200.0,-739.7294220470934,3.1103568,41.545605,0.0240550958862106
5200.0,-739.7363785337444,3.1073506,41.545605,0.0236980354480472
5200.0,-739.7278352746386,3.1044245,41.47073,0.0233409755422026
5200.0,-739.7347615568082,3.1014183,41.533138,0.0229839158845314
5200.0,-739.7292634420023,3.0983317,41.520672,0.0226268552893234
5200.0,-739.7281719309096,3.0954459,41.533138,0.0222697952209779
5200.0,-739.7368395589275,3.0922391,41.520672,0.021912734560284
5200.0,-739.7301233013661,3.0888321,41.520672,0.0215556735500297
5200.0,-739.7364671446113,3.0857856,41.495701,0.021198613069095
5200.0,-739.7300093976415,3.0826592,41.545605,0.020841552113821
5200.0,-739.7359312655165,3.0792921,41.545605,0.0204844918915477
5200.0,-739.7282416084311,3.0760455,41.583042,0.0201274317895695
5200.0,-739.7362422411313,3.0727587,41.533138,0.0197703714171926
5200.0,-739.7292863787612,3.0694315,41.483234,0.0194133108109132
5200.0,-739.7351634266342,3.0656238,41.433331,0.0190562509592651
5200.0,-739.7300910266864,3.0622165,41.533138,0.0186991899645895
5200.0,-739.7357514788573,3.0588496,41.495701,0.0183421298290967
5200.0,-739.7274417952209,3.0551219,41.458263,0.017985070113181
5200.0,-739.7284489801747,3.0515144,41.558071,0.0176280099111063
5200.0,-739.736270232256,3.0479469,41.508163,0.0172709495252185
5200.0,-739.7271229242182,3.0441389,41.495701,0.016913889963219
5200.0,-739.735830301098,3.0402911,41.595509,0.0165568297896798
5200.0,-739.7275226167746,3.0366032,41.583042,0.0161997700347523
5200.0,-739.7370730199349,3.032675,41.483234,0.0158427092613701
5200.0,-739.7300854839331,3.0286267,41.520672,0.0154856482693699
5200.0,-739.7364180844274,3.0245783,41.533138,0.0151285878121159
5200.0,-739.7300181016019,3.0207303,41.545605,0.0147715268526406
5200.0,-739.7352611929791,3.0164814,41.533138,0.014414466953802
5200.0,-739.7284351992109,3.0122325,41.533138,0.0140574067583792
5200.0,-739.7355336189974,3.0080638,41.570576,0.0137003467280444
5200.0,-739.7291359644051,3.0036948,41.570576,0.0133432861943686
5200.0,-739.7262211096945,2.9990852,41.570576,0.0129862270676668
5200.0,-739.734887827099,2.9943151,41.47073,0.0126291673490467
5200.0,-739.7270004032987,2.9897459,41.583042,0.0122721078461869
5200.0,-739.7350827258222,2.985136,41.570576,0.0119150480334919
5200.0,-739.7295416020281,2.9801657,41.68285,0.0115579873040186
5200.0,-739.7360869303353,2.9753559,41.632946,0.011200927006608
5200.0,-739.7283479312341,2.9705057,41.607975,0.0108438668533088
5200.0,-739.735943325618,2.9650543,41.595509,0.0104868066252142
5200.0,-739.7272674184734,2.9598837,41.632946,0.0101297469934686
5200.0,-739.7343644484855,2.9542718,41.570576,0.0097726875274761
5200.0,-739.7287110513591,2.9488206,41.645412,0.009415627198902
5200.0,-739.7364914981011,2.9430885,41.62048,0.0090585667062123
5200.0,-739.7302118871947,2.9371963,41.595509,0.0087015056531984
5200.0,-739.7293063131102,2.9313843,41.62048,0.0083444450372969
5200.0,-739.7366180606142,2.925091,41.62048,0.0079873844835172
5200.0,-739.7287816210907,2.9186778,41.62048,0.0076303241208797
5200.0,-739.7357695086416,2.9121842,41.62048,0.0072732639766842
5200.0,-739.7291719753172,2.9054904,41.583042,0.0069162034256264
5200.0,-739.7361695719286,2.8983154,41.632946,0.0065591430883259
5200.0,-739.7308118481922,2.8912606,41.645412,0.0062020817457163
5200.0,-739.7387006773073,2.8836849,41.570576,0.0058450201866865
5200.0,-739.7311283990391,2.875989,41.632946,0.0054879586912807
5200.0,-739.7375184930835,2.8682528,41.62048,0.0051308977028748
5200.0,-739.7309668885352,2.8598754,41.645412,0.0047738362854286
5200.0,-739.7381202416889,2.8512173,41.645412,0.004416775006567
5200.0,-739.7298379881067,2.8420382,41.707825,0.0040597141340308
5200.0,-739.7304464930397,2.8327789,41.657917,0.0037026529677748
5200.0,-739.7377960583657,2.8225977,41.62048,0.003345591845392
5200.0,-739.7304221647604,2.8119357,41.62048,0.0029885306908791
5200.0,-739.7383581703405,2.8007524,41.720291,0.0026314692971726
5200.0,-739.7294410781818,2.7891281,41.670383,0.0022744086162213
5200.0,-739.7365114686667,2.7765419,41.657917,0.001917348113892
5200.0,-739.7290571196289,2.763154,41.632946,0.0015602876182739
5200.0,-739.7376569581273,2.7494855,41.670383,0.0012032265630329
5200.0,-739.7307985423919,2.7350154,41.632946,0.0008461652268458
5200.0,-739.739560813804,2.7203047,41.68285,0.0004891032526402
5200.0,-739.7318609277338,2.7055943,41.695316,0.0001320414036494
5200.0,-739.729181669524,2.7000628,41.68285,0.0
