Cycle,Current,Voltage,Temperature,SOC
2900.0,-703.310421672053,4.1884842,39.961014,1.0
2900.0,-703.310421672053,4.168282,39.886139,0.9996957571777983
2900.0,-739.8784820385613,4.1666784,39.961014,0.999375698713728
2900.0,-739.8703701732826,4.1650753,39.985989,0.999055640539487
2900.0,-739.8767808330456,4.1637526,39.985989,0.9987355828113283
2900.0,-739.8697134502509,4.1622295,39.961014,0.9984155249211774
2900.0,-739.8691347419988,4.161067,39.961014,0.9980954672813678
2900.0,-739.8750497445506,4.1600647,39.961014,0.9977754103020476
2900.0,-739.866506616972,4.1589828,39.961014,0.9974553537991304
2900.0,-739.8746047226067,4.1582208,39.886139,0.9971352970123188
2900.0,-739.8660380278066,4.1574192,39.948551,0.9968152407121073
2900.0,-739.8728216807127,4.1563773,39.886139,0.9964951846966082
2900.0,-739.8665437994126,4.1554952,40.010921,0.9961751281776065
2900.0,-739.8747479729,4.1547737,40.010921,0.9958550713288274
2900.0,-739.8750724830322,4.1537719,39.97348,0.9955350111204294
2900.0,-739.8862570685271,4.1530104,39.97348,0.9952149492930172
2900.0,-739.8786607842732,4.1526895,39.961014,0.9948948875323672
2900.0,-739.886149731522,4.1516471,39.861206,0.9945748257513872
2900.0,-739.8792254178854,4.1507254,39.961014,0.9942547637464842
2900.0,-739.8785096374711,4.1504049,39.936085,0.9939347020512186
2900.0,-739.8852098948742,4.1497235,39.936085,0.9936146406767954
2900.0,-739.8785015198773,4.1492023,39.961014,0.9932945789850413
2900.0,-739.8840902110712,4.1484008,39.92358,0.9929745180949736
2900.0,-739.8773108759792,4.1477594,39.886139,0.9926544569182764
2900.0,-739.8848391775362,4.1473985,39.936085,0.9923343957042188
2900.0,-739.8767565084369,4.146637,39.936085,0.9920143347673336
2900.0,-739.8852111766238,4.1459956,39.97348,0.991694273392356
2900.0,-739.8779302822854,4.1452742,39.985989,0.9913742119477116
2900.0,-739.8879705910039,4.144753,40.010921,0.9910541493790596
2900.0,-739.8871074614394,4.1441517,40.035892,0.9907340839644886
2900.0,-739.8941080144319,4.1435103,39.97348,0.9904140187408949
2900.0,-739.8875963263638,4.1429892,40.010921,0.9900939531148472
2900.0,-739.8943850300901,4.1427088,39.911114,0.9897738877714214
2900.0,-739.8875421151893,4.1417465,39.97348,0.9894538221688248
2900.0,-739.8865890068143,4.1416264,39.985989,0.9891337569785302
2900.0,-739.8922062096793,4.1407847,39.998455,0.988813692577624
2900.0,-739.8859377891229,4.1402636,40.023388,0.9884936276690376
2900.0,-739.8941326483582,4.139863,39.985989,0.9881735624347876
2900.0,-739.8869201454127,4.139502,39.961014,0.987853497101247
2900.0,-739.8950713741478,4.1387806,40.010921,0.9875334314609208
2900.0,-739.8860841873694,4.1380992,40.060825,0.9872133664890044
2900.0,-739.8941651192356,4.1377783,39.97348,0.986893301240708
2900.0,-739.8863048650604,4.137177,39.998455,0.9865732361733296
2900.0,-739.8927769647329,4.1368566,40.023388,0.9862531715255246
2900.0,-739.8847726822213,4.1361351,40.023388,0.9859331071209484
2900.0,-739.8934622833908,4.1354537,39.97348,0.9856130421766864
2900.0,-739.8869850865208,4.1351328,39.998455,0.985292976815053
2900.0,-739.8867198899916,4.1347322,39.97348,0.9849729115681404
2900.0,-739.8938303029586,4.134171,39.948551,0.9846528464646797
2900.0,-739.8860938552775,4.1336498,39.936085,0.984332781488581
2900.0,-739.8940454530739,4.1330485,39.985989,0.9840127162920504
2900.0,-739.88631797537,4.1327281,39.998455,0.9836926512190004
2900.0,-739.8942416699114,4.1322069,40.010921,0.9833725859375898
2900.0,-739.8859756551888,4.1316056,39.961014,0.9830525210126232
2900.0,-739.8941974802451,4.1310043,39.961014,0.982732455750328
2900.0,-739.8868947671109,4.130724,39.985989,0.9824123904277656
2900.0,-739.8935642858773,4.1303229,40.060825,0.9820923254393792
2900.0,-739.8876407109387,4.1298018,39.998455,0.9817722597941314
2900.0,-739.8938131886006,4.1292005,39.998455,0.9814521946980744
2900.0,-739.8864167053828,4.1287599,39.948551,0.9811321295823152
2900.0,-739.887091336026,4.1283588,40.023388,0.9808120641747196
2900.0,-739.8942117137112,4.1278777,40.023388,0.9804919989062674
2900.0,-739.8864779111474,4.1273565,39.985989,0.9801719337640312
2900.0,-739.8945120571461,4.126956,39.936085,0.979851868365656
2900.0,-739.8870326815016,4.1264348,40.010921,0.9795318029834336
2900.0,-739.8946967383293,4.1261144,40.048359,0.9792117375051682
2900.0,-739.8863497134766,4.125473,39.998455,0.9788916724183888
2900.0,-739.8928722045155,4.1249518,39.985989,0.9785716077293848
2900.0,-739.8850161747469,4.1245909,40.023388,0.9782515432194768
2900.0,-739.893886052778,4.1242304,39.985989,0.9779314780918996
2900.0,-739.8863847475043,4.1234689,39.97348,0.9776114129899652
2900.0,-739.8923978977309,4.1229877,40.048359,0.9772913485061376
2900.0,-739.8852886099961,4.1225467,39.998455,0.9769712838783778
2900.0,-739.8848211193022,4.1223865,39.985989,0.9766512194528484
2900.0,-739.8920817705481,4.1219854,39.961014,0.9763311551057722
2900.0,-739.8845700586575,4.1215849,40.048359,0.976011090788848
2900.0,-739.8915036667795,4.1208634,39.998455,0.9756910266918494
2900.0,-739.8850497683526,4.1205425,40.010921,0.9753709621674092
2900.0,-739.8922831388256,4.1200614,40.060825,0.9750508977332244
2900.0,-739.8852250238618,4.1195807,40.048359,0.9747308331329712
2900.0,-739.8914317792086,4.1191797,39.998455,0.9744107690670698
2900.0,-739.8839637381942,4.1187387,40.07333,0.974090705012432
2900.0,-739.8905282220921,4.1184583,40.023388,0.9737706413373935
2900.0,-739.8828059066615,4.1176968,40.048359,0.9734505777836184
2900.0,-739.8903712876261,4.1173358,40.048359,0.9731305141764672
2900.0,-739.8824828490624,4.1168547,40.060825,0.9728104507624424
2900.0,-739.8833637410019,4.1164942,40.123234,0.9724903869673556
2900.0,-739.8913908610359,4.1160531,39.97348,0.9721703229191548
2900.0,-739.8844300934688,4.1155319,40.060825,0.9718502586627776
2900.0,-739.8918174502309,4.1149712,40.060825,0.9715301944300418
2900.0,-739.8829179056785,4.1146102,39.998455,0.9712101308278174
2900.0,-739.889950301442,4.1139688,40.060825,0.9708900674027774
2900.0,-739.8834066485219,4.1137285,40.035892,0.9705700035891291
2900.0,-739.8900001674369,4.1133275,40.048359,0.970249940142518
2900.0,-739.881588675994,4.1128063,40.060825,0.9699298771153008
2900.0,-739.8898581256507,4.1123657,40.035892,0.9696098137301344
2900.0,-739.8836017281648,4.1119246,40.085796,0.9692897498320971
2900.0,-739.8905319574541,4.1115637,40.085796,0.9689696861554432
2900.0,-739.8824188112659,4.111083,40.048359,0.9686496227691204
2900.0,-739.8824472169304,4.110642,40.010921,0.9683295593705096
2900.0,-739.8896567940096,4.1100807,39.985989,0.9680094960724358
2900.0,-739.8822396128872,4.1097603,40.023388,0.9676894327636316
2900.0,-739.890821827175,4.1093192,40.07333,0.967369368961585
2900.0,-739.8817878205903,4.1089983,39.97348,0.9670493058482204
2900.0,-739.8891212930591,4.108758,40.07333,0.966729242781795
2900.0,-739.8816224770615,4.1080766,40.035892,0.966409179739956
2900.0,-739.8884489505558,4.1077962,40.035892,0.9660891169643738
2900.0,-739.8820386250507,4.1071548,40.035892,0.9657690537425144
2900.0,-739.8898310381282,4.1067939,40.035892,0.9654489903690658
2900.0,-739.8828208968155,4.1062326,39.998455,0.965128926808806
2900.0,-739.8898246537861,4.1058321,40.060825,0.964808863438119
2900.0,-739.88022806219,4.1054311,40.023388,0.9644888009994854
2900.0,-739.8799078854346,4.1052308,40.098263,0.9641687386993562
2900.0,-739.8888951931666,4.1044693,40.085796,0.9638486757307374
2900.0,-739.8824084109551,4.1042686,40.085796,0.9635286123489136
2900.0,-739.8895118103176,4.1039481,40.07333,0.9632085491135572
2900.0,-739.8819460961929,4.103507,40.035892,0.9628884859317246
2900.0,-739.8906398315445,4.1027856,39.97348,0.962568422208406
2900.0,-739.8827510240975,4.1024652,40.098263,0.9622483586783724
2900.0,-739.8881499498876,4.1019039,40.035892,0.9619282960321328
2900.0,-739.8800679799002,4.1014228,40.048359,0.9616082336627488
2900.0,-739.8875842485854,4.1010218,40.048359,0.9612881712612218
2900.0,-739.8812615657066,4.1006613,40.110729,0.960968108375508
2900.0,-739.8879752052643,4.1003404,40.060825,0.96064804580486
2900.0,-739.8806176477805,4.1000199,40.123234,0.9603279831976969
2900.0,-739.8804478121218,4.0994987,40.07333,0.9600079206640024
2900.0,-739.8892293746648,4.0991378,40.085796,0.9596878575508224
2900.0,-739.8821338272649,4.0986571,39.998455,0.95936779428778
2900.0,-739.8891211343629,4.0982161,40.110729,0.9590477312214232
2900.0,-739.8834663039883,4.0979757,40.048359,0.9587276673819688
2900.0,-739.8877235437793,4.0974545,40.098263,0.9584076049201852
2900.0,-739.8820079123016,4.0968933,40.098263,0.958087541711612
2900.0,-739.8873973945429,4.096693,40.110729,0.9577674793909148
2900.0,-739.881375688698,4.0960917,40.035892,0.9574474164558328
2900.0,-739.8889435455096,4.0956507,40.023388,0.9571273534662978
2900.0,-739.8809565621899,4.0952902,40.098263,0.9568072907125248
2900.0,-739.8870947806174,4.0948892,40.035892,0.956487228522733
2900.0,-739.8791422029212,4.0946488,40.048359,0.9561671665538276
2900.0,-739.8787878955203,4.0938468,40.085796,0.9558471047381912
2900.0,-739.886076098314,4.0935664,40.110729,0.9555270429890635
2900.0,-739.8788130174268,4.0931253,40.098263,0.9552069811625598
2900.0,-739.8860114861724,4.0925241,40.035892,0.9548869194413822
2900.0,-739.8799702996797,4.0921235,40.098263,0.9545668571142532
2900.0,-739.8869970749859,4.0918827,40.110729,0.9542467949667272
2900.0,-739.8785719174786,4.0914822,40.035892,0.95392673324452
2900.0,-739.8868930827138,4.0910811,40.123234,0.9536066711419792
2900.0,-739.8798773802114,4.0904799,40.1357,0.953286608855046
2900.0,-739.8853909749632,4.0901194,40.110729,0.9529665474022906
2900.0,-739.8794907731141,4.0897183,40.060825,0.9526464852825988
2900.0,-739.886994389414,4.0893979,40.035892,0.9523264231362344
2900.0,-739.8790730504174,4.0892372,40.110729,0.9520063611972436
2900.0,-739.8784281193545,4.0887165,40.07333,0.9516862995372416
2900.0,-739.885736167259,4.0881953,40.110729,0.951366237935162
2900.0,-739.8787620655627,4.087594,40.085796,0.9510461761306992
2900.0,-739.8868857096148,4.0873938,40.085796,0.950726114031348
2900.0,-739.8776874733634,4.0871129,40.110729,0.9504060526917396
2900.0,-739.8867076935043,4.0864315,40.098263,0.950085990669395
2900.0,-739.8796634895909,4.0861511,40.085796,0.949765928474988
2900.0,-739.8878545869438,4.0855498,40.173141,0.9494458659565174
2900.0,-739.8796843147431,4.0852289,40.110729,0.9491258037531016
2900.0,-739.884980987337,4.0847883,40.048359,0.9488057424777
2900.0,-739.8779448086207,4.0845075,40.110729,0.9484856810267718
2900.0,-739.887057133881,4.084147,40.098263,0.9481656188532652
2900.0,-739.8779296231422,4.0837059,40.035892,0.947845557408906
2900.0,-739.8790381018315,4.0833049,40.110729,0.9475254954850336
2900.0,-739.8862546270925,4.0830245,40.160633,0.9472054336586776
2900.0,-739.8777296973119,4.0825834,40.085796,0.9468853723008036
2900.0,-739.885888450841,4.0820622,40.098263,0.9465653106328492
2900.0,-739.8782283765705,4.0814614,40.085796,0.9462452490592532
2900.0,-739.8855684783675,4.0812206,40.173141,0.945925187529713
2900.0,-739.8774639758163,4.0808601,40.098263,0.9456051262867868
2900.0,-739.8860432612474,4.080379,40.060825,0.945285064551864
2900.0,-739.8792615261448,4.0798578,40.123234,0.9449650025313407
2900.0,-739.8870664845064,4.0796576,40.1357,0.9446449403537897
2900.0,-739.8780776693301,4.0792565,40.123234,0.9443248788453876
2900.0,-739.885965294468,4.0787754,40.07333,0.9440048171441918
2900.0,-739.8799128048303,4.0783348,40.185604,0.9436847548419344
2900.0,-739.8784132146358,4.0780139,40.035892,0.9433646931883798
2900.0,-739.8856415012093,4.0774527,40.110729,0.9430446316272512
2900.0,-739.8786034725707,4.0770121,40.160633,0.9427245698913936
2900.0,-739.8843008078856,4.0767312,40.085796,0.9424045089102256
2900.0,-739.876633108116,4.076571,40.085796,0.9420844480267218
2900.0,-739.8849751524081,4.0758095,40.098263,0.941764386753844
2900.0,-739.8778501312834,4.0754485,40.085796,0.941444325343872
2900.0,-739.8850621767978,4.0750079,40.110729,0.941124264033349
2900.0,-739.8774228627309,4.0747271,40.110729,0.9408042028082076
2900.0,-739.8854797327981,4.0744467,40.148167,0.9404841413170574
2900.0,-739.8773538323433,4.0738454,40.198071,0.9401640801217778
2900.0,-739.8861826174106,4.0735645,40.060825,0.9398440183265716
2900.0,-739.879183145149,4.073164,40.123234,0.9395239563399552
2900.0,-739.8773961295257,4.0726027,40.085796,0.9392038951263786
2900.0,-739.8850614321221,4.0722418,40.160633,0.9388838338161778
2900.0,-739.8781941970939,4.0718412,40.110729,0.9385637722573672
2900.0,-739.884554666716,4.0715203,40.098263,0.9382437111663844
2900.0,-739.8765698637932,4.0710797,40.123234,0.9379236503102392
2900.0,-739.8838055903992,4.0707188,40.110729,0.9376035895432936
2900.0,-739.8770321663029,4.0702376,40.160633,0.9372835284871625
2900.0,-739.884556436753,4.069757,40.148167,0.9369634673954136
2900.0,-739.8764325231297,4.0695162,40.123234,0.9366434065986802
2900.0,-739.8838788940035,4.0691557,40.160633,0.9363233458000246
2900.0,-739.8761337451963,4.0688748,40.123234,0.9360032851325386
2900.0,-739.885082159795,4.0683541,40.173141,0.9356832238133712
2900.0,-739.8787114798808,4.0679531,40.173141,0.9353631620307912
2900.0,-739.877997969971,4.0675921,40.123234,0.9350431005568662
2900.0,-739.8845899085792,4.0672717,40.123234,0.9347230394506384
2900.0,-739.8783749457516,4.0667105,40.148167,0.9344029778136383
2900.0,-739.8847999683259,4.06639,40.085796,0.934082916616542
2900.0,-739.8779379482713,4.0660691,40.123234,0.9337628551685816
2900.0,-739.8858142560919,4.065588,40.085796,0.9334427935327224
2900.0,-739.879001688453,4.0651073,40.110729,0.9331227316246018
2900.0,-739.8866699735715,4.0649867,40.123234,0.9328026696185744
2900.0,-739.8796412728672,4.0644259,40.123234,0.9324826074337778
2900.0,-739.8856317966123,4.0638647,40.110729,0.9321625458768474
2900.0,-739.877928646571,4.0636239,40.173141,0.9318424844329106
2900.0,-739.884864531687,4.0630627,40.148167,0.9315224232078856
2900.0,-739.8765517241986,4.0628223,40.110729,0.9312023623595872
2900.0,-739.8767044213134,4.0623012,40.198071,0.9308823014452344
2900.0,-739.8849884580864,4.0619407,40.148167,0.9305622401666006
2900.0,-739.8773039179932,4.0616999,40.160633,0.9302421789929132
2900.0,-739.8853122391947,4.0611792,40.110729,0.9299221175742178
2900.0,-739.8789721475738,4.0609384,40.1357,0.9296020556788764
2900.0,-739.8858315901601,4.0604172,40.160633,0.9292819940355186
2900.0,-739.8774523182003,4.0601768,40.098263,0.9289619327976352
2900.0,-739.8847791308393,4.0598164,40.098263,0.9286418716095528
2900.0,-739.877771823547,4.0592551,40.098263,0.928321810233456
2900.0,-739.8854408043152,4.0590143,40.098263,0.9280017487591452
2900.0,-739.8772111327658,4.0584936,40.098263,0.9276816876255954
2900.0,-739.8843408960232,4.0580926,40.110729,0.927361626627086
2900.0,-739.8766037015545,4.0578923,40.123234,0.927041565756303
2900.0,-739.8837486931138,4.0574512,40.123234,0.9267215050139702
2900.0,-739.876730214603,4.0571709,40.173141,0.9264014440884591
2900.0,-739.8777479100892,4.0566096,40.085796,0.9260813827227068
2900.0,-739.883871630782,4.0562086,40.110729,0.9257613219271932
2900.0,-739.8768381242509,4.0558076,40.085796,0.925441260955002
2900.0,-739.8836788197186,4.055407,40.160633,0.9251212002428952
2900.0,-739.876472098099,4.0548859,40.123234,0.924801139429042
2900.0,-739.8836143906508,4.0548058,40.07333,0.924481078744806
2900.0,-739.8772374265421,4.0544047,40.110729,0.924161017599882
2900.0,-739.8836376329594,4.0540042,40.123234,0.9238409569055916
2900.0,-739.8766858788942,4.0536032,40.123234,0.9235208959992598
2900.0,-739.8825493335436,4.0533628,40.1357,0.9232008357757489
2900.0,-739.8762583418346,4.0529618,40.148167,0.922880775054364
2900.0,-739.8844144559871,4.0524406,40.123234,0.9225607140240336
2900.0,-739.8763058635624,4.0520401,40.148167,0.9222406532820916
2900.0,-739.8771877197692,4.051599,40.110729,0.92192059215867
2900.0,-739.8838846313716,4.0512786,40.085796,0.9216005313575324
2900.0,-739.876685097622,4.0507975,40.173141,0.9212804704515388
2900.0,-739.882572893296,4.0502362,40.098263,0.920960410217836
2900.0,-739.8760375054169,4.0501161,40.148167,0.9206403495919822
2900.0,-739.8826515435645,4.0496349,40.110729,0.9203202893242568
2900.0,-739.8758196597449,4.0493145,40.123234,0.92000022879264
2900.0,-739.8835417339822,4.0490737,40.098263,0.919680168139834
2900.0,-739.8768356951012,4.0484324,40.1357,0.9193601071686938
2900.0,-739.8831458211513,4.0479512,40.060825,0.9190400466871528
2900.0,-739.8754028281841,4.047791,40.1357,0.9187199863358516
2900.0,-739.8819809100905,4.0475507,40.148167,0.9183999263582306
2900.0,-739.8744728153939,4.0470295,40.173141,0.9180798664092408
2900.0,-739.8745430543069,4.0466685,40.098263,0.9177598064298668
2900.0,-739.88279530662,4.0461478,40.1357,0.9174397460999522
2900.0,-739.8742156022273,4.0461078,40.148167,0.9171196862622296
2900.0,-739.8829580760406,4.0454664,40.160633,0.9167996258619036
2900.0,-739.875268685741,4.0449452,40.110729,0.916479565568631
2900.0,-739.8836539171866,4.0448251,40.198071,0.9161595048672964
2900.0,-739.8762889935256,4.0442238,40.1357,0.915839444132652
2900.0,-739.8837038320131,4.0441437,40.173141,0.9155193834097252
2900.0,-739.8761203785425,4.0436625,40.148167,0.9151993227480214
2900.0,-739.8830940142473,4.0432215,40.1357,0.914879262288891
2900.0,-739.8762047043489,4.0428209,40.07333,0.914559201590709
2900.0,-739.8829910474005,4.0424199,40.1357,0.9142391411761204
2900.0,-739.8760755668008,4.0422597,40.110729,0.9139190805338016
2900.0,-739.8767930316727,4.0418987,40.160633,0.9135990195811168
2900.0,-739.8829020332445,4.0414982,40.098263,0.9132789592050342
2900.0,-739.8749251204431,4.0411773,40.085796,0.9129588990603832
2900.0,-739.8819173721674,4.0408969,40.1357,0.9126388391102476
2900.0,-739.8747857167739,4.0402555,40.148167,0.912318779025901
2900.0,-739.8826627497397,4.0398545,40.07333,0.9119987187533282
2900.0,-739.8765269440333,4.0393333,40.1357,0.9116786579157494
2900.0,-739.8837403556482,4.0394135,40.123234,0.9113585971770232
2900.0,-739.8759576351873,4.0386519,40.198071,0.91103853658572
2900.0,-739.8844174467117,4.0383315,40.123234,0.910718475554096
2900.0,-739.8756705515507,4.0382514,40.148167,0.9103984150869814
2900.0,-739.884255421941,4.0377703,40.1357,0.9100783541254464
2900.0,-739.876269401327,4.0374494,40.1357,0.9097582933992774
2900.0,-739.8763365884872,4.037209,40.110729,0.909438232644044
2900.0,-739.8837500969009,4.0364876,40.185604,0.909118171901104
2900.0,-739.876855885449,4.0360465,40.110729,0.9087981109212294
2900.0,-739.8853479815498,4.0358863,40.160633,0.9084780494870722
2900.0,-739.877551487693,4.0354452,40.123234,0.9081579882062896
2900.0,-739.884953326088,4.0351248,40.048359,0.9078379269428536
2900.0,-739.8769275281604,4.0347638,40.110729,0.9075178659319876
2900.0,-739.8839613895625,4.0344834,40.123234,0.9071978050976456
2900.0,-739.8766166034814,4.0341625,40.085796,0.9068777442212816
2900.0,-739.8860291132303,4.0336018,40.210575,0.9065576824924788
2900.0,-739.8785621641097,4.033361,40.148167,0.9062376207744908
2900.0,-739.886194726881,4.0328398,40.1357,0.9059175589740464
2900.0,-739.8789174115543,4.0326395,40.1357,0.905597497102383
2900.0,-739.8777395360521,4.0320783,40.123234,0.9052774357402532
2900.0,-739.8854183432866,4.0319581,40.110729,0.9049573742756588
2900.0,-739.8769312878492,4.031477,40.1357,0.9046373132631662
2900.0,-739.8836585681347,4.0311565,40.148167,0.9043172525598198
2900.0,-739.8761143116924,4.0304751,40.148167,0.9039971919007403
2900.0,-739.8850802921461,4.0302343,40.1357,0.9036771305823812
2900.0,-739.8771130497589,4.0300341,40.085796,0.9033570694912608
2900.0,-739.8854830530914,4.0297136,40.07333,0.9030370079986744
2900.0,-739.8781461503996,4.0292325,40.110729,0.9027169464606482
2900.0,-739.8849427425732,4.0287914,40.148167,0.9023968852017904
2900.0,-739.8775001451418,4.028471,40.110729,0.9020768239432176
2900.0,-739.8850227723026,4.0283108,40.110729,0.9017567626497404
2900.0,-739.8767203635334,4.0277896,40.085796,0.901436701728491
2900.0,-739.8779061979443,4.0275488,40.110729,0.9011166402942652
2900.0,-739.8842565815957,4.0270681,40.110729,0.9007965793322288
2900.0,-739.8768773209006,4.0268674,40.110729,0.9004765183430815
2900.0,-739.8825058030465,4.0264668,40.148167,0.9001564581384011
2900.0,-739.8763032390116,4.0258255,40.160633,0.8998363973975942
2900.0,-739.8837348502623,4.0255847,40.160633,0.8995163366612496
2900.0,-739.8757599432845,4.0253844,40.148167,0.8991962761554652
2900.0,-739.8839932745278,4.0249033,40.110729,0.8988762153073308
2900.0,-739.8762240645677,4.0245428,40.123234,0.8985561546007738
2900.0,-739.8838740721576,4.024302,40.148167,0.898236093804204
2900.0,-739.8770539191695,4.0238614,40.148167,0.8979160327386628
2900.0,-739.8824349164914,4.0235004,40.085796,0.8975959725646465
2900.0,-739.8768325822905,4.0230999,40.098263,0.8972759115948529
2900.0,-739.8769384045554,4.022779,40.110729,0.8969558505792817
2900.0,-739.884280580807,4.0227389,40.035892,0.8966357896068635
2900.0,-739.8754288167725,4.0222979,40.148167,0.8963157292443203
2900.0,-739.8832077966676,4.0218973,40.098263,0.8959956687359696
2900.0,-739.8760128106355,4.0214963,40.110729,0.8956756081207984
2900.0,-739.883225216172,4.0213361,40.07333,0.8953555476049123
2900.0,-739.8747759389126,4.0206947,40.148167,0.8950354875247953
2900.0,-739.8830942462293,4.0202537,40.1357,0.8947154270655647
2900.0,-739.8756075269806,4.0200534,40.1357,0.8943953666257138
2900.0,-739.8834253026583,4.0200133,40.098263,0.8940753060232739
2900.0,-739.8754651082396,4.0192118,40.148167,0.8937552456450314
2900.0,-739.8833766329227,4.0190911,40.07333,0.8934351850636452
2900.0,-739.8766787988177,4.0187707,40.098263,0.8931151241603762
2900.0,-739.8769913706836,4.0184097,40.198071,0.8927950631218925
2900.0,-739.8852214183205,4.0182495,40.160633,0.8924750017424844
2900.0,-739.8768142474227,4.0178089,40.098263,0.8921549407806222
2900.0,-739.8846540569356,4.0174079,40.048359,0.8918348796466447
2900.0,-739.8772482175785,4.0169668,40.085796,0.8915148184970527
2900.0,-739.8834770729578,4.0165262,40.160633,0.8911947578722178
2900.0,-739.8766259060002,4.0163655,40.123234,0.8908746969918294
2900.0,-739.8844561798683,4.015965,40.098263,0.8905546359434502
2900.0,-739.8772352659508,4.0158448,40.123234,0.8902345747994608
2900.0,-739.8838005244464,4.0151629,40.173141,0.8899145140347064
2900.0,-739.8753510828082,4.0148425,40.098263,0.8895944537057899
2900.0,-739.8835782576684,4.0145621,40.173141,0.8892743930371844
2900.0,-739.8779738123575,4.0144815,40.110729,0.8889543315737095
2900.0,-739.8762742719043,4.0138807,40.148167,0.8886342708454334
2900.0,-739.8833306243944,4.0136399,40.160633,0.8883142102839496
2900.0,-739.8769539928586,4.0131588,40.085796,0.8879941492616354
2900.0,-739.8843605861077,4.0128784,40.110729,0.8876740882546083
2900.0,-739.8770303474782,4.012558,40.123234,0.8873540271992639
2900.0,-739.8846965741961,4.0120769,40.148167,0.8870339660468942
2900.0,-739.8772930172212,4.0116758,40.123234,0.8867139048779223
2900.0,-739.8847134444025,4.0116358,40.148167,0.8863938437182548
2900.0,-739.8757618841486,4.0111146,40.1357,0.886073783211631
2900.0,-739.8840849741407,4.0109544,40.110729,0.8857537223238289
2900.0,-739.8758061466746,4.0107141,40.173141,0.8854336617980577
2900.0,-739.8849275325391,4.0103931,40.110729,0.8851136005457795
2900.0,-739.8766319362461,4.009912,40.110729,0.8847935396627825
2900.0,-739.8766188259748,4.0095916,40.148167,0.8844734787854569
2900.0,-739.8833495454259,4.0091105,40.173141,0.8841534182157882
2900.0,-739.876746645262,4.0089502,40.085796,0.8838333572831698
2900.0,-739.8828053529359,4.0085492,40.060825,0.8835132969489091
2900.0,-739.8769982553845,4.0083489,40.148167,0.8831932359074474
2900.0,-739.8842986716757,4.0078278,40.085796,0.8828731749272035
2900.0,-739.8772752437704,4.0074673,40.210575,0.8825531137659202
2900.0,-739.8848893609587,4.0073471,40.160633,0.8822330525301544
2900.0,-739.8773051143428,4.0069861,40.198071,0.8819129913559494
2900.0,-739.8844019192338,4.0067058,40.1357,0.8815929303310422
2900.0,-739.8765756743119,4.0067058,40.148167,0.8812728694723836
2900.0,-739.8822249299538,4.0059037,40.123234,0.8809528093892038
2900.0,-739.8750222879625,4.0056634,40.1357,0.8806327492025195
2900.0,-739.8757087716037,4.0052624,40.110729,0.8803126887188716
2900.0,-739.884173927366,4.0051422,40.123234,0.8799926277925898
2900.0,-739.876912757657,4.0048218,40.098263,0.8796725667881131
2900.0,-739.8833769381905,4.0043807,40.160633,0.8793525062065948
2900.0,-739.8773106440506,4.0040603,40.173141,0.8790324450299979
2900.0,-739.8849104791822,4.0037394,40.048359,0.8787123837850966
2900.0,-739.8768942275159,4.0033383,40.110729,0.878392322788636
2900.0,-739.8850894474451,4.0031781,40.098263,0.8780722614663162
2900.0,-739.8777680760086,4.0027375,40.085796,0.8777522000918403
2900.0,-739.8867721592405,4.0024567,40.1357,0.8774321380416087
2900.0,-739.8775187119126,4.0020156,40.098263,0.8771120767750045
2900.0,-739.8845488072561,4.0020156,40.148167,0.8767920156865562
2900.0,-739.8775365585715,4.0014949,40.098263,0.8764719544122315
2900.0,-739.8772709469906,4.0009336,40.160633,0.8761518932528068
2900.0,-739.8836549426247,4.0009336,40.098263,0.8758318325510289
2900.0,-739.8763671913983,4.0005326,40.110729,0.8755117717825571
2900.0,-739.8838314083766,4.0002522,40.123234,0.8751917110044429
2900.0,-739.8773904165924,4.0000114,40.123234,0.8748716497933374
2900.0,-739.8863763317946,3.9996109,40.173141,0.8745515879143341
2900.0,-739.8761816699022,3.9993303,40.123234,0.8742315272261163
2900.0,-739.8847996997392,3.9990096,40.1357,0.8739114660291364
2900.0,-739.877447996941,3.9984486,40.098263,0.8735914047931223
2900.0,-739.8853352129935,3.9982882,40.098263,0.8732713433644888
2900.0,-739.8761923996503,3.998208,40.173141,0.8729512826716296
2900.0,-739.8842956931779,3.9978473,40.110729,0.872631221692674
2900.0,-739.8767180564232,3.997246,40.123234,0.8723111607724228
2900.0,-739.876702504801,3.9971659,40.123234,0.8719910998588988
2900.0,-739.884563822015,3.9969254,40.123234,0.8716710387639552
2900.0,-739.8764706576964,3.9965646,40.1357,0.8713509779507252
2900.0,-739.8843339990516,3.9961236,40.07333,0.8710309169551993
2900.0,-739.8773320917292,3.9958029,40.123234,0.8707108557693244
2900.0,-739.8838391110314,3.9957228,40.123234,0.8703907949878782
2900.0,-739.8774107656349,3.9952819,40.1357,0.8700707337679698
2900.0,-739.8845416539505,3.9948812,40.148167,0.8697506726826161
2900.0,-739.876940101443,3.9948008,40.123234,0.8694306116663109
2900.0,-739.8841851578163,3.9942799,40.1357,0.869110550735171
2900.0,-739.8770039804168,3.9940794,40.110729,0.8687904896912327
2900.0,-739.8831713217872,3.9936786,40.198071,0.8684704291986605
2900.0,-739.876543594394,3.9935584,40.160633,0.868150368353879
2900.0,-739.8843635401511,3.9931173,40.148167,0.8678303073455742
2900.0,-739.8774492176933,3.9929571,40.07333,0.8675102461090319
2900.0,-739.8762913738952,3.9925563,40.060825,0.8671901853733578
2900.0,-739.8842871481334,3.9921553,40.160633,0.8668701243980987
2900.0,-739.8780470785692,3.991955,40.123234,0.8665500629029298
2900.0,-739.8863860853255,3.9915543,40.098263,0.8662300010197073
2900.0,-739.8779472011661,3.9913137,40.1357,0.8659099395677441
2900.0,-739.8841821183368,3.990993,40.098263,0.8655898786379189
2900.0,-739.8770283699845,3.9904718,40.148167,0.86526981758343
2900.0,-739.88373959872,3.9903917,40.148167,0.8649497568450312
2900.0,-739.8752236054667,3.990031,40.1357,0.8646296965712597
2900.0,-739.8831142658568,3.9899108,40.098263,0.8643096361033686
2900.0,-739.8755030474306,3.9892695,40.1357,0.8639895757087143
2900.0,-739.8834155003213,3.989069,40.235508,0.8636695151105147
2900.0,-739.8757998966502,3.9888685,40.1357,0.8633494545874472
2900.0,-739.8776744852083,3.9887483,40.098263,0.8630293932534573
2900.0,-739.8844513946269,3.9883075,40.148167,0.862709332207148
2900.0,-739.8757262886463,3.9879467,40.098263,0.8623892717159223
2900.0,-739.8844545440991,3.9877062,40.148167,0.8620692106682505
2900.0,-739.8764846590011,3.9872651,40.1357,0.8617491498489638
2900.0,-739.8848640434733,3.9870648,40.160633,0.8614290886241499
2900.0,-739.8762115402699,3.9868243,40.173141,0.8611090279230107
2900.0,-739.8861031248289,3.986624,40.085796,0.8607889661621918
2900.0,-739.8786691338419,3.986223,40.160633,0.8604689043979301
2900.0,-739.886378455931,3.9858623,40.123234,0.8601488425180078
2900.0,-739.87872845973,3.9853814,40.1357,0.8598287807280826
2900.0,-739.8852358959574,3.9852209,40.173141,0.8595087193424117
2900.0,-739.878924992041,3.9850206,40.148167,0.859188657467469
2900.0,-739.8773849357412,3.9847801,40.1357,0.8588685962587346
2900.0,-739.8862432622209,3.9844193,40.098263,0.8585485344372947
2900.0,-739.8789494548681,3.9841387,40.1357,0.8582284725517697
2900.0,-739.8845557287075,3.9838181,40.148167,0.8579084114603273
2900.0,-739.8784154241093,3.9835374,40.110729,0.8575883498058171
2900.0,-739.8876255207551,3.9832168,40.110729,0.8572682873864363
2900.0,-739.8796985968332,3.9830165,40.123234,0.8569482251768424
2900.0,-739.8849159113847,3.982816,40.173141,0.8566281639295915
2900.0,-739.8760044000711,3.9823349,40.123234,0.8563081033180584
2900.0,-739.884751152172,3.9817739,40.1357,0.8559880421420794
2900.0,-739.8783318551211,3.9815733,40.098263,0.8556679805237198
2900.0,-739.8840437142236,3.9812126,40.148167,0.855347919653766
2900.0,-739.8768202654928,3.9810121,40.110729,0.8550278586893003
2900.0,-739.8779535732042,3.9808118,40.148167,0.8547077972345806
2900.0,-739.8845124179653,3.9806514,40.07333,0.8543877361618736
2900.0,-739.8762587812123,3.9801705,40.085796,0.8540676754402988
2900.0,-739.8844507110356,3.9799299,40.123234,0.853747614394285
2900.0,-739.8750478860043,3.9798899,40.123234,0.8534275541965275
2900.0,-739.8840992199234,3.979449,40.098263,0.8531074933025627
2900.0,-739.8769950449627,3.9790883,40.160633,0.8527874322624898
2900.0,-739.884061561011,3.9788077,40.1357,0.8524673713848157
2900.0,-739.8754632404815,3.9783666,40.1357,0.8521473110073812
2900.0,-739.8832047814376,3.978086,40.160633,0.8518272505003349
2900.0,-739.8756941232419,3.9778056,40.123234,0.8515071900230234
2900.0,-739.8842691671039,3.977525,40.148167,0.8511871290555427
2900.0,-739.8766626001897,3.9774449,40.07333,0.850867068159281
2900.0,-739.8757932194496,3.9768836,40.148167,0.8505470076391018
2900.0,-739.8822037139649,3.9764829,40.198071,0.8502269475650998
2900.0,-739.8751999238862,3.9762022,40.148167,0.8499068873015725
2900.0,-739.8825074021856,3.9760818,40.148167,0.8495868270962004
2900.0,-739.8755172807919,3.975641,40.060825,0.8492667666953886
2900.0,-739.8823926188069,3.975641,40.098263,0.8489467065396696
2900.0,-739.876100298135,3.9753203,40.223042,0.8486266458866524
2900.0,-739.883873193291,3.9749997,40.085796,0.848306585090463
2900.0,-739.8773858878584,3.9747992,40.098263,0.8479865238813165
2900.0,-739.8841241956133,3.9744384,40.1357,0.8476664629765478
2900.0,-739.8764279821688,3.9740376,40.1357,0.8473464021817786
2900.0,-739.8837328482432,3.973757,40.110729,0.8470263414463
2900.0,-739.874541320943,3.9736369,40.1357,0.8467062814676757
2900.0,-739.8746620601537,3.9732361,40.160633,0.8463862214368212
2900.0,-739.8830067091462,3.973196,40.198071,0.8460661610154575
2900.0,-739.875911590364,3.9727149,40.1357,0.8457461004440727
2900.0,-739.8829920483588,3.9723141,40.098263,0.845426040029051
2900.0,-739.8763543985165,3.9720335,40.085796,0.8451059792661133
2900.0,-739.8833446137663,3.9719534,40.123234,0.844785918698578
2900.0,-739.8764142492944,3.9715526,40.185604,0.8444658579097496
2900.0,-739.8853202835684,3.9711516,40.198071,0.8441457964875742
2900.0,-739.8767993795383,3.9708309,40.07333,0.8438257355321435
2900.0,-739.8830431471406,3.9707508,40.173141,0.8435056750950173
2900.0,-739.8779474455007,3.97035,40.085796,0.8431856136429484
2900.0,-739.8868715371564,3.9698288,40.198071,0.8428655515497279
2900.0,-739.8797258916603,3.9695482,40.160633,0.8425454893283266
2900.0,-739.8783051218136,3.969388,40.110729,0.8422254277215317
2900.0,-739.8845228059746,3.9689071,40.1357,0.8419053666443311
2900.0,-739.8774070426526,3.9687467,40.110729,0.8415853054260334
2900.0,-739.8849549861322,3.9685061,40.123234,0.8412652441618792
2900.0,-739.8783498484014,3.9681053,40.110729,0.840945182535736
2900.0,-739.8847314986922,3.9679451,40.110729,0.8406251213682587
2900.0,-739.8775053575113,3.9679852,40.07333,0.8403050601074312
2900.0,-739.8844623810471,3.9673438,40.148167,0.8399849990563695
2900.0,-739.8781268755138,3.9669831,40.1357,0.8396649375266814
2900.0,-739.8850536317019,3.9667425,40.123234,0.8393448762198549
2900.0,-739.877775229498,3.9663017,40.123234,0.8390248148422845
2900.0,-739.8841434218615,3.9663017,40.1357,0.8387047539291987
2900.0,-739.8769006606889,3.9657004,40.160633,0.8383846929299552
2900.0,-739.8766605004262,3.96562,40.060825,0.8380646320346018
2900.0,-739.8837836297859,3.9653397,40.173141,0.8377445712771558
2900.0,-739.8767588642439,3.9651792,40.098263,0.8374245103392516
2900.0,-739.8845500404523,3.9646583,40.148167,0.8371044492502698
2900.0,-739.8754478475028,3.964618,40.098263,0.836784388879494
2900.0,-739.8828895209709,3.9642172,40.123234,0.8364643285088239
2900.0,-739.8769619641221,3.9634557,40.148167,0.8361442674830613
2900.0,-739.8844171777671,3.9635758,40.098263,0.8358242064515535
2900.0,-739.8765805818771,3.9632151,40.185604,0.8355041455907719
2900.0,-739.883885107128,3.9631751,40.060825,0.8351840847894287
2900.0,-739.8767433983638,3.9628944,40.07333,0.8348640238582148
2900.0,-739.8844992099501,3.9626539,40.085796,0.8345439627912213
2900.0,-739.8765136628915,3.9622931,40.110729,0.834223901959388
2900.0,-739.8778022308268,3.9618123,40.110729,0.8339038405701369
2900.0,-739.8853705403184,3.9614916,40.110729,0.8335837791262214
2900.0,-739.877437865342,3.961251,40.098263,0.8332637178945902
2900.0,-739.8861986575564,3.9606097,40.110729,0.8329436560924456
2900.0,-739.87834208428,3.9606898,40.085796,0.832623594469661
2900.0,-739.8835526107679,3.9604495,40.185604,0.8323035338121499
2900.0,-739.8749837747181,3.9599683,40.160633,0.831983473642126
2900.0,-739.883795617497,3.9598482,40.123234,0.8316634128794944
2900.0,-739.8772905633874,3.9596877,40.123234,0.831343351711584
2900.0,-739.8839067871835,3.9591267,40.098263,0.8310232909008624
2900.0,-739.8775225207393,3.9590063,40.148167,0.8307032296326103
2900.0,-739.8838596920816,3.9587257,40.160633,0.8303831688422613
2900.0,-739.8760861378286,3.9584854,40.1357,0.8300631081953695
2900.0,-739.8768180072905,3.958365,40.098263,0.8297430472318806
2900.0,-739.8826332208417,3.9577236,40.160633,0.8294229869720815
2900.0,-739.8755711746345,3.9577236,40.1357,0.829102926547956
2900.0,-739.8822499912334,3.9574833,40.07333,0.8287828664539352
2900.0,-739.8761588913776,3.9572427,40.098263,0.8284628057755714
2900.0,-739.8840605479535,3.956882,40.123234,0.8281427448983355
2900.0,-739.8775373029838,3.9565213,40.085796,0.8278226836236888
2900.0,-739.8855197233493,3.9560401,40.085796,0.8275026221152392
2900.0,-739.8771037847652,3.9561205,40.098263,0.8271825610281269
2900.0,-739.8828214295072,3.9556394,40.07333,0.826862500686912
2900.0,-739.8749802715654,3.9554389,40.1357,0.8265424405184034
2900.0,-739.883748424476,3.9552786,40.098263,0.8262223797761866
2900.0,-739.8749056993709,3.9550381,40.110729,0.8259023196399371
2900.0,-739.8740972187277,3.9545972,40.085796,0.8255822598534256
2900.0,-739.8812841779787,3.9542365,40.098263,0.8252622001771986
2900.0,-739.8733477716512,3.9541564,40.110729,0.824942140714888
2900.0,-739.8809382531578,3.9537554,40.07333,0.8246220811883023
2900.0,-739.87613625973,3.9534748,40.048359,0.8243020205197285
2900.0,-739.8819505876597,3.953074,40.07333,0.8239819605552243
2900.0,-739.875570539958,3.9528337,40.110729,0.8236619001313736
2900.0,-739.880658759219,3.9527133,40.110729,0.8233418407256917
2900.0,-739.8725330784832,3.9523525,40.123234,0.8230217816158069
2900.0,-739.8803522024422,3.9519117,40.085796,0.8227017223427362
2900.0,-739.8725533053585,3.9517112,40.123234,0.8223816632241012
2900.0,-739.8803258106614,3.951591,40.048359,0.8220616039624472
2900.0,-739.8735056201542,3.9512303,40.085796,0.8217415444318535
2900.0,-739.8744358648219,3.9509096,40.085796,0.8214214844988481
2900.0,-739.8809842617884,3.9507091,40.110729,0.8211014249523598
2900.0,-739.874249464161,3.9504285,40.07333,0.8207813650999889
2900.0,-739.8818595226275,3.9501078,40.048359,0.8204613051748779
2900.0,-739.8731378973196,3.9499476,40.085796,0.8201412458033562
2900.0,-739.8810406219005,3.949667,40.098263,0.8198211862324875
2900.0,-739.8745937500057,3.9492261,40.123234,0.819501126231183
2900.0,-739.8821933622277,3.9489856,40.110729,0.819181066161659
2900.0,-739.8744765507311,3.9487851,40.160633,0.8188610062110534
2900.0,-739.8829276315693,3.9485848,40.060825,0.8185409458238974
2900.0,-739.8758715636877,3.9481838,40.07333,0.8182208852698275
2900.0,-739.8828294745203,3.9479835,40.085796,0.8179008249251326
2900.0,-739.8742414444501,3.9477029,40.060825,0.8175807650762309
2900.0,-739.8747117913038,3.9475024,40.085796,0.8172607050238634
2900.0,-739.8814508779727,3.9471416,40.07333,0.8169406452755249
2900.0,-739.8731717590998,3.9467809,40.085796,0.816620585889355
2900.0,-739.8805145813124,3.9467409,40.035892,0.8163005265460421
2900.0,-739.8739276886664,3.9465404,40.098263,0.8159804668328672
2900.0,-739.8808429887099,3.9462597,40.060825,0.8156604073474909
2900.0,-739.8744450934162,3.9459794,40.110729,0.8153403474104935
2900.0,-739.8815012566354,3.9455783,40.110729,0.8150202876403622
2900.0,-739.8744370124681,3.9454181,40.1357,0.8147002277068603
2900.0,-739.8826483942457,3.944937,40.07333,0.8143801674404975
2900.0,-739.8734838657784,3.9449773,40.07333,0.8140601079193144
2900.0,-739.8806043765694,3.9447768,40.060825,0.8137400485371575
2900.0,-739.8732403262186,3.944376,40.098263,0.8134199891213265
2900.0,-739.8733995293054,3.9440153,40.048359,0.8130999296366263
2900.0,-739.8798329125865,3.9437747,40.07333,0.8127798705881913
2900.0,-739.87085505861,3.9433339,40.085796,0.8124598122041955
2900.0,-739.8802952565554,3.9430933,40.023388,0.8121397529557588
2900.0,-739.8714265527315,3.9431334,40.048359,0.8118196943245423
2900.0,-739.8792056627823,3.9428928,40.048359,0.8114996355474444
2900.0,-739.8711725623926,3.942492,40.060825,0.8111795770261009
2900.0,-739.8801152138437,3.9420912,40.07333,0.8108595178555473
2900.0,-739.873838504484,3.9420111,40.035892,0.8105394581809523
2900.0,-739.8816110960764,3.9417706,40.07333,0.8102193983633063
2900.0,-739.8735916791966,3.9412093,40.085796,0.8098993387954844
2900.0,-739.8820050678702,3.9410088,40.1357,0.8095792788074132
2900.0,-739.8745429077879,3.9407685,40.110729,0.8092592188281025
2900.0,-739.8750573709555,3.9406884,40.048359,0.8089391586262419
2900.0,-739.8827321958776,3.9403274,40.098263,0.8086190983236277
2900.0,-739.8744888432282,3.940047,40.060825,0.8082990383677047
2900.0,-739.8820160054332,3.9395258,40.023388,0.8079789783749022
2900.0,-739.8746548824149,3.9397664,40.023388,0.8076589183471526
2900.0,-739.8819660418263,3.9394057,40.1357,0.8073388583759634
2900.0,-739.8761296314372,3.939085,40.023388,0.8070187977102569
2900.0,-739.8832375820531,3.9388845,40.123234,0.8066987371890216
2900.0,-739.8747820179642,3.9384036,40.07333,0.806378677106275
2900.0,-739.8807881546813,3.9383233,40.048359,0.8060586176446191
2900.0,-739.8741498800005,3.937722,40.048359,0.805738557835327
2900.0,-739.8803992485333,3.937722,40.110729,0.8054184985419051
2900.0,-739.8722946026766,3.9375217,39.998455,0.8050984395351815
2900.0,-739.8780964409555,3.9373212,40.060825,0.8047783812379138
2900.0,-739.8720366570433,3.9370809,40.060825,0.804458322342774
2900.0,-739.8723940532615,3.9365597,40.035892,0.8041382632930295
2900.0,-739.8794812993569,3.9365997,40.085796,0.8038182043966963
2900.0,-739.8734995653009,3.9359984,40.060825,0.8034981448687217
2900.0,-739.8795956068512,3.9358382,40.010921,0.8031780859229412
2900.0,-739.8720573111971,3.9351969,40.085796,0.8028580270188668
2900.0,-739.8797956444292,3.9354775,40.035892,0.8025379679865535
2900.0,-739.873290106072,3.9352369,40.035892,0.8022179085491882
2900.0,-739.8806622382086,3.9350765,39.998455,0.8018978491420015
2900.0,-739.8736012375095,3.9344754,40.010921,0.8015777895700451
2900.0,-739.8806510079629,3.9344351,40.060825,0.8012577301677163
2900.0,-739.8717760261848,3.9341145,40.023388,0.8009376713853222
2900.0,-739.8788090053781,3.9338341,40.023388,0.8006176127798116
2900.0,-739.8724664774498,3.9335535,39.998455,0.8002975536987372
2900.0,-739.8724929415084,3.9335134,40.123234,0.7999774946062149
2900.0,-739.8815922483052,3.9332728,40.048359,0.7996574347967222
2900.0,-739.8742988414967,3.932832,40.07333,0.7993373749229914
2900.0,-739.8804959047715,3.9327116,40.060825,0.7990173155877576
2900.0,-739.8737437291009,3.9322307,40.048359,0.7986972559541611
2900.0,-739.880464862196,3.9320302,40.048359,0.7983771966323558
2900.0,-739.8709278121078,3.9319501,39.97348,0.798057138216888
2900.0,-739.8795438363471,3.931469,40.035892,0.7977370792935023
2900.0,-739.8726717495323,3.9311886,39.985989,0.7974170201236299
2900.0,-739.8803479053634,3.9312286,39.998455,0.7970969608524182
2900.0,-739.8732855287371,3.9306674,40.035892,0.7967769014170331
2900.0,-739.8827243222482,3.9305873,40.010921,0.7964568411178251
2900.0,-739.8747024039125,3.9303467,39.985989,0.7961367810695184
2900.0,-739.8736759810863,3.9303067,40.048359,0.7958167214652286
2900.0,-739.8815725338433,3.9298658,40.023388,0.795496661664264
2900.0,-739.8737415320333,3.9295852,40.010921,0.795176602031618
2900.0,-739.8808311968369,3.9292245,40.048359,0.7948565425513429
2900.0,-739.874210426334,3.9292645,39.961014,0.7945364827158592
2900.0,-739.8818551771008,3.9286232,40.035892,0.7942164227926282
2900.0,-739.8752887786568,3.9285429,40.035892,0.7938963624906634
2900.0,-739.8811831880317,3.9282625,40.010921,0.793576302858123
2900.0,-739.8723346053083,3.9281421,40.085796,0.7932562438340949
2900.0,-739.8827978944136,3.9280219,40.07333,0.7929361835030607
2900.0,-739.8747002069473,3.9275007,39.998455,0.7926161234557045
2900.0,-739.8817066776611,3.9273005,40.048359,0.7922960635967117
2900.0,-739.8724604467435,3.9272604,40.048359,0.7919760045182461
2900.0,-739.8745302250511,3.9267392,39.998455,0.7916559445444217
2900.0,-739.8834471410008,3.9264987,40.035892,0.7913358839325351
2900.0,-739.8767058371855,3.9260578,40.010921,0.7910158230175695
2900.0,-739.8840181037485,3.9259777,40.010921,0.7906957621586942
2900.0,-739.8767074366154,3.9258173,40.035892,0.7903757012430368
2900.0,-739.8841738539011,3.925617,39.998455,0.7900556403167869
2900.0,-739.876635427581,3.9253364,39.92358,0.7897355794322796
2900.0,-739.8833209441748,3.9250157,40.060825,0.7894155188749833
2900.0,-739.8770193977982,3.9250157,39.998455,0.7890954578243756
2900.0,-739.8834410864958,3.9246149,39.97348,0.7887753972151079
2900.0,-739.8753009365552,3.9243343,40.048359,0.7884553369078839
2900.0,-739.8839717534756,3.9238932,39.961014,0.788135276069059
2900.0,-739.8758228213868,3.9235325,40.035892,0.7878152155360746
2900.0,-739.8733762749013,3.9234123,40.048359,0.7874951560614338
2900.0,-739.8823215368743,3.9232118,40.023388,0.7871750959364636
2900.0,-739.8747912832905,3.9230115,40.010921,0.786855035849709
2900.0,-739.8824268231327,3.9228511,39.97348,0.7865349756791938
2900.0,-739.874797899254,3.9227309,40.098263,0.7862149155895771
2900.0,-739.882433964467,3.9220896,39.985989,0.7858948554159727
2900.0,-739.8745037601739,3.9220095,40.023388,0.7855747954535968
2900.0,-739.8826697318406,3.921849,39.948551,0.7852547351780036
2900.0,-739.8757161567404,3.921809,39.998455,0.7849346746911607
2900.0,-739.8837321894642,3.9214082,40.023388,0.7846146139559671
2900.0,-739.875967278296,3.9211676,40.060825,0.7842945533604925
2900.0,-739.8840163825431,3.920887,39.985989,0.7839744925023616
2900.0,-739.8742714615926,3.9204862,39.961014,0.783654432640475
2900.0,-739.8745274173516,3.9201255,40.010921,0.7833343726678652
2900.0,-739.8828141542889,3.9203258,40.048359,0.7830143123297975
2900.0,-739.8758987241205,3.9198849,39.97348,0.7826942517639784
2900.0,-739.8822844031638,3.919404,39.97348,0.7823741916550716
2900.0,-739.8755805248334,3.919364,39.985989,0.7820541312269015
2900.0,-739.8834105201117,3.9188027,39.985989,0.7817340706308562
2900.0,-739.8770604618736,3.9187627,39.985989,0.7814140095624847
2900.0,-739.8825420582485,3.9185622,40.048359,0.781093949342121
2900.0,-739.8762401656871,3.918442,39.97348,0.7807738886285989
2900.0,-739.8852651076929,3.918041,40.010921,0.7804538272302916
2900.0,-739.8764522982723,3.9176402,39.961014,0.7801337664250035
2900.0,-739.8838351560552,3.9176402,39.998455,0.7798137056452683
2900.0,-739.876520596449,3.9173596,39.961014,0.7794936448104355
2900.0,-739.8771592897019,3.9171193,40.023388,0.7791735836993123
2900.0,-739.8837859247944,3.9168787,39.985989,0.7788535229408737
2900.0,-739.8740955100736,3.9167585,40.023388,0.7785334631551014
2900.0,-739.8816736086636,3.9163175,39.936085,0.7782134033104136
2900.0,-739.8749608745378,3.9161172,40.010921,0.7778933431502959
2900.0,-739.8826695857294,3.9159567,39.948551,0.7775732828747659
2900.0,-739.8762266156544,3.9156361,39.97348,0.7772532221671054
2900.0,-739.8825340990808,3.9154758,40.07333,0.7769331619501845
2900.0,-739.8755344072879,3.9151151,39.998455,0.7766131015419642
2900.0,-739.8831406331323,3.9149547,40.07333,0.7762930410626674
2900.0,-739.8749444074281,3.9145939,39.998455,0.7759729809096731
2900.0,-739.8815773924472,3.9145138,39.998455,0.7756529211066068
2900.0,-739.8737399207345,3.9139125,40.060825,0.7753328614746576
2900.0,-739.8762368453761,3.9139526,39.936085,0.7750128007625718
2900.0,-739.8834870950242,3.9135919,39.97348,0.7746927401334016
2900.0,-739.8756809028769,3.9135518,40.060825,0.7743726796618092
2900.0,-739.8829967238122,3.9133112,39.948551,0.7740526192447651
2900.0,-739.8744854128745,3.9129505,39.985989,0.7737325592903259
2900.0,-739.8826971741275,3.9128304,39.985989,0.7734124990028616
2900.0,-739.8758116884047,3.9123092,39.998455,0.7730924384746931
2900.0,-739.8836350206606,3.9123893,39.948551,0.7727723777815328
2900.0,-739.8759507136776,3.9119885,40.048359,0.7724523171932239
2900.0,-739.8825884207996,3.9119885,39.961014,0.7721322569528044
2900.0,-739.8759492487953,3.9114673,39.948551,0.771812196365129
2900.0,-739.8832547329197,3.911227,39.911114,0.7714921358364746
2900.0,-739.8746346068878,3.9110265,39.985989,0.7711720758174961
2900.0,-739.8750846408682,3.9107459,40.048359,0.7708520156038388
2900.0,-739.8833149994578,3.9107859,40.060825,0.7705319550491141
2900.0,-739.8755127033546,3.910305,39.961014,0.7702118946502826
2900.0,-739.8831850181697,3.9100244,39.936085,0.7698918341517855
2900.0,-739.876224333254,3.9097838,40.035892,0.7695717734451123
2900.0,-739.883606553447,3.9095435,39.898647,0.7692517127642665
2900.0,-739.8759253968049,3.9095032,40.060825,0.7689316521869093
2900.0,-739.8831921469188,3.9092228,39.936085,0.7686115916853284
2900.0,-739.8747389153626,3.9087017,39.961014,0.7682915316212274
2900.0,-739.882324552002,3.9086616,39.998455,0.7679714714949529
2900.0,-739.8741963150889,3.9083009,40.023388,0.7676514116655736
2900.0,-739.8814830556207,3.9080603,39.97348,0.7673313519033158
2900.0,-739.8744696661836,3.9076996,39.97348,0.7670112919556885
2900.0,-739.8751562351066,3.9073789,39.985989,0.7666912317110604
2900.0,-739.8820868311598,3.9072587,39.898647,0.7663711716876198
2900.0,-739.8749123762645,3.9070983,39.936085,0.7660511115484819
2900.0,-739.8817986949224,3.9068577,40.035892,0.7657310516496839
2900.0,-739.8738132235759,3.9066575,40.010921,0.765410991986025
2900.0,-739.881550439039,3.9064169,39.998455,0.7650909321946182
2900.0,-739.8735175584276,3.9062967,39.985989,0.7647708726588601
2900.0,-739.881209091957,3.9058557,39.97348,0.7644508130151142
2900.0,-739.8737276408735,3.9060161,39.886139,0.7641307533884771
2900.0,-739.8812627174993,3.9054949,39.998455,0.7638106937215337
2900.0,-739.8741604877347,3.9052947,39.948551,0.7634906339076529
2900.0,-739.8812483134807,3.904974,39.961014,0.7631705742469403
2900.0,-739.8738379918212,3.9047334,39.97348,0.7628505145725669
2900.0,-739.8735194750424,3.9042926,39.985989,0.7625304550359797
2900.0,-739.8806683784055,3.9043727,39.948551,0.762210395626137
2900.0,-739.8750317484598,3.9040921,39.998455,0.7618903354353602
2900.0,-739.882266605029,3.9037714,39.961014,0.7615702753341526
2900.0,-739.8748834823657,3.9034507,39.985989,0.7612502152075138
2900.0,-739.8813968369652,3.9033306,39.948551,0.7609301554825526
2900.0,-739.8738299963085,3.9029295,39.898647,0.760610095811638
2900.0,-739.8793422360555,3.9029698,39.961014,0.7602900369754612
2900.0,-739.8732541198697,3.9027693,39.886139,0.7599699775536631
2900.0,-739.8807523387846,3.9025288,39.998455,0.7596499181075005
2900.0,-739.8733173885186,3.9024487,39.936085,0.7593298586583332
2900.0,-739.8792646480855,3.902168,39.92358,0.7590097998557196
2900.0,-739.8709468185376,3.9016471,39.948551,0.7586897414320297
2900.0,-739.8719850703109,3.9014866,39.936085,0.7583696825592057
2900.0,-739.8807224806507,3.9011259,40.023388,0.7580496231259592
2900.0,-739.873884133923,3.9009655,39.936085,0.7577295634316255
2900.0,-739.8828276067435,3.9007251,39.985989,0.7574095030877384
2900.0,-739.8746116818953,3.9008052,39.936085,0.7570894430786769
2900.0,-739.8839769534147,3.9004045,40.023388,0.7567693822376025
2900.0,-739.8766049954382,3.9002841,39.961014,0.7564493213662599
2900.0,-739.8838993045651,3.8997631,39.97348,0.7561292605587749
2900.0,-739.8758729306519,3.8996027,39.948551,0.7558092000041139
2900.0,-739.8839793711036,3.899322,39.936085,0.7554891391619937
2900.0,-739.8763870032218,3.8993623,39.898647,0.7551690783849516
2900.0,-739.8825872486365,3.8990014,39.97348,0.7548490181450392
2900.0,-739.8751054664041,3.898761,39.936085,0.754528957922373
2900.0,-739.8756433787887,3.8982799,39.961014,0.754208897467013
2900.0,-739.8840573007158,3.8979993,39.911114,0.7538888365911819
2900.0,-739.8751510594691,3.8980796,39.97348,0.7535687763487927
2900.0,-739.8827370054707,3.8976386,39.92358,0.7532487160440982
2900.0,-739.8756038157137,3.8974383,39.911114,0.7529286556058525
2900.0,-739.8827467715869,3.8973579,39.97348,0.7526085952969334
2900.0,-739.8751857632728,3.8970776,39.985989,0.7522885350395317
2900.0,-739.8841706560322,3.8967969,39.97348,0.751968474114665
2900.0,-739.875224899376,3.8967569,39.886139,0.7516484138403338
2900.0,-739.8834974956186,3.8962758,39.898647,0.7513283532066645
2900.0,-739.8759743950022,3.8961155,39.948551,0.7510082926081112
2900.0,-739.8828787789901,3.895875,39.998455,0.7506882322420879
2900.0,-739.8748328597727,3.8958349,39.898647,0.7503681721373477
2900.0,-739.876493838841,3.8956344,39.92358,0.75004811131409
2900.0,-739.8827202697112,3.8953137,39.911114,0.749728051016635
2900.0,-739.8761006641254,3.8947527,40.035892,0.7494079903634594
2900.0,-739.8820678615781,3.8945522,39.861206,0.7490879303482246
2900.0,-739.875721674119,3.8946724,39.998455,0.7487678698589952
2900.0,-739.8837624994377,3.8943517,39.961014,0.7484478091106899
2900.0,-739.8755212601823,3.8941514,39.898647,0.7481277487081568
2900.0,-739.8824147626219,3.8938308,39.861206,0.7478076885428588
2900.0,-739.8753843712002,3.8936703,39.948551,0.7474876281995421
2900.0,-739.8822327424477,3.89347,39.948551,0.7471675681129828
2900.0,-739.8731760808452,3.8932695,39.948551,0.7468475087249434
2900.0,-739.88100472067,3.8925881,39.936085,0.7465274491696048
2900.0,-739.8747804919471,3.8925881,39.911114,0.7462073890875184
2900.0,-739.8817717416165,3.892468,39.936085,0.7458873292003799
2900.0,-739.8750856420467,3.8922274,39.886139,0.7455672689862896
2900.0,-739.8762219162035,3.8919468,39.961014,0.7452472082806618
2900.0,-739.8835024149998,3.8917863,39.936085,0.7449271476448646
2900.0,-739.8766017483866,3.8913455,39.898647,0.7446070867749265
2900.0,-739.8832041587259,3.8912253,39.961014,0.7442870262681497
2900.0,-739.87568850815,3.8912253,39.985989,0.7439669657932672
2900.0,-739.8829467721255,3.8907442,39.936085,0.7436469053978313
2900.0,-739.876089018941,3.8905039,39.948551,0.7433268447496931
2900.0,-739.8835577742303,3.8905039,39.948551,0.7430067840899485
2900.0,-739.8755677442297,3.8900228,39.998455,0.7426867236673069
2900.0,-739.8839727302101,3.8899026,39.936085,0.7423666628280595
2900.0,-739.8790699983962,3.8895419,39.92358,0.742046600890389
2900.0,-739.8841578262893,3.8893414,39.873672,0.7417265399710723
2900.0,-739.8762059981303,3.8890607,40.023388,0.7414064792723305
2900.0,-739.8748993519401,3.8889406,39.985989,0.7410864191388268
2900.0,-739.8826557303437,3.8888202,39.948551,0.7407663588692903
2900.0,-739.8743421032534,3.8885398,39.961014,0.740446298976845
2900.0,-739.8825721241919,3.8883793,39.948551,0.7401262387434752
2900.0,-739.8759623592713,3.8881788,39.948551,0.7398061781501285
2900.0,-739.8833272797492,3.8879385,39.998455,0.7394861175900915
2900.0,-739.8766467921081,3.8878181,39.985989,0.7391660567006683
2900.0,-739.883565806249,3.8875778,40.023388,0.7388459960374489
2900.0,-739.8761876026393,3.8870966,39.948551,0.7385259353466649
2900.0,-739.8837090319778,3.8869765,39.936085,0.7382058746214886
2900.0,-739.8759352474394,3.8866558,39.961014,0.7378858140398701
2900.0,-739.8847814504301,3.8864954,39.84874,0.7375657528507844
2900.0,-739.8766223902624,3.8864152,39.998455,0.737245691971917
2900.0,-739.8765487947924,3.8860145,39.911114,0.736925631124886
2900.0,-739.8832903896596,3.8857338,39.936085,0.736605570580807
2900.0,-739.8763447430529,3.8854933,40.023388,0.7362855098220462
2900.0,-739.8839249020458,3.8854532,39.92358,0.7359654490034884
2900.0,-739.8770318735976,3.885253,39.936085,0.7356453879474838
2900.0,-739.8838549436749,3.8850925,39.886139,0.7353253271591886
2900.0,-739.8738913482402,3.8846517,39.961014,0.735005267461734
2900.0,-739.8816025756394,3.884371,39.911114,0.7346852076477739
2900.0,-739.8750991189222,3.8842509,39.948551,0.7343651474278536
2900.0,-739.8836984486421,3.8840103,39.873672,0.7340450867072555
2900.0,-739.8763055092362,3.8838899,39.936085,0.7337250259654666
2900.0,-739.8834988506253,3.8838098,39.911114,0.7334049653312111
2900.0,-739.8748013539081,3.8834491,39.97348,0.7330849052401001
2900.0,-739.8743443366437,3.883369,39.911114,0.7327648453466885
2900.0,-739.8825207936583,3.8828478,39.911114,0.7324447851355234
2900.0,-739.8746272460515,3.8825271,39.97348,0.732124725119729
2900.0,-739.8826622248191,3.8825672,39.985989,0.7318046648473832
2900.0,-739.8761589525635,3.8822868,39.985989,0.7314846041689929
2900.0,-739.8824242472592,3.8821263,39.985989,0.731164543999592
2900.0,-739.8755249468928,3.8818457,39.998455,0.7308444835954641
2900.0,-739.8829415109998,3.881525,39.92358,0.7305244232023039
2900.0,-739.8752704555044,3.8811643,39.998455,0.7302043629082656
2900.0,-739.8826450616742,3.8809638,39.886139,0.7298843026433444
2900.0,-739.8755503372297,3.8806834,39.998455,0.7295642422282329
2900.0,-739.8814514762813,3.8808436,39.998455,0.7292441824796357
2900.0,-739.8756508494117,3.8804028,39.97348,0.7289241220210441
2900.0,-739.8758050847193,3.8800821,39.948551,0.7286040614957322
2900.0,-739.8828867255726,3.880002,39.998455,0.7282840011262713
2900.0,-739.8737507116685,3.8797615,39.936085,0.7279639414896542
2900.0,-739.8840175298428,3.879601,39.92358,0.7276438806310271
2900.0,-739.8750707132832,3.8791602,39.898647,0.7273238204233947
2900.0,-739.8825101973281,3.8790801,39.97348,0.7270037602168133
2900.0,-739.8759404480425,3.8788395,39.948551,0.7266836996329451
2900.0,-739.8814903434754,3.8787594,39.936085,0.7263636398675346
2900.0,-739.8745442261,3.8786793,39.948551,0.7260435798876537
2900.0,-739.8830066725673,3.8782382,39.998455,0.7257235194663058
2900.0,-739.8761824510465,3.8779976,39.811306,0.7254034587777503
2900.0,-739.8829839063476,3.8778775,39.861206,0.7250833983662507
2900.0,-739.8744767825829,3.877677,39.92358,0.7247633384155449
2900.0,-739.875182711955,3.8773966,39.92358,0.7244432781594632
2900.0,-739.8835145365949,3.8773966,39.92358,0.7241232175184223
2900.0,-739.8735863692159,3.8767953,39.911114,0.7238031579528975
2900.0,-739.8824447676856,3.8768754,39.936085,0.7234830977746199
2900.0,-739.8759155573229,3.8763945,39.911114,0.7231630372015191
2900.0,-739.882394779778,3.8762341,39.92358,0.7228429770448653
2900.0,-739.8744263924557,3.8761539,39.961014,0.7225229171159576
2900.0,-739.8819523819207,3.8758733,39.948551,0.7222028571506774
2900.0,-739.8737733555943,3.8755927,39.911114,0.7218827975042648
2900.0,-739.8817569099058,3.875272,39.936085,0.7215627376235423
2900.0,-739.8736150434388,3.8751519,39.911114,0.7212426780456135
2900.0,-739.8812092752098,3.8751118,39.92358,0.7209226184017883
2900.0,-739.8725980683201,3.8749113,39.936085,0.7206025592637895
2900.0,-739.8736131880099,3.8745506,39.936085,0.7202824996866632
2900.0,-739.8820898950935,3.8743901,39.948551,0.7199624396618972
2900.0,-739.874722240241,3.8742299,39.961014,0.7196423796050097
2900.0,-739.8811863381178,3.8739092,39.961014,0.7193223199711065
2900.0,-739.87196932362,3.8737087,39.961014,0.7190022611050945
2900.0,-739.8803408986804,3.8735085,39.97348,0.7186822018369137
2900.0,-739.873800797196,3.8734684,39.948551,0.7183621421786301
2900.0,-739.881120919935,3.8731477,39.92358,0.7180420825730259
2900.0,-739.8740309228568,3.872787,39.985989,0.7177220228151932
2900.0,-739.8809807583447,3.8726666,39.97348,0.7174019632702202
2900.0,-739.8732078676741,3.8725464,39.97348,0.7170819038684303
2900.0,-739.880520416139,3.8723059,39.886139,0.7167618445225934
2900.0,-739.8731841127831,3.8720253,39.948551,0.7164417851310795
2900.0,-739.8740816793836,3.8717446,39.998455,0.71612172535129
2900.0,-739.8814416982963,3.871424,39.92358,0.7158016656069226
2900.0,-739.8745010014846,3.8713439,39.948551,0.7154816056457399
2900.0,-739.8809890711259,3.8710632,39.948551,0.7151615460971712
2900.0,-739.8747950671006,3.8709831,39.948551,0.7148414860087797
2900.0,-739.8828147280922,3.8706625,39.961014,0.7145214256704636
2900.0,-739.8748828966993,3.8703017,39.985989,0.7142013655440782
2900.0,-739.8820147238914,3.8702216,39.948551,0.7138813055518299
2900.0,-739.8749709817852,3.8701415,39.92358,0.7135612453873401
2900.0,-739.8819586200876,3.8697405,39.92358,0.7132411854193613
2900.0,-739.874956931726,3.8696604,39.936085,0.7129211252609493
2900.0,-739.8807617384975,3.8694599,39.936085,0.7126010658107205
2900.0,-739.8747708487105,3.8692997,39.886139,0.7122810057328056
2900.0,-739.8755502273406,3.8690591,39.97348,0.7119609453177417
2900.0,-739.883143867836,3.8685381,39.911114,0.7116408848370455
2900.0,-739.8754822834899,3.8685782,39.886139,0.7113208244513732
2900.0,-739.8811620703711,3.8682976,39.948551,0.711000764827968
2900.0,-739.8729157913184,3.868057,39.948551,0.7106807055525264
2900.0,-739.8812424173651,3.8679769,39.948551,0.7103606458943644
2900.0,-739.8733884575604,3.8677363,39.948551,0.7100405864144537
2900.0,-739.8826307059502,3.8675361,39.898647,0.7097205261557424
2900.0,-739.8755030718845,3.8673356,39.948551,0.7094004657610773
2900.0,-739.8831374472346,3.8670149,39.92358,0.7090804052831586
2900.0,-739.8739749661363,3.8668544,39.97348,0.7087603455495319
2900.0,-739.8826939265317,3.866574,39.948551,0.7084402852634726
2900.0,-739.8754702595255,3.8663735,39.961014,0.7081202248830016
2900.0,-739.8768678115978,3.866133,39.948551,0.7078001638979682
2900.0,-739.8837155264532,3.8660128,39.97348,0.7074801031699826
2900.0,-739.8753841029232,3.8656521,39.936085,0.7071600428267819
2900.0,-739.8835774152274,3.8657322,39.948551,0.7068399821585407
2900.0,-739.8766363672667,3.8654516,39.886139,0.7065199212736271
2900.0,-739.8837277945687,3.865211,39.985989,0.7061998605403345
2900.0,-739.8752229827612,3.8648503,39.961014,0.7058798002668323
2900.0,-739.8823825360143,3.8648503,39.97348,0.705559740115475
2900.0,-739.875256625019,3.8644896,39.948551,0.7052396798274196
2900.0,-739.8818818129117,3.8642089,39.911114,0.7049196198926663
2900.0,-739.8761731249946,3.8641689,39.998455,0.704599559208145
2900.0,-739.8833543673996,3.8638082,39.911114,0.7042794986363905
2900.0,-739.8757281072408,3.8638482,39.936085,0.7039594381443781
2900.0,-739.8764516635957,3.863728,39.97348,0.7036393773393648
2900.0,-739.8850090879682,3.8630466,39.985989,0.7033193160518071
2900.0,-739.8766781641411,3.8632069,39.961014,0.7029992551488126
2900.0,-739.8846209270073,3.8630066,39.948551,0.7026791940291666
2900.0,-739.8764341831318,3.8626859,39.948551,0.7023591332317151
2900.0,-739.8833086029014,3.8623652,39.898647,0.7020390726797574
2900.0,-739.8773298334245,3.8624053,39.886139,0.7017190114948593
2900.0,-739.884186378325,3.8622048,39.998455,0.7013989505631915
2900.0,-739.8760604059041,3.861764,39.936085,0.7010788899274311
2900.0,-739.8855368987213,3.861804,39.948551,0.7007588284115517
2900.0,-739.8782346021666,3.8615234,39.948551,0.7004387668352626
2900.0,-739.8847857348213,3.8611226,39.985989,0.7001187056443237
2900.0,-739.8764643834228,3.8610826,39.998455,0.6997986448338078
2900.0,-739.8773796255048,3.8607619,39.911114,0.6994785836273704
2900.0,-739.8831968590023,3.8607619,39.886139,0.6991585231237513
2900.0,-739.8774340932985,3.8602006,39.898647,0.6988384618937518
2900.0,-739.8835978744671,3.8600805,39.92358,0.6985184012166603
2900.0,-739.8786540337475,3.85992,39.961014,0.6981983394589306
2900.0,-739.8859041610858,3.8597999,40.010921,0.69787827778418
2900.0,-739.8771992923336,3.8595994,39.936085,0.6975582166557524
2900.0,-739.8848066822237,3.8593991,39.936085,0.6972381554557519
2900.0,-739.8773217767258,3.8591185,39.936085,0.696918094274339
2900.0,-739.8839646247266,3.858958,39.961014,0.6965980334385978
2900.0,-739.876345426228,3.8587577,39.985989,0.6962779726795415
2900.0,-739.883658861022,3.8588378,39.936085,0.6959579119760683
2900.0,-739.8766583397837,3.8583167,39.92358,0.6956378510816495
2900.0,-739.8756785595974,3.8582366,39.911114,0.6953177906110708
2900.0,-739.8821135277481,3.8579159,39.898647,0.6949977305760817
2900.0,-739.875575190808,3.8577557,39.936085,0.694677670150219
2900.0,-739.8826862117011,3.857475,39.92358,0.694357609867497
2900.0,-739.8753736168958,3.8571944,39.97348,0.6940375495288322
2900.0,-739.8831941367107,3.8570342,39.911114,0.6937174890263907
2900.0,-739.8754991660094,3.8569539,39.97348,0.6933974286334152
2900.0,-739.8830857986944,3.8566732,39.873672,0.6930773681778388
2900.0,-739.8738645784565,3.8564329,39.97348,0.6927573084919645
2900.0,-739.8828715154873,3.8563526,39.936085,0.6924372481290831
2900.0,-739.8772671016364,3.8561523,39.985989,0.6921171869713221
2900.0,-739.8847135057937,3.8556712,39.936085,0.6917971258116281
2900.0,-739.8759855402625,3.8554709,39.998455,0.6914770652082536
2900.0,-739.875732648304,3.8556311,39.936085,0.6911570047142768
2900.0,-739.8840275642386,3.8553505,39.886139,0.6908369438513091
2900.0,-739.8760109917854,3.8553104,39.97348,0.6905168832369245
2900.0,-739.8825503955862,3.8549097,39.961014,0.6901968230129542
2900.0,-739.8765608549772,3.8545089,40.010921,0.689876762160706
2900.0,-739.8835691270027,3.8543484,39.92358,0.6895567014960502
2900.0,-739.8760905690539,3.8543885,39.911114,0.6892366408472416
2900.0,-739.882935480642,3.8540277,39.948551,0.6889165804566901
2900.0,-739.8758198060848,3.8539877,39.985989,0.68859651992501
2900.0,-739.8834486673913,3.8534667,39.97348,0.688276459312463
2900.0,-739.8762242594829,3.8535869,39.911114,0.6879563986058217
2900.0,-739.8838883914563,3.8533864,39.936085,0.6876363378030577
2900.0,-739.8755140090306,3.8531861,39.936085,0.6873162774036613
2900.0,-739.8758478822607,3.8528655,39.97348,0.6869962168598358
2900.0,-739.8818603164672,3.8529456,39.948551,0.6866761569343814
2900.0,-739.8749836163815,3.8525448,39.886139,0.6863560967644261
2900.0,-739.8831347002842,3.8521841,39.961014,0.6860360362876957
2900.0,-739.875487019673,3.8521841,39.92358,0.6857159758999746
2900.0,-739.8837596550799,3.8521841,39.948551,0.6853959151528998
2900.0,-739.8761872239617,3.8515828,40.010921,0.6850758544622795
2900.0,-739.8826160696681,3.8514626,39.948551,0.6847557942098995
2900.0,-739.8748747423895,3.8511419,39.961014,0.6844357340870416
2900.0,-739.8811266939845,3.8510215,39.911114,0.6841156744789395
2900.0,-739.873543974397,3.8508613,39.961014,0.6837956149317541
2900.0,-739.8823163856389,3.8508213,39.97348,0.6834755548090123
2900.0,-739.8752009371893,3.8505807,39.998455,0.6831554945450468
2900.0,-739.8823928382806,3.8503802,39.948551,0.6828354343892329
2900.0,-739.8758237249542,3.8500595,39.97348,0.6825153738558575
2900.0,-739.878208430225,3.8498192,39.961014,0.68219531229089
2900.0,-739.8854468348264,3.8496187,39.97348,0.6818752508139707
2900.0,-739.8773068598313,3.8495386,39.97348,0.6815551896390107
2900.0,-739.8846193764696,3.8493381,39.961014,0.6812351285200355
2900.0,-739.8770636236945,3.849298,39.961014,0.6809150674502963
2900.0,-739.8839397831765,3.8488572,39.936085,0.6805950066253011
2900.0,-739.8767758564479,3.8486567,39.998455,0.6802749456800463
2900.0,-739.8849444269439,3.8486166,39.92358,0.6799548844204598
2900.0,-739.8774483999704,3.8481355,39.961014,0.6796348231842714
2900.0,-739.8842376847115,3.8484161,40.010921,0.6793147622304092
2900.0,-739.8778435154478,3.8478551,39.898647,0.6789947008232992
2900.0,-739.8838082391748,3.8476946,39.948551,0.6786746400552076
2900.0,-739.8753432700859,3.8474941,40.010921,0.6783545797296707
2900.0,-739.8751859959432,3.8472538,39.97348,0.6780345194721685
2900.0,-739.882611077129,3.846853,40.010921,0.6777144592219483
2900.0,-739.8760678639421,3.8471737,39.886139,0.6773943985829617
2900.0,-739.8817837775708,3.8466125,39.92358,0.6770743386906167
2900.0,-739.8748490222827,3.8465724,39.948551,0.6767542785788849
2900.0,-739.881955592784,3.8464921,39.97348,0.6764342186122158
2900.0,-739.8749547466297,3.8460512,39.948551,0.676114158454749
2900.0,-739.8819210221571,3.8462517,39.92358,0.6757940985030344
2900.0,-739.8738442781172,3.845891,40.010921,0.6754740388259417
2900.0,-739.8809309289288,3.84553,39.985989,0.6751539793025242
2900.0,-739.8738098910891,3.8451693,39.985989,0.6748339196403068
2900.0,-739.8811346652258,3.8453298,40.023388,0.6745138600287566
2900.0,-739.8751224586081,3.844969,40.035892,0.6741937997987397
2900.0,-739.8751580783596,3.844969,39.936085,0.6738737395533143
2900.0,-739.8821745633136,3.8446484,39.911114,0.6735536794919224
2900.0,-739.8740615867492,3.8442876,39.948551,0.6732336197208247
2900.0,-739.8812350441766,3.8442476,39.985989,0.6729135600658522
2900.0,-739.8736634931112,3.8439269,39.97348,0.6725935004669648
2900.0,-739.8808663165058,3.8437665,39.961014,0.6722734409714974
2900.0,-739.8753879113918,3.8435662,39.92358,0.6719533806266492
2900.0,-739.8833531221809,3.8434057,39.936085,0.6716333200554333
2900.0,-739.8745917602338,3.8432455,39.97348,0.6713132600549897
2900.0,-739.8817262697498,3.8429248,39.936085,0.6709932001875217
2900.0,-739.875572261146,3.8428445,39.92358,0.6706731397629263
2900.0,-739.8825758718192,3.8428445,39.948551,0.6703530795279352
2900.0,-739.8748895369121,3.8424838,39.985989,0.6700330193986773
2900.0,-739.8745572756969,3.8422835,39.936085,0.6697129594131512
2900.0,-739.8819998798001,3.8422835,39.998455,0.6693928994273243
2900.0,-739.8747293570495,3.8420029,40.010921,0.6690728393673581
2900.0,-739.8830571001383,3.8416021,40.023388,0.668752778924196
2900.0,-739.8751933074623,3.8413215,39.936085,0.668432718663531
2900.0,-739.8821054835535,3.8410408,39.961014,0.6681126586320217
2900.0,-739.8762536667095,3.8412011,39.911114,0.6677925979126592
2900.0,-739.8838450802538,3.8408804,39.936085,0.6674725371286309
2900.0,-739.8752810880508,3.8407202,39.97348,0.6671524768299931
2900.0,-739.8827811831081,3.8406401,39.961014,0.6668324165061881
2900.0,-739.8742938001,3.8401589,39.998455,0.666512356634638
2900.0,-739.8822436800107,3.8404396,39.97348,0.6661922965433474
2900.0,-739.8736706951503,3.8400388,39.961014,0.6658722369413443
2900.0,-739.87494815512,3.8398783,39.948551,0.665552176786729
2900.0,-739.883605259627,3.8395977,39.998455,0.6652321161064428
2900.0,-739.8750285988147,3.8391969,39.985989,0.6649120559170286
2900.0,-739.8808726521826,3.8391969,39.911114,0.6645919964188205
2900.0,-739.8743989142242,3.8389163,39.911114,0.6642719365017995
2900.0,-739.8820984401382,3.8388762,40.048359,0.6639518764733372
2900.0,-739.8734212458747,3.8386357,39.97348,0.6636318169792426
2900.0,-739.8809222125003,3.8384354,39.97348,0.6633117574595956
2900.0,-739.8729762649552,3.8383152,39.985989,0.662991698157994
2900.0,-739.8801331581408,3.8382349,39.961014,0.6626716389796781
2900.0,-739.8736325119315,3.8378341,39.97348,0.6623515793941926
2900.0,-739.8807961990294,3.8375936,39.873672,0.6620315199290568
2900.0,-739.8741228170253,3.8373933,39.985989,0.6617114601314718
2900.0,-739.8743267832273,3.8372729,39.961014,0.6613914002456537
2900.0,-739.8823195104522,3.8371127,39.92358,0.6610713401215601
2900.0,-739.8742392719389,3.8369522,40.023388,0.6607512802735983
2900.0,-739.8828950750863,3.8366315,39.948551,0.6604312199005256
2900.0,-739.8744975220696,3.8365915,39.985989,0.660111159940848
2900.0,-739.8816279784076,3.8362308,39.97348,0.6597911001158991
2900.0,-739.874774620754,3.8360305,40.023388,0.6594710400363524
2900.0,-739.8805156555565,3.83587,39.948551,0.6591509806925749
2900.0,-739.8746089599381,3.83583,39.936085,0.6588309206846908
2900.0,-739.8825029343369,3.8355894,39.985989,0.6585108604812513
2900.0,-739.8761459278298,3.8351486,39.873672,0.6581907998084953
2900.0,-739.8821331082747,3.8352287,39.97348,0.657870739765036
2900.0,-739.8736455608123,3.8351486,40.010921,0.6575506801739057
2900.0,-739.874285938828,3.8347077,39.97348,0.6572306203057564
2900.0,-739.8811645115932,3.8345473,40.07333,0.6569105606812952
2900.0,-739.8752895231203,3.8343871,39.961014,0.6565905003790085
2900.0,-739.8818548717817,3.8343468,39.948551,0.6562704404559094
2900.0,-739.87249256324,3.8339059,39.948551,0.6559503813635507
2900.0,-739.8811164764381,3.8337858,39.97348,0.6556303217598686
2900.0,-739.8736451705726,3.8335853,39.961014,0.6553102621689071
2900.0,-739.8822063752234,3.8335052,39.97348,0.6549902020937539
2900.0,-739.8750319924875,3.8332646,40.010921,0.6546701419028715
2900.0,-739.8823860878038,3.8329439,40.010921,0.6543500817499778
2900.0,-739.876048137912,3.8329439,39.97348,0.6540300211195242
2900.0,-739.8825305101498,3.8326232,39.898647,0.653709960904156
2900.0,-739.875800507231,3.8325832,40.023388,0.6533899003808242
2900.0,-739.8766381736853,3.8323026,40.023388,0.6530698394951292
2900.0,-739.8826482476742,3.8323026,40.060825,0.6527497792288296
2900.0,-739.8756188549802,3.8321023,39.948551,0.6524297187840783
2900.0,-739.8813080183915,3.8318617,39.998455,0.6521096590975385
2900.0,-739.8745661378405,3.831501,40.023388,0.6517895991081787
2900.0,-739.8806791939023,3.8315411,39.92358,0.6514695396936574
2900.0,-739.8748054675905,3.8312204,39.898647,0.6511494796007667
2900.0,-739.8810702363626,3.8308997,39.985989,0.6508294200170872
2900.0,-739.8730052073528,3.8308196,39.948551,0.6505093607029654
2900.0,-739.8801812543801,3.8306992,39.998455,0.6501893015038439
2900.0,-739.8733589046334,3.830539,39.961014,0.6498692420367174
2900.0,-739.8815894405775,3.8302984,39.948551,0.6495491822284393
2900.0,-739.8744368781762,3.8301382,39.961014,0.6492291222949956
2900.0,-739.8750057598714,3.8299377,40.010921,0.6489090621154611
2900.0,-739.8837589101996,3.8299778,39.998455,0.6485890013687085
2900.0,-739.8764780918432,3.8297372,39.998455,0.6482689405522626
2900.0,-739.8831726034315,3.8292162,39.911114,0.647948880059136
2900.0,-739.8748283559531,3.8291361,39.92358,0.6476288199563441
2900.0,-739.8835621684096,3.8290558,39.97348,0.6473087592946984
2900.0,-739.8757138377102,3.8288155,39.911114,0.6469886988088589
2900.0,-739.8824690351254,3.8288155,39.961014,0.6466686386200836
2900.0,-739.8762502973884,3.8285348,39.97348,0.6463485779021786
2900.0,-739.882878900954,3.8282542,39.886139,0.6460285175361025
2900.0,-739.8763494424015,3.8281741,39.985989,0.6457084567753087
2900.0,-739.8827464047744,3.827733,39.898647,0.6453883964665481
2900.0,-739.8750545021724,3.8274927,39.961014,0.6450683362659284
2900.0,-739.8751375339928,3.8272922,39.97348,0.6447482760293902
2900.0,-739.8826730524919,3.8273723,39.92358,0.6444282157523605
2900.0,-739.8754898395482,3.8272121,39.97348,0.6441081553634197
2900.0,-739.8823162999981,3.8269315,40.010921,0.6437880952407148
2900.0,-739.8746723754128,3.8268111,40.023388,0.6434680352053981
2900.0,-739.8819557508664,3.8265707,39.998455,0.6431479752386606
2900.0,-739.8739508210056,3.8262901,39.92358,0.6428279155154788
2900.0,-739.8830036326784,3.8260496,40.010921,0.642507855095446
2900.0,-739.8759386415215,3.8260095,39.92358,0.6421877945123592
2900.0,-739.8827912048164,3.8258493,40.035892,0.6418677341842189
2900.0,-739.8752054778433,3.8258893,39.898647,0.641547673918289
2900.0,-739.8823235633987,3.8254483,40.07333,0.6412276137924423
2900.0,-739.876030779513,3.8252881,39.936085,0.6409075531694979
2900.0,-739.8761638596171,3.8253281,40.035892,0.6405874924889846
2900.0,-739.8836364123996,3.8252881,40.023388,0.6402674317952224
2900.0,-739.8761395432066,3.8246868,39.948551,0.6399473711252283
2900.0,-739.8827216492742,3.8244061,39.97348,0.6396273108271765
2900.0,-739.8747157948411,3.8244061,39.961014,0.639307250773077
2900.0,-739.8831133870925,3.8239653,39.998455,0.6389871903055664
2900.0,-739.8740406396599,3.8239653,39.985989,0.6386671305435303
2900.0,-739.8817427009067,3.8237247,40.010921,0.6383470706689544
2900.0,-739.8750715797094,3.8237648,39.936085,0.6380270104609471
2900.0,-739.8818546032975,3.823364,40.010921,0.6377069505379642
2900.0,-739.8747586296262,3.8232036,40.010921,0.6373868904653351
2900.0,-739.8827719663411,3.8230033,40.010921,0.637066830145517
2900.0,-739.8748522082506,3.8231635,39.961014,0.636746770032407
2900.0,-739.8756007031076,3.8230033,39.998455,0.636426709595508
2900.0,-739.8832261074191,3.8226826,39.985989,0.6361066490792364
2900.0,-739.8757887151183,3.8223619,39.998455,0.6357865885610059
2900.0,-739.8825029710692,3.8223619,40.035892,0.6354665283575505
2900.0,-739.8744976930425,3.8220413,40.035892,0.635146468397799
2900.0,-739.884302004196,3.8218408,40.010921,0.6348264074161134
2900.0,-739.8766582424796,3.8216805,39.961014,0.6345063465217367
2900.0,-739.8843139670947,3.8216004,39.998455,0.6341862855348762
2900.0,-739.8769032361272,3.8213198,39.961014,0.6338662245345186
2900.0,-739.8845337071633,3.8212395,40.048359,0.6335461634526022
2900.0,-739.8746620114505,3.8209991,39.97348,0.6332261034217689
2900.0,-739.8816687989681,3.8206384,40.048359,0.6329060435791617
2900.0,-739.8742554333234,3.820478,39.998455,0.6325859837242086
2900.0,-739.8732345766813,3.820518,39.961014,0.6322659243108646
2900.0,-739.8818849381344,3.8204379,40.035892,0.6319458643747595
2900.0,-739.8744508183462,3.8202374,40.010921,0.6316258044352854
2900.0,-739.8812483988145,3.8199167,39.998455,0.6313057447745359
2900.0,-739.8726711512809,3.8197165,39.985989,0.6309856856049224
2900.0,-739.8807817458978,3.819556,39.97348,0.6306656261460388
2900.0,-739.872656454267,3.8194358,39.985989,0.6303455669827831
2900.0,-739.881195920265,3.8191953,40.010921,0.630025507344735
2900.0,-739.8722768417598,3.8188746,40.023388,0.6297054483456945
2900.0,-739.8815886838282,3.8189549,40.023388,0.6293853885377437
2900.0,-739.8726375213013,3.8187144,39.961014,0.6290653293826781
2900.0,-739.8806487003691,3.8184338,39.948551,0.6287452699813477
2900.0,-739.8732679873941,3.8182733,40.010921,0.6284252105535507
2900.0,-739.872964960898,3.8179929,39.985989,0.6281051512568391
2900.0,-739.882163345295,3.818033,39.948551,0.6277850912002997
2900.0,-739.8722039780658,3.817632,39.998455,0.6274650322327793
2900.0,-739.8807262646011,3.8175919,39.998455,0.6271449727978959
2900.0,-739.8724521580906,3.8175118,39.97348,0.6268249137230159
2900.0,-739.878301410244,3.817071,40.035892,0.6265048553370821
2900.0,-739.8716759167252,3.8169105,39.948551,0.6261847965979939
2900.0,-739.8812566630967,3.8168705,40.023388,0.6258647369336695
2900.0,-739.8735681075565,3.8166702,39.985989,0.6255446773760445
2900.0,-739.8812896586293,3.8163896,40.010921,0.6252246176974469
2900.0,-739.8742449112801,3.8162291,40.085796,0.6249045578470453
2900.0,-739.8810926731161,3.8160689,40.098263,0.6245844982536601
2900.0,-739.8725332246952,3.8159485,40.048359,0.6242644391437118
2900.0,-739.8799029934329,3.8157482,39.961014,0.6239443800649611
2900.0,-739.8736752969902,3.8153474,39.998455,0.6236243204609675
2900.0,-739.8729533279917,3.8154275,40.023388,0.623304261169288
2900.0,-739.8809692345977,3.8153071,40.010921,0.6229842016293001
2900.0,-739.8721726917751,3.8149464,40.023388,0.6226641426753136
2900.0,-739.8803562552862,3.8149865,39.998455,0.6223440834004899
2900.0,-739.871101029289,3.8146658,40.023388,0.6220240249100903
2900.0,-739.879273009775,3.8143051,39.998455,0.6217039661038596
2900.0,-739.8713162747873,3.8143854,39.97348,0.6213839075203478
2900.0,-739.8794224246602,3.8141048,40.023388,0.6210638486494828
2900.0,-739.8734370778986,3.8140244,39.948551,0.6207437891485394
2900.0,-739.8812066015196,3.8136637,40.023388,0.6204237295058708
2900.0,-739.8735648243868,3.8135836,39.998455,0.6201036699496661
2900.0,-739.8808073193336,3.8135436,39.998455,0.61978361047972
2900.0,-739.8720824089054,3.8134634,39.998455,0.6194635515647886
2900.0,-739.8722824084555,3.8131428,40.060825,0.6191434925633401
2900.0,-739.8801592693637,3.8129022,40.010921,0.6188234333737289
2900.0,-739.8713766015983,3.812742,39.97348,0.6185033747641205
2900.0,-739.880680317157,3.8125815,40.035892,0.6181833153491133
2900.0,-739.87426705477,3.8124213,39.948551,0.6178632554891329
2900.0,-739.8823445349482,3.8122609,40.035892,0.6175431953542141
2900.0,-739.8742385270662,3.8120604,39.97348,0.6172231355065746
2900.0,-739.8816582639269,3.8119001,39.961014,0.6169030756685246
2900.0,-739.8729095536235,3.8115795,40.048359,0.6165830163957814
2900.0,-739.8798147241058,3.8114192,39.97348,0.6162629573552144
2900.0,-739.8726277800442,3.8114994,40.023388,0.6159428982043628
2900.0,-739.8797301287367,3.8112187,40.010921,0.6156228392003904
2900.0,-739.8742897594725,3.810818,39.985989,0.6153027793305883
2900.0,-739.8735349902908,3.810858,39.998455,0.6149827197872894
2900.0,-739.8814699332463,3.8107779,39.97348,0.614662660030708
2900.0,-739.8751114355152,3.8104169,39.985989,0.6143425998054597
2900.0,-739.8821744534233,3.8102167,39.97348,0.6140225397441151
2900.0,-739.8755960037589,3.8100965,39.985989,0.613702479309249
2900.0,-739.8818924329797,3.8100162,39.961014,0.6133824193699017
2900.0,-739.8746168333859,3.8097355,40.060825,0.6130623593586118
2900.0,-739.8812134988237,3.8093748,39.936085,0.6127422997129593
2900.0,-739.8738093661993,3.8093348,39.961014,0.6124222400509691
2900.0,-739.8797884419084,3.8090141,40.07333,0.6121021810217715
2900.0,-739.8740614773716,3.8090942,40.07333,0.6117821212507211
2900.0,-739.8803209276033,3.8088939,40.048359,0.6114620619911795
2900.0,-739.8730486522581,3.8087335,40.035892,0.611142002658264
2900.0,-739.8716976451122,3.8084931,40.048359,0.6108219439097764
2900.0,-739.8802293747666,3.8083727,40.060825,0.6105018846898389
2900.0,-739.8725050998161,3.8083327,40.023388,0.6101818255920571
2900.0,-739.8809091268583,3.8080521,39.97348,0.6098617660780707
2900.0,-739.8743868662151,3.8078918,40.07333,0.6095417061662616
2900.0,-739.8833552339368,3.8074911,40.07333,0.6092216455941322
2900.0,-739.8758750305177,3.8074911,40.035892,0.6089015850385627
2900.0,-739.8810937224968,3.8072906,39.985989,0.6085815254447235
2900.0,-739.8742023943961,3.8071704,39.97348,0.6082614656127143
2900.0,-739.8808874961717,3.8069298,39.961014,0.607941406108085
2900.0,-739.8732805477079,3.8068497,40.010921,0.6076213466748547
2900.0,-739.8827883976003,3.8066492,40.023388,0.6073012863479288
2900.0,-739.8761166066523,3.8063686,39.97348,0.6069812256878566
2900.0,-739.8762271772762,3.8063686,40.010921,0.606661164979953
2900.0,-739.8828454776268,3.8062084,39.998455,0.6063411046283353
2900.0,-739.8744726080215,3.8058476,40.048359,0.6060210446794354
2900.0,-739.8806844551303,3.8056071,40.110729,0.605700985262638
2900.0,-739.8726355804372,3.805527,40.010921,0.605380926108412
2900.0,-739.881201328218,3.8053265,39.97348,0.6050608664680245
2900.0,-739.8750827245603,3.8054066,39.97348,0.6047408062551962
2900.0,-739.882425065195,3.8050458,40.060825,0.6044207460854415
2900.0,-739.875389547247,3.8048053,39.97348,0.6041006857398856
2900.0,-739.8817922494577,3.8046851,40.010921,0.6037806258438759
2900.0,-739.8742880628407,3.8044045,39.998455,0.6034605659748078
2900.0,-739.8810686001841,3.8046451,39.985989,0.603140506391836
2900.0,-739.8747426017662,3.8039637,40.010921,0.6028204463261404
2900.0,-739.8750736795752,3.8041239,40.048359,0.6025003861172248
2900.0,-739.8819039807715,3.8037632,39.948551,0.6021803261728821
2900.0,-739.8758669618478,3.8035629,39.985989,0.601860265620803
2900.0,-739.8834263522948,3.8031619,40.010921,0.601540205017909
2900.0,-739.8764776890184,3.803643,40.010921,0.6012201442016374
2900.0,-739.8829244700235,3.8031619,39.97348,0.6009000838158489
2900.0,-739.8758673524967,3.8031218,40.010921,0.6005800232636008
2900.0,-739.8846076576009,3.8025608,40.010921,0.600259962149695
2900.0,-739.8780161946427,3.8025205,39.998455,0.599939900667886
2900.0,-739.8849069148588,3.8023202,40.085796,0.5996198394245267
2900.0,-739.8769235486423,3.8023202,40.035892,0.5992997784153822
2900.0,-739.8824600632071,3.8021998,40.060825,0.5989797182304879
2900.0,-739.8756204177805,3.8019996,40.023388,0.5986596577850606
2900.0,-739.875387496289,3.8016388,39.961014,0.598339597440392
2900.0,-739.8823483800853,3.8015585,40.023388,0.5980195373038099
2900.0,-739.8742421399035,3.8013983,40.010921,0.5976994774546074
2900.0,-739.8817507573795,3.8010375,40.035892,0.5973794175765464
2900.0,-739.874540234892,3.8011177,40.035892,0.5970593575983919
2900.0,-739.8811877781513,3.800837,39.985989,0.5967392979638659
2900.0,-739.8724926610557,3.8009174,40.048359,0.596419238871465
2900.0,-739.8795404182883,3.8005564,39.998455,0.596099179949558
2900.0,-739.8734728198175,3.8002357,40.010921,0.5957791204331532
2900.0,-739.8826319514758,3.8003161,40.048359,0.595459060173903
2900.0,-739.8740381980531,3.8001957,40.07333,0.5951390004129231
2900.0,-739.8810994603253,3.7997949,39.985989,0.5948189408166019
2900.0,-739.8746518184608,3.7997949,40.010921,0.5944988807901778
2900.0,-739.873391582854,3.7996747,40.060825,0.5941788213089151
2900.0,-739.8809623984802,3.7993541,40.048359,0.5938587617718843
2900.0,-739.8753705039827,3.7991936,40.010921,0.5935387014345664
2900.0,-739.8824261030137,3.7988729,40.010921,0.5932186412643627
2900.0,-739.8739763089535,3.7989933,40.023388,0.5928985815301553
2900.0,-739.8826084769037,3.7987928,39.985989,0.5925785212810598
2900.0,-739.8758674863282,3.7985523,39.998455,0.5922584607287539
2900.0,-739.8823926435681,3.7981515,40.023388,0.5919384005730243
2900.0,-739.875333578146,3.7982717,40.048359,0.5916183402516799
2900.0,-739.8838564453043,3.7977908,40.048359,0.5912982794627353
2900.0,-739.8752978479937,3.7978308,40.048359,0.5909782191568473
2900.0,-739.8827733825344,3.7976706,40.048359,0.5906581588364167
2900.0,-739.873709037166,3.7973099,40.035892,0.5903380992178274
2900.0,-739.8747812613761,3.7974701,40.048359,0.5900180391354081
2900.0,-739.8831398273725,3.7970293,39.97348,0.5896979786564598
2900.0,-739.8759654111008,3.7970293,40.010921,0.5893779180617928
2900.0,-739.8826843443846,3.7969089,40.110729,0.5890578577798785
2900.0,-739.874999656008,3.7967086,40.010921,0.5887377976029845
2900.0,-739.8816295039795,3.796428,40.023388,0.5884177377773756
2900.0,-739.8732516544228,3.7963479,40.048359,0.5880976783566441
2900.0,-739.8822361483305,3.7962275,40.010921,0.5877776182686115
2900.0,-739.8756464791167,3.7960672,39.998455,0.5874575578119103
2900.0,-739.8816530395336,3.7957065,40.110729,0.5871374979761205
2900.0,-739.8737629066059,3.7957466,40.035892,0.586817438334228
2900.0,-739.8810286467747,3.7954659,40.035892,0.5864973787685394
2900.0,-739.8740229519003,3.7952254,39.985989,0.5861773190141547
2900.0,-739.8730974068371,3.7951453,40.035892,0.5858572596601487
2900.0,-739.881215305363,3.7949448,40.048359,0.5855372000137149
2900.0,-739.8729123732941,3.7947445,39.985989,0.5852171407397518
2900.0,-739.880553033604,3.7946241,40.07333,0.5848970813798052
2900.0,-739.8756703684533,3.7944639,40.07333,0.5845770209127699
2900.0,-739.8833745577458,3.794023,40.023388,0.5842569603322814
2900.0,-739.8737903846327,3.7939427,40.035892,0.5839369006785022
2900.0,-739.8811838231239,3.7936621,40.035892,0.583616841045687
2900.0,-739.8754261924263,3.7936621,40.035892,0.583296780684279
2900.0,-739.8823451451769,3.7937024,40.07333,0.5829767205490963
2900.0,-739.8751230081564,3.7933013,40.048359,0.5826566603188418
2900.0,-739.8827284114154,3.7932212,40.07333,0.5823366000178649
2900.0,-739.8751545506507,3.7931411,40.023388,0.5820165397739655
2900.0,-739.8744211676034,3.7929406,40.07333,0.581696479847318
2900.0,-739.8817654425699,3.79266,40.035892,0.5813764199629045
2900.0,-739.873987197601,3.7923796,40.07333,0.5810563602239867
2900.0,-739.8818966323443,3.7923796,40.010921,0.5807363002828227
2900.0,-739.8738833527275,3.7922192,40.098263,0.5804162405888268
2900.0,-739.8807446483058,3.792099,40.085796,0.580096181145991
2900.0,-739.8730956490194,3.7919786,40.035892,0.5797761217927453
2900.0,-739.8811067963721,3.791698,40.035892,0.5794560621932506
2900.0,-739.8734712210014,3.7917383,40.035892,0.5791360026775375
2900.0,-739.8818535048038,3.7912171,40.035892,0.5788159427550298
2900.0,-739.8738964749699,3.7912571,40.035892,0.5784958830553574
2900.0,-739.881313194081,3.791137,40.07333,0.5781758233665787
2900.0,-739.875116855385,3.7908964,40.023388,0.5778557631389858
2900.0,-739.8744537480082,3.790736,40.035892,0.5775357031982443
2900.0,-739.8834936503793,3.7906559,40.098263,0.5772156425662385
2900.0,-739.8761698778408,3.7904556,40.010921,0.5768955818831218
2900.0,-739.8833837619276,3.7902551,40.048359,0.5765755212986517
2900.0,-739.8757989568112,3.7899745,40.023388,0.5762554607759908
2900.0,-739.8831432452266,3.7897742,40.048359,0.575935400295564
2900.0,-739.8739426423441,3.7896938,39.961014,0.5756153405759202
2900.0,-739.8829586375145,3.7895336,40.035892,0.5752952801753515
2900.0,-739.8750532326146,3.7892931,39.97348,0.5749752199752809
2900.0,-739.883102535068,3.7892129,40.07333,0.5746551595124646
2900.0,-739.875491133253,3.7890925,40.023388,0.5743350991229641
2900.0,-739.8840041266036,3.7888122,40.085796,0.5740150382701351
2900.0,-739.8760167903329,3.7886517,40.110729,0.5736949776532422
2900.0,-739.8764329378233,3.788331,39.948551,0.5733749168563294
2900.0,-739.8846841962926,3.7886117,40.035892,0.5730548557093141
2900.0,-739.8758416324922,3.7884514,40.023388,0.5727347951681921
2900.0,-739.8833102876813,3.7878501,40.085796,0.5724147346155057
2900.0,-739.8752177213815,3.7879703,40.123234,0.5720946743442795
2900.0,-739.8808625444243,3.7876496,40.048359,0.571774614850444
2900.0,-739.8745547852845,3.7874894,40.060825,0.5714545548659952
2900.0,-739.8814008531792,3.787329,40.035892,0.5711344951392967
2900.0,-739.8741064842587,3.7870483,40.085796,0.570814435348777
2900.0,-739.8806595531098,3.787369,40.098263,0.5704943759427519
2900.0,-739.8744627689488,3.7868481,39.985989,0.5701743159981082
2900.0,-739.8816650024324,3.7866876,40.035892,0.5698542561571432
2900.0,-739.8744300422296,3.7865674,40.085796,0.5695341962266567
2900.0,-739.8755147052001,3.7863669,39.985989,0.5692141358269592
2900.0,-739.8841733779145,3.7861667,40.035892,0.568894074900915
2900.0,-739.8761688644864,3.7858057,39.97348,0.568574014218237
2900.0,-739.8850685976548,3.7856054,40.060825,0.5682539529049364
2900.0,-739.8760632988342,3.7855654,40.048359,0.5679338922679246
2900.0,-739.8833253508369,3.785485,40.010921,0.567613831708722
2900.0,-739.8760990654116,3.7853649,39.998455,0.567293771056238
2900.0,-739.8820494895377,3.7851646,40.085796,0.5669737110489508
2900.0,-739.8751062108674,3.7850842,40.060825,0.5666536508259625
2900.0,-739.88160023162,3.7850041,40.060825,0.5663335910130164
2900.0,-739.8771761233136,3.7847636,40.060825,0.5660135298946113
2900.0,-739.8865096944603,3.784483,40.060825,0.5656934679579176
2900.0,-739.8759779838972,3.7844429,40.060825,0.5653734073578118
2900.0,-739.8842048847099,3.7840822,40.110729,0.5650533464181384
2900.0,-739.8774880968768,3.7838416,40.07333,0.5647332851647777
2900.0,-739.8750075176893,3.7838016,40.110729,0.5644132249844829
2900.0,-739.8824289104344,3.7837615,40.07333,0.5640931648130647
2900.0,-739.8735381150726,3.7836814,40.060825,0.5637731052684141
2900.0,-739.8823450723261,3.7833207,40.110729,0.5634530451332629
2900.0,-739.8753712118164,3.7831602,40.060825,0.5631329847956388
2900.0,-739.8820116111516,3.783,40.035892,0.5628129248047371
2900.0,-739.8752531582913,3.7827194,40.110729,0.5624928645181813
2900.0,-739.8828115425015,3.7824788,40.110729,0.5621728041812433
2900.0,-739.8761941572122,3.7823586,40.110729,0.5618527434876238
2900.0,-739.8824296428318,3.7822785,40.060825,0.5615326833158889
2900.0,-739.874962645043,3.7821982,40.060825,0.5612126231550054
2900.0,-739.8824363565761,3.7817974,40.07333,0.5608925629803663
2900.0,-739.8745578005867,3.7817974,40.035892,0.560572502994613
2900.0,-739.8760108816915,3.7816372,40.07333,0.5602524423802762
2900.0,-739.8837706416535,3.7816372,40.060825,0.5599323816284487
2900.0,-739.8774394767432,3.7811961,40.085796,0.5596123203961204
2900.0,-739.8814178575254,3.7811961,40.010921,0.559292260662066
2900.0,-739.8739918849785,3.7807553,40.023388,0.5589722009211205
2900.0,-739.8815338003798,3.7809558,40.060825,0.5586521411369114
2900.0,-739.874232338279,3.7807553,40.123234,0.5583320812919489
2900.0,-739.8819674454855,3.7805548,40.07333,0.5580120213201525
2900.0,-739.8750120344008,3.7803144,40.023388,0.5576919611379038
2900.0,-739.8820403706898,3.7803144,40.123234,0.5573719011345611
2900.0,-739.8751178073487,3.7800739,39.97348,0.5570518409065565
2900.0,-739.8822779821533,3.7798333,40.060825,0.5567317808004273
2900.0,-739.8767144434324,3.7797132,40.07333,0.5564117198817389
2900.0,-739.8755890451336,3.779593,40.035892,0.5560916594498829
2900.0,-739.8827787665449,3.7794325,40.148167,0.5557715991271232
2900.0,-739.8750298681678,3.7791519,40.07333,0.5554515389371598
2900.0,-739.8834402807361,3.779232,40.035892,0.5551314783282407
2900.0,-739.8756866283696,3.7789516,40.060825,0.5548114178541714
2900.0,-739.883616966115,3.7787111,40.098263,0.5544913571688214
2900.0,-739.8771130864142,3.7785907,40.085796,0.5541712960776852
2900.0,-739.8842501728122,3.7783103,40.110729,0.5538512351184209
2900.0,-739.8774907213253,3.7781899,40.060825,0.5535311738639249
2900.0,-739.8852050856966,3.7782702,40.085796,0.5532111124915821
2900.0,-739.8758024231296,3.7779896,40.098263,0.5528910519674216
2900.0,-739.8815286613203,3.7776289,40.048359,0.5525709921854355
2900.0,-739.8760460630118,3.7772679,40.035892,0.5522509315558796
2900.0,-739.8772790520345,3.7775486,40.173141,0.551930870392949
2900.0,-739.8847461476106,3.7774284,40.085796,0.5516108092191346
2900.0,-739.8768897228265,3.7769876,40.035892,0.5512907482246227
2900.0,-739.8829213693573,3.776787,40.060825,0.5509706878401754
2900.0,-739.8744307379899,3.776787,40.07333,0.5506506279093879
2900.0,-739.882128579444,3.7765465,40.098263,0.5503305678678878
2900.0,-739.8738258454849,3.7764263,40.07333,0.5500105081987687
2900.0,-739.8817007331487,3.7762258,40.123234,0.5496904483423474
2900.0,-739.8745848507209,3.7760656,40.07333,0.5493703883448927
2900.0,-739.8828757757313,3.775825,40.07333,0.5490503279801685
2900.0,-739.8754508385043,3.775785,40.098263,0.548730267608099
2900.0,-739.8818345099494,3.775825,40.123234,0.5484102076938081
2900.0,-739.8736115282126,3.7756648,40.060825,0.5480901481173999
2900.0,-739.8742092789435,3.7752638,40.085796,0.5477700882824126
2900.0,-739.8812144020933,3.7751436,40.060825,0.5474500286363695
2900.0,-739.8738140658551,3.7749832,40.085796,0.5471299689723462
2900.0,-739.8815597162762,3.7746224,40.07333,0.5468099091769263
2900.0,-739.8733046568227,3.7745423,40.123234,0.5464898497332666
2900.0,-739.8815745115616,3.7742617,40.07333,0.5461697899314465
2900.0,-739.8745149292741,3.7742617,40.098263,0.5458497299642389
2900.0,-739.8825324755899,3.7740614,40.07333,0.5455296697480203
2900.0,-739.8752834928232,3.7739811,40.110729,0.5452096094483423
2900.0,-739.8831725304782,3.773941,40.060825,0.5448895489552472
2900.0,-739.8750186136323,3.7736204,40.060825,0.5445694887701524
2900.0,-739.8834985692489,3.77338,40.060825,0.5442494281360186
2900.0,-739.8752658172393,3.7732196,40.098263,0.5439293678439868
2900.0,-739.8745588380879,3.7731395,40.085796,0.5436093078577848
2900.0,-739.8812065041122,3.7730994,40.123234,0.5432892482151583
2900.0,-739.8755651809671,3.772939,40.123234,0.5429691877936257
2900.0,-739.8817019534017,3.7727787,40.098263,0.5426491279366765
2900.0,-739.8751686375442,3.7724981,40.07333,0.5423290676866833
2900.0,-739.881750476617,3.7724981,40.123234,0.5420090078087438
2900.0,-739.8764045937796,3.7721775,40.110729,0.5416889470240922
2900.0,-739.8843421043305,3.7722175,40.07333,0.54136888602506
2900.0,-739.8772770015883,3.7718167,40.110729,0.5410488248630163
2900.0,-739.884007019972,3.7718167,40.048359,0.5407287640089357
2900.0,-739.8754001300669,3.7713757,40.035892,0.5404087036588019
2900.0,-739.8818747817746,3.7715361,40.1357,0.5400886437270902
2900.0,-739.8754228595302,3.7712154,40.1357,0.5397685833671239
2900.0,-739.8753572474994,3.7710552,40.110729,0.5394485230355406
2900.0,-739.8840614389959,3.7705741,40.173141,0.5391284621579192
2900.0,-739.876007085501,3.7709348,40.098263,0.5388084015452245
2900.0,-739.8828237493282,3.7706943,40.1357,0.538488341203006
2900.0,-739.8756783150582,3.7702935,40.198071,0.5381682807325331
2900.0,-739.8813837510163,3.7702534,40.060825,0.5378482210132326
2900.0,-739.8761415700176,3.7700529,40.185604,0.5375281603423617
2900.0,-739.8826168752233,3.7701333,40.023388,0.5372081000896334
2900.0,-739.8752784025186,3.7698126,40.1357,0.5368880397921573
2900.0,-739.8830614338473,3.7696121,40.110729,0.5365679793471206
2900.0,-739.876158378766,3.769532,40.1357,0.5362479186689785
2900.0,-739.8823520179246,3.7692513,40.1357,0.5359278585308227
2900.0,-739.8749575909588,3.7691712,40.148167,0.5356077983721255
2900.0,-739.8748399156,3.7688105,40.07333,0.5352877382643331
2900.0,-739.8831115073956,3.7688506,40.123234,0.5349676777976355
2900.0,-739.8756313058141,3.76861,40.098263,0.5346476173474982
2900.0,-739.8832377408517,3.7684898,40.110729,0.5343275568261943
2900.0,-739.8757447456303,3.7682092,40.123234,0.5340074963269843
2900.0,-739.8832249111088,3.7680488,40.1357,0.5336874358112302
2900.0,-739.875939348946,3.7678485,40.060825,0.5333673752278375
2900.0,-739.8847109663457,3.7678084,40.1357,0.533047314069242
2900.0,-739.8763639931011,3.7677281,40.173141,0.5327272533021538
2900.0,-739.8838116207057,3.7674074,40.098263,0.5324071925325995
2900.0,-739.8756025952684,3.7674074,40.098263,0.5320871320948819
2900.0,-739.8832625576406,3.7670867,40.07333,0.5317670715628426
2900.0,-739.8757331489444,3.7669666,40.1357,0.5314470110686492
2900.0,-739.8760596121236,3.7666459,40.098263,0.5311269504332322
2900.0,-739.8843223776927,3.7667661,40.173141,0.5308068894427334
2900.0,-739.8758986269187,3.7664454,40.098263,0.5304868288769564
2900.0,-739.8821038723407,3.7662051,40.173141,0.5301667688461441
2900.0,-739.8742421644597,3.7664053,40.123234,0.529846708996931
2900.0,-739.8828706735065,3.766165,40.110729,0.5295266486344139
2900.0,-739.8753291588407,3.7657239,40.098263,0.5292065883149814
2900.0,-739.8833206024303,3.7656839,40.123234,0.528886527757833
2900.0,-739.8766434106111,3.7656038,40.185604,0.5285664668698723
2900.0,-739.8835801379282,3.7656038,40.098263,0.5282464062004535
2900.0,-739.8751504974381,3.765203,40.110729,0.5279263459583075
2900.0,-739.8835488873389,3.7650025,40.185604,0.5276062853024069
2900.0,-739.8748787584607,3.7649624,40.07333,0.5272862251778117
2900.0,-739.8758967712853,3.7646818,40.098263,0.5269661646128374
2900.0,-739.8843575462699,3.7646818,40.123234,0.5266461036071253
2900.0,-739.875169699397,3.764281,40.07333,0.5263260433566728
2900.0,-739.8821509062049,3.7642009,40.148167,0.5260059833055144
2900.0,-739.8760471979195,3.7640805,40.07333,0.5256859226754675
2900.0,-739.8825809863222,3.7637198,40.110729,0.5253658624382641
2900.0,-739.8755162677957,3.7637999,40.110729,0.5250458020378908
2900.0,-739.8840459356651,3.7636397,40.048359,0.5247257411669759
2900.0,-739.8763032759482,3.7634392,40.123234,0.524405680426153
2900.0,-739.88378063901,3.7630384,40.098263,0.5240856196700009
2900.0,-739.8760525808526,3.763279,40.110729,0.5237655590376254
2900.0,-739.8839968636123,3.7630384,40.148167,0.5234454981879383
2900.0,-739.8755471879939,3.7625976,40.085796,0.5231254377741892
2900.0,-739.874799364034,3.7626376,40.123234,0.5228053776839389
2900.0,-739.8833586400242,3.7624371,40.110729,0.5224853171103361
2900.0,-739.875213961616,3.7621968,40.210575,0.5221652568407363
2900.0,-739.8835041235177,3.7619963,40.110729,0.5218451962041999
2900.0,-739.8758965273599,3.7622769,40.085796,0.5215251356393311
2900.0,-739.883587937888,3.7617557,40.1357,0.5212050749665381
2900.0,-739.875946319031,3.7617958,40.185604,0.5208850143801301
2900.0,-739.8835396101016,3.7615955,40.160633,0.5205649537282429
2900.0,-739.8758721620416,3.7613149,40.173141,0.5202448931739142
2900.0,-739.8847824386241,3.7612348,40.148167,0.5199248319844011
2900.0,-739.8776080672212,3.7610743,40.123234,0.5196047706791428
2900.0,-739.884830974527,3.7609541,40.173141,0.5192847094686339
2900.0,-739.8772951899882,3.7608337,40.098263,0.5189646482987221
2900.0,-739.874695421754,3.7607136,40.07333,0.5186445882534358
2900.0,-739.8832391078297,3.7603528,40.173141,0.5183245277315406
2900.0,-739.8764586946621,3.760433,40.185604,0.5180044669234857
2900.0,-739.8837406487658,3.7603128,40.173141,0.5176844061846326
2900.0,-739.8761945482704,3.7601523,40.198071,0.517364345490844
2900.0,-739.8822801304369,3.7597516,40.1357,0.5170442853837856
2900.0,-739.8756337837436,3.7595913,40.148167,0.5167242249325762
2900.0,-739.8831113975052,3.759511,40.198071,0.5164041644659262
2900.0,-739.8731264957535,3.7593508,40.160633,0.5160841050993367
2900.0,-739.8812593975641,3.7591903,40.173141,0.5157640454338294
2900.0,-739.8753863976018,3.7591503,40.1357,0.515443985089636
2900.0,-739.8825394334667,3.7589099,40.160633,0.5151239248704076
2900.0,-739.8757672921496,3.758549,40.148167,0.5148038643614443
2900.0,-739.8760367971228,3.7584288,40.185604,0.5144838037358967
2900.0,-739.8842228778641,3.7581882,40.1357,0.5141637427884398
2900.0,-739.8761106494101,3.7580681,40.173141,0.5138436821309447
2900.0,-739.8810211637982,3.7581081,40.173141,0.5135236225684932
2900.0,-739.8759466489031,3.7577074,40.173141,0.5132035619819425
2900.0,-739.8845479407189,3.7579479,40.148167,0.512883500893869
2900.0,-739.8774691760868,3.7578275,40.123234,0.5125634396486932
2900.0,-739.8847905076822,3.7573066,40.173141,0.5122433784556896
2900.0,-739.8768709731117,3.7573466,40.123234,0.5119233174692884
2900.0,-739.8844944615947,3.7572663,40.1357,0.5116032564043491
2900.0,-739.8766747218675,3.7568254,40.185604,0.5112831955028437
2900.0,-739.8842867449977,3.7569458,40.223042,0.510963134527759
2900.0,-739.8760720997918,3.7566252,40.223042,0.5106430738869399
2900.0,-739.8772414920328,3.7565448,40.123234,0.5103230127402572
2900.0,-739.8842464860645,3.7563045,40.148167,0.5100029517825877
2900.0,-739.8759008729963,3.756144,40.123234,0.5096828912158391
2900.0,-739.883238949031,3.7560239,40.1357,0.5093628306940126
2900.0,-739.875821124755,3.7558634,40.198071,0.509042770161762
2900.0,-739.8828943060588,3.7557433,40.173141,0.5087227097890219
2900.0,-739.8766855245681,3.7553825,40.148167,0.5084026488828434
2900.0,-739.8836089220227,3.7553425,40.223042,0.508082588200973
2900.0,-739.87696143913,3.7550619,40.123234,0.5077625271754375
2900.0,-739.884309230557,3.7549014,40.173141,0.5074424661906258
2900.0,-739.8765780060806,3.7549415,40.1357,0.5071224053309584
2900.0,-739.8827058163749,3.7547812,40.160633,0.5068023450397557
2900.0,-739.875555671562,3.7545807,40.185604,0.5064822846223367
2900.0,-739.8746498656257,3.7544205,40.173141,0.5061622245967574
2900.0,-739.8819316298448,3.7544205,40.185604,0.5058421646404542
2900.0,-739.8749944073156,3.7540598,40.223042,0.5055221044658307
2900.0,-739.8833598484082,3.7539394,40.1357,0.5052020438917052
2900.0,-739.874498950322,3.7537792,40.210575,0.5048819839314098
2900.0,-739.8818822033599,3.7536187,40.185604,0.5045619239964877
2900.0,-739.8754249594982,3.7531779,40.110729,0.504241863635613
2900.0,-739.8833249603888,3.7530978,40.185604,0.5039218030765794
2900.0,-739.8753046228566,3.7530577,40.185604,0.5036017427677608
2900.0,-739.8832827968952,3.7530978,40.160633,0.5032816822269663
2900.0,-739.8756072830553,3.7526567,40.110729,0.5029616217872209
2900.0,-739.8835124246345,3.7523763,40.110729,0.5026415611470936
2900.0,-739.8753214199407,3.752296,40.110729,0.5023215008310088
2900.0,-739.882121560176,3.7519753,40.198071,0.502001440792545
2900.0,-739.8749563703088,3.7521358,40.235508,0.5016813806343758
2900.0,-739.8748848377679,3.7519753,40.210575,0.5013613205071507
2900.0,-739.8819763568312,3.7519753,40.123234,0.5010412605314993
2900.0,-739.8754511796315,3.751775,40.160633,0.5007212001592822
2900.0,-739.8832744597621,3.7511737,40.185604,0.5004011396220943
2900.0,-739.875260714452,3.7512939,40.148167,0.5000810793322699
2900.0,-739.8836069081859,3.7509732,40.185604,0.4997610186512706
2900.0,-739.8756903265398,3.7510133,40.160633,0.4994409581756016
2900.0,-739.8826849177786,3.7508531,40.235508,0.4991208978934393
2900.0,-739.8746487667337,3.750773,40.198071,0.4988008378683353
2900.0,-739.8819618306441,3.7505724,40.160633,0.4984807778989678
2900.0,-739.8754417068561,3.7504523,40.123234,0.4981607175308484
2900.0,-739.8826161921436,3.7500916,40.198071,0.4978406572784156
2900.0,-739.8757893252387,3.7502918,40.123234,0.497520596759921
2900.0,-739.876120500761,3.7500515,40.260483,0.4972005360981644
2900.0,-739.8846219400649,3.749851,40.160633,0.4968804749780801
2900.0,-739.8751047219406,3.7493298,40.173141,0.496560414755736
2900.0,-739.8835527320667,3.7495704,40.185604,0.4962403540981724
2900.0,-739.8772940796368,3.7494502,40.160633,0.4959202929287409
2900.0,-739.8850878235448,3.7490492,40.123234,0.4956002316071237
2900.0,-739.8758796938506,3.7489691,40.272949,0.4952801710495369
2900.0,-739.8816964969495,3.7486885,40.247974,0.494960111194948
2900.0,-739.8757149844868,3.7486885,40.235508,0.4946400507086124
2900.0,-739.8823578656435,3.7484481,40.173141,0.494319990567927
2900.0,-739.8738771027544,3.7482076,40.210575,0.4939999308766348
2900.0,-739.8828847112242,3.7483277,40.247974,0.4936798705080453
2900.0,-739.875071665554,3.7480071,40.185604,0.4933598103000009
2900.0,-739.8749287457632,3.7480071,40.235508,0.4930397501537817
2900.0,-739.8822201199001,3.7476864,40.210575,0.4927196900726828
2900.0,-739.8759730652818,3.7476463,40.160633,0.4923996294747048
2900.0,-739.8834318335081,3.7474461,40.160633,0.4920795688694397
2900.0,-739.8754574052531,3.7472856,40.210575,0.4917595084945294
2900.0,-739.8844616608769,3.7472456,40.247974,0.4914394474437791
2900.0,-739.8779738854635,3.7471254,40.235508,0.4911193859802726
2900.0,-739.8843155910973,3.7467244,40.198071,0.4907993249927096
2900.0,-739.8769973640952,3.7466843,40.185604,0.4904792639516334
2900.0,-739.8836808336578,3.7466042,40.223042,0.4901592032386553
2900.0,-739.8776634378661,3.7466843,40.173141,0.4898391419094444
2900.0,-739.8850959539941,3.746083,40.198071,0.48951908058431
2900.0,-739.8775538437623,3.7462034,40.210575,0.489199019302508
2900.0,-739.8785644099061,3.7458427,40.185604,0.4888789575835484
2900.0,-739.8831280476242,3.7458026,40.247974,0.4885588971096958
2900.0,-739.8763657388454,3.7456021,40.185604,0.4882388363418524
2900.0,-739.8820216696946,3.745482,40.185604,0.4879187763465996
2900.0,-739.8748864486575,3.7451613,40.260483,0.4875987162186775
2900.0,-739.8839435549511,3.745121,40.235508,0.4872786553920508
2900.0,-739.8767262963217,3.7450008,40.310383,0.486958594468235
2900.0,-739.8840905771132,3.7447603,40.173141,0.486638533578009
2900.0,-739.8773921012018,3.7445199,40.173141,0.4863184723661747
2900.0,-739.8840858532631,3.7445199,40.260483,0.4859984114779922
2900.0,-739.8770571661188,3.7441592,40.185604,0.4856783504110464
2900.0,-739.8832479090803,3.7439988,40.198071,0.4853582898853439
2900.0,-739.8760412894828,3.7439587,40.185604,0.485038229257853
2900.0,-739.874913377443,3.743638,40.235508,0.484718169118282
2900.0,-739.883293246705,3.7439587,40.285416,0.4843981085729672
2900.0,-739.8762811319467,3.7434776,40.185604,0.4840780478417236
2900.0,-739.8834029270403,3.7432773,40.185604,0.483757987248963
2900.0,-739.8770323737265,3.7431569,40.247974,0.4834379261927421
2900.0,-739.8849578916767,3.7431569,40.272949,0.483117864927331
2900.0,-739.8774142202378,3.7429566,40.223042,0.4827978037059284
2900.0,-739.8841632338331,3.742676,40.223042,0.4824777427842724
2900.0,-739.8772229492043,3.742636,40.210575,0.482157681645611
2900.0,-739.8854211263299,3.7424355,40.223042,0.4818376201798128
2900.0,-739.8780225671924,3.7421951,40.223042,0.4815175586952472
2900.0,-739.8842670918247,3.7422352,40.247974,0.4811974977286641
2900.0,-739.8773799671435,3.7418745,40.210575,0.4808774365220789
2900.0,-739.8787912037963,3.7418745,40.272949,0.4805573747050113
2900.0,-739.8851521801711,3.7415538,40.260483,0.4802373133555545
2900.0,-739.8779230433992,3.7414734,40.160633,0.4799172519140416
2900.0,-739.886538857134,3.7411528,40.272949,0.4795971899647326
2900.0,-739.8785959041064,3.7410326,40.260483,0.4792771282321491
2900.0,-739.8872635684758,3.7411127,40.223042,0.4789570659693427
2900.0,-739.8798657225826,3.7408724,40.235508,0.4786370036874524
2900.0,-739.8882377311928,3.740752,40.247974,0.4783169410032402
2900.0,-739.8791107333155,3.7404714,40.210575,0.4779968790479483
2900.0,-739.8841327158457,3.7404313,40.297916,0.4776768181394939
2900.0,-739.8771588017489,3.7403913,40.260483,0.4773567570285819
2900.0,-739.8842406023294,3.7402711,40.260483,0.4770366960734576
2900.0,-739.8760892019873,3.7399905,40.148167,0.4767166354252404
2900.0,-739.8756764105168,3.7397099,40.260483,0.4763965749555913
2900.0,-739.8846923265372,3.7397099,40.223042,0.4760765138050591
2900.0,-739.8784696839934,3.7394693,40.297916,0.4757564521270768
2900.0,-739.884586441612,3.7394292,40.247974,0.4754363910223485
2900.0,-739.8760047055918,3.7391486,40.223042,0.4751163304106833
2900.0,-739.8835522564893,3.7388279,40.223042,0.4747962697533254
2900.0,-739.8760617728684,3.7387879,40.260483,0.4744762091169736
2900.0,-739.8847288252578,3.7386277,40.223042,0.4741561479506527
2900.0,-739.8778164277629,3.7385876,40.247974,0.4738360865552604
2900.0,-739.8863011605414,3.7383471,40.297916,0.4735160247087748
2900.0,-739.8780278406456,3.7383471,40.247974,0.473195963221928
2900.0,-739.885395857497,3.7380264,40.235508,0.4728759017670606
2900.0,-739.8779996916194,3.7379463,40.272949,0.4725558402923907
2900.0,-739.8775006084874,3.7381065,40.235508,0.4722357790336177
2900.0,-739.8853190143047,3.7378659,40.272949,0.4719157176119913
2900.0,-739.8788505175598,3.7375052,40.247974,0.4715956557692653
2900.0,-739.8863223519738,3.7374251,40.223042,0.4712755939136127
2900.0,-739.877685165844,3.737345,40.247974,0.4709555325750025
2900.0,-739.8847102707831,3.7370243,40.260483,0.4706354714167079
2900.0,-739.8776668556859,3.7369442,40.285416,0.4703154100860185
2900.0,-739.8853003618087,3.7365031,40.247974,0.4699953486724608
2900.0,-739.8783643499885,3.736383,40.272949,0.4696752870400446
2900.0,-739.8848817563254,3.736423,40.235508,0.4693552258075684
2900.0,-739.8767235003888,3.7361023,40.272949,0.469035164884962
2900.0,-739.8846900556758,3.7360222,40.285416,0.4687151037354121
2900.0,-739.8783609933547,3.7358618,40.285416,0.4683950421044479
2900.0,-739.8783081489333,3.7358618,40.272949,0.4680749804963434
2900.0,-739.8851374460723,3.7355812,40.322849,0.4677549191532603
2900.0,-739.8773641592667,3.7355011,40.235508,0.4674348579535133
2900.0,-739.8847724169159,3.7351804,40.310383,0.4671147967683354
2900.0,-739.8761359057108,3.7352605,40.235508,0.4667947360999148
2900.0,-739.884940801792,3.7348998,40.260483,0.4664746748418965
2900.0,-739.8783638130253,3.7348197,40.347824,0.4661546132097125
2900.0,-739.8859631578488,3.7348998,40.285416,0.465834551509441
2900.0,-739.8778998872712,3.7345791,40.272949,0.4655144900779451
2900.0,-739.8879111057267,3.7343788,40.322849,0.4651944275350254
2900.0,-739.8781169638467,3.7342184,40.297916,0.4648743660096252
2900.0,-739.8842586685392,3.7340982,40.310383,0.4645543050466857
2900.0,-739.8770409923538,3.7340181,40.272949,0.4642342439867365
2900.0,-739.8767613542469,3.733577,40.297916,0.4639141830477551
2900.0,-739.8833902683742,3.7336974,40.335316,0.4635941224604705
2900.0,-739.8786979911621,3.7336171,40.285416,0.4632740606837254
2900.0,-739.8862924323462,3.7332563,40.260483,0.4629539988410154
2900.0,-739.8788683032375,3.7332964,40.260483,0.4626339369905956
2900.0,-739.8858212137641,3.7330561,40.223042,0.4623138753517266
2900.0,-739.8782990919769,3.7328556,40.272949,0.46199381374754
2900.0,-739.8861734864378,3.7327354,40.322849,0.461673751956284
2900.0,-739.8804997768541,3.732615,40.260483,0.4613536894001102
2900.0,-739.8863525896079,3.7322142,40.322849,0.4610336275313773
2900.0,-739.880551839773,3.7321341,40.297916,0.4607135649526818
2900.0,-739.8881169541888,3.7321341,40.335316,0.4603935023207156
2900.0,-739.8804423066505,3.7318535,40.297916,0.4600734397894027
2900.0,-739.8796853768263,3.7319336,40.297916,0.4597533775855276
2900.0,-739.8893815602254,3.7318134,40.285416,0.4594333144065151
2900.0,-739.8788245167957,3.7315328,40.322849,0.4591132525750367
2900.0,-739.8863616710073,3.731092,40.297916,0.4587931907023753
2900.0,-739.8792301908437,3.731092,40.335316,0.4584731286954077
2900.0,-739.8863717665896,3.731092,40.297916,0.4581530668183791
2900.0,-739.8789795082309,3.730691,40.322849,0.4578330049198535
2900.0,-739.8875681229779,3.7310116,40.297916,0.4575129425253021
2900.0,-739.8802497294295,3.7306108,40.297916,0.4571928800772956
2900.0,-739.8883649898823,3.7303705,40.360291,0.4568728173380335
2900.0,-739.8794228900274,3.73013,40.297916,0.4565527552477068
2900.0,-739.8868681805399,3.7300498,40.285416,0.4562326931559383
2900.0,-739.8785660701127,3.7300498,40.310383,0.4559126314362605
2900.0,-739.8798161627634,3.7300096,40.310383,0.4555925691758091
2900.0,-739.8859260607684,3.7297692,40.310383,0.4552725074915851
2900.0,-739.8793427877669,3.7294886,40.272949,0.4549524454359095
2900.0,-739.8868375649405,3.7294486,40.347824,0.4546323833573848
2900.0,-739.8797115848861,3.7293282,40.335316,0.4543123211421724
2900.0,-739.8866591706343,3.7291279,40.322849,0.453992259140818
2900.0,-739.8800619130501,3.7291679,40.322849,0.4536721967740583
2900.0,-739.8866068262246,3.7290878,40.335316,0.453352134795347
2900.0,-739.8785243957125,3.7287672,40.360291,0.4530320730936971
2900.0,-739.8855072596516,3.7284865,40.347824,0.4527120115906391
2900.0,-739.8777634984178,3.7283661,40.335316,0.4523919502181432
2900.0,-739.8859503043678,3.728286,40.310383,0.4520718885234319
2900.0,-739.8779296960947,3.7280455,40.385223,0.4517518270790411
2900.0,-739.8784083075054,3.7278852,40.272949,0.4514317654276094
2900.0,-739.8888943510708,3.7278452,40.360291,0.451111702459355
2900.0,-739.8799388543489,3.7276046,40.322849,0.4507916401458289
2900.0,-739.8872557558285,3.7275646,40.297916,0.4504715778864021
2900.0,-739.8809255315654,3.7274444,40.347824,0.4501515151460524
2900.0,-739.8885089242706,3.7273641,40.310383,0.4498314523445269
2900.0,-739.8807468339423,3.7270033,40.360291,0.4495113896814794
2900.0,-739.8875811356667,3.7268832,40.322849,0.449191327281299
2900.0,-739.8801909651119,3.7268832,40.322849,0.4488712648587131
2900.0,-739.8881789542105,3.7265625,40.285416,0.4485512021999269
2900.0,-739.8806259241169,3.7264824,40.335316,0.4482311395891835
2900.0,-739.8866050929456,3.726402,40.310383,0.447911077611222
2900.0,-739.879960497403,3.7261617,40.322849,0.4475910152883334
2900.0,-739.8804710176054,3.7260413,40.372757,0.4472709527446004
2900.0,-739.888798305522,3.7256806,40.372757,0.4469508898178937
2900.0,-739.8809548535614,3.7255604,40.310383,0.4466308270648597
2900.0,-739.8866727685861,3.7255604,40.322849,0.4463107650576229
2900.0,-739.8812796933682,3.72544,40.322849,0.4459907021640675
2900.0,-739.8887968038925,3.7253199,40.347824,0.4456706392380103
2900.0,-739.8800086413502,3.7252798,40.335316,0.4453505768942953
2900.0,-739.8876830528769,3.7249992,40.360291,0.4450305144500273
2900.0,-739.881533989023,3.724839,40.372757,0.4447104514464669
2900.0,-739.8876787192703,3.7246385,40.310383,0.4443903890040735
2900.0,-739.8801582138365,3.7245984,40.322849,0.4440703265956554
2900.0,-739.8865837185674,3.7244782,40.410194,0.4437502646269401
2900.0,-739.8792443874217,3.7240372,40.372757,0.4434302026138312
2900.0,-739.8868210730063,3.7243178,40.285416,0.4431101405424406
2900.0,-739.8794977554644,3.7239571,40.385223,0.442790078419728
2900.0,-739.8793632345228,3.7237165,40.335316,0.4424700163552075
2900.0,-739.8869625411043,3.7235162,40.322849,0.4421499542226202
2900.0,-739.8780943927711,3.7235162,40.385223,0.4418298927069839
2900.0,-739.8859258534707,3.7233558,40.397728,0.4415098310228496
2900.0,-739.8787108940354,3.7231555,40.360291,0.4411897692405229
2900.0,-739.8867477084457,3.7230351,40.335316,0.4408697072008685
2900.0,-739.8792167995058,3.7230752,40.385223,0.4405496451996937
2900.0,-739.8863528452001,3.7227945,40.347824,0.4402295833308502
2900.0,-739.8790448767455,3.7227144,40.360291,0.4399095214040471
2900.0,-739.8857365824812,3.7225142,40.310383,0.439589459801788
2900.0,-739.8794661030809,3.7223537,40.360291,0.4392693976927679
2900.0,-739.8865875755735,3.7221532,40.372757,0.4389493357223841
2900.0,-739.8809087230215,3.7220731,40.397728,0.4386292729893056
2900.0,-739.8793888200818,3.7219529,40.472565,0.4383092109137171
2900.0,-739.8877842624511,3.7217524,40.385223,0.4379891484256675
2900.0,-739.8798089841549,3.7217524,40.360291,0.4376690861683215
2900.0,-739.8877302700962,3.7215521,40.360291,0.4373490237036282
2900.0,-739.8783767279721,3.7214718,40.385223,0.4370289620658574
2900.0,-739.8862625982571,3.7212315,40.360291,0.4367089002360531
2900.0,-739.8798385494624,3.7211511,40.422661,0.4363888379659176
2900.0,-739.8884110603135,3.721071,40.435165,0.4360687752067263
2900.0,-739.8784312804847,3.7209909,40.360291,0.4357487135453568
2900.0,-739.887319244792,3.7207904,40.397728,0.4354286512584658
2900.0,-739.8795047990135,3.7205501,40.360291,0.4351085891327063
2900.0,-739.8863358410584,3.7203896,40.372757,0.4347885272712185
2900.0,-739.8789017013652,3.720149,40.422661,0.4344684654063511
2900.0,-739.8794837782555,3.7201891,40.397728,0.4341484032896849
2900.0,-739.8867023466738,3.7198284,40.422661,0.4338283412696532
2900.0,-739.8807789876824,3.7198687,40.435165,0.4335082785926964
2900.0,-739.8852597359607,3.7198284,40.460098,0.4331882171967128
2900.0,-739.8776812112657,3.7195077,40.360291,0.4328681558598133
2900.0,-739.8851586375048,3.7193875,40.347824,0.4325480945075632
2900.0,-739.8777428073274,3.7195077,40.372757,0.4322280331440181
2900.0,-739.8861016603413,3.7192273,40.422661,0.4319079713838328
2900.0,-739.8798370969607,3.7188263,40.385223,0.4315879091143255
2900.0,-739.8864958272056,3.7187462,40.435165,0.4312678471836305
2900.0,-739.8794755386127,3.7189066,40.372757,0.4309477850705287
2900.0,-739.8882538932514,3.718586,40.422661,0.4306277223793252
2900.0,-739.8806294522351,3.7184255,40.460098,0.4303076597670555
2900.0,-739.8800962142337,3.7182653,40.385223,0.4299875973854575
2900.0,-739.8855195769823,3.7182252,40.410194,0.4296675358770713
2900.0,-739.8770809819912,3.7177842,40.447632,0.4293474747998231
2900.0,-739.8872806335994,3.7179446,40.435165,0.4290274125296346
2900.0,-739.8788695971468,3.717664,40.397728,0.428707350678655
2900.0,-739.8870371629573,3.7177842,40.397728,0.4283872885137877
2900.0,-739.8779757654486,3.7174234,40.385223,0.428067227049468
2900.0,-739.8874046086769,3.7173033,40.372757,0.42774716472565
2900.0,-739.8784952333319,3.7171829,40.397728,0.4274271030366153
2900.0,-739.8856319675357,3.7169425,40.385223,0.4271070414796109
2900.0,-739.8771669677229,3.7169425,40.472565,0.4267869803651664
2900.0,-739.8838088134896,3.7169425,40.447632,0.4264669195968265
2900.0,-739.8776387915834,3.716702,40.472565,0.4261468582782772
2900.0,-739.878955350822,3.7169023,40.447632,0.4258267963902017
2900.0,-739.8862155889494,3.7164214,40.410194,0.4255067345807329
2900.0,-739.8783490060199,3.7162611,40.410194,0.4251866729549542
2900.0,-739.8852600539673,3.7161808,40.460098,0.424866611558833
2900.0,-739.8786937181712,3.7159002,40.447632,0.4245465497839364
2900.0,-739.8863251966385,3.7160606,40.410194,0.4242264879270532
2900.0,-739.8767919942993,3.7156198,40.410194,0.4239064269748173
2900.0,-739.8851435735305,3.7156198,40.460098,0.4235863656290835
2900.0,-739.879215005263,3.7153792,40.447632,0.423266303628685
2900.0,-739.8860840578399,3.7154193,40.435165,0.4229462418761142
2900.0,-739.8795729012519,3.7154193,40.460098,0.4226261797208945
2900.0,-739.8866722318222,3.7149785,40.410194,0.42230611771389
2900.0,-739.879073550866,3.7147779,40.347824,0.4219860557746828
2900.0,-739.8791319249441,3.7146978,40.435165,0.4216659938102237
2900.0,-739.8859919912609,3.7147779,40.410194,0.4213459320974793
2900.0,-739.879553223925,3.7145374,40.472565,0.4210258699507718
2900.0,-739.8847448168534,3.7144573,40.422661,0.4207058087775332
2900.0,-739.8774724226269,3.7142568,40.522469,0.420385747530953
2900.0,-739.886103161766,3.7142568,40.485069,0.4200656857701181
2900.0,-739.8774663195818,3.7141767,40.460098,0.419745624526178
2900.0,-739.8851374088283,3.7141366,40.435165,0.4194255631831109
2900.0,-739.8789677901963,3.7139361,40.410194,0.4191055012896544
2900.0,-739.8844580840195,3.7138159,40.422661,0.4187854402404514
2900.0,-739.8781419754034,3.7136958,40.447632,0.4184653787042314
2900.0,-739.8859504019799,3.713335,40.422661,0.4181453170094778
2900.0,-739.8779689539559,3.7132947,40.410194,0.4178252555481047
2900.0,-739.877150329845,3.7132547,40.435165,0.4175051944408575
2900.0,-739.8867964027378,3.7131746,40.460098,0.4171851323801388
2900.0,-739.8789616497031,3.7126133,40.510002,0.4168650704893385
2900.0,-739.8875776805685,3.7128139,40.497536,0.4165450080906527
2900.0,-739.8795207534093,3.7126133,40.460098,0.4162249459579916
2900.0,-739.8868419720119,3.7124131,40.584877,0.4159048838775604
2900.0,-739.877777109125,3.7121725,40.447632,0.4155848224991768
2900.0,-739.8869096476524,3.7124531,40.497536,0.4152647603894703
2900.0,-739.8803825167004,3.712373,40.510002,0.4149446978840216
2900.0,-739.8868069010466,3.7121725,40.472565,0.4146246358187616
2900.0,-739.879284743561,3.7117717,40.472565,0.4143045737881952
2900.0,-739.8885523933509,3.7116916,40.510002,0.4139845109678657
2900.0,-739.8798538701026,3.7116916,40.559906,0.4136644486911026
2900.0,-739.8802307838787,3.7115712,40.510002,0.4133443862512916
2900.0,-739.8868650919474,3.7113307,40.510002,0.4130243241608592
2900.0,-739.8798454223456,3.7113709,40.460098,0.4127042618877505
2900.0,-739.8871290584593,3.7111304,40.497536,0.4123841996831308
2900.0,-739.8792260281513,3.7107296,40.460098,0.4120641376779639
2900.0,-739.8849397151673,3.7107296,40.485069,0.4117440764204157
2900.0,-739.8781868605325,3.7106895,40.497536,0.411424014864779
2900.0,-739.8849334892785,3.7106493,40.497536,0.411103953609924
2900.0,-739.8796446666679,3.7104089,40.435165,0.4107838914236596
2900.0,-739.885405892302,3.7102084,40.460098,0.4104638299644513
2900.0,-739.8786450614078,3.7102885,40.497536,0.410143768210603
2900.0,-739.8853179522366,3.7101283,40.497536,0.4098237067894361
2900.0,-739.877062073684,3.7099679,40.460098,0.4095036457203673
2900.0,-739.8752474575596,3.7097275,40.54744,0.4091835854362777
2900.0,-739.8830005441882,3.7096472,40.522469,0.4088635250175809
2900.0,-739.8784047797965,3.7097275,40.510002,0.4085434633676751
2900.0,-739.8858493761702,3.7095671,40.460098,0.4082234017166236
2900.0,-739.8782406198785,3.7092865,40.497536,0.4079033401377313
2900.0,-739.8845629191547,3.7092063,40.54744,0.4075832790431785
2900.0,-739.8783185493209,3.7092865,40.522469,0.4072632174305749
2900.0,-739.8855639002193,3.7090058,40.54744,0.4069431559030152
2900.0,-739.8798016115522,3.7088456,40.522469,0.4066230936488585
2900.0,-739.8861876473471,3.7088056,40.534973,0.4063030318514767
2900.0,-739.8786254082279,3.7086051,40.522469,0.4059829701061301
2900.0,-739.8858969957066,3.7084048,40.60981,0.4056629084344791
2900.0,-739.8792871609186,3.7087655,40.485069,0.405342846402867
2900.0,-739.8791463531694,3.7083244,40.54744,0.4050227844321664
2900.0,-739.887648714309,3.7080841,40.485069,0.4047027220027526
2900.0,-739.8796781501286,3.7081642,40.510002,0.4043826598020038
2900.0,-739.885387032099,3.7078836,40.485069,0.4040625983509541
2900.0,-739.8785130679174,3.7077634,40.559906,0.4037425366542044
2900.0,-739.8867872104249,3.7077234,40.584877,0.4034224745974621
2900.0,-739.8779128873463,3.707603,40.584877,0.4031024131603426
2900.0,-739.884959368545,3.707603,40.534973,0.4027823518942927
2900.0,-739.8768329970864,3.7072022,40.522469,0.4024622909243195
2900.0,-739.8857118508214,3.7073624,40.522469,0.4021422293327589
2900.0,-739.8768028461125,3.7070017,40.572411,0.4018221683758287
2900.0,-739.8842243794935,3.7068415,40.497536,0.4015021074277222
2900.0,-739.8784664368395,3.7068014,40.497536,0.4011820457511444
2900.0,-739.8790454263961,3.7068014,40.559906,0.4008619838241035
2900.0,-739.8856898901569,3.7065609,40.572411,0.4005419222420427
2900.0,-739.879634558909,3.7065208,40.584877,0.4002218600601508
2900.0,-739.8867261140821,3.7064407,40.472565,0.3999017980298378
2900.0,-739.877484923187,3.7062802,40.572411,0.3995817367778499
2900.0,-739.8857210789457,3.7061601,40.522469,0.3992616751822974
2900.0,-739.8787304375309,3.7059195,40.60981,0.3989416133915165
2900.0,-739.8859357286585,3.7059195,40.60981,0.3986215517031103
2900.0,-739.8783026072032,3.7055588,40.572411,0.3983014900974032
2900.0,-739.8854435513167,3.7057593,40.485069,0.3979814286219043
2900.0,-739.8772479734486,3.7057993,40.584877,0.3976613674724177
2900.0,-739.884545181388,3.7053983,40.534973,0.397341306385538
2900.0,-739.8785490902891,3.7056789,40.597343,0.3970212446732055
2900.0,-739.8788329518652,3.705158,40.559906,0.3967011828380782
2900.0,-739.8854087484265,3.7053182,40.584877,0.3963811213776344
2900.0,-739.8778893280866,3.7052782,40.54744,0.3960610599507063
2900.0,-739.884781938081,3.7047169,40.634785,0.3957409987614098
2900.0,-739.8777825043362,3.7046769,40.659752,0.3954209373806922
2900.0,-739.8850351875268,3.7048774,40.622318,0.3951008760818443
2900.0,-739.8776272194539,3.7045968,40.510002,0.394780814768301
2900.0,-739.8844600741184,3.7048373,40.597343,0.3944607537182371
2900.0,-739.8791406524375,3.7044363,40.522469,0.3941406917500026
2900.0,-739.8871250907445,3.704236,40.584877,0.3938206295470993
2900.0,-739.8784815004576,3.7044363,40.622318,0.3935005678640052
2900.0,-739.8872279114289,3.7039154,40.647251,0.3931805056166234
2900.0,-739.879798803955,3.7041159,40.672218,0.3928604433636812
2900.0,-739.8779602624784,3.7036748,40.534973,0.3925403819060679
2900.0,-739.8860419426406,3.7036748,40.534973,0.3922203201717154
2900.0,-739.8780965289596,3.7036347,40.584877,0.391900258655155
2900.0,-739.8865391262323,3.7035546,40.584877,0.3915801967057296
2900.0,-739.8790651769825,3.7033942,40.622318,0.3912601347701448
2900.0,-739.8857914531397,3.7031939,40.54744,0.3909400731441497
2900.0,-739.8784872742443,3.7030735,40.597343,0.3906200114585579
2900.0,-739.8850833194753,3.7029533,40.634785,0.3902999501388891
2900.0,-739.8771489506026,3.7029133,40.659752,0.3899798890322385
2900.0,-739.8847499065953,3.7027128,40.60981,0.3896598278567982
2900.0,-739.8770511115724,3.7027128,40.672218,0.3893397667924715
2900.0,-739.8859911860127,3.7027128,40.634785,0.3890197050800755
2900.0,-739.878660466767,3.702312,40.622318,0.388699643319563
2900.0,-739.8791716215436,3.7024322,40.572411,0.3883795813379317
2900.0,-739.8852253249511,3.7023921,40.54744,0.3880595199568337
2900.0,-739.878860112298,3.7021918,40.659752,0.3877394581099572
2900.0,-739.8852879098265,3.7022319,40.659752,0.387419396701786
2900.0,-739.8783808298879,3.7019513,40.622318,0.3870993350622408
2900.0,-739.8853464310121,3.7018712,40.60981,0.3867792736287544
2900.0,-739.8772829098203,3.7017508,40.70966,0.3864592124641549
2900.0,-739.883731530327,3.7016306,40.634785,0.3861391517292463
2900.0,-739.8754553302505,3.70135,40.634785,0.3858190913552336
2900.0,-739.8835903548606,3.7014301,40.597343,0.385499030681395
2900.0,-739.8776384621204,3.7013099,40.659752,0.3851789693629883
2900.0,-739.8839433108186,3.7010694,40.647251,0.3848589085364671
2900.0,-739.8764847445387,3.70139,40.622318,0.3845388477171434
2900.0,-739.8754566487161,3.7009892,40.647251,0.3842187873425604
2900.0,-739.8835363383585,3.7009091,40.647251,0.3838987266920884
2900.0,-739.8762429981474,3.7009892,40.659752,0.383578665977341
2900.0,-739.8832516318442,3.7005885,40.597343,0.383258605450028
2900.0,-739.8768757214706,3.7006285,40.697151,0.3829385444615729
2900.0,-739.8840876115078,3.7005484,40.734592,0.3826184835726298
2900.0,-739.8775318342061,3.7003078,40.672218,0.3822984223003488
2900.0,-739.8847267745862,3.7002678,40.672218,0.381978361134915
2900.0,-739.8776879492941,3.7003479,40.722126,0.3816582997951007
2900.0,-739.8861604493972,3.7002277,40.70966,0.3813382380094843
2900.0,-739.878124580784,3.6999471,40.634785,0.381018176480789
2900.0,-739.8860330319089,3.699867,40.647251,0.3806981147502912
2900.0,-739.8786995287923,3.6995864,40.634785,0.3803780529728809
2900.0,-739.887215301262,3.6997066,40.672218,0.3800579907309541
2900.0,-739.8788375050019,3.6997867,40.70966,0.3797379288938571
2900.0,-739.8793237204579,3.699466,40.722126,0.3794178668464298
2900.0,-739.8852544876249,3.6993458,40.672218,0.3790978054527166
2900.0,-739.877578184115,3.6993058,40.722126,0.3787777441603853
2900.0,-739.8839948493662,3.6993058,40.672218,0.3784576833115695
2900.0,-739.8764679474544,3.6992657,40.684685,0.378137622499512
2900.0,-739.8836932242489,3.6991053,40.634785,0.3778175617811739
2900.0,-739.8776760352189,3.6990652,40.672218,0.3774975004465135
2900.0,-739.883922559152,3.6986244,40.659752,0.3771774396289692
2900.0,-739.8760146537351,3.6986244,40.684685,0.3768573790130005
2900.0,-739.88402078941,3.6988649,40.747059,0.3765373181529635
2900.0,-739.8767312642544,3.6986244,40.734592,0.3762172572269986
2900.0,-739.884797808122,3.6984239,40.684685,0.3758971960308369
2900.0,-739.8782480172422,3.6987445,40.672218,0.3755771344487446
2900.0,-739.8771743047191,3.6982236,40.747059,0.3752570733311263
2900.0,-739.8851614443116,3.6981032,40.672218,0.3749370119776619
2900.0,-739.8766414457024,3.6980631,40.77203,0.3746169510905513
2900.0,-739.8828554390694,3.697983,40.77203,0.3742968907346244
2900.0,-739.8763871619166,3.697943,40.722126,0.3739768299575137
2900.0,-739.8838072868945,3.6976624,40.734592,0.3736567691898341
2900.0,-739.8760201835964,3.6976624,40.734592,0.3733367085714733
2900.0,-739.8827248353766,3.6972616,40.722126,0.3730166482720433
2900.0,-739.8747574332256,3.6973417,40.697151,0.3726965881999317
2900.0,-739.8841199839194,3.6974218,40.759563,0.3723765272969848
2900.0,-739.8763262859666,3.6972616,40.759563,0.3720564665462082
2900.0,-739.8866804717525,3.6971812,40.734592,0.3717364045356392
2900.0,-739.8778768643607,3.6972616,40.722126,0.3714163431141028
2900.0,-739.8779839078895,3.697021,40.747059,0.3710962816462607
2900.0,-739.884383754798,3.6969008,40.734592,0.3707762206292113
2900.0,-739.8775015858258,3.6968606,40.70966,0.3704561593700154
2900.0,-739.8834998635805,3.6966603,40.77203,0.3701360987353218
2900.0,-739.8767092794592,3.6966202,40.747059,0.3698160378188672
2900.0,-739.8832535488876,3.6965399,40.684685,0.369495977290725
2900.0,-739.8773027461489,3.6965802,40.784496,0.3691759161175445
2900.0,-739.8836485948743,3.6962192,40.809467,0.3688558554185123
2900.0,-739.8765694367703,3.6961792,40.672218,0.3685357945625518
2900.0,-739.8831514118967,3.6961391,40.70966,0.3682157340785923
2900.0,-739.8752155366944,3.696059,40.821934,0.3678956738083112
2900.0,-739.8838032706806,3.6959789,40.784496,0.3675756130423689
2900.0,-739.8761331226699,3.6956182,40.747059,0.3672555523751521
2900.0,-739.8755082235797,3.6956983,40.784496,0.3669354919782585
2900.0,-739.8817708134835,3.6954577,40.797001,0.3666154320915217
2900.0,-739.8755706864769,3.6953776,40.747059,0.3662953716676074
2900.0,-739.8828901189726,3.6954176,40.759563,0.3659753112966786
2900.0,-739.8757117989281,3.6953776,40.734592,0.3656552508117209
2900.0,-739.8830720416371,3.6953776,40.846905,0.3653351903620956
2900.0,-739.8741557878744,3.6950569,40.784496,0.3650151305502478
2900.0,-739.8825438037034,3.6949368,40.821934,0.3646950703291289
2900.0,-739.8739825102234,3.6948965,40.747059,0.3643750105922388
2900.0,-739.8808480423844,3.6949368,40.77203,0.3640549511046765
2900.0,-739.8736142989753,3.6947362,40.797001,0.3637348915270698
2900.0,-739.8807339672559,3.6947362,40.77203,0.3634148320888544
2900.0,-739.8717513561644,3.6947362,40.8344,0.3630947733171321
2900.0,-739.8736914956183,3.6946561,40.797001,0.362774713706131
2900.0,-739.8809496911105,3.6944957,40.797001,0.3624546541745973
2900.0,-739.8743549451455,3.6943355,40.821934,0.3621345942765968
2900.0,-739.8823820104031,3.6943355,40.722126,0.3618145341254668
2900.0,-739.8733953426193,3.6938944,40.734592,0.3614944746425776
2900.0,-739.8813879012678,3.6938944,40.784496,0.3611744149214819
2900.0,-739.8741393697749,3.6938944,40.784496,0.3608543551167364
2900.0,-739.8826433651278,3.6937742,40.846905,0.3605342948525489
2900.0,-739.8746144405847,3.6939747,40.809467,0.3602142348422941
2900.0,-739.8826305106237,3.6938543,40.809467,0.3598941745836673
2900.0,-739.8761064259409,3.6933734,40.797001,0.3595741139279992
2900.0,-739.882266714817,3.6933734,40.821934,0.3592540538267441
2900.0,-739.8750511819637,3.6934536,40.809467,0.3589339936275607
2900.0,-739.8752093110729,3.6932933,40.8344,0.3586139333599726
2900.0,-739.8828127625499,3.6930127,40.747059,0.3582938730225068
2900.0,-739.8762061079173,3.6929727,40.797001,0.3579738123237176
2900.0,-739.8837766721136,3.6928523,40.859371,0.3576537515692815
2900.0,-739.8753381556344,3.692652,40.77203,0.357333691245957
2900.0,-739.8838083248155,3.6929727,40.921741,0.3570136304778284
2900.0,-739.8763084634546,3.6926117,40.809467,0.3566935697347616
2900.0,-739.8838765746685,3.6927321,40.821934,0.3563735089371094
2900.0,-739.8765589995485,3.692692,40.784496,0.3560534480856639
2900.0,-739.8830392652711,3.6923714,40.896809,0.355733387650217
2900.0,-739.8753832361901,3.6923714,40.821934,0.3554133273073913
2900.0,-739.8823793499121,3.692291,40.896809,0.3550932671574122
2900.0,-739.8745752684655,3.6922109,40.859371,0.3547732071641027
2900.0,-739.8738939239855,3.692291,40.859371,0.3544531474655338
2900.0,-739.881939967387,3.6920507,40.909275,0.3541330875056239
2900.0,-739.8751938815668,3.69173,40.946712,0.3538130272447105
2900.0,-739.8837163321107,3.6918502,40.821934,0.3534929665163763
2900.0,-739.8758604429837,3.69173,40.859371,0.3531729059671172
2900.0,-739.88451709347,3.6915696,40.859371,0.3528528448923878
2900.0,-739.8764957310019,3.6916499,40.896809,0.3525327840683114
2900.0,-739.8837559196285,3.6913292,40.921741,0.3522127233228525
2900.0,-739.876596340795,3.6912088,40.934246,0.3518926624552537
2900.0,-739.8839094238854,3.6913292,40.884304,0.3515726016433914
2900.0,-739.8763729653384,3.6913693,40.859371,0.3512525408724219
2900.0,-739.8846709758968,3.6912489,40.859371,0.3509324797311256
2900.0,-739.8760672296748,3.690768,40.859371,0.3506124190924133
2900.0,-739.87486960287,3.6911688,40.821934,0.3502923589717786
2900.0,-739.8824449016208,3.690768,40.871838,0.349972298793443
2900.0,-739.87416779997,3.6907279,40.959179,0.3496522389763989
2900.0,-739.8816598633729,3.6905675,40.846905,0.3493321791376572
2900.0,-739.875179428376,3.6905274,40.871838,0.349012118882996
2900.0,-739.8829060127516,3.6904073,40.859371,0.3486920585051918
2900.0,-739.8730449409912,3.6900866,40.896809,0.3483719991738818
2900.0,-739.8804174132249,3.6899261,40.921741,0.3480519398726021
2900.0,-739.8738109650154,3.6900465,40.8344,0.3477318802099202
2900.0,-739.880610932078,3.6900465,40.946712,0.3474118208249277
2900.0,-739.8756796826362,3.6899662,40.934246,0.3470917603538632
2900.0,-739.882669439209,3.689846,40.846905,0.3467717000783965
2900.0,-739.8752266201548,3.6897259,40.909275,0.3464516398033208
2900.0,-739.8748888658104,3.6897659,40.884304,0.3461315796743532
2900.0,-739.8806958807536,3.6895254,40.859371,0.3458115202526134
2900.0,-739.8743669445536,3.6896055,40.871838,0.3454914603494221
2900.0,-739.8830623246339,3.6895254,40.959179,0.3451713999040001
2900.0,-739.8758173406379,3.6892047,40.959179,0.3448513393733865
2900.0,-739.8837497424433,3.6891646,40.896809,0.3445312786305997
2900.0,-739.875766608872,3.6892447,40.921741,0.3442112181219319
2900.0,-739.8819452527622,3.6891246,40.896809,0.3438911581597357
2900.0,-739.8754499106876,3.6889641,40.921741,0.3435710977880675
2900.0,-739.883043964974,3.688844,40.934246,0.3432510373505876
2900.0,-739.8758317692725,3.6887238,40.921741,0.3429309768137323
2900.0,-739.8821293851015,3.6888039,40.971645,0.3426109167718836
2900.0,-739.8749893413626,3.6884031,40.946712,0.3422908565994516
2900.0,-739.874878745978,3.6883628,40.946712,0.3419707964748617
2900.0,-739.8823363930393,3.6881626,40.909275,0.341650736343465
2900.0,-739.8759348445125,3.6882827,40.934246,0.3413306757620208
2900.0,-739.8831258015239,3.6882427,40.984154,0.3410106152891399
2900.0,-739.8751690644135,3.687922,40.884304,0.340690555038962
2900.0,-739.8836519155258,3.6881225,40.934246,0.3403704943384934
2900.0,-739.8766490139366,3.6876013,40.884304,0.3400504334481089
2900.0,-739.8846651287919,3.6880021,40.946712,0.3397303723093419
2900.0,-739.8749670514561,3.6878018,40.934246,0.3394103121465522
2900.0,-739.8832210899143,3.6876414,41.071495,0.3390902516324512
2900.0,-739.8760190971873,3.6872406,40.984154,0.3387701910145604
2900.0,-739.8820460594053,3.6872406,40.959179,0.338450131008757
2900.0,-739.8744402226341,3.6871204,40.971645,0.3381300710738665
2900.0,-739.8755305621894,3.6874011,41.034054,0.3378100106673095
2900.0,-739.8834303562305,3.6872406,40.959179,0.3374899500626835
2900.0,-739.8762593550609,3.6870804,40.921741,0.3371698893408603
2900.0,-739.8830079054054,3.6869199,40.971645,0.3368498289189791
2900.0,-739.8761972826081,3.6868398,40.959179,0.3365297682240076
2900.0,-739.8837063222713,3.6867597,40.971645,0.3362097075000035
2900.0,-739.8777404149354,3.6865993,40.934246,0.3358896461374934
2900.0,-739.8845444739565,3.6863186,40.984154,0.3355695850509196
2900.0,-739.8782445140895,3.6863587,40.984154,0.3352495234703427
2900.0,-739.8845068145324,3.6865993,40.934246,0.3349294624000598
2900.0,-739.8776512432357,3.6863186,40.984154,0.3346094010761241
2900.0,-739.8850829413053,3.6862786,40.99662,0.3342893397566187
2900.0,-739.8774753040973,3.6859179,41.009087,0.333969278508792
2900.0,-739.8774594223471,3.6857576,41.009087,0.3336492172678355
2900.0,-739.8851459542823,3.6859179,40.971645,0.3333291559210719
2900.0,-739.8786337823161,3.6857977,41.021553,0.3330090941721027
2900.0,-739.8858952014457,3.6856372,40.99662,0.3326890325012279
2900.0,-739.8772793939802,3.685477,41.021553,0.3323689713381493
2900.0,-739.8831951991882,3.685437,41.009087,0.3320489108352481
2900.0,-739.876016020904,3.6851964,40.99662,0.3317288502186881
2900.0,-739.8853729329902,3.6853967,41.058987,0.3314087887737374
2900.0,-739.8757091867577,3.6850359,40.99662,0.3310887282899097
2900.0,-739.8820206563302,3.6851964,41.009087,0.3307686682950952
2900.0,-739.8751209081883,3.6848357,40.959179,0.3304486080657491
2900.0,-739.8834284762265,3.6849158,41.021553,0.3301285474619365
2900.0,-739.8755520705936,3.6847556,40.959179,0.3298084870460752
2900.0,-739.8756572830451,3.6846752,41.034054,0.3294884265847004
2900.0,-739.8832744347964,3.6843545,41.021553,0.3291683660475233
2900.0,-739.8757385443603,3.6846352,41.021553,0.3288483055509959
2900.0,-739.8832822114275,3.6843545,40.971645,0.3285282450104548
2900.0,-739.8770565190617,3.6841943,41.04652,0.3282081839437889
2900.0,-739.8842019305641,3.6841943,41.034054,0.3278881230053934
2900.0,-739.8765357451955,3.6838737,41.021553,0.3275680621640075
2900.0,-739.8845510045503,3.6841142,41.021553,0.3272480010746087
2900.0,-739.878178462502,3.6840339,41.058987,0.3269279395226049
2900.0,-739.8865875632952,3.6836731,40.971645,0.3266078775522265
2900.0,-739.8796573982614,3.683593,40.984154,0.3262878153604545
2900.0,-739.8888600980413,3.6833124,40.971645,0.3259677524070174
2900.0,-739.8813535329682,3.6833124,41.058987,0.3256476894815199
2900.0,-739.881813625902,3.6831923,41.058987,0.3253276263569923
2900.0,-739.8874470652113,3.6832323,41.021553,0.3250075640148084
2900.0,-739.8806053674718,3.6829517,41.083961,0.3246875014129575
2900.0,-739.8881331528775,3.6831923,41.04652,0.3243674387739841
2900.0,-739.8801269275456,3.6829116,41.083961,0.3240473763791001
2900.0,-739.8891984414553,3.6827111,40.984154,0.3237273132793015
2900.0,-739.8833023645137,3.6827111,41.083961,0.3234072495107652
2900.0,-739.8903141707008,3.6827915,41.009087,0.3230871859283217
2900.0,-739.8825453248004,3.6823905,41.058987,0.3227671224872708
2900.0,-739.8896043645346,3.6823905,41.071495,0.322447059211877
2900.0,-739.8806988968815,3.6824305,41.096428,0.3221269965695665
2900.0,-739.8874060984374,3.6822703,41.083961,0.3218069342451041
2900.0,-739.8788915324203,3.6819096,41.108894,0.3214868723846357
2900.0,-739.8873194768508,3.6818695,41.096428,0.3211668100976443
2900.0,-739.8811761656797,3.6820698,41.034054,0.3208467472488736
2900.0,-739.8794345724555,3.6817892,41.034054,0.3205266851534932
2900.0,-739.8866871850876,3.6817491,41.071495,0.3202066231400201
2900.0,-739.8791901889283,3.6816289,41.009087,0.3198865611503568
2900.0,-739.8863404183883,3.6816289,41.071495,0.3195664992868889
2900.0,-739.8782888622553,3.6813483,41.071495,0.3192464376871276
2900.0,-739.8871970760489,3.6814284,41.021553,0.3189263754530847
2900.0,-739.881168365389,3.6812682,41.096428,0.3186063126076883
2900.0,-739.8886563127337,3.6809475,41.058987,0.3182862497424051
2900.0,-739.8817297153776,3.6809876,41.071495,0.3179661866541761
2900.0,-739.8871218314843,3.6809075,41.071495,0.3176461244526826
2900.0,-739.8799525141684,3.6805868,41.108894,0.3173260621332474
2900.0,-739.8881527203074,3.6807871,41.083961,0.3170059994858095
2900.0,-739.8811254586747,3.6805468,41.021553,0.316685936658974
2900.0,-739.8793841202214,3.6805468,41.083961,0.3163658745854186
2900.0,-739.886889591753,3.680186,41.146332,0.3160458124843879
2900.0,-739.8807229941275,3.6801457,41.108894,0.3157257498316532
2900.0,-739.8876676471582,3.6799455,41.058987,0.3154056873940495
2900.0,-739.8803216655114,3.6799054,41.071495,0.3150856249149243
2900.0,-739.8869377116279,3.679745,41.121399,0.3147655627930779
2900.0,-739.8787887502183,3.6795447,41.096428,0.3144455009770716
2900.0,-739.8855507536977,3.6796248,41.058987,0.3141254394551989
2900.0,-739.8788137742579,3.6795447,41.133865,0.3138053776283676
2900.0,-739.8862684819921,3.6792641,41.108894,0.3134853157960181
2900.0,-739.8790198647795,3.6793442,41.158836,0.3131652538800348
2900.0,-739.8877676356609,3.6788633,41.096428,0.3128451913991777
2900.0,-739.8789653851169,3.6790636,41.133865,0.3125251295067616
2900.0,-739.8778272675025,3.6789834,41.146332,0.3122050681066801
2900.0,-739.8868181798425,3.6787028,41.071495,0.311885006036541
2900.0,-739.8776727272883,3.6789834,41.083961,0.3115649447033116
2900.0,-739.8852299634675,3.6787829,41.133865,0.311244883320207
2900.0,-739.8798335207531,3.6785023,41.058987,0.3109248210522468
2900.0,-739.8870032880976,3.678302,41.171303,0.3106047589020331
2900.0,-739.8791425444961,3.6781015,41.133865,0.3102846969329802
2900.0,-739.8853533532821,3.6781416,41.108894,0.3099646354964994
2900.0,-739.8790592808239,3.6780615,41.146332,0.3096445735634652
2900.0,-739.8865998926996,3.6780214,41.146332,0.3093245115877532
2900.0,-739.8782994938807,3.6778209,41.158836,0.3090044499833929
2900.0,-739.8868840254105,3.6774201,41.158836,0.3086843878847701
2900.0,-739.8799034176436,3.6775002,41.108894,0.3083643255865735
2900.0,-739.8796592536902,3.67734,41.146332,0.3080442633939989
2900.0,-739.8884220337904,3.6769793,41.133865,0.3077242006300607
2900.0,-739.8784868473749,3.6770594,41.058987,0.3074041389446537
2900.0,-739.8878076627398,3.6770995,41.133865,0.3070840764464816
2900.0,-739.8794739152404,3.6768589,41.146332,0.306764014334082
2900.0,-739.8873514469453,3.6765785,41.058987,0.3064439520332609
2900.0,-739.8779132659216,3.6766186,41.108894,0.3061238905959776
2900.0,-739.8848693534561,3.6764982,41.196236,0.3058038293688667
2900.0,-739.8778881438617,3.6764581,41.146332,0.3054837679424509
2900.0,-739.8870559005825,3.676378,41.196236,0.305163705769478
2900.0,-739.8786840024936,3.6760974,41.158836,0.3048436439987843
2900.0,-739.8854321370508,3.6760173,41.121399,0.304523582528223
2900.0,-739.8778827727974,3.6760173,41.146332,0.3042035211041306
2900.0,-739.8767384056192,3.6758568,41.083961,0.3038834601750765
2900.0,-739.8854674034449,3.6758168,41.20874,0.3035633986892596
2900.0,-739.8771172001989,3.6756165,41.146332,0.3032433375963438
2900.0,-739.8855194057008,3.6753759,41.183769,0.3029232760880317
2900.0,-739.8791853059193,3.6753359,41.133865,0.3026032141004807
2900.0,-739.8850490298156,3.6753759,41.196236,0.3022831527956449
2900.0,-739.8769514658165,3.6752155,41.196236,0.3019630917744237
2900.0,-739.8839703254134,3.6750953,41.121399,0.3016430309362165
2900.0,-739.8758440121968,3.6749351,41.121399,0.3013229703940651
2900.0,-739.8851656931982,3.6746545,41.121399,0.3010029090387628
2900.0,-739.8781628009394,3.674494,41.133865,0.3006828474935339
2900.0,-739.8849518123083,3.6742938,41.183769,0.3003627862307528
2900.0,-739.8781122637818,3.6742938,41.221207,0.3000427247073857
2900.0,-739.8767723898226,3.6742134,41.171303,0.2997226637636304
2900.0,-739.8854619347145,3.6741734,41.146332,0.2994026022801792
2900.0,-739.8770417124657,3.6738126,41.171303,0.2990825412199184
2900.0,-739.8850023133441,3.6739731,41.196236,0.2987624799352913
2900.0,-739.8774835433308,3.6736124,41.158836,0.2984424186839004
2900.0,-739.884133900287,3.673532,41.171303,0.2981223577749336
2900.0,-739.8760996995767,3.6734519,41.196236,0.2978022971221752
2900.0,-739.884393276577,3.6732514,41.171303,0.2974822361010068
2900.0,-739.8758673772576,3.6730111,41.171303,0.2971621755487481
2900.0,-739.8846866011916,3.6728907,41.146332,0.2968421144006925
2900.0,-739.8773877185263,3.6728106,41.221207,0.2965220531907541
2900.0,-739.8866462919831,3.6726904,41.146332,0.2962019911949707
2900.0,-739.8791533602933,3.6724098,41.183769,0.2958819292212389
2900.0,-739.8791039703215,3.6722093,41.20874,0.2955618672688727
2900.0,-739.8849873234486,3.6722896,41.221207,0.2952418059907299
2900.0,-739.8778596156462,3.6719286,41.221207,0.2949217445766551
2900.0,-739.8846985031084,3.6719286,41.258644,0.294601683423451
2900.0,-739.8773765251768,3.6717284,41.146332,0.2942816222183547
2900.0,-739.8845959265564,3.6718085,41.20874,0.2939615611095235
2900.0,-739.8773993761935,3.6714878,41.24614,0.2936414998945421
2900.0,-739.8843490632305,3.6713676,41.183769,0.2933214388924996
2900.0,-739.8788769208418,3.6711671,41.233673,0.2930013770383519
2900.0,-739.8847025676168,3.671047,41.183769,0.2926813158833896
2900.0,-739.8776616556968,3.6711271,41.146332,0.2923612545549496
2900.0,-739.8861018797126,3.6708465,41.283577,0.2920411927946694
2900.0,-739.8785041685303,3.6708064,41.221207,0.2917211311017694
2900.0,-739.8803312238243,3.6705658,41.271111,0.2914010686185094
2900.0,-739.8865154069138,3.6702452,41.158836,0.2910810066793446
2900.0,-739.8794573629001,3.6702852,41.196236,0.2907609445741053
2900.0,-739.8849086481378,3.6700449,41.20874,0.2904408833299962
2900.0,-739.8782544137342,3.6701651,41.233673,0.2901208217451369
2900.0,-739.8848745293503,3.6697643,41.271111,0.2898007605157869
2900.0,-739.8777794898527,3.6695638,41.196236,0.2894806991363735
2900.0,-739.8848452318205,3.6693635,41.20874,0.2891606379196971
2900.0,-739.8779504727228,3.6693232,41.24614,0.2888405764663186
2900.0,-739.8847871997183,3.669163,41.24614,0.288520515274746
2900.0,-739.8766067293136,3.669203,41.221207,0.2882004544026532
2900.0,-739.8840616217371,3.6689625,41.196236,0.2878803935249528
2900.0,-739.8767903707223,3.6688023,41.146332,0.2875603325734193
2900.0,-739.8760489798842,3.6687222,41.221207,0.2872402719426016
2900.0,-739.8828714423294,3.6684816,41.20874,0.2869202115797519
2900.0,-739.875267684537,3.6684816,41.20874,0.2866001512869123
2900.0,-739.8847474777538,3.6681209,41.233673,0.2862800901125227
2900.0,-739.8790646520928,3.6681609,41.283577,0.2859600281771649
2900.0,-739.8865340843756,3.6679604,41.233673,0.2856399662299205
2900.0,-739.8780719929754,3.6678402,41.183769,0.285319904723974
2900.0,-739.8862933358204,3.6674795,41.308548,0.2849998428808733
2900.0,-739.8789189007625,3.6675596,41.271111,0.2846797810085656
2900.0,-739.8859738028825,3.6671188,41.24614,0.2843597193036892
2900.0,-739.8784933899767,3.6671188,41.283577,0.2840396576154519
2900.0,-739.8853071610916,3.6669183,41.271111,0.2837195961989531
2900.0,-739.8763825355203,3.6668782,41.233673,0.2833995354238436
2900.0,-739.8771029786552,3.6663973,41.20874,0.28307947433708
2900.0,-739.8847627981387,3.6666377,41.233673,0.2827594131560629
2900.0,-739.8784026554767,3.6661968,41.271111,0.2824393515070763
2900.0,-739.8856158541809,3.6661968,41.258644,0.2821192899570421
2900.0,-739.8784826357746,3.6660767,41.221207,0.281799228273457
2900.0,-739.8845085727771,3.6658361,41.321014,0.2814791672024134
2900.0,-739.8767971576588,3.6655955,41.271111,0.2811591062479439
2900.0,-739.8861748411375,3.6655555,41.271111,0.2808390444561018
2900.0,-739.8770655404116,3.6656356,41.258644,0.2805189833855335
2900.0,-739.8848053883013,3.6652749,41.196236,0.2801989221860927
2900.0,-739.8779505091478,3.6648741,41.221207,0.2798788607326986
2900.0,-739.8838507809406,3.6649542,41.233673,0.2795587999462042
2900.0,-739.8765825471439,3.6645534,41.308548,0.2792387390845723
2900.0,-739.8773379020944,3.6644332,41.233673,0.2789186778961839
2900.0,-739.8844519193173,3.6643128,41.283577,0.2785986168496476
2900.0,-739.8784261662379,3.6641526,41.233673,0.2782785551904905
2900.0,-739.8850193545251,3.6639121,41.271111,0.2779584938984917
2900.0,-739.877520457708,3.663872,41.370922,0.2776384326311321
2900.0,-739.8846943645212,3.6634312,41.296082,0.2773183714797183
2900.0,-739.8776028668228,3.6632707,41.283577,0.2769983101767095
2900.0,-739.8853226762914,3.6634712,41.258644,0.2766782487534991
2900.0,-739.8790431066496,3.6632307,41.221207,0.2763581868274616
2900.0,-739.8873675848567,3.6628699,41.233673,0.2760381245196595
2900.0,-739.878908256245,3.6629901,41.258644,0.2757180626519566
2900.0,-739.8867865756397,3.6625893,41.20874,0.2753980005954889
2900.0,-739.8787162773779,3.6625493,41.358456,0.2750779388108335
2900.0,-739.878348859501,3.6621485,41.283577,0.2747578771851182
2900.0,-739.8855618986606,3.6622286,41.308548,0.2744378156584243
2900.0,-739.8797975468801,3.6620681,41.271111,0.2741177534060259
2900.0,-739.8861892578436,3.6618679,41.24614,0.2737976916079475
2900.0,-739.878116658326,3.6615872,41.20874,0.2734776300826793
2900.0,-739.8844961828,3.6614671,41.296082,0.2731575690169954
2900.0,-739.8777564180344,3.6612265,41.283577,0.2728375076475625
2900.0,-739.8866959138966,3.6609859,41.271111,0.2725174456303135
2900.0,-739.8768358171662,3.6610661,41.296082,0.2721973846591204
2900.0,-739.8853442704502,3.6607454,41.20874,0.2718773232265687
2900.0,-739.8790014199714,3.6605451,41.333481,0.2715572613185643
2900.0,-739.886717581111,3.6601844,41.258644,0.2712371992919424
2900.0,-739.8791128455616,3.660064,41.271111,0.2709171373357368
2900.0,-739.8794986220952,3.6601844,41.258644,0.2705970752126494
2900.0,-739.8874510445905,3.6597033,41.271111,0.2702770128687441
2900.0,-739.8787630785077,3.6594627,41.24614,0.2699569510638431
2900.0,-739.8859361074424,3.659543,41.296082,0.2696368893752731
2900.0,-739.8782341626098,3.659142,41.20874,0.2693168277991741
2900.0,-739.886114990218,3.6587813,41.308548,0.2689967660332226
2900.0,-739.8778341888843,3.6587412,41.258644,0.268676704630147
2900.0,-739.8846787030058,3.6586611,41.258644,0.2683566434855081
2900.0,-739.8773524410275,3.658581,41.296082,0.2680365822908302
2900.0,-739.8852973953848,3.6582203,41.171303,0.2677165208785559
2900.0,-739.878199714498,3.6583004,41.233673,0.2673964593173588
2900.0,-739.8842261494026,3.6578996,41.221207,0.2670763983684866
2900.0,-739.8762442304616,3.6577392,41.24614,0.2667563376532061
2900.0,-739.8772864252512,3.6575789,41.308548,0.2664362764870858
2900.0,-739.8851762645627,3.6574585,41.258644,0.2661162151272105
2900.0,-739.8780522176281,3.6571779,41.296082,0.2657961536298185
2900.0,-739.8859562977885,3.6570177,41.308548,0.2654760919325145
2900.0,-739.8795425307043,3.6570177,41.233673,0.2651560297904328
2900.0,-739.8878936620239,3.6564565,41.271111,0.264835967255059
2900.0,-739.8819451192636,3.6563363,41.20874,0.2645159040736491
2900.0,-739.8880424297432,3.6562161,41.308548,0.2641958414739209
2900.0,-739.8792397855818,3.6559756,41.321014,0.2638757794628028
2900.0,-739.8869950610596,3.6556549,41.271111,0.2635557173161479
2900.0,-739.879409303672,3.6554945,41.308548,0.2632356552316984
2900.0,-739.88763094114,3.6552942,41.321014,0.262915592809973
2900.0,-739.8786521293085,3.6552942,41.321014,0.2625955310530672
2900.0,-739.8869809003548,3.6549735,41.283577,0.2622754689125381
2900.0,-739.8783129830344,3.6548531,41.333481,0.2619554073023425
2900.0,-739.8794509418518,3.6546128,41.308548,0.2616353451998809
2900.0,-739.8862699836214,3.6545324,41.345989,0.2613152833668818
2900.0,-739.8794753071701,3.6540515,41.24614,0.2609952212538801
2900.0,-739.885553414598,3.6536508,41.296082,0.2606751597308563
2900.0,-739.8771976560693,3.653851,41.233673,0.2603550986031364
2900.0,-739.8854182702055,3.6536508,41.321014,0.2600350371385737
2900.0,-739.8774005731057,3.6535304,41.296082,0.2597149759230746
2900.0,-739.8853295119997,3.6531696,41.271111,0.2593949144969071
2900.0,-739.8785628964229,3.6527288,41.296082,0.2590748527786023
2900.0,-739.8860840085222,3.6526887,41.370922,0.2587547910260528
2900.0,-739.8766251248046,3.6526887,41.321014,0.2584347301460025
2900.0,-739.8847718189654,3.652328,41.321014,0.2581146689610832
2900.0,-739.8770661868547,3.6518469,41.358456,0.2577946078902352
2900.0,-739.8772369141352,3.651927,41.333481,0.2574745467455328
2900.0,-739.8845449497385,3.6516063,41.283577,0.2571544856587532
2900.0,-739.8770596565311,3.6514461,41.321014,0.2568344245907301
2900.0,-739.8855324183896,3.6512456,41.296082,0.2565143630767889
2900.0,-739.8800961661444,3.6510854,41.358456,0.2561943006952117
2900.0,-739.8870645436484,3.6506042,41.321014,0.2558742385185
2900.0,-739.8788116503474,3.6506042,41.308548,0.2555541766925875
2900.0,-739.8861726930586,3.6503639,41.358456,0.2552341149016746
2900.0,-739.8786150569529,3.6499629,41.308548,0.2549140531608058
2900.0,-739.8857731788138,3.6497226,41.308548,0.2545939915427159
2900.0,-739.8772575561131,3.6496022,41.345989,0.254273930389084
2900.0,-739.8854595912068,3.6496022,41.370922,0.2539538689066465
2900.0,-739.8777008276112,3.6492014,41.296082,0.2536338075612613
2900.0,-739.8788428877305,3.6491213,41.383389,0.2533137457218359
2900.0,-739.8860050530626,3.6487606,41.308548,0.2529936840034412
2900.0,-739.8788556442895,3.6484799,41.321014,0.2526736221584975
2900.0,-739.8854154384329,3.6484399,41.345989,0.2523535606951597
2900.0,-739.8773741078193,3.6480391,41.283577,0.2520334994911092
2900.0,-739.8837267326028,3.6477585,41.358456,0.251713438758276
2900.0,-739.8766661642213,3.6474779,41.24614,0.2513933778604725
2900.0,-739.8854548305219,3.6474378,41.308548,0.2510733163800944
2900.0,-739.878499749839,3.6472373,41.383389,0.2507532546891059
2900.0,-739.8856260592441,3.6471171,41.333481,0.2504331931346573
2900.0,-739.8777358738722,3.647037,41.345989,0.2501131317741115
2900.0,-739.8855062348274,3.6463554,41.258644,0.2497930702714968
2900.0,-739.8780021810086,3.6464758,41.308548,0.2494730087957501
2900.0,-739.8783114329216,3.6459146,41.308548,0.249152947186225
2900.0,-739.8851168888112,3.6457944,41.308548,0.2488328858520346
2900.0,-739.8770871589095,3.6455138,41.24614,0.2485128247721144
2900.0,-739.8857534646588,3.6454737,41.333481,0.2481927631625524
2900.0,-739.8782520948064,3.645153,41.308548,0.2478727015786962
2900.0,-739.8848428394044,3.6448324,41.370922,0.2475526403630548
2900.0,-739.8780824547536,3.6447923,41.296082,0.2472325788525826
2900.0,-739.8850811224879,3.6445518,41.333481,0.2469125175338641
2900.0,-739.8762210857931,3.6439905,41.308548,0.2465924568285957
2900.0,-739.8837781978903,3.6438303,41.383389,0.2462723960734995
2900.0,-739.8767710224491,3.6435897,41.321014,0.2459523351303357
2900.0,-739.8851583686112,3.643229,41.321014,0.2456322737782019
2900.0,-739.8782928663554,3.6429484,41.321014,0.2453122121767085
2900.0,-739.8786718925822,3.6429083,41.345989,0.2449921504112533
2900.0,-739.8864291759801,3.6425877,41.321014,0.2446720885093905
2900.0,-739.8793112086429,3.6423471,41.358456,0.2443520264673756
2900.0,-739.886744168423,3.642267,41.345989,0.2440319644292526
2900.0,-739.8794763199105,3.6421468,41.383389,0.2437119023158127
2900.0,-739.8876608845054,3.6417458,41.271111,0.2433918398811344
2900.0,-739.8782481400234,3.6414251,41.345989,0.243071778298989
2900.0,-739.8859327135308,3.6412649,41.333481,0.2427517166118871
2900.0,-739.8784195376893,3.6408641,41.283577,0.2424316549555973
2900.0,-739.8858428455762,3.6406636,41.370922,0.2421115933073707
2900.0,-739.8778868740993,3.640383,41.333481,0.2417915318815043
2900.0,-739.8856110812177,3.6400623,41.333481,0.2414714703335349
2900.0,-739.8778891083082,3.6398621,41.358456,0.2411514089067019
2900.0,-739.8784007265839,3.6397417,41.333481,0.2408313472585495
2900.0,-739.8856495456853,3.639461,41.333481,0.2405112856939411
2900.0,-739.8785132631396,3.6389401,41.271111,0.240191223997107
2900.0,-739.8862132327542,3.6392608,41.333481,0.2398711621886574
2900.0,-739.8786241757091,3.6385393,41.283577,0.2395511004438439
2900.0,-739.8863710704131,3.6382987,41.370922,0.2392310385671165
2900.0,-739.878172078288,3.637938,41.271111,0.2389109770178744
2900.0,-739.8849179376533,3.6377776,41.296082,0.2385909157697468
2900.0,-739.8781285846794,3.6374969,41.321014,0.2382708542393195
2900.0,-739.8856456880653,3.6370962,41.358456,0.2379507926763798
2900.0,-739.879360487907,3.6370962,41.333481,0.2376307306130473
2900.0,-739.8866931793268,3.6369359,41.321014,0.2373106685969813
2900.0,-739.8799055540368,3.6364548,41.345989,0.2369906062978604
2900.0,-739.8778500335956,3.6363347,41.333481,0.2366705448879306
2900.0,-739.8856727392903,3.6360941,41.395889,0.2363504833132891
2900.0,-739.8770481938815,3.6355731,41.321014,0.2360304222502246
2900.0,-739.8857252418848,3.6357334,41.283577,0.2357103606528713
2900.0,-739.8776300642946,3.6351721,41.345989,0.2353902993380973
2900.0,-739.8858780501698,3.6348917,41.321014,0.2350702376746418
2900.0,-739.8776329203903,3.6345308,41.345989,0.2347501763586323
2900.0,-739.8849453060662,3.6342504,41.258644,0.2344301150986656
2900.0,-739.8766609032509,3.6342504,41.333481,0.234110054203138
2900.0,-739.8852340650152,3.6338894,41.296082,0.2337899928182592
2900.0,-739.8782863108617,3.6336892,41.420822,0.2334699312196016
2900.0,-739.8862010867049,3.6332483,41.345989,0.2331498694164062
2900.0,-739.8784780582863,3.6329277,41.345989,0.2328298077348012
2900.0,-739.8775244978239,3.6327672,41.383389,0.2325097464656939
2900.0,-739.8856799415041,3.6324065,41.283577,0.2321896848879367
2900.0,-739.8802932598725,3.6321659,41.308548,0.2318696224210994
2900.0,-739.8871094533762,3.6318452,41.370922,0.2315495602249605
2900.0,-739.8780140099556,3.6314044,41.333481,0.2312294987440967
2900.0,-739.885744004271,3.6311638,41.358456,0.2309094371386272
2900.0,-739.880154783534,3.6311238,41.296082,0.2305893747316929
2900.0,-739.884539285784,3.6309233,41.345989,0.2302693136473634
2900.0,-739.8779522059842,3.6302419,41.345989,0.2299492521932352
2900.0,-739.8857618511095,3.6299615,41.345989,0.2296291905800454
2900.0,-739.8783419624708,3.629801,41.321014,0.2293091289573137
2900.0,-739.8872203183575,3.6294003,41.333481,0.2289890667132165
2900.0,-739.8795410170165,3.6293602,41.333481,0.2286690045717896
2900.0,-739.878276423495,3.6288791,41.333481,0.2283489429774091
2900.0,-739.8845481234601,3.628839,41.321014,0.2280288818892566
2900.0,-739.8778099944365,3.6283982,41.258644,0.2277088204966473
2900.0,-739.8856179787265,3.6281576,41.358456,0.2273887589456941
2900.0,-739.876592068418,3.627877,41.370922,0.2270686980799435
2900.0,-739.8837607779254,3.6274362,41.333481,0.2267486373323829
2900.0,-739.8771380742334,3.6271155,41.333481,0.2264285762304373
2900.0,-739.8844557521761,3.6269951,41.321014,0.2261085151822431
2900.0,-739.8770908576937,3.6265142,41.333481,0.2257884541007228
2900.0,-739.8863905893439,3.6262336,41.24614,0.2254683922155518
2900.0,-739.8785154238843,3.6257927,41.308548,0.225148330517783
2900.0,-739.884511282995,3.6257527,41.321014,0.224828269445567
2900.0,-739.8785342223024,3.625392,41.395889,0.2245082077396662
2900.0,-739.8781248367828,3.6251915,41.345989,0.2241881462108602
2900.0,-739.8858454941984,3.6249509,41.370922,0.2238680845614878
2900.0,-739.8779768518576,3.6247907,41.370922,0.2235480230966982
2900.0,-739.8856794284782,3.6242695,41.370922,0.2232279615191629
2900.0,-739.877420543675,3.6238286,41.345989,0.2229079002950248
2900.0,-739.8841920181322,3.623508,41.345989,0.2225878393609173
2900.0,-739.8764235024961,3.6234679,41.333481,0.222267778568086
2900.0,-739.8834439427226,3.6229467,41.258644,0.2219477179575828
2900.0,-739.8755304887253,3.6228266,41.321014,0.2216276575510575
2900.0,-739.8839372803586,3.622586,41.358456,0.2213075967271451
2900.0,-739.8765474274189,3.6220648,41.383389,0.2209875358807055
2900.0,-739.8850419497703,3.6217844,41.333481,0.2206674745789325
2900.0,-739.8780372027132,3.6215439,41.271111,0.2203474130880358
2900.0,-739.8769873424877,3.6211431,41.383389,0.2200273520512948
2900.0,-739.8853425862843,3.6209025,41.283577,0.2197072906194716
2900.0,-739.8775899885057,3.6207421,41.333481,0.2193872293220339
2900.0,-739.8844757475028,3.6205018,41.345989,0.21906716826519
2900.0,-739.8763242842235,3.6199806,41.370922,0.2187471075152793
2900.0,-739.8837436389277,3.6197,41.321014,0.2184270467751327
2900.0,-739.8775588245869,3.6192591,41.308548,0.2181069854911761
2900.0,-739.8837917107128,3.6189785,41.308548,0.2177869247302345
2900.0,-739.8768296038228,3.6188583,41.296082,0.2174668637617292
2900.0,-739.883374570024,3.6184173,41.296082,0.2171468031812353
2900.0,-739.8754210409357,3.6180966,41.321014,0.2168267428220558
2900.0,-739.8822365631306,3.6176558,41.345989,0.2165066827338438
2900.0,-739.875245761337,3.6174152,41.271111,0.2161866224504878
2900.0,-739.8746796136725,3.6169343,41.321014,0.2158665624120399
2900.0,-739.8820764548149,3.6166537,41.296082,0.215546502393088
2900.0,-739.8760752125003,3.6164932,41.370922,0.2152264417509224
2900.0,-739.8839440434206,3.616333,41.308548,0.2149063809240844
2900.0,-739.8767771995721,3.6158118,41.383389,0.2145863199782484
2900.0,-739.8844147002729,3.6154511,41.296082,0.2142662589478125
2900.0,-739.877499143912,3.6152909,41.283577,0.213946197689673
2900.0,-739.8846265787859,3.6149702,41.321014,0.2136261365675821
2900.0,-739.8769098523976,3.6147697,41.271111,0.2133060755643623
2900.0,-739.8843866850012,3.6140482,41.233673,0.2129860145460452
2900.0,-739.8757572332985,3.6139681,41.283577,0.2126659540414333
2900.0,-739.8845599887469,3.6136074,41.283577,0.2123458929481481
2900.0,-739.8783829415202,3.6132467,41.271111,0.2120258313076893
2900.0,-739.8762543744409,3.6130061,41.233673,0.2117057705880207
2900.0,-739.8846113687005,3.612565,41.271111,0.2113857094725094
2900.0,-739.8759297785595,3.6121643,41.333481,0.2110656488932566
2900.0,-739.8840388071206,3.6118836,41.296082,0.2107455880254255
2900.0,-739.8760262870506,3.6116033,41.271111,0.2104255274044244
2900.0,-739.8819485253239,3.6114028,41.333481,0.2101054674408125
2900.0,-739.8752575526311,3.6109216,41.308548,0.2097854071523558
2900.0,-739.8833111661896,3.6107614,41.296082,0.2094653465992894
2900.0,-739.8764747470782,3.6103606,41.283577,0.2091452857842904
2900.0,-739.8843334498048,3.6101201,41.333481,0.208825224789002
2900.0,-739.8765095367264,3.6097193,41.345989,0.2085051639589535
2900.0,-739.8863870374523,3.6094787,41.308548,0.208185102075319
2900.0,-739.8793443258063,3.6089175,41.333481,0.2078650400189781
2900.0,-739.877727000269,3.6085567,41.370922,0.2075449786622709
2900.0,-739.8849936700735,3.6085167,41.333481,0.2072249173813828
2900.0,-739.8773614740414,3.608196,41.271111,0.2069048561827974
2900.0,-739.8847585009576,3.6077151,41.345989,0.2065847950036393
2900.0,-739.8765262114387,3.6073544,41.345989,0.2062647341663775
2900.0,-739.8853824422863,3.6069534,41.24614,0.2059446727173133
2900.0,-739.8775115955644,3.6067531,41.283577,0.2056246114537874
2900.0,-739.8842291763992,3.6061518,41.271111,0.2053045505036058
2900.0,-739.8757890813133,3.6062319,41.283577,0.2049844899852168
2900.0,-739.8824502240354,3.6058311,41.308548,0.2046644298045788
2900.0,-739.8741548485981,3.6053903,41.333481,0.2043443699931374
2900.0,-739.8820767474464,3.604789,41.233673,0.2040243099740589
2900.0,-739.8777864963628,3.6045885,41.345989,0.2037042485916144
2900.0,-739.8773390742457,3.6042678,41.283577,0.203384187402719
2900.0,-739.8848567070684,3.6039071,41.308548,0.2030641261810786
2900.0,-739.877919125246,3.6034663,41.24614,0.2027440647412607
2900.0,-739.884673099624,3.6032658,41.283577,0.2024240035990457
2900.0,-739.8775875592794,3.6027045,41.308548,0.2021039423026588
2900.0,-739.8839418705805,3.6025043,41.283577,0.2017838814767607
2900.0,-739.8766187405907,3.6022236,41.283577,0.201463820599472
2900.0,-739.8856180875936,3.6018629,41.283577,0.2011437590484718
2900.0,-739.8786386778078,3.6013017,41.345989,0.2008236972973849
2900.0,-739.8867866609735,3.6009409,41.308548,0.2005036352408803
2900.0,-739.8790210487996,3.6007807,41.271111,0.2001835733243848
2900.0,-739.8851809276355,3.6005802,41.271111,0.1998635119624923
2900.0,-739.8780970292931,3.5998988,41.296082,0.1995434504457155
2900.0,-739.8851343939052,3.5996983,41.271111,0.1992233891039526
2900.0,-739.8781105917062,3.5993776,41.370922,0.1989033275813088
2900.0,-739.8766155544182,3.599057,41.321014,0.1985832667053985
2900.0,-739.8844667631016,3.5986962,41.333481,0.1982632056524411
2900.0,-739.8769294450054,3.5982955,41.308548,0.1979431446407458
2900.0,-739.8846230508368,3.5978546,41.183769,0.197623083520181
2900.0,-739.8769047864446,3.5976541,41.283577,0.1973030225191527
2900.0,-739.883986023559,3.5972533,41.271111,0.1969829616741548
2900.0,-739.8766772241487,3.5968525,41.333481,0.1966629007715669
2900.0,-739.8834148289571,3.5966921,41.258644,0.1963428401736577
2900.0,-739.8781938676565,3.5962512,41.296082,0.1960227786149899
2900.0,-739.8845714637902,3.5959706,41.258644,0.1957027175167408
2900.0,-739.8755002397312,3.5954094,41.221207,0.1953826571233008
2900.0,-739.8817055306683,3.5952492,41.308548,0.1950625972648042
2900.0,-739.8736179603112,3.5946879,41.233673,0.1947425376856135
2900.0,-739.8759012145327,3.5944073,41.233673,0.1944224771187172
2900.0,-739.8827154969526,3.5939665,41.271111,0.1941024168233268
2900.0,-739.8753575278499,3.5936058,41.283577,0.1937823564916222
2900.0,-739.883657725796,3.5934052,41.258644,0.1934622957886401
2900.0,-739.8751231540614,3.5930445,41.271111,0.1931422355583225
2900.0,-739.8817307256272,3.5926037,41.20874,0.1928221756889269
2900.0,-739.8748695912059,3.5924833,41.196236,0.1925021155682972
2900.0,-739.8822835728475,3.5920825,41.258644,0.1921820554597496
2900.0,-739.8751089327225,3.5916417,41.24614,0.191861995235584
2900.0,-739.8836416736276,3.5911205,41.196236,0.1915419345395458
2900.0,-739.8756060132929,3.5910404,41.183769,0.1912218741003496
2900.0,-739.8822114782666,3.5907197,41.196236,0.1909018140229889
2900.0,-739.8753104699026,3.5899582,41.221207,0.1905817537116409
2900.0,-739.8757238836693,3.5896375,41.183769,0.1902616932214555
2900.0,-739.8828259954284,3.5893569,41.20874,0.1899416328782655
2900.0,-739.8741119525248,3.5889561,41.271111,0.1896215730853803
2900.0,-739.8829189278283,3.5885551,41.183769,0.1893015127019893
2900.0,-739.8763521035821,3.5881944,41.20874,0.1889814519400443
2900.0,-739.8829201241386,3.5878336,41.221207,0.1886613915561358
2900.0,-739.8753915857221,3.5875931,41.196236,0.1883413312096981
2900.0,-739.8818590709416,3.5873127,41.258644,0.1880212712847826
2900.0,-739.8742484758235,3.5867915,41.308548,0.1877012114328393
2900.0,-739.8836562855578,3.5863507,41.296082,0.1873811507304802
2900.0,-739.8760651536492,3.5859897,41.221207,0.187061090092666
2900.0,-739.8821323151001,3.5857494,41.171303,0.1867410300495499
2900.0,-739.8755332715616,3.5854287,41.24614,0.1864209696418208
2900.0,-739.8745945923872,3.5849075,41.233673,0.186100909640152
2900.0,-739.8825436322172,3.584667,41.271111,0.1857808494191073
2900.0,-739.8748456046676,3.5841861,41.221207,0.1854607893088539
2900.0,-739.8818021494067,3.5837452,41.271111,0.1851407294085616
2900.0,-739.8751880459803,3.5836649,41.183769,0.1848206691501726
2900.0,-739.8839406869577,3.5832241,41.171303,0.1845006083247865
2900.0,-739.8762147506917,3.5829034,41.258644,0.1841805476222586
2900.0,-739.8841005018234,3.582222,41.271111,0.1838604867277394
2900.0,-739.8756898262063,3.5818613,41.171303,0.1835404262522868
2900.0,-739.8816119872212,3.5815806,41.183769,0.1832203664342554
2900.0,-739.8749046738919,3.5813,41.20874,0.1829003062984494
2900.0,-739.882820355212,3.5808592,41.221207,0.1825802459576992
2900.0,-739.8755719189957,3.5805385,41.233673,0.1822601855332518
2900.0,-739.874451355821,3.5802178,41.233673,0.1819401255935452
2900.0,-739.8818207894197,3.5796566,41.233673,0.1816200656851896
2900.0,-739.8744352301453,3.5794964,41.333481,0.1813000057524588
2900.0,-739.8810941620579,3.5789351,41.183769,0.1809799461584295
2900.0,-739.8737311805536,3.5786145,41.183769,0.1806598865302613
2900.0,-739.8816601691012,3.5782938,41.258644,0.1803398266913872
2900.0,-739.8747648670143,3.5780132,41.233673,0.1800197666160598
2900.0,-739.8809139120997,3.5773718,41.171303,0.1796997071000035
2900.0,-739.872388669868,3.5771313,41.121399,0.1793796480525877
2900.0,-739.8814657705119,3.5764098,41.221207,0.1790595882978071
2900.0,-739.8733384578775,3.5763698,41.20874,0.1787395288395255
2900.0,-739.8837203239727,3.5760891,41.24614,0.1784194681094645
2900.0,-739.8757044134334,3.5757284,41.183769,0.1780994076277018
2900.0,-739.8758667056443,3.5751674,41.233673,0.1777793470757335
2900.0,-739.8826034964382,3.5747664,41.271111,0.1774592868287926
2900.0,-739.87624709904,3.5746062,41.221207,0.1771392261122712
2900.0,-739.8831679772957,3.5739648,41.158836,0.1768191656211457
2900.0,-739.8756000072451,3.5738044,41.183769,0.1764991051845477
2900.0,-739.8827354916655,3.573524,41.24614,0.1761790448805079
2900.0,-739.8746478757514,3.5730829,41.221207,0.1758589848557895
2900.0,-739.8830880696581,3.5728023,41.233673,0.1755389243992307
2900.0,-739.8759799492152,3.5722814,41.158836,0.1752188637982747
2900.0,-739.8836810168083,3.5719206,41.233673,0.1748988030852174
2900.0,-739.8760248957349,3.5712793,41.146332,0.1745787424648182
2900.0,-739.8834614478166,3.5709586,41.221207,0.1742586818467425
2900.0,-739.8758440860702,3.5707181,41.258644,0.1739386213045592
2900.0,-739.8760901052478,3.5701969,41.183769,0.1736185606559512
2900.0,-739.8839228151534,3.569716,41.221207,0.1732984998382962
2900.0,-739.876161088752,3.5694754,41.233673,0.1729784391589817
2900.0,-739.8824851611679,3.5694354,41.183769,0.1726583789632305
2900.0,-739.8755036575509,3.5686338,41.146332,0.1723383185683121
2900.0,-739.8827183774289,3.5684333,41.221207,0.1720182582716757
2900.0,-739.8758057926553,3.5680325,41.24614,0.1716981977460576
2900.0,-739.8825071334967,3.5674312,41.20874,0.1713781375408015
2900.0,-739.8752967617892,3.5671506,41.233673,0.1710580772353835
2900.0,-739.8816632448016,3.5667098,41.171303,0.170738017395179
2900.0,-739.8748570793907,3.5663891,41.20874,0.1704179572799617
2900.0,-739.8813666240923,3.5658679,41.158836,0.1700978975680701
2900.0,-739.874831810198,3.5657477,41.221207,0.169777837463784
2900.0,-739.8741903094503,3.565387,41.171303,0.1694577776370027
2900.0,-739.8814293446422,3.5649059,41.183769,0.1691377178979792
2900.0,-739.8731464178243,3.5646656,41.233673,0.1688176585227717
2900.0,-739.8803767388778,3.5643449,41.171303,0.168497599239087
2900.0,-739.8718527834757,3.5638638,41.196236,0.1681775404234886
2900.0,-739.8806120182934,3.5634229,41.221207,0.1678574810380262
2900.0,-739.8744180669685,3.5629818,41.171303,0.16753742111272
2900.0,-739.8806214058302,3.5627015,41.108894,0.1672173617231967
2900.0,-739.8728437457567,3.5621803,41.133865,0.1668973024789211
2900.0,-739.8800205723634,3.5617394,41.121399,0.1665772433493079
2900.0,-739.8727545615743,3.5613384,41.146332,0.1662571841436121
2900.0,-739.8809711148064,3.5610981,41.20874,0.1659371246028109
2900.0,-739.8734017753319,3.560657,41.183769,0.165617065117139
2900.0,-739.8745364014578,3.5601361,41.133865,0.1652970051406428
2900.0,-739.8825345753744,3.5601761,41.158836,0.164976944923516
2900.0,-739.8742827649336,3.5594547,41.133865,0.1646568850567396
2900.0,-739.8818688607956,3.5592141,41.158836,0.1643368251275892
2900.0,-739.8741973894245,3.5586529,41.083961,0.1640167652977452
2900.0,-739.8820429343873,3.5583723,41.158836,0.1636967052932935
2900.0,-739.8743433971628,3.5578113,41.183769,0.1633766454002885
2900.0,-739.881425792546,3.5574505,41.108894,0.1630565856628016
2900.0,-739.8735065965207,3.55721,41.146332,0.1627365261317855
2900.0,-739.8790421124652,3.5566888,41.133865,0.1624164674254369
2900.0,-739.8729508740045,3.5564885,41.121399,0.162096408134819
2900.0,-739.882907404286,3.5559273,41.171303,0.1617763477564128
2900.0,-739.8735289234662,3.5556867,41.133865,0.1614562882157383
2900.0,-739.8745734862962,3.5550854,41.171303,0.1611362282231997
2900.0,-739.8826377130423,3.5546846,41.108894,0.1608161679614573
2900.0,-739.875401436459,3.5542839,41.171303,0.1604961076107584
2900.0,-739.8839960823067,3.553843,41.096428,0.1601760467614092
2900.0,-739.8752174164748,3.5534019,41.121399,0.1598559864903149
2900.0,-739.882185842928,3.5530012,41.108894,0.1595359264240436
2900.0,-739.8751429901853,3.5529611,41.121399,0.1592158661851451
2900.0,-739.8815960934422,3.5523999,41.133865,0.1588958063739891
2900.0,-739.8749297224878,3.5518386,41.133865,0.1585757462273474
2900.0,-739.883310995522,3.5515983,41.108894,0.1582556856743548
2900.0,-739.873749588732,3.5511172,41.096428,0.1579356260382234
2900.0,-739.8826154472634,3.5508366,41.108894,0.1576155657861128
2900.0,-739.8738242102437,3.5505159,41.158836,0.1572955061177011
2900.0,-739.8751773529641,3.550035,41.083961,0.1569754458639378
2900.0,-739.8832841888388,3.5498345,41.133865,0.1566553853225412
2900.0,-739.8763065718053,3.5493536,41.171303,0.1563353245802927
2900.0,-739.882332376416,3.5487924,41.133865,0.1560152644506335
2900.0,-739.876110148872,3.5483916,41.146332,0.1556952037933549
2900.0,-739.8841883563503,3.5479507,41.121399,0.1553751428608314
2900.0,-739.8756632031461,3.5473895,41.096428,0.1550550823968957
2900.0,-739.8828732854986,3.5472291,41.133865,0.1547350220332487
2900.0,-739.8754480667184,3.5468683,41.071495,0.1544149616623781
2900.0,-739.8826648741575,3.5463474,41.096428,0.1540949013888863
2900.0,-739.8764313883244,3.5460668,41.146332,0.1537748405926438
2900.0,-739.8836776349704,3.5454655,41.071495,0.1534547798810493
2900.0,-739.8745951416284,3.5452249,41.121399,0.1531347198791429
2900.0,-739.8747659659061,3.5446236,41.108894,0.1528146598033402
2900.0,-739.8830300246639,3.5445836,41.108894,0.1524945993718906
2900.0,-739.8750268534797,3.5439422,41.096428,0.1521745391832314
2900.0,-739.8826347466182,3.5433009,41.083961,0.1518544789227722
2900.0,-739.8750648047442,3.5430605,41.083961,0.1515344187176957
2900.0,-739.8828945256347,3.54282,41.121399,0.1512143583448606
2900.0,-739.8757309399057,3.5422587,41.133865,0.1508942978516229
2900.0,-739.8812536474574,3.5418179,41.034054,0.1505742381886029
2900.0,-739.8747571768174,3.5412967,41.071495,0.1502541781166022
2900.0,-739.8818045661745,3.5412567,41.096428,0.1499341182152646
2900.0,-739.8744081433813,3.5408158,41.083961,0.1496140582942511
2900.0,-739.8813939194496,3.5402145,41.009087,0.149293998570552
2900.0,-739.8747854111765,3.5398138,41.021553,0.1489739384863375
2900.0,-739.8746869381858,3.539453,41.058987,0.1486538784447211
2900.0,-739.881426415053,3.5391724,41.096428,0.148333818706965
2900.0,-739.875024265661,3.5386112,41.096428,0.1480137585194252
2900.0,-739.8834829081426,3.5382504,41.021553,0.1476936978920661
2900.0,-739.8758462826262,3.5376091,41.083961,0.1473736373489326
2900.0,-739.8834122169652,3.5372884,41.071495,0.1470535767521534
2900.0,-739.8760605276622,3.5368876,41.034054,0.1467335161163403
2900.0,-739.8844000639909,3.5365269,41.083961,0.1464134550922357
2900.0,-739.8754811235144,3.5361261,41.096428,0.1460933947070652
2900.0,-739.8840315316465,3.5355649,41.083961,0.1457733338423813
2900.0,-739.8762933634114,3.5352042,41.034054,0.1454532731058465
2900.0,-739.8842205462254,3.5348835,41.121399,0.1451332121593982
2900.0,-739.8759558529923,3.5342021,41.108894,0.144813151568866
2900.0,-739.8750281107593,3.5340416,41.04652,0.1444930913796628
2900.0,-739.8827652283472,3.5336409,41.021553,0.1441730310627595
2900.0,-739.8751220191537,3.5331197,41.021553,0.1438529708329328
2900.0,-739.8827587826778,3.5326788,41.034054,0.1435329105188178
2900.0,-739.876505752814,3.5323181,41.04652,0.1432128496904062
2900.0,-739.884464663931,3.5320375,41.108894,0.1428927886383568
2900.0,-739.8762221601288,3.531276,41.083961,0.1425727279326236
2900.0,-739.8833346651137,3.5311556,41.04652,0.142252667369392
2900.0,-739.874127492534,3.5306747,41.108894,0.1419326075697844
2900.0,-739.8827740416715,3.5300333,41.009087,0.1416125472490686
2900.0,-739.8760896288567,3.5297928,41.009087,0.1412924866006667
2900.0,-739.8821333526118,3.5292318,41.071495,0.1409724265571018
2900.0,-739.8724740085427,3.5288308,40.934246,0.1406523674727696
2900.0,-739.8801640665764,3.5287106,40.99662,0.1403323082810832
2900.0,-739.8734386776356,3.5278287,41.058987,0.1400122487794479
2900.0,-739.8732676450392,3.5279088,41.021553,0.1396921893517991
2900.0,-739.8801030678455,3.5273879,41.096428,0.1393721301864997
2900.0,-739.8734699152232,3.5270672,41.04652,0.1390520706713514
2900.0,-739.8828442323058,3.526546,40.984154,0.1387320103202724
2900.0,-739.8741177997755,3.5260651,40.984154,0.1384119505248578
2900.0,-739.8827927430758,3.5255439,41.04652,0.1380918901960521
2900.0,-739.8750006081763,3.5251031,41.009087,0.1377718300187462
2900.0,-739.8821458891093,3.5246623,41.083961,0.1374517699697582
2900.0,-739.8743455331467,3.5242612,40.971645,0.1371317100758291
2900.0,-739.884234865524,3.5239005,41.071495,0.1368116491231865
2900.0,-739.8760983692422,3.5232592,41.009087,0.1364915884710036
2900.0,-739.8823247598114,3.5229785,41.071495,0.1361715283446393
2900.0,-739.8776602760452,3.5226178,40.984154,0.1358514670167961
2900.0,-739.8761471117477,3.522217,40.99662,0.1355314063435279
2900.0,-739.8844346833215,3.5216157,41.058987,0.1352113453044476
2900.0,-739.876872071799,3.521255,41.021553,0.1348912843175712
2900.0,-739.883039436348,3.5208943,40.959179,0.1345712238820503
2900.0,-739.8753499718939,3.5203733,41.009087,0.1342511635536143
2900.0,-739.8826684139756,3.5198922,41.009087,0.1339311032785912
2900.0,-739.8760764577064,3.519331,40.984154,0.133611042635887
2900.0,-739.882350602243,3.5188501,41.021553,0.1332909824983436
2900.0,-739.8746232781718,3.5186095,41.083961,0.1329709224842657
2900.0,-739.8830173784808,3.5180886,41.058987,0.1326508620582867
2900.0,-739.8752201749595,3.5175273,40.959179,0.1323308017859991
2900.0,-739.8822845497865,3.5172067,40.99662,0.1320107416770289
2900.0,-739.8740423973753,3.5168059,41.04652,0.1316906819142324
2900.0,-739.8742579242473,3.5162847,41.009087,0.1313706220582018
2900.0,-739.8821362326788,3.5158839,41.021553,0.131050562013391
2900.0,-739.8749699198299,3.5156033,41.021553,0.1307305018493604
2900.0,-739.8822845493772,3.5148818,41.021553,0.1304104417403904
2900.0,-739.875510676953,3.5147214,41.034054,0.1300903813424355
2900.0,-739.8824187661484,3.5142806,41.083961,0.1297703211754057
2900.0,-739.8749116937033,3.513479,41.009087,0.129450261036563
2900.0,-739.8816130120454,3.5134387,41.009087,0.1291302012180883
2900.0,-739.8750132186257,3.5128777,41.083961,0.1288101410353272
2900.0,-739.8829256043286,3.5124366,41.021553,0.1284900806490481
2900.0,-739.874725768564,3.5120358,40.971645,0.1281700205906342
2900.0,-739.8815196282154,3.5114746,41.034054,0.1278499608125557
2900.0,-739.8747590324509,3.5111139,40.959179,0.1275299007397523
2900.0,-739.8759231506248,3.5104325,40.959179,0.1272098401633667
2900.0,-739.8830243848566,3.5099516,41.009087,0.1268897797343568
2900.0,-739.8742688489106,3.5095909,40.959179,0.1265697198736003
2900.0,-739.8820582175282,3.5090697,40.971645,0.1262496598625375
2900.0,-739.8768803607588,3.5088692,40.984154,0.1259295988720754
2900.0,-739.8832709434773,3.5083082,40.971645,0.1256095383364086
2900.0,-739.8756552931709,3.5077069,41.021553,0.1252894778758946
2900.0,-739.8835385846635,3.5072258,41.021553,0.1249694172244509
2900.0,-739.8766319727223,3.5066648,41.04652,0.1246493563414382
2900.0,-739.8828568060474,3.5063841,41.071495,0.12432929598492
2900.0,-739.8748805162785,3.5058229,40.921741,0.1240092358595642
2900.0,-739.8823113069475,3.5054221,40.99662,0.1236891757390194
2900.0,-739.874584070037,3.504941,41.009087,0.1233691157419024
2900.0,-739.8740178247614,3.5043399,40.99662,0.1230490559897356
2900.0,-739.8818718640543,3.5038989,41.021553,0.1227289960592861
2900.0,-739.8747639764412,3.5035782,40.921741,0.1224089359843439
2900.0,-739.8815990594569,3.5031774,40.959179,0.1220888761719048
2900.0,-739.8755321857664,3.5028968,40.99662,0.1217688157646455
2900.0,-739.8821710112172,3.5021353,40.984154,0.1214487557047901
2900.0,-739.8748091296426,3.5016141,40.984154,0.1211286956103153
2900.0,-739.8830313920511,3.501013,40.884304,0.1208086351782742
2900.0,-739.8762316449777,3.5007324,40.984154,0.120488574468438
2900.0,-739.8829737620615,3.5005319,41.009087,0.1201685140613267
2900.0,-739.8751901827827,3.4997704,40.921741,0.1198484538020133
2900.0,-739.8827519473788,3.4991691,40.959179,0.1195283934908551
2900.0,-739.8748188580075,3.498688,40.896809,0.119208333392172
2900.0,-739.8747971670687,3.498127,40.971645,0.118888273302872
2900.0,-739.8831832727149,3.4977663,40.99662,0.11856821280513
2900.0,-739.8752580046706,3.497205,41.034054,0.1182481525164778
2900.0,-739.8836812607361,3.4970446,40.934246,0.1179280918033149
2900.0,-739.8748962269535,3.4964032,40.99662,0.117608031671163
2900.0,-739.8836578354816,3.4959223,40.959179,0.1172879709681335
2900.0,-739.8756054276265,3.4953611,40.909275,0.1169679105291907
2900.0,-739.8830775345147,3.4948401,40.984154,0.1166478500771892
2900.0,-739.874043325192,3.4942389,40.934246,0.1163277903139913
2900.0,-739.8829406075256,3.4939182,40.934246,0.116007729921222
2900.0,-739.8756375074933,3.493397,40.871838,0.1156876694684019
2900.0,-739.8823906166344,3.4927957,40.984154,0.115367609313549
2900.0,-739.8753469326496,3.492475,41.021553,0.1150475489864277
2900.0,-739.8765486235126,3.4916735,40.946712,0.1147274881394708
2900.0,-739.8834170017973,3.4913528,40.896809,0.1144074275406217
2900.0,-739.876102727566,3.4908719,40.921741,0.1140873668865535
2900.0,-739.8827913024285,3.4902306,40.971645,0.113767306558371
2900.0,-739.8752156832134,3.4897895,40.946712,0.1134472462880265
2900.0,-739.8826896541117,3.4893086,40.921741,0.1131271860038152
2900.0,-739.8763591712782,3.4887474,40.946712,0.1128071252388128
2900.0,-739.8819546038737,3.4881861,40.921741,0.1124870652725715
2900.0,-739.8742918834852,3.4877052,40.884304,0.1121670054018505
2900.0,-739.8835340801846,3.487184,40.946712,0.1118469447523554
2900.0,-739.8747059443089,3.4868634,40.921741,0.1115268847025172
2900.0,-739.8828338199447,3.486222,40.934246,0.1112068243559424
2900.0,-739.8753075894554,3.485661,40.921741,0.1108867640458404
2900.0,-739.875602949083,3.4850998,40.859371,0.1105667036079698
2900.0,-739.8829292063565,3.4845786,40.934246,0.1102466432201325
2900.0,-739.875276229905,3.4840577,40.896809,0.1099265829235962
2900.0,-739.8806713447271,3.4836569,40.946712,0.1096065235124703
2900.0,-739.8748723496905,3.4830155,40.884304,0.1092864633906473
2900.0,-739.882952326292,3.4825344,40.959179,0.1089664029928087
2900.0,-739.8767358178004,3.4820135,40.921741,0.108646342064874
2900.0,-739.8823712685759,3.4813321,40.946712,0.1083262819183908
2900.0,-739.8750748633906,3.4809711,40.884304,0.1080062217089631
2900.0,-739.8819983295693,3.48037,40.871838,0.1076861617238067
2900.0,-739.8733483090238,3.4798489,40.896809,0.1073661022612637
2900.0,-739.880950484899,3.4792476,40.959179,0.1070460427293866
2900.0,-739.873701163002,3.4785261,40.99662,0.1067259831142035
2900.0,-739.8734301447504,3.4781253,40.896809,0.1064059236162594
2900.0,-739.8822972569517,3.477484,40.871838,0.1060858635017923
2900.0,-739.8735403973708,3.4770029,40.921741,0.1057658039561544
2900.0,-739.8813055283633,3.4766021,40.946712,0.1054457442706917
2900.0,-739.8749237655525,3.4760408,40.971645,0.1051256841266269
2900.0,-739.8819336322218,3.4751592,40.884304,0.1048056241694575
2900.0,-739.8739756007105,3.4748385,40.884304,0.1044855644355564
2900.0,-739.8809450525941,3.4742773,40.859371,0.1041655049060292
2900.0,-739.8746276242176,3.4737561,40.821934,0.1038454448900712
2900.0,-739.882710284019,3.4729545,40.909275,0.1035253845969359
2900.0,-739.8740772484141,3.4723132,40.909275,0.1032053248190632
2900.0,-739.8833945039596,3.4717119,40.846905,0.1028852642299463
2900.0,-739.8753255462082,3.471271,40.884304,0.1025652039120765
2900.0,-739.8765818873995,3.4705896,40.896809,0.1022451430507301
2900.0,-739.8828466863177,3.4700685,40.946712,0.1019250826985895
2900.0,-739.8767396019175,3.4695876,40.896809,0.1016050217690178
2900.0,-739.8838079951446,3.4691465,40.946712,0.1012849610010318
2900.0,-739.877556919227,3.4683049,40.896809,0.1009648997178995
2900.0,-739.8840939464683,3.4677436,40.934246,0.100644838826216
2900.0,-739.8767756987763,3.4672627,40.884304,0.1003247778810293
2900.0,-739.8847407386344,3.466501,40.934246,0.1000047167095549
2900.0,-739.8773737423405,3.4661002,40.946712,0.0996846555056624
2900.0,-739.8835910749797,3.4654589,40.959179,0.0993645948315123
2900.0,-739.875918780432,3.4646974,40.921741,0.0990445342570172
2900.0,-739.8840064701113,3.4639359,40.909275,0.0987244734031744
2900.0,-739.8763078532319,3.4634147,40.896809,0.0984044126603716
2900.0,-739.8776326641869,3.4630139,40.884304,0.0980843513444729
2900.0,-739.8849496521557,3.462172,40.8344,0.0977642900826261
2900.0,-739.876910926324,3.4616108,40.896809,0.0974442290789418
2900.0,-739.8843670801226,3.4608493,40.921741,0.0971241680691055
2900.0,-739.8758877380666,3.4602079,40.896809,0.0968041075080389
2900.0,-739.8829161324811,3.4595666,40.921741,0.0964840471258571
2900.0,-739.8751671850424,3.4589252,40.921741,0.0961639868764922
2900.0,-739.8822132352835,3.4584043,40.896809,0.0958439267983714
2900.0,-739.8751829194553,3.4576426,40.909275,0.0955238665422001
2900.0,-739.8831462001909,3.4569612,40.934246,0.095203806060495
2900.0,-739.8757400699169,3.4561996,40.946712,0.0948837455633077
2900.0,-739.8832907310972,3.4557588,40.921741,0.0945636850190811
2900.0,-739.8755983967648,3.4551575,40.921741,0.0942436245831798
2900.0,-739.8749754372085,3.4544361,40.946712,0.0939235644167625
2900.0,-739.8831288170609,3.4535141,40.909275,0.0936035039425771
2900.0,-739.8755861399253,3.453073,40.871838,0.0932834435119779
2900.0,-739.8816865485015,3.4522715,40.896809,0.0929633836616926
2900.0,-739.874126893771,3.4517903,40.884304,0.092643323862344
2900.0,-739.8819760515122,3.4511089,40.8344,0.0923232638868248
2900.0,-739.8747822135444,3.4502273,40.921741,0.0920032038039935
2900.0,-739.8825693412253,3.4497862,40.934246,0.0916831435718275
2900.0,-739.8744798218272,3.4488645,40.921741,0.091363083619807
2900.0,-739.8818635876986,3.4482632,40.8344,0.0910430236929376
2900.0,-739.8745914311802,3.4474213,40.859371,0.0907229636926363
2900.0,-739.8826459157285,3.44682,40.859371,0.0904029034273455
2900.0,-739.8765211823201,3.4461787,40.909275,0.0900828425922593
2900.0,-739.876616823976,3.4454172,40.884304,0.0897627817157997
2900.0,-739.8851604933615,3.4446156,40.884304,0.0894427203627467
2900.0,-739.8785964042352,3.4438138,40.896809,0.0891226586299469
2900.0,-739.8859296619776,3.4431725,40.821934,0.088802596944165
2900.0,-739.8768134048877,3.4422908,40.884304,0.0884825359826671
2900.0,-739.8849140321482,3.4415691,40.896809,0.088162474736229
2900.0,-739.8776945528772,3.4406874,40.896809,0.0878424133935581
2900.0,-739.8858595077687,3.4402463,40.921741,0.0875223517381237
2900.0,-739.8784189759652,3.4394848,40.871838,0.087202290082077
2900.0,-739.8858486071427,3.4387634,40.859371,0.086882228431358
2900.0,-739.8789745036686,3.4379616,40.909275,0.0865621665349973
2900.0,-739.8855057461532,3.4372001,40.884304,0.086242105032594
2900.0,-739.8777359592051,3.436198,40.8344,0.0859220436720113
2900.0,-739.8771660890187,3.4354365,40.884304,0.0856019825579469
2900.0,-739.883725341273,3.4346747,40.921741,0.0852819218257156
2900.0,-739.876299198384,3.4340334,40.896809,0.0849618610866567
2900.0,-739.8839993781969,3.4331117,40.871838,0.0846418002358818
2900.0,-739.8775408917764,3.4322698,40.871838,0.0843217389596827
2900.0,-739.8852071482371,3.4314682,40.884304,0.0840016775864476
2900.0,-739.8764204873987,3.4306264,40.884304,0.0836816167949207
2900.0,-739.8841455576621,3.4297445,40.971645,0.0833615558809111
2900.0,-739.8760700857706,3.4291031,40.934246,0.0830414952409633
2900.0,-739.8842577660882,3.4284618,40.971645,0.0827214342784143
2900.0,-739.875512324677,3.4272995,40.821934,0.0824013738797466
2900.0,-739.8851032051164,3.4264576,40.871838,0.0820813125514755
2900.0,-739.8775495220681,3.4254956,40.946712,0.081761251271543
2900.0,-739.8780005576363,3.4247742,40.921741,0.0814411897964985
2900.0,-739.8843639553093,3.423692,40.871838,0.081121128788014
2900.0,-739.8761032154167,3.4231308,40.921741,0.0808010681337347
2900.0,-739.8829679884213,3.4222488,40.871838,0.0804810077291209
2900.0,-739.8781855058464,3.4212067,40.859371,0.0801609461740703
2900.0,-739.8846965864743,3.4206858,40.797001,0.0798408850216953
2900.0,-739.8784351257879,3.4194431,40.896809,0.0795208233586623
2900.0,-739.8844007470707,3.4187217,40.871838,0.0792007623342623
2900.0,-739.8779155124087,3.4175992,40.946712,0.0788807008960072
2900.0,-739.88458487941,3.4169579,40.859371,0.0785606397919547
2900.0,-739.8784736999623,3.4159558,40.959179,0.0782405781122351
2900.0,-739.883977417737,3.4149938,40.846905,0.0779205172709599
2900.0,-739.8769982061697,3.4139516,40.8344,0.0776004562295194
2900.0,-739.8849006042501,3.4132702,40.934246,0.0772803949888899
2900.0,-739.8783169742425,3.412148,40.921741,0.0769603333769678
2900.0,-739.8780305870567,3.4112661,40.871838,0.0766402718889329
2900.0,-739.8834921364717,3.4101036,40.871838,0.0763202112575819
2900.0,-739.8761100269094,3.4095025,40.846905,0.0760001506003561
2900.0,-739.8843538601362,3.40838,40.909275,0.0756800895962385
2900.0,-739.8769620618355,3.4072978,40.909275,0.0753600285704336
2900.0,-739.8846925092785,3.4060552,40.934246,0.0750399674198223
2900.0,-739.8769967909116,3.4053738,40.859371,0.0747199063789941
2900.0,-739.8838664792909,3.4043317,40.909275,0.0743998455857089
2900.0,-739.8763066446555,3.4034498,40.8344,0.0740797848434289
2900.0,-739.883546726777,3.4025278,40.896809,0.073759724188463
2900.0,-739.8766816184884,3.4014056,40.859371,0.0734396632839742
2900.0,-739.8847481857993,3.4004836,40.921741,0.0731196021092783
2900.0,-739.8766669211676,3.3994014,40.909275,0.0727995412111473
2900.0,-739.8750602642948,3.3983593,40.896809,0.072479481008035
2900.0,-739.8822654080025,3.3972769,40.896809,0.0721594209073452
2900.0,-739.8774422231544,3.3964353,40.8344,0.0718393596738288
2900.0,-739.8853086017391,3.3951926,40.946712,0.0715192982567068
2900.0,-739.8770268195135,3.3943508,40.921741,0.0711992372028885
2900.0,-739.8831237142222,3.392988,40.909275,0.0708791767309105
2900.0,-739.8770590094741,3.3920259,40.859371,0.0705591156631673
2900.0,-739.8831786098466,3.3913445,40.859371,0.0702390551674424
2900.0,-739.877055737764,3.3897412,40.859371,0.0699189941011146
2900.0,-739.8837571767161,3.3889797,40.896809,0.0695989333551118
2900.0,-739.8759528624512,3.3878975,40.921741,0.0692788727658732
2900.0,-739.8838747314993,3.386775,40.971645,0.0689588119690183
2900.0,-739.8762926799293,3.3858533,40.934246,0.0686387512327792
2900.0,-739.8775521958337,3.3842099,40.909275,0.0683186899516901
2900.0,-739.8846929115956,3.3832076,40.896809,0.0679986288009048
2900.0,-739.8768044218048,3.3818448,40.934246,0.0676785678432929
2900.0,-739.8845524198227,3.380923,40.909275,0.0673585067532819
2900.0,-739.8774099967686,3.3800011,40.859371,0.0670384455337062
2900.0,-739.8856510718712,3.3787985,40.884304,0.0667183839684376
2900.0,-739.8766636621448,3.3777163,40.909275,0.0663983230717164
2900.0,-739.884799150339,3.3765938,40.909275,0.0660782618749741
2900.0,-739.8762737834909,3.3752711,40.909275,0.0657582011469093
2900.0,-739.8830602983143,3.374229,40.896809,0.0654381407023639
2900.0,-739.8762369552653,3.372786,40.921741,0.0651180799902306
2900.0,-739.8843252706519,3.371824,40.946712,0.0647980189984803
2900.0,-739.8759946592234,3.3706615,40.884304,0.064477958391161
2900.0,-739.8751269868817,3.3692186,40.884304,0.0641578981591854
2900.0,-739.8832810390597,3.3681364,40.896809,0.0638378376191514
2900.0,-739.8767075093633,3.3669739,40.8344,0.0635177767034625
2900.0,-739.884879681302,3.3657312,40.921741,0.0631977154718839
2900.0,-739.8746572140814,3.3646491,40.884304,0.0628776554431258
2900.0,-739.8827697815298,3.3634064,40.959179,0.0625575951242529
2900.0,-739.8741838638457,3.3620837,40.884304,0.0622375353002598
2900.0,-739.8823588663205,3.3609214,40.946712,0.0619174751591416
2900.0,-739.8750238019572,3.3594782,40.921741,0.0615974149718024
2900.0,-739.8828486270991,3.3582356,40.934246,0.0612773546188222
2900.0,-739.8765092921872,3.3570733,40.921741,0.0609572937888795
2900.0,-739.8839407847744,3.3555901,40.896809,0.0606372329634511
2900.0,-739.8764701687713,3.3547084,40.859371,0.0603171721504326
2900.0,-739.8771425174809,3.3532653,40.934246,0.059997111046565
2900.0,-739.8847603437175,3.3519425,40.909275,0.0596770498666097
2900.0,-739.8766885900058,3.3506598,40.909275,0.0593569889591051
2900.0,-739.8841186777188,3.3491368,40.971645,0.0590369280567234
2900.0,-739.8778387540946,3.3476937,40.896809,0.0587168666516729
2900.0,-739.8848724301797,3.3465314,40.884304,0.058396805423231
2900.0,-739.8785645560157,3.3452487,40.896809,0.0580767437042083
2900.0,-739.8857726907535,3.3437655,40.8344,0.0577566820863294
2900.0,-739.8784005076241,3.3424828,40.934246,0.0574366204382718
2900.0,-739.8850227965265,3.3414407,40.896809,0.0571165591447841
2900.0,-739.876267228611,3.3399978,40.909275,0.0567964984195549
2900.0,-739.8839970338706,3.3385949,40.921741,0.0564764375697941
2900.0,-739.8773994985654,3.3372319,40.921741,0.0561563763547598
2900.0,-739.8770319223008,3.3357089,40.934246,0.0558363152987342
2900.0,-739.8844022855347,3.3345463,40.946712,0.0555162542736686
2900.0,-739.8761513231434,3.3328228,40.934246,0.0551961935985786
2900.0,-739.8848931087907,3.3317006,40.909275,0.0548761323611915
2900.0,-739.8773894767534,3.3302975,40.921741,0.0545560711504925
2900.0,-739.8851786569787,3.3288145,40.934246,0.0542360097895823
2900.0,-739.8790472200251,3.3273714,40.934246,0.0539159478617654
2900.0,-739.8869978566113,3.3262491,40.921741,0.0535958857139013
2900.0,-739.8783227240867,3.3244452,40.871838,0.0532758240994918
2900.0,-739.8858565171976,3.3230424,40.909275,0.0529557624453512
2900.0,-739.8783929389806,3.3215995,40.959179,0.0526357008005676
2900.0,-739.8861001945235,3.3201163,40.934246,0.0523156390410164
2900.0,-739.8792468659652,3.3187134,40.984154,0.0519955770268354
2900.0,-739.8774883164506,3.31707,40.946712,0.0516755157733796
2900.0,-739.8852342966647,3.3157473,40.909275,0.0513554543884006
2900.0,-739.8779508144638,3.3143444,40.946712,0.0510353929348744
2900.0,-739.8867785438257,3.3126206,40.934246,0.0507153308818811
2900.0,-739.8787408256402,3.3111777,40.909275,0.0503952690866064
2900.0,-739.8874262887836,3.3096945,41.009087,0.0500752067534101
2900.0,-739.8800694325811,3.3080914,40.971645,0.0497551443833975
2900.0,-739.8861254512829,3.3066483,40.934246,0.0494350826129207
2900.0,-739.8769135026831,3.3050449,40.946712,0.0491150216081218
2900.0,-739.8853737136819,3.3034015,40.971645,0.0487949601628335
2900.0,-739.8778224340153,3.3019185,40.959179,0.0484748987648429
2900.0,-739.8863068975513,3.3003151,40.909275,0.0481548369158755
2900.0,-739.8796474253571,3.2988319,40.921741,0.0478347747284178
2900.0,-739.8783191965824,3.2973089,40.846905,0.0475147131155343
2900.0,-739.8827835875978,3.2958257,40.946712,0.047194652790689
2900.0,-739.8782502393775,3.2936614,40.896809,0.0468745912076355
2900.0,-739.8837762321432,3.2921782,40.971645,0.0465545304533897
2900.0,-739.8746002194503,3.2906952,40.959179,0.0462344704492867
2900.0,-739.8833300141144,3.2887311,40.884304,0.0459144098880669
2900.0,-739.8760687433626,3.2872078,40.959179,0.0455943492486998
2900.0,-739.8847709152865,3.285805,41.058987,0.0452742880641715
2900.0,-739.8774407215401,3.2840412,40.99662,0.0449542268313047
2900.0,-739.8844362459328,3.2825181,40.934246,0.0446341657915485
2900.0,-739.8769115856591,3.2806742,40.971645,0.0443141047875789
2900.0,-739.8843017357117,3.2790308,40.921741,0.0439940438060094
2900.0,-739.8770548103565,3.2770667,40.946712,0.0436739827400827
2900.0,-739.8776108742045,3.2756238,40.984154,0.0433539214336102
2900.0,-739.8848758353463,3.2738199,40.921741,0.0430338602036952
2900.0,-739.8781828938806,3.2722566,40.934246,0.0427137986497745
2900.0,-739.8847817066361,3.2702925,40.99662,0.042393737460578
2900.0,-739.8751094209824,3.2687695,40.971645,0.0420736772362011
2900.0,-739.8822931551992,3.2668455,40.909275,0.0417536171235084
2900.0,-739.8756455643967,3.2648413,40.896809,0.0414335566672029
2900.0,-739.8824262002165,3.2633181,40.971645,0.0411134964969572
2900.0,-739.8765925562686,3.261354,40.934246,0.0407934356309956
2900.0,-739.884089759996,3.2595904,40.984154,0.0404733747411231
2900.0,-739.8765289457764,3.2578266,40.934246,0.0401533139026785
2900.0,-739.883052657153,3.2559025,40.946712,0.0398332534614385
2900.0,-739.875928765819,3.2542191,40.99662,0.0395131928826238
2900.0,-739.8754066726686,3.2524154,41.009087,0.0391931325296598
2900.0,-739.8819026505261,3.2504513,41.009087,0.0388730725858925
2900.0,-739.8750114116955,3.2484472,41.04652,0.0385530124039132
2900.0,-739.8815946773512,3.2465231,41.009087,0.0382329525933697
2900.0,-739.8758834775583,3.2447193,40.934246,0.0379128920341462
2900.0,-739.883307822005,3.2427552,40.946712,0.0375928314825263
2900.0,-739.876739369861,3.2408714,40.99662,0.0372727705530551
2900.0,-739.88381612498,3.2390275,40.959179,0.0369527097815523
2900.0,-739.8763650189381,3.2371435,40.921741,0.0366326490140203
2900.0,-739.8829553045849,3.2349792,40.871838,0.0363125886148933
2900.0,-739.8763296915082,3.2330151,41.034054,0.0359925278626435
2900.0,-739.8844353668104,3.2311311,40.959179,0.0356724668232675
2900.0,-739.878374176783,3.2290869,40.984154,0.0353524051866003
2900.0,-739.8780725180698,3.2270024,40.909275,0.0350323436804267
2900.0,-739.8832694303883,3.224838,41.009087,0.0347122831454144
2900.0,-739.8772323851454,3.2230341,40.896809,0.0343922220026712
2900.0,-739.8828435365386,3.22103,41.009087,0.0340721616518931
2900.0,-739.8772393918601,3.2187452,41.009087,0.0337521005061189
2900.0,-739.8857055393942,3.216661,41.021553,0.0334320389172886
2900.0,-739.8774532096176,3.2144163,40.934246,0.0331119776790196
2900.0,-739.8853818566141,3.212292,40.971645,0.0327919162302088
2900.0,-739.8774417590414,3.2101674,41.009087,0.0324718549968932
2900.0,-739.8851647653722,3.2078426,40.959179,0.0321517936419922
2900.0,-739.8768576184035,3.2059186,40.99662,0.0318317326613681
2900.0,-739.883383029121,3.2036738,40.946712,0.031511672077215
2900.0,-739.8753765225133,3.2014291,40.99662,0.0311916117372935
2900.0,-739.8742509539577,3.1992247,41.021553,0.0308715518842782
2900.0,-739.8828584779351,3.1970201,40.959179,0.0305514915270367
2900.0,-739.8767226339628,3.1949358,40.896809,0.0302314306048052
2900.0,-739.8845320964622,3.1923704,40.909275,0.0299113695235857
2900.0,-739.877158801135,3.1902459,41.034054,0.029591308412674
2900.0,-739.8847294966731,3.1876404,40.959179,0.0292712472460626
2900.0,-739.8770245005855,3.185436,40.984154,0.0289511861932475
2900.0,-739.8824501747177,3.1831913,41.071495,0.0286311260126309
2900.0,-739.874942320659,3.1807864,40.99662,0.0283110658605394
2900.0,-739.8827950378799,3.178221,41.034054,0.027991005530741
2900.0,-739.875666327928,3.1760564,41.021553,0.0276709450654535
2900.0,-739.8845681552124,3.173491,40.921741,0.0273508839686356
2900.0,-739.8755869461886,3.171046,41.04652,0.0270308235376876
2900.0,-739.8768490740587,3.1686008,41.009087,0.0267107625607598
2900.0,-739.884207838651,3.1658752,41.009087,0.0263907016198085
2900.0,-739.87602081858,3.1633098,40.984154,0.026070641001173
2900.0,-739.8830602373323,3.1609449,41.009087,0.025750580556654
2900.0,-739.8756015334155,3.1583796,40.959179,0.0254305201193958
2900.0,-739.8835728618402,3.1558142,40.959179,0.0251104594531244
2900.0,-739.8745693964539,3.1531687,41.009087,0.024790399462355
2900.0,-739.8834133039991,3.1504431,40.909275,0.0244703388651055
2900.0,-739.8757942201165,3.147958,41.021553,0.0241502783444935
2900.0,-739.8844319117122,3.1453123,41.04652,0.0238302173066122
2900.0,-739.8759539981775,3.1423461,40.984154,0.0235101567168824
2900.0,-739.8835054178493,3.1395404,40.99662,0.0231900960797861
2900.0,-739.875830328435,3.1368549,40.946712,0.0228700355435541
2900.0,-739.8759493828315,3.1342494,40.946712,0.0225499749558208
2900.0,-739.8824456469102,3.1311228,41.04652,0.0222299147771628
2900.0,-739.8749035140187,3.1282771,40.99662,0.0219098546418586
2900.0,-739.8824326340169,3.1255512,40.946712,0.0215897944688297
2900.0,-739.8744880006933,3.1224248,40.99662,0.0212697345132711
2900.0,-739.8820222676452,3.1195388,40.971645,0.0209496745177596
2900.0,-739.8755494340716,3.1166527,41.021553,0.0206296141030388
2900.0,-739.8832465048583,3.113446,41.021553,0.0203095535779437
2900.0,-739.8751551000967,3.1104398,40.99662,0.0199894933338067
2900.0,-739.8817209476422,3.1074736,40.959179,0.0196694334686409
2900.0,-739.8724320775297,3.1042669,40.971645,0.0193493744024475
2900.0,-739.8802953664457,3.1011806,41.021553,0.0190293151539632
2900.0,-739.8717453744682,3.0979738,41.009087,0.0187092563848285
2900.0,-739.8607507413441,3.094687,41.009087,0.0183892055910064
2900.0,-739.8535477658481,3.0911999,41.058987,0.0180691546939175
2900.0,-739.8544763871946,3.087913,41.021553,0.0177491033951192
2900.0,-739.8616650654197,3.0845459,40.99662,0.0174290522057765
2900.0,-739.854564826095,3.081259,41.083961,0.0171090008687207
2900.0,-739.8619256380201,3.0776515,41.021553,0.0167889495666589
2900.0,-739.8540258145116,3.0742445,41.009087,0.0164688984627724
2900.0,-739.8618763457775,3.0705166,41.058987,0.0161488471820336
2900.0,-739.8555477077349,3.0670295,41.034054,0.0158287954197962
2900.0,-739.8626584908616,3.0635021,41.04652,0.0155087438007151
2900.0,-739.8544161703752,3.0596139,41.034054,0.0151886925279658
2900.0,-739.8614131714924,3.0558863,41.021553,0.0148686414475881
2900.0,-739.8546344193066,3.0520782,41.083961,0.0145485900804271
2900.0,-739.8611977394506,3.0483506,41.021553,0.0142285390932415
2900.0,-739.854472469246,3.0445025,41.009087,0.0139084877961381
2900.0,-739.8549403131534,3.0401735,41.058987,0.0135884362966515
2900.0,-739.8611494004091,3.0362053,40.959179,0.0132683853303765
2900.0,-739.8543897057027,3.0321569,41.009087,0.0129483340690755
2900.0,-739.8633614359444,3.0277076,40.959179,0.0126282821459127
2900.0,-739.853648791051,3.0236192,41.009087,0.0123082312051216
2900.0,-739.8621469161436,3.0193703,40.99662,0.0119881798073388
2900.0,-739.8544604203161,3.0147204,41.034054,0.0116681285154475
2900.0,-739.8630055383235,3.0102713,41.021553,0.0113480767462398
2900.0,-739.8554216834581,3.0058219,41.034054,0.0110280250385188
2900.0,-739.8614768681629,3.0010521,40.99662,0.010707973930587
2900.0,-739.8555218045818,2.996242,41.121399,0.0103879221795549
2900.0,-739.8626034978297,2.9914722,41.108894,0.0100678705842628
2900.0,-739.8559055552253,2.9863415,41.058987,0.0097478186672253
2900.0,-739.8540801239175,2.9812508,41.108894,0.0094277675398452
2900.0,-739.8606408162623,2.9761202,41.071495,0.0091077167935748
2900.0,-739.8548794861113,2.9706287,40.971645,0.0087876653204012
2900.0,-739.8620043489381,2.9651372,41.096428,0.0084676139842905
2900.0,-739.854229391497,2.9594054,40.959179,0.0081475627923393
2900.0,-739.8609643283747,2.9536734,41.083961,0.0078275119061232
2900.0,-739.8530569237912,2.9480217,41.021553,0.0075074612213661
2900.0,-739.8620888220363,2.9416084,41.04652,0.0071874098487138
2900.0,-739.8553651643996,2.9355958,41.083961,0.0068673581654421
2900.0,-739.860985690884,2.9290621,40.984154,0.006547307269985
2900.0,-739.8541271090146,2.9223282,40.984154,0.0062272561222799
2900.0,-739.8622953179712,2.915554,41.034054,0.005907204660301
2900.0,-739.8543038779494,2.908339,41.04652,0.0055871534361279
2900.0,-739.854972503114,2.9008434,41.021553,0.0052671019227164
2900.0,-739.8611698228141,2.8931875,41.04652,0.004947050947607
2900.0,-739.855213774342,2.885211,41.058987,0.0046269993298248
2900.0,-739.8625117609217,2.8771141,41.04652,0.0043069477742165
2900.0,-739.8553762977909,2.8680151,41.058987,0.0039868960861287
2900.0,-739.8456297362922,2.8591566,41.04652,0.0036668518333884
2900.0,-739.8319159568014,2.8494565,41.058987,0.0033468102939351
2900.0,-739.8383294887692,2.8394756,41.071495,0.0030267691991539
2900.0,-739.8303126203419,2.8288136,41.096428,0.0027067283532828
2900.0,-739.8373705729723,2.8174298,41.058987,0.0023866876733118
2900.0,-739.8288308512014,2.805445,41.071495,0.0020666474684345
2900.0,-739.8319197500286,2.792578,41.133865,0.001746609146394
2900.0,-739.8097755810014,2.7786691,41.071495,0.0014265771845755
2900.0,-739.8098595527119,2.7635577,41.096428,0.0011065451864319
2900.0,-739.820149264006,2.746923,41.058987,0.0007865119560974
2900.0,-739.8116201768199,2.7290459,41.121399,0.000466479196331
2900.0,-739.8183567982056,2.709445,41.071495,0.0001464467413858
2900.0,-739.8111664163816,2.7000654,41.083961,0.0
