Cycle,Current,Voltage,Temperature,SOC
5900.0,-703.2297546623723,4.1799836,40.123234,1.0
5900.0,-703.2297546623723,4.1506824,40.110729,0.9996600838034996
5900.0,-739.7793194233573,4.148438,40.085796,0.9993024972535274
5900.0,-739.7858468559241,4.1468344,40.123234,0.9989449111451172
5900.0,-739.7779931233553,4.1449103,40.098263,0.9985873252362372
5900.0,-739.7853612209593,4.143147,40.085796,0.9982297393625656
5900.0,-739.7848799439469,4.1419845,40.07333,0.9978721537215264
5900.0,-739.7773714587572,4.1407018,40.1357,0.99751456811314
5900.0,-739.7833922039445,4.1396594,40.048359,0.9971569831912211
5900.0,-739.7783015569811,4.1382565,40.110729,0.996799397133254
5900.0,-739.7852520040709,4.1372948,40.098263,0.996441811312374
5900.0,-739.7865348845654,4.135972,40.098263,0.9960842248713953
5900.0,-739.7783890565804,4.1351299,40.085796,0.9957266387711334
5900.0,-739.785401248043,4.1338878,40.148167,0.9953690528781144
5900.0,-739.776891517131,4.1330857,40.110729,0.995011467501717
5900.0,-739.7839427440417,4.1320839,40.023388,0.9946538823136866
5900.0,-739.7756733465045,4.1311617,40.035892,0.9942962975261156
5900.0,-739.7825983763972,4.1301999,40.123234,0.9939387129879044
5900.0,-739.7819644252036,4.1295586,40.123234,0.9935811287561228
5900.0,-739.7743344366977,4.128396,40.110729,0.9932235446157396
5900.0,-739.7843435152574,4.1279955,40.098263,0.9928659592339908
5900.0,-739.7767063617388,4.1270733,40.1357,0.992508373947092
5900.0,-739.7842532803945,4.1262317,40.148167,0.9921507886089592
5900.0,-739.7840091262378,4.1255102,40.085796,0.991793203388842
5900.0,-739.7752860680242,4.124949,40.060825,0.9914356187884692
5900.0,-739.7823409409204,4.1239867,40.1357,0.9910780343746934
5900.0,-739.7737555209186,4.1231852,40.110729,0.9907204505141404
5900.0,-739.7811553265769,4.1224236,40.148167,0.990362866673448
5900.0,-739.7745990717043,4.1219425,40.07333,0.9900052824051484
5900.0,-739.782082480047,4.121141,40.110729,0.9896476981163036
5900.0,-739.7828024058246,4.1202593,40.173141,0.9892901134794716
5900.0,-739.7740351460856,4.1195779,40.085796,0.9889325294837564
5900.0,-739.7814696227122,4.1188164,40.123234,0.9885749454911448
5900.0,-739.7746133782771,4.1182551,40.148167,0.9882173612159296
5900.0,-739.7830282981604,4.1175337,40.148167,0.9878597764699096
5900.0,-739.7816446480821,4.1170926,40.198071,0.9875021923926968
5900.0,-739.7749001201055,4.116291,40.098263,0.9871446079788798
5900.0,-739.7836439753318,4.115489,40.160633,0.9867870229352635
5900.0,-739.7747972153109,4.1149683,40.160633,0.9864294385711871
5900.0,-739.7816542794828,4.1141663,40.148167,0.9860718544893192
5900.0,-739.7742885384735,4.1139259,40.1357,0.9857142703711216
5900.0,-739.7819509119461,4.1134048,40.1357,0.9853566861458716
5900.0,-739.781479656945,4.1126833,40.185604,0.98499910214841
5900.0,-739.7727135213607,4.1119618,40.110729,0.9846415187915272
5900.0,-739.779909982907,4.1113605,40.098263,0.9842839355527896
5900.0,-739.772801216271,4.1107993,40.123234,0.983926352153518
5900.0,-739.7802505365074,4.1099977,40.123234,0.9835687687501692
5900.0,-739.779353851966,4.1097174,40.1357,0.9832111857802456
5900.0,-739.7737165684596,4.109076,40.123234,0.9828536019385208
5900.0,-739.7814950012661,4.1086349,40.173141,0.9824960179336418
5900.0,-739.7746646231566,4.1080337,40.098263,0.9821384336336568
5900.0,-739.781424895908,4.1073122,40.085796,0.9817808496626642
5900.0,-739.7740209737888,4.106791,40.1357,0.9814232656737992
5900.0,-739.7820587128275,4.1061096,40.148167,0.9810656813964426
5900.0,-739.7805667125602,4.1057091,40.173141,0.9807080978402652
5900.0,-739.7726174646724,4.1049471,40.1357,0.9803505145298134
5900.0,-739.7800896835864,4.1045465,40.1357,0.9799929312042152
5900.0,-739.7734497240083,4.1038251,40.185604,0.9796353474914749
5900.0,-739.7815818547388,4.1033039,40.148167,0.979277763444614
5900.0,-739.780841653035,4.1027427,40.160633,0.9789201797555404
5900.0,-739.7737306064772,4.1023822,40.185604,0.97856259590703
5900.0,-739.7809244049216,4.1016603,40.185604,0.9782050121779572
5900.0,-739.7734636521624,4.1012597,40.148167,0.9778474284584844
5900.0,-739.7811105021,4.1006584,40.123234,0.9774898446394588
5900.0,-739.7733534964175,4.1001773,40.1357,0.977132260973232
5900.0,-739.7802598505283,4.0996161,40.1357,0.9767746775653808
5900.0,-739.7800592512909,4.0989747,40.198071,0.9764170942544924
5900.0,-739.7716746345849,4.0984941,40.123234,0.9760595113997756
5900.0,-739.7786148464833,4.0980129,40.098263,0.9757019287870607
5900.0,-739.7713694723927,4.0975718,40.148167,0.9753443460798502
5900.0,-739.7803460082465,4.0971713,40.173141,0.9749867626303536
5900.0,-739.7811447063874,4.09653,40.098263,0.9746291787947948
5900.0,-739.7728893872526,4.0960088,40.210575,0.974271595352904
5900.0,-739.7802807612813,4.0953674,40.123234,0.9739140119349454
5900.0,-739.7725552457326,4.0951672,40.1357,0.9735564286545684
5900.0,-739.7789537643464,4.0943651,40.085796,0.9731988458780328
5900.0,-739.7728008134079,4.0938439,40.148167,0.972841262478956
5900.0,-739.7799713479899,4.0934434,40.173141,0.9724836792105568
5900.0,-739.7801571522298,4.092762,40.148167,0.9721260958523466
5900.0,-739.7726998983564,4.0922809,40.198071,0.9717685125020488
5900.0,-739.7779113758788,4.0920806,40.173141,0.9714109302293668
5900.0,-739.771323891561,4.0914793,40.148167,0.9710533475441884
5900.0,-739.7795286087782,4.0907979,40.198071,0.9706957644897934
5900.0,-739.7720938220742,4.0903969,40.235508,0.9703381814324544
5900.0,-739.778986638075,4.0898356,40.235508,0.9699805986400288
5900.0,-739.7791169976482,4.0893149,40.1357,0.9696230157845924
5900.0,-739.7718641844815,4.0887136,40.185604,0.969265432838253
5900.0,-739.7787494297215,4.0881925,40.123234,0.9689078501604856
5900.0,-739.7714164082174,4.0878315,40.185604,0.9685502674305874
5900.0,-739.7779196034669,4.0870299,40.185604,0.9681926851539284
5900.0,-739.7773576131107,4.0868297,40.198071,0.9678351031489154
5900.0,-739.7702034011469,4.0864286,40.198071,0.9674775210053476
5900.0,-739.7763295557788,4.0860682,40.235508,0.967119939497261
5900.0,-739.7690020639577,4.0856271,40.185604,0.9667623579343828
5900.0,-739.776721916296,4.0847454,40.210575,0.966404776236643
5900.0,-739.7703066965872,4.0843444,40.247974,0.9660471940431452
5900.0,-739.7765675575371,4.084024,40.223042,0.965689612420017
5900.0,-739.7772662551912,4.0833826,40.223042,0.9653320304591636
5900.0,-739.7711445833315,4.0830216,40.148167,0.9649744478606572
5900.0,-739.7781341798044,4.0823803,40.210575,0.9646168654802796
5900.0,-739.771225539983,4.0819793,40.210575,0.9642592828426412
5900.0,-739.7794303049785,4.0814986,40.173141,0.9639016998357632
5900.0,-739.778981364607,4.0811377,40.160633,0.9635441170458866
5900.0,-739.7717285161493,4.0803361,40.185604,0.963186534165125
5900.0,-739.7791161553605,4.0799351,40.173141,0.9628289513100956
5900.0,-739.7709041547536,4.0792937,40.198071,0.962471368827805
5900.0,-739.7771758494112,4.0790935,40.160633,0.9621137869106502
5900.0,-739.7692358885689,4.0788131,40.160633,0.9617562052347484
5900.0,-739.7770196108017,4.0780911,40.123234,0.9613986233931135
5900.0,-739.774850275281,4.0778508,40.198071,0.9610410426000584
5900.0,-739.7681002126253,4.0773296,40.260483,0.9606834614731072
5900.0,-739.7772508010373,4.0768089,40.173141,0.9603258795197236
5900.0,-739.7691708375461,4.0763278,40.160633,0.959968297875265
5900.0,-739.7764235504515,4.0758066,40.210575,0.9596107163217448
5900.0,-739.7738638929732,4.0751653,40.185604,0.9592531360054716
5900.0,-739.7673219081518,4.0749249,40.173141,0.9588955552547288
5900.0,-739.7748018375274,4.0744038,40.210575,0.9585379744850868
5900.0,-739.768486697696,4.0739226,40.223042,0.9581803931713206
5900.0,-739.7767130173308,4.0735621,40.247974,0.9578228114778824
5900.0,-739.7691510256586,4.073081,40.235508,0.9574652298430004
5900.0,-739.7763414454942,4.0727601,40.260483,0.9571076483291666
5900.0,-739.7760941785082,4.0723596,40.198071,0.9567500669348532
5900.0,-739.7682629926358,4.0719585,40.198071,0.9563924857292192
5900.0,-739.7769918152338,4.0712771,40.1357,0.95603490390102
5900.0,-739.7684880526506,4.0706758,40.173141,0.9556773225865988
5900.0,-739.7745352467197,4.0702753,40.223042,0.9553197419458171
5900.0,-739.7752747405314,4.0699143,40.210575,0.9549621609475905
5900.0,-739.7671421726437,4.0695534,40.260483,0.9546045802837264
5900.0,-739.7757913814451,4.0690727,40.247974,0.954246999035774
5900.0,-739.7682400557745,4.0683913,40.285416,0.9538894178412268
5900.0,-739.775856237783,4.0679903,40.235508,0.9535318365619254
5900.0,-739.7679548275923,4.0676298,40.198071,0.9531742555052488
5900.0,-739.7751611290088,4.0671887,40.223042,0.952816674561938
5900.0,-739.7756712758309,4.0667076,40.148167,0.9524590933720404
5900.0,-739.7672249481839,4.0662665,40.210575,0.952101512668165
5900.0,-739.7749659252992,4.0658259,40.223042,0.9517439318192088
5900.0,-739.7686922387333,4.0653048,40.185604,0.9513863504060904
5900.0,-739.7752118861612,4.0651445,40.260483,0.9510287694382454
5900.0,-739.7756656361515,4.0643024,40.247974,0.950671188251074
5900.0,-739.7671659274197,4.0641022,40.285416,0.9503136075757274
5900.0,-739.774726385486,4.063621,40.210575,0.9499560268425562
5900.0,-739.7674491902711,4.0631003,40.272949,0.9495984460302892
5900.0,-739.7734446768261,4.0628195,40.247974,0.9492408659166502
5900.0,-739.7652561584878,4.0623789,40.210575,0.9488832861644272
5900.0,-739.7747688173105,4.0617375,40.260483,0.948525705410746
5900.0,-739.7736638552673,4.0616169,40.235508,0.9481681251911638
5900.0,-739.7660478173881,4.0609355,40.198071,0.9478105450562774
5900.0,-739.7739411394929,4.0606952,40.198071,0.947452964702666
5900.0,-739.7647832969086,4.0601339,40.235508,0.9470953851790096
5900.0,-739.7726372749827,4.0597734,40.260483,0.94673780545564
5900.0,-739.7656638469919,4.0593724,40.235508,0.9463802255063528
5900.0,-739.7733650377625,4.0588112,40.185604,0.9460226454312086
5900.0,-739.7735670652091,4.0583301,40.247974,0.9456650652584114
5900.0,-739.765822330133,4.0580897,40.235508,0.9453074852325186
5900.0,-739.7731632543971,4.0577288,40.223042,0.9449499052549092
5900.0,-739.7650209544423,4.0569673,40.235508,0.9445923256163764
5900.0,-739.7721382244839,4.0566869,40.260483,0.94423474613423
5900.0,-739.7727740554897,4.0562458,40.223042,0.9438771663447456
5900.0,-739.7652978697352,4.0557647,40.223042,0.9435195865723606
5900.0,-739.7735548336725,4.0555644,40.210575,0.9431620064054757
5900.0,-739.765682792223,4.0547628,40.210575,0.9428044264470312
5900.0,-739.773144418904,4.0545225,40.198071,0.9424468464785262
5900.0,-739.7642119372069,4.0540814,40.160633,0.9420892672310476
5900.0,-739.7717651754975,4.0538006,40.223042,0.9417316879292196
5900.0,-739.7729738002827,4.0532398,40.210575,0.9413741080431856
5900.0,-739.7650138012216,4.0528388,40.223042,0.9410165284081108
5900.0,-739.7716434097111,4.0525985,40.297916,0.94065894916514
5900.0,-739.7653403743666,4.0521975,40.260483,0.9403013693722096
5900.0,-739.7732157815736,4.051476,40.223042,0.9399437893692104
5900.0,-739.7727809891682,4.0513959,40.223042,0.9395862095763744
5900.0,-739.7642563217979,4.0507145,40.260483,0.9392286303074416
5900.0,-739.7733193831801,4.0504336,40.198071,0.9388710502543652
5900.0,-739.7658373813451,4.049993,40.247974,0.938513470221197
5900.0,-739.7724460508441,4.0496721,40.223042,0.9381558905902582
5900.0,-739.7661034323036,4.049191,40.260483,0.9377983104284892
5900.0,-739.7733535264985,4.0489106,40.173141,0.937440730358909
5900.0,-739.7727472243012,4.0483093,40.272949,0.9370831505823936
5900.0,-739.7646847377664,4.0479488,40.260483,0.9367255711063778
5900.0,-739.7717277852229,4.0474277,40.260483,0.9363679918226232
5900.0,-739.7648155965537,4.0473876,40.223042,0.9360104122833542
5900.0,-739.7724070124964,4.0465055,40.148167,0.9356528326712852
5900.0,-739.7723682427866,4.046145,40.247974,0.935295253077956
5900.0,-739.766249525426,4.0457039,40.247974,0.93493767284557
5900.0,-739.7732554058238,4.0453434,40.260483,0.934580092823418
5900.0,-739.7650820014802,4.0451026,40.185604,0.9342225131553772
5900.0,-739.773603918464,4.0445814,40.272949,0.9338649329647664
5900.0,-739.7666759150696,4.0443411,40.310383,0.9335073525262768
5900.0,-739.773888392638,4.0439806,40.272949,0.9331497721981612
5900.0,-739.7745431691422,4.0435796,40.260483,0.9327921915535504
5900.0,-739.765685660827,4.0430183,40.260483,0.9324346115937192
5900.0,-739.7729291466842,4.0428181,40.210575,0.932077031729269
5900.0,-739.7669422224619,4.0422168,40.173141,0.9317194511620548
5900.0,-739.7748046207371,4.0418158,40.260483,0.9313618703910672
5900.0,-739.7749124582358,4.0416555,40.260483,0.9310042895679552
5900.0,-739.7668539538181,4.0412145,40.310383,0.930646709043407
5900.0,-739.7738520642781,4.0406132,40.285416,0.9302891287328514
5900.0,-739.768255119188,4.0402927,40.235508,0.9299315475310233
5900.0,-739.7752778288552,4.0398517,40.260483,0.929573966531304
5900.0,-739.7677960026463,4.0392904,40.223042,0.9292163855513984
5900.0,-739.775867028864,4.0390902,40.235508,0.9288588042668808
5900.0,-739.774411625473,4.0386491,40.235508,0.9285012236858532
5900.0,-739.7683169230058,4.0382886,40.247974,0.928143642454151
5900.0,-739.7749327830543,4.0380478,40.260483,0.9277860616212144
5900.0,-739.7683432535655,4.0377274,40.272949,0.9274284803767848
5900.0,-739.7753304414424,4.037086,40.210575,0.9270708993516344
5900.0,-739.7745941948173,4.0367656,40.260483,0.9267133186823594
5900.0,-739.7672934903115,4.0365648,40.272949,0.9263557379453528
5900.0,-739.7742908362419,4.0358434,40.285416,0.9259981574227109
5900.0,-739.7669036117599,4.0355229,40.223042,0.9256405768741592
5900.0,-739.775731469032,4.0352821,40.247974,0.9252829956551666
5900.0,-739.7672662687439,4.0350819,40.247974,0.9249254149313184
5900.0,-739.774302860225,4.0345206,40.198071,0.924567834402864
5900.0,-739.7760624767317,4.0339994,40.247974,0.9242102530238738
5900.0,-739.7681807786407,4.0333982,40.260483,0.9238526718579796
5900.0,-739.774663030624,4.0332379,40.235508,0.9234950911554318
5900.0,-739.7670419533972,4.0326767,40.247974,0.9231375105400104
5900.0,-739.7740993434784,4.0325966,40.285416,0.922779930109929
5900.0,-739.7754276465947,4.0323162,40.260483,0.9224223490377932
5900.0,-739.7664155890923,4.0318751,40.260483,0.9220647687251368
5900.0,-739.7746564388179,4.0315547,40.247974,0.9217071880257754
5900.0,-739.766144704135,4.0309935,40.210575,0.921349607844057
5900.0,-739.7744335738337,4.0303922,40.223042,0.9209920272524204
5900.0,-739.7680550956444,4.0300312,40.247974,0.9206344461472772
5900.0,-739.7755985581803,4.029911,40.272949,0.9202768649925288
5900.0,-739.7754688455299,4.02947,40.297916,0.9199192839004788
5900.0,-739.7677411933673,4.0289092,40.272949,0.9195617029470664
5900.0,-739.7747435729956,4.0286684,40.210575,0.9192041222055876
5900.0,-739.769148401159,4.0283079,40.260483,0.918846540571974
5900.0,-739.7766339397667,4.0281472,40.210575,0.9184889589167592
5900.0,-739.7666449215353,4.0277066,40.272949,0.9181313784932508
5900.0,-739.774677129784,4.0273056,40.297916,0.917773797783888
5900.0,-739.7755179180687,4.0269852,40.272949,0.9174162166681182
5900.0,-739.7685318269166,4.0265841,40.260483,0.9170586353325376
5900.0,-739.7757417840369,4.0259428,40.260483,0.9167010541085592
5900.0,-739.7675547439777,4.0257025,40.210575,0.9163434732452708
5900.0,-739.7765740883356,4.0255818,40.210575,0.9159858916189858
5900.0,-739.7784944234892,4.0250211,40.260483,0.9156283090644792
5900.0,-739.7709210736342,4.0244598,40.247974,0.9152707265740104
5900.0,-739.7774785854156,4.0239787,40.247974,0.914913144510524
5900.0,-739.7703186227872,4.0239787,40.247974,0.9145555623112616
5900.0,-739.7786144436928,4.0237384,40.260483,0.9141979796987416
5900.0,-739.7714311786569,4.0230169,40.322849,0.913840396961704
5900.0,-739.7784445940732,4.0229363,40.198071,0.9134828144312832
5900.0,-739.7776570898167,4.0224156,40.285416,0.913125232281514
5900.0,-739.769404027404,4.0220947,40.223042,0.9127676505243388
5900.0,-739.7777253397464,4.0216537,40.310383,0.91241006834158
5900.0,-739.7701067219003,4.0213733,40.235508,0.912052486244744
5900.0,-739.7761294082338,4.0210128,40.235508,0.9116949048334017
5900.0,-739.776678373559,4.0204115,40.185604,0.9113373231567088
5900.0,-739.7700285850857,4.0201707,40.223042,0.9109797410976416
5900.0,-739.7771054755112,4.0198903,40.260483,0.9106221592145032
5900.0,-739.7705186340271,4.0194893,40.310383,0.9102645769185614
5900.0,-739.7769453916496,4.019249,40.285416,0.9099069951128016
5900.0,-739.7694132680973,4.0188479,40.235508,0.90954941335116
5900.0,-739.7759428349538,4.0185275,40.272949,0.9091918320300004
5900.0,-739.776101319625,4.0181265,40.310383,0.908834250632235
5900.0,-739.7694949571771,4.017766,40.285416,0.9084766688311072
5900.0,-739.7770224428813,4.0175252,40.210575,0.9081190869881036
5900.0,-739.7697998507407,4.0170441,40.335316,0.9077615050395996
5900.0,-739.7764545931036,4.0166035,40.223042,0.9074039234710743
5900.0,-739.775617515765,4.0165234,40.223042,0.9070463423071624
5900.0,-739.7672465178506,4.0156813,40.335316,0.906688761592861
5900.0,-739.7743370889283,4.0157213,40.260483,0.9063311810478618
5900.0,-739.7668651598038,4.0152807,40.260483,0.9059736005178972
5900.0,-739.7745543752407,4.0149999,40.272949,0.9056160198678695
5900.0,-739.7672003877201,4.0145993,40.260483,0.905258439175866
5900.0,-739.7743522012737,4.0141983,40.297916,0.9049008586235622
5900.0,-739.7748409124669,4.0140381,40.247974,0.9045432778350324
5900.0,-739.7680735648297,4.0135169,40.272949,0.904185696720962
5900.0,-739.7750704424918,4.0129557,40.235508,0.903828115821486
5900.0,-739.7659951565118,4.0130358,40.272949,0.903470535712054
5900.0,-739.775451218472,4.0123143,40.260483,0.9031129546285244
5900.0,-739.774905780968,4.012074,40.297916,0.9027553738086396
5900.0,-739.766598803606,4.0117931,40.310383,0.9023977934074232
5900.0,-739.773877381866,4.0113926,40.247974,0.9020402130846304
5900.0,-739.7672001923445,4.0109916,40.272949,0.9016826323927212
5900.0,-739.7747037169167,4.010551,40.223042,0.901325051670507
5900.0,-739.7670884253456,4.0103102,40.173141,0.9009674710326226
5900.0,-739.7747038877891,4.0099497,40.235508,0.9006098903103261
5900.0,-739.7748103946841,4.0096688,40.285416,0.9002523095365478
5900.0,-739.7673878624352,4.0095086,40.247974,0.8998947287539246
5900.0,-739.7760571421924,4.0089073,40.297916,0.8995371473775131
5900.0,-739.7696541117398,4.0087872,40.247974,0.8991795654994548
5900.0,-739.7756604358799,4.008266,40.198071,0.898821984314797
5900.0,-739.7750974690579,4.0079455,40.247974,0.8984644034022571
5900.0,-739.7681598925327,4.0075846,40.210575,0.8981068222464583
5900.0,-739.7757854488273,4.0071034,40.347824,0.8977492410013737
5900.0,-739.7671677706854,4.0071435,40.347824,0.8973916603251362
5900.0,-739.7749929762555,4.0065827,40.247974,0.8970340794631044
5900.0,-739.7670862647032,4.0060616,40.210575,0.8966764988262644
5900.0,-739.7755655379888,4.0060215,40.247974,0.8963189176874767
5900.0,-739.774437113089,4.0055804,40.160633,0.8959613370941296
5900.0,-739.7680834769317,4.0054202,40.272949,0.8956037559752679
5900.0,-739.7752182460108,4.0049391,40.235508,0.8952461750043487
5900.0,-739.7675760940197,4.0046186,40.235508,0.8948885941307403
5900.0,-739.7751393637346,4.0042977,40.272949,0.8945310131979501
5900.0,-739.7765073155299,4.0038967,40.260483,0.8941734316039408
5900.0,-739.7686462062137,4.0036163,40.285416,0.8938158502130731
5900.0,-739.7749811842033,4.0032959,40.285416,0.8934582693567412
5900.0,-739.768238517684,4.003015,40.247974,0.8931006881629375
5900.0,-739.7760589854383,4.0024538,40.185604,0.892743106785635
5900.0,-739.7692037842099,4.0023737,40.260483,0.8923855251252513
5900.0,-739.776949566432,4.0018926,40.310383,0.8920279433174735
5900.0,-739.7767052170257,4.001452,40.260483,0.8916703616278057
5900.0,-739.7691880738417,4.0011311,40.310383,0.8913127799750158
5900.0,-739.775541294645,4.0009308,40.285416,0.8909551988479466
5900.0,-739.7674737751377,4.0005698,40.260483,0.8905976180237959
5900.0,-739.774774359365,4.0001292,40.198071,0.8902400372674357
5900.0,-739.7689815928247,4.0000892,40.272949,0.8898824557144525
5900.0,-739.775862255901,3.9994879,40.297916,0.889524874432242
5900.0,-739.7776361668429,3.9991672,40.185604,0.8891672922925862
5900.0,-739.769397704197,3.9988465,40.285416,0.8888097105384675
5900.0,-739.7775455902034,3.998606,40.310383,0.8884521284425931
5900.0,-739.7704895570307,3.998085,40.347824,0.8880945461607064
5900.0,-739.7772501784664,3.997684,40.285416,0.8877369642076236
5900.0,-739.7760493296729,3.9977243,40.260483,0.8873793828349883
5900.0,-739.7702184767234,3.9970829,40.210575,0.8870218006841334
5900.0,-739.7772692092858,3.9967623,40.185604,0.8866642187218517
5900.0,-739.7695572005773,3.9966018,40.272949,0.8863066368906374
5900.0,-739.77798431331,3.9962411,40.322849,0.8859490545826999
5900.0,-739.7707929979646,3.9960005,40.260483,0.8855914721541392
5900.0,-739.7775131193868,3.9955597,40.260483,0.8852338900739601
5900.0,-739.777311372677,3.9956398,40.247974,0.8848763080912982
5900.0,-739.7690402472532,3.9949183,40.235508,0.8845187265099632
5900.0,-739.7752181606259,3.9947178,40.235508,0.8841611455390853
5900.0,-739.768688198157,3.9940765,40.235508,0.8838035641279199
5900.0,-739.7756684682311,3.9940364,40.297916,0.8834459829393796
5900.0,-739.7771903758924,3.9936757,40.260483,0.8830884010152033
5900.0,-739.7700466879993,3.993355,40.223042,0.8827308189473857
5900.0,-739.7769755309555,3.9928741,40.260483,0.8823732371270577
5900.0,-739.7692283812778,3.9927137,40.247974,0.8820156554547844
5900.0,-739.7765256384062,3.9922729,40.210575,0.8816580738519184
5900.0,-739.7709455729631,3.9920323,40.210575,0.8813004913496076
5900.0,-739.7783271130106,3.9917917,40.297916,0.880942908875973
5900.0,-739.7767723682572,3.9913909,40.210575,0.8805853271538467
5900.0,-739.7700738363073,3.9912307,40.185604,0.8802277450729066
5900.0,-739.7749196116181,3.9908299,40.185604,0.8798701642463367
5900.0,-739.7669777446024,3.9903088,40.310383,0.879512583661952
5900.0,-739.7758846315957,3.9898679,40.260483,0.8791550023689259
5900.0,-739.7753837498478,3.9895873,40.235508,0.8787974213180081
5900.0,-739.7693698478505,3.9894669,40.322849,0.8784398395773543
5900.0,-739.7764528963013,3.9890261,40.260483,0.8780822580096492
5900.0,-739.7702832103569,3.9888256,40.310383,0.877724675827504
5900.0,-739.7774947964592,3.9885852,40.335316,0.8773670937561816
5900.0,-739.7695374252812,3.9880641,40.310383,0.8770095119345261
5900.0,-739.7778365341941,3.9878235,40.285416,0.8766519296980197
5900.0,-739.7766836957945,3.9877434,40.235508,0.8762943480187545
5900.0,-739.7696971901432,3.987062,40.210575,0.8759367661198735
5900.0,-739.7760922864434,3.9869418,40.297916,0.8755791847264744
5900.0,-739.7695226181736,3.9865408,40.223042,0.8752216029119761
5900.0,-739.7768808160614,3.9864206,40.272949,0.87486402113743
5900.0,-739.7756844350656,3.9860198,40.247974,0.8745064399411717
5900.0,-739.7693685051356,3.9856191,40.297916,0.8741488582011668
5900.0,-739.7766402020043,3.9850979,40.272949,0.873791276542925
5900.0,-739.7703506905037,3.9851379,40.210575,0.873433694328162
5900.0,-739.7778270247956,3.9846971,40.285416,0.8730761120962522
5900.0,-739.7695816389505,3.9843764,40.285416,0.8727185302532251
5900.0,-739.7786949005772,3.9840157,40.260483,0.8723609476018152
5900.0,-739.7780484249852,3.9838152,40.173141,0.8720033652628885
5900.0,-739.7705011659435,3.9834545,40.260483,0.8716457829753902
5900.0,-739.7793590887654,3.9832139,40.247974,0.8712882000029354
5900.0,-739.7713321434818,3.9829333,40.297916,0.8709306173137683
5900.0,-739.7776782081168,3.9822118,40.285416,0.8705730351537913
5900.0,-739.7780657834564,3.9823322,40.247974,0.870215452806474
5900.0,-739.7708157884604,3.9819312,40.272949,0.8698578703668971
5900.0,-739.7775910250052,3.9814503,40.285416,0.8695002882490612
5900.0,-739.7717279668441,3.9812899,40.223042,0.8691427053685652
5900.0,-739.7787444248274,3.9809291,40.285416,0.868785122693217
5900.0,-739.769911288251,3.9804883,40.247974,0.8684275406908476
5900.0,-739.7771296577707,3.9802077,40.260483,0.8680699587960201
5900.0,-739.7773509236158,3.9800875,40.297916,0.8677123767942407
5900.0,-739.7699614833095,3.9796064,40.260483,0.8673547947676085
5900.0,-739.7778108625835,3.9794462,40.347824,0.866997212543511
5900.0,-739.770796940981,3.9792056,40.210575,0.8666396301130442
5900.0,-739.7779906242769,3.9787648,40.235508,0.8662820478020564
5900.0,-739.7690971929765,3.9782836,40.247974,0.8659244661931955
5900.0,-739.7763266626406,3.9781234,40.285416,0.8655668846865074
5900.0,-739.7764351837561,3.9777226,40.260483,0.865209303127364
5900.0,-739.7690703498308,3.977442,40.297916,0.8648517215314783
5900.0,-739.7773954551225,3.9772816,40.322849,0.8644941395081739
5900.0,-739.7703143014767,3.9771214,40.260483,0.8641365573110003
5900.0,-739.7776632299879,3.9766002,40.173141,0.8637789751582631
5900.0,-739.7763575954791,3.9763196,40.210575,0.8634213936366231
5900.0,-739.7687443136745,3.9760389,40.322849,0.8630638121983332
5900.0,-739.7762059345449,3.9757183,40.173141,0.8627062307500007
5900.0,-739.769154858658,3.9752374,40.322849,0.862348649113266
5900.0,-739.776238844846,3.9749568,40.285416,0.8619910676490259
5900.0,-739.7701627884844,3.9746761,40.260483,0.8616334855250889
5900.0,-739.7770759953936,3.9744759,40.272949,0.8612759036562001
5900.0,-739.7772108593817,3.9742353,40.235508,0.8609183217221227
5900.0,-739.7688822647141,3.9737141,40.285416,0.8605607402171515
5900.0,-739.776164967464,3.9735539,40.260483,0.8602031587886211
5900.0,-739.7690540778409,3.9729927,40.285416,0.8598455772006007
5900.0,-739.7744237227163,3.9730327,40.310383,0.8594879966137259
5900.0,-739.7762539449899,3.9727521,40.247974,0.8591304151421869
5900.0,-739.7679345029527,3.9723914,40.223042,0.8587728340953346
5900.0,-739.7750258744063,3.9719505,40.310383,0.8584152532174011
5900.0,-739.7656133467837,3.9716299,40.235508,0.8580576732925241
5900.0,-739.7727402540181,3.9713893,40.272949,0.857700093519378
5900.0,-739.7654451224494,3.971149,40.260483,0.8573425136758157
5900.0,-739.7734691886669,3.9708283,40.360291,0.8569849335503287
5900.0,-739.7752183437251,3.9705877,40.297916,0.8566273525793623
5900.0,-739.767267989932,3.970227,40.297916,0.8562697718546819
5900.0,-739.7756199327887,3.9697459,40.310383,0.8559121906896018
5900.0,-739.7668753770427,3.9696257,40.247974,0.8555546101546984
5900.0,-739.7740665673938,3.9692249,40.297916,0.8551970297404596
5900.0,-739.7753940160467,3.9686236,40.297916,0.8548394486845796
5900.0,-739.7676299633316,3.9687438,40.235508,0.8544818677849324
5900.0,-739.7744526535358,3.9682629,40.272949,0.8541242871840734
5900.0,-739.7673523889723,3.9678218,40.272949,0.8537667064185971
5900.0,-739.7751394614746,3.967381,40.297916,0.8534091254857596
5900.0,-739.7684206335362,3.9675415,40.260483,0.8530515442039268
5900.0,-739.7751141194838,3.9671004,40.247974,0.8526939632833388
5900.0,-739.775737743471,3.9669001,40.198071,0.8523363820613131
5900.0,-739.7681728075307,3.9665794,40.260483,0.8519788008992718
5900.0,-739.7775444915818,3.9663789,40.247974,0.8516212188039285
5900.0,-739.76946208376,3.9658177,40.272949,0.8512636370186907
5900.0,-739.7761932757766,3.965497,40.310383,0.8509060555764769
5900.0,-739.7767660815399,3.9652567,40.322849,0.8505484738573894
5900.0,-739.7688839614993,3.9649761,40.322849,0.850190892351598
5900.0,-739.7772382887254,3.9646554,40.223042,0.8498333104042624
5900.0,-739.768037700718,3.9643748,40.272949,0.8494757293075275
5900.0,-739.7770286195804,3.963974,40.272949,0.8491181474615382
5900.0,-739.7697855198707,3.9636133,40.210575,0.8487605655199614
5900.0,-739.7757915522661,3.9633727,40.322849,0.8484029842719265
5900.0,-739.7757037711528,3.9634128,40.235508,0.8480454030663219
5900.0,-739.7677391425884,3.9629316,40.235508,0.8476878221139008
5900.0,-739.7755228009221,3.9626913,40.297916,0.8473302409957707
5900.0,-739.7682555341886,3.9623706,40.235508,0.8469726597937418
5900.0,-739.7761039686309,3.9617693,40.272949,0.846615078394696
5900.0,-739.775252718872,3.9617293,40.247974,0.846257497407114
5900.0,-739.7661674091444,3.9612482,40.285416,0.8458999172144204
5900.0,-739.774055275808,3.9613285,40.272949,0.8455423368056397
5900.0,-739.7673829064481,3.9607673,40.260483,0.8451847560254121
5900.0,-739.7755116680327,3.9604065,40.272949,0.8448271749126633
5900.0,-739.7680272759277,3.9601259,40.235508,0.8444695938209674
5900.0,-739.776677006402,3.9597652,40.297916,0.8441120121449356
5900.0,-739.7774007285775,3.9596047,40.285416,0.8437544301190822
5900.0,-739.7690435432127,3.9590838,40.260483,0.843396848536154
5900.0,-739.7772318678171,3.9589634,40.223042,0.8430392665919219
5900.0,-739.7694257314139,3.9587631,40.198071,0.8426816848242557
5900.0,-739.7767536426034,3.958322,40.272949,0.8423241031111807
5900.0,-739.7776804175357,3.9581618,40.198071,0.8419665209501357
5900.0,-739.7703249094156,3.9576006,40.210575,0.8416089387478345
5900.0,-739.7769167171384,3.9574003,40.247974,0.841251356955935
5900.0,-739.7704055853202,3.9575605,40.247974,0.8408937747146376
5900.0,-739.7769267757837,3.9569592,40.297916,0.8405361929178761
5900.0,-739.7706771782391,3.9566386,40.260483,0.840178610545299
5900.0,-739.776760808136,3.956358,40.260483,0.8398210288287603
5900.0,-739.7760168221494,3.9562378,40.272949,0.839463447471838
5900.0,-739.768666567432,3.9559972,40.260483,0.8391058660711282
5900.0,-739.7765788247453,3.9553962,40.335316,0.8387482844425539
5900.0,-739.7702167189057,3.9551156,40.223042,0.8383907022925488
5900.0,-739.7762650535275,3.9548349,40.272949,0.8380331208156402
5900.0,-739.7696643411545,3.9547548,40.247974,0.8376755389326374
5900.0,-739.7766946700388,3.9543138,40.297916,0.8373179572480676
5900.0,-739.7779751701613,3.953953,40.322849,0.8369603749445496
5900.0,-739.7694865464848,3.9537528,40.198071,0.8366027931474873
5900.0,-739.7783159191392,3.9535522,40.223042,0.8362452106792634
5900.0,-739.7693150996041,3.9527504,40.310383,0.8358876289650732
5900.0,-739.7776383641371,3.9528308,40.198071,0.8355300468243553
5900.0,-739.7770416446497,3.9527104,40.235508,0.8351724649720703
5900.0,-739.7687315207415,3.9521894,40.322849,0.8348148835399641
5900.0,-739.7762866477887,3.9517887,40.297916,0.8344573020526177
5900.0,-739.768893702654,3.9514277,40.285416,0.8340997205421178
5900.0,-739.7781114257862,3.951508,40.260483,0.8337421381727388
5900.0,-739.7695395370158,3.9509468,40.335316,0.8333845563500625
5900.0,-739.7771217964197,3.9505861,40.260483,0.8330269744590348
5900.0,-739.7765726112883,3.9502254,40.173141,0.832669392833464
5900.0,-739.7696759133863,3.9501853,40.297916,0.8323118109448674
5900.0,-739.7772154615237,3.9501853,40.285416,0.8319542290085656
5900.0,-739.7700935382928,3.9497442,40.285416,0.8315966469181021
5900.0,-739.7774694667978,3.9492633,40.260483,0.8312390648590231
5900.0,-739.776572586783,3.9491832,40.260483,0.830881483233464
5900.0,-739.7709255780421,3.9484615,40.247974,0.830523900740818
5900.0,-739.7784565204444,3.9483013,40.285416,0.8301663182046326
5900.0,-739.7732050229766,3.9481812,40.310383,0.8298087346101731
5900.0,-739.7791373102524,3.94766,40.297916,0.829451151744918
5900.0,-739.7715334975646,3.9475799,40.247974,0.8290935689584226
5900.0,-739.778854044539,3.9471388,40.297916,0.828735986230088
5900.0,-739.7774481409186,3.9467781,40.235508,0.8283784041813174
5900.0,-739.769933175384,3.9469385,40.260483,0.8280208221683684
5900.0,-739.77738857025,3.9462571,40.223042,0.8276632401483919
5900.0,-739.7709293377565,3.9460566,40.235508,0.8273056576539286
5900.0,-739.7786809357104,3.9458561,40.235508,0.8269480750092688
5900.0,-739.7779839471625,3.9454553,40.297916,0.8265904927015084
5900.0,-739.7710223181806,3.9451747,40.260483,0.8262329101621013
5900.0,-739.7774326623489,3.9450145,40.210575,0.8258753281208122
5900.0,-739.7713274560532,3.9446938,40.297916,0.8255177454339108
5900.0,-739.7784088884762,3.9443731,40.198071,0.8251601629207489
5900.0,-739.7710017003495,3.9440124,40.123234,0.8248025803913078
5900.0,-739.778813041135,3.9438119,40.322849,0.8244449976827929
5900.0,-739.7787542880441,3.9432909,40.310383,0.8240874150026771
5900.0,-739.7703016306599,3.9432106,40.247974,0.8237298328116281
5900.0,-739.7778703965196,3.9427698,40.247974,0.8233722505587541
5900.0,-739.7716709116921,3.9426095,40.148167,0.8230146677058369
5900.0,-739.778752469329,3.9422889,40.260483,0.8226570850266003
5900.0,-739.7785159811714,3.9419279,40.297916,0.8222995024616735
5900.0,-739.7713498921717,3.9418077,40.260483,0.8219419197639273
5900.0,-739.7786784579606,3.9414871,40.285416,0.821584337120465
5900.0,-739.7715433729601,3.9410863,40.285416,0.8212267543291961
5900.0,-739.780590284316,3.9409661,40.223042,0.8208691707616251
5900.0,-739.7736245524756,3.9405651,40.235508,0.8205115869643781
5900.0,-739.7795806477026,3.9401643,40.285416,0.8201540038848295
5900.0,-739.7784417130854,3.9400041,40.297916,0.8197964213558014
5900.0,-739.7716130257718,3.9397635,40.247974,0.8194388385308644
5900.0,-739.7785440699593,3.9394028,40.272949,0.8190812559523606
5900.0,-739.7722524515681,3.9392023,40.235508,0.8187236728183449
5900.0,-739.7781851933802,3.9389217,40.272949,0.8183660904133091
5900.0,-739.7797892670064,3.938561,40.285416,0.8180085072329214
5900.0,-739.7719410760516,3.9383204,40.198071,0.817650924249415
5900.0,-739.7797521817951,3.9379597,40.285416,0.817293341086953
5900.0,-739.7725922572284,3.9377995,40.272949,0.8169357577886858
5900.0,-739.7793764837645,3.9377193,40.285416,0.8165781748078228
5900.0,-739.7719284300468,3.9372382,40.272949,0.816220591830429
5900.0,-739.7786095118288,3.9367974,40.247974,0.815863009220293
5900.0,-739.7775993992799,3.9365969,40.260483,0.8155054270984092
5900.0,-739.7718441162372,3.9363565,40.285416,0.8151478441617702
5900.0,-739.7773627523237,3.9359155,40.210575,0.8147902621542733
5900.0,-739.7699700891473,3.9355948,40.260483,0.8144326801234812
5900.0,-739.7774298301159,3.9353945,40.260483,0.8140750980835613
5900.0,-739.7762417134534,3.935194,40.223042,0.8137175166179345
5900.0,-739.7697407691359,3.9349935,40.247974,0.8133599346979887
5900.0,-739.7766796918077,3.9347932,40.223042,0.8130023530206588
5900.0,-739.7700811482869,3.9343121,40.235508,0.8126447709361844
5900.0,-739.7781859137551,3.9339514,40.210575,0.8122871885308004
5900.0,-739.7688932386945,3.9335907,40.297916,0.8119296070205247
5900.0,-739.7773779012224,3.9335506,40.247974,0.8115720250057054
5900.0,-739.7785794459365,3.9332299,40.235508,0.811214442410102
5900.0,-739.7713086327719,3.9331098,40.285416,0.8108568597322993
5900.0,-739.7789639697743,3.9326687,40.397728,0.8104992769508308
5900.0,-739.772523483121,3.9323881,40.198071,0.8101416936858068
5900.0,-739.7779537589483,3.9321477,40.260483,0.8097841113926383
5900.0,-739.7716832038312,3.9316666,40.198071,0.8094265285337794
5900.0,-739.7779255970538,3.9314663,40.223042,0.8090689462542233
5900.0,-739.7787319002501,3.9312658,40.247974,0.808711363584929
5900.0,-739.7716621104277,3.9310253,40.223042,0.8083537807362661
5900.0,-739.7788755899942,3.930865,40.235508,0.8079961979975173
5900.0,-739.7707954882745,3.9301436,40.260483,0.8076386155677526
5900.0,-739.7768939995713,3.9301033,40.210575,0.807281033786834
5900.0,-739.7764590732818,3.9297025,40.223042,0.8069234522161434
5900.0,-739.7688569840617,3.9296625,40.210575,0.8065658707233921
5900.0,-739.7782677374639,3.9294219,40.285416,0.8062082882784576
5900.0,-739.7704107490889,3.9290612,40.235508,0.8058507060346641
5900.0,-739.7768809502013,3.9286203,40.235508,0.8054931242600532
5900.0,-739.7702033280793,3.9283798,40.247974,0.8051355421165206
5900.0,-739.7782501956887,3.9281392,40.272949,0.804777959680065
5900.0,-739.778831925741,3.9278989,40.185604,0.8044203769624221
5900.0,-739.7713851583133,3.9276583,40.235508,0.8040627942476292
5900.0,-739.7782362676055,3.9272976,40.272949,0.8037052118179061
5900.0,-739.7712229034994,3.9268968,40.160633,0.8033476291815421
5900.0,-739.7779358386962,3.9267764,40.235508,0.8029900468970356
5900.0,-739.7784848654893,3.9264157,40.235508,0.8026324643471492
5900.0,-739.7714227799614,3.9261351,40.247974,0.802274881614171
5900.0,-739.7788310221133,3.9258547,40.185604,0.8019172988969648
5900.0,-739.7712677150109,3.925534,40.235508,0.8015597162389404
5900.0,-739.7788417764747,3.9253335,40.247974,0.801202133516536
5900.0,-739.7718133425067,3.9252133,40.198071,0.800844550594772
5900.0,-739.7776203830565,3.9249327,40.285416,0.8004869684627455
5900.0,-739.780342614514,3.924612,40.1357,0.8001293850148893
5900.0,-739.7726457360706,3.9242914,40.335316,0.799771801690772
5900.0,-739.7793259830356,3.924211,40.185604,0.7994142187343192
5900.0,-739.7709563643577,3.9237301,40.235508,0.7990566362267922
5900.0,-739.7780853633693,3.9233694,40.210575,0.7986990538700108
5900.0,-739.7773271074527,3.9230888,40.173141,0.7983414718797432
5900.0,-739.7714795185937,3.9228082,40.235508,0.7979838891193396
5900.0,-739.776705387719,3.9225676,40.210575,0.7976263074295891
5900.0,-739.7719079342296,3.9223673,40.185604,0.7972687244621025
5900.0,-739.7795161331986,3.9219265,40.160633,0.796911141413738
5900.0,-739.7718281737102,3.9219265,40.272949,0.7965535584848051
5900.0,-739.7781432740702,3.9214854,40.272949,0.7961959761000317
5900.0,-739.7773277792262,3.9212449,40.235508,0.7958383941094395
5900.0,-739.7706099177683,3.9209645,40.223042,0.795480811769374
5900.0,-739.7786032254696,3.9208441,40.272949,0.7951232291622765
5900.0,-739.7716181161275,3.9203632,40.260483,0.7947656463348791
5900.0,-739.7790290088151,3.9203632,40.247974,0.794408063521973
5900.0,-739.7801601550856,3.9198821,40.223042,0.7940504801623113
5900.0,-739.7714997331907,3.9194012,40.223042,0.7936928973921364
5900.0,-739.7800183330672,3.9192808,40.210575,0.7933353141010263
5900.0,-739.7717841311672,3.9190004,40.223042,0.7929777311933823
5900.0,-739.7789356123999,3.91892,40.223042,0.7926201484256209
5900.0,-739.7720758640936,3.9185193,40.173141,0.792262565376962
5900.0,-739.7780958495022,3.918319,40.185604,0.791904983015112
5900.0,-739.779262677069,3.9180784,40.235508,0.7915474000892592
5900.0,-739.7715158463835,3.9175172,40.223042,0.7911898173112957
5900.0,-739.7911695411409,3.917357,40.210575,0.7908322286300892
5900.0,-739.7869876004879,3.9171565,40.272949,0.790474638373556
5900.0,-739.7942625022371,3.9168758,40.185604,0.7901170481973223
5900.0,-739.7944137725185,3.916435,40.148167,0.78975945794797
5900.0,-739.7866943404701,3.9163949,40.223042,0.7894018678331897
5900.0,-739.7951168645822,3.9159939,40.235508,0.7890442772439876
5900.0,-739.7877443108919,3.9157135,40.198071,0.7886866866216841
5900.0,-739.7969270188828,3.9153929,40.272949,0.788329095157518
5900.0,-739.7878584584395,3.9152725,40.223042,0.7879715044800389
5900.0,-739.7950774602149,3.9148717,40.198071,0.7876139139098837
5900.0,-739.7945558876289,3.9147515,40.235508,0.7872563235918378
5900.0,-739.7874192881922,3.9144709,40.210575,0.7868987331266402
5900.0,-739.7941915422173,3.9141502,40.210575,0.786541142984706
5900.0,-739.7861212840089,3.9137895,40.247974,0.7861835531469237
5900.0,-739.7922418734921,3.9138696,40.260483,0.7858259639473898
5900.0,-739.7852652086599,3.9134688,40.185604,0.785468374523408
5900.0,-739.7913804187722,3.9131081,40.247974,0.7851107857402707
5900.0,-739.793479477826,3.9129477,40.260483,0.7847531959425231
5900.0,-739.7862490178608,3.9124267,40.285416,0.7843956060429981
5900.0,-739.7946664593137,3.9123464,40.247974,0.7840380156715059
5900.0,-739.7870842431175,3.9119456,40.223042,0.7836804253682588
5900.0,-739.793330270699,3.9117451,40.223042,0.7833228356426325
5900.0,-739.7918420301392,3.9112241,40.297916,0.7829652466363687
5900.0,-739.7847628673749,3.9114647,40.260483,0.7826076574552031
5900.0,-739.7931029377125,3.9109836,40.160633,0.7822500678394616
5900.0,-739.7845678609275,3.9105828,40.198071,0.7818924787525561
5900.0,-739.7927226014215,3.9102621,40.210575,0.7815348893206556
5900.0,-739.7854608742377,3.9100616,40.198071,0.7811772998020949
5900.0,-739.7933986671236,3.9099014,40.210575,0.7808197100434083
5900.0,-739.7934293186881,3.9097409,40.210575,0.7804621202699058
5900.0,-739.7848523686908,3.9095006,40.210575,0.7801045310454781
5900.0,-739.7920630886866,3.9090595,40.198071,0.7797469419323625
5900.0,-739.7857750940834,3.9088993,40.210575,0.7793893522619175
5900.0,-739.7928048769697,3.9087389,40.260483,0.779031762790248
5900.0,-739.7925301440227,3.9082179,40.210575,0.7786741734513746
5900.0,-739.785630856799,3.9079773,40.235508,0.7783165838506495
5900.0,-739.7923154702139,3.9077768,40.210575,0.7779589946155417
5900.0,-739.7843933009801,3.9076967,40.247974,0.777601405613013
5900.0,-739.7916354980857,3.9072959,40.260483,0.7772438167065796
5900.0,-739.7857643399325,3.9069753,40.173141,0.776886227041333
5900.0,-739.7932230433012,3.9065745,40.185604,0.7765286373675366
5900.0,-739.7936598013514,3.9064941,40.235508,0.7761710474826271
5900.0,-739.7859492508991,3.9060934,40.260483,0.7758134577280003
5900.0,-739.7921431670428,3.9059732,40.223042,0.7754558685761775
5900.0,-739.7839631761274,3.9056525,40.173141,0.7750982797815581
5900.0,-739.7919862570053,3.905452,40.223042,0.7747406907055802
5900.0,-739.7926437433182,3.9050112,40.260483,0.7743831013117969
5900.0,-739.7853228011844,3.9047706,40.185604,0.7740255118599766
5900.0,-739.7926477229021,3.9045303,40.260483,0.7736679224642695
5900.0,-739.7856583102696,3.9041293,40.185604,0.7733103328502745
5900.0,-739.7931399984698,3.9038889,40.223042,0.772952743216619
5900.0,-739.7851602288276,3.9035683,40.223042,0.7725951538433812
5900.0,-739.7943140037453,3.9034479,40.198071,0.7722375636422535
5900.0,-739.7936526844713,3.9032876,40.235508,0.7718799737607839
5900.0,-739.7859669145117,3.903007,40.223042,0.771522383997619
5900.0,-739.7939253787691,3.9027665,40.285416,0.7711647939843387
5900.0,-739.7852587390619,3.9026864,40.160633,0.7708072045634841
5900.0,-739.793778722601,3.9022856,40.185604,0.7704496146210921
5900.0,-739.7943098777433,3.9019649,40.235508,0.7700920244219588
5900.0,-739.7862218329741,3.9018445,40.223042,0.7697344345355741
5900.0,-739.7930489702211,3.9016042,40.210575,0.7693768449459186
5900.0,-739.7860172682138,3.9011631,40.198071,0.7690192551584142
5900.0,-739.7941635880809,3.9008024,40.260483,0.768661665029992
5900.0,-739.7859335041057,3.9007223,40.185604,0.7683040752829767
5900.0,-739.7936231675701,3.9004016,40.173141,0.7679464854157746
5900.0,-739.7938893190982,3.8999608,40.247974,0.7675888954199243
5900.0,-739.785221483353,3.8998404,40.235508,0.7672313060170779
5900.0,-739.7930547319922,3.8994396,40.223042,0.7668737164246372
5900.0,-739.7863412778149,3.899199,40.160633,0.7665161264805166
5900.0,-739.7923666668123,3.8989184,40.210575,0.7661585372206623
5900.0,-739.792385953889,3.8987181,40.160633,0.765800947951485
5900.0,-739.784997167904,3.8987582,40.247974,0.7654433586570658
5900.0,-739.7926004570814,3.8983974,40.235508,0.7650857692842056
5900.0,-739.7863054871929,3.8977962,40.185604,0.7647281793573849
5900.0,-739.7932934417448,3.8977962,40.198071,0.7643705896495605
5900.0,-739.7861440499485,3.8973954,40.185604,0.7640129998007738
5900.0,-739.7944691196243,3.8971148,40.198071,0.7636554095246686
5900.0,-739.7954499718362,3.8969142,40.235508,0.7632978187744545
5900.0,-739.7874585702004,3.8966336,40.198071,0.7629402282902691
5900.0,-739.7938140135516,3.8962328,40.185604,0.7625826383308187
5900.0,-739.7866504562638,3.8961928,40.210575,0.7622250482372509
5900.0,-739.7941354140105,3.8960326,40.173141,0.761867458122447
5900.0,-739.7946113444715,3.8955114,40.223042,0.7615098677775954
5900.0,-739.78727276774,3.8953512,40.185604,0.7611522773832212
5900.0,-739.793588218978,3.8951507,40.235508,0.760794687532912
5900.0,-739.7857201259052,3.89483,40.247974,0.7604370978890371
5900.0,-739.7919600481704,3.8947899,40.223042,0.7600795088257276
5900.0,-739.7860864941049,3.8944292,40.160633,0.7597219190047616
5900.0,-739.7926489681207,3.8943088,40.247974,0.7593643296084528
5900.0,-739.7938039669798,3.8939881,40.210575,0.7590067396538587
5900.0,-739.7850265258135,3.8936675,40.210575,0.7586491503452487
5900.0,-739.7922354035732,3.8936675,40.198071,0.7582915611488422
5900.0,-739.7858282676095,3.8931465,40.235508,0.7579339714526949
5900.0,-739.792621197186,3.8927858,40.185604,0.7575763820698096
5900.0,-739.7948191684108,3.8925452,40.198071,0.7572187880277376
5900.0,-739.8031842545038,3.8925052,40.173141,0.7568611935390469
5900.0,-739.8023015838461,3.8921044,40.173141,0.7565035994770077
5900.0,-739.7957727649913,3.8917837,40.223042,0.7561460049739965
5900.0,-739.8026936151144,3.8916233,40.235508,0.7557884107224634
5900.0,-739.7952672130285,3.8913426,40.235508,0.7554308164638205
5900.0,-739.8026870716284,3.891062,40.185604,0.7550732222154501
5900.0,-739.8033301051166,3.8907013,40.210575,0.7547156276562605
5900.0,-739.7955263307108,3.890461,40.173141,0.7543580332723681
5900.0,-739.8033573269068,3.8902605,40.260483,0.7540004387000202
5900.0,-739.7947314857403,3.8902204,40.173141,0.7536428447003315
5900.0,-739.80265430795,3.8897796,40.210575,0.7532852504677979
5900.0,-739.7942240904222,3.8895791,40.198071,0.7529276567133684
5900.0,-739.8001444801562,3.8892183,40.235508,0.7525700636939963
5900.0,-739.8011383940674,3.8891783,40.260483,0.7522124701942016
5900.0,-739.7954038701587,3.8888576,40.198071,0.7518548758695027
5900.0,-739.802866015693,3.888577,40.198071,0.7514972815346374
5900.0,-739.7966239451555,3.8883364,40.247974,0.7511396866201918
5900.0,-739.8040663029614,3.8880959,40.235508,0.7507820917051503
5900.0,-739.804038385097,3.8874948,40.173141,0.7504244968036033
5900.0,-739.7974006872636,3.8875349,40.210575,0.7500669015137046
5900.0,-739.8042549269896,3.8874545,40.260483,0.749709306507489
5900.0,-739.796730097088,3.8870137,40.185604,0.7493517115417329
5900.0,-739.8030125862203,3.8866529,40.260483,0.7489941171360205
5900.0,-739.7961963229419,3.8864524,40.160633,0.7486365224282744
5900.0,-739.8038544241415,3.8862121,40.185604,0.7482789276156476
5900.0,-739.8051570313465,3.8859315,40.223042,0.7479213321733869
5900.0,-739.7952817151272,3.885731,40.210575,0.7475637379077341
5900.0,-739.8044803433933,3.8854103,40.235508,0.7472061427925601
5900.0,-739.7967474673559,3.8853703,40.235508,0.7468485478184078
5900.0,-739.8056852082983,3.8850896,40.173141,0.7464909521208452
5900.0,-739.8045144866347,3.8847289,40.160633,0.7461333569891677
5900.0,-739.7973584875643,3.8845286,40.223042,0.745775761719667
5900.0,-739.8039326471014,3.8841276,40.235508,0.74541816686923
5900.0,-739.7969587216461,3.8840075,40.173141,0.7450605717929638
5900.0,-739.8046185520263,3.8839273,40.198071,0.7447029766109848
5900.0,-739.7974755161732,3.8836868,40.160633,0.744345381284916
5900.0,-739.8045173305833,3.8834062,40.272949,0.7439877861518639
5900.0,-739.8040391908568,3.8831255,40.173141,0.7436301912499275
5900.0,-739.7966665476794,3.8828049,40.223042,0.7432725963148893
5900.0,-739.8051396605971,3.8824441,40.110729,0.7429150008810249
5900.0,-739.7964031822786,3.8824041,40.210575,0.7425574060732893
5900.0,-739.8043358478893,3.8818829,40.210575,0.7421998110279594
5900.0,-739.804132074553,3.8816426,40.247974,0.7418422160811263
5900.0,-739.7981843384754,3.8814821,40.173141,0.7414846204124348
5900.0,-739.8055312642755,3.881402,40.148167,0.7411270247892832
5900.0,-739.7994705631822,3.8810413,40.247974,0.7407694284988701
5900.0,-739.8060416674443,3.8807607,40.223042,0.7404118326290079
5900.0,-739.7976384913547,3.8807206,40.247974,0.740054237224162
5900.0,-739.8030839731649,3.8803198,40.198071,0.7396966427839435
5900.0,-739.8043883019847,3.8799591,40.260483,0.7393390477132593
5900.0,-739.7980478886408,3.8797185,40.160633,0.7389814521105234
5900.0,-739.8040252504443,3.879518,40.173141,0.7386238572153252
5900.0,-739.7961907199235,3.8793178,40.198071,0.7382662625102874
5900.0,-739.8055816062058,3.8789167,40.173141,0.7379086668628024
5900.0,-739.8053489880999,3.8787565,40.173141,0.7375510713277565
5900.0,-739.7987451269445,3.8783958,40.148167,0.7371934753879971
5900.0,-739.8056877228829,3.8782353,40.198071,0.7368358796892189
5900.0,-739.7990934893813,3.8780351,40.198071,0.7364782835810718
5900.0,-739.8064488718609,3.8780751,40.123234,0.7361206875143815
5900.0,-739.7961930267779,3.8772733,40.148167,0.7357630928082286
5900.0,-739.8046743019097,3.8771532,40.210575,0.7354054975993021
5900.0,-739.8040837712206,3.877033,40.285416,0.7350479026758171
5900.0,-739.7989590906069,3.8767524,40.198071,0.7346903066326341
5900.0,-739.8067550991716,3.8766723,40.198071,0.7343327104179244
5900.0,-739.7968730532015,3.8763516,40.185604,0.7339751153830677
5900.0,-739.8040628724196,3.876071,40.235508,0.7336175204696844
5900.0,-739.8038827447323,3.8757503,40.223042,0.7332599256433685
5900.0,-739.7960683082791,3.8755898,40.198071,0.7329023309975007
5900.0,-739.8024728006994,3.8753092,40.247974,0.7325447368527014
5900.0,-739.7957354605791,3.875109,40.210575,0.732187142367722
5900.0,-739.8015891777616,3.8748684,40.235508,0.7318295486500345
5900.0,-739.7935340301129,3.8745477,40.235508,0.7314719552291588
5900.0,-739.8006601077182,3.8742671,40.148167,0.7311143619605508
5900.0,-739.801539458236,3.8741069,40.235508,0.730756768266896
5900.0,-739.7944933277323,3.8739064,40.1357,0.7303991743823253
5900.0,-739.8018187685639,3.8735456,40.285416,0.7300415805536619
5900.0,-739.794464397306,3.873225,40.160633,0.7296839866830752
5900.0,-739.8037978321752,3.8728642,40.160633,0.7293263918978029
5900.0,-739.7942722225005,3.8728242,40.173141,0.7289687981201077
5900.0,-739.8031281263482,3.872704,40.185604,0.7286112036585474
5900.0,-739.8026030014612,3.8723431,40.235508,0.7282536094508136
5900.0,-739.7952041398064,3.872303,40.185604,0.7278960152226583
5900.0,-739.8021830164147,3.8716216,40.247974,0.7275384212179306
5900.0,-739.7955415161892,3.8719022,40.173141,0.7271808268266978
5900.0,-739.8016234430694,3.8715415,40.210575,0.7268232330924478
5900.0,-739.8032072525776,3.871381,40.185604,0.7264656385926405
5900.0,-739.795701195616,3.87082,40.247974,0.7261080441242237
5900.0,-739.8036299114167,3.8706996,40.185604,0.7257504494201183
5900.0,-739.7978377090955,3.8704994,40.185604,0.7253928539189768
5900.0,-739.8046624974003,3.8702188,40.210575,0.7250352587157561
5900.0,-739.7984314445737,3.8700986,40.123234,0.724677662927621
5900.0,-739.8042085642339,3.8696575,40.173141,0.7243200679438155
5900.0,-739.8047654766788,3.869417,40.173141,0.7239624726908184
5900.0,-739.7986400369672,3.8691766,40.210575,0.7236048768018561
5900.0,-739.8051140378436,3.8689761,40.160633,0.7232472813803769
5900.0,-739.7977063622528,3.8687356,40.185604,0.7228896859427243
5900.0,-739.8052330940516,3.8681746,40.235508,0.7225320904636976
5900.0,-739.8054695941294,3.8683348,40.185604,0.7221744948703552
5900.0,-739.7979176404854,3.8678939,40.173141,0.7218168993305772
5900.0,-739.8052757820309,3.8678138,40.185604,0.7214593038309166
5900.0,-739.7985921733705,3.8675332,40.223042,0.7211017079650902
5900.0,-739.8064363718912,3.8674128,40.198071,0.7207441119044419
5900.0,-739.7989800132424,3.8670521,40.235508,0.7203865158511455
5900.0,-739.8067973601749,3.8668518,40.210575,0.7200289196160083
5900.0,-739.8071227893306,3.8664911,40.210575,0.7196713232235703
5900.0,-739.7997059498135,3.8663306,40.185604,0.7193137268193787
5900.0,-739.8063478340799,3.8660901,40.160633,0.7189561308015263
5900.0,-739.797228141491,3.8658497,40.247974,0.718598535595031
5900.0,-739.8040978581535,3.8657293,40.173141,0.7182409406647368
5900.0,-739.8034179595413,3.8652885,40.198071,0.7178833460630814
5900.0,-739.7955178956413,3.865088,40.198071,0.7175257516832662
5900.0,-739.8028174435693,3.8650479,40.198071,0.7171681573718788
5900.0,-739.7946014082507,3.864567,40.160633,0.7168105634350653
5900.0,-739.8020912680469,3.8644466,40.223042,0.7164529694746853
5900.0,-739.7960436376449,3.8642864,40.235508,0.7160953748407426
5900.0,-739.8028757813998,3.8640859,40.185604,0.7157377805011569
5900.0,-739.8046161227757,3.8638856,40.198071,0.715380185320352
5900.0,-739.7966223337544,3.8634846,40.210575,0.7150225904066854
5900.0,-739.8032147115092,3.8635249,40.198071,0.7146649959032728
5900.0,-739.7944721728358,3.8631639,40.235508,0.7143074020289278
5900.0,-739.801561028043,3.8628032,40.198071,0.7139498083248469
5900.0,-739.8017410830842,3.8627231,40.210575,0.7135922145337338
5900.0,-739.7946376381226,3.8624825,40.223042,0.713234620579408
5900.0,-739.8025427840361,3.8621619,40.210575,0.7128770264007812
5900.0,-739.7942428528244,3.8617611,40.223042,0.7125194326372825
5900.0,-739.8021871545925,3.8613203,40.173141,0.7121618386305544
5900.0,-739.7945317306271,3.8615608,40.223042,0.7118042447274209
5900.0,-739.8028936526924,3.8612401,40.198071,0.7114466503791967
5900.0,-739.8019031073177,3.860759,40.148167,0.711089056509767
5900.0,-739.7938195512818,3.8606789,40.235508,0.7107314629508791
5900.0,-739.8022048797741,3.8601978,40.210575,0.7103738689355832
5900.0,-739.7950703510501,3.8601177,40.210575,0.7100162747720973
5900.0,-739.8016861262731,3.8599575,40.235508,0.7096586810075484
5900.0,-739.8020572831947,3.8599575,40.272949,0.7093010870635954
5900.0,-739.7930087033145,3.8596368,40.185604,0.7089434938966465
5900.0,-739.8001228000495,3.8593161,40.123234,0.7085859008877538
5900.0,-739.7945369675529,3.8591557,40.198071,0.708228306982089
5900.0,-739.8017343812087,3.858875,40.198071,0.7078707131942154
5900.0,-739.7937471031,3.8585947,40.272949,0.7075131196703467
5900.0,-739.8025228009876,3.8581536,40.247974,0.7071555255013791
5900.0,-739.8031105359204,3.857913,40.223042,0.7067979310483213
5900.0,-739.7968813900461,3.8578329,40.210575,0.7064403360094349
5900.0,-739.8046978007313,3.8576326,40.223042,0.7060827407891498
5900.0,-739.7971670943635,3.8577127,40.185604,0.7057251456121627
5900.0,-739.8023012054715,3.8571916,40.198071,0.7053675515503064
5900.0,-739.7966820383715,3.8568308,40.247974,0.7050099566077804
5900.0,-739.8023597871274,3.8569913,40.198071,0.7046523625176079
5900.0,-739.8041793284023,3.8565502,40.210575,0.704294767547934
5900.0,-739.7965198440785,3.8563099,40.223042,0.7039371726838077
5900.0,-739.8035258460251,3.8559089,40.148167,0.7035795780300038
5900.0,-739.7950141138767,3.8558288,40.185604,0.7032219838937012
5900.0,-739.8012764195502,3.8555882,40.210575,0.70286439032719
5900.0,-739.8016070730991,3.855428,40.185604,0.7025067966008524
5900.0,-739.7955994507106,3.8550272,40.210575,0.702149202181616
5900.0,-739.8028200190336,3.8548267,40.210575,0.7017916078689838
5900.0,-739.7959176863204,3.8547466,40.123234,0.701434013295922
5900.0,-739.8012357944183,3.8542254,40.185604,0.7010764197490474
5900.0,-739.7934858008329,3.8540251,40.123234,0.7007188263514844
5900.0,-739.8010668234607,3.8539047,40.235508,0.7003612328862843
5900.0,-739.8006722171374,3.8536642,40.260483,0.7000036396118229
5900.0,-739.7932559799765,3.8534238,40.260483,0.6996460463253481
5900.0,-739.8004539907718,3.8532634,40.235508,0.6992884531563694
5900.0,-739.7927186656386,3.8528626,40.235508,0.6989308601296159
5900.0,-739.8004179430721,3.8528626,40.160633,0.6985732669780615
5900.0,-739.8024153414798,3.852622,40.198071,0.698215672861036
5900.0,-739.7933465804401,3.8525019,40.210575,0.6978580795307677
5900.0,-739.8018023255381,3.852061,40.1357,0.6975004857100522
5900.0,-739.7939522535268,3.8519006,40.247974,0.6971428920870203
5900.0,-739.8006238647944,3.85162,40.173141,0.6967852988359305
5900.0,-739.7919936934117,3.8514597,40.173141,0.6964277061596063
5900.0,-739.7985780285053,3.8511791,40.148167,0.696070113897401
5900.0,-739.8014670697959,3.8508184,40.247974,0.6957125202387362
5900.0,-739.7938613358782,3.8507383,40.198071,0.6953549266596509
5900.0,-739.8010862943017,3.8504577,40.210575,0.6949973331850393
5900.0,-739.7932498153363,3.8503373,40.235508,0.6946397399015444
5900.0,-739.8020032912491,3.8499765,40.160633,0.6942821459836892
5900.0,-739.8031909808334,3.8499365,40.247974,0.6939245514917473
5900.0,-739.7946034101985,3.8496158,40.148167,0.6935669575539661
5900.0,-739.802288534425,3.8493752,40.148167,0.6932093634982345
5900.0,-739.7947690588386,3.8491349,40.173141,0.6928517694803841
5900.0,-739.8021914879945,3.8489745,40.235508,0.6924941754715612
5900.0,-739.7943555110359,3.8486137,40.198071,0.6921365816536069
5900.0,-739.8016211721057,3.8485336,40.235508,0.6917789879204546
5900.0,-739.8010082296288,3.8479323,40.223042,0.6914213944835766
5900.0,-739.7938003133071,3.8481328,40.235508,0.6910638009339879
5900.0,-739.8010797144925,3.8478522,40.185604,0.6907062074625567
5900.0,-739.7930614131882,3.8473711,40.247974,0.6903486142701296
5900.0,-739.8010746363127,3.8473711,40.185604,0.6899910208011532
5900.0,-739.7999979700992,3.8471708,40.160633,0.6896334278525986
5900.0,-739.7924580221951,3.8470504,40.223042,0.6892758349518321
5900.0,-739.8005406489884,3.8466096,40.272949,0.688918241740966
5900.0,-739.7929562619225,3.846329,40.210575,0.6885606485993657
5900.0,-739.8019820507036,3.8462489,40.185604,0.6882030546917776
5900.0,-739.7932056019228,3.8457677,40.260483,0.6878454614296539
5900.0,-739.800809376083,3.8458481,40.223042,0.6874878680888948
5900.0,-739.8001116061781,3.8452468,40.173141,0.6871302750854127
5900.0,-739.7936552818841,3.845407,40.160633,0.6867726816059276
5900.0,-739.8018748604986,3.8452067,40.235508,0.6864150877501514
5900.0,-739.7950841818424,3.8448057,40.235508,0.68605749357998
5900.0,-739.8027892694989,3.8444049,40.210575,0.685699899282211
5900.0,-739.8002429180187,3.8443248,40.210575,0.6853423062152575
5900.0,-739.7941314764488,3.8440442,40.223042,0.6849847125055947
5900.0,-739.799960579671,3.8441243,40.210575,0.6846271195751134
5900.0,-739.7941710760512,3.8438439,40.210575,0.6842695258463093
5900.0,-739.8009343643204,3.8437235,40.198071,0.6839119324451354
5900.0,-739.7924497702742,3.8433628,40.185604,0.6835543395483574
5900.0,-739.8020789506138,3.8430021,40.210575,0.6831967455939313
5900.0,-739.8012841956697,3.8428419,40.173141,0.6828391520236613
5900.0,-739.7953255258183,3.8426013,40.198071,0.6824815577368316
5900.0,-739.8015358815833,3.8423607,40.223042,0.6821239640449056
5900.0,-739.7943779838864,3.8420401,40.185604,0.6817663702160888
5900.0,-739.8001629249452,3.8417194,40.210575,0.681408777187801
5900.0,-739.80056025356,3.8418798,40.235508,0.6810511839674588
5900.0,-739.7934070900928,3.8415592,40.235508,0.680693590607942
5900.0,-739.8011224881126,3.8412385,40.210575,0.6803359971158357
5900.0,-739.7926233289919,3.8411982,40.198071,0.6799784041351649
5900.0,-739.8003275984147,3.8409178,40.223042,0.67962081102728
5900.0,-739.7936274867748,3.8405571,40.223042,0.6792632175612302
5900.0,-739.8032397848111,3.8406773,40.185604,0.6789056230456981
5900.0,-739.803774346041,3.8402364,40.198071,0.6785480282717782
5900.0,-739.7976538596748,3.8400359,40.223042,0.6781904328595036
5900.0,-739.8050212030558,3.8398354,40.247974,0.6778328374828975
5900.0,-739.7971487597516,3.8394747,40.198071,0.6774752423147727
5900.0,-739.8032741721852,3.8394346,40.198071,0.677117647782619
5900.0,-739.7955774045247,3.8392344,40.235508,0.6767600533740391
5900.0,-739.8036198406978,3.8387933,40.223042,0.6764024586748015
5900.0,-739.803835075776,3.8387933,40.185604,0.676044863871527
5900.0,-739.7961754243512,3.8383925,40.198071,0.6756872691738827
5900.0,-739.80330373779,3.8381119,40.223042,0.675329674627438
5900.0,-739.7961308568163,3.8380718,40.173141,0.6749720799513362
5900.0,-739.8015168140826,3.8377512,40.210575,0.6746144862686267
5900.0,-739.8029911016447,3.8375506,40.235508,0.6742568918732992
5900.0,-739.7941128851218,3.83723,40.148167,0.6738992981726228
5900.0,-739.803039722472,3.8371899,40.223042,0.6735417037537939
5900.0,-739.7934487770781,3.836709,40.247974,0.6731841103741268
5900.0,-739.8014240883665,3.8368292,40.210575,0.6728265167362376
5900.0,-739.7937785853292,3.8363883,40.223042,0.6724689231971515
5900.0,-739.7998829059579,3.8361478,40.297916,0.672111330304215
5900.0,-739.7991537886702,3.8360677,40.260483,0.6717537377637078
5900.0,-739.7929150878557,3.8358672,40.185604,0.6713961446420097
5900.0,-739.8009174698644,3.8354263,40.210575,0.6710385512490019
5900.0,-739.7948152134231,3.8351858,40.198071,0.6706809572088417
5900.0,-739.8018226382575,3.8351858,40.235508,0.6703233633783077
5900.0,-739.8029665412665,3.8346648,40.235508,0.6699657689948518
5900.0,-739.7945046187953,3.8345444,40.223042,0.6696081751048234
5900.0,-739.8020228593952,3.8344243,40.185604,0.6692505811775098
5900.0,-739.7953447030163,3.8342638,40.198071,0.6688929868814104
5900.0,-739.8021945886607,3.8339031,40.198071,0.668535392871089
5900.0,-739.7949073149896,3.8336225,40.223042,0.6681777987864096
5900.0,-739.801654155974,3.8336627,40.198071,0.667820205037314
5900.0,-739.801907697335,3.8332617,40.297916,0.6674626111656655
5900.0,-739.7936895349783,3.8331416,40.098263,0.6671050176696236
5900.0,-739.8008214369007,3.832901,40.235508,0.6667474243230347
5900.0,-739.7935421476907,3.8326604,40.235508,0.6663898308982352
5900.0,-739.8008295422819,3.8322597,40.285416,0.6660322375477284
5900.0,-739.8010478539813,3.8322997,40.198071,0.6656746440916975
5900.0,-739.7945956587134,3.8320994,40.247974,0.6653170501576633
5900.0,-739.8023472139998,3.831939,40.235508,0.6649594560735681
5900.0,-739.7941690247864,3.8316183,40.223042,0.6646018623457556
5900.0,-739.7999863125193,3.831378,40.260483,0.6642442694028361
5900.0,-739.7931663563396,3.8312576,40.247974,0.6638866761596824
5900.0,-739.8003878893047,3.8311775,40.235508,0.663529083022655
5900.0,-739.8007410898044,3.8306162,40.173141,0.6631714897149031
5900.0,-739.793471127659,3.8305762,40.160633,0.6628138963244324
5900.0,-739.8006577641081,3.8302555,40.247974,0.6624563030569572
5900.0,-739.7933093363955,3.8301754,40.185604,0.6620987097446915
5900.0,-739.8007352545685,3.8300953,40.185604,0.6617411164397601
5900.0,-739.8003683214655,3.8297346,40.247974,0.661383523312191
5900.0,-739.7939731150785,3.8295341,40.223042,0.6610259296790751
5900.0,-739.8006192384539,3.8292534,40.247974,0.6606683364302217
5900.0,-739.7924631855545,3.8291333,40.223042,0.6603107435269594
5900.0,-739.7995784246137,3.8288527,40.247974,0.6599531507811983
5900.0,-739.7937338342364,3.8287725,40.210575,0.6595955572637435
5900.0,-739.7994556942432,3.8283715,40.160633,0.6592379645773059
5900.0,-739.8007688851933,3.8281312,40.223042,0.6588803712561185
5900.0,-739.7936598841333,3.8280108,40.247974,0.6585227777744089
5900.0,-739.8001457984303,3.8278506,40.235508,0.6581651847543996
5900.0,-739.7925764785448,3.8278506,40.198071,0.6578075917963748
5900.0,-739.802449216544,3.8273695,40.185604,0.6574499976629753
5900.0,-739.803542813639,3.8270087,40.210575,0.6570924030009698
5900.0,-739.7969256039711,3.8268886,40.160633,0.6567348079407117
5900.0,-739.8027321889608,3.8267684,40.235508,0.6563772136705335
5900.0,-739.7950578393372,3.8265679,40.235508,0.6560196195130953
5900.0,-739.8026683951898,3.8263674,40.247974,0.6556620252737525
5900.0,-739.7947377964902,3.8260067,40.198071,0.6553044312710132
5900.0,-739.8024600807445,3.8258064,40.272949,0.6549468371323623
5900.0,-739.8027654048879,3.825726,40.260483,0.6545892428461285
5900.0,-739.7945697431799,3.8253253,40.210575,0.654231648924621
5900.0,-739.8024438086933,3.8252051,40.198071,0.6538740547938354
5900.0,-739.7959509992176,3.825125,40.272949,0.6535164602046714
5900.0,-739.8012597568461,3.8248043,40.260483,0.6531588666462141
5900.0,-739.8025652938451,3.8246038,40.260483,0.652801272456707
5900.0,-739.7949686796087,3.8243632,40.310383,0.6524436783423659
5900.0,-739.8018845525361,3.8243632,40.160633,0.6520860844819047
5900.0,-739.7948843295273,3.8240826,40.223042,0.6517284904083359
5900.0,-739.8024797098726,3.8236818,40.198071,0.651370896260197
5900.0,-739.7943725152111,3.8236017,40.260483,0.6510133024340233
5900.0,-739.8021251910986,3.8234012,40.198071,0.6506557084572462
5900.0,-739.8020578934235,3.8231206,40.260483,0.6502981145129982
5900.0,-739.7942982482301,3.8227599,40.297916,0.6499405207227231
5900.0,-739.8017485779295,3.8227999,40.235508,0.6495829269279872
5900.0,-739.7939081739448,3.8224392,40.260483,0.6492253333262619
5900.0,-739.8013994792846,3.8223991,40.260483,0.6488677397002679
5900.0,-739.7954308722037,3.8220785,40.210575,0.6485101453625172
5900.0,-739.8012057040208,3.8216777,40.235508,0.6481525518301872
5900.0,-739.8013572914391,3.821357,40.185604,0.6477949582245853
5900.0,-739.7941254828838,3.8216376,40.260483,0.6474373645178195
5900.0,-739.8019985424331,3.8211565,40.322849,0.6470797706022599
5900.0,-739.7934975316572,3.8210363,40.272949,0.6467221771990264
5900.0,-739.8005825806277,3.8207157,40.260483,0.6463645839678921
5900.0,-739.8013448033383,3.8205554,40.260483,0.6460069903683264
5900.0,-739.7924453635541,3.820395,40.235508,0.6456493974736787
5900.0,-739.8004990597075,3.820395,40.285416,0.6452918042829154
5900.0,-739.7928779662853,3.8201144,40.173141,0.6449342111791608
5900.0,-739.8006149293016,3.8196335,40.260483,0.6445766179323903
5900.0,-739.7928037601835,3.8195534,40.235508,0.6442190248645046
5900.0,-739.7989926546095,3.8193929,40.185604,0.6438614324018839
5900.0,-739.8006078005525,3.8191123,40.198071,0.6435038391585591
5900.0,-739.7949468410254,3.8190322,40.148167,0.6431462450547741
5900.0,-739.800965272756,3.8189521,40.210575,0.6427886516386602
5900.0,-739.7934110817101,3.8185914,40.173141,0.6424310582772139
5900.0,-739.8003598254315,3.8183508,40.210575,0.6420734651537515
5900.0,-739.8016231377504,3.8180301,40.272949,0.641715871419649
5900.0,-739.7952720593054,3.81791,40.210575,0.6413582771586636
5900.0,-739.802667479335,3.8177094,40.198071,0.6410006829197635
5900.0,-739.7939478592893,3.8175089,40.235508,0.6406430892988555
5900.0,-739.8014950361593,3.8173487,40.297916,0.6402854956266728
5900.0,-739.7940515209119,3.8171082,40.223042,0.6399279019556579
5900.0,-739.8008915540703,3.8170681,40.247974,0.6395703085751768
5900.0,-739.8008236950747,3.8165469,40.210575,0.6392127152274963
5900.0,-739.7937263391593,3.8165469,40.297916,0.6388551217136644
5900.0,-739.8010106343231,3.816066,40.272949,0.6384975282756243
5900.0,-739.7928933594686,3.8159859,40.235508,0.638139935164429
5900.0,-739.8006004150857,3.8158655,40.223042,0.6377823419246742
5900.0,-739.8008381845293,3.8155849,40.260483,0.6374247485699901
5900.0,-739.7927596200294,3.8153446,40.185604,0.6370671555234404
5900.0,-739.8002524026562,3.8151841,40.297916,0.6367095624519024
5900.0,-739.7912142902253,3.8150239,40.285416,0.6363519701523176
5900.0,-739.7987595237845,3.8147032,40.198071,0.6359943778023839
5900.0,-739.7935764372102,3.8145428,40.235508,0.6356367843610099
5900.0,-739.8013847330099,3.8144226,40.235508,0.6352791907421438
5900.0,-739.8017079037871,3.8139818,40.297916,0.6349215969670684
5900.0,-739.7931579946319,3.8139818,40.260483,0.6345640037279566
5900.0,-739.8008142346869,3.8138614,40.235508,0.634206410384849
5900.0,-739.7945942547102,3.8134606,40.310383,0.6338488164514935
5900.0,-739.8008404067893,3.8133404,40.173141,0.6334912230957351
5900.0,-739.8012235748018,3.8133001,40.123234,0.6331336295547672
5900.0,-739.7934134620286,3.8129795,40.185604,0.6327760361921704
5900.0,-739.800759290461,3.8128192,40.235508,0.6324184428756208
5900.0,-739.7943076229852,3.8125787,40.210575,0.6320608490808142
5900.0,-739.8018442570751,3.8120177,40.173141,0.6317032552398304
5900.0,-739.7949279325136,3.8121779,40.272949,0.6313456611451853
5900.0,-739.8008504407759,3.811697,40.223042,0.630988067784577
5900.0,-739.8013193641448,3.8116567,40.185604,0.6306304741973077
5900.0,-739.7950020532826,3.8114965,40.272949,0.6302728800668348
5900.0,-739.8039830506276,3.8113763,40.247974,0.6299152851920344
5900.0,-739.7950004909939,3.8110957,40.223042,0.6295576910623167
5900.0,-739.8031158091196,3.810735,40.247974,0.6292000966067101
5900.0,-739.8030158824175,3.8106146,40.285416,0.6288425021994044
5900.0,-739.7949731349297,3.8105345,40.247974,0.6284849080829098
5900.0,-739.8008257457462,3.8100936,40.247974,0.6281273147342381
5900.0,-739.7946247843618,3.8102138,40.185604,0.6277697207861255
5900.0,-739.8011387112555,3.8099332,40.247974,0.6274121272861773
5900.0,-739.794886526595,3.8096526,40.210575,0.6270545332115465
5900.0,-739.8025716050677,3.8094523,40.297916,0.6266969390189887
5900.0,-739.8008789809427,3.8091717,40.235508,0.626339345644585
5900.0,-739.7936753136394,3.8090916,40.247974,0.6259817521554173
5900.0,-739.8015111865535,3.8087308,40.223042,0.6256241584754281
5900.0,-739.7956244994087,3.8088109,40.297916,0.6252665640440838
5900.0,-739.8017211120069,3.8085704,40.272949,0.624908970262624
5900.0,-739.7944254079264,3.8080895,40.235508,0.6245513764108838
5900.0,-739.8014529465398,3.8079691,40.198071,0.6241937827590456
5900.0,-739.8012708164753,3.8078489,40.260483,0.6238361891952426
5900.0,-739.7942741513933,3.8075683,40.235508,0.6234785954166151
5900.0,-739.8015757863913,3.8074081,40.235508,0.6231210017054004
5900.0,-739.7952718028973,3.8070471,40.260483,0.622763407444539
5900.0,-739.8030408459315,3.8068469,40.198071,0.6224058130251667
5900.0,-739.802562290791,3.8068068,40.285416,0.6220482188371111
5900.0,-739.7934207861327,3.8064461,40.272949,0.6216906254709742
5900.0,-739.8002572734359,3.8063657,40.198071,0.6213330323970818
5900.0,-739.7937002406818,3.8062856,40.235508,0.620975438895865
5900.0,-739.8010924584923,3.8061254,40.272949,0.6206178454182739
5900.0,-739.7929388427468,3.8059249,40.297916,0.6202602522850935
5900.0,-739.8000791474095,3.8055642,40.272949,0.6199026592973008
5900.0,-739.8008611950861,3.8052034,40.247974,0.6195450659314943
5900.0,-739.7931962879444,3.8049629,40.223042,0.6191874726738728
5900.0,-739.802919726569,3.8048828,40.247974,0.6188298783130454
5900.0,-739.7956731686548,3.8047223,40.297916,0.6184722838581759
5900.0,-739.8029511234741,3.8044016,40.223042,0.6181146894821725
5900.0,-739.8027106802381,3.8044016,40.223042,0.6177570952223906
5900.0,-739.7959011826833,3.8042014,40.210575,0.6173995006573064
5900.0,-739.8034297880956,3.8038406,40.322849,0.6170419060499334
5900.0,-739.7955936032552,3.8036401,40.247974,0.6166843116335234
5900.0,-739.803406899912,3.80356,40.310383,0.6163267170372139
5900.0,-739.795171608207,3.8031993,40.297916,0.6159691228247833
5900.0,-739.8034653963365,3.8029988,40.247974,0.6156115282001987
5900.0,-739.8040857732907,3.8029587,40.310383,0.615253933275746
5900.0,-739.7961016818507,3.8025179,40.235508,0.6148963386137465
5900.0,-739.8028093013535,3.8026781,40.285416,0.6145387443062947
5900.0,-739.7956151243467,3.8022373,40.210575,0.6141811498794821
5900.0,-739.8024634132648,3.8021972,40.210575,0.6138235557392204
5900.0,-739.8013243934162,3.8018765,40.260483,0.6134659621495202
5900.0,-739.793532480307,3.8018365,40.297916,0.6131083687293937
5900.0,-739.8025150369416,3.801636,40.260483,0.6127507745641788
5900.0,-739.7941760561596,3.8015158,40.235508,0.6123931808329676
5900.0,-739.8015579641093,3.8012753,40.272949,0.6120355871303677
5900.0,-739.7949097933283,3.8010747,40.260483,0.6116779930444904
5900.0,-739.8026736806673,3.8009546,40.223042,0.6113203988025928
5900.0,-739.8028432610353,3.8004735,40.223042,0.6109628044787263
5900.0,-739.7956018919081,3.8001931,40.247974,0.6106052100583098
5900.0,-739.8046036231128,3.8000727,40.260483,0.610247614883547
5900.0,-739.7958754744454,3.7998724,40.285416,0.6098900203308891
5900.0,-739.8030585094149,3.7996719,40.260483,0.6095324259029791
5900.0,-739.8042419748735,3.7997119,40.272949,0.609174830903024
5900.0,-739.7972481124697,3.7991908,40.247974,0.6088172356868753
5900.0,-739.8044012047832,3.7991908,40.347824,0.6084596406099542
5900.0,-739.7961179904703,3.7989104,40.310383,0.6081020459400716
5900.0,-739.8049043446538,3.7988701,40.247974,0.6077444506199506
5900.0,-739.7964997878693,3.79883,40.272949,0.6073868557655189
5900.0,-739.8057434727663,3.7984293,40.272949,0.6070292600397933
5900.0,-739.804732786056,3.798229,40.285416,0.6066716648025976
5900.0,-739.797076884958,3.7979484,40.272949,0.606314069669215
5900.0,-739.8043933920335,3.7975473,40.260483,0.6059564745960704
5900.0,-739.79688615099,3.7974272,40.247974,0.6055988795548827
5900.0,-739.8037310226625,3.7973871,40.260483,0.6052412848019036
5900.0,-739.8033313747895,3.7970264,40.260483,0.6048836902421002
5900.0,-739.7953111460915,3.7968259,40.235508,0.6045260959622213
5900.0,-739.8031585586948,3.7965856,40.310383,0.6041685014859511
5900.0,-739.7963279382661,3.7965052,40.260483,0.6038109067145861
5900.0,-739.8033179712432,3.7964251,40.285416,0.6034533121612616
5900.0,-739.7959396588376,3.7959843,40.223042,0.6030957175775791
5900.0,-739.8026777454827,3.7959843,40.285416,0.6027381233337167
5900.0,-739.8010735253362,3.7957437,40.223042,0.6023805298652772
5900.0,-739.7944731617362,3.795423,40.272949,0.6020229359904542
5900.0,-739.8025948348935,3.7951825,40.297916,0.601665341786668
5900.0,-739.795050393168,3.7952225,40.260483,0.601307747632829
5900.0,-739.8025708720564,3.7950222,40.223042,0.6009501534406255
5900.0,-739.8028778079241,3.7947016,40.285416,0.6005925591000602
5900.0,-739.7934426611412,3.794421,40.210575,0.6002349657233494
5900.0,-739.8001806131896,3.794461,40.285416,0.5998773726865119
5900.0,-739.7921413607427,3.7941403,40.285416,0.5995197799388097
5900.0,-739.7995242615913,3.7941804,40.285416,0.5991621872192291
5900.0,-739.7921355504286,3.7936594,40.260483,0.5988045944743354
5900.0,-739.8003607776094,3.7935791,40.223042,0.5984470013504127
5900.0,-739.8003959825099,3.7932987,40.297916,0.5980894082094733
5900.0,-739.7938256428672,3.7932987,40.260483,0.597731814647641
5900.0,-739.8002959577865,3.7930181,40.223042,0.59737422155505
5900.0,-739.7922950710582,3.7928176,40.310383,0.597016628733049
5900.0,-739.8012825964282,3.792577,40.297916,0.596659035163552
5900.0,-739.7937576621822,3.7921762,40.322849,0.5963014416345795
5900.0,-739.8014723434044,3.792016,40.272949,0.5959438479733655
5900.0,-739.8021916345149,3.7918956,40.272949,0.5955862539644718
5900.0,-739.7926729872406,3.7917755,40.310383,0.5952286609597979
5900.0,-739.8001905251099,3.7912943,40.310383,0.5948710679181692
5900.0,-739.792869055234,3.7913346,40.247974,0.594513474818722
5900.0,-739.8010285423481,3.7911341,40.223042,0.5941558813720257
5900.0,-739.8009894307147,3.7908134,40.285416,0.5937982879442345
5900.0,-739.7925098283989,3.7909336,40.285416,0.5934406950184264
5900.0,-739.7993001149629,3.7905328,40.297916,0.5930831024071902
5900.0,-739.7932529524986,3.7904527,40.310383,0.5927255091221788
5900.0,-739.8008387709178,3.7900519,40.235508,0.5923679157672114
5900.0,-739.7925335342799,3.7900116,40.247974,0.5920103228299445
5900.0,-739.801078286328,3.7894506,40.223042,0.5916527293592038
5900.0,-739.8024653300013,3.7894907,40.285416,0.5912951352180155
5900.0,-739.7952845713252,3.7892902,40.247974,0.590937540950982
5900.0,-739.803838140119,3.7890096,40.235508,0.5905799461462263
5900.0,-739.7955951902023,3.7890096,40.272949,0.5902223517290494
5900.0,-739.802366318233,3.7885687,40.335316,0.5898647576357199
5900.0,-739.8043118361439,3.7884886,40.310383,0.5895071626019963
5900.0,-739.7968080630577,3.7884886,40.247974,0.589149567598554
5900.0,-739.8043543782168,3.7880878,40.285416,0.5887919725442672
5900.0,-739.7950120266984,3.7880075,40.347824,0.5884343784089735
5900.0,-739.8047369728351,3.7878473,40.335316,0.588076783169754
5900.0,-739.7961575043305,3.7876868,40.185604,0.5877191884807715
5900.0,-739.8030595959372,3.7874866,40.347824,0.5873615940523365
5900.0,-739.8030493784933,3.7871659,40.247974,0.58700399962884
5900.0,-739.7957876574319,3.7869654,40.285416,0.5866464051186302
5900.0,-739.8018494940536,3.7868052,40.260483,0.5862888112751151
5900.0,-739.7965718336357,3.7863641,40.272949,0.5859312163858587
5900.0,-739.8042550249087,3.7864444,40.322849,0.5855736213795958
5900.0,-739.8033497704656,3.7862439,40.310383,0.5852160268109006
5900.0,-739.7967707949683,3.7859232,40.260483,0.5848584318254724
5900.0,-739.8052363412381,3.7858031,40.235508,0.584500836344876
5900.0,-739.7966197947411,3.7854424,40.335316,0.5841432414324367
5900.0,-739.8068838351387,3.7855225,40.297916,0.5837856451555006
5900.0,-739.7982218992956,3.7852018,40.335316,0.5834280494686532
5900.0,-739.8055628075987,3.7849612,40.247974,0.5830704538302547
5900.0,-739.8037752737647,3.7847207,40.272949,0.5827128590558864
5900.0,-739.7974360506071,3.7847207,40.310383,0.5823552637488941
5900.0,-739.8050815548254,3.7845204,40.310383,0.5819976683431162
5900.0,-739.797390836322,3.7841196,40.285416,0.581640073057979
5900.0,-739.802960681781,3.7839992,40.310383,0.5812824786773554
5900.0,-739.8038398001377,3.7839992,40.235508,0.5809248838717973
5900.0,-739.7966284862188,3.7836385,40.310383,0.5805672889551567
5900.0,-739.8046687110109,3.7833579,40.310383,0.5802096937489326
5900.0,-739.7973673132828,3.783438,40.335316,0.579852098475166
5900.0,-739.806429365106,3.7831173,40.322849,0.5794945024179043
5900.0,-739.7972027511541,3.782917,40.260483,0.5791369072236819
5900.0,-739.8036508952445,3.7828369,40.322849,0.5787793125094337
5900.0,-739.8043311239368,3.7823958,40.322849,0.5784217174663872
5900.0,-739.7967241888559,3.7824359,40.322849,0.5780641225034869
5900.0,-739.8033803616108,3.7821152,40.247974,0.5777065279200051
5900.0,-739.796711383696,3.7819951,40.235508,0.5773489329632945
5900.0,-739.8048705063219,3.7816744,40.272949,0.5769913376595296
5900.0,-739.8035401161085,3.7812335,40.372757,0.5766337429988282
5900.0,-739.7954135994446,3.7814338,40.297916,0.5762761486694266
5900.0,-739.8034950348946,3.7813537,40.297916,0.5759185540305157
5900.0,-739.7970429986726,3.7809129,40.347824,0.5755609589135127
5900.0,-739.8030396003035,3.7807124,40.347824,0.5752033644947426
5900.0,-739.7959339094025,3.7805121,40.347824,0.5748457699138392
5900.0,-739.8035621497262,3.7804317,40.310383,0.5744881752424873
5900.0,-739.8028832522003,3.7802315,40.272949,0.5741305808992903
5900.0,-739.7948952543953,3.7799909,40.322849,0.5737729868204408
5900.0,-739.8038102590893,3.7797904,40.297916,0.5734153920291617
5900.0,-739.7961359836482,3.7797904,40.347824,0.5730577973505818
5900.0,-739.8030901136176,3.7792294,40.310383,0.5727002029073954
5900.0,-739.804297700712,3.7793095,40.210575,0.5723426078805045
5900.0,-739.7951551040584,3.7788687,40.235508,0.5719850136760516
5900.0,-739.8033333277467,3.7788687,40.272949,0.5716274191153041
5900.0,-739.7959302351746,3.7786281,40.310383,0.5712698245361768
5900.0,-739.8047580913144,3.7786682,40.310383,0.5709122292867495
5900.0,-739.7962847863986,3.7780669,40.335316,0.5705546345362428
5900.0,-739.8043442585895,3.778147,40.272949,0.5701970394868475
5900.0,-739.8042826616012,3.7776661,40.297916,0.5698394444672259
5900.0,-739.7965660350881,3.7775459,40.297916,0.5694818495807724
5900.0,-739.8036234296288,3.7774656,40.297916,0.5691242548798001
5900.0,-739.7974621738455,3.7770247,40.322849,0.5687666595601806
5900.0,-739.8045737519843,3.7769847,40.297916,0.5684090643998563
5900.0,-739.796545234313,3.7768242,40.322849,0.5680514695234572
5900.0,-739.8038154593354,3.776624,40.247974,0.5676938747296646
5900.0,-739.8053438976418,3.7765036,40.335316,0.5673362791970794
5900.0,-739.7973081219934,3.7762229,40.347824,0.5669786839519239
5900.0,-739.8050593747896,3.7762632,40.310383,0.5666210885568668
5900.0,-739.7968810361292,3.7759426,40.322849,0.5662634935181515
5900.0,-739.8046810768408,3.7758222,40.360291,0.5659058983059502
5900.0,-739.8057662022535,3.7753413,40.347824,0.5655483025692379
5900.0,-739.7963229331922,3.7754614,40.347824,0.5651907078002925
5900.0,-739.8040177433206,3.7750607,40.360291,0.5648331129087228
5900.0,-739.7982698359472,3.7750607,40.335316,0.5644755171987045
5900.0,-739.8040571476879,3.7745795,40.285416,0.5641179222880883
5900.0,-739.7972759683556,3.7743793,40.285416,0.5637603270584748
5900.0,-739.8027270254471,3.7744594,40.297916,0.5634027327907923
5900.0,-739.8039398132992,3.7741387,40.385223,0.5630451379368914
5900.0,-739.7962829432479,3.7736979,40.322849,0.5626875431872757
5900.0,-739.8054703390095,3.7736177,40.347824,0.5623299475935734
5900.0,-739.7965257890427,3.773778,40.297916,0.5619723527265734
5900.0,-739.8029666750994,3.7732568,40.260483,0.5616147583430529
5900.0,-739.8054219619054,3.7731767,40.335316,0.5612571627727341
5900.0,-739.7987315651453,3.7730165,40.335316,0.56089956683953
5900.0,-739.8062112608067,3.772856,40.272949,0.5605419708876923
5900.0,-739.7980934938817,3.7728159,40.310383,0.5601843752629122
5900.0,-739.8056440824188,3.7725353,40.322849,0.5598267795852284
5900.0,-739.7966905221442,3.7722147,40.347824,0.5594691846386015
5900.0,-739.8053017831589,3.771894,40.397728,0.559111589126373
5900.0,-739.8041653390815,3.7718139,40.322849,0.558753994163461
5900.0,-739.7985433212828,3.7717338,40.297916,0.5583963983212482
5900.0,-739.8061719294949,3.7715333,40.272949,0.5580388023884219
5900.0,-739.7982553095992,3.771373,40.310383,0.557681206685425
5900.0,-739.8058885662207,3.770932,40.297916,0.5573236108895664
5900.0,-739.8058084754327,3.7708118,40.385223,0.5569660151324207
5900.0,-739.7991378009175,3.770932,40.322849,0.5566084190028547
5900.0,-739.8063511054137,3.7705712,40.297916,0.5562508229834213
5900.0,-739.796749176675,3.7702105,40.347824,0.5558932280084428
5900.0,-739.8050345328303,3.7702105,40.360291,0.5555356326253934
5900.0,-739.7963969687305,3.7697697,40.335316,0.5551780378206613
5900.0,-739.8039258113931,3.7695692,40.335316,0.5548204429735285
5900.0,-739.8043410235789,3.7695291,40.360291,0.5544628479256968
5900.0,-739.797074578206,3.7692485,40.347824,0.5541052527934291
5900.0,-739.8050519770446,3.769489,40.360291,0.5537476574019479
5900.0,-739.7971474046562,3.7689679,40.347824,0.5533900622344782
5900.0,-739.8051614504916,3.7686875,40.347824,0.5530324667900814
5900.0,-739.803841936757,3.7685671,40.335316,0.5526748719834905
5900.0,-739.7976272604545,3.7684469,40.310383,0.5523172765840734
5900.0,-739.8042603594992,3.7682464,40.360291,0.5519596815752318
5900.0,-739.7979190074497,3.7677655,40.260483,0.5516020860347931
5900.0,-739.8050177729234,3.7677255,40.360291,0.5512444906598449
5900.0,-739.796798077773,3.7678456,40.347824,0.5508868956612291
5900.0,-739.8043991656737,3.7674048,40.347824,0.5505293005852936
5900.0,-739.8035163244507,3.7672443,40.310383,0.5501717059360921
5900.0,-739.7961288180342,3.7670841,40.335316,0.5498141112609758
5900.0,-739.8055697899297,3.7668436,40.335316,0.5494565156192023
5900.0,-739.799072456959,3.766643,40.322849,0.5490989195212216
5900.0,-739.8061464049675,3.7664828,40.372757,0.5487413236007329
5900.0,-739.8057770051652,3.7664428,40.385223,0.548383727858799
5900.0,-739.7988048921337,3.7662423,40.347824,0.5480261318901508
5900.0,-739.8060893362983,3.7658014,40.310383,0.5476685359972471
5900.0,-739.7991914380962,3.7657614,40.322849,0.5473109398417545
5900.0,-739.807263830248,3.765641,40.347824,0.5469533433811423
5900.0,-739.7982910148883,3.7652402,40.347824,0.5465957476608867
5900.0,-739.8048872179344,3.7653203,40.410194,0.5462381523490442
5900.0,-739.8044070278432,3.7651601,40.310383,0.5458805572693084
5900.0,-739.7974831208325,3.764719,40.322849,0.5455229619395637
5900.0,-739.8046242036003,3.764719,40.335316,0.5451653667548529
5900.0,-739.7976887112252,3.7641981,40.372757,0.5448077713257323
5900.0,-739.8052599128084,3.7642381,40.335316,0.5444501758337424
5900.0,-739.7979033338136,3.764118,40.322849,0.5440925803008798
5900.0,-739.804626279033,3.7638774,40.385223,0.5437349851151658
5900.0,-739.8047644633143,3.7635167,40.347824,0.5433773898626585
5900.0,-739.7978707777603,3.7632761,40.360291,0.5430197943455325
5900.0,-739.8068889377727,3.7633162,40.310383,0.5426621980661299
5900.0,-739.7983030022231,3.7630355,40.372757,0.5423046023400799
5900.0,-739.8047373148867,3.7627549,40.360291,0.5419470071006952
5900.0,-739.8040331000286,3.7625546,40.347824,0.5415894122017029
5900.0,-739.7969840016846,3.7626748,40.397728,0.5412318171132171
5900.0,-739.8037973317344,3.7621136,40.347824,0.5408742223281867
5900.0,-739.796784845846,3.7620335,40.335316,0.5405166273359667
5900.0,-739.8037047891688,3.7619534,40.322849,0.5401590325956681
5900.0,-739.7964797202004,3.7617128,40.372757,0.5398014377509366
5900.0,-739.8028928589039,3.7615526,40.322849,0.539443843403096
5900.0,-739.8034162506142,3.7615125,40.422661,0.5390862488022667
5900.0,-739.7967182073643,3.7612319,40.435165,0.5387286538422578
5900.0,-739.8023754123199,3.7610314,40.385223,0.5383710597445325
5900.0,-739.7950454002699,3.7610714,40.310383,0.538013465593107
5900.0,-739.8018182073457,3.7605505,40.322849,0.5376558717647149
5900.0,-739.802355075044,3.76035,40.385223,0.5372982776768199
5900.0,-739.7946877486156,3.7601898,40.360291,0.5369406836982722
5900.0,-739.8032879292425,3.7601094,40.335316,0.5365830891594688
5900.0,-739.796511372584,3.7597888,40.322849,0.5362254942994374
5900.0,-739.8038308404977,3.7596686,40.360291,0.5358678994982101
5900.0,-739.7952718882302,3.7593479,40.385223,0.5355103052373072
5900.0,-739.8037650683945,3.7592278,40.360291,0.5351527104678718
5900.0,-739.8042071116153,3.7591074,40.360291,0.5347951154847684
5900.0,-739.7961227999128,3.7590673,40.360291,0.5344375208125611
5900.0,-739.8048788443758,3.7586265,40.297916,0.534079925504766
5900.0,-739.7965383864978,3.7586265,40.322849,0.533722330631677
5900.0,-739.8037587938019,3.758466,40.347824,0.5333647358652744
5900.0,-739.8044476281116,3.7583058,40.347824,0.5330071407659139
5900.0,-739.7972794842981,3.7578247,40.372757,0.5326495455346011
5900.0,-739.805430873251,3.7577446,40.310383,0.5322919499599749
5900.0,-739.7985732158485,3.7575443,40.372757,0.5319343541033119
5900.0,-739.8049271353276,3.7573838,40.347824,0.5315767587721748
5900.0,-739.7975051422574,3.7572637,40.385223,0.5312191634317858
5900.0,-739.8048269513962,3.7570632,40.410194,0.5308615681490739
5900.0,-739.8038797296045,3.7565823,40.360291,0.5305039733242153
5900.0,-739.7973855386196,3.7568226,40.347824,0.530146378041639
5900.0,-739.8041256536446,3.7563818,40.397728,0.5297887830979094
5900.0,-739.797421548713,3.7564218,40.422661,0.529431187797927
5900.0,-739.8034601964997,3.7561812,40.372757,0.5290735931758557
5900.0,-739.8045934054643,3.755981,40.310383,0.5287159980060316
5900.0,-739.7972443154605,3.7557404,40.385223,0.5283584027917182
5900.0,-739.8054580953482,3.7553396,40.397728,0.5280008072039339
5900.0,-739.795893834023,3.7553797,40.422661,0.5276432126424017
5900.0,-739.8030603032664,3.755059,40.410194,0.5272856182136245
5900.0,-739.7950788968272,3.7548585,40.385223,0.5269280240460078
5900.0,-739.8029942145891,3.7548585,40.397728,0.5265704296491757
5900.0,-739.8032770280026,3.7546582,40.372757,0.5262128351156415
5900.0,-739.7955250129614,3.754097,40.335316,0.525855240732386
5900.0,-739.8034713408489,3.754097,40.385223,0.525497646104928
5900.0,-739.7955066897067,3.7538164,40.385223,0.5251400517305294
5900.0,-739.8031180310727,3.7536962,40.385223,0.5247824572738488
5900.0,-739.8031420303352,3.7536962,40.385223,0.5244248628055677
5900.0,-739.79489839166,3.7534156,40.360291,0.5240672687252016
5900.0,-739.8025031230535,3.7532954,40.447632,0.5237096745657456
5900.0,-739.7952524914584,3.7530148,40.385223,0.5233520803142185
5900.0,-739.8028797610859,3.7529345,40.397728,0.5229944859727091
5900.0,-739.7941278382368,3.7524536,40.347824,0.5226368922648048
5900.0,-739.8026220204629,3.7525737,40.397728,0.522279298047878
5900.0,-739.8024073582671,3.752213,40.385223,0.5219217039347113
5900.0,-739.7941088812263,3.7520127,40.347824,0.5215641102359703
5900.0,-739.8030571911406,3.7520127,40.410194,0.5212065158086974
5900.0,-739.7951928238803,3.7515316,40.347824,0.5208489215860119
5900.0,-739.8034449370967,3.7515316,40.310383,0.5204913269713165
5900.0,-739.8033338893741,3.7514915,40.410194,0.5201337324102976
5900.0,-739.7961751190353,3.7512109,40.410194,0.5197761377128008
5900.0,-739.8041754830606,3.7510107,40.385223,0.5194185427449856
5900.0,-739.7962730558812,3.7508903,40.385223,0.5190609480001491
5900.0,-739.8031561783523,3.7503693,40.397728,0.5187033535250295
5900.0,-739.7954554205684,3.7502489,40.460098,0.5183457591754128
5900.0,-739.8035841224644,3.7502089,40.372757,0.5179881644934401
5900.0,-739.8042244214851,3.7500887,40.360291,0.5176305695019697
5900.0,-739.7984440782492,3.7500486,40.322849,0.517272973707728
5900.0,-739.8052348883125,3.749728,40.447632,0.516915378227834
5900.0,-739.7984760850611,3.7495275,40.422661,0.5165577824181211
5900.0,-739.8042489697898,3.7492068,40.410194,0.5162001874147849
5900.0,-739.7963239712051,3.7490065,40.335316,0.5158425926453376
5900.0,-739.8042488480305,3.7489262,40.422661,0.5154849976420603
5900.0,-739.8035235628854,3.7487259,40.272949,0.51512740298936
5900.0,-739.7984144644431,3.7484052,40.485069,0.5147698072094327
5900.0,-739.8050748284959,3.7485654,40.410194,0.5144122118069058
5900.0,-739.7979966686149,3.7482448,40.435165,0.5140546162289281
5900.0,-739.804426558643,3.7480445,40.435165,0.5136970211397518
5900.0,-739.8042193188511,3.747844,40.397728,0.5133394261507479
5900.0,-739.7965129716047,3.747844,40.485069,0.5129818312899436
5900.0,-739.804301411607,3.7473631,40.422661,0.512624236261259
5900.0,-739.7969136779246,3.7472427,40.422661,0.5122666412067656
5900.0,-739.8054803116048,3.7471225,40.435165,0.5119090456082427
5900.0,-739.7970450128985,3.746882,40.397728,0.511551450490266
5900.0,-739.8043762775924,3.7467618,40.472565,0.5111938554253938
5900.0,-739.8059734664996,3.7463207,40.410194,0.5108362595884974
5900.0,-739.7984905505301,3.7462807,40.385223,0.5104786637717923
5900.0,-739.8065175001909,3.7460804,40.385223,0.5101210676719294
5900.0,-739.7990264976991,3.7461605,40.335316,0.5097634715961641
5900.0,-739.8057019073256,3.7457998,40.385223,0.5094058758905297
5900.0,-739.8044449672112,3.7456393,40.435165,0.5090482807924553
5900.0,-739.796889434569,3.7453587,40.347824,0.5086906857496805
5900.0,-739.8039296322806,3.7451584,40.360291,0.5083330909007007
5900.0,-739.7968861630635,3.7451184,40.397728,0.5079754958595072
5900.0,-739.8058510540333,3.7447577,40.435165,0.5076179000817806
5900.0,-739.7977777118497,3.7445571,40.460098,0.5072603046096398
5900.0,-739.8060216356921,3.7442765,40.385223,0.5069027087494602
5900.0,-739.8042322218542,3.7442765,40.497536,0.5065451137542194
5900.0,-739.797711903983,3.7439959,40.397728,0.5061875183138881
5900.0,-739.8040602603253,3.7437556,40.435165,0.5058299234017674
5900.0,-739.7960406474107,3.7436752,40.435165,0.5054723287692701
5900.0,-739.8049079456584,3.7433145,40.372757,0.5051147334474084
5900.0,-739.8047399633041,3.7432344,40.410194,0.5047571382067436
5900.0,-739.7974759313784,3.7428737,40.485069,0.5043995428804742
5900.0,-739.8055636618576,3.7429538,40.485069,0.5040419472416627
5900.0,-739.798488511748,3.7427533,40.422661,0.5036843514259431
5900.0,-739.806196099732,3.742553,40.422661,0.5033267554814338
5900.0,-739.7985546738386,3.7423525,40.397728,0.5029691596337335
5900.0,-739.8050161978292,3.7421923,40.397728,0.5026115642595467
5900.0,-739.8045565766636,3.7421122,40.472565,0.5022539691075244
5900.0,-739.7971104417805,3.7416711,40.472565,0.5018963739579214
5900.0,-739.8041511058328,3.7418716,40.510002,0.5015387790018891
5900.0,-739.795527697982,3.7414708,40.447632,0.5011811846173359
5900.0,-739.8040761903251,3.7412302,40.385223,0.5008235896975151
5900.0,-739.8040917546379,3.7412703,40.447632,0.5004659947701712
5900.0,-739.7959956036892,3.7410297,40.472565,0.5001084001594466
5900.0,-739.8031197887035,3.7405889,40.435165,0.4997508057019164
5900.0,-739.7963836999692,3.7407091,40.472565,0.499393210903598
5900.0,-739.8035576698039,3.7405889,40.534973,0.4990356162344116
5900.0,-739.7973248331308,3.7401881,40.472565,0.4986780209811784
5900.0,-739.8045335903563,3.7399075,40.472565,0.4983204258402668
5900.0,-739.8061806088841,3.7398274,40.472565,0.4979628299032452
5900.0,-739.798334520775,3.7395868,40.435165,0.4976052341619602
5900.0,-739.8046196751789,3.7395868,40.485069,0.4972476389794382
5900.0,-739.7977935686345,3.7393062,40.485069,0.4968900434996328
5900.0,-739.8049994865238,3.7391458,40.460098,0.4965324481335236
5900.0,-739.805645657206,3.7388654,40.435165,0.4961748524550786
5900.0,-739.797332059624,3.7385848,40.435165,0.4958172571983523
5900.0,-739.8054543234713,3.7385848,40.397728,0.4954596616123912
5900.0,-739.7986789402977,3.7383041,40.435165,0.4951020657046243
5900.0,-739.8047435158097,3.7385447,40.435165,0.4947444704622422
5900.0,-739.7970646785611,3.7379434,40.410194,0.4943868753347598
5900.0,-739.8053960582871,3.7380235,40.447632,0.494029279776962
5900.0,-739.8042777907191,3.7377028,40.460098,0.4936716847596948
5900.0,-739.7970781914524,3.7373421,40.472565,0.4933140896256806
5900.0,-739.8044495811711,3.7373822,40.435165,0.4929564945253761
5900.0,-739.7978315325863,3.7369814,40.447632,0.49259889902722
5900.0,-739.8044404870842,3.7369013,40.460098,0.4922413039313112
5900.0,-739.8041540716429,3.7366207,40.485069,0.4918837089738455
5900.0,-739.7984425404145,3.7366607,40.472565,0.491526113180347
5900.0,-739.8053756117349,3.7361395,40.410194,0.4911685176324323
5900.0,-739.7984046984252,3.7359793,40.422661,0.4908109218572256
5900.0,-739.8039243102753,3.7360995,40.510002,0.4904533270108182
5900.0,-739.7974357211441,3.7357788,40.472565,0.4900957317039852
5900.0,-739.8050264767668,3.7356987,40.460098,0.4897381363248299
5900.0,-739.8046376681285,3.735338,40.460098,0.4893805411336109
5900.0,-739.7968783631821,3.7354982,40.510002,0.4890229460961875
5900.0,-739.8071233143279,3.7350974,40.497536,0.4886653497034957
5900.0,-739.7980375126049,3.7351375,40.422661,0.4883077541057752
5900.0,-739.8056057764428,3.7348568,40.522469,0.4879501584466071
5900.0,-739.7976353294314,3.7342558,40.460098,0.4875925630432896
5900.0,-739.8048543324967,3.734376,40.460098,0.4872349677473427
5900.0,-739.8042338816683,3.7341354,40.435165,0.4868773727512996
5900.0,-739.7971280443095,3.7338147,40.422661,0.4865197775931881
5900.0,-739.8046235205206,3.7336545,40.460098,0.4861621824088075
5900.0,-739.7973743569343,3.7336144,40.584877,0.485804587131636
5900.0,-739.805638796532,3.7333338,40.472565,0.4854469914565072
5900.0,-739.805332190949,3.7333338,40.397728,0.4850893959295806
5900.0,-739.7965311970437,3.7328928,40.435165,0.4847318010599666
5900.0,-739.8040531923535,3.732933,40.472565,0.4843742061512623
5900.0,-739.7979557751032,3.7326524,40.534973,0.4840166105930513
5900.0,-739.8054059829973,3.732492,40.447632,0.4836590150304562
5900.0,-739.7970579399188,3.7324119,40.534973,0.483301419906231
5900.0,-739.8050069692956,3.7320511,40.497536,0.4829438245365049
5900.0,-739.8065643392401,3.7318506,40.472565,0.4825862284140017
5900.0,-739.798581675065,3.7317705,40.472565,0.4822286325532499
5900.0,-739.8063809030774,3.7317305,40.497536,0.4818710365194131
5900.0,-739.7989310754123,3.7313297,40.510002,0.4815134404897719
5900.0,-739.8056233181669,3.730969,40.435165,0.4811558448221247
5900.0,-739.8059041549876,3.7309287,40.497536,0.4807982490187311
5900.0,-739.7987837612818,3.730969,40.460098,0.480440653060297
5900.0,-739.8049830930203,3.7304478,40.397728,0.4800830577021118
5900.0,-739.7967379094521,3.7305679,40.485069,0.4797254627325795
5900.0,-739.8046408299812,3.7302473,40.422661,0.4793678675398321
5900.0,-739.7955845211286,3.7302072,40.472565,0.4790102731278122
5900.0,-739.8043553427752,3.7301271,40.54744,0.4786526780730591
5900.0,-739.8049213612783,3.7297263,40.472565,0.4782950827447129
5900.0,-739.7963009120742,3.7294457,40.460098,0.4779374879864117
5900.0,-739.8032226826482,3.7294056,40.485069,0.4775798934791462
5900.0,-739.7959210918622,3.7294457,40.485069,0.4772222989044383
5900.0,-739.8021259728135,3.729085,40.447632,0.4768647049272833
5900.0,-739.8026699203525,3.7289646,40.460098,0.4765071106872033
5900.0,-739.7958470936697,3.7286439,40.460098,0.4761495161482639
5900.0,-739.8032874780171,3.7286842,40.447632,0.4757919216096786
5900.0,-739.7966645452201,3.7285237,40.559906,0.4754343266756083
5900.0,-739.8044892059328,3.7280428,40.485069,0.4750767315561506
5900.0,-739.7960647679852,3.7281229,40.447632,0.4747191369119942
5900.0,-739.80294849859,3.7279224,40.460098,0.4743615425372594
5900.0,-739.8037215747577,3.7276821,40.460098,0.4740039477888472
5900.0,-739.7952143447671,3.7275617,40.435165,0.4736463535557592
5900.0,-739.8059450360184,3.7274015,40.485069,0.4732887577326051
5900.0,-739.7967438180934,3.727201,40.472565,0.4729311627602167
5900.0,-739.8040505801569,3.7268002,40.472565,0.4725735678527751
5900.0,-739.8055346944079,3.7265596,40.54744,0.4722159722279654
5900.0,-739.7973254069284,3.7266798,40.510002,0.471858376974455
5900.0,-739.8059331586581,3.7265997,40.447632,0.4715007811570419
5900.0,-739.7971335256723,3.7261989,40.410194,0.4711431859962809
5900.0,-739.8044233476772,3.7261188,40.472565,0.4707855909086567
5900.0,-739.7970589411996,3.7259583,40.497536,0.4704279957839475
5900.0,-739.8049412831401,3.7255976,40.497536,0.4700704004459718
5900.0,-739.8048671984603,3.7255976,40.472565,0.469712805143806
5900.0,-739.7962110444097,3.7253973,40.597343,0.469355210428944
5900.0,-739.8043997883852,3.7251968,40.522469,0.4689976153527075
5900.0,-739.7965303787068,3.7251568,40.497536,0.4686400204834892
5900.0,-739.8044410365356,3.7249162,40.522469,0.4682824253873148
5900.0,-739.8052734505968,3.7246757,40.422661,0.4679248298887812
5900.0,-739.7974766631544,3.7245555,40.472565,0.467567234562158
5900.0,-739.8050038082614,3.724355,40.534973,0.4672096391939599
5900.0,-739.7968707212792,3.7241147,40.54744,0.4668520441602304
5900.0,-739.8040908270165,3.7239542,40.460098,0.4664944492333349
5900.0,-739.7973026529088,3.723794,40.460098,0.4661368539908229
5900.0,-739.8040061216547,3.7235534,40.460098,0.4657792591048709
5900.0,-739.8046877056606,3.7235534,40.497536,0.4654216638894655
5900.0,-739.7977128684295,3.7229922,40.54744,0.465064068448668
5900.0,-739.805101781904,3.7231526,40.497536,0.4647064730331129
5900.0,-739.7983525016748,3.7226715,40.534973,0.4643488772831364
5900.0,-739.804882310729,3.7227519,40.485069,0.4639912819736658
5900.0,-739.7982169188803,3.7225513,40.534973,0.4636336862892259
5900.0,-739.8051859867227,3.7221506,40.54744,0.4632760908329691
5900.0,-739.8059334639771,3.7223508,40.485069,0.4629184950154086
5900.0,-739.797422232809,3.7220702,40.597343,0.4625608997150954
5900.0,-739.805779104745,3.7218299,40.647251,0.4622033039721466
5900.0,-739.7975348051759,3.7215493,40.510002,0.4618457086174194
5900.0,-739.8059719409276,3.7213888,40.510002,0.4614881127812604
5900.0,-739.8049168932248,3.7211082,40.497536,0.4611305174550739
5900.0,-739.7987595435056,3.7211485,40.559906,0.4607729215083459
5900.0,-739.805220325086,3.720988,40.497536,0.4604153260354912
5900.0,-739.7986682593552,3.7208278,40.54744,0.4600577301328872
5900.0,-739.8056613312044,3.7205071,40.497536,0.4597001344468659
5900.0,-739.7985167219601,3.7204671,40.559906,0.4593425386175103
5900.0,-739.8051899417501,3.7200661,40.559906,0.4589849431593419
5900.0,-739.806240911643,3.7202265,40.534973,0.4586273471931721
5900.0,-739.7972398120502,3.7199459,40.622318,0.4582697519810355
5900.0,-739.8045923798215,3.7197855,40.534973,0.4579121568117072
5900.0,-739.7963919635542,3.7195852,40.534973,0.4575545620093945
5900.0,-739.8053268689437,3.7194648,40.522469,0.4571969664850403
5900.0,-739.8056235381522,3.7192645,40.534973,0.4568393708172868
5900.0,-739.7989003260847,3.719064,40.597343,0.4564817748025088
5900.0,-739.8059669725358,3.7187433,40.597343,0.4561241789687514
5900.0,-739.7993589665167,3.7189038,40.559906,0.4557665827322808
5900.0,-739.8054205582973,3.7187834,40.584877,0.4554089871626405
5900.0,-739.7988158663188,3.7183425,40.522469,0.4550513911886878
5900.0,-739.8051184817498,3.718142,40.54744,0.4546937957650606
5900.0,-739.806298272739,3.7179818,40.497536,0.4543361997711644
5900.0,-739.7991726640297,3.7177413,40.54744,0.4539786036247467
5900.0,-739.8064785836792,3.7176611,40.54744,0.4536210075436947
5900.0,-739.7969395690043,3.7173805,40.584877,0.4532634124766864
5900.0,-739.8055411521509,3.7174206,40.559906,0.4529058168487553
5900.0,-739.8046702734175,3.7168193,40.572411,0.452548221641776
5900.0,-739.7979685799562,3.7167792,40.572411,0.4521906260773755
5900.0,-739.8047693220205,3.7169797,40.559906,0.4518330308225196
5900.0,-739.7978127583153,3.7166991,40.522469,0.4514754353334385
5900.0,-739.805661758078,3.7165389,40.522469,0.4511178396472108
5900.0,-739.7960876803925,3.7164185,40.510002,0.4507602449919792
5900.0,-739.8034607332637,3.7162182,40.534973,0.4504026503696485
5900.0,-739.8040469545957,3.7158976,40.597343,0.4500450554639593
5900.0,-739.7959992169358,3.7156971,40.559906,0.4496874608514882
5900.0,-739.8046495823236,3.7156169,40.522469,0.4493298656545103
5900.0,-739.796581245532,3.7154164,40.54744,0.4489722707607044
5900.0,-739.8053597668643,3.7152562,40.584877,0.4486146752204485
5900.0,-739.8054885269786,3.7152162,40.584877,0.4482570796179547
5900.0,-739.7969448422529,3.7150156,40.510002,0.4478994845483974
5900.0,-739.803419107148,3.714735,40.534973,0.4475418899461873
5900.0,-739.7972223312793,3.7144144,40.534973,0.4471842947425004
5900.0,-739.8036059118473,3.7144144,40.572411,0.4468267000499955
5900.0,-739.79684517235,3.7144544,40.597343,0.4464691050286156
5900.0,-739.8059821826212,3.7140136,40.60981,0.4461115091875062
5900.0,-739.8033777980156,3.713773,40.597343,0.4457539146052634
5900.0,-739.7980148692931,3.7138934,40.54744,0.445396319018488
5900.0,-739.8050500604106,3.7135324,40.584877,0.4450387236279332
5900.0,-739.7977775166275,3.7134123,40.584877,0.4446811281558868
5900.0,-739.8054557512265,3.7133322,40.572411,0.4443235325692355
5900.0,-739.8051257815758,3.7130516,40.572411,0.4439659371420798
5900.0,-739.7982675653132,3.712851,40.54744,0.4436083414331589
5900.0,-739.8046466893644,3.712811,40.522469,0.4432507462375794
5900.0,-739.7968516416922,3.7127709,40.559906,0.4428931512130724
5900.0,-739.8043889121111,3.7123702,40.497536,0.4425355561420931
5900.0,-739.7975799956209,3.7122097,40.597343,0.4421779607655222
5900.0,-739.8071348251826,3.7119293,40.672218,0.4418203643672664
5900.0,-739.8055135400149,3.7119694,40.622318,0.4414627687526821
5900.0,-739.799206257175,3.7116487,40.622318,0.4411051725900265
5900.0,-739.8051645147323,3.7116888,40.559906,0.4407475771441486
5900.0,-739.7972618574174,3.7115283,40.584877,0.440389981921356
5900.0,-739.8046952000967,3.7110474,40.584877,0.4400323867023279
5900.0,-739.8045207121144,3.710887,40.634785,0.4396747915676413
5900.0,-739.797420389249,3.710887,40.647251,0.4393171962682192
5900.0,-739.8045626191972,3.7108068,40.647251,0.4389596011132762
5900.0,-739.7972301925512,3.7104461,40.634785,0.4386020059057893
5900.0,-739.8048514391282,3.7105262,40.572411,0.438244410611241
5900.0,-739.7972014445573,3.7102456,40.60981,0.43788681541765
5900.0,-739.8050404416334,3.7101655,40.584877,0.4375292200317446
5900.0,-739.8048580184258,3.7098448,40.634785,0.4371716247340161
5900.0,-739.7972214038717,3.7098849,40.672218,0.4368140295307774
5900.0,-739.8043432206684,3.7097247,40.597343,0.4364564344818838
5900.0,-739.7963771569582,3.7093639,40.597343,0.4360988396867281
5900.0,-739.8031732680324,3.7092035,40.622318,0.4357412452033479
5900.0,-739.795874705528,3.7091634,40.622318,0.4353836506510617
5900.0,-739.8031320448478,3.7088428,40.622318,0.4350260561876073
5900.0,-739.8036100260825,3.7086825,40.672218,0.4346684614931138
5900.0,-739.7967901432415,3.7086425,40.572411,0.4343108664983333
5900.0,-739.8037867480917,3.7085221,40.60981,0.4339532717184186
5900.0,-739.7955488159419,3.7084019,40.634785,0.4335956773236575
5900.0,-739.8032611348376,3.7081213,40.647251,0.4332380827978055
5900.0,-739.8027906858969,3.7075601,40.647251,0.4328804884993519
5900.0,-739.7957381703606,3.7079208,40.572411,0.4325228940130626
5900.0,-739.8024376689568,3.7078807,40.584877,0.4321652998852448
5900.0,-739.7950981951695,3.7076001,40.634785,0.4318077057082999
5900.0,-739.8028704220482,3.7071993,40.672218,0.4314501113713045
5900.0,-739.7949303622515,3.7070391,40.647251,0.4310925172754849
5900.0,-739.8037372724939,3.7069588,40.70966,0.430734922519485
5900.0,-739.8038400565483,3.7069187,40.684685,0.430377327713803
5900.0,-739.7959557474742,3.706558,40.722126,0.4300197331223436
5900.0,-739.8032554708832,3.7066784,40.622318,0.4296621385992294
5900.0,-739.795597399855,3.7060771,40.647251,0.4293045441809844
5900.0,-739.8041558785912,3.7061172,40.622318,0.4289469492226452
5900.0,-739.8040597354303,3.7061572,40.659752,0.4285893543107782
5900.0,-739.7954740358377,3.7058365,40.647251,0.4282317599521635
5900.0,-739.8027742792965,3.7057965,40.672218,0.4278741656616401
5900.0,-739.7957148554354,3.7053957,40.634785,0.4275165711866207
5900.0,-739.8025833116582,3.7053957,40.597343,0.4271589769884043
5900.0,-739.7956271968097,3.7049546,40.622318,0.4268013825557563
5900.0,-739.8030298837097,3.7052352,40.684685,0.4264437881416829
5900.0,-739.8030042362974,3.7049146,40.597343,0.4260861937400065
5900.0,-739.7973586221121,3.704674,40.659752,0.4257285984704408
5900.0,-739.8036684246904,3.704674,40.70966,0.4253710037477195
5900.0,-739.7967187932354,3.7045538,40.684685,0.4250134087874274
5900.0,-739.8037771170362,3.7042332,40.647251,0.424655814012168
5900.0,-739.8026086658249,3.7040327,40.584877,0.4242982198016963
5900.0,-739.7955712396799,3.7039926,40.647251,0.4239406253960963
5900.0,-739.8035180700078,3.7038724,40.684685,0.4235830307460511
5900.0,-739.7962665740563,3.7038724,40.672218,0.4232254360043477
5900.0,-739.803414822245,3.7036719,40.634785,0.4228678414042088
5900.0,-739.7949606591304,3.7032311,40.60981,0.4225102472937446
5900.0,-739.8024658794527,3.7032712,40.672218,0.4221526531522907
5900.0,-739.8023758520857,3.7031109,40.672218,0.4217950590543529
5900.0,-739.7942407284024,3.7029104,40.659752,0.4214374652918811
5900.0,-739.8020779253803,3.7029905,40.60981,0.4210798713379504
5900.0,-739.7930907339564,3.7026699,40.634785,0.4207222781313504
5900.0,-739.8016945492516,3.7023892,40.70966,0.4203646843627301
5900.0,-739.8020653768092,3.7023492,40.672218,0.420007090414865
5900.0,-739.794100836601,3.7021089,40.647251,0.4196494967200125
5900.0,-739.8033288597957,3.7019083,40.659752,0.4192919021614247
5900.0,-739.7938090171651,3.7018282,40.672218,0.4189343086076288
5900.0,-739.8011729155812,3.7018282,40.747059,0.4185767150911476
5900.0,-739.7949670801787,3.7017882,40.684685,0.4182191209775797
5900.0,-739.8019412914321,3.7015076,40.697151,0.417861527089693
5900.0,-739.8013730145504,3.7013471,40.634785,0.4175039334764911
5900.0,-739.7939353224064,3.7009463,40.759563,0.417146339861643
5900.0,-739.8029502568347,3.7010665,40.647251,0.4167887454860585
5900.0,-739.7971536914638,3.7007861,40.747059,0.4164311503155499
5900.0,-739.8030049688994,3.7009463,40.647251,0.4160735559135194
5900.0,-739.8044153037896,3.7006257,40.672218,0.4157159608297834
5900.0,-739.7969256407032,3.7004654,40.697151,0.4153583657695076
5900.0,-739.8049731924573,3.7001448,40.747059,0.415000770416108
5900.0,-739.7976592185634,3.6999843,40.734592,0.4146431750012432
5900.0,-739.804100324239,3.6999843,40.659752,0.4142855800697571
5900.0,-739.7969060362265,3.6999042,40.734592,0.4139279850189574
5900.0,-739.803937444928,3.6995835,40.584877,0.4135703901662013
5900.0,-739.8025265972163,3.6993029,40.734592,0.4132127959953987
5900.0,-739.7956434076136,3.6993029,40.797001,0.4128552015549148
5900.0,-739.8027257683594,3.699343,40.734592,0.4124976072878399
5900.0,-739.795266004759,3.6990623,40.647251,0.4121400130297811
5900.0,-739.8011055323677,3.6989822,40.647251,0.4117824195458705
5900.0,-739.8022953579573,3.6987817,40.70966,0.4114248254868407
5900.0,-739.7946632732034,3.6986616,40.672218,0.4110672315201237
5900.0,-739.8017357118636,3.6983809,40.672218,0.4107096377316068
5900.0,-739.794138006977,3.6981807,40.672218,0.4103520440187873
5900.0,-739.8018795965247,3.6982207,40.697151,0.4099944501607218
5900.0,-739.7945771409528,3.6980603,40.747059,0.4096368562356384
5900.0,-739.8011690581659,3.6979802,40.672218,0.4092792627210218
5900.0,-739.8026263782166,3.6977396,40.759563,0.4089216685019886
5900.0,-739.7949815575165,3.6975393,40.77203,0.4085640743814227
5900.0,-739.8029712284865,3.697459,40.747059,0.4082064799957012
5900.0,-739.796090842418,3.6972587,40.722126,0.4078488853389411
5900.0,-739.8032603782931,3.6971383,40.634785,0.4074912908134548
5900.0,-739.7958003406292,3.6969781,40.759563,0.4071336962971145
5900.0,-739.8026154284777,3.6967776,40.684685,0.406776102083374
5900.0,-739.8020046459487,3.6966174,40.8344,0.4064185081648639
5900.0,-739.7944871386381,3.6966574,40.734592,0.406060914283285
5900.0,-739.8010819360363,3.6963768,40.684685,0.4057033208107801
5900.0,-739.7932721421795,3.6962566,40.70966,0.4053457275164929
5900.0,-739.8009217542557,3.6960962,40.747059,0.4049881341214142
5900.0,-739.8025637073935,3.6960161,40.759563,0.4046305399326738
5900.0,-739.7957711168581,3.6960161,40.821934,0.4042729454304593
5900.0,-739.8034163115962,3.6955752,40.77203,0.4039153508296004
5900.0,-739.7958618390799,3.6954548,40.759563,0.4035577562835336
5900.0,-739.8023194675194,3.6956153,40.734592,0.40320016221285
5900.0,-739.7953772467915,3.6951742,40.697151,0.4028425679010202
5900.0,-739.8039689513141,3.6951742,40.759563,0.402484973033035
5900.0,-739.8040775824735,3.6949339,40.77203,0.4021273781125413
5900.0,-739.7972682172798,3.6949739,40.734592,0.4017697828866746
5900.0,-739.8052482425411,3.6946132,40.784496,0.4014121874003256
5900.0,-739.7978553605323,3.6944928,40.747059,0.4010545918906518
5900.0,-739.8052565682144,3.6943727,40.797001,0.4006969964002785
5900.0,-739.8047135595519,3.6942925,40.809467,0.4003394011723762
5900.0,-739.7978259906515,3.6942124,40.797001,0.3999818056768989
5900.0,-739.8053728407397,3.6940119,40.784496,0.3996242101303237
5900.0,-739.7979942269059,3.6939719,40.784496,0.3992666145535261
5900.0,-739.8051909184844,3.6937714,40.8344,0.3989090190948856
5900.0,-739.796269368966,3.6935308,40.809467,0.3985514243518313
5900.0,-739.80349512074,3.6933706,40.8344,0.3981938297128789
5900.0,-739.8042405225618,3.6935711,40.747059,0.3978362347136259
5900.0,-739.7967025824314,3.6932504,40.784496,0.3974786397611695
5900.0,-739.804901854421,3.6930099,40.784496,0.3971210444422522
5900.0,-739.796743610184,3.6929297,40.784496,0.3967634494699644
5900.0,-739.8051502075073,3.6924086,40.77203,0.396405854031002
5900.0,-739.803339602237,3.6927292,40.797001,0.3960482594672218
5900.0,-739.7957063346238,3.6924486,40.797001,0.395690664996321
5900.0,-739.8036967213386,3.6924086,40.821934,0.395333070259922
5900.0,-739.7989359091041,3.6922483,40.747059,0.3949754742279444
5900.0,-739.8050937013863,3.6920478,40.759563,0.394617878816295
5900.0,-739.797831251622,3.6921279,40.759563,0.3942602833182748
5900.0,-739.8031280407074,3.6919677,40.77203,0.3939026888567558
5900.0,-739.8029899910774,3.6915667,40.784496,0.3935450944619651
5900.0,-739.7954494022424,3.6915267,40.797001,0.3931875001152575
5900.0,-739.8044978970886,3.6914065,40.77203,0.3928299049915988
5900.0,-739.7966606882528,3.6914465,40.809467,0.3924723100593928
5900.0,-739.8043118120991,3.6911259,40.859371,0.3921147150256809
5900.0,-739.8066625692935,3.6908853,40.784496,0.3917571188556968
5900.0,-739.7985281602582,3.6907251,40.8344,0.3913995230208124
5900.0,-739.804741477621,3.6905646,40.846905,0.3910419277794155
5900.0,-739.7977513325102,3.6904445,40.884304,0.3906843323200257
5900.0,-739.8075794077492,3.6904445,40.821934,0.3903267357068745
5900.0,-739.7980165288858,3.6904445,40.8344,0.3899691401192969
5900.0,-739.8070599229765,3.6900036,40.797001,0.3896115437572462
5900.0,-739.8071401596709,3.6898832,40.884304,0.389253947356412
5900.0,-739.7994135560684,3.6899233,40.846905,0.3888963510935544
5900.0,-739.8050841306989,3.689723,40.8344,0.3885387556865313
5900.0,-739.797764076791,3.6895626,40.77203,0.3881811602209812
5900.0,-739.8043754966959,3.6896429,40.846905,0.3878235651564865
5900.0,-739.805113036962,3.6893222,40.909275,0.3874659697354911
5900.0,-739.7980108768572,3.6893222,40.909275,0.3871083741506455
5900.0,-739.8044576506384,3.6889615,40.846905,0.3867507790464405
5900.0,-739.7963375696339,3.688761,40.77203,0.3863931842704201
5900.0,-739.8068986668494,3.6888011,40.8344,0.3860355879863149
5900.0,-739.7970868090567,3.6887209,40.821934,0.3856779928481352
5900.0,-739.8042519728439,3.6886809,40.871838,0.3853203978433475
5900.0,-739.8050179440004,3.6884003,40.8344,0.3849628024683166
5900.0,-739.7976287012922,3.6883602,40.859371,0.384605207068203
5900.0,-739.8051473391046,3.6881196,40.809467,0.3842476116306271
5900.0,-739.7971175217547,3.6881196,40.809467,0.3838900164776019
5900.0,-739.80476767428,3.6879592,40.934246,0.3835324212235425
5900.0,-739.7969851983921,3.6877589,40.871838,0.3831748261344783
5900.0,-739.805325745689,3.6875584,40.846905,0.3828172306106671
5900.0,-739.8044859585416,3.6875584,40.921741,0.382459635492779
5900.0,-739.7972559489807,3.6870775,40.946712,0.3821020402728423
5900.0,-739.8040657292603,3.6871176,40.846905,0.3817444453580781
5900.0,-739.7959314071213,3.6871176,40.896809,0.3813868507783842
5900.0,-739.8038176440444,3.6871176,40.859371,0.3810292559835356
5900.0,-739.8045850802002,3.686877,40.871838,0.3806716608177357
5900.0,-739.797040263721,3.6865563,40.846905,0.3803140657020546
5900.0,-739.8058948896193,3.6865964,40.846905,0.3799564699031394
5900.0,-739.7991091145188,3.6862757,40.884304,0.3795988737874396
5900.0,-739.8055553245199,3.6861155,40.871838,0.3792412781526582
5900.0,-739.7979162733166,3.6862757,40.871838,0.378883682613541
5900.0,-739.804266120861,3.685955,40.884304,0.3785260876019147
5900.0,-739.8040456731562,3.6857948,40.884304,0.3781684926968449
5900.0,-739.7959899146216,3.6855943,40.871838,0.3778108980888702
5900.0,-739.8034111115547,3.6856344,40.934246,0.3774533034905249
5900.0,-739.7982177732329,3.6854742,40.871838,0.377095707805672
5900.0,-739.80720401514,3.6854341,40.959179,0.3767381113739722
5900.0,-739.805982524161,3.6852336,40.934246,0.3763805155326977
5900.0,-739.7973014811668,3.6851535,40.871838,0.3760229202907522
5900.0,-739.8051957524295,3.6850333,40.921741,0.375665324829775
5900.0,-739.7974076695244,3.6848729,40.884304,0.3753077295365013
5900.0,-739.8051739262118,3.6846724,40.959179,0.3749501340860742
5900.0,-739.7982757443839,3.6842716,40.896809,0.3745925383731998
5900.0,-739.8053129280196,3.6841114,40.896809,0.3742349428555842
5900.0,-739.8052370126535,3.6841114,40.946712,0.3738773473746634
5900.0,-739.7964844317249,3.6841514,40.846905,0.3735197525276544
5900.0,-739.8052381475727,3.6838708,40.959179,0.3731621570461849
5900.0,-739.7978966565618,3.6837106,40.909275,0.3728045615165499
5900.0,-739.8047566019633,3.6835101,40.871838,0.3724469662678425
5900.0,-739.8035007118435,3.68343,40.946712,0.3720893716261876
5900.0,-739.7962132045405,3.6832695,40.884304,0.3717317769102815
5900.0,-739.8045894625105,3.6831894,40.909275,0.3713741817423633
5900.0,-739.7968716128755,3.6831894,40.859371,0.3710165867082028
5900.0,-739.8040509335657,3.6830692,41.009087,0.3706589918005903
5900.0,-739.7964235312187,3.6827486,40.959179,0.3703013969830188
5900.0,-739.8047718366051,3.6827486,40.934246,0.3699438017269474
5900.0,-739.8054212786211,3.6824279,40.909275,0.369586206156959
5900.0,-739.7972475748926,3.6824279,40.921741,0.3692286109410701
5900.0,-739.8039080626783,3.6821873,40.921741,0.3688710161025163
5900.0,-739.798157886081,3.6822674,40.99662,0.368513420446611
5900.0,-739.8045880339366,3.6822674,40.984154,0.3681558252793833
5900.0,-739.8055353171196,3.6818266,40.946712,0.3677982296542728
5900.0,-739.7978708757806,3.6816661,40.909275,0.3674406341370994
5900.0,-739.8042879225222,3.6815059,40.909275,0.3670830391149349
5900.0,-739.797584732111,3.681586,40.921741,0.3667254437360746
5900.0,-739.8031160530475,3.6814258,40.971645,0.36636784928035
5900.0,-739.7962396943832,3.6812654,40.959179,0.3660102545516395
5900.0,-739.8046076629624,3.6809447,40.959179,0.3656526593749238
5900.0,-739.8050172236766,3.6810248,40.934246,0.3652950640002412
5900.0,-739.7963974938249,3.6811051,40.99662,0.3649374691952553
5900.0,-739.8048856430447,3.6807442,41.009087,0.364579873884174
5900.0,-739.796621564837,3.6806641,40.959179,0.3642222789708791
5900.0,-739.8054212906947,3.6804638,40.971645,0.3638646834008848
5900.0,-739.8038312065939,3.6802633,40.959179,0.3635070885994805
5900.0,-739.7963714682999,3.6802232,40.921741,0.3631494938070745
5900.0,-739.8029896004247,3.6798625,40.959179,0.3627918994124727
5900.0,-739.7953290412491,3.6798224,40.959179,0.3624343051239438
5900.0,-739.8021715175312,3.6797824,40.946712,0.3620767111247741
5900.0,-739.793750911364,3.6795418,40.921741,0.3617191175990647
5900.0,-739.803158631955,3.6795418,40.921741,0.361361523122759
5900.0,-739.8042060253998,3.6792612,40.971645,0.3610039281401807
5900.0,-739.7962246064135,3.6791008,40.959179,0.3606463334187632
5900.0,-739.8033066920381,3.6790607,41.021553,0.3602887388708906
5900.0,-739.7954307253779,3.6790206,41.021553,0.3599311445332108
5900.0,-739.8035844275787,3.6792212,40.934246,0.3595735498510906
5900.0,-739.8038873347496,3.6786599,40.946712,0.359215955022556
5900.0,-739.795223805469,3.6786599,40.984154,0.3588583607848949
5900.0,-739.80308046967,3.6782591,40.99662,0.3585007663463701
5900.0,-739.7953802498154,3.6784596,40.896809,0.3581431720330886
5900.0,-739.802582872097,3.6780186,40.934246,0.3577855778350847
5900.0,-739.796505000648,3.678179,41.034054,0.3574279829781334
5900.0,-739.8011894314579,3.678139,40.971645,0.357070389453669
5900.0,-739.8019960890351,3.677738,40.959179,0.3567127955392951
5900.0,-739.7944550591807,3.6778584,40.934246,0.3563552016732223
5900.0,-739.8031436412409,3.6773372,40.934246,0.3559976072041626
5900.0,-739.7943200984776,3.677217,40.99662,0.3556400134033257
5900.0,-739.8013006631496,3.677177,40.971645,0.3552824198250959
5900.0,-739.7938295611227,3.6770966,40.934246,0.3549248262613696
5900.0,-739.802173128437,3.6768563,41.04652,0.3545672322614212
5900.0,-739.8015366747578,3.6767359,40.99662,0.3542096385691118
5900.0,-739.7947625770137,3.6766157,41.034054,0.3538520445543944
5900.0,-739.8029852545399,3.6765356,41.034054,0.3534944501618931
5900.0,-739.796007041578,3.6763752,41.04652,0.3531368555456398
5900.0,-739.8016759456639,3.676295,40.959179,0.3527792617860119
5900.0,-739.8022896450946,3.6763351,40.959179,0.3524216677297434
5900.0,-739.7949829250946,3.6761749,41.009087,0.3520640736085165
5900.0,-739.8012324986304,3.6759343,41.009087,0.351706480063235
5900.0,-739.7951194109451,3.6757739,40.971645,0.351348885876035
5900.0,-739.8016771542525,3.6754932,41.009087,0.3509912921158228
5900.0,-739.7951363786951,3.6754932,41.009087,0.3506336979204212
5900.0,-739.8027585443161,3.6752129,41.096428,0.3502761036375036
5900.0,-739.803056812766,3.6750925,41.034054,0.3499185092104137
5900.0,-739.7955113893623,3.6750524,41.04652,0.3495609148337434
5900.0,-739.8031843522182,3.6748521,40.99662,0.3492033203450054
5900.0,-739.7951983901667,3.6750124,41.034054,0.3488457261196294
5900.0,-739.8041207709958,3.6746516,41.04652,0.3484881311782599
5900.0,-739.8034935704069,3.6744511,41.083961,0.3481305365400569
5900.0,-739.7944883230676,3.6742909,41.071495,0.3477729426579054
5900.0,-739.8017640561923,3.674371,41.083961,0.347415348855688
5900.0,-739.7945250903119,3.6742508,41.071495,0.3470577549557643
5900.0,-739.8013522499917,3.6738901,41.034054,0.3467001613525992
5900.0,-739.7946261640134,3.6738098,41.058987,0.3463425674038196
5900.0,-739.8031559221463,3.6735694,41.058987,0.3459849729288238
5900.0,-739.802163314231,3.6735291,41.009087,0.3456273789336192
5900.0,-739.7940243355137,3.673409,41.021553,0.345269785275745
5900.0,-739.8011605129167,3.6733289,41.108894,0.3449121917652588
5900.0,-739.79467814119,3.6732488,41.083961,0.344554597791355
5900.0,-739.8020529743492,3.672888,41.034054,0.3441970038494848
5900.0,-739.8020283523751,3.6728477,41.083961,0.343839409919516
5900.0,-739.7937853230508,3.6726475,41.096428,0.343481816377173
5900.0,-739.8015929009348,3.6725674,40.984154,0.3431242226576859
5900.0,-739.7948212678672,3.6723268,41.021553,0.3427666286145991
5900.0,-739.8015469530815,3.6722467,41.071495,0.3424090349173215
5900.0,-739.7938617146583,3.6721263,41.096428,0.3420514413380532
5900.0,-739.8002823957486,3.6719661,40.99662,0.3416938482520176
5900.0,-739.8019003977137,3.6718457,41.034054,0.3413362543838975
5900.0,-739.7948668487564,3.6716053,41.071495,0.3409786603187783
5900.0,-739.8019899732412,3.671525,41.121399,0.3406210664073606
5900.0,-739.7944890793999,3.6713648,41.04652,0.3402634725248435
5900.0,-739.8022744112712,3.6711643,41.083961,0.3399058784759385
5900.0,-739.8009523698552,3.6711643,41.083961,0.3395482850660613
5900.0,-739.7954390018549,3.6711242,41.021553,0.3391906907243809
5900.0,-739.8026126572778,3.6708436,41.121399,0.3388330965119799
5900.0,-739.794027167667,3.6707234,41.04652,0.3384755028527367
5900.0,-739.8020225537692,3.6706033,41.096428,0.3381179089255707
5900.0,-739.7942538760196,3.6702826,41.071495,0.3377603151567437
5900.0,-739.802253719768,3.670042,41.096428,0.3374027211178403
5900.0,-739.8029126103029,3.6703227,41.071495,0.3370451267604527
5900.0,-739.793990021438,3.6701221,41.058987,0.3366875331191649
5900.0,-739.8015661306771,3.6699619,41.058987,0.3363299394126175
5900.0,-739.7953764292732,3.6697214,41.121399,0.3359723451011828
5900.0,-739.8037363575601,3.6695209,41.083961,0.3356147503456251
5900.0,-739.8040447203645,3.6694007,41.121399,0.3352571554410159
5900.0,-739.7971906175051,3.6692002,41.096428,0.3348995602526584
5900.0,-739.8046034030253,3.6693206,41.083961,0.3345419650780019
5900.0,-739.7949163477989,3.6689999,41.121399,0.3341843709889564
5900.0,-739.8027877319557,3.6686792,41.096428,0.3338267766919305
5900.0,-739.7945782028056,3.6685588,41.071495,0.3334691827663339
5900.0,-739.8030366950661,3.6684787,41.083961,0.3331115883489682
5900.0,-739.8043750567255,3.6684787,41.083961,0.3327539932846861
5900.0,-739.7962618377709,3.6683986,41.108894,0.3323963985452722
5900.0,-739.8028385618439,3.6681981,41.133865,0.332038804223677
5900.0,-739.7960600073482,3.6679978,41.083961,0.3316812095818217
5900.0,-739.8022886564912,3.6677973,41.121399,0.3313236155260311
5900.0,-739.801491252618,3.6677172,41.108894,0.3309660218556771
5900.0,-739.7945232224004,3.6675968,41.096428,0.3306084279566564
5900.0,-739.8024442967535,3.6673164,41.183769,0.3302508338256348
5900.0,-739.7956031984025,3.6674366,41.096428,0.3298932394045869
5900.0,-739.8041002016612,3.6670759,41.158836,0.3295356444731599
5900.0,-739.7959575544044,3.6669958,41.146332,0.3291780498808273
5900.0,-739.803302688307,3.6666751,41.108894,0.3288204553348899
5900.0,-739.8036848673069,3.6665146,41.096428,0.3284628606042207
5900.0,-739.7970069513354,3.6665947,41.146332,0.3281052655046418
5900.0,-739.8062155572716,3.6663144,41.158836,0.3277476695507275
5900.0,-739.7990294274634,3.6663945,41.171303,0.3273900734735459
5900.0,-739.8061804625684,3.6660337,41.121399,0.327032477536595
5900.0,-739.7988397673195,3.6659133,41.096428,0.3266748815510892
5900.0,-739.805126172024,3.6656327,41.158836,0.3263172861237448
5900.0,-739.8060763968698,3.6655927,41.133865,0.3259596902370956
5900.0,-739.798965084172,3.6654325,41.171303,0.3256020941910155
5900.0,-739.8050486203771,3.6652319,41.146332,0.3252444988011568
5900.0,-739.7983666614185,3.6648312,41.183769,0.3248869030443359
5900.0,-739.8068748998504,3.6649513,41.121399,0.3245293067717188
5900.0,-739.8055940576764,3.6649914,41.133865,0.3241717111182151
5900.0,-739.7979769053412,3.6647511,41.183769,0.3238141155497903
5900.0,-739.8055717431938,3.6644704,41.096428,0.3234565199070727
5900.0,-739.796400972626,3.6643503,41.183769,0.3230989251004052
5900.0,-739.8051209717779,3.6641097,41.108894,0.3227413296755744
5900.0,-739.7981698118205,3.6640296,41.108894,0.3223837340139046
5900.0,-739.8051120847841,3.6638691,41.071495,0.3220261385933694
5900.0,-739.8055122342234,3.6638691,41.183769,0.3216685429794162
5900.0,-739.7969025813677,3.6633079,41.171303,0.3213109479302866
5900.0,-739.8043890582222,3.6633079,41.196236,0.3209533528592367
5900.0,-739.7976466334887,3.6631877,41.146332,0.3205957574504551
5900.0,-739.8056722809433,3.6629872,41.183769,0.3202381617591411
5900.0,-739.80644833479,3.6625865,41.171303,0.3198805656927104
5900.0,-739.7994545353223,3.6627069,41.20874,0.3195229694100447
5900.0,-739.8065970902311,3.6624262,41.20874,0.3191653732717109
5900.0,-739.7973166669522,3.6624262,41.233673,0.318807778022425
5900.0,-739.8047290381216,3.6623058,41.171303,0.3184501827870409
5900.0,-739.797329154825,3.6619051,41.196236,0.3180925875317188
5900.0,-739.8068342498552,3.6619852,41.108894,0.3177349912787504
5900.0,-739.8051200316736,3.6617448,41.20874,0.317377395854374
5900.0,-739.7975191556868,3.6614642,41.221207,0.3170198005072113
5900.0,-739.8051373904518,3.6614242,41.158836,0.3166622050744443
5900.0,-739.7980822761805,3.6611836,41.183769,0.3163046094550865
5900.0,-739.8043464920022,3.660903,41.183769,0.3159470144046116
5900.0,-739.8054023210107,3.660943,41.196236,0.3155894188437866
5900.0,-739.79815883784,3.6605823,41.121399,0.3152318231874212
5900.0,-739.8067144252337,3.6605022,41.171303,0.3148742269923718
5900.0,-739.7977254416352,3.6604621,41.183769,0.3145166315454968
5900.0,-739.805375905185,3.6603017,41.283577,0.3141590359974403
5900.0,-739.7980447511715,3.659941,41.233673,0.3138014403962209
5900.0,-739.8041011176183,3.659981,41.171303,0.3134438454643512
5900.0,-739.8053254407791,3.6597807,41.146332,0.3130862499406874
5900.0,-739.7970170095726,3.6595402,41.121399,0.3127286548362466
5900.0,-739.8057841466017,3.6594198,41.20874,0.3123710590908607
5900.0,-739.7983410519172,3.6594198,41.20874,0.3120134633464187
5900.0,-739.8056491601893,3.6589789,41.24614,0.3116558676662804
5900.0,-739.8041393504363,3.6588187,41.158836,0.3112982727159304
5900.0,-739.7978382951711,3.6587384,41.183769,0.3109406772145054
5900.0,-739.8050334221607,3.6586583,41.196236,0.310583081831993
5900.0,-739.7970437795611,3.6584177,41.271111,0.3102254867146125
5900.0,-739.8043946736776,3.6582575,41.221207,0.3098678916408483
5900.0,-739.7963389859153,3.6578567,41.183769,0.3095102968641433
5900.0,-739.8043650714427,3.6578567,41.146332,0.3091527018046878
5900.0,-739.8043187214768,3.6576562,41.221207,0.3087951067676362
5900.0,-739.7967672424985,3.6573756,41.183769,0.3084375117839252
5900.0,-739.8044240563366,3.657536,41.233673,0.3080799166959584
5900.0,-739.7965673174356,3.6570549,41.24614,0.307722321808885
5900.0,-739.8045370573234,3.6571352,41.24614,0.3073647266662976
5900.0,-739.8046938697489,3.6568546,41.308548,0.3070071314479127
5900.0,-739.7985307720193,3.6566541,41.221207,0.3066495356117658
5900.0,-739.8056162262526,3.6566541,41.24614,0.3062919399475466
5900.0,-739.7984650378213,3.6564136,41.296082,0.3059343441431736
5900.0,-739.8052222904238,3.6561329,41.221207,0.305576748669369
5900.0,-739.795981516591,3.6558926,41.221207,0.3052191540654537
5900.0,-739.8037127119111,3.6556921,41.171303,0.3048615593213255
5900.0,-739.8061651671492,3.6554115,41.20874,0.3045039633917679
5900.0,-739.7952959846577,3.6554115,41.24614,0.3041463691192176
5900.0,-739.8033775299406,3.6552513,41.196236,0.3037887745371044
5900.0,-739.7961616180128,3.6551712,41.196236,0.3034311798461336
5900.0,-739.8048321886816,3.6548505,41.258644,0.3030735845608903
5900.0,-739.7964782912317,3.6548505,41.24614,0.3027159897168494
5900.0,-739.8038837583014,3.6545298,41.196236,0.3023583948900435
5900.0,-739.8051753662453,3.6541288,41.233673,0.3020007994389203
5900.0,-739.7970541070985,3.6540487,41.296082,0.3016432043165478
5900.0,-739.8060103562823,3.6539285,41.221207,0.3012856084618202
5900.0,-739.7980886110773,3.6536078,41.258644,0.3009280128394003
5900.0,-739.8051120851934,3.6538484,41.24614,0.300570417418865
5900.0,-739.8044029136079,3.6534874,41.271111,0.3002128223411178
5900.0,-739.7975101959322,3.6532071,41.258644,0.299855226998286
5900.0,-739.8046660986096,3.6530466,41.233673,0.2994976317933246
5900.0,-739.7973289467109,3.6530066,41.271111,0.2991400365381031
5900.0,-739.8045920018562,3.6525657,41.233673,0.2987824413689575
5900.0,-739.798365904677,3.6525254,41.271111,0.2984248456125024
5900.0,-739.8061205746094,3.6522851,41.24614,0.2980672497044992
5900.0,-739.8054509539116,3.6521246,41.221207,0.2977096541201668
5900.0,-739.7981101810767,3.6520045,41.258644,0.2973520584873206
5900.0,-739.8063792060193,3.6515636,41.271111,0.2969944624543042
5900.0,-739.798901217067,3.6514833,41.233673,0.2966368664390956
5900.0,-739.807052696206,3.651243,41.233673,0.296279270080538
5900.0,-739.8061649715157,3.6510425,41.271111,0.295921674151075
5900.0,-739.7992997874031,3.6510825,41.24614,0.2955640779432097
5900.0,-739.806189641989,3.6509624,41.321014,0.2952064820018218
5900.0,-739.7974756991172,3.6504812,41.296082,0.2948488866756646
5900.0,-739.805351576047,3.6502409,41.321014,0.2944912911393679
5900.0,-739.7977470844847,3.650321,41.233673,0.2941336956820315
5900.0,-739.805476381134,3.6500804,41.221207,0.2937761000854085
5900.0,-739.8052936900559,3.6496396,41.358456,0.2934185045770918
5900.0,-739.7994791934739,3.6497197,41.283577,0.2930609082825071
5900.0,-739.8038223193955,3.6495996,41.283577,0.2927033134853986
5900.0,-739.7971128223037,3.649359,41.271111,0.2923457183346449
5900.0,-739.8055665918562,3.6488779,41.258644,0.2919881226944172
5900.0,-739.8061120050082,3.6487176,41.283577,0.2916305267905563
5900.0,-739.7979384169089,3.6487978,41.333481,0.2912729312407356
5900.0,-739.804314118772,3.648437,41.296082,0.2909153362059088
5900.0,-739.7971146290292,3.6483169,41.321014,0.2905577410542818
5900.0,-739.8041779610151,3.6480763,41.308548,0.2902001460852688
5900.0,-739.7967552193526,3.6478758,41.333481,0.2898425511073694
5900.0,-739.8035747598932,3.6475151,41.308548,0.2894849564299223
5900.0,-739.8030619395472,3.6475151,41.296082,0.2891273620003542
5900.0,-739.7961859098671,3.6472745,41.271111,0.2887697672976416
5900.0,-739.803764030678,3.6471543,41.296082,0.2884121725287077
5900.0,-739.7958600691886,3.6469538,41.296082,0.2880545779834964
5900.0,-739.804100324239,3.6467135,41.333481,0.2876969830520102
5900.0,-739.8035722084738,3.6461523,41.333481,0.2873393883757963
5900.0,-739.7952163221586,3.6460721,41.271111,0.2869817941417524
5900.0,-739.8035147741176,3.645992,41.283577,0.2866241994933003
5900.0,-739.7962379240827,3.6459517,41.296082,0.2862666047654456
5900.0,-739.8041212592608,3.6454308,41.283577,0.2859090098238401
5900.0,-739.7951511863143,3.6453507,41.283577,0.2855514156212809
5900.0,-739.8026381696293,3.64499,41.271111,0.2851938213965481
5900.0,-739.804710800835,3.64499,41.321014,0.2848362261699794
5900.0,-739.7979702647191,3.6447494,41.296082,0.2844786306047644
5900.0,-739.8054785668662,3.6443083,41.24614,0.2841210350070849
5900.0,-739.7972847816936,3.6444287,41.345989,0.2837634397732114
5900.0,-739.80348912691,3.6443083,41.321014,0.2834058451371562
5900.0,-739.8046340675331,3.6438274,41.333481,0.2830482499476775
5900.0,-739.7968186947854,3.643667,41.296082,0.282690654939096
5900.0,-739.8048696156376,3.6433866,41.296082,0.2823330596357618
5900.0,-739.7976925683971,3.6435068,41.24614,0.2819754642047767
5900.0,-739.804737095106,3.6429856,41.345989,0.2816178689654983
5900.0,-739.797250846398,3.6427052,41.308548,0.281260273748028
5900.0,-739.8044829069885,3.6426249,41.296082,0.2809026786316149
5900.0,-739.8038368944909,3.6421039,41.345989,0.2805450838274613
5900.0,-739.7963532923826,3.6421039,41.308548,0.280187489043841
5900.0,-739.8042421338768,3.6418633,41.308548,0.2798298940438091
5900.0,-739.7972322192599,3.6419435,41.283577,0.2794722988353427
5900.0,-739.8042428413083,3.6415026,41.358456,0.2791147038349688
5900.0,-739.8037050093586,3.6411419,41.321014,0.2787571090945638
5900.0,-739.7970593437174,3.6410215,41.308548,0.27839951396966
5900.0,-739.8043826866316,3.6408613,41.358456,0.2780419189016899
5900.0,-739.7968973815832,3.6405807,41.308548,0.2776843238550737
5900.0,-739.8045358364566,3.6403401,41.283577,0.2773267287130764
5900.0,-739.7975303742065,3.6402199,41.321014,0.276969133360491
5900.0,-739.8041844553882,3.6399794,41.283577,0.2766115383883388
5900.0,-739.8025843978736,3.6397791,41.296082,0.2762539441895975
5900.0,-739.797672744142,3.6392179,41.383389,0.2758963487681948
5900.0,-739.80321454033,3.6392179,41.370922,0.275538754264865
5900.0,-739.7964859941159,3.6391778,41.345989,0.2751811594171008
5900.0,-739.8034089751401,3.6385765,41.283577,0.2748235648197881
5900.0,-739.7961590306032,3.6386566,41.308548,0.274465970130068
5900.0,-739.8038978451319,3.638376,41.408356,0.274108375296453
5900.0,-739.8041244939644,3.6381757,41.296082,0.2737507803532841
5900.0,-739.7964951251503,3.6380553,41.308548,0.2733931855011062
5900.0,-739.8030285529525,3.6374543,41.258644,0.273035591087676
5900.0,-739.7957565662608,3.6376545,41.296082,0.2726779965924948
5900.0,-739.8028312622226,3.6373339,41.308548,0.272320402274428
5900.0,-739.8039674128499,3.6369731,41.370922,0.2719628074071864
5900.0,-739.7950126612726,3.6369731,41.383389,0.271605213271586
5900.0,-739.8036827194326,3.6366124,41.370922,0.271247618541955
5900.0,-739.7970164118328,3.6362917,41.383389,0.2708900234378033
5900.0,-739.8037220624086,3.6359711,41.358456,0.2705324286891554
5900.0,-739.7967091377205,3.635891,41.345989,0.2701748337335304
5900.0,-739.8031307634083,3.6355703,41.333481,0.2698172392706954
5900.0,-739.8021282428564,3.6352096,41.395889,0.2694596452924431
5900.0,-739.793870772024,3.6351695,41.333481,0.2691020517087967
5900.0,-739.8019547680339,3.6348488,41.296082,0.2687444578143959
5900.0,-739.7934869237694,3.6345682,41.283577,0.26838686441629
5900.0,-739.8013095616031,3.6346083,41.370922,0.268029270833759
5900.0,-739.8003294296127,3.6342876,41.383389,0.2676716777249889
5900.0,-739.7959880229723,3.634007,41.321014,0.2673140831179286
5900.0,-739.8034862093944,3.6335661,41.24614,0.2669564884832836
5900.0,-739.7961923309153,3.6334457,41.433331,0.2665988937774672
5900.0,-739.8033011256957,3.6331251,41.345989,0.2662412992322851
5900.0,-739.7955845088505,3.6330049,41.258644,0.2658837048202711
5900.0,-739.8037740894257,3.6329648,41.445797,0.2655261100464752
5900.0,-739.8025926867122,3.6323636,41.383389,0.2651685158437273
5900.0,-739.7962984828479,3.6323235,41.358456,0.2648109210866002
5900.0,-739.8032571916792,3.6320829,41.345989,0.2644533265626543
5900.0,-739.7957391106601,3.6316822,41.370922,0.2640957320759106
5900.0,-739.8018123602408,3.6314015,41.296082,0.2637381382503446
5900.0,-739.8011037499758,3.6310408,41.420822,0.2633805447672956
5900.0,-739.7935307343582,3.6310408,41.333481,0.263022951348013
5900.0,-739.801187027173,3.6308002,41.408356,0.2626653578247108
5900.0,-739.7918953413605,3.6306801,41.395889,0.2623077651959268
5900.0,-739.8004171255457,3.6301589,41.321014,0.2619501720447676
5900.0,-739.7936501918864,3.6300788,41.333481,0.2615925785677429
5900.0,-739.8005272702034,3.6299586,41.358456,0.2612349853633436
5900.0,-739.8017242738597,3.6294775,41.258644,0.2608773915803555
5900.0,-739.794340679065,3.6291568,41.358456,0.2605197977695706
5900.0,-739.8015357229892,3.6291168,41.321014,0.2601622040777213
5900.0,-739.7941715518284,3.6288762,41.370922,0.2598046103486872
5900.0,-739.803185634067,3.628716,41.408356,0.2594470158593296
5900.0,-739.8015907645201,3.6281948,41.283577,0.2590894221408752
5900.0,-739.7950111473803,3.6280746,41.408356,0.2587318280060064
5900.0,-739.8028033075235,3.6277139,41.308548,0.2583742337014519
5900.0,-739.7964321130119,3.6276338,41.333481,0.2580166388797322
5900.0,-739.8031486100421,3.6271527,41.395889,0.2576590444082707
5900.0,-739.7953941165213,3.6268721,41.458263,0.2573014500882866
5900.0,-739.8032045306953,3.626832,41.420822,0.256943855589795
5900.0,-739.8015627981567,3.6265914,41.370922,0.2565862618848585
5900.0,-739.7945128711253,3.6263111,41.308548,0.2562286679908412
5900.0,-739.8010960717752,3.62591,41.358456,0.2558710745115036
5900.0,-739.794855350091,3.6253891,41.383389,0.2555134804519425
5900.0,-739.8021129597155,3.6255093,41.333481,0.2551558864810775
5900.0,-739.8028011105362,3.6251886,41.321014,0.2547982921775849
5900.0,-739.7964362020356,3.6251085,41.358456,0.2544406973538887
5900.0,-739.8036301065385,3.6244671,41.420822,0.254083102649689
5900.0,-739.7975820587546,3.6244271,41.370922,0.2537255072721209
5900.0,-739.8055071794746,3.6240664,41.345989,0.253367911660611
5900.0,-739.7979424210089,3.623946,41.395889,0.2530103161088549
5900.0,-739.804232733857,3.6235852,41.345989,0.2526527211133666
5900.0,-739.8047219586902,3.6232646,41.395889,0.2522951258814045
5900.0,-739.795178114486,3.6230643,41.358456,0.251937531665829
5900.0,-739.8034781526146,3.6229439,41.395889,0.2515799370350784
5900.0,-739.7965037308857,3.6227837,41.408356,0.2512223421787408
5900.0,-739.8049706533162,3.6222224,41.383389,0.2508647468265686
5900.0,-739.8030623547565,3.6220222,41.370922,0.2505071523967999
5900.0,-739.7965972482218,3.6219018,41.508163,0.2501495574952589
5900.0,-739.804062287259,3.6217816,41.408356,0.2497919625821584
5900.0,-739.7970342091746,3.6212604,41.333481,0.2494343674694039
5900.0,-739.8036009925685,3.6210198,41.358456,0.2490767727792769
5900.0,-739.7960896950276,3.6206191,41.370922,0.2487191781230714
5900.0,-739.8028505005955,3.6203384,41.321014,0.2483615837957055
5900.0,-739.8038874565088,3.6201382,41.383389,0.2480039889671119
5900.0,-739.796082260625,3.6198175,41.345989,0.2476463943145001
5900.0,-739.8024792214031,3.619657,41.370922,0.2472888001665972
5900.0,-739.795684215997,3.6193764,41.345989,0.2469312057063879
5900.0,-739.8031348770296,3.6190557,41.395889,0.2465736112415645
5900.0,-739.795459997852,3.618655,41.395889,0.2462160168897353
5900.0,-739.8027804194422,3.6184146,41.445797,0.245858422596244
5900.0,-739.8037756884625,3.6181741,41.383389,0.2455008278216752
5900.0,-739.7962624723451,3.6178935,41.370922,0.2451432330819546
5900.0,-739.8040457460072,3.6175728,41.445797,0.2447856381768496
5900.0,-739.7962243379319,3.6173723,41.383389,0.2444280434555619
5900.0,-739.8041071358001,3.617172,41.483234,0.2440704485207832
5900.0,-739.8053088755848,3.6168914,41.345989,0.2437128530051264
5900.0,-739.7974142364777,3.6164103,41.508163,0.2433552577086784
5900.0,-739.8041143011793,3.61625,41.358456,0.2429976627704363
5900.0,-739.7966797680444,3.6161299,41.420822,0.2426400678290078
5900.0,-739.8036187904986,3.6155686,41.395889,0.2422824731302778
5900.0,-739.7967390572518,3.6152079,41.345989,0.2419248781601907
5900.0,-739.8043408407353,3.615248,41.370922,0.2415672831124474
5900.0,-739.8041998482147,3.6150475,41.408356,0.2412096881328549
5900.0,-739.7973048380052,3.6147668,41.383389,0.2408520928892867
5900.0,-739.8031777238075,3.6140454,41.358456,0.2404944984037527
5900.0,-739.7964618367071,3.6138852,41.370922,0.2401369035676655
5900.0,-739.8042456738995,3.6138852,41.433331,0.2397793085659225
5900.0,-739.8040228697948,3.6133239,41.383389,0.239421713671875
5900.0,-739.7974206335837,3.6131637,41.433331,0.2390641183723348
5900.0,-739.8038682062669,3.6128831,41.408356,0.2387065235530462
5900.0,-739.7964984330808,3.6126425,41.333481,0.2383489286992694
5900.0,-739.80435512279,3.6120412,41.370922,0.2379913336446227
5900.0,-739.7954289313396,3.6120813,41.345989,0.2376337393078101
5900.0,-739.8027616691295,3.6117606,41.445797,0.2372761450233821
5900.0,-739.8026204091478,3.6115603,41.383389,0.2369185508072341
5900.0,-739.7958907696085,3.6111996,41.420822,0.2365609562471831
5900.0,-739.803921136349,3.6109591,41.395889,0.23620336140231
5900.0,-739.7958367174292,3.6105983,41.370922,0.2358457668683861
5900.0,-739.8019918655235,3.6101573,41.345989,0.2354881729560537
5900.0,-739.8031643933168,3.6100371,41.395889,0.2351305784769632
5900.0,-739.7955515140591,3.6097965,41.420822,0.2347729840808979
5900.0,-739.8031897595572,3.6094759,41.420822,0.2344153895895462
5900.0,-739.7951255637164,3.6091552,41.358456,0.2340577953993722
5900.0,-739.8012894565908,3.6086743,41.345989,0.2337002018265592
5900.0,-739.79469441318,3.6085539,41.370922,0.2333426078447901
5900.0,-739.8038932553193,3.6082332,41.395889,0.2329850130133936
5900.0,-739.8033801421373,3.6079528,41.420822,0.2326274184300178
5900.0,-739.7938810252787,3.6075118,41.395889,0.2322698248414154
5900.0,-739.8017501040131,3.6075118,41.383389,0.2319122310459419
5900.0,-739.7932744005353,3.6072311,41.47073,0.2315546377505631
5900.0,-739.8006579954507,3.6067903,41.483234,0.231197044482976
5900.0,-739.8021405481136,3.6063094,41.358456,0.2308394504987757
5900.0,-739.7938051837309,3.606149,41.345989,0.2304818569468328
5900.0,-739.8007653083358,3.6058683,41.395889,0.2301242636273744
5900.0,-739.7942130919878,3.6055877,41.370922,0.2297666698782611
5900.0,-739.8009180441793,3.6053073,41.433331,0.2294090764849757
5900.0,-739.7944124807015,3.6049464,41.358456,0.229051482639484
5900.0,-739.8021181965917,3.6043854,41.395889,0.2286938886660877
5900.0,-739.8016921566309,3.6044254,41.408356,0.2283362948986239
5900.0,-739.7935426486381,3.6040246,41.47073,0.2279787014735823
5900.0,-739.8016973812288,3.6036236,41.345989,0.2276211077035931
5900.0,-739.7944450731798,3.6031828,41.370922,0.2272635138423472
5900.0,-739.8013600382872,3.6034234,41.370922,0.2269059202354176
5900.0,-739.8019697219131,3.6025815,41.370922,0.2265483263337886
5900.0,-739.7930768058599,3.6025014,41.345989,0.2261907331339211
5900.0,-739.8017192688377,3.6022208,41.308548,0.2258331393533522
5900.0,-739.7938593580775,3.6019001,41.321014,0.225475545775223
5900.0,-739.8023893409656,3.6015394,41.383389,0.2251179516707652
5900.0,-739.7957007683374,3.6011786,41.508163,0.2247603572025549
5900.0,-739.8024890358137,3.6010585,41.395889,0.2244027630499082
5900.0,-739.8024203224568,3.6006978,41.370922,0.224045168930475
5900.0,-739.7945979538013,3.6004171,41.383389,0.2236875749953313
5900.0,-739.8027909052681,3.6000965,41.47073,0.2233299806967716
5900.0,-739.7955468624926,3.5997758,41.420822,0.2229723863029547
5900.0,-739.8023264865828,3.5992947,41.395889,0.2226147922288784
5900.0,-739.7956692741369,3.5988939,41.445797,0.2222571977758915
5900.0,-739.8043765219294,3.5987337,41.370922,0.2218996027109012
5900.0,-739.8038865777958,3.5982125,41.408356,0.2215420078827324
5900.0,-739.796624909602,3.5981324,41.395889,0.2211844129678208
5900.0,-739.8038516289989,3.5977716,41.445797,0.220826818156545
5900.0,-739.7965634230201,3.597491,41.408356,0.2204692232713541
5900.0,-739.8029311281474,3.5971704,41.383389,0.2201116289050156
5900.0,-739.8025606675046,3.5968096,41.383389,0.2197540347177446
5900.0,-739.7952428600906,3.596489,41.383389,0.2193964404708731
5900.0,-739.802584056129,3.5964086,41.395889,0.2190388462722969
5900.0,-739.79500707043,3.5960879,41.458263,0.2186812521393989
5900.0,-739.8029424319091,3.5953665,41.370922,0.2183236577675966
5900.0,-739.7969643366357,3.5953264,41.345989,0.2179660626886163
5900.0,-739.8026125475922,3.5951662,41.383389,0.2176084684762683
5900.0,-739.8043360675675,3.5948455,41.370922,0.2172508734308322
5900.0,-739.7973367105764,3.5943244,41.296082,0.2168932781718579
5900.0,-739.802586717234,3.5942042,41.420822,0.2165356839719954
5900.0,-739.7954489385387,3.5934424,41.345989,0.2161780896255119
5900.0,-739.8017742739431,3.5933623,41.408356,0.2158204958183555
5900.0,-739.8041194402388,3.5930417,41.395889,0.2154629008776294
5900.0,-739.7959566265877,3.5926409,41.383389,0.2151053062857451
5900.0,-739.8030288457886,3.5924003,41.433331,0.2147477118721734
5900.0,-739.7931446154697,3.591759,41.333481,0.2143901186395288
5900.0,-739.802581724695,3.5914783,41.345989,0.2140325244420795
5900.0,-739.7957020376905,3.5914783,41.458263,0.2136749299732557
5900.0,-739.8039684757367,3.5910776,41.308548,0.2133173351055004
5900.0,-739.8023870946607,3.5905163,41.433331,0.2129597410021283
5900.0,-739.7954438965281,3.5904362,41.370922,0.212602146658082
5900.0,-739.8026774649248,3.5900755,41.458263,0.2122445524143553
5900.0,-739.7946484784762,3.5898349,41.358456,0.2118869584547896
5900.0,-739.8032153584704,3.5894341,41.420822,0.2115293639510643
5900.0,-739.8029181396058,3.5889533,41.433331,0.2111717695910041
5900.0,-739.7954283086342,3.5887928,41.271111,0.2108141752544925
5900.0,-739.8025511334474,3.5885925,41.458263,0.2104565810718299
5900.0,-739.7956593746968,3.5881114,41.383389,0.2100989866236281
5900.0,-739.802570200948,3.5876706,41.395889,0.209741392431749
5900.0,-739.7951686054901,3.5873098,41.383389,0.2093837982207698
5900.0,-739.803784538417,3.5869491,41.383389,0.2090262034419233
5900.0,-739.803149867539,3.5867887,41.420822,0.208668608969854
5900.0,-739.7957632557907,3.5866685,41.408356,0.2083110144714393
5900.0,-739.8039163263464,3.5859067,41.47073,0.2079534196288911
5900.0,-739.7969717708337,3.5857065,41.408356,0.2075958245463174
5900.0,-739.8041738960974,3.5853858,41.420822,0.2072382295792692
5900.0,-739.8036342571993,3.5851452,41.395889,0.2068806348730632
5900.0,-739.7982094721995,3.5849047,41.395889,0.2065230391922227
5900.0,-739.804793382265,3.5843837,41.408356,0.206165443925737
5900.0,-739.7965143997548,3.5838625,41.383389,0.2058078490642424
5900.0,-739.8025349961499,3.5839427,41.395889,0.20545025488938
5900.0,-739.7970559619133,3.5833817,41.420822,0.2050926597661109
5900.0,-739.8047491193961,3.5831411,41.358456,0.2047350645210203
5900.0,-739.8039496517546,3.5826199,41.420822,0.2043774696623638
5900.0,-739.7959793192166,3.5823395,41.433331,0.2040198750595107
5900.0,-739.8035263222164,3.5819385,41.408356,0.2036622804054766
5900.0,-739.7963126917041,3.5817783,41.333481,0.2033046856414815
5900.0,-739.8039195614593,3.5812171,41.395889,0.2029470907973696
5900.0,-739.8033221824767,3.5810969,41.370922,0.2025894962420094
5900.0,-739.7972390548994,3.5806158,41.383389,0.2022319010302388
5900.0,-739.8037428511146,3.5799744,41.358456,0.2018743062715424
5900.0,-739.7964182821171,3.5797741,41.408356,0.2015167114565081
5900.0,-739.8032893459474,3.5794935,41.47073,0.2011591169170199
5900.0,-739.7971093799276,3.579293,41.445797,0.2008015217679302
5900.0,-739.804819077767,3.5790927,41.333481,0.2004439264890241
5900.0,-739.8046673434189,3.5786917,41.483234,0.2000863312834611
5900.0,-739.7973473430204,3.5781708,41.458263,0.1997287360193474
5900.0,-739.802391965236,3.5777299,41.383389,0.199371141913621
5900.0,-739.7970568653785,3.5774493,41.358456,0.1990135467899152
5900.0,-739.8042315258823,3.5772088,41.433331,0.1986559517950109
5900.0,-739.8031278090579,3.576848,41.358456,0.1982983573336038
5900.0,-739.7970225885465,3.5763669,41.333481,0.1979407622264664
5900.0,-739.8051591921131,3.5761666,41.408356,0.1975831667831613
5900.0,-739.7959087263613,3.5756054,41.420822,0.1972255722144305
5900.0,-739.8034056307508,3.5753648,41.395889,0.1968679776187344
5900.0,-739.7954541751576,3.574924,41.395889,0.1965103832697197
5900.0,-739.802641380595,3.5746033,41.408356,0.1961527890434349
5900.0,-739.8037989553276,3.5742025,41.445797,0.1957951942576197
5900.0,-739.7958926006856,3.5737615,41.395889,0.1954375996966836
5900.0,-739.8043098467613,3.5735211,41.358456,0.1950800046639217
5900.0,-739.7955887814322,3.5731201,41.383389,0.1947224102498425
5900.0,-739.8038277396269,3.5726793,41.345989,0.194364815450114
5900.0,-739.7971152758817,3.5723987,41.370922,0.1940072202981743
5900.0,-739.8033219506225,3.5720379,41.370922,0.1936496257429262
5900.0,-739.8029984507883,3.5716372,41.358456,0.1932920313440464
5900.0,-739.7966492990672,3.5710759,41.345989,0.1929344364173456
5900.0,-739.8046809299111,3.5707953,41.408356,0.1925768412052154
5900.0,-739.7964401693013,3.5703545,41.321014,0.1922192463796015
5900.0,-739.8054571063356,3.570154,41.333481,0.1918616507922952
5900.0,-739.8045890110803,3.569633,41.308548,0.1915040556245952
5900.0,-739.7965402296484,3.5693524,41.395889,0.1911464607506152
5900.0,-739.8034689977504,3.5689917,41.370922,0.1907888661242897
5900.0,-739.7958064191179,3.5690718,41.358456,0.1904312716050112
5900.0,-739.8038019585864,3.5681498,41.358456,0.1900736768177443
5900.0,-739.7966826241402,3.5677891,41.383389,0.1897160818749352
5900.0,-739.8044651086491,3.5675485,41.345989,0.1893584867671253
5900.0,-739.8040468571884,3.5670276,41.370922,0.1890008918614832
5900.0,-739.7963468344999,3.5665867,41.383389,0.1886432970809844
5900.0,-739.8044148155248,3.5664263,41.370922,0.1882857019974844
5900.0,-739.7973025675759,3.5659051,41.370922,0.1879281067550137
5900.0,-739.8044909392117,3.5655847,41.383389,0.1875705116347182
5900.0,-739.8040455994868,3.5651836,41.358456,0.187212916729684
5900.0,-739.7973404210247,3.5649433,41.358456,0.1868553214689161
5900.0,-739.8055108543533,3.5646226,41.321014,0.1864977258556299
5900.0,-739.7974317176579,3.5641415,41.395889,0.1861401305507321
5900.0,-739.8032922141455,3.5637808,41.333481,0.1857825360098575
5900.0,-739.7974578156238,3.5632596,41.383389,0.1854249406923447
5900.0,-739.804264875847,3.5628989,41.408356,0.1850673456813202
5900.0,-739.8046546726794,3.562458,41.370922,0.1847097504818817
5900.0,-739.7965609207389,3.5620573,41.383389,0.1843521555979003
5900.0,-739.8046236913929,3.5617766,41.345989,0.1839945604134371
5900.0,-739.7971398849206,3.5614159,41.47073,0.1836369652496022
5900.0,-739.8049653560721,3.5608547,41.383389,0.1832793698999904
5900.0,-739.805118578748,3.560534,41.345989,0.1829217744763163
5900.0,-739.797256644741,3.5601733,41.370922,0.1825641792560433
5900.0,-739.8043348593882,3.5598526,41.420822,0.1822065842111912
5900.0,-739.7973815097586,3.5594118,41.358456,0.1818489889305623
5900.0,-739.8055044577969,3.5590107,41.345989,0.181491393320368
5900.0,-739.7979457287348,3.5584898,41.395889,0.181133797767013
5900.0,-739.8060329028236,3.558089,41.370922,0.1807762019013873
5900.0,-739.8060620047202,3.5578885,41.420822,0.1804186060216947
5900.0,-739.7975867090931,3.5574076,41.283577,0.1800610106418787
5900.0,-739.8058446089778,3.5569665,41.395889,0.1797034148672675
5900.0,-739.798310704698,3.5563252,41.395889,0.1793458191374944
5900.0,-739.8063133727295,3.5560446,41.333481,0.1789882231362994
5900.0,-739.8058996382305,3.5557239,41.345989,0.178630627335089
5900.0,-739.797896718157,3.5553632,41.420822,0.1782730318054242
5900.0,-739.8056550439244,3.5548422,41.383389,0.177915436122442
5900.0,-739.798241992237,3.5545616,41.333481,0.1775578404258823
5900.0,-739.8055750996568,3.5542409,41.308548,0.1772002447815423
5900.0,-739.7973634932522,3.5535996,41.370922,0.176842649509622
5900.0,-739.8055464620826,3.5532389,41.358456,0.1764850538791244
5900.0,-739.8056147000667,3.5528381,41.370922,0.1761274582156429
5900.0,-739.7978615734664,3.5523169,41.383389,0.175769862702966
5900.0,-739.8059013713048,3.5521567,41.345989,0.1754122669009178
5900.0,-739.79785276064,3.5516355,41.321014,0.1750546713925007
5900.0,-739.8060390308958,3.5511546,41.308548,0.1746970755239129
5900.0,-739.8058906045117,3.5506334,41.345989,0.174339479727069
5900.0,-739.7966795848959,3.5503128,41.345989,0.173981884785729
5900.0,-739.8049414417342,3.5498719,41.296082,0.1736242894476766
5900.0,-739.7980942874576,3.5493908,41.333481,0.1732666938225129
5900.0,-739.8053121227714,3.54899,41.333481,0.1729090983052865
5900.0,-739.7978584122594,3.5484288,41.395889,0.1725515027941376
5900.0,-739.8051856083481,3.5482686,41.370922,0.1721939073380638
5900.0,-739.8062608214312,3.5475471,41.333481,0.1718363113622703
5900.0,-739.7993805121645,3.5472264,41.321014,0.1714787151153852
5900.0,-739.8044356531391,3.5468655,41.321014,0.1711211200218129
5900.0,-739.7991638503848,3.5465448,41.358456,0.1707635238796555
5900.0,-739.8052823617378,3.5459838,41.370922,0.1704059283768145
5900.0,-739.8052306402443,3.5457032,41.383389,0.1700483328989738
5900.0,-739.7968025940754,3.5450618,41.321014,0.169690737898175
5900.0,-739.8050544981777,3.5449014,41.358456,0.1693331425054751
5900.0,-739.7972782877952,3.5443404,41.358456,0.1689755472747405
5900.0,-739.805049682036,3.5438192,41.358456,0.1686179518843686
5900.0,-739.7966237867677,3.543258,41.308548,0.1682603569699997
5900.0,-739.8049645862261,3.5429776,41.321014,0.1679027616207601
5900.0,-739.8057746745495,3.5423763,41.445797,0.1675451658799527
5900.0,-739.7983418082495,3.5424163,41.383389,0.167187570135145
5900.0,-739.8053896862872,3.5416548,41.395889,0.1668299745804272
5900.0,-739.7992763988094,3.5411737,41.383389,0.1664723783838672
5900.0,-739.8060918388093,3.5408931,41.333481,0.1661147824897539
5900.0,-739.7980782598023,3.5402918,41.345989,0.1657571868723375
5900.0,-739.8044681849633,3.539891,41.345989,0.1653995917630406
5900.0,-739.8058661783756,3.5395703,41.370922,0.1650419959780034
5900.0,-739.7985955423848,3.5388088,41.308548,0.1646844001105485
5900.0,-739.8061180716892,3.538368,41.408356,0.1643268042037552
5900.0,-739.7989308316916,3.5381274,41.383389,0.1639692081742317
5900.0,-739.805878202461,3.5375261,41.383389,0.1636116123833826
5900.0,-739.8064762403761,3.5372455,41.370922,0.1632540163034632
5900.0,-739.7992218334047,3.5367646,41.408356,0.1628964201332786
5900.0,-739.8065008377938,3.5362034,41.370922,0.1625388240414697
5900.0,-739.7992683664622,3.5358827,41.445797,0.1621812278487923
5900.0,-739.8055981958543,3.5354419,41.345989,0.1618236321932884
5900.0,-739.7989074797275,3.5350008,41.370922,0.1614660361750526
5900.0,-739.805930985818,3.5344398,41.296082,0.1611084403586899
5900.0,-739.8053094980919,3.5339186,41.333481,0.1607508448427322
5900.0,-739.797052922669,3.5335579,41.333481,0.1603932497209321
5900.0,-739.8049294667617,3.5331571,41.333481,0.160035654388668
5900.0,-739.7980707157152,3.5328364,41.296082,0.1596780587748982
5900.0,-739.8056942659597,3.5318744,41.345989,0.1593204630729574
5900.0,-739.8044477991884,3.5316339,41.395889,0.1589628679735142
5900.0,-739.7978314468442,3.5313532,41.308548,0.1586052724753996
5900.0,-739.8048290268289,3.5308723,41.358456,0.1582476771916845
5900.0,-739.7986246069495,3.5301509,41.321014,0.1578900813101807
5900.0,-739.806328327018,3.5298302,41.321014,0.1575324853017574
5900.0,-739.7999704261797,3.5292289,41.358456,0.157174888769726
5900.0,-739.8068315156946,3.5287879,41.296082,0.1568172925180792
5900.0,-739.8069985333882,3.5284672,41.345989,0.1564596961857021
5900.0,-739.8011505965651,3.5278258,41.321014,0.1561020990832126
5900.0,-739.8070825425734,3.5273449,41.296082,0.1557445027102284
5900.0,-739.7985061504975,3.5271444,41.345989,0.1553869068859828
5900.0,-739.8061906553535,3.5266635,41.345989,0.1550293109441051
5900.0,-739.8072492303914,3.5257015,41.333481,0.1546717144905499
5900.0,-739.79920402358,3.525461,41.345989,0.1543141183289739
5900.0,-739.808391753428,3.5250602,41.345989,0.1539565213231639
5900.0,-739.8005699474157,3.5244589,41.258644,0.1535989245013423
5900.0,-739.8065338095885,3.5241783,41.358456,0.1532413283935961
5900.0,-739.7982061763424,3.5234969,41.370922,0.1528837327143487
5900.0,-739.8077707539668,3.5230961,41.283577,0.1525261360087077
5900.0,-739.8068204926956,3.5225348,41.358456,0.152168539762389
5900.0,-739.7989296351886,3.5222142,41.321014,0.1518109437334439
5900.0,-739.806992088128,3.5216532,41.370922,0.1514533474041822
5900.0,-739.8013022190885,3.521132,41.358456,0.1510957502284031
5900.0,-739.8069384133705,3.5206108,41.296082,0.1507381539250858
5900.0,-739.8066116780141,3.5201299,41.283577,0.1503805577797007
5900.0,-739.7989696739385,3.5198092,41.395889,0.1500229617314021
5900.0,-739.8060082323505,3.5193284,41.321014,0.1496653658777012
5900.0,-739.7985596294931,3.5187271,41.308548,0.1493077700276055
5900.0,-739.8060338918364,3.5181658,41.221207,0.1489501741615016
5900.0,-739.7984428580086,3.5178452,41.345989,0.1485925783678497
5900.0,-739.8059175699935,3.5171638,41.358456,0.1482349825579717
5900.0,-739.8063995187387,3.5166025,41.358456,0.1478773865151368
5900.0,-739.7988157197999,3.5160415,41.345989,0.1475197905412549
5900.0,-739.8065908526779,3.5157208,41.308548,0.1471621944059361
5900.0,-739.7974619052616,3.5152798,41.333481,0.1468045990864465
5900.0,-739.8054187881837,3.5146384,41.358456,0.1464470035176618
5900.0,-739.8059725143216,3.5143178,41.321014,0.1460894076812257
5900.0,-739.8001300082,3.5135562,41.296082,0.1457318110720573
5900.0,-739.8075454966688,3.5131555,41.345989,0.1453742144752975
5900.0,-739.8000338046154,3.5123537,41.333481,0.1450166179126309
5900.0,-739.8069208229426,3.5119529,41.321014,0.1446590216178162
5900.0,-739.7980114633422,3.5117524,41.308548,0.1443014260326872
5900.0,-739.806247052198,3.5108306,41.345989,0.1439438300635492
5900.0,-739.8063695377198,3.5104699,41.420822,0.1435862340352061
5900.0,-739.79949776004,3.5100288,41.345989,0.143228637731647
5900.0,-739.8071285020911,3.509588,41.283577,0.1428710413364476
5900.0,-739.8014610196062,3.5089066,41.345989,0.1425134440839092
5900.0,-739.8089071747156,3.5084655,41.296082,0.1421558468289628
5900.0,-739.8025438883338,3.5079446,41.333481,0.1417982490529991
5900.0,-739.8090623748028,3.5074234,41.24614,0.1414406517230345
5900.0,-739.8087586986046,3.5069425,41.333481,0.1410830545398562
5900.0,-739.8018437697874,3.5066619,41.308548,0.1407254571023082
5900.0,-739.8096103150225,3.50582,41.271111,0.1403678595074889
5900.0,-739.803033412539,3.5052991,41.345989,0.1400102614949041
5900.0,-739.8080106481607,3.5047379,41.333481,0.1396526646733067
5900.0,-739.8074657351424,3.504257,41.345989,0.1392950681151009
5900.0,-739.7997652149762,3.5037358,41.345989,0.1389374716822623
5900.0,-739.8062694518097,3.5033751,41.321014,0.1385798757022971
5900.0,-739.7994140934409,3.5026937,41.345989,0.1382222794391799
5900.0,-739.8069123877883,3.5019722,41.333481,0.1378646831484424
5900.0,-739.7989665491565,3.5016115,41.321014,0.1375070871016543
5900.0,-739.8071733510415,3.5010903,41.308548,0.1371494906847765
5900.0,-739.807166966968,3.5005291,41.308548,0.1367918942709845
5900.0,-739.7995479914725,3.4999278,41.345989,0.136434297943145
5900.0,-739.806677437839,3.4994869,41.321014,0.136076701765974
5900.0,-739.8000584750451,3.4988055,41.296082,0.1357191051913825
5900.0,-739.8066594076454,3.4981642,41.345989,0.1353615090229266
5900.0,-739.8059258588321,3.4977634,41.358456,0.1350039132090421
5900.0,-739.7988967985804,3.4972823,41.321014,0.1346463171959692
5900.0,-739.8072015862986,3.4966009,41.308548,0.1342887207654435
5900.0,-739.7983868519709,3.4959195,41.308548,0.1339311249988631
5900.0,-739.8044815023572,3.4955587,41.296082,0.133573529883129
5900.0,-739.7996162535311,3.4951179,41.321014,0.1332159335222938
5900.0,-739.8071499133041,3.4945967,41.308548,0.132858337116745
5900.0,-739.8070332744779,3.4939554,41.283577,0.1325007407675752
5900.0,-739.7995871885571,3.4934344,41.333481,0.1321431444207891
5900.0,-739.8058534828748,3.4927931,41.283577,0.1317855486418885
5900.0,-739.7996086726096,3.492312,41.308548,0.1314279522847176
5900.0,-739.8058977093182,3.4917507,41.296082,0.1310703564844396
5900.0,-739.806825021117,3.4909892,41.333481,0.130712760235932
5900.0,-739.7991651813331,3.4903879,41.24614,0.1303551640931312
5900.0,-739.8055741116673,3.4902678,41.283577,0.1299975684492687
5900.0,-739.799391852033,3.4894259,41.271111,0.1296399721969023
5900.0,-739.806310943888,3.4890652,41.321014,0.1292823761968813
5900.0,-739.7991283524937,3.4883838,41.321014,0.1289247800718824
5900.0,-739.8073388548274,3.4876223,41.283577,0.128567183575006
5900.0,-739.8065040360719,3.487061,41.271111,0.1282095874816512
5900.0,-739.7993623235598,3.4866602,41.24614,0.1278519912435579
5900.0,-739.8075196787936,3.4858587,41.296082,0.1274943946592776
5900.0,-739.7981817745989,3.485538,41.333481,0.1271367989918253
5900.0,-739.8067466885736,3.4848163,41.258644,0.126779202781181
5900.0,-739.8065758992079,3.4843755,41.296082,0.1264216066530901
5900.0,-739.8008988031916,3.4836941,41.258644,0.1260640096723098
5900.0,-739.8085013365607,3.4830928,41.345989,0.1257064126135312
5900.0,-739.800124759303,3.4826119,41.308548,0.1253488160068999
5900.0,-739.8062261775443,3.4818501,41.283577,0.124991220047852
5900.0,-739.7992295240108,3.4814894,41.271111,0.1246336238739499
5900.0,-739.8066401084951,3.4806879,41.221207,0.1242760277148225
5900.0,-739.8061329647911,3.4800065,41.258644,0.1239184318008303
5900.0,-739.7979987923206,3.4796054,41.258644,0.123560836221826
5900.0,-739.8054680562792,3.4788039,41.271111,0.123203240629227
5900.0,-739.7982193356238,3.478363,41.308548,0.1228456449436188
5900.0,-739.8045205901504,3.4776013,41.308548,0.1224880498089911
5900.0,-739.8050100576835,3.4771204,41.308548,0.1221304544377722
5900.0,-739.798943087508,3.4762385,41.271111,0.1217728584023247
5900.0,-739.8056091212414,3.4760382,41.258644,0.1214152627415398
5900.0,-739.7988185636175,3.4752765,41.321014,0.1210576667662833
5900.0,-739.8050562623569,3.4746351,41.321014,0.1207000713727307
5900.0,-739.798833639309,3.4737535,41.296082,0.1203424753901871
5900.0,-739.8057253207111,3.4733124,41.296082,0.1199848796732356
5900.0,-739.8056225247876,3.4728315,41.258644,0.1196272840059719
5900.0,-739.7990825029182,3.4719095,41.24614,0.1192696879031353
5900.0,-739.8063922557474,3.4714687,41.283577,0.1189120918638111
5900.0,-739.7986369364345,3.4708273,41.283577,0.1185544959763476
5900.0,-739.8063151678089,3.470186,41.283577,0.118196899974285
5900.0,-739.8069093966031,3.4696648,41.271111,0.1178393036849933
5900.0,-739.7993967229684,3.4689434,41.283577,0.1174817074302724
5900.0,-739.8055636373011,3.4681818,41.258644,0.1171241117914728
5900.0,-739.7975748934475,3.4678211,41.258644,0.1167665164173682
5900.0,-739.8046606419529,3.4669392,41.20874,0.1164089212150444
5900.0,-739.7976679953739,3.466418,41.321014,0.1160513257959372
5900.0,-739.8050262690598,3.4658167,41.271111,0.1156937304168823
5900.0,-739.8045414521166,3.4650152,41.321014,0.1153361352721707
5900.0,-739.7976696801368,3.4642937,41.271111,0.1149785398522491
5900.0,-739.8051872806451,3.4636524,41.233673,0.1146209443953669
5900.0,-739.7969882746755,3.4631312,41.271111,0.1142633493048157
5900.0,-739.8040099305709,3.4623296,41.321014,0.1139057544170226
5900.0,-739.7969650201178,3.4618084,41.308548,0.113548159337712
5900.0,-739.8039410336544,3.4610069,41.296082,0.1131905644832212
5900.0,-739.80423173318,3.4602854,41.24614,0.1128329694882166
5900.0,-739.7967136423587,3.4597242,41.283577,0.1124753745304143
5900.0,-739.8045690032707,3.4591229,41.258644,0.1121177793723854
5900.0,-739.79711598392,3.4583213,41.345989,0.1117601842201035
5900.0,-739.8049661248948,3.4575195,41.258644,0.1114025888701201
5900.0,-739.8052164922271,3.4570787,41.233673,0.1110449933991181
5900.0,-739.7986760109426,3.4561167,41.358456,0.1106873974927672
5900.0,-739.8053697159263,3.4554753,41.233673,0.1103298019477023
5900.0,-739.7980899659681,3.4547539,41.233673,0.1099722063246275
5900.0,-739.8048307234777,3.4542727,41.283577,0.1096146110400924
5900.0,-739.7984859118558,3.4533107,41.321014,0.1092570152256295
5900.0,-739.8049405750946,3.4530704,41.296082,0.108899419887996
5900.0,-739.8047948712068,3.4522285,41.24614,0.1085418246207906
5900.0,-739.7966848827007,3.451467,41.296082,0.1081842296768898
5900.0,-739.8038532034793,3.4506652,41.271111,0.1078266348648529
5900.0,-739.7956732416073,3.4499438,41.308548,0.1074690404099483
5900.0,-739.8031006972602,3.4491823,41.333481,0.1071114459616461
5900.0,-739.8031818372243,3.4485009,41.271111,0.1067538514741239
5900.0,-739.7952347305417,3.447659,41.258644,0.1063962572311819
5900.0,-739.8026734364327,3.4470577,41.283577,0.1060386629894025
5900.0,-739.7952472304879,3.4462161,41.296082,0.1056810687404185
5900.0,-739.8043934167946,3.4454947,41.296082,0.1053234736672618
5900.0,-739.7963975668797,3.4448533,41.233673,0.1049658788622406
5900.0,-739.803850591078,3.4440114,41.283577,0.1046082840514665
5900.0,-739.8043091876242,3.4433701,41.271111,0.1042506890190232
5900.0,-739.7977915666868,3.4426086,41.258644,0.1038930935401854
5900.0,-739.8032047381977,3.4418068,41.233673,0.1035354990415936
5900.0,-739.7971274213994,3.4414861,41.308548,0.1031779038837832
5900.0,-739.803603446785,3.4401634,41.283577,0.1028203091924699
5900.0,-739.8042978715843,3.4394419,41.283577,0.1024627141654964
5900.0,-739.7963472986129,3.4388406,41.271111,0.1021051193847733
5900.0,-739.8041345283602,3.437959,41.333481,0.1017475244367541
5900.0,-739.7956039307925,3.4372373,41.321014,0.1013899300153521
5900.0,-739.8046253753541,3.4362752,41.271111,0.101032334830075
5900.0,-739.7967809761914,3.4355938,41.258644,0.1006747398397255
5900.0,-739.8063601870176,3.4347522,41.321014,0.1003171438159022
5900.0,-739.8052927622299,3.4339905,41.258644,0.099959548308034
5900.0,-739.7970185230558,3.4333091,41.24614,0.0996019532028617
5900.0,-739.8051334720545,3.4324274,41.308548,0.0992443577719887
5900.0,-739.7975611726466,3.4315455,41.296082,0.0988867624045163
5900.0,-739.8060648976793,3.4306235,41.308548,0.0985291665234253
5900.0,-739.8044710046623,3.4299421,41.296082,0.0981715714127654
5900.0,-739.7972833048402,3.4291806,41.333481,0.0978139761796058
5900.0,-739.804951732336,3.4282587,41.308548,0.0974563808365793
5900.0,-739.7971808152668,3.4272966,41.321014,0.0970987856529599
5900.0,-739.8052647592364,3.4268157,41.345989,0.0967411901586274
5900.0,-739.7972361490772,3.4258537,41.258644,0.0963835949482613
5900.0,-739.8041926588929,3.425092,41.321014,0.0960259999721439
5900.0,-739.8049371572405,3.4240499,41.321014,0.0956684046361625
5900.0,-739.7975738064245,3.4232082,41.271111,0.0953108092625833
5900.0,-739.804871410103,3.4222863,41.308548,0.0949532139583817
5900.0,-739.7971031418233,3.421685,41.24614,0.0945956188123073
5900.0,-739.8051250123438,3.420763,41.283577,0.0942380233855234
5900.0,-739.8048983751756,3.4199615,41.333481,0.0938804280682878
5900.0,-739.7980644413904,3.418839,41.24614,0.0935228324575508
5900.0,-739.803117323232,3.4180775,41.283577,0.0931652380012123
5900.0,-739.7956783808197,3.417316,41.196236,0.0928076435438235
5900.0,-739.8030290414221,3.4163139,41.321014,0.0924500491301572
5900.0,-739.7960518284821,3.4153919,41.271111,0.0920924544922553
5900.0,-739.8036636642101,3.4145501,41.333481,0.091734859771835
5900.0,-739.8030165659064,3.4137886,41.283577,0.091377265364199
5900.0,-739.7937845538264,3.4127865,41.258644,0.0910196718222279
5900.0,-739.8022088833005,3.4117043,41.358456,0.0906620778049968
5900.0,-739.7954595707781,3.4109025,41.296082,0.0903044834533741
5900.0,-739.8036215129948,3.4096999,41.283577,0.0899468887533282
5900.0,-739.8034553253107,3.4088182,41.20874,0.0895892941336115
5900.0,-739.7974962316152,3.4079764,41.296082,0.0892316987975296
5900.0,-739.8032538225287,3.4071748,41.308548,0.0888741042752122
5900.0,-739.7960707494767,3.4060924,41.296082,0.0885165096281644
5900.0,-739.8037760670417,3.4050903,41.283577,0.0881589148534126
5900.0,-739.7961649996121,3.4040082,41.24614,0.0878013201608073
5900.0,-739.8029143798026,3.4034069,41.283577,0.0874437258025644
5900.0,-739.8026592521946,3.4023647,41.283577,0.087086131567641
5900.0,-739.7947623081227,3.4014428,41.258644,0.0867285375530536
5900.0,-739.8016094659245,3.4001601,41.233673,0.0863709438255595
5900.0,-739.7957939686934,3.3995187,41.24614,0.0860133493122991
5900.0,-739.8019472113879,3.3983164,41.258644,0.0856557554215509
5900.0,-739.7937511929423,3.3973143,41.321014,0.0852981618957054
5900.0,-739.802476328444,3.3962319,41.271111,0.0849405677492009
5900.0,-739.8033214867095,3.3951097,41.271111,0.0845829731941771
5900.0,-739.7940529122277,3.3944683,41.283577,0.0842253795224897
5900.0,-739.8027854484068,3.3933461,41.271111,0.0838677852265677
5900.0,-739.7955277716508,3.3922637,41.321014,0.0835101908419787
5900.0,-739.8030459481562,3.391422,41.271111,0.0831525964201403
5900.0,-739.8033476708856,3.3902194,41.258644,0.08279500185246
5900.0,-739.7967240789667,3.3893776,41.345989,0.0824374068896129
5900.0,-739.8044759732588,3.3883755,41.271111,0.0820798117765513
5900.0,-739.797908753581,3.3872132,41.333481,0.081722216241069
5900.0,-739.8031019545525,3.3861711,41.296082,0.0813646217921591
5900.0,-739.7959886452685,3.3850887,41.345989,0.0810070271847981
5900.0,-739.8022503755833,3.3840466,41.271111,0.0806494331475111
5900.0,-739.8028319575806,3.3830445,41.233673,0.0802918388291082
5900.0,-739.795521337915,3.3821225,41.308548,0.0799342444476291
5900.0,-739.8035105868267,3.3807197,41.271111,0.079576649801201
5900.0,-739.7948338899809,3.3797576,41.296082,0.079219055752013
5900.0,-739.8031554582333,3.3786755,41.271111,0.0788614612772414
5900.0,-739.8041114448502,3.3777134,41.233673,0.0785038663403799
5900.0,-739.7964308184885,3.3763506,41.308548,0.0781462715192859
5900.0,-739.8033781033346,3.3751881,41.271111,0.0777886769368956
5900.0,-739.795512769014,3.3743064,41.271111,0.0774310825595584
5900.0,-739.8047986066582,3.3729837,41.333481,0.0770734872905474
5900.0,-739.7982108150168,3.3718612,41.258644,0.0767158916090579
5900.0,-739.8042492996652,3.3708591,41.296082,0.0763582966055623
5900.0,-739.805127185593,3.3697369,41.321014,0.0760007011777279
5900.0,-739.7972522375093,3.3684142,41.333481,0.0756431059595853
5900.0,-739.8053482189702,3.3673718,41.358456,0.0752855104249112
5900.0,-739.7966583079343,3.3661695,41.308548,0.0749279154938558
5900.0,-739.803411282427,3.3652875,41.233673,0.0745703208954279
5900.0,-739.8046346532054,3.3640449,41.345989,0.0742127257056662
5900.0,-739.7969394466323,3.3628426,41.24614,0.073855130638717
5900.0,-739.8035588783924,3.3615999,41.258644,0.0734975359689464
5900.0,-739.7965120071582,3.3603973,41.271111,0.0731399411086083
5900.0,-739.8039663266346,3.359235,41.296082,0.0727823462418918
5900.0,-739.797500503583,3.3577919,41.296082,0.0724247509037449
5900.0,-739.8054890156527,3.3570304,41.383389,0.0720671553010148
5900.0,-739.8043538288675,3.3555875,41.333481,0.0717095602469936
5900.0,-739.797552431852,3.3542645,41.296082,0.0713519648837462
5900.0,-739.8043006309151,3.3530622,41.296082,0.0709943698554389
5900.0,-739.7982726922475,3.3519397,41.308548,0.0706367741440398
5900.0,-739.8046847267537,3.3507373,41.333481,0.0702791789300743
5900.0,-739.8060621997396,3.3495347,41.433331,0.0699215830502874
5900.0,-739.7970668509702,3.348212,41.333481,0.0695639879217549
5900.0,-739.8038131158277,3.3469293,41.383389,0.069206393129095
5900.0,-739.7960622652947,3.3458471,41.271111,0.0688487984861483
5900.0,-739.8033457305137,3.3444443,41.345989,0.0684912039194058
5900.0,-739.7969751272628,3.3432016,41.321014,0.0681336088352097
5900.0,-739.8039820010422,3.3418789,41.345989,0.0677760139609167
5900.0,-739.8036298867579,3.3405962,41.271111,0.0674184192568233
5900.0,-739.7944715261881,3.3392735,41.358456,0.0670608253827909
5900.0,-739.8027039785673,3.3379908,41.345989,0.0667032311262484
5900.0,-739.795138478254,3.3365879,41.321014,0.0663456369298319
5900.0,-739.8028195434562,3.3353052,41.308548,0.0659880426174295
5900.0,-739.8019269113561,3.3341026,41.321014,0.0656304487364936
5900.0,-739.7942219664095,3.3325794,41.333481,0.0652728549830907
5900.0,-739.801901276836,3.3315773,41.296082,0.0649152611145457
5900.0,-739.7941920835079,3.3298538,41.358456,0.0645576673755872
5900.0,-739.8021554041762,3.3285711,41.321014,0.0642000733842061
5900.0,-739.7957382808637,3.3274488,41.333481,0.0638424788978634
5900.0,-739.8028997920196,3.3260057,41.395889,0.0634848845466717
5900.0,-739.8022619596983,3.324683,41.370922,0.0631272905037855
5900.0,-739.7941373112168,3.3232,41.395889,0.0627696967913023
5900.0,-739.8016973814334,3.3216767,41.333481,0.062412103021313
5900.0,-739.7949214874207,3.3204341,41.358456,0.0620545089297831
5900.0,-739.8013731117533,3.3191514,41.383389,0.0616969153165343
5900.0,-739.7948204986428,3.3177085,41.321014,0.0613393212738193
5900.0,-739.8028969246401,3.3163056,41.420822,0.0609817269240136
5900.0,-739.8022392298018,3.3147824,41.258644,0.0606241328921141
5900.0,-739.7936780235232,3.3134196,41.308548,0.0602665394016365
5900.0,-739.8011610140737,3.3119767,41.333481,0.0599089458909081
5900.0,-739.794195355218,3.3104935,41.383389,0.0595513521503682
5900.0,-739.8009088152364,3.3091707,41.333481,0.0591937587615437
5900.0,-739.8026122420684,3.3076878,41.333481,0.0588361645493434
5900.0,-739.7935508025387,3.3061645,41.370922,0.0584785711203604
5900.0,-739.8021382776615,3.3046412,41.345989,0.0581209771372576
5900.0,-739.795631737873,3.3033586,41.283577,0.0577633827024146
5900.0,-739.8013902268083,3.3018355,41.321014,0.0574057890808929
5900.0,-739.7945281414252,3.3001921,41.408356,0.0570481951794944
5900.0,-739.8015969535742,3.2986689,41.333481,0.0566906014580484
5900.0,-739.8005078486799,3.2971056,41.458263,0.0563330082630369
5900.0,-739.794318877623,3.2957027,41.420822,0.0559754144627901
5900.0,-739.8021458459717,3.2938988,41.308548,0.055617820476029
5900.0,-739.7949053371888,3.2924159,41.333481,0.0552602263923057
5900.0,-739.8029907111966,3.2910531,41.358456,0.0549026319971669
5900.0,-739.8024667579612,3.2895298,41.333481,0.0545450378552884
5900.0,-739.7941661930422,3.2880869,41.408356,0.0541874441288447
5900.0,-739.8012619907704,3.2866037,41.345989,0.0538298505693077
5900.0,-739.7956805045255,3.2847199,41.333481,0.0534722561108924
5900.0,-739.802788354258,3.2830765,41.333481,0.0531146618135657
5900.0,-739.7951132589923,3.2813528,41.358456,0.0527570676293394
5900.0,-739.8041112001039,3.2797093,41.383389,0.0523994726925962
5900.0,-739.8039076112481,3.2781863,41.370922,0.0520418778542607
5900.0,-739.7967329290367,3.2767432,41.370922,0.0516842828871357
5900.0,-739.8031721455961,3.2750998,41.370922,0.051326688404298
5900.0,-739.795623436635,3.2733762,41.333481,0.0509690939734675
5900.0,-739.8031068494796,3.2716527,41.395889,0.0506114995221916
5900.0,-739.801934894671,3.2701294,41.321014,0.0502539056373969
5900.0,-739.7949273956527,3.2684059,41.358456,0.0498963115430112
5900.0,-739.8010697777088,3.2664819,41.445797,0.0495387180763832
5900.0,-739.7958292711577,3.2649186,41.321014,0.0491811235460587
5900.0,-739.8023574803522,3.2633553,41.333481,0.0488235294570011
5900.0,-739.7956336422096,3.2615116,41.358456,0.0484659350212376
5900.0,-739.8025066868141,3.2596676,41.395889,0.0481083408600589
5900.0,-739.8019586993232,3.2582648,41.345989,0.0477507469637579
5900.0,-739.7942440731674,3.2562606,41.383389,0.0473931531996693
5900.0,-739.801380192208,3.2545371,41.370922,0.0470355595829979
5900.0,-739.7941784732102,3.2524526,41.433331,0.0466779658506183
5900.0,-739.8023095550875,3.2509296,41.47073,0.0463203717847261
5900.0,-739.8047377053348,3.2491658,41.395889,0.0459627765451526
5900.0,-739.7973173504342,3.2474823,41.383389,0.0456051812955364
5900.0,-739.8042929885262,3.2455182,41.433331,0.0452475862709231
5900.0,-739.796208395405,3.2437546,41.395889,0.0448899915573416
5900.0,-739.8028225704529,3.2418306,41.383389,0.0445323972434761
5900.0,-739.7960653176357,3.2399466,41.408356,0.0441748025990539
5900.0,-739.8041219910441,3.237782,41.321014,0.0438172076570948
5900.0,-739.8029091439496,3.236259,41.445797,0.0434596133013827
5900.0,-739.7951534686125,3.2340944,41.345989,0.0431020190977203
5900.0,-739.8033269435709,3.2323709,41.271111,0.0427444245400588
5900.0,-739.7960809419546,3.2302866,41.395889,0.0423868298880843
5900.0,-739.8025727044823,3.2284427,41.383389,0.0420292356949951
5900.0,-739.8030325685526,3.2264385,41.408356,0.0416716412796239
5900.0,-739.7966005078584,3.2245545,41.445797,0.0413140463765073
5900.0,-739.8053843640773,3.2225504,41.433331,0.040956450824362
5900.0,-739.7957968863843,3.2206664,41.445797,0.0405988563096913
5900.0,-739.8043606158722,3.2186222,41.358456,0.0402412612523894
5900.0,-739.7970490652925,3.2166982,41.395889,0.0398836661324539
5900.0,-739.804843138216,3.2144134,41.433331,0.039526070841918
5900.0,-739.803662797366,3.2124493,41.358456,0.0391684761219167
5900.0,-739.7967476992077,3.2105253,41.433331,0.0388108811476523
5900.0,-739.8044114711355,3.2085211,41.358456,0.0384532860657688
5900.0,-739.7972287887526,3.2063968,41.420822,0.0380956908589605
5900.0,-739.8045829556545,3.2040319,41.408356,0.0377380956941875
5900.0,-739.8047482769039,3.2019875,41.445797,0.0373805004495041
5900.0,-739.7965674391936,3.1996226,41.383389,0.0370229055623719
5900.0,-739.8044361778294,3.1976986,41.358456,0.036665310468546
5900.0,-739.7965421708194,3.1953738,41.408356,0.0363077155936278
5900.0,-739.8047224221939,3.1934097,41.458263,0.0359501203614416
5900.0,-739.7975673857854,3.1910048,41.483234,0.0355925249909659
5900.0,-739.8044786093981,3.1890006,41.420822,0.0352349298766302
5900.0,-739.805281434321,3.1864352,41.408356,0.0348773343742375
5900.0,-739.7970477834566,3.1844711,41.445797,0.0345197392549216
5900.0,-739.805480079546,3.1820261,41.433331,0.0341621436565109
5900.0,-739.7962307469068,3.179661,41.483234,0.0338045489321254
5900.0,-739.8027067497671,3.1775768,41.433331,0.0334469546742434
5900.0,-739.7962518767355,3.1748912,41.383389,0.0330893599396443
5900.0,-739.8037986864341,3.172847,41.383389,0.0327317651539591
5900.0,-739.8044499356031,3.1702416,41.483234,0.0323741700534833
5900.0,-739.7956949575117,3.1682374,41.433331,0.0320165755880818
5900.0,-739.8048821155049,3.1655517,41.508163,0.0316589802787056
5900.0,-739.7963441856998,3.1631868,41.520672,0.0313013854994872
5900.0,-739.8036079876892,3.160902,41.433331,0.030943790805979
5900.0,-739.802936926344,3.1581764,41.47073,0.0305861964368379
5900.0,-739.7949553132363,3.1556511,41.483234,0.0302286023289577
5900.0,-739.8030407843356,3.1530857,41.445797,0.0298710079096153
5900.0,-739.7952560682799,3.1507609,41.433331,0.0295134136563594
5900.0,-739.8022964206394,3.1480753,41.545605,0.0291558195968159
5900.0,-739.7946604774751,3.14551,41.458263,0.0287982256314503
5900.0,-739.8023139376024,3.1428244,41.520672,0.0284406315634397
5900.0,-739.8017873719657,3.1403391,41.483234,0.0280830377499522
5900.0,-739.7767729630472,3.1375735,41.358456,0.0277254524308604
5900.0,-739.7762594622704,3.1346073,41.495701,0.0273678709566545
5900.0,-739.7678173650174,3.1320019,41.420822,0.0270102899664231
5900.0,-739.7753486911096,3.1291559,41.458263,0.0266527089324515
5900.0,-739.7764370269765,3.1263101,41.483234,0.0262951273724171
5900.0,-739.7677976631343,3.1238649,41.445797,0.025937546391709
5900.0,-739.7750303902936,3.1209788,41.395889,0.0255799655115927
5900.0,-739.7684983436094,3.1175718,41.433331,0.0252223841921972
5900.0,-739.7751416954502,3.1151268,41.445797,0.0248648032582799
5900.0,-739.7669297718327,3.1123209,41.520672,0.0245072226970837
5900.0,-739.7738034060277,3.1092746,41.458263,0.0241496424100478
5900.0,-739.774400407045,3.1063485,41.520672,0.023792061834443
5900.0,-739.7664526739051,3.1032619,41.408356,0.0234344815038612
5900.0,-739.7736927377028,3.1000154,41.495701,0.0230769012703185
5900.0,-739.766935471746,3.0968487,41.483234,0.0227193207063671
5900.0,-739.7754108128905,3.0938425,41.495701,0.0223617396423681
5900.0,-739.7757218986004,3.0906358,41.495701,0.0220041584280013
5900.0,-739.7678196356513,3.0874691,41.520672,0.0216465774366723
5900.0,-739.7756005723496,3.0841823,41.458263,0.0212889962809503
5900.0,-739.7675672805537,3.0808554,41.508163,0.020931415411602
5900.0,-739.7753820408695,3.0776086,41.533138,0.0205738343615104
5900.0,-739.7673392177197,3.0742416,41.508163,0.0202162536024006
5900.0,-739.7765326573161,3.0708747,41.595509,0.019858671996142
5900.0,-739.7776001434951,3.0673473,41.47073,0.0195010898738986
5900.0,-739.7676118849231,3.0636597,41.458263,0.0191435089829899
5900.0,-739.7750297927524,3.0602524,41.520672,0.0187859281031624
5900.0,-739.7666883909202,3.0567653,41.520672,0.0184283476586423
5900.0,-739.7738688122392,3.0526767,41.520672,0.0180707673399914
5900.0,-739.7747556338645,3.0495503,41.558071,0.0177131865926826
5900.0,-739.768362198886,3.0457823,41.533138,0.0173556053390952
5900.0,-739.7763397239307,3.0418942,41.570576,0.0169980238260937
5900.0,-739.7699089078302,3.0380063,41.495701,0.0166404418248749
5900.0,-739.7764889197515,3.0338776,41.445797,0.0162828602397574
5900.0,-739.7701127397914,3.0301499,41.595509,0.0159252781400125
5900.0,-739.7773418902551,3.0261014,41.545605,0.0155676961425995
5900.0,-739.7773257406794,3.0218124,41.508163,0.0152101141529926
5900.0,-739.7693420277757,3.0180447,41.533138,0.0148525324257861
5900.0,-739.7767737967287,3.0134351,41.583042,0.0144949507029693
5900.0,-739.7699240324297,3.0092664,41.607975,0.0141373686944397
5900.0,-739.7766665568992,3.004817,41.508163,0.0137797870234587
5900.0,-739.776415152055,3.000448,41.570576,0.013422205473998
5900.0,-739.7696885597493,2.9958384,41.583042,0.0130646235792886
5900.0,-739.7775442594718,2.9909482,41.533138,0.0127070414840575
5900.0,-739.7696947732973,2.9862185,41.545605,0.0123494595863447
5900.0,-739.7768700127406,2.981689,41.545605,0.0119918778170205
5900.0,-739.7693075070184,2.9766386,41.495701,0.0116342961065003
5900.0,-739.7761333020745,2.9715478,41.520672,0.0112767146932758
5900.0,-739.7780764162121,2.9665375,41.595509,0.0109191323408191
5900.0,-739.7700608111132,2.961046,41.520672,0.0105615502661749
5900.0,-739.7790704400137,2.9558351,41.570576,0.0102039674332425
5900.0,-739.7706804130125,2.9501834,41.558071,0.0098463850591018
5900.0,-739.7773086866063,2.9446118,41.595509,0.0094888030777383
5900.0,-739.7775474947895,2.93892,41.545605,0.0091312209809434
5900.0,-739.7712657131143,2.9331479,41.558071,0.0087736383238867
5900.0,-739.7779830074163,2.9268949,41.645412,0.0084160560165805
5900.0,-739.769419713088,2.9208424,41.645412,0.0080584742518233
5900.0,-739.7766299239364,2.914469,41.595509,0.0077008925985494
5900.0,-739.7691201535242,2.9079754,41.607975,0.0073433109785902
5900.0,-739.7762308253102,2.9009609,41.632946,0.0069857295182263
5900.0,-739.7779041978632,2.8940666,41.545605,0.0066281472490139
5900.0,-739.7711827674456,2.8866911,41.558071,0.0062705646320505
5900.0,-739.7787231960999,2.8790753,41.595509,0.0059129819669635
5900.0,-739.7708663009083,2.87166,41.520672,0.0055553995029703
5900.0,-739.7778095808882,2.8636832,41.545605,0.0051978172794924
5900.0,-739.7695703595007,2.8552258,41.657917,0.0048402354419174
5900.0,-739.776827410095,2.8467681,41.545605,0.0044826536931857
5900.0,-739.7779789543677,2.8377092,41.583042,0.0041250713878386
5900.0,-739.7706401792452,2.8282895,41.62048,0.0037674890331457
5900.0,-739.7780395499627,2.81883,41.558071,0.0034099066985089
5900.0,-739.7706370663321,2.8085685,41.583042,0.0030523243453206
5900.0,-739.7785280906929,2.7980266,41.632946,0.0026947417745406
5900.0,-739.7775595426128,2.7867632,41.607975,0.0023371596719222
5900.0,-739.771752027,2.7752993,41.632946,0.0019795767797963
5900.0,-739.7789125409635,2.7629936,41.657917,0.0016219940231868
5900.0,-739.770988114608,2.7504475,41.632946,0.0012644115003126
5900.0,-739.7785820703604,2.7370195,41.632946,0.0009068289034407
5900.0,-739.7707175224073,2.7224693,41.670383,0.0005492465113625
5900.0,-739.778152673118,2.7078788,41.632946,0.000191664122046
5900.0,-739.7796694648362,2.7000227,41.68285,0.0
