Cycle,Current,Voltage,Temperature,SOC
2200.0,703.4970983593763,2.7366395,41.997353,0.0
2200.0,703.4970983593763,2.8338318,41.997353,0.0002985990923075
2200.0,740.0790803678224,2.8589213,41.984886,0.0006127222342649
2200.0,740.0726240333543,2.877959,41.947449,0.0009268457953903
2200.0,740.0718676525771,2.8941913,42.022324,0.0012409690354701
2200.0,740.0797640995573,2.9085395,42.03479,0.0015550924676343
2200.0,740.07324044895,2.9215252,41.997353,0.001869216290397
2200.0,740.0817946647692,2.9336293,41.959953,0.0021833405844252
2200.0,740.0706729437616,2.9452121,41.997353,0.0024974633174113
2200.0,740.0808430238636,2.9559934,41.984886,0.0028115872075199
2200.0,740.0734500182934,2.9659731,42.009857,0.0031257111192343
2200.0,740.0797402102647,2.9753118,41.959953,0.0034398345412588
2200.0,740.0741691555862,2.9842093,42.03479,0.0037539587582107
2200.0,740.0828720876056,2.9928663,41.997353,0.004068083509546
2200.0,740.073917459974,3.0012429,42.022324,0.0043822076196659
2200.0,740.0818477290229,3.0089381,41.997353,0.0046963319362169
2200.0,740.0762128228696,3.0163128,42.022324,0.0050104570206027
2200.0,740.0763835374115,3.0235271,42.072227,0.0053245821774483
2200.0,740.0831069277476,3.0304608,41.984886,0.0056387070284604
2200.0,740.0759709782885,3.0370739,41.997353,0.0059528320101954
2200.0,740.0849627727747,3.0434465,41.959953,0.0062669576489123
2200.0,740.0754559660251,3.0496588,42.009857,0.0065810824120505
2200.0,740.0836425019392,3.0557508,41.922516,0.0068952074903846
2200.0,740.077477416623,3.0614822,41.959953,0.0072093331115268
2200.0,740.0835408900606,3.0673738,41.984886,0.0075234581467322
2200.0,740.0731887157914,3.0729449,41.959953,0.0078375819475369
2200.0,740.0796124874047,3.0782754,41.910049,0.00815170531535
2200.0,740.0730215656872,3.0835657,42.047256,0.0084658290452078
2200.0,740.0824014795911,3.0888162,41.984886,0.0087799535967957
2200.0,740.0767777494478,3.0938661,41.984886,0.0090940789209644
2200.0,740.0766926302125,3.0987959,41.97242,0.0094082042090043
2200.0,740.0842102540472,3.1037257,41.959953,0.0097223295283181
2200.0,740.0767389923133,3.1082947,41.97242,0.0100364548360364
2200.0,740.0843638925719,3.1131043,41.947449,0.0103505802205614
2200.0,740.0757906934767,3.1176331,41.97242,0.0106647051257746
2200.0,740.0834585653995,3.122122,41.897583,0.0109788301260377
2200.0,740.075735090705,3.1262503,42.022324,0.0112929550076502
2200.0,740.0834490805735,3.1309795,41.897583,0.0116070800038875
2200.0,740.0766284947762,3.1350677,41.897583,0.0119212052647051
2200.0,740.0858782928794,3.1391156,41.97242,0.0122353312920104
2200.0,740.0776502795835,3.1430836,41.959953,0.0125494569865242
2200.0,740.0850610521169,3.1472919,41.984886,0.0128635826669553
2200.0,740.0791203899635,3.1511395,41.97242,0.013177708985457
2200.0,740.0769514913204,3.1551473,41.872612,0.0134918343833703
2200.0,740.083288862329,3.1587546,41.885078,0.0138059593116038
2200.0,740.0763896164806,3.1626022,41.934982,0.0141200844710296
2200.0,740.0830271665826,3.1663697,41.872612,0.0144342092881874
2200.0,740.0757534377871,3.1698966,41.934982,0.0147483341775874
2200.0,740.0839969228037,3.1734235,41.922516,0.0150624594063538
2200.0,740.0760668396667,3.177191,41.910049,0.0153765844287771
2200.0,740.0824381252893,3.1804776,41.872612,0.0156907089959191
2200.0,740.0754457243802,3.1840446,41.872612,0.0160048337547102
2200.0,740.0832584300208,3.1871707,41.860146,0.0163189586700268
2200.0,740.0770942885026,3.1906576,41.922516,0.0166330841285504
2200.0,740.0840557610494,3.1941445,41.847679,0.0169472093822904
2200.0,740.0754976406396,3.197351,41.872612,0.0172613341631174
2200.0,740.0746775760747,3.2003567,41.872612,0.0175754585958682
2200.0,740.0828637013051,3.2035232,41.860146,0.017889583343644
2200.0,740.0748944574217,3.2067695,41.835175,0.0182037078684501
2200.0,740.0824995147625,3.2097354,41.860146,0.0185178324616486
2200.0,740.0755181361817,3.2128615,41.847679,0.0188319572511749
2200.0,740.0835295008277,3.2159877,41.872612,0.0191460822815462
2200.0,740.0768943870879,3.2187533,41.835175,0.0194602076552217
2200.0,740.0838354595388,3.2218394,41.860146,0.0197743328154558
2200.0,740.0749632192702,3.224685,41.922516,0.0200884573694478
2200.0,740.0830636902369,3.2276909,41.822708,0.020402582202108
2200.0,740.0758046826442,3.2304564,41.797775,0.0207167071132588
2200.0,740.0839162216975,3.2335024,41.860146,0.021030832307772
2200.0,740.0753735933577,3.2362278,41.785309,0.0213449570359471
2200.0,740.0753124486064,3.2387929,41.822708,0.0216590817381694
2200.0,740.0823021382575,3.2415984,41.835175,0.0219732062475924
2200.0,740.0749341788844,3.2444041,41.772804,0.0222873307892582
2200.0,740.0830245054328,3.2469289,41.772804,0.0226014556052865
2200.0,740.0751090315881,3.2495341,41.860146,0.0229155802211685
2200.0,740.0823931909604,3.2522995,41.822708,0.0232297047692384
2200.0,740.077250806345,3.2546642,41.772804,0.0235438302941959
2200.0,740.0829237846608,3.2574298,41.747871,0.0238579550674738
2200.0,740.0758823068152,3.2599146,41.772804,0.0241720800115722
2200.0,740.0835118982111,3.2624397,41.735405,0.0244862050344721
2200.0,740.075770698479,3.2651651,41.810242,0.0248003299311984
2200.0,740.0818706905611,3.2672892,41.71043,0.0251144542574954
2200.0,740.0746432134493,3.2698543,41.772804,0.025428578675661
2200.0,740.075430209311,3.2721388,41.785309,0.0257427034278668
2200.0,740.0831962470596,3.274704,41.747871,0.0260568283167901
2200.0,740.077662230231,3.2771487,41.760338,0.0263709540163763
2200.0,740.0839509508671,3.2793932,41.735405,0.0266850792256302
2200.0,740.077619029737,3.2819583,41.71043,0.02699920490688
2200.0,740.0848455602252,3.2840023,41.785309,0.0273133304958466
2200.0,740.0756756061157,3.2865274,41.635597,0.027627455352211
2200.0,740.0821608044656,3.2887716,41.760338,0.0279415798016455
2200.0,740.0744497694952,3.2908959,41.747871,0.0282557041377039
2200.0,740.0846625758378,3.2936213,41.722939,0.0285698296490037
2200.0,740.0766217443257,3.2954249,41.822708,0.028883954906956
2200.0,740.0834199909744,3.2977495,41.71043,0.0291980798908464
2200.0,740.0757112261102,3.2999539,41.71043,0.0295122047623296
2200.0,740.0745220836026,3.3022385,41.760338,0.0298263291290818
2200.0,740.0842739018638,3.3042023,41.598156,0.0301404544754107
2200.0,740.0769695698121,3.3064067,41.735405,0.0304545798809974
2200.0,740.0835347743275,3.3085308,41.747871,0.0307687049136071
2200.0,740.0769714985388,3.3106952,41.735405,0.0310828303200125
2200.0,740.0834407918563,3.3124986,41.635597,0.0313969553127317
2200.0,740.0765566811398,3.3151038,41.673031,0.031711080543068
2200.0,740.083668490888,3.3166268,41.623131,0.032025205632433
2200.0,740.0755314539597,3.3188312,41.722939,0.0323393304276121
2200.0,740.084408155508,3.3209956,41.623131,0.0326534558309243
2200.0,740.0760016788122,3.3229995,41.673031,0.0329675808256901
2200.0,740.0836248992938,3.3251638,41.66053,0.0332817058965528
2200.0,740.0762783621125,3.3270473,41.635597,0.0335958310087567
2200.0,740.0770556290463,3.328851,41.66053,0.0339099564508713
2200.0,740.08480685151,3.3309352,41.66053,0.0342240820234082
2200.0,740.0757716383948,3.3327787,41.635597,0.0345382069205335
2200.0,740.0841996460944,3.3349431,41.635597,0.0348523322353448
2200.0,740.0779636203988,3.3365061,41.623131,0.035166458062856
2200.0,740.08557855983,3.3385503,41.673031,0.035480583962941
2200.0,740.0775014155129,3.3403938,41.598156,0.0357947095942694
2200.0,740.0851254567752,3.3421974,41.635597,0.0361088353020369
2200.0,740.0780135225345,3.3442013,41.58569,0.036422961150729
2200.0,740.0841265865713,3.3459649,41.635597,0.0367370864345306
2200.0,740.0761339291967,3.3478887,41.697964,0.03705121148543
2200.0,740.0843820933852,3.3498926,41.635597,0.0373653368776803
2200.0,740.0766489292507,3.3515358,41.610664,0.0376794621471713
2200.0,740.0761622615634,3.3531792,41.623131,0.0379935872100964
2200.0,740.0822148208654,3.3552232,41.623131,0.0383077116824579
2200.0,740.0753100194056,3.3568664,41.523323,0.0386218363836491
2200.0,740.0845620992237,3.3588302,41.58569,0.038935961852302
2200.0,740.0762940847203,3.3605137,41.598156,0.0392500869711794
2200.0,740.0833341994868,3.3623173,41.58569,0.039564211918656
2200.0,740.0755617394557,3.3641207,41.523323,0.0398783367266896
2200.0,740.0829439751924,3.3658442,41.535786,0.0401924615085373
2200.0,740.07589166958,3.3674073,41.573223,0.0405065864566097
2200.0,740.0843233528027,3.3693311,41.523323,0.0408207118239278
2200.0,740.0762020441225,3.3709743,41.523323,0.0411348369037386
2200.0,740.0837342626714,3.3725374,41.623131,0.0414489620210202
2200.0,740.0771823374448,3.3741405,41.58569,0.0417630875169161
2200.0,740.0763243457752,3.3759842,41.535786,0.0420772126486377
2200.0,740.0830256651067,3.3775072,41.635597,0.0423913374651583
2200.0,740.0759966617543,3.3793509,41.560757,0.0427054624577946
2200.0,740.0833141676451,3.3807938,41.485882,0.0430195873967688
2200.0,740.0745582895065,3.3825171,41.598156,0.0433337117788885
2200.0,740.0835426356914,3.3842006,41.473415,0.0436478368148348
2200.0,740.0765584633475,3.3857636,41.548252,0.0439619620459276
2200.0,740.082314821416,3.3871665,41.49839,0.0442760865607339
2200.0,740.0750890731754,3.3889699,41.548252,0.0445902111681445
2200.0,740.0831235293962,3.3903728,41.548252,0.0449043360262031
2200.0,740.0759269111142,3.3921764,41.510857,0.0452184609892338
2200.0,740.0839564196614,3.393539,41.510857,0.0455325862008088
2200.0,740.0765717812086,3.3952224,41.49839,0.0458467114375544
2200.0,740.0761056455972,3.3969858,41.49839,0.0461608364764489
2200.0,740.0846368188551,3.3984287,41.460949,0.0464749619768162
2200.0,740.0765568764771,3.3997915,41.49839,0.0467890872072354
2200.0,740.0837343237301,3.401154,41.436016,0.0471032123245429
2200.0,740.0761867121507,3.4028373,41.485882,0.047417337397846
2200.0,740.0830403014144,3.4044406,41.448483,0.0477314622205789
2200.0,740.0744630873052,3.405683,41.460949,0.0480455865622901
2200.0,740.0819718019732,3.4076469,41.436016,0.0483597109315033
2200.0,740.0751578350558,3.4088492,41.436016,0.0486738355680999
2200.0,740.083513289867,3.4104123,41.49839,0.0489879605915906
2200.0,740.077027809304,3.4118152,41.436016,0.0493020860218971
2200.0,740.0850815966585,3.4131377,41.460949,0.0496162117110483
2200.0,740.0752424660376,3.4148211,41.485882,0.0499303363835665
2200.0,740.0838360210576,3.4161437,41.485882,0.0502444615440389
2200.0,740.0772294807506,3.4177468,41.436016,0.0505585870599448
2200.0,740.0785502754552,3.4191897,41.423512,0.0508727131364615
2200.0,740.0861870713951,3.4205525,41.398579,0.0511868392948263
2200.0,740.0777189804252,3.4218349,41.448483,0.0515009650185002
2200.0,740.0856597247853,3.423398,41.436016,0.0518150909530352
2200.0,740.0776313343588,3.4248009,41.485882,0.0521292166395077
2200.0,740.0847666535844,3.4262037,41.460949,0.0524433421949828
2200.0,740.0769992816001,3.4274461,41.398579,0.0527574676131807
2200.0,740.0845728170574,3.428889,41.423512,0.0530715930863828
2200.0,740.0774692013031,3.4300914,41.373608,0.053385718704038
2200.0,740.0822847186892,3.4316545,41.423512,0.0536998432060673
2200.0,740.0766471348417,3.433017,41.423512,0.0540139684747966
2200.0,740.0846152855119,3.4342997,41.411045,0.0543280939660242
2200.0,740.077130030575,3.4356623,41.411045,0.0546422194397185
2200.0,740.0771812876143,3.436985,41.423512,0.0549563449351689
2200.0,740.0844499403967,3.4383876,41.485882,0.0552704703562165
2200.0,740.0764114913674,3.4396303,41.460949,0.0555845955249271
2200.0,740.0844900285343,3.441113,41.448483,0.0558987209629899
2200.0,740.0763642137441,3.4422753,41.423512,0.0562128461116335
2200.0,740.0827030437425,3.4437182,41.348675,0.056526970791219
2200.0,740.0758516673192,3.445081,41.460949,0.0568410957223124
2200.0,740.0834531576223,3.4460428,41.373608,0.0571552207202802
2200.0,740.0745855477294,3.4476058,41.386112,0.0574693451139697
2200.0,740.0838754499557,3.448648,41.361141,0.0577834702911775
2200.0,740.0760960265715,3.4501309,41.423512,0.0580975953259892
2200.0,740.0835110681186,3.4513733,41.348675,0.0584117203485368
2200.0,740.0766507847179,3.4528563,41.398579,0.0587258456188154
2200.0,740.0776401477735,3.4540586,41.361141,0.0590399713090287
2200.0,740.0840692986587,3.4555016,41.398579,0.0593540965685147
2200.0,740.0765700355795,3.4566638,41.348675,0.0596682218045194
2200.0,740.0831408146713,3.4578662,41.398579,0.0599823466699146
2200.0,740.0750712144302,3.459229,41.361141,0.0602964712697451
2200.0,740.0845400897788,3.4602711,41.336208,0.0606105967290563
2200.0,740.0772712774206,3.4615536,41.386112,0.0609247222627027
2200.0,740.0841502561628,3.4629965,41.373608,0.0612388475565508
2200.0,740.0779181372357,3.4639583,41.298771,0.0615529733647567
2200.0,740.0838869124649,3.4652007,41.348675,0.0618670985468297
2200.0,740.07629226587,3.4664834,41.336208,0.0621812236649351
2200.0,740.0833415237157,3.4676857,41.373608,0.0624953486155204
2200.0,740.0753114720736,3.4687278,41.423512,0.0628094733173281
2200.0,740.074797033539,3.4701705,41.261333,0.0631235978007827
2200.0,740.0826961344927,3.4712527,41.348675,0.0634377224774355
2200.0,740.0767168732932,3.4725354,41.336208,0.0637518477757653
2200.0,740.0856497027701,3.4736574,41.336208,0.0640659737060466
2200.0,740.0778549783737,3.4748199,41.373608,0.0643800994874447
2200.0,740.0851457937698,3.4760222,41.348675,0.0646942252038441
2200.0,740.0764896037792,3.4770241,41.286304,0.0650083504057094
2200.0,740.08486168582,3.4783468,41.348675,0.0653224760015205
2200.0,740.0776876207213,3.4795492,41.323742,0.0656366017118837
2200.0,740.0847373809436,3.4806314,41.311237,0.0659507272549342
2200.0,740.0771701548368,3.481513,41.311237,0.0662648527456592
2200.0,740.0841717894933,3.4829159,41.386112,0.066578978048647
2200.0,740.0771624400581,3.4839177,41.286304,0.0668931035360975
2200.0,740.0763516161867,3.4849198,41.298771,0.067207228679394
2200.0,740.0833171461298,3.486002,41.348675,0.0675213536196324
2200.0,740.0778478006862,3.487565,41.286304,0.0678354793979839
2200.0,740.0858708220949,3.4886072,41.298771,0.0681496054221182
2200.0,740.077693150506,3.4894888,41.286304,0.0684637311348286
2200.0,740.0835017663248,3.4906511,41.248867,0.0687778561534281
2200.0,740.0765449624018,3.4917734,41.311237,0.0690919813787904
2200.0,740.0831656316905,3.4927752,41.273838,0.0694061062547192
2200.0,740.0754795010835,3.4938574,41.273838,0.0697202310278468
2200.0,740.0827343183001,3.4951801,41.198963,0.0700343557207066
2200.0,740.0754164886636,3.496222,41.248867,0.0703484804670886
2200.0,740.0837672340824,3.4973042,41.298771,0.0706626055983647
2200.0,740.0768022854576,3.4984264,41.248867,0.0709767309329477
2200.0,740.0764386884811,3.4995086,41.311237,0.0712908561132021
2200.0,740.0846049584078,3.5004303,41.261333,0.0716049816000464
2200.0,740.0766593173473,3.5016329,41.273838,0.0719191068739466
2200.0,740.0844052990253,3.5026348,41.248867,0.0722332322760465
2200.0,740.0778060040162,3.5035968,41.248867,0.0725473580366574
2200.0,740.0858658782339,3.504679,41.236401,0.0728614840586933
2200.0,740.0780722136695,3.5057209,41.211468,0.0731756099322969
2200.0,740.0856423418854,3.5066829,41.223934,0.0734897358594538
2200.0,740.0779260717927,3.5080054,41.223934,0.0738038616710275
2200.0,740.0843732431622,3.5089674,41.261333,0.0741179870595214
2200.0,740.0772859380604,3.5100496,41.286304,0.0744321125993905
2200.0,740.0845219866832,3.5109713,41.236401,0.0747462380510179
2200.0,740.0773789551654,3.5120134,41.248867,0.0750603636303681
2200.0,740.0777956768882,3.5131757,41.211468,0.0753744893865958
2200.0,740.0836426361653,3.5140975,41.248867,0.0756886144649869
2200.0,740.0776072988359,3.5151396,41.248867,0.0760027401412575
2200.0,740.0842156984161,3.515861,41.186497,0.0763168654628822
2200.0,740.0766323521623,3.5170634,41.261333,0.0766309907253371
2200.0,740.0835739346775,3.5180652,41.286304,0.0769451157745681
2200.0,740.0763118946472,3.5191875,41.17403,0.0772592409010049
2200.0,740.0839505481023,3.5201495,41.161564,0.0775733661100878
2200.0,740.0769401632122,3.5210712,41.149055,0.077887491503193
2200.0,740.0841982789117,3.5220332,41.198963,0.078201616817424
2200.0,740.0784162305977,3.5229549,41.236401,0.0785157428370455
2200.0,740.0850889087371,3.523917,41.149055,0.0788298685293003
2200.0,740.0775295159638,3.5250392,41.248867,0.079143994172556
2200.0,740.0774949336368,3.5259209,41.198963,0.0794581198011332
2200.0,740.084727151426,3.5266824,41.198963,0.0797722453398418
2200.0,740.0761442318836,3.5279248,41.298771,0.0800863703951142
2200.0,740.0798900035101,3.5286462,41.198963,0.0804004938807177
2200.0,740.0726129982806,3.5296082,41.161564,0.0807146174371593
2200.0,740.0825922032665,3.5304499,41.136589,0.081028742069699
2200.0,740.0774368405998,3.5316522,41.161564,0.0813428676736187
2200.0,740.085325885134,3.5324938,41.161564,0.081656993466457
2200.0,740.07609816276,3.5334558,41.161564,0.0819711185021754
2200.0,740.0830560241292,3.5342174,41.149055,0.0822852433315817
2200.0,740.0759055977403,3.5351791,41.161564,0.0825993682855659
2200.0,740.0816741074674,3.536061,41.198963,0.0829134925284241
2200.0,740.0762217828017,3.5371029,41.198963,0.0832276176166129
2200.0,740.0760450623909,3.5378644,41.198963,0.0835417426297929
2200.0,740.0840820551158,3.5389466,41.161564,0.0838558678946933
2200.0,740.0759990299226,3.539588,41.136589,0.0841699928883348
2200.0,740.0841486570494,3.5405097,41.149055,0.0844841181815041
2200.0,740.0762316460214,3.541111,41.149055,0.0847982432738794
2200.0,740.0844345838677,3.5420327,41.17403,0.085112368688409
2200.0,740.0778332011043,3.5429547,41.149055,0.0854264944605638
2200.0,740.0842284914522,3.5439565,41.236401,0.0857406197876184
2200.0,740.076791299199,3.5449185,41.149055,0.0860547451175383
2200.0,740.0853186340629,3.54564,41.161564,0.0863688709072989
2200.0,740.0768115871834,3.5463612,41.17403,0.08668299624583
2200.0,740.0822049087149,3.5472431,41.149055,0.0869971207139844
2200.0,740.0768280421429,3.5481248,41.111656,0.0873112460594998
2200.0,740.0759680608421,3.5489664,41.161564,0.0876253710399964
2200.0,740.0833386062257,3.5495276,41.124123,0.0879394959893434
2200.0,740.0765707923978,3.5506899,41.149055,0.0882536212256693
2200.0,740.0823415061353,3.5514514,41.136589,0.0885677457518017
2200.0,740.0762733206518,3.5519724,41.124123,0.0888818708618658
2200.0,740.0834200885993,3.5528541,41.186497,0.0891959958457976
2200.0,740.075315060943,3.5536556,41.17403,0.0895101205491287
2200.0,740.0833335647271,3.5543771,41.223934,0.0898242454963358
2200.0,740.0761073912008,3.5551786,41.036823,0.0901383705359712
2200.0,740.083333686819,3.55586,41.086689,0.0904524954832302
2200.0,740.0762641409909,3.5564213,41.149055,0.0907666205893979
2200.0,740.0824205836867,3.5572228,41.086689,0.0910807451490945
2200.0,740.0759757153556,3.5578239,41.161564,0.0913948701328401
2200.0,740.0765791419808,3.5585854,41.136589,0.0917089953727099
2200.0,740.0833237990458,3.5595074,41.136589,0.0920231203157721
2200.0,740.0762956715909,3.5600283,41.161564,0.092337245435323
2200.0,740.0827741012466,3.5608699,41.17403,0.0926513701450685
2200.0,740.075615706481,3.5615513,41.099194,0.0929654949760084
2200.0,740.0825039215333,3.5621526,41.124123,0.0932796195710774
2200.0,740.0751170271968,3.5627136,41.136589,0.0935937441903531
2200.0,740.082820927634,3.563395,41.149055,0.0939078689199738
2200.0,740.0762679617889,3.5639961,41.086689,0.0942219940277633
2200.0,740.0825160432308,3.5648379,41.111656,0.0945361186279772
2200.0,740.076875466234,3.565439,41.161564,0.0948502439936218
2200.0,740.0849492229287,3.5657597,41.136589,0.0951643696265876
2200.0,740.076234832066,3.5665612,41.161564,0.0954784947203152
2200.0,740.0760059756816,3.5671625,41.074223,0.0957926197169048
2200.0,740.0836518403215,3.5678036,41.161564,0.0961067447992025
2200.0,740.0752873266615,3.5682044,41.17403,0.0964208694907618
2200.0,740.0836760837419,3.5688457,41.111656,0.0967349945833495
2200.0,740.0752311989937,3.5692866,41.036823,0.0970491192510854
2200.0,740.0829401543816,3.569968,41.211468,0.0973632440313114
2200.0,740.0751228132616,3.5704088,41.099194,0.097677368653043
2200.0,740.08138875435,3.5711703,41.099194,0.0979914927747844
2200.0,740.0748275387623,3.5714109,41.04929,0.0983056172711869
2200.0,740.0806713188405,3.5718517,41.161564,0.098619741088416
2200.0,740.0726169288655,3.5724931,41.099194,0.0989338646465259
2200.0,740.082071424111,3.5731342,41.111656,0.0992479890580233
2200.0,740.0747491699678,3.5737355,41.099194,0.0995621135211622
2200.0,740.0753967866525,3.5740561,41.136589,0.0998762382591817
2200.0,740.0824958282002,3.5746171,41.099194,0.1001903628508155
2200.0,740.07493338543,3.5751383,41.04929,0.1005044873921445
2200.0,740.0821078256798,3.5753787,41.161564,0.1008186118190924
2200.0,740.0740520540361,3.57602,41.099194,0.1011327359863406
2200.0,740.0806891900309,3.5765009,41.099194,0.1014468598111552
2200.0,740.0742669944742,3.5770621,41.161564,0.1017609840696348
2200.0,740.0817346791199,3.5773025,41.136589,0.1020751083382024
2200.0,740.0711689253266,3.5780239,41.111656,0.1023892312817077
2200.0,740.0774090819281,3.5781844,41.086689,0.1027033537142955
2200.0,740.0696045771214,3.5785449,41.086689,0.1030174759938137
2200.0,740.0784435357397,3.579026,41.161564,0.1033315988654707
2200.0,740.0713391515574,3.5794668,41.099194,0.1036457218812285
2200.0,740.0713962314702,3.5799077,41.099194,0.1039598449212138
2200.0,740.0778697411683,3.5802684,41.04929,0.1042739675493263
2200.0,740.0741237456299,3.5805891,41.136589,0.104588091747004
2200.0,740.0834989952527,3.5811501,41.036823,0.1049022167644274
2200.0,740.0755470301893,3.5815909,41.099194,0.1052163415662177
2200.0,740.0813471524327,3.5818315,41.036823,0.1055304656703014
2200.0,740.0746609379538,3.5821922,40.999382,0.1058445900959902
2200.0,740.0838095073128,3.5826731,41.061756,0.1061587152452089
2200.0,740.0757412430607,3.5828736,41.024315,0.1064728401294329
2200.0,740.0830185116604,3.5834746,41.074223,0.1067869649429172
2200.0,740.0753527927105,3.5837953,41.161564,0.1071010896622635
2200.0,740.0834316609476,3.5845969,41.061756,0.1074152146511071
2200.0,740.0747083864989,3.5846772,41.036823,0.1077293390969355
2200.0,740.0837473975544,3.5849977,41.074223,0.108043464219792
2200.0,740.075704316917,3.5855989,41.024315,0.1083575890883427
2200.0,740.0746523686946,3.5858796,41.074223,0.1086717135103943
2200.0,740.0830533874528,3.5858796,41.186497,0.1089858383386815
2200.0,740.0761647517454,3.5865207,41.036823,0.1092999634026635
2200.0,740.0835687954901,3.5869615,41.111656,0.1096140884497133
2200.0,740.0756040610408,3.5873222,41.061756,0.1099282132757103
2200.0,740.0830163755016,3.5876429,41.099194,0.110242338088288
2200.0,740.0753334934474,3.5878835,41.04929,0.1105564627994427
2200.0,740.0827009562875,3.5883644,41.086689,0.1108705874781421
2200.0,740.075799323794,3.5887251,41.061756,0.1111847123870184
2200.0,740.0837281591814,3.5891659,41.099194,0.1114988375017093
2200.0,740.0763806809816,3.5892863,41.074223,0.1118129626573425
2200.0,740.0833447341955,3.5898473,41.036823,0.1121270876092905
2200.0,740.0765011272057,3.5900075,41.161564,0.1124412128160469
2200.0,740.0765718910338,3.5903282,41.124123,0.1127553380528391
2200.0,740.0838248759921,3.5909295,41.074223,0.113069463208581
2200.0,740.0747688110232,3.5912902,41.061756,0.1133835876800565
2200.0,740.0825213654664,3.5916109,40.986916,0.1136977122825294
2200.0,740.0749838857021,3.5918112,41.124123,0.1140118368452933
2200.0,740.0833870684078,3.5924525,41.074223,0.1143259618152099
2200.0,740.0763015797974,3.5926929,41.061756,0.1146400869372685
2200.0,740.0836706515138,3.5930536,41.124123,0.1149542120275506
2200.0,740.074267140942,3.593174,41.086689,0.1152683362860924
2200.0,740.0844161756064,3.5935347,41.111656,0.1155824616928087
2200.0,740.0757031572485,3.5941358,41.074223,0.1158965865608671
2200.0,740.0838911482804,3.5941758,41.086689,0.116210711744738
2200.0,740.076629886383,3.5946569,41.124123,0.1165248370061463
2200.0,740.0762599173682,3.5951378,41.061756,0.1168389621105214
2200.0,740.0826639077573,3.5953381,41.04929,0.1171530867734957
2200.0,740.0754255584864,3.5955386,41.086689,0.1174672115237274
2200.0,740.0822913838066,3.5959394,41.086689,0.1177813360285857
2200.0,740.0774778193933,3.5964203,41.086689,0.1180954616498988
2200.0,740.0831212833343,3.5967009,40.999382,0.1184095865070041
2200.0,740.0776053334667,3.5969415,41.074223,0.1187237121824406
2200.0,740.0834924279264,3.597302,41.074223,0.1190378371970764
2200.0,740.078557269943,3.5975826,41.111656,0.119351963276562
2200.0,740.0858891694509,3.5982239,41.124123,0.1196660893084837
2200.0,740.0765201578848,3.5986247,41.161564,0.1199802145233178
2200.0,740.0849816082837,3.5989854,41.149055,0.1202943401700294
2200.0,740.0789895800457,3.5990255,41.099194,0.1206084664330088
2200.0,740.0767421294915,3.5995865,41.124123,0.1209225917420586
2200.0,740.085125334709,3.5999072,41.124123,0.1212367174497742
2200.0,740.0766384434663,3.6001878,41.061756,0.1215508427148145
2200.0,740.0845530171082,3.6004283,41.074223,0.1218649681796126
2200.0,740.0765322061497,3.6006286,41.074223,0.1221790933995605
2200.0,740.085016056742,3.6011899,41.086689,0.1224932190608936
2200.0,740.0777495833362,3.6015506,41.099194,0.1228073447975569
2200.0,740.0866010262886,3.6017108,41.04929,0.123121471131623
2200.0,740.0767218293058,3.6021917,41.074223,0.1234355964320564
2200.0,740.0836631319072,3.6023922,41.074223,0.1237497215191468
2200.0,740.0755103603515,3.602833,40.986916,0.1240638463053726
2200.0,740.0836439911975,3.6030736,41.061756,0.1243779713843388
2200.0,740.0772960453845,3.6032338,41.099194,0.1246920969284981
2200.0,740.0763578661342,3.6037147,41.111656,0.1250062220744474
2200.0,740.0818157830677,3.6039553,41.149055,0.1253203463774392
2200.0,740.0748376704636,3.6045163,41.099194,0.125634470878142
2200.0,740.0829303277184,3.6050375,41.074223,0.1259485956541971
2200.0,740.0758445140855,3.6051977,41.099194,0.1262627205822544
2200.0,740.0846026756006,3.6053581,41.161564,0.1265768460681298
2200.0,740.0781336269663,3.6059592,41.061756,0.1268909719678002
2200.0,740.0883050028278,3.6061997,41.086689,0.1272050990251112
2200.0,740.0789092702848,3.6064401,41.124123,0.1275192252540032
2200.0,740.0864208129093,3.6068811,41.111656,0.1278333515115785
2200.0,740.0787690244132,3.6072819,41.099194,0.1281474776809432
2200.0,740.0864035398741,3.6074822,41.061756,0.1284616039311871
2200.0,740.0799830568347,3.6078029,41.086689,0.1287757306158473
2200.0,740.080161742589,3.6079631,41.136589,0.1290898573763507
2200.0,740.0865302006644,3.6086044,41.086689,0.1294039836803552
2200.0,740.0788854790198,3.608885,41.149055,0.129718109899149
2200.0,740.0865675665872,3.6093659,41.074223,0.1300322362190132
2200.0,740.0784266676661,3.6096466,41.111656,0.1303463622430647
2200.0,740.0848153475952,3.6100874,41.111656,0.1306604878192077
2200.0,740.0782853230561,3.6102076,41.074223,0.1309746137832655
2200.0,740.0853899845565,3.6104481,41.111656,0.1312887396033105
2200.0,740.0767793607466,3.6109691,41.136589,0.1316028649281631
2200.0,740.0837957132161,3.6112897,41.111656,0.131916990071527
2200.0,740.0775263299447,3.6114902,41.099194,0.1322311157134305
2200.0,740.0839843739768,3.611891,41.111656,0.1325452409368706
2200.0,740.0773338747375,3.6123319,41.149055,0.1328593664970865
2200.0,740.0771543834874,3.6126525,41.136589,0.1331734919811174
2200.0,740.0860979473999,3.6129329,41.124123,0.1334876181016539
2200.0,740.079641127264,3.6132135,41.111656,0.1338017446411823
2200.0,740.0863037834814,3.6138549,41.099194,0.1341158708490851
2200.0,740.0773984008707,3.6137345,41.124123,0.134429996436689
2200.0,740.0842157228192,3.6144159,41.074223,0.1347441217583241
2200.0,740.0754344573108,3.6146965,41.074223,0.1350582465123329
2200.0,740.0855513746187,3.6150572,41.111656,0.1353723724008792
2200.0,740.0765091593993,3.6153378,41.124123,0.1356864976110449
2200.0,740.0856672321391,3.615979,41.086689,0.1360006235487664
2200.0,740.0795439598469,3.6157787,41.136589,0.1363147500470521
2200.0,740.0859342013472,3.6163797,41.124123,0.1366288760980875
2200.0,740.0771036146313,3.616941,41.136589,0.1369430015605695
2200.0,740.079440310349,3.616981,41.111656,0.1372571280148612
2200.0,740.0863478633022,3.6172216,41.04929,0.1375712542414735
2200.0,740.0763428515775,3.6178627,41.149055,0.1378853793810499
2200.0,740.0845417378007,3.6180232,41.136589,0.1381995048410605
2200.0,740.0771460582558,3.618504,41.086689,0.1385136303215578
2200.0,740.0849622356686,3.6188648,41.111656,0.1388277559600468
2200.0,740.0774034179158,3.619025,41.086689,0.1391418815497802
2200.0,740.0857369103103,3.6196663,41.111656,0.1394560075170763
2200.0,740.0770602066115,3.6197464,41.124123,0.1397701329611338
2200.0,740.0852198664527,3.6203878,41.161564,0.140084258708973
2200.0,740.0789552906286,3.6203878,41.124123,0.1403983849573983
2200.0,740.086244737759,3.6210289,41.136589,0.1407125111402394
2200.0,740.0766213414754,3.6211493,41.161564,0.1410266363980207
2200.0,740.0743936296388,3.62151,41.099194,0.1413407607102506
2200.0,740.0861262068553,3.6221914,41.17403,0.1416548868427818
2200.0,740.0777480451945,3.6222315,41.136589,0.1419690125787922
2200.0,740.0853013854563,3.6227925,41.17403,0.1422831383612317
2200.0,740.0781841882709,3.622993,41.149055,0.1425972642823629
2200.0,740.082813664438,3.6232333,41.149055,0.1429113890089007
2200.0,740.0763556565839,3.6236742,41.149055,0.1432255141539123
2200.0,740.0843083869905,3.6241553,41.161564,0.1435396395148782
2200.0,740.0761212827954,3.6246362,41.161564,0.1438537645604099
2200.0,740.085556782316,3.6248767,41.111656,0.1441678904512514
2200.0,740.0768553247685,3.6251972,41.149055,0.144482015808347
2200.0,740.0860571878725,3.6255579,41.149055,0.1447961419115833
2200.0,740.0780446869651,3.6259987,41.161564,0.1451102677735032
2200.0,740.0769467428017,3.6264799,41.186497,0.1454243931694011
2200.0,740.0842132936195,3.6267202,41.086689,0.1457385184900051
2200.0,740.0772988652086,3.6269608,41.149055,0.1460526440353612
2200.0,740.0835921110589,3.6273215,41.074223,0.1463667690923071
2200.0,740.0770582656962,3.6276822,41.17403,0.1466808945355408
2200.0,740.0846914334484,3.6280029,41.186497,0.1469950200590891
2200.0,740.0755868369338,3.6284037,41.136589,0.1473091448777754
2200.0,740.0821002573184,3.6288445,41.161564,0.1476232693015109
2200.0,740.0760695861738,3.6291652,41.149055,0.1479373943250999
2200.0,740.0819287719297,3.6296461,41.111656,0.1482515186760493
2200.0,740.0770118182273,3.6298063,41.17403,0.1485656440995684
2200.0,740.0826780313714,3.630167,41.124123,0.1488797687685374
2200.0,740.075067588931,3.6305678,41.04929,0.1491938933668291
2200.0,740.0756530353983,3.631129,41.149055,0.1495080182136133
2200.0,740.0828459156533,3.6312091,41.149055,0.14982214295384
2200.0,740.0758133373769,3.6318104,41.161564,0.1501362678686644
2200.0,740.0819696290691,3.6318905,41.186497,0.1504503922369554
2200.0,740.0763436816297,3.6324115,41.149055,0.1507645173768841
2200.0,740.084182275396,3.6330128,41.124123,0.1510786426843226
2200.0,740.0768543237947,3.6332531,41.124123,0.1513927680409932
2200.0,740.0816126814025,3.6336942,41.111656,0.1517068922577794
2200.0,740.0749173821263,3.6338944,41.17403,0.1520210167923159
2200.0,740.083282600034,3.634135,41.086689,0.1523351417178913
2200.0,740.077050282308,3.634656,41.17403,0.1526492671577364
2200.0,740.084629152971,3.6352172,41.161564,0.15296339265485
2200.0,740.077610264872,3.635618,41.124123,0.1532775183323796
2200.0,740.0766666538319,3.6360588,41.198963,0.1535916436093938
2200.0,740.0844242690163,3.636179,41.161564,0.1539057690195453
2200.0,740.0773446656716,3.6367402,41.124123,0.1542198945843414
2200.0,740.0836705783048,3.6369004,41.124123,0.1545340196745924
2200.0,740.0764756999321,3.6372211,41.198963,0.1548481448705563
2200.0,740.0829233819663,3.6376219,41.198963,0.1551622696436632
2200.0,740.0761564635018,3.6381028,41.136589,0.1554763947041273
2200.0,740.0838345192235,3.6385036,41.236401,0.1557905198639623
2200.0,740.0744360123845,3.6387842,41.17403,0.1561046441941815
2200.0,740.0835143028479,3.639185,41.161564,0.1564187692181022
2200.0,740.0752790993225,3.6396258,41.111656,0.1567328939061693
2200.0,740.0828671316933,3.6401467,41.149055,0.1570470186554011
2200.0,740.0741746240682,3.6403472,41.099194,0.1573611428746742
2200.0,740.0743498189989,3.6408281,41.136589,0.1576752671683087
2200.0,740.0808221863443,3.6411889,41.136589,0.1579893910495729
2200.0,740.0736606738702,3.6415095,41.111656,0.1583035150507
2200.0,740.0825732214066,3.6418302,41.198963,0.1586176396751829
2200.0,740.0753536960221,3.6423111,41.136589,0.1589317643949126
2200.0,740.0837884378955,3.6428723,41.111656,0.1592458895351886
2200.0,740.0764151165084,3.6431928,41.149055,0.1595600147054378
2200.0,740.0840485101573,3.6435134,41.124123,0.1598741399561003
2200.0,740.0770498551318,3.6439142,41.186497,0.1601882653957641
2200.0,740.0834307086161,3.6441548,41.17403,0.1605023903842035
2200.0,740.0777029529233,3.6446757,41.17403,0.1608165161010745
2200.0,740.0852861144401,3.6451166,41.17403,0.1611306418770324
2200.0,740.0788415459568,3.6453972,41.161564,0.1614447680771787
2200.0,740.077572423292,3.645798,41.161564,0.1617588937386465
2200.0,740.0824849028643,3.6461186,41.211468,0.162073018325643
2200.0,740.0756670979401,3.6465595,41.198963,0.1623871431783961
2200.0,740.0826822674683,3.6470807,41.111656,0.1627012678491631
2200.0,740.0765730628782,3.6474011,41.17403,0.1630153930864527
2200.0,740.0833666822748,3.6478019,41.124123,0.1633295180477164
2200.0,740.0755376796324,3.6480825,41.099194,0.1636436428455379
2200.0,740.0842121338881,3.6485634,41.198963,0.1639577681656497
2200.0,740.0765449992361,3.6489642,41.198963,0.1642718933910276
2200.0,740.0849880169649,3.6493652,41.111656,0.1645860190404593
2200.0,740.07726059635,3.6495254,41.161564,0.1649001445695722
2200.0,740.0854332464926,3.650327,41.17403,0.1652142704079796
2200.0,740.0776020378655,3.6504872,41.136589,0.1655283960820172
2200.0,740.0788261160415,3.6509283,41.161564,0.1658425222756144
2200.0,740.0859354712246,3.651289,41.17403,0.1661566483271887
2200.0,740.0770513199628,3.6517699,41.17403,0.1664707737674743
2200.0,740.0838997299552,3.6523309,41.223934,0.1667848989549877
2200.0,740.07632434543,3.6526115,41.211468,0.1670990240867092
2200.0,740.0833898516813,3.6528921,41.124123,0.1674131490578071
2200.0,740.0759585763514,3.6531725,41.211468,0.167727274034278
2200.0,740.0841999388282,3.6538138,41.17403,0.1680413993492136
2200.0,740.0760359439672,3.6542947,41.161564,0.1683555243585233
2200.0,740.0823464986489,3.6545753,41.161564,0.1686696488867748
2200.0,740.0714575226253,3.6549761,41.161564,0.1689837719527751
2200.0,740.0805223313406,3.655417,41.198963,0.1692978957067672
2200.0,740.0748916496391,3.6558578,41.161564,0.1696120202303815
2200.0,740.0838147439332,3.656419,41.223934,0.169926145381823
2200.0,740.0762477594188,3.6568198,41.149055,0.1702402704810376
2200.0,740.0769154684821,3.6571405,41.161564,0.1705543958636611
2200.0,740.082903069247,3.6574612,41.124123,0.1708685206281464
2200.0,740.0760603334837,3.6580622,41.186497,0.1711826456478082
2200.0,740.0839115463335,3.658463,41.149055,0.1714967708403369
2200.0,740.0760947446076,3.6588638,41.186497,0.1718108958746045
2200.0,740.083276057213,3.6591444,41.186497,0.1721250207974028
2200.0,740.0756976884196,3.6596253,41.124123,0.17243914566314
2200.0,740.0788096144814,3.659946,41.223934,0.1727532686901774
2200.0,740.0721608521052,3.6601865,41.211468,0.1730673920547056
2200.0,740.0819595458673,3.6607876,41.198963,0.1733815164187168
2200.0,740.075081114254,3.6613088,41.186497,0.1736956410227493
2200.0,740.0814030977448,3.6615891,41.17403,0.1740097651505787
2200.0,740.0753493504368,3.6620703,41.211468,0.1743238898684639
2200.0,740.0749503163969,3.6626313,41.17403,0.1746380144169793
2200.0,740.0826816691597,3.6629119,41.198963,0.1749521390874924
2200.0,740.0745868293607,3.6632726,41.186497,0.1752662634817258
2200.0,740.0823868919265,3.6638737,41.186497,0.1755803880271221
2200.0,740.0746711676243,3.6641543,41.186497,0.1758945124571529
2200.0,740.0826814128001,3.6645551,41.17403,0.1762086371275572
2200.0,740.0761121520169,3.6648757,41.136589,0.1765227621692132
2200.0,740.0828042771058,3.665477,41.161564,0.1768368868917667
2200.0,740.0754612149188,3.665998,41.17403,0.1771510116571328
2200.0,740.0816639756641,3.6662385,41.248867,0.1774651358956906
2200.0,740.0745768195709,3.6667595,41.149055,0.1777792602856754
2200.0,740.0824571319296,3.6670802,41.17403,0.1780933848608847
2200.0,740.0759163395619,3.6674008,41.211468,0.1784075098194283
2200.0,740.0764513593746,3.6677213,41.198963,0.1787216350050608
2200.0,740.0822211808941,3.6684027,41.136589,0.1790357594801218
2200.0,740.0765702920131,3.6687634,41.17403,0.1793498847162352
2200.0,740.0851654594001,3.6692042,41.161564,0.1796640104409816
2200.0,740.0743878679768,3.6697655,41.149055,0.179978134750766
2200.0,740.0827939497716,3.6701663,41.186497,0.180292259468936
2200.0,740.0754069552394,3.6704469,41.136589,0.1806063842112716
2200.0,740.0823613793192,3.6709278,41.261333,0.1809205087458391
2200.0,740.0747392699138,3.6715691,41.223934,0.1812346332047759
2200.0,740.08214657091,3.6718094,41.286304,0.181548757648169
2200.0,740.074788037078,3.6719699,41.198963,0.181862882127805
2200.0,740.0815035623875,3.6724908,41.161564,0.1821770062982761
2200.0,740.0746496476071,3.6731722,41.161564,0.1824911307191728
2200.0,740.0735295225055,3.673573,41.236401,0.1828052546646327
2200.0,740.0820862557705,3.6738133,41.136589,0.1831193790824253
2200.0,740.0748326535207,3.6742945,41.248867,0.1834335035809988
2200.0,740.0833701980479,3.6747353,41.223934,0.1837476285437548
2200.0,740.0746765261546,3.6751361,41.273838,0.18406175297606
2200.0,740.0815730452833,3.675617,41.161564,0.1843758771760228
2200.0,740.0751024031355,3.6760578,41.261333,0.1846900017890913
2200.0,740.0831102968118,3.6764586,41.149055,0.1850041266415334
2200.0,740.075382016328,3.6769397,41.17403,0.1853182513732837
2200.0,740.0836160614131,3.6774607,41.236401,0.1856323764403953
2200.0,740.0745046762958,3.6778214,41.186497,0.1859465007997588
2200.0,740.0832961989066,3.678102,41.198963,0.1862606257311063
2200.0,740.0750053699081,3.6787031,41.198963,0.1865747503029891
2200.0,740.0760831602511,3.6789837,41.198963,0.1868888753323397
2200.0,740.0828258229191,3.6794245,41.149055,0.1872030000640381
2200.0,740.0759549259635,3.6797853,41.17403,0.1875171250389597
2200.0,740.0826950604788,3.6804266,41.186497,0.1878312497151567
2200.0,740.0753501312741,3.6808674,41.236401,0.1881453744333733
2200.0,740.0837007176618,3.6812682,41.161564,0.1884594995364168
2200.0,740.0755229456307,3.6814284,41.17403,0.1887736243279845
2200.0,740.0830556337578,3.6821499,41.186497,0.1890877491572251
2200.0,740.0750937606169,3.6825507,41.198963,0.1894018737666254
2200.0,740.0819437745639,3.6829114,41.198963,0.1897159981239425
2200.0,740.073400848303,3.6833923,41.186497,0.1900301220147867
2200.0,740.0821832169183,3.683713,41.211468,0.190344246473734
2200.0,740.0753233006113,3.6841938,41.17403,0.1906583711805624
2200.0,740.0751290142247,3.6846349,41.111656,0.1909724958049261
2200.0,740.0829211726495,3.6851959,41.223934,0.1912866205770953
2200.0,740.0749568349028,3.6855967,41.17403,0.1916007451283775
2200.0,740.0819963262202,3.6858773,41.198963,0.1919148695079999
2200.0,740.0752297215776,3.6863983,41.136589,0.1922289941751087
2200.0,740.0830078916947,3.6868794,41.161564,0.1925431189840855
2200.0,740.0761136168479,3.6873603,41.186497,0.1928572440263633
2200.0,740.0835276819911,3.6876006,41.17403,0.1931713690559626
2200.0,740.0744323745816,3.6882019,41.149055,0.1934854933846378
2200.0,740.0820482917949,3.6885626,41.17403,0.1937996177863168
2200.0,740.075178574453,3.6889634,41.198963,0.1941137424317162
2200.0,740.0826986126262,3.6893642,41.17403,0.1944278671094209
2200.0,740.075315805432,3.6898451,41.198963,0.194741991813068
2200.0,740.0737804247944,3.6900856,41.211468,0.1950561158650233
2200.0,740.0824755154297,3.6908872,41.198963,0.1953702404480354
2200.0,740.0753767549995,3.6911278,41.186497,0.1956843651775525
2200.0,740.0823992453758,3.6916087,41.149055,0.1959984897281921
2200.0,740.0747596314391,3.6919293,41.17403,0.1963126141957713
2200.0,740.0809803294246,3.6924102,41.223934,0.1966267381441586
2200.0,740.0745203747439,3.692811,41.198963,0.1969408625101854
2200.0,740.0814601537264,3.6932118,41.17403,0.1972549866622319
2200.0,740.0740875638985,3.6936126,41.17403,0.1975691108445523
2200.0,740.0821896256507,3.6939332,41.161564,0.1978832353062198
2200.0,740.0751797833365,3.6944141,41.161564,0.1981973599521324
2200.0,740.0838679669025,3.6947749,41.124123,0.1985114851261641
2200.0,740.0768554711851,3.6952958,41.161564,0.1988256104833217
2200.0,740.0756092977109,3.695857,41.198963,0.1991397353115415
2200.0,740.0829818052329,3.6962178,41.149055,0.199453860109446
2200.0,740.0773484863672,3.6966586,41.149055,0.1997679856758637
2200.0,740.0841221435604,3.6970594,41.149055,0.2000821109577795
2200.0,740.0772925050904,3.6975803,41.211468,0.2003962365004361
2200.0,740.0847761385543,3.6981015,41.161564,0.200710362059937
2200.0,740.0750507919491,3.6983018,41.124123,0.2010244866510992
2200.0,740.082572293734,3.6987026,41.186497,0.2013386112751884
2200.0,740.074783459385,3.6991837,41.136589,0.2016527357528814
2200.0,740.0821001715753,3.6995444,41.211468,0.2019668601765805
2200.0,740.0769380025697,3.7001054,41.161564,0.2022809855687685
2200.0,740.0837202125477,3.7006264,41.124123,0.2025951106800866
2200.0,740.0756245565511,3.700907,41.17403,0.202909235514783
2200.0,740.0763317189535,3.7013478,41.17403,0.2032233606496342
2200.0,740.0821974744166,3.7015884,41.198963,0.203537485114633
2200.0,740.0756304889302,3.7021093,41.136589,0.2038516099518474
2200.0,740.0835510465706,3.7025101,41.198963,0.2041657349913637
2200.0,740.0759658266333,3.7029912,41.198963,0.2044798599709121
2200.0,740.0823411401158,3.7034321,41.099194,0.2047939844968892
2200.0,740.0747983884553,3.703913,41.149055,0.2051081089809188
2200.0,740.0822117690565,3.7045143,41.186497,0.205422233451985
2200.0,740.0740905183214,3.7046745,41.186497,0.2057363576355594
2200.0,740.0821381237332,3.7051554,41.198963,0.2060504820753671
2200.0,740.0750284774864,3.7055562,41.17403,0.2063646066570579
2200.0,740.0817825066702,3.7060373,41.149055,0.2066787309459257
2200.0,740.075032310716,3.7064781,41.186497,0.2069928555292435
2200.0,740.0747904052206,3.7067988,41.161564,0.2073069800098847
2200.0,740.081941259877,3.70752,41.149055,0.2076211043661344
2200.0,740.0741409573565,3.7076004,41.198963,0.2079352285711177
2200.0,740.0812970667084,3.7079208,41.149055,0.2082493526539427
2200.0,740.0744562273908,3.7085221,41.186497,0.2085634769927422
2200.0,740.0821157115363,3.7089629,41.124123,0.2088776014230371
2200.0,740.0757792676359,3.7091234,41.149055,0.2091917263234006
2200.0,740.0833660353136,3.7095242,41.124123,0.2095058512843897
2200.0,740.0759812688268,3.7101653,41.149055,0.2098199762704925
2200.0,740.0823231468592,3.7106061,41.261333,0.2101341007888325
2200.0,740.0749826039686,3.7107265,41.161564,0.2104482253510523
2200.0,740.0831193058206,3.711488,41.136589,0.2107623502073182
2200.0,740.0750873883229,3.7115281,41.086689,0.2110764748140138
2200.0,740.0744559220748,3.7122495,41.161564,0.2113905991526836
2200.0,740.0816457624223,3.7125301,41.136589,0.2117047233835109
2200.0,740.0748520260433,3.7130911,41.17403,0.212018847890307
2200.0,740.0807800106749,3.7134519,41.124123,0.2123329717536699
2200.0,740.0740803743421,3.7138927,41.149055,0.2126470959329387
2200.0,740.0825858679478,3.7142935,41.149055,0.2129612205627894
2200.0,740.0756028889407,3.7145741,41.17403,0.213275345388289
2200.0,740.081604221845,3.7149348,41.161564,0.2135894696014846
2200.0,740.0738935222045,3.7152956,41.149055,0.213903593701444
2200.0,740.0818908690383,3.7158566,41.061756,0.2142177180363057
2200.0,740.0742410668161,3.7163374,41.149055,0.2145318422837803
2200.0,740.080938019513,3.7164979,41.111656,0.2148459662142094
2200.0,740.0745238533403,3.7168186,41.136589,0.2151600905817127
2200.0,740.0732837106747,3.7171392,41.149055,0.2154742144228379
2200.0,740.0814053073173,3.7177804,41.149055,0.2157883385516051
2200.0,740.072498032652,3.718101,41.186497,0.2161024620592495
2200.0,740.0784842955229,3.7185018,41.186497,0.2164165849482067
2200.0,740.0712060831687,3.7191832,41.161564,0.2167307079074837
2200.0,740.0783808402578,3.7193034,41.124123,0.2170448307525298
2200.0,740.0708140562527,3.7199047,41.136589,0.2173589535454111
2200.0,740.0800047871445,3.7202253,41.136589,0.217673077079734
2200.0,740.0730424516225,3.7205861,41.161564,0.2179872008184568
2200.0,740.0797825568432,3.7207863,41.149055,0.2183013242584551
2200.0,740.0727935149586,3.7214277,41.099194,0.2186154478915169
2200.0,740.0792800879786,3.7215078,41.198963,0.2189295711182446
2200.0,740.0715985988561,3.7220287,41.124123,0.2192436942441247
2200.0,740.0714560577431,3.7223895,41.124123,0.2195578173095032
2200.0,740.0786058166909,3.7228706,41.124123,0.2198719402500396
2200.0,740.0712259442581,3.7229507,41.136589,0.2201860632177465
2200.0,740.0783297780038,3.7236321,41.074223,0.2205001860411196
2200.0,740.0724968244849,3.7242332,41.099194,0.2208143095482512
2200.0,740.0806484302476,3.7245939,41.124123,0.2211284333557654
2200.0,740.0727255710057,3.724714,41.124123,0.2214425569599884
2200.0,740.0796385740583,3.7250748,41.086689,0.2217566803388739
2200.0,740.0718567150531,3.7254355,41.099194,0.2220708035743113
2200.0,740.0802291655248,3.7258363,41.124123,0.2223849272038705
2200.0,740.0741158478817,3.7264376,41.099194,0.2226990513981961
2200.0,740.0806685479475,3.7268784,41.17403,0.2230131752142492
2200.0,740.071725331069,3.7269585,41.136589,0.2233272983939207
2200.0,740.0722221918611,3.7274394,41.124123,0.2236414217844846
2200.0,740.0800364648121,3.7278001,41.111656,0.2239555453322529
2200.0,740.0743767104897,3.7282009,41.124123,0.2242696696373015
2200.0,740.0805147504451,3.7287221,41.061756,0.224583793388076
2200.0,740.0725359358272,3.7288823,41.099194,0.2248979169118084
2200.0,740.0797124514404,3.7293632,41.136589,0.2252120403220507
2200.0,740.0733592228618,3.7296038,41.136589,0.225526164195227
2200.0,740.0814177339245,3.7300847,41.186497,0.2258402883292687
2200.0,740.0748043821227,3.7305658,41.136589,0.2261544128158423
2200.0,740.0807032160841,3.7306859,41.111656,0.2264685366466101
2200.0,740.0730985058518,3.7310467,41.074223,0.2267826604091252
2200.0,740.0814577003284,3.7314875,41.124123,0.2270967845601303
2200.0,740.0739426428762,3.7318883,41.124123,0.2274109086809391
2200.0,740.0808799381956,3.7321689,41.086689,0.2277250325867158
2200.0,740.0729503623343,3.7326097,41.111656,0.2280391562863514
2200.0,740.073706889743,3.7330506,41.086689,0.2283532803070948
2200.0,740.0796133663096,3.7332911,41.186497,0.2286674036752809
2200.0,740.072772421248,3.733772,41.136589,0.2289815272993895
2200.0,740.0793268656367,3.7339725,41.024315,0.2292956505459717
2200.0,740.0737602954791,3.7344935,41.17403,0.2296097745893832
2200.0,740.0819904174682,3.7346938,41.161564,0.2299238989664977
2200.0,740.0737713182651,3.7350545,41.024315,0.2302380230145877
2200.0,740.0820670418007,3.7352951,41.099194,0.2305521474242251
2200.0,740.073538054828,3.7360566,41.074223,0.2308662713733066
2200.0,740.0799261123451,3.7359765,41.124123,0.2311803948742363
2200.0,740.0734686582709,3.7366579,41.036823,0.2314945187938624
2200.0,740.0802174464515,3.736778,41.061756,0.2318086424184476
2200.0,740.0751070420145,3.7369783,41.061756,0.2321227670334851
2200.0,740.0750423939186,3.737339,41.086689,0.2324368916210827
2200.0,740.0809230780143,3.7379403,41.136589,0.23275101554517
2200.0,740.073985391612,3.7381406,41.111656,0.2330651396841234
2200.0,740.0817799430749,3.7385013,41.086689,0.233379263971903
2200.0,740.0736381034086,3.7389424,41.086689,0.23369338796345
2200.0,740.0813076990547,3.7392228,41.111656,0.2340075120507879
2200.0,740.0751601424347,3.739784,41.099194,0.2343216366883639
2200.0,740.0832588206545,3.7399042,41.086689,0.2346357616038462
2200.0,740.0750697494711,3.7401848,41.086689,0.2349498862030549
2200.0,740.0822412615034,3.7405055,41.036823,0.235264010686639
2200.0,740.0755987998145,3.7407458,41.04929,0.235578135510403
2200.0,740.0814381931642,3.7414272,41.136589,0.2358922596531284
2200.0,740.073872526105,3.7415473,41.099194,0.2362063837441761
2200.0,740.0765964512162,3.7419481,41.061756,0.2365205089913928
2200.0,740.0828237234415,3.7423489,41.011848,0.2368346337222002
2200.0,740.0734488461917,3.7425895,41.061756,0.2371487576334171
2200.0,740.0805758474019,3.7431104,41.124123,0.2374628814101239
2200.0,740.0745003425792,3.7435112,41.099194,0.237777005767648
2200.0,740.0823333153949,3.7435112,41.036823,0.238091130290304
2200.0,740.0741620021591,3.7438319,41.04929,0.2384052545042197
2200.0,740.0813403656327,3.7441926,41.086689,0.2387193786054227
2200.0,740.0745221199766,3.7445533,41.111656,0.2390335029721902
2200.0,740.0809016668012,3.7446735,41.099194,0.2393476268871896
2200.0,740.0747086063284,3.7451546,41.074223,0.2396617513331112
2200.0,740.0835478238382,3.7456355,41.04929,0.2399758763712596
2200.0,740.0748004390039,3.7457957,41.04929,0.2402900008561596
2200.0,740.075846992015,3.7461565,41.061756,0.2406041257852686
2200.0,740.0838626205453,3.746357,41.04929,0.2409182509570311
2200.0,740.0776165760823,3.7466376,41.036823,0.2412323766372394
2200.0,740.0857111042018,3.7469983,41.036823,0.2415465025935822
2200.0,740.0775617061802,3.747359,41.036823,0.2418606282505011
2200.0,740.0847729035437,3.7475994,41.074223,0.2421747538086289
2200.0,740.0776337512303,3.74792,41.011848,0.2424888794961273
2200.0,740.0849662397578,3.7482407,41.099194,0.2428030051363158
2200.0,740.0777622906804,3.7487216,41.011848,0.2431171308783726
2200.0,740.0846971584359,3.7490022,41.061756,0.2434312564043508
2200.0,740.0762345755811,3.7491224,41.074223,0.2437453814979696
2200.0,740.0828461842399,3.749403,41.061756,0.2440595062383103
2200.0,740.0747290650554,3.7498438,41.04929,0.2443736306929156
2200.0,740.0731582962112,3.7501645,41.04929,0.2446877544808087
2200.0,740.0822683854769,3.7503247,41.036823,0.2450018789759054
2200.0,740.0766390292862,3.7506855,41.024315,0.2453160042411944
2200.0,740.0840552119816,3.7509661,41.04929,0.2456301294947014
2200.0,740.0777778177976,3.7512066,41.04929,0.2459442552433487
2200.0,740.0842021852354,3.7515271,41.036823,0.2462583805592378
2200.0,740.0775527825438,3.7520483,41.024315,0.2465725062123691
2200.0,740.084894425121,3.7522886,41.061756,0.2468866318220762
2200.0,740.0784534375011,3.752449,41.036823,0.2472007578574901
2200.0,740.0832778272754,3.7527697,41.04929,0.2475148827810397
2200.0,740.0768559470647,3.7532105,41.036823,0.2478290081383994
2200.0,740.0852666685648,3.7532506,40.986916,0.2481431339061035
2200.0,740.0783573687713,3.7536113,40.999382,0.248457259900741
2200.0,740.0773390871582,3.753932,41.024315,0.2487713854631693
2200.0,740.0851982843674,3.7540922,41.036823,0.2490855112018481
2200.0,740.0776025623459,3.7545331,40.999382,0.2493996368761083
2200.0,740.0840374504769,3.7549739,40.974415,0.2497137621220765
2200.0,740.0764262862737,3.7550142,40.986916,0.2500278872970668
2200.0,740.0824191430904,3.7553346,40.949482,0.2503420118561519
2200.0,740.0760460145336,3.755455,40.999382,0.250656136869736
2200.0,740.0840180287489,3.7559359,40.961948,0.2509702621074607
2200.0,740.0778536968959,3.7558959,41.011848,0.2512843878883149
2200.0,740.0852583553744,3.7563767,41.036823,0.2515985136524906
2200.0,740.07809745782,3.7568576,40.974415,0.251912639536809
2200.0,740.0858722138083,3.7570581,40.999382,0.252226765561534
2200.0,740.0779346528951,3.7571383,40.974415,0.2525408913767499
2200.0,740.0768882104894,3.7576191,41.036823,0.2528550167478038
2200.0,740.082626444069,3.7577796,40.999382,0.2531691413948768
2200.0,740.0748929806387,3.7581003,41.011848,0.2534832659190561
2200.0,740.0801887967013,3.758461,40.986916,0.253797389531481
2200.0,740.075124985773,3.7585011,40.986916,0.2541115141541347
2200.0,740.085415558555,3.7588618,40.961948,0.2544256399850345
2200.0,740.0772441048375,3.7591422,40.949482,0.2547397655071476
2200.0,740.0860581155451,3.7593427,40.974415,0.2550538916107777
2200.0,740.0776205190987,3.7595429,41.011848,0.2553680172926597
2200.0,740.0842835575652,3.7599037,41.024315,0.2556821426430869
2200.0,740.0767745755534,3.7603045,40.999382,0.2559962679659084
2200.0,740.0846344021767,3.7603445,40.974415,0.25631039346525
2200.0,740.0767728054575,3.7607453,40.899574,0.2566245187873203
2200.0,740.0788586602259,3.7607856,40.986916,0.2569386449947308
2200.0,740.0866852918845,3.7610259,40.912041,0.257252771364563
2200.0,740.0785002632896,3.7613466,40.974415,0.2575668974198521
2200.0,740.085485078081,3.7615068,40.999382,0.2578810232802591
2200.0,740.0777410138213,3.7619879,40.949482,0.258195149013285
2200.0,740.085581428642,3.7618675,40.937016,0.2585092749145876
2200.0,740.0782884603719,3.7622683,41.011848,0.2588234008799771
2200.0,740.0847797269737,3.7624288,40.961948,0.2591375264410011
2200.0,740.077785752636,3.7627494,40.912041,0.2594516521930163
2200.0,740.0833636553804,3.7631903,40.937016,0.2597657771529953
2200.0,740.0761792049362,3.7632303,40.937016,0.260079902223112
2200.0,740.0847430327221,3.7633104,40.961948,0.2603940277685613
2200.0,740.0766100987577,3.7639918,40.986916,0.2607081530215707
2200.0,740.0768508816233,3.7639518,40.924549,0.2610222783767804
2200.0,740.0836900363048,3.7642324,40.986916,0.2613364034752902
2200.0,740.0758070754325,3.7645528,40.912041,0.2616505283874566
2200.0,740.0836291593333,3.7645128,40.986916,0.2619646534601276
2200.0,740.0754015962997,3.7649939,41.011848,0.2622787782001886
2200.0,740.0833322340211,3.765034,40.912041,0.2625929031468309
2200.0,740.0761111144644,3.7653546,40.937016,0.2629070281880466
2200.0,740.0830124569509,3.7656751,40.986916,0.263221152998961
2200.0,740.0757591383718,3.7659557,40.912041,0.2635352778907806
2200.0,740.082885552284,3.7660358,40.999382,0.2638494026478309
2200.0,740.0756287800202,3.7662363,40.974415,0.26416352748432
2200.0,740.0834367879846,3.7664366,40.887108,0.2644776524753398
2200.0,740.0754502529608,3.7667973,40.912041,0.264791777236053
2200.0,740.0754424042739,3.7669177,40.912041,0.265105901993435
2200.0,740.0832829174266,3.767118,40.924549,0.2654200269191451
2200.0,740.0770206192872,3.767158,40.924549,0.2657341523463998
2200.0,740.084364612707,3.7675588,40.874641,0.2660482777312305
2200.0,740.0777405623957,3.7676389,40.874641,0.2663624034640648
2200.0,740.0857795255409,3.7679596,40.84967,0.2666765294494487
2200.0,740.0782845172532,3.7681201,40.874641,0.2669906554131644
2200.0,740.0858872039084,3.7684004,40.874641,0.2673047814442519
2200.0,740.0779042701718,3.7688015,40.837204,0.2676189072465719
2200.0,740.0868338524084,3.7688015,40.824738,0.26793303367946
2200.0,740.0810034255239,3.7691619,40.899574,0.2682471607972154
2200.0,740.0880280114001,3.7692022,40.862137,0.2685612877369587
2200.0,740.0802193107107,3.7696431,40.924549,0.2688754145218969
2200.0,740.079430264083,3.7698834,40.899574,0.2691895409719245
2200.0,740.0861089093148,3.7699637,40.899574,0.2695036670971137
2200.0,740.0792133339241,3.7702842,40.937016,0.2698177934550654
2200.0,740.0862547475472,3.7703645,40.887108,0.2701319196421551
2200.0,740.0792735388748,3.7706449,40.84967,0.2704460460256607
2200.0,740.0856282667703,3.7706449,40.862137,0.2707601719468435
2200.0,740.0772456553597,3.771126,40.887108,0.2710742974696147
2200.0,740.0847711578842,3.7711661,40.862137,0.2713884230270016
2200.0,740.0791387734961,3.7710857,40.837204,0.2717025493533062
2200.0,740.085518378728,3.7714465,40.84967,0.2720166752278475
2200.0,740.0761504821126,3.7717271,40.862137,0.2723308002857728
2200.0,740.0849454384667,3.7718472,40.84967,0.2726449259171323
2200.0,740.0780242647654,3.7723684,40.837204,0.272959051770384
2200.0,740.0779872651577,3.7722883,40.84967,0.2732731776079312
2200.0,740.084510084843,3.7724886,40.887108,0.2735873030545068
2200.0,740.0774176024715,3.7726088,40.824738,0.2739014286502609
2200.0,740.0841075680557,3.7728493,40.912041,0.2742155539259902
2200.0,740.0764860639457,3.7730498,40.84967,0.274529679126353
2200.0,740.0849298990173,3.7731299,40.84967,0.2748438047511169
2200.0,740.0775469595422,3.7735307,40.7873,0.2751579304017765
2200.0,740.0852542661049,3.7737713,40.837204,0.2754720561642165
2200.0,740.079074528225,3.7738113,40.887108,0.2757861824632521
2200.0,740.0859387547343,3.7738514,40.837204,0.2761003085162201
2200.0,740.0764377852462,3.7741721,40.762367,0.2764144336960911
2200.0,740.0829877745064,3.7744925,40.824738,0.2767285584965292
2200.0,740.0762754443319,3.774653,40.824738,0.2770426836074947
2200.0,740.0769568257487,3.7747731,40.774834,0.2773568090076723
2200.0,740.0867275284336,3.7750137,40.812271,0.2776709353954316
2200.0,740.0799441167723,3.7753744,40.824738,0.2779850620635637
2200.0,740.0869578641161,3.775254,40.862137,0.278299188549088
2200.0,740.0798892585343,3.7755346,40.812271,0.2786133151939357
2200.0,740.0865456668535,3.7756548,40.84967,0.2789274415045046
2200.0,740.0796045307367,3.7758553,40.762367,0.2792415680284997
2200.0,740.0850834646656,3.7761359,40.862137,0.2795556937184437
2200.0,740.0790917156511,3.7761359,40.749901,0.2798698200247746
2200.0,740.086039524338,3.7764566,40.774834,0.2801839461205138
2200.0,740.0790160691209,3.7764163,40.799767,0.2804980723947364
2200.0,740.0865795539913,3.7765367,40.799767,0.2808121987196887
2200.0,740.0768298975973,3.776777,40.7873,0.2811263240659917
2200.0,740.078447187528,3.7770176,40.799767,0.2814404500987528
2200.0,740.0876695011732,3.7772181,40.7873,0.2817545768863281
2200.0,740.0804314437053,3.7773383,40.799767,0.282068703761306
2200.0,740.0875857240468,3.7775385,40.749901,0.2823828305133224
2200.0,740.0794517971457,3.7776589,40.7873,0.2826969569724897
2200.0,740.0859730320134,3.7778192,40.799767,0.2830110830400066
2200.0,740.0761703427927,3.7780998,40.712463,0.2833252081063617
2200.0,740.0860699564801,3.7781398,40.824738,0.2836393342150177
2200.0,740.0773038943784,3.7782199,40.712463,0.2839534597625084
2200.0,740.0860183814046,3.7786207,40.72493,0.2842675858492736
2200.0,740.0786385439967,3.7787409,40.762367,0.2845817119632559
2200.0,740.087802290496,3.7788212,40.799767,0.284895838807193
2200.0,740.0796177750441,3.7790215,40.774834,0.2852099653368095
2200.0,740.0808351036297,3.7790215,40.799767,0.2855240923831207
2200.0,740.0871441936474,3.7793822,40.737396,0.2858382189477317
2200.0,740.0748291866909,3.7795024,40.712463,0.2861523434448336
2200.0,740.0843291878213,3.779743,40.774834,0.2864664688146284
2200.0,740.075393197553,3.7795827,40.762367,0.2867805935511245
2200.0,740.0823346945486,3.7799835,40.737396,0.2870947180743659
2200.0,740.0769268940415,3.7803042,40.774834,0.2874088434618389
2200.0,740.0855198561078,3.7803442,40.774834,0.2877229693370073
2200.0,740.0765529092114,3.7805045,40.712463,0.2880370945657426
2200.0,740.0833995928829,3.780705,40.749901,0.2883512195409752
2200.0,740.0764241499828,3.7808652,40.774834,0.2886653447150587
2200.0,740.0840374504769,3.7809854,40.749901,0.2889794699610269
2200.0,740.0769714741616,3.7810254,40.7873,0.289293595367422
2200.0,740.0820722419444,3.7813861,40.72493,0.2896077197792665
2200.0,740.0757519852405,3.7815065,40.699997,0.2899218446680499
2200.0,740.0770562026137,3.7814665,40.72493,0.2902359701104079
2200.0,740.0865036381136,3.7815065,40.749901,0.2905500964031381
2200.0,740.0793294466874,3.7819474,40.749901,0.2908642228103738
2200.0,740.0845991841794,3.7819874,40.712463,0.2911783482947672
2200.0,740.0773416139956,3.7821877,40.712463,0.291492473858268
2200.0,740.0847488068738,3.7823482,40.762367,0.2918065994061682
2200.0,740.0768786280294,3.7824683,40.675026,0.2921207247731547
2200.0,740.0865370244013,3.7828691,40.712463,0.2924348510800555
2200.0,740.077438439774,3.782789,40.699997,0.292748976684654
2200.0,740.085391046369,3.7829895,40.72493,0.2930631025051497
2200.0,740.0771633554177,3.7829092,40.675026,0.2933772279929887
2200.0,740.0845414694699,3.7831097,40.675026,0.2936913534528854
2200.0,740.0778910254551,3.7834303,40.650093,0.2940054792495837
2200.0,740.0788502254633,3.7834704,40.737396,0.2943196054534141
2200.0,740.0855229927902,3.7837107,40.66256,0.2946337313299139
2200.0,740.078241256008,3.7835906,40.712463,0.2949478572752674
2200.0,740.0852072444167,3.7839112,40.687492,0.2952619830177492
2200.0,740.0777376326312,3.7839112,40.72493,0.29557610874934
2200.0,740.0847254787197,3.7841117,40.650093,0.2958902342873386
2200.0,740.0780652804444,3.7843521,40.699997,0.2962043601579994
2200.0,740.0859429783483,3.7843921,40.699997,0.29651848621276
2200.0,740.0784669381143,3.7847128,40.712463,0.2968326122539043
2200.0,740.0852822570248,3.7847528,40.625122,0.2971467380282249
2200.0,740.0773122074852,3.7850735,40.575214,0.297460863579244
2200.0,740.0842360355385,3.7853541,40.612656,0.2977749889095007
2200.0,740.0779623140706,3.7851136,40.687492,0.2980891147364575
2200.0,740.077752452017,3.7852337,40.637627,0.2984032404743383
2200.0,740.0860124367899,3.7853141,40.575214,0.2987173665585804
2200.0,740.0799733644856,3.7859151,40.650093,0.2990314932391267
2200.0,740.0859226292035,3.7859552,40.687492,0.2993456192852503
2200.0,740.0782254598977,3.7858751,40.637627,0.2996597452238991
2200.0,740.0848340120624,3.7859952,40.587723,0.2999738708079643
2200.0,740.0763630542546,3.7861557,40.650093,0.3002879959561157
2200.0,740.084970524456,3.7862759,40.675026,0.3006021215981228
2200.0,740.0774926751019,3.786396,40.625122,0.3009162472257415
2200.0,740.0855938311018,3.786396,40.625122,0.3012303731323082
2200.0,740.0793247835592,3.7868772,40.612656,0.3015444995375646
2200.0,740.0854914984776,3.786797,40.637627,0.3018586254006968
2200.0,740.0781934045872,3.7868772,40.687492,0.3021727513257398
2200.0,740.0773290287163,3.7871978,40.675026,0.3024868768838988
2200.0,740.0846965604854,3.787358,40.612656,0.3028010024096231
2200.0,740.0778075540779,3.787358,40.650093,0.3031151281708921
2200.0,740.0860537090875,3.7875183,40.66256,0.3034292542726519
2200.0,740.0758026075265,3.7874782,40.612656,0.3037433791829219
2200.0,740.0840898311075,3.7875986,40.575214,0.3040575044511229
2200.0,740.0774047115693,3.787879,40.562752,0.3043716300414054
2200.0,740.0861258892069,3.787879,40.600189,0.3046857561738018
2200.0,740.0772806403323,3.7881596,40.612656,0.3049998817114223
2200.0,740.0837797586598,3.7882798,40.637627,0.3053140068480144
2200.0,740.0763541550721,3.7885604,40.66256,0.3056281319923886
2200.0,740.0821283580264,3.7886405,40.575214,0.3059422564280513
2200.0,740.0746985965898,3.7887208,40.575214,0.3062563808697243
2200.0,740.0751166244745,3.7888811,40.575214,0.3065705054888291
2200.0,740.0826117467027,3.7888811,40.612656,0.306884630129664
2200.0,740.0754951749242,3.7891216,40.600189,0.3071987549094443
2200.0,740.0812229819263,3.7892818,40.537819,0.3075128789608244
2200.0,740.0755870933419,3.7893219,40.625122,0.3078270037796195
2200.0,740.0796331293728,3.7894824,40.600189,0.308141127156194
2200.0,740.06997828155,3.7897227,40.500381,0.308455249594331
2200.0,740.0803954140886,3.7896826,40.525352,0.3087693732944537
2200.0,740.0717980119213,3.7898028,40.512848,0.3090834965049746
2200.0,740.0797097169728,3.7900434,40.575214,0.3093976199140563
2200.0,740.0734562682138,3.790364,40.562752,0.3097117438284235
2200.0,740.0808564027438,3.7902439,40.537819,0.3100258677242106
2200.0,740.0734978573835,3.790364,40.612656,0.3103399916562303
2200.0,740.0745244395183,3.7904441,40.550285,0.3106541160239824
2200.0,740.0804088543672,3.790364,40.562752,0.3109682397298098
2200.0,740.074466444118,3.7906847,40.537819,0.3112823640729458
2200.0,740.0822229384736,3.7908049,40.575214,0.3115964885487527
2200.0,740.0740586091206,3.7908449,40.500381,0.3119106127187833
2200.0,740.0822420917174,3.7910454,40.512848,0.3122247372027197
2200.0,740.0755015101279,3.7912858,40.587723,0.3125388619851891
2200.0,740.0821199473262,3.7913258,40.537819,0.312852986417282
2200.0,740.0753392431894,3.7915263,40.537819,0.3131671111308772
2200.0,740.0828558153976,3.7915664,40.475449,0.3134812358753058
2200.0,740.0748999871487,3.7915263,40.562752,0.313795360402459
2200.0,740.0835200280401,3.791847,40.537819,0.3141094854288097
2200.0,740.0760742373309,3.7918069,40.587723,0.3144236104543729
2200.0,740.0765942782956,3.7920873,40.537819,0.3147377357006673
2200.0,740.0827784347252,3.7922478,40.537819,0.3150518604122521
2200.0,740.0766104530837,3.7920072,40.487915,0.3153659856654119
2200.0,740.0842283693092,3.7924881,40.500381,0.3156801109924147
2200.0,740.0737526170489,3.7924881,40.537819,0.3159942350325671
2200.0,740.0814228974381,3.7926886,40.487915,0.3163083591688003
2200.0,740.0755513027199,3.7926886,40.512848,0.3166224839724041
2200.0,740.0821534188455,3.7929292,40.537819,0.3169366084187038
2200.0,740.0759367867271,3.7930493,40.512848,0.3172507333859262
2200.0,740.0836122284519,3.7930894,40.475449,0.3175648584514108
2200.0,740.0760244448413,3.7930894,40.550285,0.3178789834558396
2200.0,740.084393262764,3.7931294,40.562752,0.3181931088528307
2200.0,740.0763220998638,3.7932496,40.537819,0.3185072339835991
2200.0,740.0772519535244,3.7935302,40.537819,0.3188213595090435
2200.0,740.0825640783602,3.7935703,40.537819,0.3191354841296458
2200.0,740.0756509113344,3.7938108,40.500381,0.3194496089755284
2200.0,740.0844371351847,3.793931,40.550285,0.319763734391141
2200.0,740.0783544998859,3.793931,40.525352,0.3200778603845608
2200.0,740.0859421725885,3.7940111,40.487915,0.3203919864389795
2200.0,740.0786596013845,3.7943318,40.462982,0.3207061125618995
2200.0,740.0843449591248,3.7945323,40.462982,0.3210202379383884
2200.0,740.077406994686,3.7945323,40.512848,0.32133436352964
2200.0,740.0841986082756,3.7945724,40.512848,0.3216484888440108
2200.0,740.0768281519554,3.794893,40.400574,0.3219626141895729
2200.0,740.0822636615244,3.7948127,40.438007,0.3222767386826646
2200.0,740.0749504143149,3.7949331,40.575214,0.3225908632312215
2200.0,740.0741672513631,3.7950132,40.500381,0.3229049874473652
2200.0,740.0816191143332,3.7952538,40.475449,0.3232191116668819
2200.0,740.0750216663007,3.7952938,40.438007,0.3235332362456817
2200.0,740.0813117032974,3.7953339,40.425541,0.3238473603347191
2200.0,740.075005345403,3.7953739,40.425541,0.3241614849065915
2200.0,740.0823915186761,3.7956145,40.462982,0.3244756094539516
2200.0,740.075522371782,3.7956946,40.487915,0.3247897342452757
2200.0,740.0833628620011,3.7957747,40.425541,0.3251038592049179
2200.0,740.0761881890425,3.7960553,40.462982,0.3254179842788479
2200.0,740.0799433728974,3.7960153,40.487915,0.3257321077871038
2200.0,740.0730256552546,3.7959752,40.487915,0.3260462315186974
2200.0,740.0804025428376,3.796376,40.450474,0.3263603552218459
2200.0,740.0748495482161,3.7962956,40.438007,0.3266744797275903
2200.0,740.0778975316316,3.7963357,40.413074,0.3269886055270501
2200.0,740.0857603111106,3.7965763,40.450474,0.3273027315042786
2200.0,740.0780579682091,3.7966564,40.438007,0.3276168573718356
2200.0,740.085089787757,3.7967367,40.413074,0.3279309830644635
2200.0,740.0776912094628,3.7968569,40.500381,0.32824510877635
2200.0,740.0852208920953,3.7968969,40.413074,0.3285592345246245
2200.0,740.0773229127794,3.7971776,40.413074,0.3288733600801876
2200.0,740.0837966531158,3.7973378,40.462982,0.3291874852239504
2200.0,740.076808303451,3.7973778,40.438007,0.3295016105610878
2200.0,740.0831085270562,3.7975783,40.388107,0.3298157354127787
2200.0,740.077289111827,3.7976584,40.400574,0.330129860953995
2200.0,740.084090490347,3.7975383,40.462982,0.3304439862224757
2200.0,740.0777401346054,3.7977786,40.462982,0.3307581119551284
2200.0,740.0777691026847,3.797899,40.388107,0.3310722377000767
2200.0,740.0839313828105,3.7979391,40.425541,0.3313863629010249
2200.0,740.0760451966062,3.7978587,40.413074,0.3317004879142619
2200.0,740.0845737814112,3.7980192,40.400574,0.3320146133878732
2200.0,740.0763236988845,3.7983398,40.438007,0.3323287385193203
2200.0,740.0837871437172,3.7985001,40.388107,0.332642863659047
2200.0,740.0763222952905,3.7986202,40.375641,0.3329569887898983
2200.0,740.0840494374206,3.7985001,40.400574,0.3332711140409543
2200.0,740.0735007748698,3.7987807,40.413074,0.3335852379742123
2200.0,740.0800506369766,3.7987006,40.388107,0.333899361527996
2200.0,740.0757670242,3.7988207,40.413074,0.3342134864231627
2200.0,740.0823716941194,3.7992215,40.413074,0.3345276109621083
2200.0,740.0754627409359,3.7993016,40.438007,0.3348417357281221
2200.0,740.074950304528,3.7991815,40.413074,0.3351558602766324
2200.0,740.0835144494195,3.7993817,40.388107,0.3354699853006153
2200.0,740.0741676296316,3.7993417,40.413074,0.3357841095169195
2200.0,740.0822998064269,3.7996624,40.450474,0.3360982340253527
2200.0,740.0749158807679,3.7997024,40.375641,0.3364123585592519
2200.0,740.0817135975777,3.7997024,40.350708,0.3367264828188715
2200.0,740.0750018419434,3.799983,40.3382,0.3370406073892569
2200.0,740.0823636256753,3.8001432,40.313267,0.3373547319247779
2200.0,740.0742672750805,3.8000631,40.388107,0.3376688561833766
2200.0,740.0817305407373,3.8002236,40.400574,0.3379829804501877
2200.0,740.0748347166544,3.8004639,40.388107,0.3382971049496368
2200.0,740.0819279297956,3.8001432,40.3008,0.3386112293002287
2200.0,740.075919147466,3.8001432,40.413074,0.3389253542599641
2200.0,740.0754125943248,3.8006244,40.400574,0.3392394790046932
2200.0,740.0820659433069,3.8007445,40.425541,0.3395536034138642
2200.0,740.0734302919036,3.8007045,40.3382,0.3398677273172058
2200.0,740.0799013315724,3.8007445,40.363174,0.3401818508076175
2200.0,740.074790991194,3.800945,40.388107,0.3404959752885073
2200.0,740.0819369018162,3.8010252,40.375641,0.3408100996429073
2200.0,740.0734388000279,3.8010252,40.350708,0.3411242235498601
2200.0,740.0815837503271,3.8011453,40.3382,0.3414383477543667
2200.0,740.0730469929928,3.8013458,40.363174,0.3417524714950171
2200.0,740.080884564536,3.8011453,40.350708,0.3420665954027574
2200.0,740.0728494842642,3.801466,40.3008,0.3423807190595754
2200.0,740.0803789829317,3.8019068,40.388107,0.342694842752724
2200.0,740.0727708713398,3.8015862,40.313267,0.3430089663761747
2200.0,740.0739049842402,3.8017466,40.363174,0.3433230904809992
2200.0,740.0819035645391,3.8019068,40.325733,0.3436372148212494
2200.0,740.0758355418482,3.8019869,40.388107,0.3439513397454984
2200.0,740.0831322573227,3.8019869,40.325733,0.3442654646072615
2200.0,740.0756450887422,3.8022676,40.3382,0.3445795894506728
2200.0,740.0821651623729,3.8023076,40.350708,0.344893713901957
2200.0,740.0747814207052,3.8023477,40.288296,0.3452078383787846
2200.0,740.0830737490294,3.8024678,40.363174,0.3455219632157142
2200.0,740.0762278983293,3.8027084,40.425541,0.3458360883064988
2200.0,740.0834491051107,3.8027084,40.363174,0.3461502133027465
2200.0,740.0760612121879,3.8027084,40.375641,0.3464643383227813
2200.0,740.0844372205185,3.8029089,40.375641,0.34677846373843
2200.0,740.0736550099728,3.8029089,40.3382,0.347092587737153
2200.0,740.0806678153456,3.8030291,40.375641,0.3474067115528952
2200.0,740.0766751501898,3.8033097,40.313267,0.3477208368335157
2200.0,740.0769179218042,3.8033097,40.363174,0.3480349622171804
2200.0,740.0839863759446,3.8031492,40.375641,0.3483490874414703
2200.0,740.0759850895736,3.80351,40.325733,0.3486632124291948
2200.0,740.0823353904183,3.80351,40.325733,0.3489773369527315
2200.0,740.0740038243467,3.8037105,40.363174,0.3492914610995086
2200.0,740.0824561792912,3.8037505,40.288296,0.3496055856743136
2200.0,740.0754178927435,3.8037105,40.3008,0.3499197104212916
2200.0,740.0827570600401,3.8041112,40.275829,0.350233835123804
2200.0,740.074657263726,3.8038707,40.313267,0.3505479595479333
2200.0,740.082986272877,3.8040311,40.350708,0.350862084347734
2200.0,740.07590823416,3.8044319,40.350708,0.3511762093028372
2200.0,740.0838116314492,3.8040712,40.3008,0.3514903344529576
2200.0,740.0769544944403,3.8043516,40.238434,0.3518044598521456
2200.0,740.0762278737731,3.804472,40.325733,0.3521185849429198
2200.0,740.0826888713735,3.8046322,40.3008,0.3524327096164898
2200.0,740.075602901628,3.8049128,40.3008,0.3527468344419948
2200.0,740.0825861605794,3.8047523,40.325733,0.3530609590719697
2200.0,740.0771071056594,3.805073,40.3382,0.3533750845359335
2200.0,740.0832998734784,3.8047523,40.313267,0.3536892094688406
2200.0,740.0752524756483,3.8051934,40.3382,0.3540033341456073
2200.0,740.0827695354533,3.8051131,40.350708,0.3543174588534148
2200.0,740.0737408862245,3.8054738,40.325733,0.3546315828885881
2200.0,740.0822284806688,3.8054738,40.325733,0.3549457073667474
2200.0,740.076365471305,3.8057144,40.3382,0.3552598325159248
2200.0,740.0834880576386,3.8056343,40.313267,0.3555739575287057
2200.0,740.0763475998853,3.8057144,40.313267,0.3558880826702976
2200.0,740.0758572703376,3.806035,40.288296,0.3562022076037692
2200.0,740.0831352726551,3.8057945,40.275829,0.3565163324668122
2200.0,740.0759552679604,3.8057945,40.3382,0.3568304574418789
2200.0,740.0824615873465,3.8061953,40.313267,0.3571445820189793
2200.0,740.0741528225238,3.8061152,40.275829,0.3574587062289987
2200.0,740.0811096878988,3.8064358,40.350708,0.3577728302322916
2200.0,740.075209995394,3.8061953,40.275829,0.3580869548910277
2200.0,740.0837267678005,3.8066361,40.2509,0.358401080005128
2200.0,740.0760429383527,3.8067565,40.363174,0.3587152050174064
2200.0,740.08306713259,3.806596,40.275829,0.3590293298515277
2200.0,740.0774236083147,3.8069167,40.313267,0.359343455449831
2200.0,740.0861091288907,3.8068767,40.3008,0.3596575815751134
2200.0,740.077516100837,3.8068767,40.325733,0.3599717072126752
2200.0,740.0781239709911,3.8069568,40.3008,0.3602858331082471
2200.0,740.083188288378,3.8072774,40.3008,0.3605999579937924
2200.0,740.0779718965306,3.8069167,40.313267,0.3609140838248164
2200.0,740.0849755169952,3.8072774,40.3008,0.3612282094689426
2200.0,740.078666339413,3.8074377,40.263363,0.3615423355947226
2200.0,740.0860405373955,3.8073175,40.238434,0.3618564616908917
2200.0,740.0777217023824,3.807478,40.288296,0.3621705874157209
2200.0,740.0852073420288,3.8076382,40.275829,0.3624847131582442
2200.0,740.0770485613247,3.8077183,40.2509,0.3627988385973589
2200.0,740.0858864227051,3.8078387,40.288296,0.3631129646281148
2200.0,740.0766891756926,3.8079989,40.275829,0.3634270899146884
2200.0,740.0843562141828,3.8080389,40.2509,0.3637412152959544
2200.0,740.0773950683326,3.808079,40.275829,0.3640553408821438
2200.0,740.0778114481865,3.808079,40.2509,0.3643694666450656
2200.0,740.0858270720217,3.8082795,40.350708,0.3646835926506304
2200.0,740.0781901207012,3.8083997,40.288296,0.3649977185742795
2200.0,740.0846549708974,3.8084397,40.238434,0.3653118440823514
2200.0,740.0775385247797,3.8086402,40.313267,0.3656259697294309
2200.0,740.0845124043058,3.8086803,40.275829,0.3659400951769911
2200.0,740.0778992283657,3.8088005,40.3008,0.3662542209771711
2200.0,740.0852196347007,3.809001,40.2509,0.3665683467249119
2200.0,740.0772044564296,3.809041,40.288296,0.3668824722301962
2200.0,740.0847012847448,3.8092413,40.263363,0.3671965977579258
2200.0,740.0770241714501,3.8092813,40.2509,0.3675107231866882
2200.0,740.0842617558017,3.8092413,40.275829,0.3678248485278618
2200.0,740.0776258046254,3.8094819,40.2509,0.3681389742119872
2200.0,740.0765750035888,3.8094418,40.275829,0.3684530994501005
2200.0,740.0834191975567,3.8095219,40.275829,0.3687672244336541
2200.0,740.0751766218225,3.8098826,40.275829,0.3690813490782247
2200.0,740.0839708483644,3.8098025,40.225925,0.369395474295924
2200.0,740.0767834376969,3.8097222,40.288296,0.369709599622507
2200.0,740.0836651339774,3.8100028,40.188526,0.3700237247104472
2200.0,740.0784128862421,3.8101633,40.225925,0.3703378507286491
2200.0,740.0856181228935,3.8100028,40.263363,0.3706519766455264
2200.0,740.0788879569494,3.8102033,40.275829,0.3709661028653719
2200.0,740.0854741038878,3.8104837,40.263363,0.371280228721121
2200.0,740.0782721027422,3.810564,40.238434,0.3715943546795675
2200.0,740.0852164118661,3.8107243,40.2509,0.3719084804259404
2200.0,740.0764746991117,3.8103235,40.238434,0.3722226056214794
2200.0,740.0762716726977,3.8106842,40.275829,0.372536730730844
2200.0,740.0840018175772,3.8106041,40.238434,0.372850855961688
2200.0,740.0777438951894,3.8108044,40.238434,0.3731649816959369
2200.0,740.0850354413795,3.8110049,40.313267,0.3734791073654978
2200.0,740.0754904262583,3.8108845,40.225925,0.3737932321432626
2200.0,740.0835462857834,3.811085,40.275829,0.3741073571807581
2200.0,740.075504000438,3.8114057,40.275829,0.3744214819642846
2200.0,740.0837915382035,3.8114457,40.188526,0.3747356071058764
2200.0,740.0771402722422,3.8113656,40.138622,0.3750497325839178
2200.0,740.0834671102363,3.8114457,40.225925,0.3753638575878077
2200.0,740.0758193557028,3.8116059,40.263363,0.3756779825051865
2200.0,740.0836425628795,3.811646,40.263363,0.3759921075835465
2200.0,740.0757706251684,3.8117263,40.2509,0.3763062324802416
2200.0,740.0759363227164,3.8118465,40.2509,0.3766203574472671
2200.0,740.083750290667,3.8120871,40.238434,0.3769344825713516
2200.0,740.0753688205704,3.812047,40.213459,0.377248607297501
2200.0,740.0839391220953,3.8123274,40.275829,0.3775627325017341
2200.0,740.0770051408732,3.8122473,40.3008,0.377876857922419
2200.0,740.0829528376809,3.8122873,40.188526,0.3781909827080283
2200.0,740.0754084931252,3.8124878,40.225925,0.3785051074510167
2200.0,740.0827659834592,3.8127682,40.188526,0.3788192321573165
2200.0,740.075131480183,3.8125679,40.288296,0.3791333567827268
2200.0,740.0823385278168,3.8127282,40.2509,0.3794474813075952
2200.0,740.0760433285923,3.8128083,40.225925,0.3797616063200392
2200.0,740.0836908420646,3.8128486,40.213459,0.380075731418891
2200.0,740.0758609693264,3.8129687,40.225925,0.3803898563539328
2200.0,740.0770740614485,3.8132894,40.188526,0.380703981803871
2200.0,740.0833690266011,3.8132093,40.2509,0.3810181067661298
2200.0,740.0761442558771,3.813169,40.200993,0.3813322318214123
2200.0,740.0838812730414,3.8133295,40.238434,0.3816463570010917
2200.0,740.0759018745023,3.8133695,40.176022,0.3819604819534956
2200.0,740.0835429288089,3.8135698,40.213459,0.3822746069895664
2200.0,740.0766066074738,3.8136101,40.151089,0.3825887322410939
2200.0,740.0855640946248,3.8136501,40.200993,0.3829028581350391
2200.0,740.0785544379431,3.8137703,40.3008,0.3832169842133227
2200.0,740.0852830259499,3.8136902,40.213459,0.3835311099879696
2200.0,740.0773264285172,3.8137302,40.188526,0.3838452355450249
2200.0,740.0842517337865,3.8139305,40.225925,0.3841593608819447
2200.0,740.0757128860739,3.814131,40.238434,0.3844734857541325
2200.0,740.0761185362819,3.8142912,40.238434,0.3847876107984984
2200.0,740.0824996611614,3.8144116,40.213459,0.385101735391759
2200.0,740.075438705592,3.8144116,40.213459,0.385415860147571
2200.0,740.0829537283653,3.8143313,40.2509,0.3857299849335584
2200.0,740.0762020075567,3.8144116,40.213459,0.3860441100133536
2200.0,740.0828630665198,3.814652,40.225925,0.38635823476086
2200.0,740.0752131940493,3.8148525,40.263363,0.3866723594209537
2200.0,740.0831397770316,3.8148925,40.126156,0.3869864842859086
2200.0,740.0782757646919,3.8147724,40.176022,0.3873006102459093
2200.0,740.085174370848,3.8149726,40.163555,0.3876147359744381
2200.0,740.0779344333214,3.8152533,40.225925,0.3879288617895609
2200.0,740.0842470584354,3.8151331,40.263363,0.3882429871244962
2200.0,740.0770049456511,3.8153334,40.263363,0.3885571125450982
2200.0,740.0779264259398,3.8152933,40.163555,0.3888712383568222
2200.0,740.0840955317943,3.8154535,40.200993,0.3891853636274427
2200.0,740.0771996101528,3.8154535,40.200993,0.3894994891306701
2200.0,740.0848187901081,3.8155739,40.200993,0.3898136147082743
2200.0,740.0768463649117,3.8156941,40.213459,0.3901277400615668
2200.0,740.084864713098,3.8158143,40.200993,0.3904418656586628
2200.0,740.0769378927829,3.815614,40.225925,0.3907559910508042
2200.0,740.0857022420714,3.8159347,40.163555,0.3910701170033855
2200.0,740.0769164941656,3.8158543,40.126156,0.3913842423864443
2200.0,740.084889896188,3.8160148,40.2509,0.3916983679942292
2200.0,740.0787976006158,3.8159747,40.263363,0.392012494175723
2200.0,740.0858351166256,3.8160548,40.188526,0.3923266201847022
2200.0,740.0766970002326,3.8162954,40.225925,0.392640745474597
2200.0,740.07736170663,3.8164155,40.275829,0.3929548710466261
2200.0,740.084876578794,3.8164556,40.2509,0.3932689966487584
2200.0,740.076406437667,3.8167362,40.176022,0.3935831218153239
2200.0,740.0833371901348,3.8167763,40.188526,0.3938972467640699
2200.0,740.0745865607768,3.8166561,40.238434,0.3942113711581893
2200.0,740.0842729131452,3.8167362,40.225925,0.3945254965040985
2200.0,740.0767341217007,3.8169765,40.188526,0.3948396218097495
2200.0,740.0845348531328,3.8169365,40.151089,0.3951537472668379
2200.0,740.076402995291,3.8170166,40.176022,0.3954678724319423
2200.0,740.0844861709144,3.8170166,40.151089,0.3957819978683679
2200.0,740.0766830600626,3.8173373,40.213459,0.3960961231523457
2200.0,740.0853202087734,3.817137,40.225925,0.3964102489427747
2200.0,740.0768858176881,3.8173773,40.213459,0.3967243743128129
2200.0,740.0776011345027,3.8172972,40.200993,0.3970384999864671
2200.0,740.0851546806357,3.8174977,40.163555,0.3973526257066385
2200.0,740.078611139127,3.817698,40.188526,0.3976667518089888
2200.0,740.0843844249855,3.8177381,40.213459,0.3979808772022287
2200.0,740.0768249169773,3.8178184,40.188526,0.3982950025464176
2200.0,740.084166345345,3.8176579,40.176022,0.3986091278470947
2200.0,740.0756721270076,3.8178184,40.225925,0.3989232527019823
2200.0,740.0848102940741,3.8179386,40.225925,0.3992373782759804
2200.0,740.0749460684738,3.8179386,40.225925,0.3995515028226927
2200.0,740.0829670221235,3.8180587,40.263363,0.3998656276143226
2200.0,740.0757416095115,3.8182993,40.238434,0.400179752498702
2200.0,740.0819209594358,3.8184996,40.176022,0.4004938768463354
2200.0,740.075047923473,3.8184595,40.200993,0.4008080014362801
2200.0,740.0750000721545,3.8184996,40.176022,0.4011221260059143
2200.0,740.0838259377534,3.81862,40.225925,0.4014362511621069
2200.0,740.0751236678188,3.81866,40.213459,0.4017503757842012
2200.0,740.0837154026475,3.8185799,40.213459,0.4020645008934777
2200.0,740.0765814367106,3.8188202,40.225925,0.4023786261343215
2200.0,740.0831569526595,3.8191009,40.213459,0.4026927510065665
2200.0,740.0769831928101,3.8187001,40.163555,0.4030068764179355
2200.0,740.082918852931,3.8190608,40.225925,0.4033210011891202
2200.0,740.075717293101,3.8189406,40.163555,0.4036351260631786
2200.0,740.080713555492,3.8191009,40.263363,0.4039492498983349
2200.0,740.0743616959841,3.819181,40.151089,0.4042633741970106
2200.0,740.0818112788958,3.8190207,40.200993,0.4045774984980905
2200.0,740.0735889214486,3.8194215,40.176022,0.4048916224687623
2200.0,740.0815410011612,3.8193414,40.2509,0.4052057466551241
2200.0,740.0722997915335,3.8193815,40.163555,0.4055198700786252
2200.0,740.0716143332689,3.8197021,40.238434,0.4058339932111837
2200.0,740.0804970139062,3.8195417,40.188526,0.40614811695443
2200.0,740.0733193182505,3.8198624,40.238434,0.4064622408106688
2200.0,740.0814286226815,3.8197422,40.138622,0.4067763649493321
2200.0,740.0732260935429,3.8198624,40.225925,0.4070904887660017
2200.0,740.0809842478219,3.8199425,40.188526,0.4074046127160522
2200.0,740.0744089004503,3.8199825,40.213459,0.4077187370347638
2200.0,740.0821941667597,3.8199825,40.2509,0.4080328614983587
2200.0,740.0753885834349,3.8203032,40.163555,0.4083469862328964
2200.0,740.0817061998328,3.8203032,40.126156,0.408661110489376
2200.0,740.0741743559959,3.8203032,40.200993,0.4089752347085353
2200.0,740.0827790567207,3.8205037,40.225925,0.4092893594203841
2200.0,740.0748391356527,3.8204634,40.213459,0.4096034839217088
2200.0,740.0754507047956,3.8204634,40.238434,0.4099176086826139
2200.0,740.0825078767398,3.8205037,40.238434,0.4102317332793616
2200.0,740.0747913328328,3.820744,40.225925,0.4105458577603965
2200.0,740.081486838548,3.8206639,40.188526,0.4108599819237692
2200.0,740.0735497004217,3.8208644,40.275829,0.4111741058777937
2200.0,740.0812574181064,3.8209846,40.225925,0.41148822994379
2200.0,740.073319159658,3.8210247,40.163555,0.4118023537999615
2200.0,740.0804601116407,3.8210647,40.263363,0.4121164775275447
2200.0,740.0744543470987,3.8211448,40.213459,0.4124306018655462
2200.0,740.0827505050943,3.8211448,40.176022,0.4127447265652764
2200.0,740.0744770149668,3.8214254,40.238434,0.4130588509128991
2200.0,740.0809085641054,3.8217461,40.238434,0.4133729748308259
2200.0,740.0741648220344,3.8215055,40.200993,0.4136870990459385
2200.0,740.0753414892671,3.8211448,40.213459,0.4140012237604871
2200.0,740.0811360795773,3.8215055,40.213459,0.4143153477749818
2200.0,740.0742813743544,3.8214655,40.200993,0.4146294720395651
2200.0,740.0813727509366,3.8217461,40.2509,0.4149435961545138
2200.0,740.0751425392917,3.8217461,40.238434,0.4152577207846182
2200.0,740.0803901403776,3.8219464,40.213459,0.4155718444825024
2200.0,740.0736411918678,3.821666,40.225925,0.4158859684753604
2200.0,740.0820147101807,3.8219864,40.200993,0.4162000928627858
2200.0,740.0749691519562,3.8217862,40.200993,0.416514217419296
2200.0,740.0822539077889,3.8219864,40.238434,0.4168283419082477
2200.0,740.0750057606082,3.8221869,40.213459,0.4171424664802964
2200.0,740.0828603685801,3.8222671,40.176022,0.4174565912266576
2200.0,740.0750828966791,3.822227,40.188526,0.4177707158314466
2200.0,740.0759939760687,3.8224275,40.213459,0.418084840822943
2200.0,740.0810958939044,3.822227,40.225925,0.4183989648203811
2200.0,740.076089690984,3.8224275,40.213459,0.4187130898525036
2200.0,740.0832189404028,3.8226678,40.188526,0.419027214751059
2200.0,740.0744767346164,3.8226278,40.213459,0.4193413390985628
2200.0,740.0823808984035,3.8228283,40.213459,0.4196554636414151
2200.0,740.0750175404427,3.8228683,40.176022,0.4199695882184637
2200.0,740.0812130453472,3.8226678,40.2509,0.4202837122656263
2200.0,740.0766270667124,3.8229485,40.200993,0.4205978375258377
2200.0,740.0827373700323,3.8229084,40.263363,0.4209119622199928
2200.0,740.0746148806734,3.8229885,40.138622,0.4212260866261326
2200.0,740.0816817861795,3.8231087,40.200993,0.4215402108722499
2200.0,740.074035354563,3.8230286,40.188526,0.4218543350324101
2200.0,740.0731341754321,3.823189,40.238434,0.4221684588100651
2200.0,740.0801992335166,3.8233492,40.238434,0.4224825824269199
2200.0,740.0742291528431,3.8234293,40.225925,0.4227967066693377
2200.0,740.0830841860493,3.8235898,40.138622,0.4231108315106972
2200.0,740.0750084826677,3.8233893,40.238434,0.4234249560839012
2200.0,740.0825203764025,3.8235898,40.200993,0.4237390806859544
2200.0,740.0766267495276,3.82371,40.213459,0.4240532059460312
2200.0,740.0822241958682,3.8238702,40.213459,0.4243673304223718
2200.0,740.0754781459881,3.8237901,40.200993,0.4246814551949243
2200.0,740.0823128075536,3.8238702,40.213459,0.4249955797088758
2200.0,740.0754206757844,3.8239102,40.238434,0.4253097044570351
2200.0,740.082564370787,3.8241508,40.2509,0.4256238290777614
2200.0,740.0756910969101,3.8239906,40.188526,0.4259379539407008
2200.0,740.0748071161534,3.8241909,40.188526,0.4262520784284349
2200.0,740.0828626515151,3.8243914,40.213459,0.4265662031757651
2200.0,740.0742231349265,3.8241909,40.225925,0.4268803274156286
2200.0,740.0819316284122,3.8244715,40.188526,0.4271944517677903
2200.0,740.0745965342949,3.824271,40.238434,0.4275085761661431
2200.0,740.0812252157484,3.8245916,40.225925,0.4278227002184712
2200.0,740.0747312987527,3.8246717,40.225925,0.4281368246740246
2200.0,740.0826412757797,3.8248723,40.176022,0.4284509493273929
2200.0,740.0741278472899,3.8245916,40.163555,0.4287650735268116
2200.0,740.0834960292892,3.8248322,40.275829,0.4290791985429761
2200.0,740.075181858339,3.8248723,40.188526,0.4293933231897694
2200.0,740.081781334507,3.8249524,40.176022,0.4297074474781396
2200.0,740.0739023720699,3.825233,40.213459,0.4300215715818554
2200.0,740.073748881635,3.8250728,40.225925,0.4303356956204222
2200.0,740.0821162488118,3.8255136,40.3008,0.4306498200509452
2200.0,740.0740823636024,3.825233,40.213459,0.4309639442310584
2200.0,740.0813665131788,3.8250325,40.238434,0.4312780683433596
2200.0,740.0743051165581,3.825273,40.213459,0.4315921926180202
2200.0,740.0828733696046,3.8254735,40.225925,0.4319063173698996
2200.0,740.073309516012,3.8256338,40.263363,0.4322204412219778
2200.0,740.081076057581,3.8256738,40.151089,0.4325345652109965
2200.0,740.0702276577706,3.8256738,40.238434,0.4328486877549811
2200.0,740.0786295716163,3.8256738,40.325733,0.4331628107056002
2200.0,740.0702676969297,3.8259945,40.200993,0.4334769332665794
2200.0,740.0783566454643,3.8257539,40.176022,0.4337910561013562
2200.0,740.0707030584526,3.8259144,40.225925,0.4341051788471244
2200.0,740.0706327338742,3.8259544,40.213459,0.4344193015630435
2200.0,740.0786455630073,3.8262351,40.2509,0.43473342452045
2200.0,740.0717045187322,3.8259945,40.225925,0.4350475476912877
2200.0,740.078875923144,3.8262751,40.238434,0.4353616707464695
2200.0,740.0716200223366,3.8264353,40.238434,0.4356757938814428
2200.0,740.0809476142454,3.8262351,40.225925,0.4359899178159442
2200.0,740.072975069189,3.8263152,40.288296,0.4363040415260667
2200.0,740.0814057951728,3.8267159,40.263363,0.4366181656550409
2200.0,740.0744590958669,3.8267159,40.3008,0.436932289995058
2200.0,740.080621623769,3.8266358,40.275829,0.4372464137911943
2200.0,740.0737758711972,3.8266358,40.263363,0.4375605378412169
2200.0,740.0845163226007,3.8269563,40.313267,0.4378746632904401
2200.0,740.0774010987321,3.8267961,40.288296,0.4381887888791892
2200.0,740.0768369777761,3.8268762,40.2509,0.4385029142284973
2200.0,740.084262537005,3.8271568,40.238434,0.4388170395700024
2200.0,740.0772978151734,3.8271968,40.213459,0.4391311651149129
2200.0,740.0864298707241,3.8273573,40.275829,0.4394452913763327
2200.0,740.0782926962215,3.8271968,40.225925,0.4397594173435201
2200.0,740.0847923735662,3.827317,40.200993,0.4400735429099119
2200.0,740.0776582017793,3.8272769,40.3382,0.4403876686077883
2200.0,740.0857085537033,3.8275576,40.238434,0.4407017945630485
2200.0,740.0757579909813,3.8275576,40.263363,0.441015919454381
2200.0,740.0822135878738,3.8275175,40.238434,0.4413300439262192
2200.0,740.0763668744897,3.8275576,40.3008,0.4416441690759922
2200.0,740.0831869209907,3.8279183,40.275829,0.4419582939609571
2200.0,740.0753180151357,3.8279583,40.313267,0.442272418665542
2200.0,740.0760074893693,3.8281186,40.263363,0.4425865436627741
2200.0,740.0828355761431,3.8278782,40.263363,0.4429006683986123
2200.0,740.0759763493927,3.8280385,40.2509,0.443214793382627
2200.0,740.0853776799644,3.8281186,40.288296,0.4435289191974494
2200.0,740.0778182841331,3.8281589,40.238434,0.4438430449632727
2200.0,740.0827011762215,3.8283992,40.288296,0.4441571696420655
2200.0,740.0760361876368,3.8284392,40.2509,0.4444712946514785
2200.0,740.0842346314189,3.8283992,40.238434,0.4447854199811393
2200.0,740.0759084665234,3.8286798,40.288296,0.4450995449363411
2200.0,740.0827228679924,3.8286798,40.275829,0.4454136696243408
2200.0,740.0746622197897,3.8285997,40.213459,0.4457277940505738
2200.0,740.0823958277263,3.8288,40.2509,0.4460419185997628
2200.0,740.0736064386447,3.8289204,40.238434,0.4463560425778697
2200.0,740.0744855355739,3.8292007,40.275829,0.446670166929109
2200.0,740.0820571419539,3.8290005,40.238434,0.4469842913345445
2200.0,740.0740963897192,3.8292007,40.238434,0.447298415520611
2200.0,740.0831317689556,3.8291206,40.2509,0.4476125403821668
2200.0,740.0771853649738,3.8291206,40.288296,0.4479266658793478
2200.0,740.0833964189565,3.8292811,40.275829,0.4482407908532331
2200.0,740.0751397564555,3.8295214,40.313267,0.4485549154821563
2200.0,740.0824247098421,3.8294814,40.238434,0.4488690400436042
2200.0,740.0755277428462,3.8295615,40.263363,0.449183164837208
2200.0,740.0838121077428,3.8297219,40.288296,0.4494972899875305
2200.0,740.0764866129823,3.8298421,40.3008,0.4498114151881264
2200.0,740.0828061083549,3.8298421,40.313267,0.4501255399114572
2200.0,740.0750232043401,3.8298421,40.288296,0.4504396644909098
2200.0,740.0747826781894,3.8300023,40.313267,0.4507537889682712
2200.0,740.0831502994877,3.8300426,40.288296,0.4510679138376923
2200.0,740.0753841401873,3.8302429,40.213459,0.451382038570344
2200.0,740.0835774868505,3.8302429,40.2509,0.4516961636210828
2200.0,740.0765179485903,3.8302028,40.375641,0.4520102888349791
2200.0,740.0834129104813,3.8302829,40.263363,0.4523244138158642
2200.0,740.0757719317652,3.8304031,40.263363,0.4526385387131139
2200.0,740.0830136772038,3.8304834,40.325733,0.4529526635245463
2200.0,740.0747209356088,3.8305635,40.3008,0.4532667879757011
2200.0,740.0820962774276,3.8304834,40.275829,0.4535809123977474
2200.0,740.074632202852,3.8307638,40.263363,0.4538950368112396
2200.0,740.0815327618449,3.8307238,40.313267,0.4542091609941043
2200.0,740.0734557556023,3.8307638,40.3008,0.4545232849082539
2200.0,740.0753791593627,3.8309243,40.313267,0.4548374096387915
2200.0,740.0820138191893,3.8309643,40.325733,0.4551515340258387
2200.0,740.0747561889607,3.831285,40.3008,0.4554656584919568
2200.0,740.0830391780955,3.8311646,40.275829,0.4557797833142129
2200.0,740.0750614367736,3.8311245,40.225925,0.4560939079098933
2200.0,740.0828775440033,3.8314052,40.288296,0.4564080326635445
2200.0,740.0748453487915,3.8316457,40.313267,0.4567221571675064
2200.0,740.0802048978803,3.8314052,40.3008,0.4570362807867654
2200.0,740.0745446418373,3.8314853,40.3008,0.4573504051630924
2200.0,740.0815666123526,3.8316858,40.3008,0.4576645293603248
2200.0,740.0751665383128,3.8317659,40.3008,0.4579786540006155
2200.0,740.0819346071145,3.8317659,40.363174,0.4582927783540416
2200.0,740.0747748287863,3.8318059,40.325733,0.4586069028280713
2200.0,740.0738550945489,3.8318861,40.350708,0.4589210269117201
2200.0,740.0818932126483,3.8318861,40.3008,0.4592351512475765
2200.0,740.0742078638082,3.8321266,40.313267,0.4595492754809582
2200.0,740.0813686373152,3.8321667,40.263363,0.459863399594161
2200.0,740.0749508045545,3.8321667,40.3382,0.4601775241428836
2200.0,740.082503738562,3.8323269,40.325733,0.4604916487378748
2200.0,740.0754872528755,3.8325274,40.3008,0.4608057735142927
2200.0,740.083698325041,3.8324072,40.313267,0.4611198986163207
2200.0,740.0764676799142,3.8326075,40.263363,0.4614340238088805
2200.0,740.0836389249379,3.832768,40.3008,0.4617481488856964
2200.0,740.0745689461743,3.8326876,40.263363,0.4620622732723393
2200.0,740.0836650485413,3.8328481,40.275829,0.4623763983602432
2200.0,740.0757447832013,3.8329282,40.288296,0.4626905232459697
2200.0,740.0746869632742,3.8331687,40.375641,0.463004647682705
2200.0,740.0822034194405,3.8330083,40.350708,0.4633187721502272
2200.0,740.0739753945609,3.8332489,40.313267,0.4636328962849373
2200.0,740.0812162311425,3.8332489,40.375641,0.4639470203334521
2200.0,740.0736033746394,3.833369,40.363174,0.4642611443102585
2200.0,740.0807375422715,3.833369,40.263363,0.4645752681555959
2200.0,740.0751179668824,3.8334894,40.3008,0.4648893927752705
2200.0,740.0815675516384,3.8335695,40.375641,0.4652035169729016
2200.0,740.0759803293458,3.8338902,40.375641,0.4655176419586055
2200.0,740.0831098694777,3.8338099,40.313267,0.4658317668108663
2200.0,740.0759010691598,3.8337698,40.375641,0.4661458917629283
2200.0,740.0812069293487,3.8339703,40.313267,0.4664600158074949
2200.0,740.074421290712,3.8340504,40.375641,0.4667741401314655
2200.0,740.0839731307879,3.8340504,40.3008,0.4670882653501336
2200.0,740.0755994959841,3.8339703,40.375641,0.467402390174193
2200.0,740.0750636582951,3.834331,40.3008,0.4677165147708163
2200.0,740.0827715618752,3.8342106,40.388107,0.468030639479484
2200.0,740.0744619157422,3.8344111,40.313267,0.4683447638206979
2200.0,740.0829819514463,3.8345313,40.375641,0.4686588886186644
2200.0,740.0755502040325,3.8344913,40.3382,0.4689730134218018
2200.0,740.082845170773,3.8347719,40.325733,0.4692871381617124
2200.0,740.0752126442964,3.8347318,40.350708,0.4696012628215728
2200.0,740.082268678927,3.8348119,40.3382,0.4699153873167941
2200.0,740.0743272601504,3.834852,40.350708,0.4702295116008535
2200.0,740.0824147243547,3.834852,40.350708,0.4705436361580631
2200.0,740.0736915941708,3.8351326,40.363174,0.4708577601723143
2200.0,740.0816411114231,3.8350525,40.313267,0.4711718844011675
2200.0,740.075621236854,3.8352928,40.288296,0.4714860092344548
2200.0,740.0745531258146,3.8352928,40.363174,0.4718001336143828
2200.0,740.0808324766392,3.8352928,40.350708,0.4721142575000147
2200.0,740.0731613356602,3.8354132,40.3382,0.4724283812891978
2200.0,740.0816578233425,3.8356936,40.375641,0.4727425055251443
2200.0,740.0732014599475,3.8358541,40.325733,0.4730566293313581
2200.0,740.0821236826753,3.8358941,40.313267,0.4733707537650364
2200.0,740.0752633154902,3.8358541,40.288296,0.4736848784464042
2200.0,740.0824878447829,3.8359342,40.325733,0.4739990030346494
2200.0,740.0761671806648,3.8359342,40.288296,0.4743131280996624
2200.0,740.0816140853686,3.8360143,40.425541,0.4746272523170445
2200.0,740.0741483183973,3.8361747,40.3382,0.4749413765251521
2200.0,740.082937029645,3.8361747,40.325733,0.4752555013040518
2200.0,740.0756310380691,3.8365352,40.375641,0.4755696261414993
2200.0,740.0739570226029,3.8367357,40.363174,0.4758837502684114
2200.0,740.0804591477985,3.8365352,40.325733,0.4761978739955856
2200.0,740.0739964996287,3.8365352,40.425541,0.4765119981392538
2200.0,740.0793256697357,3.8366156,40.3382,0.4768261213853285
2200.0,740.0705737254266,3.8366957,40.313267,0.4771402440762014
2200.0,740.0785113830709,3.8368158,40.350708,0.4774543669766558
2200.0,740.072731149161,3.8369362,40.3382,0.4777684905832465
2200.0,740.0795852656017,3.8372567,40.375641,0.4780826139395054
2200.0,740.072895907228,3.8372166,40.363174,0.4783967376160276
2200.0,740.0814295138774,3.8370965,40.350708,0.4787108617550691
2200.0,740.0740597931408,3.8372567,40.375641,0.4790249859256022
2200.0,740.0829669369944,3.8373771,40.3382,0.4793391107171959
2200.0,740.0762339286264,3.8374972,40.413074,0.4796532358105401
2200.0,740.0755537434057,3.8374972,40.363174,0.4799673606151798
2200.0,740.0833728840164,3.8375773,40.375641,0.4802814855790759
2200.0,740.0752529273808,3.8376174,40.375641,0.4805956102560344
2200.0,740.0822337176473,3.8379781,40.375641,0.4809097347364165
2200.0,740.0747532835479,3.8378179,40.375641,0.4812238592013014
2200.0,740.0830435239805,3.8379381,40.363174,0.4815379840254021
2200.0,740.0768361602578,3.8380985,40.425541,0.4818521093743632
2200.0,740.0837760232083,3.8381786,40.388107,0.4821662345093698
2200.0,740.0773820310139,3.8382988,40.400574,0.4824803600900256
2200.0,740.0835319421328,3.8382587,40.363174,0.4827944851214331
2200.0,740.0763506520216,3.8383389,40.375641,0.4831086102643205
2200.0,740.0839897694469,3.8386195,40.450474,0.4834227354900506
2200.0,740.0753162086148,3.838419,40.3382,0.4837368601938689
2200.0,740.0751197858862,3.8387396,40.425541,0.4840509848143155
2200.0,740.0842293945427,3.8388197,40.400574,0.4843651101417535
2200.0,740.0764774578009,3.8389802,40.400574,0.4846792353384635
2200.0,740.0838802718528,3.8389001,40.375641,0.4849933605177179
2200.0,740.0769669576546,3.8390603,40.425541,0.485307485922196
2200.0,740.0848101475538,3.8394611,40.438007,0.4856216114961319
2200.0,740.0764591717899,3.8393009,40.400574,0.4859357366850804
2200.0,740.0836686251942,3.8391805,40.363174,0.4862498617745024
2200.0,740.077944907173,3.8395813,40.375641,0.4865639875940708
2200.0,740.0858607022374,3.8396616,40.425541,0.4868781136139098
2200.0,740.077291174756,3.8395412,40.413074,0.4871922391560017
2200.0,740.0838778915104,3.8397017,40.413074,0.4875063643342458
2200.0,740.0765110879853,3.8397818,40.413074,0.4878204895452301
2200.0,740.0761683163911,3.8398218,40.438007,0.4881346146107251
2200.0,740.0847872467849,3.839942,40.413074,0.4884487401749409
2200.0,740.0770522232744,3.8400624,40.487915,0.4887628656156099
2200.0,740.0830239072329,3.8403831,40.450474,0.4890769904313844
2200.0,740.0772306164001,3.839982,40.375641,0.4893911159477723
2200.0,740.084391712124,3.8403027,40.438007,0.4897052413441052
2200.0,740.0776626212892,3.8404231,40.413074,0.4900193670438574
2200.0,740.0841039663349,3.8405433,40.375641,0.490333492318058
2200.0,740.0760534733902,3.8404231,40.450474,0.490647617334808
2200.0,740.0830452447765,3.8407838,40.450474,0.490961742159639
2200.0,740.0753646949169,3.840904,40.388107,0.4912758668840373
2200.0,740.0813925631128,3.8409441,40.425541,0.4915899910073952
2200.0,740.0765611241956,3.8411446,40.475449,0.4919041162396174
2200.0,740.076225408224,3.8413849,40.450474,0.4922182413293451
2200.0,740.0835484584188,3.8411446,40.375641,0.4925323663677629
2200.0,740.0761089295727,3.8412247,40.438007,0.4928464914080512
2200.0,740.0833429273493,3.8415453,40.400574,0.4931606163592323
2200.0,740.074931188209,3.8415854,40.438007,0.4934747408996287
2200.0,740.0831326724298,3.8417056,40.413074,0.493788865761568
2200.0,740.0760964296263,3.8416655,40.438007,0.4941029907965508
2200.0,740.0841854977702,3.8420262,40.438007,0.494417116105357
2200.0,740.0748605955582,3.8418658,40.475449,0.4947312406157904
2200.0,740.0815877297064,3.8419862,40.462982,0.4950453648219859
2200.0,740.0722153688067,3.8422265,40.413074,0.4953594882096538
2200.0,740.080941669119,3.8422666,40.450474,0.4956736121416319
2200.0,740.0743209000834,3.8423069,40.450474,0.4959877364229917
2200.0,740.07280202339,3.842427,40.450474,0.496301860059665
2200.0,740.0818645259612,3.842387,40.450474,0.4966159843833453
2200.0,740.0743542012141,3.8427477,40.500381,0.4969301086788399
2200.0,740.0822692645993,3.8428679,40.438007,0.4972442331743097
2200.0,740.0751612042875,3.8426673,40.487915,0.4975583578123365
2200.0,740.0828332936173,3.8427877,40.438007,0.4978724825472058
2200.0,740.0754583827143,3.8428679,40.550285,0.4981866073113698
2200.0,740.0836230927547,3.8430281,40.450474,0.4985007323814657
2200.0,740.0756214680919,3.8432286,40.475449,0.4988148572148512
2200.0,740.0827960741638,3.8431084,40.500381,0.499128981933923
2200.0,740.0766724519702,3.8432286,40.525352,0.4994431072133982
2200.0,740.0830610290744,3.8435493,40.400574,0.4997572320449289
2200.0,740.0757131306132,3.8435493,40.438007,0.5000713569172205
2200.0,740.0749694077505,3.8436294,40.462982,0.5003854814738392
2200.0,740.0806623470245,3.8436294,40.487915,0.5006996052872603
2200.0,740.0738687541638,3.8437896,40.438007,0.5010137293767071
2200.0,740.0809513615657,3.8437896,40.363174,0.501327853312799
2200.0,740.074226894692,3.8441904,40.500381,0.5016419775542583
2200.0,740.0822495256832,3.8440702,40.462982,0.5019561020413501
2200.0,740.0741248078408,3.8442307,40.500381,0.5022702262394787
2200.0,740.0815900249196,3.8443909,40.512848,0.5025843504466485
2200.0,740.0718444224024,3.8444309,40.462982,0.5028984736768682
2200.0,740.0821146006621,3.844511,40.487915,0.5032125981066917
2200.0,740.0753719823913,3.8443909,40.537819,0.5035267228341831
2200.0,740.0804663246373,3.8447115,40.537819,0.5038408465644034
2200.0,740.0738841349666,3.8447917,40.462982,0.5041549706603785
2200.0,740.0735368957734,3.8445511,40.413074,0.504469094608968
2200.0,740.0815610570606,3.8449519,40.450474,0.5047832188038425
2200.0,740.072704525896,3.8450322,40.450474,0.505097342399133
2200.0,740.08137511941,3.8448718,40.537819,0.505411466515087
2200.0,740.0755098843184,3.8451924,40.450474,0.5057255913011108
2200.0,740.08223767247,3.8456333,40.525352,0.5060397157831715
2200.0,740.0743376118347,3.8455932,40.450474,0.5063538400716247
2200.0,740.0818726068882,3.8457134,40.487915,0.5066679643987351
2200.0,740.074412013568,3.8458738,40.500381,0.5069820887187679
2200.0,740.0815645121588,3.8458738,40.525352,0.507296212915109
2200.0,740.0743162253933,3.8459139,40.450474,0.5076103371944847
2200.0,740.0820431646043,3.8461144,40.500381,0.5079244615939874
2200.0,740.0729555379718,3.8462346,40.525352,0.5082385852958198
2200.0,740.072657126617,3.8462346,40.550285,0.5085527088709916
2200.0,740.0805805098609,3.8461545,40.562752,0.5088668326496774
2200.0,740.0735720271626,3.8464348,40.525352,0.5091809566131784
2200.0,740.0805267870135,3.8463547,40.438007,0.5094950803690617
2200.0,740.0728748864699,3.8464749,40.500381,0.5098092040366616
2200.0,740.0803822305276,3.8466754,40.475449,0.5101233277311886
2200.0,740.0742677390912,3.8467956,40.450474,0.5104374519899842
2200.0,740.0813710784349,3.846956,40.487915,0.5107515761042232
2200.0,740.0734016786622,3.8469961,40.475449,0.5110656999954198
2200.0,740.0815743388476,3.8472767,40.450474,0.5113798241959318
2200.0,740.0744035297953,3.8471963,40.512848,0.5116939485123637
2200.0,740.0813358975794,3.8473969,40.537819,0.5120080726116703
2200.0,740.0741334254451,3.847517,40.512848,0.5123221968134566
2200.0,740.0744841199065,3.847517,40.550285,0.5126363211640951
2200.0,740.0824549591406,3.8476372,40.450474,0.5129504457383821
2200.0,740.074735839816,3.8477175,40.512848,0.513264570195863
2200.0,740.0825496250241,3.8479578,40.575214,0.5135786948103306
2200.0,740.0757121172588,3.8480382,40.512848,0.513892819682192
2200.0,740.0829577203297,3.8483186,40.487915,0.5142069444698738
2200.0,740.074799401605,3.8479578,40.487915,0.5145210689543335
2200.0,740.0787481272812,3.8483586,40.512848,0.5148351919552728
2200.0,740.0728331877181,3.8485191,40.537819,0.5151493156051737
2200.0,740.080465531258,3.848479,40.587723,0.5154634393350573
2200.0,740.0745906015065,3.848439,40.487915,0.5157775637308919
2200.0,740.0814187350107,3.8486793,40.562752,0.5160916878653584
2200.0,740.075603353156,3.8488398,40.462982,0.516405812691055
2200.0,740.0739663609329,3.84904,40.537819,0.5167199368219308
2200.0,740.0813574919429,3.849,40.475449,0.517034060930403
2200.0,740.0759546942651,3.849,40.562752,0.5173481859052262
2200.0,740.0851691951584,3.8492405,40.562752,0.5176623116315583
2200.0,740.0773980220395,3.8491201,40.512848,0.5179764372190014
2200.0,740.0832906934438,3.8494408,40.500381,0.5182905621480121
2200.0,740.0764042407018,3.8496013,40.537819,0.5186046873136451
2200.0,740.0840857781611,3.8498416,40.512848,0.5189188125801257
2200.0,740.075714143149,3.8496814,40.537819,0.5192329374528472
2200.0,740.0815316146475,3.8496013,40.575214,0.5195470616352249
2200.0,740.0757434766045,3.8499217,40.537819,0.5198611865203969
2200.0,740.0834832116199,3.8500822,40.562752,0.520175311531121
2200.0,740.0759806950292,3.8503225,40.562752,0.5204894365169802
2200.0,740.0756352498742,3.8502023,40.562752,0.5208035613562153
2200.0,740.0811276202758,3.8502424,40.587723,0.5211176853671196
2200.0,740.0729588950148,3.8506432,40.600189,0.5214318090703769
2200.0,740.0805249553039,3.8506832,40.575214,0.5217459328254828
2200.0,740.0751716535829,3.8507235,40.587723,0.5220600574679446
2200.0,740.0817112658366,3.8508437,40.475449,0.5223741817265745
2200.0,740.0763661549918,3.8508837,40.512848,0.5226883068760421
2200.0,740.0837993138115,3.8509638,40.575214,0.5230024320209342
2200.0,740.0745636487787,3.8511243,40.587723,0.5233165564053287
2200.0,740.0831464052376,3.851084,40.550285,0.5236306812730969
2200.0,740.0748734004112,3.8513246,40.512848,0.5239448057889653
2200.0,740.0822953268115,3.8515651,40.537819,0.5242589302954972
2200.0,740.0735233090087,3.8516853,40.500381,0.5245730542383198
2200.0,740.0812421349655,3.8518054,40.525352,0.5248871782978293
2200.0,740.073517693405,3.8519258,40.600189,0.5252013022382683
2200.0,740.0738075117118,3.8519258,40.500381,0.5255154263017207
2200.0,740.0821744524001,3.852046,40.512848,0.5258295507569479
2200.0,740.0739961703704,3.8522062,40.575214,0.5261436749004763
2200.0,740.0833640093008,3.8521261,40.562752,0.5264577998606056
2200.0,740.077729966786,3.8522465,40.600189,0.5267719255889426
2200.0,740.0828704394014,3.8524868,40.575214,0.5270860503395783
2200.0,740.0771830210804,3.8524067,40.600189,0.5274001758357644
2200.0,740.083569491462,3.8527675,40.575214,0.5277143008831096
2200.0,740.0765270669373,3.8529277,40.587723,0.5280284261008762
2200.0,740.0827381269861,3.8528075,40.575214,0.5283425507953525
2200.0,740.0738817544435,3.8530881,40.562752,0.5286566748903172
2200.0,740.08137977,3.8531682,40.612656,0.5289707990082452
2200.0,740.0733168888195,3.8532484,40.612656,0.5292849228634527
2200.0,740.074032693894,3.8532484,40.587723,0.5295990470224836
2200.0,740.0853393742954,3.8532083,40.625122,0.5299131728210473
2200.0,740.0791637732864,3.8534489,40.587723,0.5302272991579631
2200.0,740.0855610301795,3.8537695,40.612656,0.5305414250506076
2200.0,740.0772339486823,3.8537695,40.575214,0.5308555505684098
2200.0,740.084299378084,3.8538096,40.612656,0.5311696759255521
2200.0,740.0771392712684,3.8542104,40.587723,0.5314838014031685
2200.0,740.0848100251806,3.8541703,40.575214,0.5317979269770525
2200.0,740.0771566171846,3.8541703,40.625122,0.5321120524620314
2200.0,740.084837760099,3.8544106,40.600189,0.5324261780476873
2200.0,740.0775150753069,3.8544908,40.575214,0.5327403036848137
2200.0,740.0848595372038,3.8545308,40.637627,0.5330544292797129
2200.0,740.0767026522612,3.8548114,40.512848,0.5333685545720066
2200.0,740.0769983051314,3.8550119,40.600189,0.53368267998979
2200.0,740.0846297019622,3.8552523,40.550285,0.5339968054871367
2200.0,740.0761741757153,3.8552122,40.625122,0.5343109305551187
2200.0,740.0833883382342,3.8551722,40.587723,0.5346250555255742
2200.0,740.0763058765772,3.8553727,40.625122,0.5349391806494567
2200.0,740.0846617088914,3.8553727,40.562752,0.5352533061603885
2200.0,740.0779764987798,3.8555329,40.637627,0.5355674319933659
2200.0,740.0859984960705,3.8556933,40.575214,0.5358815580716908
2200.0,740.0787961728748,3.8559737,40.600189,0.5361956842525786
2200.0,740.0865748784355,3.8558936,40.66256,0.5365098105755464
2200.0,740.0793426669502,3.8559337,40.625122,0.5368239369883934
2200.0,740.0865092045583,3.8560941,40.537819,0.5371380632834861
2200.0,740.0788403984641,3.8562143,40.625122,0.5374521894831454
2200.0,740.0785138867864,3.8562143,40.612656,0.537766315544217
2200.0,740.086377013493,3.8566151,40.537819,0.5380804417832019
2200.0,740.0776922350952,3.856535,40.600189,0.5383945674955237
2200.0,740.0848662636357,3.856535,40.600189,0.5387086930932778
2200.0,740.0785364081355,3.8569357,40.637627,0.5390228191639086
2200.0,740.084541835157,3.8568153,40.650093,0.5393369446239605
2200.0,740.0780723604187,3.8569758,40.600189,0.5396510704976264
2200.0,740.0846131613243,3.8572564,40.637627,0.5399651959879523
2200.0,740.0767997099937,3.8572564,40.625122,0.5402793213214422
2200.0,740.085858566232,3.8574166,40.625122,0.5405934473403745
2200.0,740.0786384953958,3.8577373,40.675026,0.5409075734543362
2200.0,740.0848685578259,3.8576572,40.600189,0.541221699053064
2200.0,740.0768743554478,3.8581381,40.600189,0.5415358244182371
2200.0,740.0769723655532,3.8580179,40.650093,0.5418499498250106
2200.0,740.0845059589434,3.8579376,40.600189,0.542164075269835
2200.0,740.0780521207538,3.8581781,40.675026,0.5424782011349102
2200.0,740.0851077930873,3.8581781,40.687492,0.5427923268351803
2200.0,740.0772404794152,3.8583384,40.600189,0.5431064523557546
2200.0,740.0855900099074,3.8584187,40.612656,0.5434205782606994
2200.0,740.0778762919138,3.8585389,40.66256,0.5437347040511441
2200.0,740.0845146621728,3.8588595,40.650093,0.5440488294996626
2200.0,740.0781548671447,3.8590198,40.687492,0.5443629554083483
2200.0,740.0848434729619,3.8587391,40.66256,0.5446770809964291
2200.0,740.0786935361685,3.8589797,40.637627,0.5449912071337528
2200.0,740.0854451972154,3.8591402,40.687492,0.5453053329772326
2200.0,740.0784671093941,3.8593404,40.687492,0.5456194590184494
2200.0,740.0782595788535,3.8595006,40.625122,0.5459335849715802
2200.0,740.0864664431142,3.8594205,40.650093,0.546247711248523
2200.0,740.0801420888976,3.859581,40.687492,0.5465618380006844
2200.0,740.086650990049,3.8598614,40.712463,0.5468759643559573
2200.0,740.07937723682,3.860182,40.650093,0.5471900907834776
2200.0,740.0857671473304,3.8600619,40.625122,0.5475042167636076
2200.0,740.0785253486174,3.8604226,40.600189,0.5478183428295441
2200.0,740.0859043432131,3.8604627,40.675026,0.5481324688679062
2200.0,740.0773705442173,3.8605027,40.587723,0.5484465944436865
2200.0,740.0853773013852,3.8604226,40.650093,0.5487607202583482
2200.0,740.0771300553102,3.8606229,40.675026,0.549074845732053
2200.0,740.0843563724698,3.8608234,40.699997,0.5493889711133861
2200.0,740.0780077611283,3.8608634,40.625122,0.5497030969596329
2200.0,740.0787925594236,3.861104,40.712463,0.5500172231389869
2200.0,740.0857286951411,3.8612242,40.650093,0.5503313491027961
2200.0,740.0774104366528,3.8614247,40.650093,0.5506454746955087
2200.0,740.0845857446169,3.8613844,40.699997,0.5509596001741978
2200.0,740.0780949306757,3.8614647,40.587723,0.5512737260574436
2200.0,740.0848023226281,3.8618655,40.699997,0.5515878516280582
2200.0,740.0783240195514,3.8617051,40.675026,0.5519019776085407
2200.0,740.0864344601275,3.8618255,40.600189,0.5522161038719086
2200.0,740.0777420271755,3.8618655,40.66256,0.5525302296053646
2200.0,740.0853025207335,3.8623464,40.637627,0.552844355388286
2200.0,740.0769866351861,3.8623464,40.66256,0.5531584808011162
2200.0,740.0846648953006,3.8623464,40.687492,0.5534726063134005
2200.0,740.07712689308,3.862627,40.675026,0.553786731785763
2200.0,740.078180916612,3.8624265,40.699997,0.5541008577055055
2200.0,740.0864628668706,3.862627,40.699997,0.5544149839809305
2200.0,740.0783064651117,3.8628273,40.625122,0.554729109953962
2200.0,740.083672165626,3.863148,40.675026,0.5550432350448867
2200.0,740.0768166896127,3.8630278,40.737396,0.5553573603855836
2200.0,740.0854557685798,3.8632681,40.625122,0.5556714862335503
2200.0,740.0767760036013,3.8634286,40.66256,0.555985611556978
2200.0,740.0856715661039,3.8635087,40.72493,0.5562997374965389
2200.0,740.0743761978781,3.8636689,40.699997,0.55661386180137
2200.0,740.0803119173154,3.8636689,40.650093,0.5569279854660528
2200.0,740.0726243874151,3.8638694,40.737396,0.5572421090273285
2200.0,740.0814452122277,3.8640697,40.699997,0.5575562331730332
2200.0,740.073961551388,3.8643103,40.712463,0.5578703573018676
2200.0,740.074060428329,3.8643904,40.72493,0.5581844814726703
2200.0,740.0825816927306,3.8642702,40.66256,0.5584986061007489
2200.0,740.0723687247961,3.8644304,40.72493,0.5588127295535086
2200.0,740.0828149824565,3.864711,40.712463,0.5591268542806059
2200.0,740.0752029398737,3.8648715,40.737396,0.5594409789363473
2200.0,740.0851347221436,3.8648715,40.687492,0.5597551046480473
2200.0,740.0775095941488,3.8649116,40.699997,0.5600692302828473
2200.0,740.0855708568682,3.8651919,40.650093,0.5603833561796627
2200.0,740.0793427035799,3.8655527,40.737396,0.5606974825925253
2200.0,740.0865992198518,3.8655527,40.737396,0.5610116089258246
2200.0,740.0739716953675,3.8655527,40.712463,0.5613257330589646
2200.0,740.0815365091653,3.8655527,40.774834,0.5616398572434198
2200.0,740.0755870566098,3.8657532,40.737396,0.5619539820621994
2200.0,740.0757682694061,3.8659134,40.687492,0.5622681069578946
2200.0,740.0851874320358,3.8661139,40.637627,0.5625822326919672
2200.0,740.0780641694791,3.8665547,40.675026,0.5628963585621564
2200.0,740.0859700655894,3.8661139,40.687492,0.5632104846284142
2200.0,740.0788686211589,3.866194,40.712463,0.5635246108400526
2200.0,740.0845271258194,3.8665948,40.675026,0.5638387362938613
2200.0,740.0785458199296,3.8668354,40.72493,0.5641528623684868
2200.0,740.086285924467,3.8669155,40.712463,0.5644669885688094
2200.0,740.079140959104,3.8671558,40.675026,0.5647811148960415
2200.0,740.0861205424404,3.8669555,40.687492,0.5650952410261685
2200.0,740.0775514029945,3.8671558,40.749901,0.5654093666787142
2200.0,740.0865965585422,3.8672361,40.687492,0.565723493010884
2200.0,740.0780667204635,3.8675969,40.762367,0.566037618882156
2200.0,740.0789611621798,3.8675568,40.737396,0.5663517451330734
2200.0,740.0849177651439,3.8679576,40.699997,0.566665870752687
2200.0,740.0781083956823,3.8677971,40.72493,0.5669799966416481
2200.0,740.0842745971066,3.8680377,40.712463,0.5672941219882721
2200.0,740.077592845952,3.8683584,40.712463,0.5676082476584082
2200.0,740.0849930584122,3.868238,40.762367,0.5679223733099797
2200.0,740.0772256114285,3.868238,40.774834,0.5682364988242433
2200.0,740.084478773681,3.8685586,40.774834,0.5685506242575291
2200.0,740.0783227008811,3.8687191,40.749901,0.5688647502374519
2200.0,740.0867028697271,3.8687191,40.687492,0.5691788766147449
2200.0,740.0785787056503,3.8687992,40.762367,0.5694930027033288
2200.0,740.0851727347718,3.8689194,40.737396,0.5698071284311632
2200.0,740.0775496451766,3.86924,40.699997,0.5701212540829628
2200.0,740.0772161020234,3.8693202,40.774834,0.57043537959319
2200.0,740.0839860951821,3.8693602,40.737396,0.5707495048173608
2200.0,740.0777827007042,3.8696408,40.7873,0.5710636305680806
2200.0,740.0844987078211,3.869761,40.712463,0.5713777560098273
2200.0,740.0781092254787,3.8700817,40.774834,0.5716918818991406
2200.0,740.085397039892,3.8698814,40.737396,0.5720060077221802
2200.0,740.0780185030522,3.8701618,40.749901,0.5723201335729863
2200.0,740.0868570945124,3.8702822,40.749901,0.5726342600157394
2200.0,740.0789493700672,3.8701618,40.749901,0.5729483862616517
2200.0,740.0860810165185,3.8704424,40.712463,0.573262512375002
2200.0,740.0776478378169,3.8708832,40.774834,0.5735766380684795
2200.0,740.0869557768144,3.8707631,40.749901,0.5738907645531177
2200.0,740.079273587578,3.8708832,40.712463,0.5742048909366441
2200.0,740.0776953598772,3.8710837,40.749901,0.5745190166502921
2200.0,740.0853623108758,3.8711238,40.712463,0.5748331424585912
2200.0,740.0786346261505,3.8715246,40.762367,0.5751472685709106
2200.0,740.0869670924451,3.8713641,40.774834,0.5754613950603518
2200.0,740.0787620787822,3.8715246,40.737396,0.5757755212267683
2200.0,740.0859040008547,3.8718452,40.737396,0.5760896472649851
2200.0,740.0786477604664,3.8719254,40.7873,0.5764037733828794
2200.0,740.0855608228818,3.8719654,40.812271,0.5767178992754359
2200.0,740.0771553234798,3.8723261,40.7873,0.5770320247598658
2200.0,740.0861944810091,3.8722861,40.72493,0.5773461509213756
2200.0,740.0758288772838,3.8726869,40.762367,0.5776602758427959
2200.0,740.0851636279974,3.8724062,40.762367,0.5779744015667648
2200.0,740.0769050558675,3.8726068,40.7873,0.5782885269449688
2200.0,740.0771359385768,3.8728871,40.737396,0.5786026524211707
2200.0,740.0848287392724,3.8730476,40.762367,0.5789167780029978
2200.0,740.0770940687498,3.8730476,40.737396,0.579230903461428
2200.0,740.0847512111588,3.8731678,40.749901,0.5795450290103487
2200.0,740.0779747290933,3.8734083,40.737396,0.579859154842575
2200.0,740.0859925022405,3.8734484,40.749901,0.5801732809183558
2200.0,740.0796178611956,3.8736889,40.7873,0.580487407448009
2200.0,740.085602668778,3.8738091,40.7873,0.5808015333583267
2200.0,740.0779683806904,3.8738892,40.687492,0.5811156591878585
2200.0,740.0857311485391,3.8740897,40.824738,0.581429785152709
2200.0,740.0783503497785,3.8742099,40.812271,0.5817439111443673
2200.0,740.0853133607868,3.8744102,40.824738,0.5820580369318897
2200.0,740.079309182671,3.8744102,40.799767,0.5823721633305243
2200.0,740.078148543912,3.8745306,40.824738,0.5826862892365263
2200.0,740.0856369586423,3.8745706,40.66256,0.5830004151613983
2200.0,740.0783452594738,3.8749714,40.824738,0.5833145411508961
2200.0,740.086129673362,3.8750916,40.799767,0.5836286672848986
2200.0,740.0799500246974,3.875212,40.737396,0.5839427939555384
2200.0,740.0860655623007,3.875252,40.799767,0.5842569200623293
2200.0,740.0783891435268,3.8754923,40.837204,0.5845710460704536
2200.0,740.0862310169737,3.8754122,40.799767,0.5848851722474709
2200.0,740.0781553308484,3.8757329,40.762367,0.5851992981563536
2200.0,740.0844639051354,3.8759735,40.762367,0.5855134235833285
2200.0,740.076721707292,3.8761337,40.799767,0.5858275488837101
2200.0,740.0844638564317,3.8760936,40.874641,0.5861416743106643
2200.0,740.0766292638822,3.876334,40.774834,0.5864557995718084
2200.0,740.0841308591704,3.876334,40.84967,0.5867699248574235
2200.0,740.0758447827717,3.8763742,40.824738,0.5870840497855948
2200.0,740.0786971858402,3.8765745,40.812271,0.5873981759244675
2200.0,740.0863928100692,3.8766947,40.762367,0.5877123021701572
2200.0,740.0779061987577,3.8769753,40.762367,0.5880264279732959
2200.0,740.0856552448374,3.8773761,40.837204,0.5883405539059294
2200.0,740.0783747513173,3.8772559,40.812271,0.588654679907945
2200.0,740.0856722860184,3.8775365,40.799767,0.5889688058478115
2200.0,740.0773503907039,3.8776567,40.7873,0.5892829314150376
2200.0,740.0846519800193,3.8775766,40.7873,0.5895970569218401
2200.0,740.0778534282097,3.8777769,40.824738,0.5899111827025801
2200.0,740.0848028841532,3.8779373,40.824738,0.5902253082734331
2200.0,740.0771982187347,3.8780575,40.712463,0.5905394337760699
2200.0,740.0838465803483,3.8782177,40.7873,0.5908535589410241
2200.0,740.0776641832708,3.8782578,40.799767,0.5911676846414393
2200.0,740.079042802275,3.8784182,40.824738,0.5914818109270089
2200.0,740.0866599378201,3.8787389,40.762367,0.5917959372860797
2200.0,740.0789426928154,3.8784983,40.837204,0.5921100635291578
2200.0,740.0867605733862,3.8789392,40.862137,0.5924241899309429
2200.0,740.0788864919649,3.8790193,40.799767,0.5927383161501667
2200.0,740.0859985083488,3.8790996,40.7873,0.5930524422284968
2200.0,740.077509398722,3.8794203,40.899574,0.5933665678632137
2200.0,740.0837301369509,3.8793399,40.837204,0.5936806929787442
2200.0,740.0756920855035,3.8797407,40.837204,0.5939948178421032
2200.0,740.0834358476757,3.8798611,40.799767,0.5943089428327238
2200.0,740.0764328172112,3.8798211,40.874641,0.5946230680104861
2200.0,740.0832004949999,3.8798211,40.812271,0.5949371929012125
2200.0,740.0765513348492,3.880302,40.799767,0.5952513181292796
2200.0,740.0765332192993,3.8801014,40.799767,0.5955654433496576
2200.0,740.0853086606746,3.8805022,40.837204,0.595879569135185
2200.0,740.0746243904879,3.8805423,40.912041,0.5961936935453613
2200.0,740.0821020518863,3.8808229,40.7873,0.5965078179698585
2200.0,740.0745991337778,3.8808229,40.84967,0.5968219423693145
2200.0,740.0823244528552,3.8809834,40.84967,0.5971360668882089
2200.0,740.0761004940939,3.8813038,40.799767,0.5974501919249168
2200.0,740.0831490911037,3.8813441,40.7873,0.5977643167938249
2200.0,740.0771869517164,3.8816245,40.837204,0.5980784422916794
2200.0,740.0848282870237,3.8819051,40.799767,0.5983925678733144
2200.0,740.077878855381,3.8817449,40.887108,0.5987066936648472
2200.0,740.0853800846587,3.8817849,40.887108,0.5990208194806902
2200.0,740.0761774470162,3.8822258,40.874641,0.5993349445500608
2200.0,740.0771729501558,3.8822658,40.812271,0.5996490700419723
2200.0,740.0830955020892,3.8821056,40.84967,0.5999631948881349
2200.0,740.0766501010824,3.8825865,40.812271,0.6002773201581232
2200.0,740.0838962020572,3.8827066,40.812271,0.6005914453441392
2200.0,740.077084071494,3.8830273,40.874641,0.6009055707983262
2200.0,740.0846938621364,3.8829873,40.799767,0.6012196963229053
2200.0,740.0769852559438,3.8831475,40.874641,0.60153382173515
2200.0,740.0849348552333,3.883348,40.824738,0.6018479473620175
2200.0,740.0766170813254,3.8832679,40.799767,0.6021620726179906
2200.0,740.0846067524897,3.8834281,40.899574,0.6024761981055965
2200.0,740.0781568690924,3.8835883,40.912041,0.602790324015132
2200.0,740.0839717519409,3.8836286,40.837204,0.6031044492332147
2200.0,740.0767941189464,3.8836286,40.887108,0.6034185745643315
2200.0,740.0769728902383,3.8843498,40.887108,0.6037326999713276
2200.0,740.0840859126079,3.8841896,40.887108,0.6040468252378653
2200.0,740.077248560261,3.8844302,40.862137,0.6043609507618695
2200.0,740.083458296605,3.8845503,40.84967,0.6046750757620185
2200.0,740.0761992977752,3.8849111,40.862137,0.6049892008406635
2200.0,740.0842191284974,3.884831,40.874641,0.6053033261637442
2200.0,740.0765845007159,3.8850713,40.912041,0.6056174514058885
2200.0,740.0845028214425,3.8850713,40.874641,0.6059315768493813
2200.0,740.0759948062744,3.8853118,40.899574,0.6062457018412301
2200.0,740.084656753187,3.885432,40.824738,0.6065598273500584
2200.0,740.0753277195585,3.8857126,40.837204,0.6068739520587624
2200.0,740.0821420787606,3.8859129,40.912041,0.6071880765002489
2200.0,740.0733528995269,3.8858728,40.874641,0.6075022003707412
2200.0,740.0749795766953,3.8859532,40.84967,0.6078163249316761
2200.0,740.0840164662399,3.8862336,40.912041,0.6081304501687377
2200.0,740.0780896089285,3.8862336,40.84967,0.6084445760497247
2200.0,740.0844527235423,3.8865542,40.874641,0.6087587014719535
2200.0,740.0782227991264,3.8866343,40.862137,0.6090728274094731
2200.0,740.0847692413524,3.8868749,40.887108,0.6093869529660465
2200.0,740.0778883641722,3.886915,40.887108,0.6097010787616153
2200.0,740.0847256742509,3.8872356,40.899574,0.6100152042996968
2200.0,740.0773744998188,3.8871555,40.887108,0.610329329877156
2200.0,740.084851749113,3.8875163,40.862137,0.6106434554687494
2200.0,740.0719011362737,3.8875163,40.874641,0.6109575787230415
2200.0,740.0827013716503,3.8876364,40.887108,0.6112717034019172
2200.0,740.0753723237231,3.887877,40.837204,0.6115858281295534
2200.0,740.073451776263,3.887877,40.899574,0.611899952042014
2200.0,740.0845647357211,3.8881574,40.887108,0.6122140775117859
2200.0,740.0754715911082,3.8881173,40.874641,0.6125282022815562
2200.0,740.0842632569195,3.888438,40.912041,0.6128423276233669
2200.0,740.0748903681614,3.8886385,40.912041,0.6131564521464373
2200.0,740.0816562118229,3.8888788,40.912041,0.6134705763816998
2200.0,740.0726266455663,3.8887587,40.899574,0.6137846999439339
2200.0,740.0810374952966,3.8890393,40.899574,0.614098823916585
2200.0,740.0754746917432,3.8890793,40.912041,0.6144129486876713
2200.0,740.0813715787734,3.8891594,40.887108,0.6147270728021226
2200.0,740.0735835749406,3.8895202,40.837204,0.615041196770525
2200.0,740.081476364591,3.8898008,40.949482,0.6153553209294522
2200.0,740.0755581019342,3.8898008,40.874641,0.615669445735942
2200.0,740.0765385048261,3.8899209,40.949482,0.6159835709585634
2200.0,740.0848644689655,3.889961,40.899574,0.6162976965555557
2200.0,740.0766854770109,3.8903618,40.974415,0.6166118218405594
2200.0,740.0844745376864,3.8902817,40.887108,0.6169259472720472
2200.0,740.077385131649,3.8905222,40.887108,0.617240072854019
2200.0,740.084913993267,3.8905222,40.862137,0.6175541984720317
2200.0,740.078227315838,3.8909631,40.912041,0.6178683244114684
2200.0,740.0856832357573,3.8909631,40.887108,0.6181824503559826
2200.0,740.0802752183188,3.8910832,40.961948,0.6184965771646507
2200.0,740.0866217052067,3.8914039,40.961948,0.6188107035074938
2200.0,740.0789615405506,3.8915241,40.924549,0.6191248297585719
2200.0,740.0853220887774,3.8917646,40.812271,0.6194389555497989
2200.0,740.0778361674218,3.8918447,40.912041,0.6197530813232127
2200.0,740.079156461665,3.892005,40.84967,0.6200672076570249
2200.0,740.0856656694767,3.8921254,40.937016,0.6203813335940832
2200.0,740.0783825757549,3.8921254,40.924549,0.6206954595994199
2200.0,740.0859327366549,3.8924057,40.899574,0.6210095856498334
2200.0,740.0779954807558,3.8925261,40.912041,0.6213237114908677
2200.0,740.0855709057766,3.8928468,40.949482,0.621637837387704
2200.0,740.0785620554943,3.8930471,40.924549,0.6219519634692208
2200.0,740.0834200150832,3.892967,40.899574,0.6222660884531214
2200.0,740.0773008061238,3.893007,40.899574,0.6225802139993012
2200.0,740.0853529239528,3.8934078,40.84967,0.6228943398036161
2200.0,740.0773407225017,3.8936083,40.887108,0.6232084653667385
2200.0,740.0859474830318,3.8933678,40.924549,0.6235225914234112
2200.0,740.0776347765558,3.8938887,40.937016,0.6238367171113447
2200.0,740.078721514938,3.8938887,40.961948,0.6241508432605439
2200.0,740.0858613863403,3.8939288,40.949482,0.6244649692806733
2200.0,740.0777589089788,3.8942494,40.924549,0.6247790950212948
2200.0,740.0840559929803,3.8944099,40.899574,0.6250932202751333
2200.0,740.0783295487988,3.8944499,40.937016,0.6254073462579627
2200.0,740.0859125340304,3.8945701,40.924549,0.6257214722998014
2200.0,740.0780278782166,3.8946502,40.949482,0.6260355981545868
2200.0,740.0856348952833,3.8948908,40.874641,0.626349724078583
2200.0,740.079094108657,3.8951313,40.912041,0.6266638503859295
2200.0,740.0866722788887,3.8949709,40.924549,0.6269779767502385
2200.0,740.0793237705118,3.8954117,40.937016,0.6272921031550649
2200.0,740.0860945293412,3.8955321,40.986916,0.6276062292741507
2200.0,740.0781128016862,3.8956122,40.924549,0.6279203551649819
2200.0,740.0776959338793,3.8960931,40.961948,0.6282344808788736
2200.0,740.0859834323008,3.8959329,40.961948,0.6285486069508047
2200.0,740.0775923089889,3.8963337,40.912041,0.628862732620713
2200.0,740.0845250749431,3.8964939,40.949482,0.6291768580736511
2200.0,740.077946298898,3.8964939,40.937016,0.6294909838938102
2200.0,740.0856616532627,3.8968546,40.912041,0.6298051098291637
2200.0,740.0763569015855,3.8970149,40.937016,0.6301192349747037
2200.0,740.0844407729218,3.8971353,40.887108,0.6304333603918603
2200.0,740.0766034583402,3.8971753,40.961948,0.6307474856420512
2200.0,740.085989450892,3.897496,40.912041,0.6310616117165369
2200.0,740.0780263520461,3.8975761,40.961948,0.6313757375706746
2200.0,740.0856154862428,3.8976963,40.949482,0.6316898634864327
2200.0,740.0790817059125,3.898057,40.937016,0.6320039897885149
2200.0,740.0780230561891,3.898097,40.899574,0.6323181156412536
2200.0,740.083420576813,3.8983376,40.961948,0.6326322406253926
2200.0,740.0768973169676,3.8982575,41.011848,0.6329463660003117
2200.0,740.0841048702183,3.8984978,40.912041,0.6332604912748959
2200.0,740.0774192015946,3.8986583,40.924549,0.6335746168713288
2200.0,740.0850775439934,3.8987784,40.961948,0.6338887425587598
2200.0,740.0802324939344,3.8992193,40.999382,0.6342028693492936
2200.0,740.0867796893859,3.8991792,40.887108,0.6345169957591924
2200.0,740.080359166087,3.8992994,40.937016,0.6348311226034921
2200.0,740.0880571253701,3.8994598,40.999382,0.6351452495555927
2200.0,740.0803379625895,3.8996601,40.924549,0.6354593763908926
2200.0,740.0889078870175,3.8998606,40.949482,0.635773503704095
2200.0,740.080262950429,3.8999808,40.912041,0.636087630507556
2200.0,740.0791844887285,3.9000609,40.961948,0.6364017568532644
2200.0,740.0862903069819,3.9002614,40.961948,0.636715883055447
2200.0,740.0787606500181,3.9004216,40.937016,0.6370300092212572
2200.0,740.0874526426041,3.9007423,40.949482,0.6373441359167878
2200.0,740.0791280680996,3.9007823,40.899574,0.6376582622385485
2200.0,740.0875752625727,3.9008224,40.974415,0.6379723889861246
2200.0,740.0814814506543,3.9009829,40.999382,0.6382865163067777
2200.0,740.0898743232395,3.9012635,40.887108,0.6386006440301795
2200.0,740.0823366347139,3.9015839,40.986916,0.638914771713815
2200.0,740.0878654985946,3.9015839,40.912041,0.6392288985845805
2200.0,740.081511918813,3.9015839,41.024315,0.6395430259181658
2200.0,740.0896846493189,3.9019046,40.986916,0.6398571535610614
2200.0,740.0812785585833,3.902025,40.974415,0.6401712807955969
2200.0,740.0809427693523,3.9021051,40.949482,0.6404854078876068
2200.0,740.0871050815024,3.9024258,40.974415,0.6407995344356168
2200.0,740.080772555502,3.9027462,40.937016,0.6411136614553795
2200.0,740.0881744597589,3.9028666,40.961948,0.6414277884572821
2200.0,740.0819584630443,3.9027865,40.974415,0.6417419159804029
2200.0,740.0884468734988,3.9029868,40.961948,0.6420560430979303
2200.0,740.0792782991025,3.9031472,40.986916,0.6423701694834564
2200.0,740.0881051609344,3.9034677,40.924549,0.6426842964559455
2200.0,740.0796374161506,3.9037483,40.986916,0.6429984229938986
2200.0,740.0877822463632,3.9036281,40.974415,0.6433125498293282
2200.0,740.0798396982035,3.9039488,41.011848,0.6436266764531399
2200.0,740.0860308572271,3.9038684,40.999382,0.6439408025452004
2200.0,740.077583397119,3.9040689,41.011848,0.6442549282113259
2200.0,740.0858685273676,3.904109,40.949482,0.6445690542344862
2200.0,740.0789018852506,3.9047103,40.986916,0.6448831804602436
2200.0,740.0801353997769,3.9047904,40.961948,0.6451973072095658
2200.0,740.08748059628,3.9048705,40.986916,0.6455114339169613
2200.0,740.0797360612396,3.9051111,40.974415,0.6458255604967844
2200.0,740.087413432847,3.9051912,41.024315,0.6461396871756727
2200.0,740.0803045151447,3.9053113,40.974415,0.6464538139967758
2200.0,740.0876342718185,3.9054718,40.986916,0.6467679407693981
2200.0,740.0786372010772,3.905592,40.986916,0.6470820668828104
2200.0,740.0866301530485,3.9058726,40.986916,0.6473961932292392
2200.0,740.078211043439,3.9061129,40.937016,0.647710319161769
2200.0,740.0864857913774,3.906193,40.961948,0.6480244454469243
2200.0,740.079620692735,3.9062333,41.011848,0.6483385719777792
2200.0,740.0884435289048,3.9064736,41.011848,0.648652699093887
2200.0,740.0795749778097,3.9069145,40.974415,0.6489668256053382
2200.0,740.078508002292,3.9069545,41.011848,0.6492809516639122
2200.0,740.0860536235491,3.907115,40.961948,0.6495950777656357
2200.0,740.0790251876725,3.907155,40.949482,0.6499092040437288
2200.0,740.0875542907162,3.9075558,40.949482,0.6502233307824035
2200.0,740.0801982782884,3.9075558,40.974415,0.6505374575584144
2200.0,740.0867306285882,3.907676,41.011848,0.6508515839474897
2200.0,740.0793089027297,3.9078364,41.036823,0.6511657103460055
2200.0,740.0866579356475,3.9079967,41.011848,0.6514798367042264
2200.0,740.0792670811967,3.9081972,40.974415,0.651793963084991
2200.0,740.0875619691215,3.9083974,40.949482,0.6521080898269249
2200.0,740.0808831015695,3.9083574,41.011848,0.6524222168936089
2200.0,740.0893419589969,3.9086781,41.024315,0.6527363443910511
2200.0,740.080348948848,3.9087982,41.011848,0.6530504712310141
2200.0,740.0816461227745,3.9090788,41.061756,0.6533645986215622
2200.0,740.0892962925201,3.9091189,41.011848,0.6536787260996215
2200.0,740.0815253834104,3.9093995,40.974415,0.6539928534389218
2200.0,740.0874455498712,3.9093995,41.011848,0.654306980131442
2200.0,740.0817092818412,3.9096398,41.074223,0.6546211075487979
2200.0,740.0883487776877,3.9100006,40.999382,0.6549352346246889
2200.0,740.0813621760701,3.910161,41.086689,0.6552493618947158
2200.0,740.0873683524517,3.910161,41.024315,0.65556348855447
2200.0,740.080735726867,3.9105618,40.974415,0.6558776155586008
2200.0,740.0892744413366,3.9106019,40.974415,0.6561917430273856
2200.0,740.0824752821277,3.9108424,41.036823,0.65650587076987
2200.0,740.0878171826771,3.9108021,40.999382,0.656819997620128
2200.0,740.0800076416245,3.9111228,41.04929,0.6571341243152232
2200.0,740.0783628857406,3.9112432,41.024315,0.6574482503122024
2200.0,740.0851394705503,3.9114034,40.999382,0.657762376025918
2200.0,740.0780797821338,3.9114835,41.061756,0.658076501902734
2200.0,740.0876656316843,3.9117641,41.04929,0.6583906286886669
2200.0,740.0759401313898,3.9119647,41.024315,0.658704753657309
2200.0,740.0865096563978,3.9121649,41.036823,0.6590188799525935
2200.0,740.078395063423,3.9123654,41.111656,0.6593330059632305
2200.0,740.0882274389538,3.9124455,40.961948,0.6596471329876199
2200.0,740.0789057428317,3.9126458,41.024315,0.6599612592150147
2200.0,740.0873832934388,3.9129264,40.986916,0.6602753858811105
2200.0,740.0810541335521,3.9128463,41.036823,0.6605895130203888
2200.0,740.0884144028612,3.9132471,41.024315,0.6609036401241343
2200.0,740.0801131949986,3.913167,41.024315,0.6612177668640316
2200.0,740.0799031378252,3.9136479,41.024315,0.6615318935147703
2200.0,740.0883632797274,3.9136879,41.036823,0.6618460205968166
2200.0,740.0807909999008,3.9138081,41.04929,0.6621601476244081
2200.0,740.087010830419,3.9140086,41.074223,0.6624742741324137
2200.0,740.0809955769394,3.9142892,41.04929,0.6627884012468377
2200.0,740.0894600259876,3.9144495,41.036823,0.663102528794393
2200.0,740.0795834497136,3.91469,41.04929,0.6634166553094402
2200.0,740.0865749275486,3.9148502,41.04929,0.6637307816324287
2200.0,740.0797336925853,3.9149704,41.04929,0.6640449082112465
2200.0,740.0876207213427,3.9150908,41.011848,0.6643590349781174
2200.0,740.0816401052671,3.9154115,41.024315,0.6646731623661113
2200.0,740.0881142546119,3.9152911,41.011848,0.6649872893424601
2200.0,740.0809873857951,3.9155316,41.024315,0.6653014164534075
2200.0,740.0808275109416,3.9158123,41.061756,0.665615543496496
2200.0,740.0886077631202,3.9159725,41.061756,0.6659296706823122
2200.0,740.0824284922527,3.9160125,41.061756,0.6662437984049367
2200.0,740.088588402988,3.9162531,41.036823,0.6665579255825357
2200.0,740.0805141575222,3.9164534,41.011848,0.6668720524926214
2200.0,740.0886274046288,3.916734,40.999382,0.6671861796867744
2200.0,740.0809793415791,3.916734,40.999382,0.6675003067943074
2200.0,740.0880653530221,3.9171748,41.061756,0.6678144337499002
2200.0,740.0799491703448,3.917295,40.986916,0.6681285604201773
2200.0,740.0888006598755,3.9174554,41.086689,0.6684426876878677
2200.0,740.0790378093769,3.9176157,40.961948,0.668756813971318
2200.0,740.0867490741957,3.917696,41.086689,0.6690709403682223
2200.0,740.0794399808861,3.9177761,41.061756,0.6693850668223743
2200.0,740.0788522149282,3.9180968,41.086689,0.6696991930270491
2200.0,740.0884876211061,3.9181368,41.074223,0.6700133201618717
2200.0,740.079449489882,3.9183371,41.061756,0.6703274466200596
2200.0,740.0868864159848,3.9187379,41.011848,0.6706415730752581
2200.0,740.0807333465485,3.9189384,41.036823,0.6709557000783785
2200.0,740.0883642801998,3.9190185,41.036823,0.6712698271608496
2200.0,740.0802644276916,3.9189785,41.061756,0.6715839539649375
2200.0,740.0871161415408,3.9194994,41.061756,0.671898080517642
2200.0,740.0812762635978,3.9196999,41.099194,0.6722122077512034
2200.0,740.0880615326462,3.91978,41.099194,0.6725263347051746
2200.0,740.0806837370029,3.91974,40.986916,0.6728404616872383
2200.0,740.0868657492427,3.9201808,41.086689,0.6731545881336649
2200.0,740.0801000486092,3.9203813,41.074223,0.6734687148679822
2200.0,740.0807119838448,3.9204614,41.074223,0.6737828418620353
2200.0,740.0877545730406,3.9208622,41.136589,0.674096968685719
2200.0,740.0805233127036,3.9208221,41.074223,0.6744110955996907
2200.0,740.0878555257947,3.9211428,41.074223,0.6747252224662232
2200.0,740.0821866474317,3.9211829,41.024315,0.6750393500861968
2200.0,740.0887306519824,3.9213431,40.999382,0.6753534773241726
2200.0,740.0820691433527,3.9214232,41.099194,0.6756676048942716
2200.0,740.0887556642,3.9219043,41.099194,0.6759817321428638
2200.0,740.0819619666063,3.9219444,41.024315,0.6762958596674716
2200.0,740.0906064309961,3.9221847,41.074223,0.6766099877016132
2200.0,740.0828895985409,3.9222648,41.111656,0.676924115619954
2200.0,740.0900570998559,3.9222248,41.136589,0.6772382434209345
2200.0,740.0804050643657,3.9228261,41.011848,0.6775523702847158
2200.0,740.0820756495293,3.9228661,41.074223,0.6778664978575762
2200.0,740.0900476269852,3.9230666,41.024315,0.6781806256545361
2200.0,740.0800022097836,3.9232268,41.04929,0.6784947523473258
2200.0,740.087115665145,3.9234674,41.086689,0.678808878899828
2200.0,740.0789093679472,3.9234271,41.086689,0.6791230051287614
2200.0,740.0865672004396,3.9239082,41.04929,0.6794371314484703
2200.0,740.077720469659,3.9241085,41.099194,0.6797512571727762
2200.0,740.0855018136359,3.9241486,41.061756,0.6800653830402866
2200.0,740.078394295222,3.924309,41.074223,0.6803795090505975
2200.0,740.0853599428116,3.924309,41.086689,0.6806936348578915
2200.0,740.0804183206442,3.9247499,41.04929,0.6810077617272994
2200.0,740.0870342075837,3.92483,41.04929,0.6813218882452272
2200.0,740.0803914413805,3.9250305,41.061756,0.6816360151032261
2200.0,740.0806971158581,3.9253511,41.086689,0.6819501420909685
2200.0,740.0877239574411,3.9256716,41.061756,0.6822642689016576
2200.0,740.0809355056156,3.9256716,41.061756,0.6825783959905843
2200.0,740.0899428292986,3.9259923,41.124123,0.6828925237430633
2200.0,740.0811875068987,3.9259121,41.136589,0.6832066509389519
2200.0,740.0873760672823,3.9262328,41.111656,0.6835207776019806
2200.0,740.0784362133429,3.9265535,41.136589,0.6838349036300837
2200.0,740.0881746918177,3.9264731,41.074223,0.6841490306320849
2200.0,740.0821045925406,3.9266336,41.086689,0.6844631582172302
2200.0,740.0899330390353,3.9267938,41.061756,0.6847772859655537
2200.0,740.0821235010526,3.9271946,41.074223,0.6850914135587247
2200.0,740.0882707371619,3.927315,41.17403,0.6854055406014918
2200.0,740.0811767774575,3.9274352,41.061756,0.6857196677928264
2200.0,740.0812653383206,3.9277959,41.074223,0.6860337950217507
2200.0,740.0899771064753,3.9278359,41.074223,0.6863479227887783
2200.0,740.0806875579543,3.9280365,41.04929,0.6866620497724638
2200.0,740.0892864287919,3.9283168,41.086689,0.6869761772463366
2200.0,740.0815379328784,3.9283969,41.086689,0.6872903045909635
2200.0,740.0884587023601,3.9284773,41.136589,0.6876044317135116
2200.0,740.0820374784864,3.9286776,41.04929,0.6879185592701704
2200.0,740.0882955664338,3.9289982,41.111656,0.6882326863234762
2200.0,740.0795346705783,3.9289982,41.149055,0.688546812817819
2200.0,740.0879088581939,3.9291987,41.086689,0.6888609397069884
2200.0,740.080928022919,3.9296796,41.099194,0.6891750667927391
2200.0,740.0884414293249,3.9298398,41.099194,0.6894891939079558
2200.0,740.0805537088306,3.9300404,41.086689,0.6898033208348291
2200.0,740.0811223823094,3.9303207,41.04929,0.6901174480030756
2200.0,740.0881642796612,3.9304812,41.074223,0.6904315750006574
2200.0,740.0814350033389,3.9307218,41.074223,0.6907457023015958
2200.0,740.0868040911702,3.9306815,41.186497,0.6910598287218519
2200.0,740.0797306046377,3.9311225,41.111656,0.691373955299359
2200.0,740.0870662386601,3.9310822,41.136589,0.6916880818308823
2200.0,740.0798745248907,3.931443,41.086689,0.6920022084694761
2200.0,740.0871336703729,3.9316034,41.211468,0.6923163350296205
2200.0,740.079995178308,3.9318037,41.111656,0.6926304617194258
2200.0,740.088757947135,3.9320843,41.099194,0.6929445889689869
2200.0,740.0808331144717,3.9320843,41.111656,0.6932587160144539
2200.0,740.0884438094628,3.9323649,41.111656,0.6935728431306808
2200.0,740.0799777468542,3.9325252,41.04929,0.6938869698130872
2200.0,740.0802872913957,3.9327257,41.161564,0.6942010966268798
2200.0,740.0876082579007,3.9329259,41.099194,0.6945152233884606
2200.0,740.0799963263123,3.9330463,41.149055,0.6948293500787531
2200.0,740.0883729472084,3.9333267,41.124123,0.6951434771649029
2200.0,740.079897522631,3.9334872,41.161564,0.6954576038132582
2200.0,740.0871220494231,3.9336073,41.149055,0.6957717303684701
2200.0,740.0795381741402,3.9337676,41.099194,0.6960858568643001
2200.0,740.0879971029644,3.9340081,41.136589,0.6963999837909245
2200.0,740.078216024059,3.934449,41.099194,0.6967141097255682
2200.0,740.0857967127307,3.9342887,41.17403,0.6970282357182472
2200.0,740.0806701265005,3.9347296,41.149055,0.697342362694534
2200.0,740.0865135993515,3.9350102,41.124123,0.6976564889914921
2200.0,740.0807544640991,3.9350102,41.086689,0.6979706160035759
2200.0,740.0807439053239,3.9352906,41.074223,0.698284743011178
2200.0,740.0892850742968,3.9355311,41.17403,0.6985988704844759
2200.0,740.0813530452403,3.9357316,41.136589,0.6989129977506272
2200.0,740.088569225597,3.9358518,41.124123,0.6992271249200864
2200.0,740.0809915360048,3.9358919,41.099194,0.6995412520327953
2200.0,740.0886514161696,3.9364531,41.111656,0.6998553792371399
2200.0,740.0807820763667,3.9364531,41.124123,0.7001695062609438
2200.0,740.0875163998473,3.9366133,41.124123,0.7004836329835359
2200.0,740.0812012395684,3.936934,41.061756,0.7007977601852534
2200.0,740.0879250818484,3.9370942,41.111656,0.7011118870813088
2200.0,740.0819274810463,3.9371743,41.136589,0.7014260145912792
2200.0,740.089622795613,3.9374149,41.149055,0.7017401422079212
2200.0,740.0808392543511,3.9376955,41.111656,0.7020542692559942
2200.0,740.0782406818012,3.9379759,41.149055,0.7023683952011041
2200.0,740.0849008342625,3.9378557,41.161564,0.7026825208135316
2200.0,740.0790117840565,3.9382565,41.099194,0.7029966470859355
2200.0,740.0874026666678,3.9384971,41.136589,0.7033107737602541
2200.0,740.080492942156,3.9384971,41.124123,0.703624900661335
2200.0,740.0894504436359,3.9388177,41.211468,0.703939028204823
2200.0,740.0816075369357,3.9388978,41.161564,0.7042531555789934
2200.0,740.0894996503401,3.9391785,41.124123,0.704567283143367
2200.0,740.0808033164939,3.9394588,41.124123,0.7048814101761862
2200.0,740.0885473868964,3.9396994,41.149055,0.705195537336376
2200.0,740.079272488686,3.9398196,41.17403,0.7055096637194359
2200.0,740.0878787678987,3.93998,41.136589,0.7058237905958334
2200.0,740.0810464795758,3.9402604,41.149055,0.7061379177318632
2200.0,740.0875789491158,3.9403808,41.161564,0.7064520444810041
2200.0,740.0797572399761,3.9407415,41.211468,0.7067661710698164
2200.0,740.0803170398518,3.9410622,41.111656,0.7070802978962357
2200.0,740.0884243024009,3.9411824,41.111656,0.7073944250041829
2200.0,740.0785265453251,3.9412625,41.161564,0.7077085510706274
2200.0,740.08763775045,3.9413426,41.186497,0.7080226778447263
2200.0,740.0786938173375,3.9418237,41.124123,0.7083368039821692
2200.0,740.0865533331851,3.9418638,41.149055,0.7086509302959922
2200.0,740.0803807481598,3.9421842,41.136589,0.7089650571494525
2200.0,740.0868585959372,3.9423447,41.124123,0.7092791835928428
2200.0,740.0797538344344,3.9425049,41.186497,0.7095933101802097
2200.0,740.0883738625515,3.9427855,41.161564,0.7099074372667479
2200.0,740.080864962282,3.9430261,41.149055,0.7102215643257327
2200.0,740.0887362428813,3.9431863,41.186497,0.7105356915660815
2200.0,740.0817852334826,3.9433467,41.149055,0.710849819015675
2200.0,740.0827709955698,3.9436672,41.111656,0.7111639468836749
2200.0,740.0902777552676,3.9438276,41.186497,0.7114780747783116
2200.0,740.0812412423023,3.9437475,41.136589,0.7117922019970082
2200.0,740.0895598919125,3.9442284,41.198963,0.7121063295869512
2200.0,740.0798076547618,3.9443085,41.161564,0.7124204561971621
2200.0,740.0864922249732,3.9447093,41.17403,0.712734582485048
2200.0,740.0786952937816,3.9446692,41.211468,0.7130487086231176
2200.0,740.0872944140878,3.9448295,41.161564,0.713362835251489
2200.0,740.0792893713078,3.9451501,41.111656,0.7136769616417147
2200.0,740.0880668790033,3.9453106,41.136589,0.7139910885979552
2200.0,740.0809025593227,3.945631,41.186497,0.714305215672898
2200.0,740.08534054564,3.9459918,41.17403,0.7146193414719588
2200.0,740.0760501527723,3.946032,41.161564,0.7149334664872994
2200.0,740.0768600610539,3.9462323,41.149055,0.7152475918464053
2200.0,740.0827804490737,3.9465129,41.149055,0.715561716558845
2200.0,740.0771722177659,3.946593,41.149055,0.7158758420504456
2200.0,740.0862612298466,3.9467936,41.186497,0.7161899682402867
2200.0,740.0795464987067,3.9470739,41.161564,0.71650409473965
2200.0,740.0849208901619,3.9471943,41.149055,0.7168182203605901
2200.0,740.0764346478791,3.9475148,41.149055,0.7171323455391294
2200.0,740.08531000371,3.9475951,41.149055,0.717446471325227
2200.0,740.078476191316,3.9477553,41.161564,0.7177605973702987
2200.0,740.0861745832943,3.9478755,41.248867,0.7180747235233631
2200.0,740.0787854798588,3.9483967,41.124123,0.7183888496997122
2200.0,740.0863642817715,3.9485569,41.149055,0.7187029759332931
2200.0,740.0784321971694,3.9489577,41.17403,0.7190171019596916
2200.0,740.0775204950744,3.9490378,41.17403,0.7193312275991184
2200.0,740.085860507218,3.9491181,41.198963,0.7196453536188746
2200.0,740.0784647655007,3.9496791,41.161564,0.7199594796590967
2200.0,740.0860768044665,3.9497592,41.086689,0.7202736057706592
2200.0,740.0776591300053,3.9499598,41.211468,0.7205877314689296
2200.0,740.0853688291915,3.95016,41.124123,0.7209018572799953
2200.0,740.0766196447925,3.9503205,41.211468,0.7212159825370565
2200.0,740.0825053257297,3.9505208,41.17403,0.7215301071327215
2200.0,740.0757905591081,3.9509215,41.149055,0.7218442320378776
2200.0,740.0821945205778,3.9509215,41.17403,0.7221583565016227
2200.0,740.0762141894996,3.951082,41.099194,0.7224724815865886
2200.0,740.085006645723,3.9514828,41.136589,0.7227866072439272
2200.0,740.0771962163776,3.951643,41.161564,0.7231007327457141
2200.0,740.0795129172257,3.9519236,41.198963,0.7234148592308237
2200.0,740.0846353667351,3.9517634,41.186497,0.7237289847305748
2200.0,740.0788105399141,3.9521239,41.161564,0.7240431109175606
2200.0,740.0869850006748,3.952605,41.17403,0.7243572374146029
2200.0,740.0793305087449,3.9526451,41.149055,0.7246713638222894
2200.0,740.0853203673673,3.9528053,41.223934,0.7249854896127856
2200.0,740.078989689986,3.9530458,41.186497,0.7252996158758117
2200.0,740.0870690460808,3.9534066,41.186497,0.7256137424085266
2200.0,740.0793876983935,3.9535267,41.211468,0.7259278688404872
2200.0,740.0870679967002,3.9539676,41.198963,0.7262419953727568
2200.0,740.0807442227133,3.9540477,41.236401,0.7265561223804936
2200.0,740.0883451032181,3.9543684,41.186497,0.726870249454825
2200.0,740.0801181883061,3.9546089,41.248867,0.7271843761968418
2200.0,740.0799493410107,3.9546089,41.186497,0.7274985028671914
2200.0,740.0879374589333,3.9546089,41.124123,0.7278126297685003
2200.0,740.0788089413027,3.9550898,41.17403,0.7281267559548076
2200.0,740.0867002704226,3.9554105,41.198963,0.7284408823309974
2200.0,740.0784371045299,3.9554906,41.17403,0.7287550083594787
2200.0,740.0858824553995,3.9558113,41.198963,0.7290691343885507
2200.0,740.0782046776421,3.9560118,41.161564,0.7293832603183785
2200.0,740.0855615921138,3.956172,41.236401,0.7296973862112617
2200.0,740.0781458091651,3.9563725,41.161564,0.7300115121161028
2200.0,740.0865864631644,3.9567733,41.236401,0.7303256384439877
2200.0,740.078921648115,3.9569335,41.211468,0.7306397646781333
2200.0,740.0854132512682,3.9571741,41.186497,0.7309538905080538
2200.0,740.0784673293771,3.9573343,41.236401,0.7312680165493641
2200.0,740.077461364664,3.957655,41.211468,0.731582142163693
2200.0,740.0828783373826,3.957695,41.211468,0.7318962669176811
2200.0,740.0773942014973,3.9578552,41.286304,0.7322103925035026
2200.0,740.0862351799126,3.9583764,41.186497,0.7325245186822869
2200.0,740.079057780151,3.9584565,41.17403,0.7328386449742138
2200.0,740.0854387396771,3.9585767,41.236401,0.7331527708149527
2200.0,740.0772361583349,3.9590175,41.261333,0.7334668963336929
2200.0,740.0853229183774,3.9590979,41.236401,0.733781022125272
2200.0,740.0770509172916,3.9594185,41.149055,0.7340951475653866
2200.0,740.0848893471457,3.9594586,41.161564,0.7344092731729385
2200.0,740.0782716142776,3.9596589,41.161564,0.7347233991311776
2200.0,740.0868135523766,3.9599795,41.198963,0.7350375255554493
2200.0,740.0778819680894,3.9599395,41.248867,0.7353516513483033
2200.0,740.0801524647288,3.9603403,41.211468,0.7356657781048687
2200.0,740.0863933106124,3.9605808,41.286304,0.7359799043507708
2200.0,740.0792198890086,3.9609413,41.161564,0.7362940307115048
2200.0,740.0843301275163,3.9611819,41.198963,0.7366081560816984
2200.0,740.0777935406485,3.9613423,41.198963,0.7369222818370192
2200.0,740.0858673920392,3.9617431,41.236401,0.7372364078596977
2200.0,740.0761205017022,3.9617832,41.236401,0.7375505329048978
2200.0,740.0833349927382,3.9620235,41.161564,0.737864657852711
2200.0,740.0761741509544,3.9623842,41.248867,0.7381787829206826
2200.0,740.0849107583588,3.9626248,41.186497,0.7384929085373223
2200.0,740.0784056962764,3.9629054,41.186497,0.7388070345524724
2200.0,740.0849914470973,3.9630256,41.248867,0.73912116020336
2200.0,740.0781531582347,3.9633462,41.211468,0.7394352861113205
2200.0,740.0791123821854,3.9635465,41.136589,0.7397494124264232
2200.0,740.0860007300972,3.9636669,41.261333,0.7400635385056964
2200.0,740.0786560244608,3.9639874,41.248867,0.7403776646270982
2200.0,740.0841563475793,3.9641879,41.198963,0.7406917899235318
2200.0,740.07632610335,3.9643481,41.198963,0.7410059150559994
2200.0,740.0840778071245,3.9646688,41.248867,0.7413200403190968
2200.0,740.0778035990903,3.9648693,41.17403,0.741634166078687
2200.0,740.0841289427409,3.9649494,41.273838,0.7419482913634887
2200.0,740.0757287915619,3.96523,41.236401,0.7422624162424276
2200.0,740.0832395214019,3.9655907,41.198963,0.7425765411497185
2200.0,740.0764720384427,3.9657109,41.223934,0.7428906663441283
2200.0,740.0827921917827,3.9660716,41.198963,0.7432047910615521
2200.0,740.0754492643673,3.9662719,41.286304,0.7435189158218458
2200.0,740.0745708259547,3.9664323,41.236401,0.7438330402092866
2200.0,740.0837857645633,3.966713,41.236401,0.744147165348428
2200.0,740.0760226745408,3.9668732,41.17403,0.7444612903521053
2200.0,740.0829948178193,3.9674342,41.149055,0.7447754151555329
2200.0,740.0756306603123,3.967314,41.261333,0.74508953999282
2200.0,740.0814592747064,3.9678349,41.261333,0.7454036641444934
2200.0,740.0739266639241,3.9679153,41.236401,0.7457177882585199
2200.0,740.0814473852724,3.9681957,41.223934,0.7460319124051469
2200.0,740.074896630208,3.968276,41.273838,0.7463460369308752
2200.0,740.0838948105228,3.9685564,41.17403,0.7466601621163005
2200.0,740.0756662556099,3.9687169,41.236401,0.746974286968696
2200.0,740.0819107785196,3.9690776,41.223934,0.7472884113120082
2200.0,740.072988032839,3.9693179,41.17403,0.747602535027633
2200.0,740.0734202947501,3.9696386,41.248867,0.7479166589267313
2200.0,740.0815538429778,3.969799,41.236401,0.7482307831185437
2200.0,740.071378238497,3.9701195,41.236401,0.748544906150892
2200.0,740.0827261884392,3.9702799,41.211468,0.748859030840301
2200.0,740.0726880466106,3.9705606,41.223934,0.7491731544285968
2200.0,740.0821307385735,3.9708009,41.223934,0.74948727886527
2200.0,740.0771919194444,3.9709213,41.186497,0.749801404365233
2200.0,740.0846572050265,3.9712017,41.186497,0.7501155298742531
2200.0,740.0754596893111,3.971282,41.273838,0.7504296546389716
2200.0,740.0822724624682,3.9718029,41.223934,0.7507437791357988
2200.0,740.0757582840191,3.9721236,41.211468,0.7510579040272558
2200.0,740.0839087142028,3.9722037,41.186497,0.7513720292185825
2200.0,740.0766511144367,3.9720032,41.298771,0.751686154489001
2200.0,740.0763529465979,3.9728048,41.273838,0.7520002796328623
2200.0,740.0846444728955,3.9727247,41.223934,0.7523144051364783
2200.0,740.0768473902372,3.9732859,41.261333,0.7526285304902061
2200.0,740.0844655043769,3.9734061,41.261333,0.7529426559178597
2200.0,740.0775308586275,3.9736466,41.248867,0.7532567815616853
2200.0,740.0850506030681,3.9739673,41.286304,0.7535709072376815
2200.0,740.0779596777533,3.9741275,41.17403,0.7538850330635192
2200.0,740.0867355482764,3.9742076,41.273838,0.7541991594546825
2200.0,740.0767854031172,3.9744081,41.223934,0.7545132847820998
2200.0,740.0835218715163,3.9747689,41.323742,0.7548274098092329
2200.0,740.0757049885815,3.9751296,41.211468,0.7551415346780687
2200.0,740.0834153886406,3.9752498,41.236401,0.7554556596600055
2200.0,740.0758110789187,3.9755304,41.273838,0.7557697845738712
2200.0,740.0765131877487,3.9756505,41.248867,0.7560839097857469
2200.0,740.0837344457964,3.9760113,41.261333,0.7563980349031061
2200.0,740.0755572840068,3.9761314,41.223934,0.7567121597092487
2200.0,740.0840102282774,3.9766526,41.248867,0.7570262849436625
2200.0,740.0773870975808,3.9767728,41.248867,0.7573404105264688
2200.0,740.0856752276812,3.9770534,41.248867,0.757654536467584
2200.0,740.0782058190982,3.9773338,41.261333,0.7579686623978963
2200.0,740.085194548916,3.9774542,41.211468,0.7582827881349896
2200.0,740.0773324218776,3.9777746,41.248867,0.7585969136945888
2200.0,740.0842995002525,3.9780152,41.211468,0.7589110390517828
2200.0,740.0775666129268,3.9782958,41.298771,0.7592251647107844
2200.0,740.0848600381562,3.9783359,41.273838,0.7595392903058961
2200.0,740.0770757094793,3.9786966,41.223934,0.7598534157565338
2200.0,740.0770069720528,3.9791775,41.248867,0.7601675411779959
2200.0,740.0844469249364,3.9796183,41.298771,0.7604816665977637
2200.0,740.0757943311517,3.9795382,41.248867,0.7607957915045208
2200.0,740.0840739742656,3.9794981,41.236401,0.7611099167659914
2200.0,740.0769045794764,3.9800191,41.273838,0.7614240421439931
2200.0,740.0861384144494,3.9801795,41.236401,0.7617381682817057
2200.0,740.0778790749547,3.9802597,41.236401,0.7620522940733315
2200.0,740.0859044889149,3.9807005,41.248867,0.7623664201117556
2200.0,740.0785754587012,3.9811413,41.248867,0.7626805461989613
2200.0,740.0841922483494,3.9814219,41.261333,0.7629946715106328
2200.0,740.0770656266859,3.9813819,41.261333,0.7633087969569908
2200.0,740.0835309533248,3.9817426,41.273838,0.7636229219879787
2200.0,740.0769830585692,3.9819829,41.248867,0.7639370473992908
2200.0,740.0854660837382,3.9821033,41.286304,0.7642511732516357
2200.0,740.0771983894006,3.9826243,41.286304,0.7645652987543449
2200.0,740.0765393471053,3.9827847,41.236401,0.7648794239773238
2200.0,740.0833148150795,3.982985,41.211468,0.7651935489165728
2200.0,740.0750397079772,3.9833057,41.286304,0.7655076735030304
2200.0,740.0825131745979,3.9834659,41.236401,0.7658217981020267
2200.0,740.0756766680709,3.9837465,41.323742,0.7661359229588418
2200.0,740.0835224571886,3.9837866,41.286304,0.7664500479862235
2200.0,740.0762910939234,3.9842274,41.248867,0.7667641731038314
2200.0,740.0843307017288,3.984468,41.223934,0.7670782984742688
2200.0,740.0764002853049,3.9847887,41.323742,0.7673924236382229
2200.0,740.083654733383,3.9849889,41.286304,0.7677065487217486
2200.0,740.0771496841386,3.9851494,41.273838,0.7680206742037848
2200.0,740.0830497740164,3.9856303,41.261333,0.7683347990305384
2200.0,740.0769203388547,3.9857504,41.261333,0.768648924415229
2200.0,740.0773650268387,3.9858708,41.298771,0.7689630499886675
2200.0,740.0847845860892,3.9863918,41.298771,0.7692771755517539
2200.0,740.0782557331412,3.9865119,41.248867,0.7695913015032523
2200.0,740.0853808414079,3.9866323,41.261333,0.7699054273194165
2200.0,740.077639159436,3.9870732,41.248867,0.7702195530092103
2200.0,740.0857834438359,3.9871933,41.236401,0.7705336789962574
2200.0,740.0778272927955,3.9874339,41.248867,0.7708478047659043
2200.0,740.0862174667024,3.9877546,41.248867,0.7711619309371703
2200.0,740.0773669802878,3.9879949,41.248867,0.7714760565114378
2200.0,740.0852126398869,3.9883556,41.248867,0.7717901822562098
2200.0,740.0774124021755,3.9885161,41.273838,0.7721043078497566
2200.0,740.0840826533478,3.9889169,41.311237,0.7724184331149109
2200.0,740.0779908664331,3.9888766,41.286304,0.7727325589539866
2200.0,740.0765400553482,3.9893978,41.286304,0.7730466841772662
2200.0,740.0838324073654,3.9894378,41.248867,0.7733608093362048
2200.0,740.0777009996277,3.9898787,41.323742,0.7736749350522467
2200.0,740.0840749141653,3.9901993,41.298771,0.7739890603141162
2200.0,740.0767726103377,3.9904399,41.311237,0.7743031856361036
2200.0,740.0847501863346,3.9907203,41.248867,0.7746173111845892
2200.0,740.0762508838937,3.9908807,41.261333,0.7749314362851301
2200.0,740.0821602065663,3.9912014,41.311237,0.7752455607343107
2200.0,740.0765685950232,3.9914017,41.298771,0.7755596859697039
2200.0,740.0832135809488,3.9915619,41.323742,0.7758738108659845
2200.0,740.0756049888064,3.992043,41.286304,0.7761879356923753
2200.0,740.0842139286606,3.9924438,41.286304,0.7765020610132488
2200.0,740.0759781194886,3.9923234,41.248867,0.7768161859980149
2200.0,740.0770107312043,3.9928846,41.273838,0.7771303114210726
2200.0,740.082201417882,3.9928846,41.336208,0.7774444358877453
2200.0,740.0724191753931,3.9931252,41.286304,0.7777585593619187
2200.0,740.0799825335415,3.9934056,41.261333,0.7780726828867962
2200.0,740.073654851278,3.9940469,41.311237,0.7783868068854519
2200.0,740.0819917484299,3.9938064,41.311237,0.7787009312631313
2200.0,740.0750300285201,3.9943676,41.248867,0.7790150558454805
2200.0,740.0818293449009,3.9944878,41.348675,0.7793291801542285
2200.0,740.0725189803552,3.9948485,41.311237,0.7796433036707642
2200.0,740.0806439014169,3.9948885,41.236401,0.7799574274763562
2200.0,740.0742693992978,3.9952893,41.323742,0.7802715517358565
2200.0,740.0835573941164,3.9951692,41.336208,0.780585676778067
2200.0,740.0752063699716,3.9959307,41.336208,0.7808998014352643
2200.0,740.0733402285055,3.9960108,41.286304,0.7812139253003785
2200.0,740.0795572630175,3.9964516,41.298771,0.7815280486447518
2200.0,740.0746233402992,3.9967322,41.298771,0.7818421730544822
2200.0,740.0846965848373,3.9970529,41.336208,0.782156298580217
2200.0,740.07678904092,3.997133,41.323742,0.7824704239091783
2200.0,740.0844820687527,3.9974937,41.273838,0.7827845493438627
2200.0,740.0759701614242,3.9974937,41.286304,0.7830986743252509
2200.0,740.0857979573354,3.9978945,41.273838,0.7834128003184581
2200.0,740.0771140395238,3.9981351,41.298771,0.783726925785365
2200.0,740.0845909690103,3.9982953,41.336208,0.7840410512662715
2200.0,740.0771590588937,3.9984555,41.286304,0.7843551767522869
2200.0,740.084225121918,3.9989767,41.298771,0.7846693020779113
2200.0,740.077211866276,3.999177,41.273838,0.7849834275863408
2200.0,740.0762633109899,3.9994977,41.323742,0.7852975526921563
2200.0,740.0842578737276,3.9996181,41.311237,0.7856116780316821
2200.0,740.0753243383683,4.0001788,41.311237,0.785925802738951
2200.0,740.0851088674337,4.0003796,41.298771,0.7862399284396772
2200.0,740.0772987675464,4.0007801,41.311237,0.7865540539849918
2200.0,740.0833973467826,4.0007801,41.298771,0.7868681789592709
2200.0,740.0767555818109,4.0011811,41.248867,0.7871823042740306
2200.0,740.0847778348962,4.0015416,41.336208,0.7874964298342515
2200.0,740.0774311522996,4.0015016,41.223934,0.7878105554357568
2200.0,740.0844643815313,4.0019426,41.323742,0.7881246808629339
2200.0,740.0772185185623,4.0020227,41.298771,0.7884388063741868
2200.0,740.0834411338694,4.0026236,41.286304,0.7887529313670513
2200.0,740.0754920984361,4.0026636,41.311237,0.7890670561455259
2200.0,740.0751845196219,4.0030646,41.311237,0.7893811807934487
2200.0,740.083145245762,4.0032649,41.298771,0.7896953056607248
2200.0,740.0757974806945,4.0034657,41.386112,0.7900094305688187
2200.0,740.0832847732834,4.0039463,41.361141,0.7903235554953165
2200.0,740.0749937487171,4.0042272,41.348675,0.7906376800622668
2200.0,740.0821787244108,4.0044675,41.298771,0.7909518045193072
2200.0,740.0754009247888,4.0045877,41.286304,0.7912659292590832
2200.0,740.0825158723329,4.0050688,41.286304,0.7915800538592246
2200.0,740.0738637371187,4.0053091,41.323742,0.7918941779465418
2200.0,740.0800502828515,4.0053492,41.261333,0.7922083015001752
2200.0,740.0743805924225,4.0057502,41.348675,0.7925224258068714
2200.0,740.0835915493292,4.0061908,41.323742,0.792836550863579
2200.0,740.0772579354252,4.0062709,41.273838,0.7931506763915624
2200.0,740.0773111332519,4.0066719,41.286304,0.7934648019421257
2200.0,740.0855484932727,4.0065918,41.361141,0.7937789278294489
2200.0,740.0760295842583,4.0069923,41.348675,0.7940930528360592
2200.0,740.0799584612236,4.0071926,41.323742,0.7944071763507193
2200.0,740.0759280581082,4.0075135,41.323742,0.7947213013142368
2200.0,740.0825671908954,4.0077538,41.261333,0.7950354259361602
2200.0,740.076862563949,4.0079942,41.361141,0.7953495512963283
2200.0,740.083905406239,4.0083952,41.261333,0.7956636764862509
2200.0,740.0768893941002,4.0086355,41.323742,0.7959778018578072
2200.0,740.0838626325167,4.0089564,41.261333,0.7962919270295746
2200.0,740.0769364770131,4.0091166,41.348675,0.7966060524211153
2200.0,740.0840934929918,4.0094371,41.298771,0.7969201776908704
2200.0,740.0763110159942,4.0096779,41.336208,0.7972343028169343
2200.0,740.0756532917552,4.0099983,41.273838,0.7975484276638273
2200.0,740.0850695848258,4.0101185,41.311237,0.7978625533478801
2200.0,740.0779269019216,4.0105596,41.323742,0.7981766791598062
2200.0,740.084711062116,4.01088,41.323742,0.7984908046916858
2200.0,740.0771017839122,4.0110803,41.323742,0.7988049301533907
2200.0,740.0842229613562,4.0114412,41.323742,0.7991190554780981
2200.0,740.0760794375246,4.0117216,41.298771,0.7994331805058686
2200.0,740.0855467477155,4.0118418,41.336208,0.7997473063924511
2200.0,740.077095033401,4.0121226,41.298771,0.8000614318512907
2200.0,740.0850120526528,4.0124831,41.348675,0.8003755575109244
2200.0,740.0780431368522,4.0128841,41.323742,0.8006896833721863
2200.0,740.0844826920783,4.0132046,41.311237,0.8010038088071352
2200.0,740.0787250547205,4.0134053,41.348675,0.801317934957837
2200.0,740.0778686745672,4.0135255,41.298771,0.8016320607450484
2200.0,740.0851834160264,4.0138059,41.323742,0.8019461864774163
2200.0,740.0780945527141,4.0140061,41.323742,0.8022603123605018
2200.0,740.0852159112206,4.0144072,41.386112,0.8025744381066622
2200.0,740.0786955872287,4.0146074,41.273838,0.8028885642448564
2200.0,740.0865125372833,4.0150886,41.286304,0.8032026905413637
2200.0,740.0783458085106,4.0152087,41.311237,0.8035168165310945
2200.0,740.0854806952591,4.0154891,41.286304,0.8038309423896414
2200.0,740.0775236442079,4.01581,41.323742,0.8041450680304048
2200.0,740.084248352767,4.0159702,41.311237,0.8044591933658894
2200.0,740.0768322165252,4.0164108,41.361141,0.8047733187131767
2200.0,740.0837056498328,4.0166116,41.323742,0.8050874438183137
2200.0,740.07659280134,4.0167317,41.311237,0.8054015690639812
2200.0,740.0762455617373,4.0171723,41.261333,0.805715694162263
2200.0,740.0835224453195,4.0174532,41.298771,0.8060298191896397
2200.0,740.0761025208025,4.0177736,41.286304,0.8063439442272078
2200.0,740.087187943081,4.0180144,41.348675,0.806658070810388
2200.0,740.0773967289487,4.0183749,41.336208,0.8069721963972822
2200.0,740.0852109557209,4.0186553,41.298771,0.8072863221413393
2200.0,740.0767304959714,4.0189362,41.336208,0.8076004474454513
2200.0,740.0809023255291,4.0190163,41.298771,0.8079145713607302
2200.0,740.0730723229622,4.0192566,41.311237,0.808228695112132
2200.0,740.0807028003632,4.0195374,41.261333,0.8085428189427234
2200.0,740.0736131525261,4.0196977,41.373608,0.80885694292368
2200.0,740.0811102248674,4.0202584,41.336208,0.8091710669272009
2200.0,740.0772705937593,4.0204191,41.373608,0.8094851924605572
2200.0,740.0781551476997,4.0207396,41.348675,0.809799318369362
2200.0,740.0872182052716,4.0208998,41.311237,0.8101134449653868
2200.0,740.0783201251359,4.0215011,41.361141,0.8104275709442164
2200.0,740.0852581356961,4.0216212,41.323742,0.8107416967082988
2200.0,740.0758538524155,4.021862,41.311237,0.8110558216403198
2200.0,740.0794111433063,4.0219822,41.336208,0.8113699449226732
2200.0,740.0719853523188,4.0222626,41.286304,0.8116840682127107
2200.0,740.0794520372293,4.0227838,41.311237,0.8119981915124214
2200.0,740.0711137374723,4.0226636,41.273838,0.8123123144325023
2200.0,740.0788246536946,4.0231442,41.386112,0.812626437465923
2200.0,740.0720118415476,4.0232244,41.386112,0.8129405607672038
2200.0,740.0800125014636,4.0239058,41.323742,0.813254684304801
2200.0,740.0734233585507,4.0238256,41.336208,0.8135688082051996
2200.0,740.0725342265081,4.0241466,41.311237,0.8138829317282066
2200.0,740.0808165100094,4.0245471,41.348675,0.8141970556070615
2200.0,740.0766198770536,4.0249481,41.298771,0.8145111808642213
2200.0,740.0837097626356,4.0251484,41.348675,0.8148253059711038
2200.0,740.0764249680127,4.0255089,41.348675,0.8151394311455346
2200.0,740.0851139575849,4.0256696,41.373608,0.8154535568484212
2200.0,740.077015626696,4.0260301,41.361141,0.8157676822735569
2200.0,740.0841538696249,4.02599,41.386112,0.8160818075689387
2200.0,740.0778310650437,4.0264311,41.336208,0.8163959333401868
2200.0,740.085052714517,4.0267515,41.386112,0.816710059017079
2200.0,740.077167347035,4.0269918,41.361141,0.8170241845066123
2200.0,740.084328614018,4.027112,41.348675,0.8173383098761635
2200.0,740.0769457052493,4.0275931,41.336208,0.817652435271621
2200.0,740.0772513068767,4.0277534,41.373608,0.817966560796791
2200.0,740.0834922936332,4.0280743,41.311237,0.8182806858113699
2200.0,740.076358977202,4.0285149,41.311237,0.8185948109577909
2200.0,740.0849259072576,4.0285549,41.336208,0.8189089365808604
2200.0,740.0766064247343,4.0290761,41.386112,0.8192230618323104
2200.0,740.0827895916597,4.0291562,41.336208,0.8195371865486307
2200.0,740.0762433037908,4.0294366,41.361141,0.8198513116459542
2200.0,740.0837884747814,4.0297976,41.323742,0.8201654367862458
2200.0,740.0766156402832,4.0300379,41.373608,0.8204795620416072
2200.0,740.0846213404773,4.0302787,41.298771,0.8207936875354048
2200.0,740.0777736799683,4.030519,41.361141,0.8211078132822959
2200.0,740.0841465084076,4.0308795,41.373608,0.8214219385745533
2200.0,740.0762789115712,4.0312004,41.398579,0.8217360636869904
2200.0,740.0832205146785,4.0313206,41.373608,0.8220501885862139
2200.0,740.07533708224,4.031641,41.373608,0.8223643132988919
2200.0,740.0761141907477,4.032042,41.373608,0.8226784383414134
2200.0,740.0846197655877,4.0321622,41.323742,0.8229925638345426
2200.0,740.0758261177759,4.0324826,41.348675,0.8233066887547915
2200.0,740.0837508034883,4.0326834,41.386112,0.8236208138790937
2200.0,740.0761724058241,4.033164,41.398579,0.8239349389463245
2200.0,740.0845784930854,4.0332041,41.423512,0.8242490644219357
2200.0,740.0761241147442,4.0336852,41.323742,0.8245631894686694
2200.0,740.0842105103972,4.0336452,41.361141,0.8248773147880921
2200.0,740.0754780972849,4.0340862,41.386112,0.8251914395606239
2200.0,740.0828295827224,4.0342865,41.386112,0.8255055642939182
2200.0,740.076228484098,4.034647,41.373608,0.8258196893849514
2200.0,740.0828187185218,4.0348072,41.361141,0.8261338141136345
2200.0,740.0746377932853,4.0352082,41.348675,0.8264479385294995
2200.0,740.076218010451,4.0355287,41.398579,0.8267620636160872
2200.0,740.0830255922174,4.0357695,41.423512,0.8270761884325768
2200.0,740.0746058116436,4.0359697,41.411045,0.8273903128348673
2200.0,740.0834771566034,4.0364108,41.373608,0.8277044378430214
2200.0,740.0743744775086,4.0366912,41.411045,0.8280185621471221
2200.0,740.0807535696788,4.0368915,41.398579,0.8283326859992624
2200.0,740.0728566127369,4.0370917,41.311237,0.828646809659106
2200.0,740.0819988043281,4.0373726,41.411045,0.8289609340397802
2200.0,740.0742875021602,4.037653,41.336208,0.8292750583069644
2200.0,740.0824143341111,4.0377731,41.361141,0.8295891828640083
2200.0,740.0731415842553,4.0382943,41.386112,0.8299033066448079
2200.0,740.0813577113141,4.0386553,41.386112,0.8302174307533733
2200.0,740.0758217725487,4.0386953,41.273838,0.8305315556717779
2200.0,740.0754498138133,4.0389757,41.361141,0.8308456804323048
2200.0,740.0838871930995,4.0394969,41.386112,0.831159805614497
2200.0,740.0764812541962,4.0396171,41.311237,0.8314739308128183
2200.0,740.0839266709316,4.0399776,41.336208,0.8317880560117666
2200.0,740.076506425164,4.0400176,41.373608,0.8321021812207718
2200.0,740.0828791434493,4.0404587,41.348675,0.832416305975102
2200.0,740.0751969336213,4.0408192,41.386112,0.832730430628294
2200.0,740.0837651592125,4.0409393,41.323742,0.8330445557586894
2200.0,740.0749313468013,4.0415006,41.398579,0.8333586802991532
2200.0,740.0806466728216,4.0415006,41.398579,0.8336728041059215
2200.0,740.0706156681038,4.0419416,41.373608,0.833986926814597
2200.0,740.081921692447,4.042222,41.361141,0.8343010511625414
2200.0,740.0748341302718,4.0424623,41.386112,0.8346151756617416
2200.0,740.0736220144651,4.0427833,41.398579,0.8349292996464598
2200.0,740.081971570362,4.0430636,41.361141,0.8352434240155747
2200.0,740.0757915601843,4.0433044,41.348675,0.8355575489211556
2200.0,740.0824558132972,4.0435448,41.373608,0.8358716734958053
2200.0,740.0745082169478,4.0441461,41.436016,0.8361857978566717
2200.0,740.0828486127745,4.044106,41.386112,0.8364999225980433
2200.0,740.0735318050595,4.0443463,41.448483,0.836814046544472
2200.0,740.0825068756535,4.0446668,41.373608,0.8371281711407949
2200.0,740.074017801351,4.0450277,41.411045,0.8374422952935046
2200.0,740.0831254090293,4.0453882,41.411045,0.837756420152361
2200.0,740.076266082162,4.0455084,41.373608,0.8380705452593527
2200.0,740.0824367578701,4.0456691,41.423512,0.8383846698259143
2200.0,740.0754915741603,4.0462298,41.411045,0.8386987946041663
2200.0,740.0757029375212,4.0461497,41.373608,0.8390129194721315
2200.0,740.0822777116226,4.0465107,41.398579,0.8393270439711866
2200.0,740.0758428536742,4.0468311,41.423512,0.8396411688985391
2200.0,740.083794101901,4.0473123,41.436016,0.8399552940412192
2200.0,740.0749412225039,4.0475526,41.373608,0.8402694185858747
2200.0,740.0843083745588,4.0475526,41.386112,0.8405835439468353
2200.0,740.0767967560823,4.0480337,41.398579,0.8408976692790714
2200.0,740.084256237856,4.0483541,41.361141,0.8412117946179029
2200.0,740.0771323498866,4.0485144,41.423512,0.8415259200925816
2200.0,740.0846202538526,4.0489955,41.423512,0.841840045585918
2200.0,740.0768896875475,4.0492358,41.436016,0.8421541709575988
2200.0,740.084079332901,4.0492759,41.448483,0.8424682962213438
2200.0,740.0771178113628,4.049757,41.373608,0.8427824216898516
2200.0,740.0768424822627,4.0500374,41.386112,0.8430965470414962
2200.0,740.0857993746542,4.0504384,41.361141,0.8434106730353049
2200.0,740.0781103481082,4.0505185,41.336208,0.8437247989250947
2200.0,740.0854972361016,4.0509195,41.423512,0.8440389247906621
2200.0,740.0783835526842,4.05124,41.361141,0.8443530507964133
2200.0,740.0848937296607,4.0517211,41.361141,0.8446671764058253
2200.0,740.0764927776225,4.0518012,41.423512,0.8449813016090378
2200.0,740.0827300700017,4.0520415,41.436016,0.8452954263000944
2200.0,740.075357517127,4.0522819,41.386112,0.845609551021446
2200.0,740.0836917328513,4.0526829,41.423512,0.845923676120676
2200.0,740.0760760074268,4.0528831,41.386112,0.8462378011469905
2200.0,740.0836916473129,4.0530834,41.411045,0.8465519262461841
2200.0,740.0766453038156,4.0533643,41.436016,0.8468660515141363
2200.0,740.0768213773995,4.0536847,41.398579,0.8471801768568229
2200.0,740.0846411763914,4.0541658,41.386112,0.8474943023590398
2200.0,740.0770887834278,4.0541258,41.423512,0.8478084278152267
2200.0,740.0821589245128,4.0548072,41.411045,0.8481225522638632
2200.0,740.0744718892603,4.0549674,41.386112,0.8484366766093104
2200.0,740.0838856423571,4.0553279,41.398579,0.8487508017908444
2200.0,740.076594254251,4.0555286,41.473415,0.8490649270371285
2200.0,740.083169940587,4.0558891,41.398579,0.8493790519148862
2200.0,740.075929962854,4.0560894,41.386112,0.8496931768792122
2200.0,740.0833122143425,4.0564103,41.460949,0.8500073018173573
2200.0,740.076101800486,4.0568509,41.423512,0.8503214268546196
2200.0,740.0827742111113,4.0569711,41.361141,0.8506355515644117
2200.0,740.0751858387014,4.0571318,41.386112,0.8509496762128945
2200.0,740.0766478904065,4.0575724,41.386112,0.8512638014819446
2200.0,740.0842458872954,4.0576525,41.398579,0.8515779268163828
2200.0,740.0769234396944,4.0582938,41.448483,0.8518920522023896
2200.0,740.0847565337781,4.058454,41.336208,0.8522061777535694
2200.0,740.0776902329429,4.0585747,41.411045,0.8525203034650414
2200.0,740.0851609550235,4.058815,41.348675,0.8528344291878759
2200.0,740.0779403051284,4.0593762,41.361141,0.8531485550054909
2200.0,740.0850412400877,4.0598168,41.448483,0.853462680677513
2200.0,740.0774339476186,4.0598569,41.473415,0.8537768062802048
2200.0,740.0855806954261,4.0600977,41.398579,0.8540909321811961
2200.0,740.0778039537234,4.0603781,41.423512,0.8544050579409369
2200.0,740.0857445396025,4.0607786,41.448483,0.8547191839114712
2200.0,740.0769904684156,4.0612597,41.411045,0.8550333093259284
2200.0,740.0763772630085,4.06142,41.423512,0.8553474344801107
2200.0,740.0836010219953,4.0615802,41.448483,0.8556615595408389
2200.0,740.0768254787014,4.0620213,41.485882,0.8559756848852662
2200.0,740.08445532387,4.0622215,41.398579,0.8562898103085989
2200.0,740.0785576359845,4.0624623,41.460949,0.8566039363882397
2200.0,740.0858710419521,4.0627027,41.398579,0.8569180624124674
2200.0,740.0791785438666,4.0632238,41.460949,0.8572321887556524
2200.0,740.0845099018971,4.063344,41.398579,0.8575463142021504
2200.0,740.0773918213835,4.0637045,41.448483,0.8578604397869617
2200.0,740.0863015495571,4.0640655,41.373608,0.8581745659939163
2200.0,740.0783801950271,4.0643458,41.386112,0.8584886919982424
2200.0,740.0865253308054,4.0646663,41.485882,0.8588028183001799
2200.0,740.0765243569513,4.0647869,41.473415,0.8591169435167962
2200.0,740.0753682465682,4.0651875,41.436016,0.859431068242702
2200.0,740.0823460838488,4.0654278,41.386112,0.8597451927707774
2200.0,740.0748423578411,4.0657487,41.348675,0.8600593172734698
2200.0,740.0809970648774,4.0661492,41.423512,0.8603734412289604
2200.0,740.0761660342976,4.0665503,41.411045,0.8606875662934869
2200.0,740.0835521079225,4.0667505,41.348675,0.8610016913334536
2200.0,740.0762877984756,4.0669913,41.436016,0.8613158164496628
2200.0,740.0838815778488,4.0670314,41.398579,0.8616299416294716
2200.0,740.0745620859784,4.0676322,41.423512,0.8619440660132027
2200.0,740.0781566811465,4.0679131,41.436016,0.8622581887631056
2200.0,740.0741023223029,4.0680733,41.398579,0.8625723129516901
2200.0,740.0838065651384,4.0683136,41.448483,0.8628864380996601
2200.0,740.0768531887846,4.0687947,41.411045,0.8632005634558491
2200.0,740.0768054346679,4.0690751,41.398579,0.8635146887917687
2200.0,740.0846815456241,4.0690351,41.423512,0.8638288143111201
2200.0,740.0778507673361,4.0697966,41.448483,0.8641429400907309
2200.0,740.0845976581982,4.0699167,41.423512,0.8644570655744767
2200.0,740.0778588475679,4.0702376,41.361141,0.864771191357517
2200.0,740.0848645062096,4.0704379,41.411045,0.8650853169545252
2200.0,740.0775792231716,4.0708389,41.423512,0.8653994426188791
2200.0,740.0867921280667,4.070919,41.448483,0.8657135690340575
2200.0,740.0799106325953,4.0713596,41.398579,0.8660276956879773
2200.0,740.0861907457622,4.0716004,41.448483,0.8663418218479018
2200.0,740.07798824178,4.0721211,41.411045,0.8666559476858635
2200.0,740.0850733452429,4.0720811,41.436016,0.8669700733715124
2200.0,740.0783328931545,4.0725222,41.473415,0.8672841993557613
2200.0,740.079104850581,4.0730028,41.448483,0.8675983256676673
2200.0,740.086377587501,4.0730429,41.436016,0.8679124519068958
2200.0,740.077753441122,4.0734839,41.436016,0.8682265776451964
2200.0,740.0855229438818,4.0734038,41.436016,0.8685407035216755
2200.0,740.0777081287143,4.0737643,41.436016,0.8688548292407433
2200.0,740.0852877254482,4.0740852,41.386112,0.8691689550173849
2200.0,740.0774084590568,4.0746059,41.411045,0.869483080609258
2200.0,740.0850750785219,4.0748067,41.423512,0.8697972062956427
2200.0,740.0778796241959,4.0752072,41.386112,0.8701113320875017
2200.0,740.0848084138655,4.0753675,41.386112,0.8704254576607018
2200.0,740.0773197393966,4.0757284,41.448483,0.8707395832149178
2200.0,740.0836175137248,4.0760088,41.448483,0.8710537082826458
2200.0,740.0771623793071,4.076129,41.411045,0.8713678337700705
2200.0,740.0769918840831,4.07657,41.398579,0.8716819591851287
2200.0,740.0849950116765,4.0770111,41.448483,0.8719960848375292
2200.0,740.0760030704733,4.0770912,41.411045,0.8723102098328858
2200.0,740.0847980137827,4.0774117,41.373608,0.8726243354016715
2200.0,740.0776096180708,4.0777726,41.398579,0.8729384610789266
2200.0,740.0846275536785,4.0782933,41.411045,0.8732525865753613
2200.0,740.0769460588592,4.0782533,41.473415,0.8735667119709689
2200.0,740.0843059823474,4.0787344,41.411045,0.8738808373309142
2200.0,740.0763345142725,4.0788946,41.398579,0.8741949624669518
2200.0,740.0836306367131,4.0792956,41.423512,0.8745090875402498
2200.0,740.0770207659084,4.079576,41.373608,0.8748232129675668
2200.0,740.0846873438207,4.0796161,41.436016,0.8751373384893792
2200.0,740.077622142164,4.0799766,41.348675,0.8754514641719501
2200.0,740.0776715325452,4.0803776,41.336208,0.8757655898754847
2200.0,740.0855278633653,4.0807381,41.398579,0.8760797157540517
2200.0,740.0772117320353,4.0808187,41.448483,0.8763938412624241
2200.0,740.0862409412745,4.0812593,41.423512,0.8767079674436539
2200.0,740.0773236331981,4.0813794,41.386112,0.8770220929995227
2200.0,740.0854955269698,4.0818605,41.423512,0.8773362188643647
2200.0,740.0806845676178,4.0819407,41.373608,0.877650345846781
2200.0,740.0854886298703,4.0823016,41.411045,0.8779644717086956
2200.0,740.0781902553513,4.0826621,41.411045,0.8782785976324019
2200.0,740.0865067018427,4.0829425,41.386112,0.8785927239264324
2200.0,740.0772702029058,4.0829425,41.423512,0.8789068494596228
2200.0,740.085578486979,4.0835037,41.411045,0.8792209753596768
2200.0,740.0789833667534,4.0839047,41.361141,0.879535101620019
2200.0,740.0789047413463,4.0843453,41.398579,0.8798492278469886
2200.0,740.0878155222491,4.0842652,41.423512,0.8801633546965419
2200.0,740.0806937839852,4.0845056,41.411045,0.8804774816828701
2200.0,740.0870843290171,4.0850668,41.423512,0.8807916082220718
2200.0,740.0782451500143,4.085187,41.411045,0.8811057341690781
2200.0,740.0867622334049,4.0855479,41.436016,0.8814198605715678
2200.0,740.079051250032,4.0859084,41.411045,0.881733986860723
2200.0,740.0867476087872,4.0860286,41.398579,0.8820481132570054
2200.0,740.0797844008181,4.0863895,41.448483,0.8823622398573462
2200.0,740.0870752840433,4.0865097,41.361141,0.8826763663927087
2200.0,740.0795190333672,4.0869508,41.336208,0.8829904928804144
2200.0,740.0888911509509,4.0872312,41.460949,0.8833046201865133
2200.0,740.0803375596626,4.0873113,41.411045,0.8836187470216422
2200.0,740.0875300473214,4.0877123,41.336208,0.8839328737500269
2200.0,740.0805523784961,4.0881529,41.398579,0.8842470006763357
2200.0,740.0792522731682,4.0884337,41.373608,0.884561127050815
2200.0,740.0877359813219,4.088594,41.436016,0.8848752538666075
2200.0,740.0803084343211,4.0889945,41.386112,0.8851893806893741
2200.0,740.0873066573398,4.0892353,41.398579,0.885503507322942
2200.0,740.0807915247905,4.0892353,41.361141,0.8858176343507562
2200.0,740.0889688370446,4.0897961,41.49839,0.8861317616898287
2200.0,740.0800876098489,4.0901971,41.373608,0.8864458884188664
2200.0,740.0886417597391,4.0901971,41.373608,0.8867600156191124
2200.0,740.0824683482631,4.0906777,41.386112,0.8870741433586538
2200.0,740.0899963084229,4.0908384,41.373608,0.8873882711338316
2200.0,740.0810031083391,4.0911989,41.386112,0.8877023982514524
2200.0,740.0881915254963,4.0913992,41.361141,0.8880165252605985
2200.0,740.0818043253478,4.0915198,41.361141,0.8883306527182956
2200.0,740.0827605217182,4.0917201,41.361141,0.8886447805818498
2200.0,740.0902415978823,4.0921206,41.361141,0.8889589084611397
2200.0,740.0823064104807,4.0927219,41.348675,0.8892730361319465
2200.0,740.0893608924601,4.0928421,41.373608,0.8895871636374251
2200.0,740.0816596849829,4.093163,41.411045,0.8899012910337295
2200.0,740.0904801363533,4.0932031,41.373608,0.8902154190142659
2200.0,740.0835217239195,4.0937638,41.398579,0.8905295472009123
2200.0,740.0907315911289,4.0938845,41.386112,0.8908436752881774
2200.0,740.0828569205249,4.0940847,41.373608,0.8911578031926481
2200.0,740.0912472430429,4.0945253,41.423512,0.8914719314987795
2200.0,740.0827741938159,4.0948462,41.398579,0.8917860593681368
2200.0,740.0908147213964,4.0950465,41.398579,0.8921001874906863
2200.0,740.0825687988499,4.0954475,41.361141,0.8924143152728639
2200.0,740.081281757034,4.0955677,41.361141,0.8927284425087569
2200.0,740.0894856971378,4.0958881,41.361141,0.8930425700672082
2200.0,740.0821574494448,4.0962491,41.348675,0.8933566976747886
2200.0,740.0897076833066,4.0962491,41.361141,0.8936708253274609
2200.0,740.0821245142022,4.0968099,41.361141,0.8939849529210621
2200.0,740.0903858001408,4.0969706,41.348675,0.8942990808615578
2200.0,740.0832734954986,4.0974913,41.361141,0.8946132089428437
2200.0,740.0916030313874,4.0977321,41.423512,0.8949273373999876
2200.0,740.0824641855706,4.0982127,41.348675,0.8952414651377621
2200.0,740.0887287232747,4.0981326,41.373608,0.8955555923749193
2200.0,740.0814124330819,4.0984135,41.386112,0.8958697196662779
2200.0,740.0877268254345,4.0985737,41.348675,0.8961838464781842
2200.0,740.0824642093083,4.098814,41.323742,0.8964979742159688
2200.0,740.0803948960346,4.0993352,41.386112,0.8968121010754341
2200.0,740.0876097842912,4.0994554,41.386112,0.8971262278376628
2200.0,740.0798879524491,4.0996957,41.361141,0.897440354481956
2200.0,740.0896578053918,4.1000166,41.361141,0.8977544821134579
2200.0,740.0813998836139,4.1004171,41.361141,0.8980686093994897
2200.0,740.0888593519333,4.1008182,41.348675,0.8983827366920917
2200.0,740.0824675419998,4.1011786,41.373608,0.8986968644312908
2200.0,740.0895560604861,4.1012187,41.386112,0.8990109920196075
2200.0,740.0809878368115,4.1016197,41.361141,0.8993251191307463
2200.0,740.0869137354894,4.10186,41.336208,0.8996392455975404
2200.0,740.0780336765596,4.1019802,41.373608,0.8999533714547868
2200.0,740.0885723868358,4.1023812,41.361141,0.9002674986255879
2200.0,740.081426287305,4.1023812,41.373608,0.9005816259228268
2200.0,740.0827421749304,4.1027417,41.411045,0.9008957537785937
2200.0,740.0891891627855,4.1030626,41.373608,0.9012098812111824
2200.0,740.081987161721,4.1035032,41.286304,0.9015240087464842
2200.0,740.0893187895392,4.1039443,41.286304,0.9018381362340924
2200.0,740.0825336433137,4.1038642,41.348675,0.9021522640013482
2200.0,740.0895669975375,4.1042247,41.386112,0.902466391594307
2200.0,740.0818793242071,4.1045456,41.373608,0.9027805190838372
2200.0,740.0903678071912,4.1047459,41.348675,0.903094647016696
2200.0,740.0819138953048,4.1050663,41.348675,0.9034087745209
2200.0,740.0892515534599,4.1055074,41.261333,0.9037229019799702
2200.0,740.0823331559128,4.1055474,41.311237,0.9040370296621292
2200.0,740.0885758533936,4.1061487,41.373608,0.9043511568344016
2200.0,740.0819022740626,4.106349,41.348675,0.9046652843336728
2200.0,740.0804995948514,4.1064291,41.311237,0.9049794112375774
2200.0,740.0865096318413,4.1067495,41.311237,0.9052935375328516
2200.0,740.0811921578511,4.1071105,41.348675,0.9056076647307144
2200.0,740.0861446397242,4.1073909,41.373608,0.9059217908710692
2200.0,740.0791388466532,4.1076717,41.323742,0.9062359171974048
2200.0,740.0875074156507,4.1081924,41.336208,0.9065500439161835
2200.0,740.0800157840655,4.1083126,41.298771,0.906864170614735
2200.0,740.0894788487419,4.1085935,41.361141,0.9071782981702796
2200.0,740.0805375956377,4.1085935,41.373608,0.9074924250903136
2200.0,740.0854913400883,4.1091547,41.348675,0.9078065509533784
2200.0,740.0787153136681,4.1095152,41.323742,0.9081206770999456
2200.0,740.0865241950677,4.1095953,41.323742,0.908434803401401
2200.0,740.0800701781905,4.1097956,41.323742,0.90874893012304
2200.0,740.0795225977059,4.1100764,41.298771,0.9090630566122584
2200.0,740.0869697046418,4.1104369,41.298771,0.9093771831028084
2200.0,740.0797599256106,4.1107578,41.311237,0.9096913096927608
2200.0,740.0860905749277,4.1110783,41.361141,0.910005435810168
2200.0,740.0785773620146,4.1112785,41.348675,0.9103195618981818
2200.0,740.0864452271253,4.1117997,41.336208,0.9106336881661196
2200.0,740.0790283247326,4.1118798,41.361141,0.9109478144455442
2200.0,740.0856508995664,4.1122408,41.348675,0.9112619403763332
2200.0,740.0780530121453,4.1122808,41.336208,0.9115760662417868
2200.0,740.0858909396669,4.1127214,41.386112,0.91189019227446
2200.0,740.0794857809399,4.1132026,41.361141,0.9122043187480516
2200.0,740.0845807878894,4.1133628,41.336208,0.9125184442246368
2200.0,740.0785664496294,4.113483,41.348675,0.9128325703080188
2200.0,740.0794250275665,4.113884,41.323742,0.9131466967558236
2200.0,740.0859618383466,4.1140842,41.361141,0.9134608228185894
2200.0,740.0799595097509,4.1144853,41.298771,0.9137749494932552
2200.0,740.0861293676337,4.1148057,41.311237,0.9140890756271278
2200.0,740.0788381894254,4.1149259,41.236401,0.9144032018258496
2200.0,740.0853758369998,4.1152468,41.298771,0.9147173276398898
2200.0,740.0780027921726,4.1156473,41.323742,0.9150314534840274
2200.0,740.0838629255575,4.1158876,41.286304,0.9153455786559191
2200.0,740.0770605723972,4.1161685,41.373608,0.915659704100132
2200.0,740.084578127603,4.1164889,41.286304,0.915973829575588
2200.0,740.076739065691,4.1168098,41.336208,0.9162879548833376
2200.0,740.0842360106751,4.11693,41.336208,0.9166020802135836
2200.0,740.0770566908736,4.1172504,41.336208,0.916916205656149
2200.0,740.0770351951569,4.1173706,41.311237,0.9172303310895904
2200.0,740.08462072943,4.1178918,41.286304,0.9175444565831288
2200.0,740.0764524218926,4.1180921,41.336208,0.9178585817692122
2200.0,740.0830725520028,4.1182122,41.361141,0.9181727066056335
2200.0,740.0755565880419,4.1185732,41.336208,0.9184868314114808
2200.0,740.0845217426274,4.1191344,41.298771,0.9188009568630048
2200.0,740.074878820588,4.1192145,41.323742,0.9191150813811736
2200.0,740.0825817541219,4.1196151,41.311237,0.9194292060092782
2200.0,740.0726537331487,4.1198959,41.323742,0.9197433295830096
2200.0,740.0795813349262,4.1201363,41.298771,0.9200574529376004
2200.0,740.0719545293224,4.1206574,41.336208,0.9203715762145548
2200.0,740.0797085088959,4.1206174,41.286304,0.920685699623124
2200.0,740.0725572365264,4.1207776,41.361141,0.9209998231558972
2200.0,740.0720210206713,4.121419,41.298771,0.9213139464610742
2200.0,740.0805979662512,4.1215792,41.248867,0.9216280702471692
2200.0,740.0733667793294,4.1216192,41.361141,0.9219421941235528
2200.0,740.0783883965968,4.1223407,41.348675,0.9222563169718064
2200.0,740.0722967275283,4.1223807,41.323742,0.9225704403940068
2200.0,740.0791116052859,4.1227412,41.311237,0.9228845635492228
2200.0,740.0723053827854,4.1230221,41.298771,0.9231986869750972
2200.0,740.0799636856168,4.1232224,41.398579,0.9235128104919746
2200.0,740.0723375596494,4.1234226,41.348675,0.9238269339315064
2200.0,740.0790123131644,4.1237836,41.311237,0.9241410570445784
2200.0,740.0720104254709,4.1241441,41.273838,0.924455180345258
2200.0,740.0810269849142,4.1242642,41.336208,0.924769304313448
2200.0,740.0728124724807,4.1245451,41.273838,0.9250834279545564
2200.0,740.0721622072006,4.1249857,41.336208,0.9253975513196596
2200.0,740.0787821607347,4.1251059,41.298771,0.9257116743350444
2200.0,740.0724440780839,4.1254668,41.236401,0.926025797819788
2200.0,740.07899571134,4.1260281,41.311237,0.9263399209258132
2200.0,740.071039934502,4.1261482,41.311237,0.9266540438145684
2200.0,740.0799103039,4.1265488,41.311237,0.9269681673087884
2200.0,740.0713813022976,4.1267495,41.236401,0.927282290342437
2200.0,740.0788463333919,4.1268296,41.348675,0.9275964133850596
2200.0,740.0705525335933,4.1273103,41.273838,0.9279105360669376
2200.0,740.0792332253961,4.1276712,41.298771,0.9282246592737748
2200.0,740.0718216567186,4.1276712,41.286304,0.9285387824943316
2200.0,740.0794345935266,4.1283526,41.348675,0.9288529057866384
2200.0,740.0735002134527,4.1284728,41.261333,0.9291670297196584
2200.0,740.0718971565252,4.1285129,41.236401,0.929481152972261
2200.0,740.0799573745988,4.1289535,41.261333,0.92979527648646
2200.0,740.0742528221966,4.1294346,41.298771,0.930109400738924
2200.0,740.0794908192943,4.1295547,41.323742,0.9304235240550957
2200.0,740.0718767834381,4.1297956,41.248867,0.9307376472990512
2200.0,740.0802418242931,4.1300359,41.311237,0.9310517709339832
2200.0,740.0733014838696,4.1305571,41.336208,0.9313658947826524
2200.0,740.0812664389331,4.1307173,41.323742,0.9316800188524776
2200.0,740.0717179466998,4.1309175,41.261333,0.9319941420290148
2200.0,740.0792502536849,4.1311979,41.323742,0.9323082652430794
2200.0,740.0721684080612,4.1317191,41.298771,0.9326223886108148
2200.0,740.0804817182825,4.1321201,41.248867,0.9329365123475688
2200.0,740.0744697037546,4.1321201,41.311237,0.9332506366920884
2200.0,740.0739849397772,4.1325207,41.298771,0.93356476083085
2200.0,740.0805261151888,4.1329618,41.248867,0.9338788845864482
2200.0,740.0743419703632,4.133162,41.311237,0.9341930088767514
2200.0,740.082120337672,4.1333222,41.248867,0.93450713330901
2200.0,740.0745934827725,4.1336432,41.336208,0.9348212577060674
2200.0,740.0824525051287,4.1340837,41.311237,0.9351353822793128
2200.0,740.0741379169866,4.1340437,41.298771,0.9354495064830056
2200.0,740.0814142554976,4.1344047,41.273838,0.9357636306155708
2200.0,740.0736586843029,4.1349654,41.286304,0.9360777546158534
2200.0,740.0795541005508,4.1349654,41.348675,0.9363918779588845
2200.0,740.0729909636267,4.1353664,41.236401,0.9367060016757532
2200.0,740.0800412120933,4.1356068,41.311237,0.9370201252255366
2200.0,740.0718545915519,4.135767,41.236401,0.9373342484600726
2200.0,740.0710217211365,4.1362081,41.261333,0.9376483713410972
2200.0,740.0798291271012,4.1365285,41.248867,0.937962494800862
2200.0,740.0722620234177,4.1369295,41.336208,0.9382766182083324
2200.0,740.0811997516913,4.1370497,41.273838,0.9385907422498524
2200.0,740.073637554065,4.1373701,41.298771,0.9389048662411664
2200.0,740.0822860612385,4.1380515,41.273838,0.9392189907437656
2200.0,740.0762584034247,4.1384525,41.311237,0.939533115847498
2200.0,740.0828776184912,4.1381316,41.273838,0.9398472406011807
2200.0,740.0750926612645,4.1386528,41.386112,0.9401613652101144
2200.0,740.0826139317187,4.1388931,41.323742,0.9404754898518768
2200.0,740.0739257121651,4.1393743,41.211468,0.9407896139654992
2200.0,740.0822016982352,4.1395745,41.323742,0.9411037384322908
2200.0,740.074117263549,4.1396546,41.248867,0.9414178626272172
2200.0,740.0831123359725,4.1398554,41.286304,0.9417319874805248
2200.0,740.0751577979273,4.140336,41.261333,0.9420461121171056
2200.0,740.0732584547833,4.1404562,41.248867,0.942360235947511
2200.0,740.0808364069055,4.1410174,41.323742,0.9426743598348112
2200.0,740.0736920341368,4.1414185,41.336208,0.9429884838492488
2200.0,740.0810076610028,4.1414585,41.273838,0.943302607809237
2200.0,740.0741919824671,4.1417389,41.286304,0.943616732035878
2200.0,740.0829596248901,4.1419392,41.261333,0.943930856824368
2200.0,740.0737554981101,4.1426206,41.298771,0.9442449808657432
2200.0,740.0817755359012,4.1427007,41.298771,0.9445591051516522
2200.0,740.0746661504256,4.1431017,41.273838,0.9448732295795534
2200.0,740.081986120901,4.1432219,41.348675,0.9451873539548444
2200.0,740.0740735014589,4.1435022,41.311237,0.945501478131196
2200.0,740.082283534785,4.1439433,41.223934,0.9458156026327228
2200.0,740.0735738580352,4.1440234,41.248867,0.9461297265970008
2200.0,740.0738632247117,4.1445045,41.236401,0.9464438506841004
2200.0,740.0805373456903,4.1449451,41.261333,0.9467579744444654
2200.0,740.0731317462057,4.1451859,41.298771,0.9470720982210894
2200.0,740.0795402944827,4.1452661,41.211468,0.9473862215582604
2200.0,740.0735176320145,4.1458673,41.273838,0.9477003454986735
2200.0,740.0810485426476,4.1458673,41.311237,0.9480144694760136
2200.0,740.0729145224974,4.1462278,41.311237,0.9483285931604368
2200.0,740.0805022389135,4.1466289,41.323742,0.948642716905901
2200.0,740.0737023113338,4.1468692,41.261333,0.9489568409247012
2200.0,740.0815628771059,4.1471095,41.211468,0.949270965120348
2200.0,740.073338532283,4.1475105,41.248867,0.9495850889847424
2200.0,740.0807898735845,4.1477108,41.273838,0.9498992128522914
2200.0,740.0716633446654,4.1480312,41.273838,0.9502133360056528
2200.0,740.0733073311204,4.1484323,41.236401,0.9505274598568038
2200.0,740.0799537124076,4.1486726,41.323742,0.9508415833694482
2200.0,740.0725804421762,4.1490736,41.261333,0.9511557069120712
2200.0,740.0799118296766,4.1491938,41.286304,0.9514698304069388
2200.0,740.0730292566323,4.1495543,41.298771,0.9517839541400612
2200.0,740.0760597459732,4.1497951,41.248867,0.9520980759999296
2200.0,740.065277936875,4.1502357,41.248867,0.9524121964430068
2200.0,740.0720213808285,4.1507168,41.186497,0.95272631658881
2200.0,740.0648633276286,4.1508369,41.248867,0.9530404368559064
2200.0,740.0711639795154,4.151238,41.298771,0.9533545566377896
2200.0,740.0630544979782,4.1513581,41.236401,0.953668676137129
2200.0,740.0707016483364,4.1516786,41.248867,0.9539827957227776
2200.0,740.0629668641133,4.1521597,41.286304,0.954296915184921
2200.0,740.0632375406238,4.1521997,41.248867,0.9546110347619527
2200.0,740.071658367146,4.1526003,41.211468,0.9549251547536765
2200.0,740.064321386076,4.152801,41.248867,0.955239274790746
2200.0,740.0728085563095,4.1532817,41.286304,0.9555533952706622
2200.0,740.0651147426313,4.1534419,41.273838,0.9558675156444718
2200.0,740.0713814607961,4.1537628,41.298771,0.9561816355186638
2200.0,740.0644750966985,4.1540432,41.248867,0.9564957556209758
2200.0,740.0714053260211,4.1544042,41.311237,0.9568098755052972
2200.0,740.0638761367773,4.1546445,41.323742,0.957123995353381
2200.0,740.0705531609703,4.155005,41.223934,0.9574381148760048
2200.0,740.0636967190424,4.1553659,41.273838,0.9577522346479348
2200.0,740.0717726256297,4.1556463,41.286304,0.9580663546881548
2200.0,740.0659590980016,4.1560473,41.261333,0.9583804754203508
2200.0,740.0655884096425,4.1561675,41.248867,0.9586945959952085
2200.0,740.0729063107855,4.156528,41.311237,0.9590087165166158
2200.0,740.0654632509732,4.1568089,41.323742,0.9593228370383496
2200.0,740.0707993168646,4.1571693,41.248867,0.9596369566654532
2200.0,740.0619129015627,4.1574903,41.248867,0.9599510756802424
2200.0,740.07274321108,4.1576505,41.273838,0.9602651961324232
2200.0,740.0631779966455,4.1581316,41.373608,0.9605793156841816
2200.0,740.0706092647741,4.1582518,41.236401,0.9608934352306184
2200.0,740.0600797432237,4.1586123,41.236401,0.9612075534673244
2200.0,740.0658961040605,4.1590934,41.248867,0.961521671013282
2200.0,740.0592899522348,4.1594939,41.273838,0.9618357889147614
2200.0,740.0671717944874,4.1596546,41.236401,0.96214990700218
2200.0,740.0607514321889,4.1600552,41.223934,0.962464025523984
2200.0,740.0603234311952,4.1603355,41.273838,0.9627781438641232
2200.0,740.0681166733854,4.1607366,41.273838,0.9630922623525912
2200.0,740.0607664835288,4.1610169,41.236401,0.9634063808807838
2200.0,740.0682965938773,4.161057,41.261333,0.9637204994456182
2200.0,740.0592415989457,4.1615381,41.223934,0.964034617326574
2200.0,740.0675267290846,4.1618586,41.248867,0.964348735564643
2200.0,740.0592315910488,4.1621394,41.211468,0.9646628534413508
2200.0,740.066736172175,4.1624999,41.273838,0.9649769713438716
2200.0,740.0544621178891,4.1626601,41.223934,0.9652910871961784
2200.0,740.061582335423,4.1632614,41.273838,0.965605202911177
2200.0,740.0554810345881,4.1634216,41.211468,0.9659193191959626
2200.0,740.0617934213752,4.1638227,41.223934,0.9662334350005556
2200.0,740.0540252304004,4.164464,41.273838,0.9665475506674256
2200.0,740.0559381846608,4.1645441,41.198963,0.9668616671462484
2200.0,740.061988112596,4.1646643,41.286304,0.9671757830334772
2200.0,740.0545190024264,4.1653056,41.236401,0.9674898989099288
2200.0,740.0624203285141,4.165586,41.223934,0.9678040149806096
2200.0,740.0534958870192,4.1658268,41.248867,0.9681181304228
2200.0,740.0610546729298,4.1661072,41.223934,0.9684322459138346
2200.0,740.0540639253098,4.1664677,41.236401,0.9687463615971288
2200.0,740.0617735359388,4.1665483,41.223934,0.9690604773932814
2200.0,740.052810746144,4.1669087,41.198963,0.969374592544664
2200.0,740.0601513837222,4.1673098,41.223934,0.9696887076523018
2200.0,740.052648528011,4.16751,41.223934,0.9700028227348312
2200.0,740.061205782929,4.1678305,41.236401,0.9703169382900036
2200.0,740.0538454344993,4.1682715,41.223934,0.9706310538805594
2200.0,740.0554972204264,4.1687121,41.273838,0.9709451701722152
2200.0,740.0618815071425,4.1690731,41.273838,0.9712592860141956
2200.0,740.0535548952622,4.1692734,41.186497,0.9715734014814322
2200.0,740.0582661443207,4.1695137,41.211468,0.9718875157888888
2200.0,740.0503275668596,4.1699948,41.248867,0.9722016298862868
2200.0,740.0569664785738,4.170115,41.261333,0.9725157436421062
2200.0,740.050359744542,4.170516,41.211468,0.9728298577531622
2200.0,740.057064097989,4.1708765,41.248867,0.9731439715504157
2200.0,740.04963778731,4.1712775,41.261333,0.9734580853550372
2200.0,740.0558386157618,4.1714377,41.261333,0.9737721986321404
2200.0,740.0478659324042,4.1720791,41.223934,0.9740863116846986
2200.0,740.0580761646718,4.1722794,41.273838,0.9744004259115192
2200.0,740.0501118210277,4.1725998,41.236401,0.974714539917344
2200.0,740.051003088645,4.1727605,41.198963,0.9750286543014672
2200.0,740.0594954839632,4.173161,41.261333,0.9753427691307112
2200.0,740.0512290150859,4.173522,41.248867,0.9756568836107288
2200.0,740.0597379166843,4.1736422,41.211468,0.9759709985428724
2200.0,740.0521800116719,4.1742835,41.311237,0.97628511342654
2200.0,740.0593681516042,4.1744838,41.248867,0.9765992282017384
2200.0,740.0519522549723,4.1745238,41.286304,0.9769133429887348
2200.0,740.058928317035,4.1751652,41.248867,0.9772274575772474
2200.0,740.0514447977521,4.1752453,41.198963,0.9775415721488538
2200.0,740.059486755768,4.1758065,41.261333,0.9778556869743932
2200.0,740.0512715567307,4.1760869,41.286304,0.9781698014724676
2200.0,740.0593399656648,4.1764879,41.223934,0.9784839162357024
2200.0,740.0504599143691,4.1766081,41.198963,0.9787980303892756
2200.0,740.0493665726084,4.1770086,41.236401,0.97911214407878
2200.0,740.0580743466729,4.1773696,41.223934,0.9794262583048288
2200.0,740.0507380015446,4.1778903,41.186497,0.979740372576436
2200.0,740.0591475811169,4.178091,41.273838,0.980054487258014
2200.0,740.0512695910036,4.1783714,41.211468,0.980368601755254
2200.0,740.0575603175338,4.1788125,41.261333,0.9806827157631256
2200.0,740.0524174983735,4.1789327,41.198963,0.9809968307475946
2200.0,740.0594914796183,4.1794934,41.248867,0.981310945575139
2200.0,740.0508421032354,4.1796942,41.273838,0.981625059890932
2200.0,740.0583735785558,4.1802149,41.261333,0.9819391742439884
2200.0,740.0504962793002,4.1804156,41.248867,0.9822532884129964
2200.0,740.0581342702387,4.1805358,41.223934,0.9825674026644796
2200.0,740.0523272279867,4.1811371,41.149055,0.9828815176106332
2200.0,740.0510627570417,4.1814175,41.186497,0.9831956320200824
2200.0,740.0583098810667,4.1815376,41.211468,0.9835097463461028
2200.0,740.0518990194928,4.1820588,41.298771,0.9838238611105036
2200.0,740.0588027064952,4.182179,41.211468,0.9841379756457014
2200.0,740.0518190881028,4.1828604,41.211468,0.9844520903761752
2200.0,740.0596821423468,4.1831808,41.248867,0.9847662052846456
2200.0,740.0521526441481,4.1835017,41.211468,0.9850803201566972
2200.0,740.0595406744535,4.183702,41.17403,0.985394435005122
2200.0,740.0509355229605,4.1839423,41.261333,0.9857085493605668
2200.0,740.0586679764934,4.1846237,41.186497,0.9860226638385792
2200.0,740.0471466739034,4.1845436,41.198963,0.9863367765858484
2200.0,740.0535993945548,4.1850247,41.198963,0.9866508889125246
2200.0,740.0448100630581,4.1855855,41.211468,0.9869650006680204
2200.0,740.0414621053851,4.1856256,41.236401,0.9872791110024765
2200.0,740.0518607741797,4.1862268,41.186497,0.9875932225912032
2200.0,740.0466468589952,4.1864676,41.17403,0.9879073351263262
2200.0,740.0530162855532,4.1869884,41.236401,0.9882214472055044
2200.0,740.0398824730672,4.1870685,41.124123,0.9885355568694862
2200.0,740.0469892519353,4.1873894,41.211468,0.988849666390518
2200.0,740.0401558614057,4.1879101,41.223934,0.9891637761705394
2200.0,740.0491612239662,4.18783,41.223934,0.9894778866134546
2200.0,740.0402428960982,4.1885915,41.136589,0.9897919964304178
2200.0,740.0481976563515,4.1887522,41.211468,0.9901061064643512
2200.0,740.0408891951358,4.1893129,41.273838,0.9904202165556358
2200.0,740.0491123221717,4.1896739,41.198963,0.9907343269777948
2200.0,740.039660892672,4.1899943,41.211468,0.9910484365477268
2200.0,740.0413046110548,4.1903152,41.236401,0.9913625468153346
2200.0,740.0477518525089,4.1906357,41.198963,0.9916766566600488
2200.0,740.041568293538,4.190876,41.17403,0.9919907670395764
2200.0,740.0493375547086,4.191237,41.236401,0.9923048775573344
2200.0,740.0405782594831,4.1916375,41.198963,0.9926189875166423
2200.0,740.0488439492023,4.1919584,41.149055,0.9929330978248918
2200.0,740.0413237632873,4.192399,41.161564,0.9932472081006288
2200.0,740.0487144558721,4.1927199,41.161564,0.9935613183539151
2200.0,740.0404115487854,4.1930003,41.149055,0.9938754282424632
2200.0,740.048966593318,4.1932006,41.186497,0.9941895386027684
2200.0,740.0409961768647,4.193882,41.223934,0.9945036487394612
2200.0,740.0478333964271,4.1942029,41.161564,0.9948177586187862
2200.0,740.0405171144376,4.1943631,41.223934,0.9951318685521412
2200.0,740.0380621940685,4.1948442,41.186497,0.9954459774435064
2200.0,740.0457522207907,4.1951246,41.248867,0.995760086439486
2200.0,740.0390566957227,4.1955652,41.223934,0.9960741957529669
2200.0,740.0464911898353,4.1958461,41.17403,0.9963883050625983
2200.0,740.0386128383536,4.1963267,41.298771,0.996702414187684
2200.0,740.046160463026,4.1964874,41.161564,0.9970165233569402
2200.0,740.0402779918809,4.196888,41.161564,0.9973306331887998
2200.0,740.0472370064571,4.197289,41.211468,0.9976447428149898
2200.0,740.040069301467,4.1977296,41.261333,0.9979588525582708
2200.0,740.0477197976944,4.1979704,41.223934,0.9982729623893792
2200.0,740.0399672506318,4.198451,41.161564,0.9985870720893448
2200.0,740.0479469837002,4.1986113,41.198963,0.9989011820168816
2200.0,740.0407151359824,4.1991324,41.211468,0.9992152920342868
2200.0,740.0397631018951,4.1994534,41.099194,0.9995294016476016
2200.0,740.0460003174663,4.1996536,41.248867,0.9998435107488846
2200.0,740.0471157634063,4.1999741,41.223934,1.0
