Cycle,Current,Voltage,Temperature,SOC
4200.0,704.043776410221,2.7386129,41.1124,0.0
4200.0,704.043776410221,2.8510976,41.099892,0.0003277477154371
4200.0,740.6529071008773,2.8817751,41.149837,0.0006725343107566
4200.0,740.6469108250784,2.9039514,41.124866,0.0010173215826593
4200.0,740.6559875497146,2.9221976,41.062458,0.0013621096119803
4200.0,740.6486042498482,2.9381981,41.124866,0.0017068976722091
4200.0,740.6561730853886,2.9522336,41.174809,0.0020516857879002
4200.0,740.648616835239,2.9654672,41.074959,0.0023964738539878
4200.0,740.6474363475447,2.9777381,41.074959,0.0027412613705326
4200.0,740.6555012799889,2.9890068,41.099892,0.0030860491734868
4200.0,740.6487211682485,2.9998741,41.087425,0.0034308372881437
4200.0,740.6566577559896,3.0100601,41.037483,0.0037756256294572
4200.0,740.650128095322,3.0196042,41.087425,0.0041204143990693
4200.0,740.6586134184504,3.0287473,41.124866,0.0044652036507771
4200.0,740.6504737114004,3.0374894,41.087425,0.004809992581281
4200.0,740.657684934407,3.0457904,41.1124,0.0051547814007637
4200.0,740.6491071649983,3.0537708,41.137371,0.0054995696951104
4200.0,740.6633316691377,3.0613098,41.1124,0.0058443611432447
4200.0,740.6633402777525,3.0688889,41.074959,0.0061891560634155
4200.0,740.6692532467121,3.0756259,41.049992,0.0065339502681454
4200.0,740.6608664977122,3.0827641,41.074959,0.0068787440367177
4200.0,740.6608545348729,3.0892606,41.124866,0.007223537799721
4200.0,740.6700198035585,3.0956767,41.19978,0.0075683323612962
4200.0,740.6629708946983,3.1018524,41.025017,0.0079131271095112
4200.0,740.6830320079266,3.1076269,41.099892,0.0082579277284901
4200.0,740.6806864864267,3.1139631,41.087425,0.0086027307236989
4200.0,740.6877172506224,3.1193366,41.037483,0.0089475335237384
4200.0,740.6820067195639,3.1248708,41.037483,0.0092923371335445
4200.0,740.6888104572372,3.1301641,41.099892,0.0096371404424904
4200.0,740.6831340825031,3.1355376,41.037483,0.0099819445771085
4200.0,740.6904858447461,3.1405504,41.099892,0.0103267486659759
4200.0,740.6841929032794,3.1457233,41.1124,0.0106715532934982
4200.0,740.6892734846534,3.1503751,41.1124,0.0110163568179912
4200.0,740.6810971778812,3.1550269,41.062458,0.0113611600043859
4200.0,740.6799295441293,3.1600797,40.987579,0.0117059626472216
4200.0,740.6878211818582,3.1646914,41.01255,0.0120507654956428
4200.0,740.6808214345256,3.1691828,41.049992,0.012395568553673
4200.0,740.6901828646796,3.1736741,41.087425,0.012740372501498
4200.0,740.681891339245,3.1780453,40.987579,0.013085176057592
4200.0,740.6902612341439,3.1823761,41.074959,0.0134299800418994
4200.0,740.6812991300746,3.1864667,40.975075,0.0137747833223072
4200.0,740.6899271014742,3.1902361,41.074959,0.01411958715107
4200.0,740.6837526465366,3.1946473,41.049992,0.0144643915736432
4200.0,740.6896719365199,3.1988981,41.037483,0.0148091952836224
4200.0,740.6833936882343,3.2025874,41.01255,0.0151539995390926
4200.0,740.6892488507241,3.2063971,41.01255,0.0154988030521182
4200.0,740.6825464509586,3.2102869,40.987579,0.015843606913181
4200.0,740.682086626404,3.2139761,41.025017,0.0161884105601855
4200.0,740.6895398313192,3.2177057,41.025017,0.0165332142086675
4200.0,740.6819748959709,3.2213149,41.000046,0.016878017803659
4200.0,740.6901718537988,3.2249238,40.962608,0.0172228217463583
4200.0,740.6829712414536,3.2284529,41.000046,0.0175676258051703
4200.0,740.690385477984,3.2319417,40.987579,0.0179124298473153
4200.0,740.6806039551029,3.2351899,41.000046,0.018257232804104
4200.0,740.6893753894672,3.2385585,40.950142,0.0186020363760355
4200.0,740.681615290714,3.2419672,40.937637,0.0189468398036229
4200.0,740.6885236270789,3.245496,40.887695,0.0192916429790445
4200.0,740.6828584368064,3.2487442,40.925171,0.0196364469853435
4200.0,740.6912357511554,3.2517519,40.925171,0.0199812514233052
4200.0,740.6826569729176,3.2550001,40.950142,0.0203260553358184
4200.0,740.682525772319,3.2581682,40.912663,0.0206708591872549
4200.0,740.6911142539109,3.2610555,40.975075,0.0210156635686575
4200.0,740.6835388169487,3.2643838,40.875229,0.0213604678916883
4200.0,740.6904598314165,3.2671909,40.950142,0.0217052719684461
4200.0,740.6832948483836,3.2701986,40.987579,0.0220500761779042
4200.0,740.6917663936683,3.2733667,40.975075,0.0223948808628891
4200.0,740.6827987446912,3.2760534,40.837788,0.0227396848414001
4200.0,740.6895398435463,3.279021,40.900196,0.0230844884898878
4200.0,740.683253954987,3.2817879,40.937637,0.0234292926803092
4200.0,740.7009408330819,3.284595,40.875229,0.0237741016361525
4200.0,740.6975954900821,3.2875223,40.937637,0.0241189125028709
4200.0,740.7032850475,3.2901692,40.875229,0.024463722549986
4200.0,740.696415710384,3.2930164,40.900196,0.0248085328674913
4200.0,740.6963419070556,3.2955828,40.862762,0.0251533431506395
4200.0,740.7041507747998,3.2985904,40.825283,0.0254981536007655
4200.0,740.6975079538922,3.3009565,40.837788,0.0258429644267339
4200.0,740.7049204445026,3.3036032,40.825283,0.0261877752351544
4200.0,740.6982165809786,3.3062499,40.850254,0.0265325863910041
4200.0,740.7065909736186,3.3091371,40.887695,0.0268773979770845
4200.0,740.6988884284467,3.3114631,40.887695,0.0272222094456938
4200.0,740.7050989122607,3.3137889,40.812817,0.0275670203371941
4200.0,740.6985309715925,3.3165159,40.787846,0.0279118316393995
4200.0,740.7049306496555,3.3189621,40.80035,0.0282566424525706
4200.0,740.6984959986165,3.3215284,40.850254,0.0286014537384954
4200.0,740.705512867167,3.3238945,40.762875,0.0289462648226987
4200.0,740.6983498689284,3.3261802,40.787846,0.0292910760405969
4200.0,740.6987093399317,3.3286667,40.762875,0.0296358874258366
4200.0,740.7065245791747,3.3313134,40.787846,0.0299806989810092
4200.0,740.6985870382406,3.3333585,40.762875,0.0303255103093149
4200.0,740.7049706034999,3.3357646,40.812817,0.0306703211410852
4200.0,740.6975540840419,3.3379703,40.862762,0.0310151319885282
4200.0,740.7050295149418,3.3402159,40.812817,0.0313599428477228
4200.0,740.6974531567444,3.3426218,40.762875,0.031704753648182
4200.0,740.7034595113225,3.3451083,40.80035,0.032049563776513
4200.0,740.6964957515545,3.3471534,40.812817,0.0323943741312792
4200.0,740.7035094871565,3.3492386,40.80035,0.0327391842828749
4200.0,740.6971576991602,3.3516448,40.837788,0.0330839949457921
4200.0,740.7041596249396,3.3537703,40.812817,0.033428805400038
4200.0,740.6960013690884,3.3559356,40.787846,0.0337736155246583
4200.0,740.6955743080617,3.3581011,40.80035,0.0341184254504725
4200.0,740.7035262840899,3.3602667,40.80035,0.0344632356098874
4200.0,740.6968815407754,3.3625124,40.725437,0.0348080461442469
4200.0,740.7046387169464,3.3646376,40.737942,0.0351528568215183
4200.0,740.6973998366738,3.3665223,40.775379,0.0354976675971558
4200.0,740.7053404663327,3.3687279,40.750408,0.0358424786011036
4200.0,740.6970616546798,3.370733,40.688,0.03618728921931
4200.0,740.7049012061425,3.3729386,40.725437,0.0365321000187747
4200.0,740.6966160390837,3.3749437,40.787846,0.0368769104295373
4200.0,740.7038277261847,3.3769889,40.712971,0.0372217207292787
4200.0,740.6966364002636,3.378994,40.712971,0.0375665311495199
4200.0,740.7044993973494,3.380959,40.737942,0.0379113417619357
4200.0,740.6959234885541,3.3827233,40.675533,0.0382561518503009
4200.0,740.6953253346275,3.3848488,40.712971,0.0386009616602125
4200.0,740.7029654656283,3.386894,40.712971,0.0389457715585569
4200.0,740.6962704962408,3.3889792,40.712971,0.0392905818084618
4200.0,740.703517824622,3.3904631,40.688,0.0396353919639387
4200.0,740.6952371270033,3.3926687,40.700466,0.0399802017327877
4200.0,740.7047422697341,3.3945134,40.725437,0.0403250124582648
4200.0,740.6971978722788,3.3964782,40.700466,0.0406698231398834
4200.0,740.7036744904888,3.3983228,40.700466,0.041014633368291
4200.0,740.6964880978084,3.4001677,40.625591,0.0413594437194941
4200.0,740.7037467808948,3.4020925,40.700466,0.0417042539815541
4200.0,740.6959273704229,3.403897,40.675533,0.0420490640717265
4200.0,740.7030159786227,3.4057417,40.663025,0.0423938739935855
4200.0,740.69545422802,3.4075463,40.675533,0.0427386838634997
4200.0,740.6952727591737,3.409431,40.638058,0.0430834936489363
4200.0,740.7022561478421,3.4111955,40.613125,0.0434283032170811
4200.0,740.6954225997706,3.4129601,40.638058,0.0437731130722717
4200.0,740.7025077117023,3.4147243,40.650558,0.0441179227575238
4200.0,740.6957618071796,3.4163687,40.638058,0.0444627327706228
4200.0,740.7024374598814,3.4183736,40.638058,0.0448075424231715
4200.0,740.6954734906789,3.420018,40.600616,0.0451523523020529
4200.0,740.7028456773938,3.4219828,40.650558,0.0454971621446338
4200.0,740.6955748695556,3.4234264,40.737942,0.0458419720707094
4200.0,740.7040029956775,3.4253113,40.600616,0.0461867824520417
4200.0,740.6968912941826,3.4268751,40.625591,0.0465315929909416
4200.0,740.7039145552608,3.4285996,40.638058,0.0468764033311034
4200.0,740.6982173988295,3.4304042,40.513237,0.0472212144873338
4200.0,740.7042565737197,3.4321284,40.538208,0.0475660249867111
4200.0,740.6977103821763,3.4339731,40.613125,0.0479108359069143
4200.0,740.6979674732268,3.4353366,40.600616,0.0482556469467989
4200.0,740.7040676811304,3.4369407,40.600616,0.0486004573582434
4200.0,740.6967012925534,3.4388254,40.600616,0.0489452678086934
4200.0,740.7042182312416,3.4404697,40.600616,0.0492900782902216
4200.0,740.6980893354763,3.4419935,40.600616,0.0496348893868358
4200.0,740.7037912269525,3.4435174,40.58815,0.0499796996695862
4200.0,740.6969874854761,3.4453218,40.550713,0.0503245102532652
4200.0,740.7036721833681,3.4467657,40.613125,0.0506693204805987
4200.0,740.6965375970426,3.4484098,40.575645,0.0510141308548448
4200.0,740.7051778189655,3.450094,40.563179,0.0513589417830775
4200.0,740.6970633514138,3.4515777,40.575645,0.0517037524020738
4200.0,740.7043378242136,3.4532621,40.58815,0.0520485629392745
4200.0,740.6971422206824,3.4545453,40.550713,0.0523933735949861
4200.0,740.6964398313997,3.4561894,40.563179,0.0527381839237202
4200.0,740.7049329934446,3.4578335,40.563179,0.0530829947379825
4200.0,740.6963932251466,3.4592371,40.563179,0.0534278050450203
4200.0,740.7032340584423,3.4608412,40.538208,0.0537726150683992
4200.0,740.695563370596,3.4623652,40.488304,0.0541174249891217
4200.0,740.7035324731056,3.4638488,40.550713,0.0544622351514178
4200.0,740.6954480513574,3.465493,40.613125,0.0548070450184567
4200.0,740.7017029710022,3.4670169,40.563179,0.0551518543290882
4200.0,740.6958015774862,3.4683402,40.500771,0.0554966643607012
4200.0,740.70404758823,3.4700243,40.638058,0.0558414747627921
4200.0,740.697368183996,3.4713478,40.488304,0.0561862855236946
4200.0,740.7044777785701,3.4727514,40.538208,0.0565310961260465
4200.0,740.6974348829218,3.4741149,40.575645,0.0568759069179988
4200.0,740.6978979423267,3.4758391,40.550713,0.0572207179255152
4200.0,740.7047662932844,3.4772828,40.488304,0.0575655286621757
4200.0,740.6969871676903,3.4785662,40.513237,0.0579103392457068
4200.0,740.704468000713,3.4800498,40.538208,0.0582551498435069
4200.0,740.6971643763353,3.481333,40.613125,0.0585999605095324
4200.0,740.705407471095,3.4830976,40.538208,0.0589447715446721
4200.0,740.6978483209377,3.4843407,40.500771,0.0592895825290888
4200.0,740.7038642498327,3.4857843,40.488304,0.0596343928458326
4200.0,740.6972370688774,3.4873083,40.475796,0.0599792035456981
4200.0,740.7039850512908,3.4885514,40.463329,0.060324013918677
4200.0,740.6965993521189,3.4899549,40.488304,0.0606688243216715
4200.0,740.7028094467739,3.4913585,40.550713,0.0610136341473864
4200.0,740.6970807219375,3.4927218,40.525742,0.061358444774469
4200.0,740.69592968976,3.4942057,40.500771,0.0617032548657211
4200.0,740.703507729321,3.4954889,40.500771,0.0620480650164984
4200.0,740.6959909198825,3.497133,40.475796,0.0623928751362544
4200.0,740.7036219877791,3.498296,40.475796,0.0627376853402211
4200.0,740.6956369420469,3.4995792,40.500771,0.0630824952951927
4200.0,740.7035068137988,3.5008223,40.488304,0.0634273054455439
4200.0,740.6949455878283,3.5023062,40.463329,0.0637721150786751
4200.0,740.7036376250707,3.5038702,40.438362,0.0641169252899212
4200.0,740.6961068495228,3.5048325,40.400921,0.0644617354636449
4200.0,740.7027581158821,3.5063965,40.475796,0.0648065452654644
4200.0,740.6962280037595,3.5075996,40.500771,0.0651513554955882
4200.0,740.7047432707308,3.5090032,40.513237,0.0654961662215312
4200.0,740.6968247050692,3.5100858,40.488304,0.0658409767294324
4200.0,740.6975625312617,3.5115294,40.463329,0.0661857875808077
4200.0,740.7054151371964,3.512893,40.463329,0.0665305986195161
4200.0,740.6984057280123,3.5141761,40.488304,0.0668754098634179
4200.0,740.7049890239754,3.5154996,40.363483,0.0672202207037633
4200.0,740.6980213792708,3.5165021,40.438362,0.0675650317687424
4200.0,740.7050477523052,3.5178657,40.413387,0.0679098426364268
4200.0,740.6974024124062,3.5191088,40.413387,0.0682546534132633
4200.0,740.7059393343084,3.5205123,40.388416,0.0685994646959944
4200.0,740.697051986759,3.5215149,40.450829,0.0689442753097002
4200.0,740.7051505238767,3.5229585,40.500771,0.0692890862252265
4200.0,740.6988722908255,3.5239208,40.450829,0.0696338976863235
4200.0,740.7046785608749,3.5252442,40.413387,0.069978708382143
4200.0,740.6983316683525,3.5268884,40.475796,0.0703235195915684
4200.0,740.6978770317903,3.5277305,40.438362,0.0706683305893506
4200.0,740.7047387296218,3.5292144,40.413387,0.0710131413131796
4200.0,740.6970239229123,3.530257,40.425896,0.0713579519138211
4200.0,740.7053994266446,3.5315001,40.326008,0.0717027629452159
4200.0,740.6962107064953,3.5326631,40.463329,0.0720475731672874
4200.0,740.7043063664671,3.5338259,40.450829,0.072392383689844
4200.0,740.6964203612533,3.5351894,40.400921,0.0727371940095143
4200.0,740.7041647885812,3.536232,40.413387,0.0730820044661641
4200.0,740.6963663942024,3.5375154,40.338512,0.0734268147607115
4200.0,740.7050748887104,3.5388787,40.438362,0.0737716256410284
4200.0,740.6963237797329,3.5398812,40.400921,0.0741164359157379
4200.0,740.7042080138872,3.5407636,40.413387,0.0744612463925098
4200.0,740.6973321978448,3.5422072,40.438362,0.0748060571366599
4200.0,740.6972898640583,3.5434504,40.438362,0.0751508678611027
4200.0,740.7043806467035,3.5444529,40.425896,0.0754956784182381
4200.0,740.6980268479717,3.545696,40.425896,0.075840489485763
4200.0,740.705367724753,3.5467386,40.301033,0.0761853005024
4200.0,740.6970159517256,3.5481021,40.363483,0.0765301110993307
4200.0,740.704660946044,3.5491047,40.350979,0.0768749217869502
4200.0,740.6975834662264,3.5502274,40.400921,0.0772197326480712
4200.0,740.7048648900736,3.5515108,40.438362,0.0775645434306301
4200.0,740.6983510529741,3.552393,40.363483,0.0779093546490795
4200.0,740.7069179529029,3.5535159,40.350979,0.0782541663873743
4200.0,740.6996050388893,3.554759,40.388416,0.0785989781895814
4200.0,740.7064739563411,3.5559621,40.363483,0.0789437897211882
4200.0,740.7002553777103,3.5569243,40.388416,0.0792886018261423
4200.0,740.7016943358291,3.5579269,40.338512,0.0796334146009626
4200.0,740.7083360148254,3.5589697,40.37595,0.0799782269993895
4200.0,740.701031668009,3.5601726,40.326008,0.0803230394657236
4200.0,740.7083112832423,3.5613356,40.350979,0.0806678518526375
4200.0,740.70055482695,3.5621777,40.363483,0.0810126640969916
4200.0,740.7072797957012,3.5634611,40.28857,0.0813574760037304
4200.0,740.6996677826996,3.5647442,40.37595,0.0817022878351462
4200.0,740.7060998699071,3.5655463,40.363483,0.0820470991926094
4200.0,740.7001671212422,3.5665088,40.350979,0.0823919112564781
4200.0,740.7059742954601,3.567471,40.251133,0.0827367225554842
4200.0,740.700146808855,3.5687945,40.28857,0.083081534609897
4200.0,740.7078498549236,3.5698371,40.400921,0.0834263467820081
4200.0,740.700107783127,3.5708396,40.363483,0.0837711588182537
4200.0,740.6987852184544,3.5717218,40.37595,0.0841159702388166
4200.0,740.7068161335349,3.5727243,40.313541,0.0844607819297127
4200.0,740.7023531707008,3.5737269,40.388416,0.0848055950112351
4200.0,740.7093807225831,3.57493,40.338512,0.0851504078959912
4200.0,740.7012231100153,3.5755715,40.276104,0.0854952204514457
4200.0,740.710279384734,3.5766945,40.363483,0.0858400337545445
4200.0,740.7023083588568,3.5776169,40.28857,0.086184846815206
4200.0,740.7093311739809,3.5786996,40.276104,0.0865296596768965
4200.0,740.7020990459166,3.5798223,40.326008,0.0868744726401182
4200.0,740.7087117737099,3.5807447,40.338512,0.0872192852134673
4200.0,740.7005396902771,3.5815868,40.350979,0.087564097450775
4200.0,740.7077703134847,3.5825093,40.350979,0.0879089095858582
4200.0,740.7004153256953,3.5833514,40.301033,0.0882537217652715
4200.0,740.7005731008364,3.5844741,40.251133,0.0885985340181326
4200.0,740.7079197894029,3.585557,40.326008,0.0889433462227994
4200.0,740.7006649949026,3.586359,40.313541,0.0892881585184391
4200.0,740.7074096059124,3.5871611,40.276104,0.0896329704856068
4200.0,740.7000093339508,3.5882437,40.313541,0.0899777824760221
4200.0,740.7077190802562,3.5892863,40.301033,0.0903225945872554
4200.0,740.7002623723002,3.5899682,40.28857,0.0906674066954656
4200.0,740.7081770905672,3.5908504,40.301033,0.0910122190199105
4200.0,740.6992042961441,3.5919731,40.28857,0.0913570306355631
4200.0,740.7065522282862,3.5925345,40.28857,0.0917018422036068
4200.0,740.6995057107019,3.5934169,40.326008,0.0920466539595745
4200.0,740.705881826692,3.5944195,40.313541,0.0923914652155349
4200.0,740.6981325603987,3.5949407,40.326008,0.0927362763322712
4200.0,740.6981130047786,3.5958631,40.176216,0.0930810874399039
4200.0,740.7070645967672,3.5969458,40.276104,0.093425899246464
4200.0,740.6990651122021,3.5975072,40.276104,0.0937707107973235
4200.0,740.7070320282105,3.5985899,40.28857,0.0941155225887223
4200.0,740.6986718523069,3.5991914,40.238625,0.0944603339565107
4200.0,740.7064490294829,3.6001139,40.276104,0.0948051454765136
4200.0,740.6983546174407,3.6008356,40.238625,0.0951499566966223
4200.0,740.7074090688416,3.601758,40.28857,0.09549476866354
4200.0,740.7010491728503,3.6027606,40.301033,0.095839581138023
4200.0,740.7082705847224,3.6033218,40.326008,0.096184393505991
4200.0,740.6995211403871,3.6041238,40.251133,0.0965292052691415
4200.0,740.7064350401365,3.6050062,40.28857,0.0968740167826322
4200.0,740.6983046908638,3.6057279,40.28857,0.097218827979499
4200.0,740.7001058789183,3.6064498,40.213692,0.0975636400148581
4200.0,740.7073606676926,3.6070914,40.213692,0.0979084519592442
4200.0,740.6993133898378,3.6080139,40.276104,0.0982532636256823
4200.0,740.7054520880378,3.6087356,40.276104,0.0985980746815919
4200.0,740.7002667179368,3.6093371,40.276104,0.0989428867918251
4200.0,740.7090410967832,3.6100991,40.213692,0.0992876995184797
4200.0,740.6999101522312,3.6106606,40.326008,0.0996325114627237
4200.0,740.7061936699184,3.6113822,40.28857,0.0999773228638524
4200.0,740.699787179221,3.6124249,40.263599,0.1003221347508498
4200.0,740.7082570348348,3.6128259,40.276104,0.1006669471125101
4200.0,740.7000258743456,3.6135077,40.350979,0.1010117591106254
4200.0,740.707247166137,3.61443,40.226158,0.1013565710021745
4200.0,740.6993775130951,3.6151118,40.213692,0.1017013826984635
4200.0,740.6999133870302,3.6155128,40.301033,0.1020461946442134
4200.0,740.7078829117706,3.616395,40.263599,0.102391006831713
4200.0,740.7004913995296,3.6169965,40.276104,0.1027358190465403
4200.0,740.7075019404641,3.6177986,40.28857,0.1030806310566913
4200.0,740.7000634962238,3.61836,40.301033,0.1034254430723203
4200.0,740.7073969961036,3.6190817,40.28857,0.1037702550336179
4200.0,740.699281651661,3.6196833,40.251133,0.1041150666852813
4200.0,740.7074274039194,3.6202848,40.28857,0.1044598786607342
4200.0,740.7007499554624,3.6207259,40.276104,0.104804690995925
4200.0,740.7090854329377,3.6213677,40.251133,0.1051495037432188
4200.0,740.7011059108174,3.6219692,40.226158,0.1054943162441145
4200.0,740.7092574553719,3.6226509,40.263599,0.1058391290714877
4200.0,740.7016642822616,3.623493,40.313541,0.1061839418323175
4200.0,740.7026851271628,3.6239741,40.28857,0.1065287550683728
4200.0,740.7084522507971,3.624656,40.251133,0.1068735675209095
4200.0,740.6993501206059,3.6249766,40.301033,0.1072183792044466
4200.0,740.7087728580302,3.625859,40.201187,0.1075631918062315
4200.0,740.7005538747817,3.6263001,40.263599,0.1079080040501424
4200.0,740.7080645533912,3.6270218,40.313541,0.1082528163221993
4200.0,740.7021549294033,3.6277037,40.276104,0.108597629311436
4200.0,740.7082146396406,3.6280646,40.276104,0.1089424416533607
4200.0,740.7005050225404,3.6285858,40.251133,0.1092872538745298
4200.0,740.7072486797633,3.6293077,40.326008,0.1096320657667836
4200.0,740.7004697932331,3.6298289,40.176216,0.1099768779715527
4200.0,740.7064557433296,3.6305909,40.226158,0.1103216894946811
4200.0,740.7001774239419,3.6308715,40.238625,0.1106665015633459
4200.0,740.6999225911194,3.6315935,40.238625,0.1110113135133805
4200.0,740.705871365218,3.6321149,40.276104,0.1113561247644709
4200.0,740.6992378286661,3.6326761,40.213692,0.1117009363957336
4200.0,740.7069729459347,3.6332376,40.176216,0.1120457481596286
4200.0,740.6993301622379,3.6337991,40.28857,0.1123905598338747
4200.0,740.7066741038861,3.6342802,40.238625,0.1127353714586536
4200.0,740.7008560951167,3.6349621,40.313541,0.1130801838432547
4200.0,740.708274698574,3.6355233,40.263599,0.1134249962131378
4200.0,740.6993857772173,3.6359646,40.238625,0.1137698079132738
4200.0,740.7082242099698,3.6363657,40.263599,0.1141146202596536
4200.0,740.7017341306536,3.6370473,40.238625,0.1144594330529993
4200.0,740.7090463335314,3.6376889,40.251133,0.1148042457820917
4200.0,740.7009805208334,3.6381702,40.238625,0.1151490582246157
4200.0,740.7074375602023,3.6384909,40.226158,0.1154938702047965
4200.0,740.6996512422793,3.6392128,40.263599,0.1158386820285124
4200.0,740.7000102372112,3.6396539,40.251133,0.1161834940193481
4200.0,740.7082427769785,3.6402555,40.226158,0.1165283063743712
4200.0,740.7013921766288,3.6406965,40.201187,0.1168731190085299
4200.0,740.7078082043025,3.6412179,40.276104,0.1172179311612519
4200.0,740.700390020589,3.6414986,40.213692,0.1175627433288852
4200.0,740.7079404071344,3.6421001,40.238625,0.1179075555431499
4200.0,740.7002290350771,3.6428218,40.28857,0.1182523676358408
4200.0,740.7082912025818,3.6434636,40.28857,0.1185971800134068
4200.0,740.7025363363068,3.6437442,40.176216,0.1189419931801968
4200.0,740.7093071016117,3.6444662,40.201187,0.1192868060306811
4200.0,740.7016591187487,3.6449473,40.201187,0.1196316187891072
4200.0,740.7083365396948,3.6454687,40.151283,0.1199764311877784
4200.0,740.7013753676246,3.6460299,40.188721,0.1203212438141121
4200.0,740.7001507882966,3.646431,40.188721,0.1206660558703775
4200.0,740.7088156805075,3.646832,40.263599,0.121010868492097
4200.0,740.7027347973572,3.6474335,40.251133,0.1213556817512748
4200.0,740.7097695430392,3.647594,40.251133,0.1217004948170336
4200.0,740.7016571412038,3.6484761,40.16375,0.1220453075745391
4200.0,740.7099557501973,3.6486366,40.226158,0.1223901207269805
4200.0,740.7018931507962,3.6491981,40.28857,0.1227349335943535
4200.0,740.7074792474534,3.6498797,40.276104,0.1230797455939405
4200.0,740.7002917422577,3.6502006,40.276104,0.1234245577158231
4200.0,740.7093079561264,3.6508422,40.251133,0.1237693705667052
4200.0,740.7028221869898,3.6512833,40.251133,0.1241141838665649
4200.0,740.7094163551758,3.6517646,40.251133,0.1244589967679087
4200.0,740.7019276477647,3.6522858,40.226158,0.1248038096513408
4200.0,740.7012100363227,3.6527269,40.213692,0.1251486222007092
4200.0,740.7079396992424,3.6532884,40.226158,0.1254934344146444
4200.0,740.7005398611988,3.6536493,40.28857,0.1258382466520317
4200.0,740.7072052346767,3.6539702,40.301033,0.1261830585240611
4200.0,740.7007662395769,3.6548524,40.213692,0.1265278708668324
4200.0,740.7079368671629,3.655093,40.213692,0.1268726830794492
4200.0,740.7014846078116,3.6559751,40.301033,0.1272174957566366
4200.0,740.7090979940941,3.656296,40.238625,0.1275623085097779
4200.0,740.7011844748595,3.6563761,40.176216,0.1279071210472469
4200.0,740.7076807500307,3.6571381,40.313541,0.1282519331406368
4200.0,740.7025408651431,3.6576195,40.201187,0.128596746309535
4200.0,740.7097950314993,3.6582208,40.251133,0.1289415593871591
4200.0,740.7010893704227,3.6586621,40.226158,0.1292863718803549
4200.0,740.7011529809149,3.6591432,40.201187,0.1296311844031628
4200.0,740.7084493820875,3.6595042,40.263599,0.129975996854364
4200.0,740.7020055404238,3.6597447,40.238625,0.1303208097740569
4200.0,740.7095682114876,3.6603062,40.251133,0.1306656227460924
4200.0,740.7017814936098,3.6609478,40.263599,0.1310104355614866
4200.0,740.7095595810068,3.6613889,40.201187,0.1313552485295045
4200.0,740.7029200016684,3.6616697,40.213692,0.131700061874899
4200.0,740.7098647949018,3.6620305,40.226158,0.1320448749849992
4200.0,740.7019479358258,3.662672,40.213692,0.1323896878778759
4200.0,740.7094433206576,3.6632335,40.238625,0.1327345007917725
4200.0,740.7022319554317,3.6636345,40.226158,0.1330793138168665
4200.0,740.7082170811184,3.6639154,40.37595,0.1334241261599277
4200.0,740.6998774984389,3.664156,40.151283,0.1337689380889707
4200.0,740.6981460368648,3.6647575,40.263599,0.1341137492119807
4200.0,740.706982528491,3.6653991,40.263599,0.1344585609803365
4200.0,740.7000323806501,3.6658401,40.251133,0.1348033729814805
4200.0,740.7075580808979,3.6664016,40.226158,0.1351481850177658
4200.0,740.700652299683,3.6664817,40.213692,0.1354929973074957
4200.0,740.7076642827042,3.6672838,40.263599,0.1358378093932198
4200.0,740.6995803807378,3.6677651,40.251133,0.136182621183948
4200.0,740.7075022578567,3.6682463,40.263599,0.1365274331942467
4200.0,740.7000388503504,3.6685269,40.176216,0.1368722451984025
4200.0,740.7068983604561,3.6689279,40.263599,0.1372170569275767
4200.0,740.6999044149975,3.6696899,40.176216,0.1375618688691499
4200.0,740.7068564901567,3.6700108,40.28857,0.1379066805788328
4200.0,740.6997508878305,3.6703715,40.176216,0.1382514924489358
4200.0,740.7018641227078,3.6707726,40.251133,0.1385963053027956
4200.0,740.7085967095175,3.6713741,40.276104,0.1389411178225804
4200.0,740.7017893183544,3.6715345,40.201187,0.1392859306416172
4200.0,740.7097628047383,3.6722164,40.263599,0.1396307437042391
4200.0,740.7014896737134,3.6725771,40.213692,0.1399755563837849
4200.0,740.7087734317313,3.6729782,40.213692,0.1403203689858368
4200.0,740.7024921104618,3.6733792,40.251133,0.1406651821320386
4200.0,740.7100015878021,3.6740611,40.301033,0.1410099953058182
4200.0,740.7032517138981,3.6743016,40.226158,0.141354808805632
4200.0,740.7088930490551,3.6747427,40.238625,0.1416996214633678
4200.0,740.6996703828477,3.6751037,40.301033,0.142044433295994
4200.0,740.7085734062781,3.6757452,40.176216,0.1423892458049306
4200.0,740.7001398141626,3.6762667,40.213692,0.1427340578560873
4200.0,740.699086950504,3.6764269,40.226158,0.143078869417113
4200.0,740.7075859741035,3.6769884,40.301033,0.1434236814663831
4200.0,740.7004878716416,3.6774697,40.238625,0.1437684936795681
4200.0,740.7086451473989,3.6779509,40.213692,0.1441133062219015
4200.0,740.7008193765245,3.6781514,40.251133,0.1444581185894092
4200.0,740.7087316223627,3.6785524,40.238625,0.1448029311719982
4200.0,740.7019466784438,3.6792741,40.226158,0.1451477440642896
4200.0,740.7096024645683,3.6797554,40.238625,0.1454925570522704
4200.0,740.7020624737665,3.679956,40.226158,0.145837369998467
4200.0,740.7091751551393,3.6805575,40.301033,0.1461821827875281
4200.0,740.7006478685089,3.6808782,40.226158,0.1465269950751951
4200.0,740.7083222086294,3.6812391,40.238625,0.146871807467195
4200.0,740.7002936220894,3.6818407,40.276104,0.1472166195899526
4200.0,740.7020898418531,3.6821616,40.263599,0.1475614325488896
4200.0,740.7097028556951,3.6827228,40.263599,0.1479062455836043
4200.0,740.7024018765,3.6829636,40.251133,0.1482510586878003
4200.0,740.7093115449551,3.6834848,40.276104,0.1485958715403531
4200.0,740.7012064475301,3.6835248,40.238625,0.1489406840880509
4200.0,740.7086099787192,3.6840863,40.313541,0.1492854966140126
4200.0,740.7013167496723,3.6846879,40.238625,0.1496303092130584
4200.0,740.7077488290115,3.6847279,40.213692,0.1499751213381402
4200.0,740.6998579674774,3.6854899,40.251133,0.1503199332580911
4200.0,740.7095004986031,3.6858108,40.213692,0.1506647461986051
4200.0,740.7017676508974,3.6862519,40.176216,0.1510095590075552
4200.0,740.7087973820854,3.6867731,40.251133,0.1513543716207565
4200.0,740.7018858266409,3.6872144,40.238625,0.15169918448472
4200.0,740.7003154726438,3.687495,40.301033,0.1520439966176495
4200.0,740.70756075423,3.6879761,40.276104,0.1523888086551793
4200.0,740.6999139608278,3.6884174,40.263599,0.1527336206011963
4200.0,740.7077911753997,3.6888986,40.263599,0.1530784327459911
4200.0,740.7007913248536,3.6893396,40.226158,0.1534232451004402
4200.0,740.7071769875507,3.6897407,40.251133,0.1537680569593201
4200.0,740.7001126171002,3.6901817,40.28857,0.1541128689978159
4200.0,740.7081045926972,3.6903422,40.263599,0.1544576812885118
4200.0,740.7007659831688,3.6907032,40.238625,0.1548024936311638
4200.0,740.7087617617198,3.6914248,40.301033,0.1551473062277832
4200.0,740.6993874373729,3.6916254,40.28857,0.155492117928692
4200.0,740.7079575703304,3.6920667,40.151283,0.1558369301509465
4200.0,740.7002320990312,3.6925879,40.28857,0.1561817422450638
4200.0,740.7005559377619,3.6927483,40.251133,0.1565265544899351
4200.0,740.7093408176727,3.6932697,40.226158,0.1568713673561149
4200.0,740.701863463475,3.6936705,40.226158,0.1572161802096679
4200.0,740.7110534367151,3.6941118,40.201187,0.1575609938731011
4200.0,740.7039066181084,3.6943123,40.251133,0.1579058076777871
4200.0,740.710274160085,3.6948335,40.238625,0.1582506209784537
4200.0,740.7023447113053,3.6953549,40.276104,0.158595434056038
4200.0,740.7113690268527,3.6956756,40.263599,0.1589402478663839
4200.0,740.7053734569507,3.6960766,40.276104,0.1592850623539153
4200.0,740.7119008046044,3.6963575,40.238625,0.1596298764118127
4200.0,740.7031675956175,3.696919,40.263599,0.1599746898724676
4200.0,740.7095883410053,3.6969991,40.326008,0.1603195028538738
4200.0,740.7009899934042,3.6976407,40.201187,0.1606643153008074
4200.0,740.7019945053086,3.6981218,40.251133,0.1610091282153632
4200.0,740.7107223558831,3.6984427,40.238625,0.1613539417246727
4200.0,740.7026657668928,3.6988037,40.251133,0.1616987549517154
4200.0,740.7097873287934,3.6991243,40.263599,0.1620435680257537
4200.0,740.7020890850603,3.6996057,40.28857,0.1623883809843385
4200.0,740.7083484660146,3.7000067,40.263599,0.1627331933885616
4200.0,740.7028528754896,3.7001269,40.301033,0.1630780067027074
4200.0,740.7112950639834,3.7008088,40.226158,0.1634228204786222
4200.0,740.7033616743504,3.7012498,40.251133,0.163767634029625
4200.0,740.7099637945453,3.7016509,40.301033,0.1641124471858112
4200.0,740.7017662593258,3.7018113,40.188721,0.1644572599941135
4200.0,740.7084397995823,3.702132,40.276104,0.164802072440854
4200.0,740.7013835828134,3.7026534,40.276104,0.165146885071012
4200.0,740.7017442868599,3.7029741,40.213692,0.1654916978690857
4200.0,740.7094575418326,3.7034955,40.251133,0.1658365107896026
4200.0,740.7008407876244,3.7036159,40.263599,0.1661813231670777
4200.0,740.7101823382524,3.7040169,40.251133,0.1665261364249997
4200.0,740.7026904738499,3.7046986,40.28857,0.166870949663544
4200.0,740.7093558567834,3.7047787,40.238625,0.1672157625367248
4200.0,740.701079592536,3.7051797,40.263599,0.1675605750253687
4200.0,740.708188614263,3.7054605,40.201187,0.1679053873551781
4200.0,740.7016506102663,3.7058616,40.226158,0.1682502001096433
4200.0,740.7080537500703,3.7063427,40.251133,0.1685950123766711
4200.0,740.7007358076899,3.7065833,40.238625,0.1689398247052757
4200.0,740.7103349391887,3.7072651,40.238625,0.1692846380342361
4200.0,740.7023693573834,3.7073853,40.28857,0.1696294511232937
4200.0,740.7025848588294,3.7079868,40.313541,0.1699742643126719
4200.0,740.7107719044853,3.7081072,40.263599,0.1703190778450471
4200.0,740.7036297396115,3.7085483,40.238625,0.1706638915208401
4200.0,740.7102988550635,3.7089093,40.213692,0.1710087048330027
4200.0,740.7015263190463,3.7092702,40.276104,0.1713535175296076
4200.0,740.709886120781,3.709671,40.151283,0.1716983306496353
4200.0,740.7020983743802,3.7099519,40.201187,0.1720431436125444
4200.0,740.7092417691208,3.7103128,40.238625,0.1723879564326154
4200.0,740.7031746026903,3.7107139,40.301033,0.1727327698965322
4200.0,740.7102214619083,3.7109945,40.16375,0.173077583172667
4200.0,740.7035291297673,3.7112751,40.251133,0.1734223968016239
4200.0,740.7112150708587,3.7116761,40.251133,0.1737672105403006
4200.0,740.703428678362,3.7121975,40.251133,0.1741120241224952
4200.0,740.7042149662492,3.7125185,40.263599,0.1744568380707239
4200.0,740.7122389779647,3.712759,40.201187,0.1748016522860469
4200.0,740.7032897384221,3.7132401,40.263599,0.1751464658035619
4200.0,740.7094908915926,3.7133605,40.188721,0.1754912787396037
4200.0,740.7024646816498,3.7136011,40.28857,0.1758360918730368
4200.0,740.7097588496597,3.7140822,40.226158,0.1761809049338177
4200.0,740.7027929025954,3.7147238,40.226158,0.1765257182200448
4200.0,740.7103617582524,3.7148843,40.28857,0.1768705315614899
4200.0,740.7025493366889,3.7154057,40.213692,0.1772153447343318
4200.0,740.7098506469358,3.7155259,40.138779,0.1775601578378458
4200.0,740.7033250046148,3.7157667,40.201187,0.177904971371778
4200.0,740.7107557789034,3.7163279,40.251133,0.1782497848966464
4200.0,740.7029779237581,3.7165284,40.226158,0.178594598269005
4200.0,740.710226637649,3.7170899,40.263599,0.1789394115475491
4200.0,740.7029247746348,3.7172503,40.251133,0.1792842248951655
4200.0,740.7028710514069,3.7174909,40.263599,0.1796290382177726
4200.0,740.7116773536922,3.7178519,40.226158,0.1799738521716499
4200.0,740.7030065857028,3.7184134,40.251133,0.1803186655573512
4200.0,740.7097689084585,3.7184134,40.188721,0.1806634786228145
4200.0,740.7023599455893,3.7188144,40.201187,0.1810082917074908
4200.0,740.7081995393431,3.7192154,40.151283,0.181353104042386
4200.0,740.7016361573824,3.719456,40.201187,0.181697916790123
4200.0,740.7098600098651,3.7196965,40.176216,0.1820427298979956
4200.0,740.7026904859233,3.7203782,40.238625,0.1823875431365456
4200.0,740.7086875061677,3.7202981,40.188721,0.1827323556985977
4200.0,740.7007113080283,3.7208595,40.226158,0.1830771680157972
4200.0,740.7086122613985,3.7208595,40.16375,0.1834219805428216
4200.0,740.7011293118172,3.7214208,40.101341,0.183766793054611
4200.0,740.7017097774086,3.7217817,40.151283,0.1841116058366197
4200.0,740.709328158802,3.7221828,40.188721,0.1844564186969066
4200.0,740.7020494491352,3.7225037,40.201187,0.18480123163704
4200.0,740.710704801932,3.7230248,40.213692,0.1851460451381777
4200.0,740.7033811323082,3.7229848,40.176216,0.1854908586982386
4200.0,740.7091184897082,3.7235062,40.201187,0.1858356714609209
4200.0,740.7011981222474,3.7237468,40.16375,0.1861804840047431
4200.0,740.7102030049433,3.7240677,40.188721,0.1865252972722857
4200.0,740.7017916622477,3.7243483,40.226158,0.1868701100924137
4200.0,740.7087996039362,3.7247493,40.151283,0.1872149227066492
4200.0,740.7031376762396,3.7248294,40.263599,0.187559736153376
4200.0,740.7106913986927,3.7253108,40.201187,0.1879045496482743
4200.0,740.7027875800297,3.7257118,40.188721,0.1882493629320237
4200.0,740.7024228358163,3.7257118,40.16375,0.1885941760459767
4200.0,740.7104234773581,3.7264736,40.16375,0.1889389894161531
4200.0,740.7027974680615,3.7265139,40.188721,0.1892838027045056
4200.0,740.7106505658539,3.7267544,40.226158,0.1896286161803955
4200.0,740.7022589451473,3.7274361,40.201187,0.1899734292180538
4200.0,740.71061766778,3.7276766,40.138779,0.1903182426786292
4200.0,740.7015486943881,3.7279174,40.16375,0.1906630553856503
4200.0,740.7099592659704,3.728158,40.16375,0.1910078685397283
4200.0,740.7033116378843,3.7284787,40.188721,0.191352682067438
4200.0,740.7102132099044,3.7287595,40.251133,0.1916974953397313
4200.0,740.70190622454,3.72892,40.176216,0.1920423082131905
4200.0,740.7081679351403,3.7295213,40.276104,0.1923871205333734
4200.0,740.7016944090885,3.7296016,40.113808,0.1927319333082279
4200.0,740.7034230267426,3.7298422,40.201187,0.1930767468877915
4200.0,740.7092178552945,3.7302833,40.188721,0.1934215596967302
4200.0,740.7016847535737,3.7305238,40.188721,0.1937663724670899
4200.0,740.7096901846485,3.7308447,40.188721,0.1941111854959059
4200.0,740.7017795893755,3.7311254,40.16375,0.1944559983104137
4200.0,740.7086017511696,3.7314863,40.201187,0.1948008108325454
4200.0,740.7009694491396,3.7318072,40.138779,0.1951456232699152
4200.0,740.7097208366735,3.7321279,40.126312,0.1954904363130003
4200.0,740.7022072850531,3.7323284,40.151283,0.1958352493266097
4200.0,740.7112902180158,3.7325692,40.176216,0.1961800631002687
4200.0,740.7031826591333,3.7330503,40.188721,0.196524876567936
4200.0,740.7092313686287,3.7332909,40.176216,0.1968696893831654
4200.0,740.7022269017057,3.7334514,40.188721,0.1972145024059068
4200.0,740.7008446938577,3.7336919,40.226158,0.1975593147852003
4200.0,740.7093563451507,3.7340529,40.151283,0.1979041276586084
4200.0,740.7016669919918,3.7342935,40.188721,0.1982489404206996
4200.0,740.711094342763,3.7346945,40.201187,0.1985937541031753
4200.0,740.7045595814545,3.734935,40.126312,0.19893856821183
4200.0,740.7122449594141,3.735256,40.226158,0.1992833824299374
4200.0,740.7044370721991,3.7354965,40.126312,0.1996281964815613
4200.0,740.7111785609342,3.7358575,40.113808,0.199973010203242
4200.0,740.7050355312754,3.7360179,40.188721,0.2003178245334616
4200.0,740.7120136837297,3.7361782,40.16375,0.2006626386439063
4200.0,740.7054593818035,3.7366595,40.088875,0.2010074531714376
4200.0,740.7125031517232,3.7367396,40.138779,0.2013522675097379
4200.0,740.7047658792205,3.7371407,40.113808,0.2016970817144287
4200.0,740.7034424724224,3.7377422,40.113808,0.2020418953030447
4200.0,740.7091265706351,3.7378626,40.126312,0.2023867080694888
4200.0,740.7018941883998,3.7380228,40.113808,0.2027315209373449
4200.0,740.7096402333199,3.7382636,40.126312,0.2030763339429078
4200.0,740.7021642191324,3.7385042,40.201187,0.2034211469364691
4200.0,740.7092667327371,3.7387447,40.138779,0.2037659597681611
4200.0,740.7010192412199,3.7389853,40.138779,0.2041107722287102
4200.0,740.7083748088359,3.7393062,40.188721,0.2044555846451964
4200.0,740.7012527854167,3.7397072,40.151283,0.2048003972144654
4200.0,740.7096080797679,3.7398677,40.188721,0.2051452102050603
4200.0,740.7017523187977,3.7400682,40.138779,0.205490023006873
4200.0,740.709608824597,3.7404289,40.101341,0.2058348359978146
4200.0,740.7011652975591,3.7407899,40.101341,0.2061796485263561
4200.0,740.702379269204,3.7411509,40.138779,0.2065244616200279
4200.0,740.7092847749532,3.7414315,40.151283,0.2068692744601188
4200.0,740.7016420656656,3.7415919,40.101341,0.2072140872106063
4200.0,740.70794196949,3.7417924,40.07637,0.2075588994255983
4200.0,740.7003702333218,3.7421935,40.126312,0.2079037115840201
4200.0,740.7079026137241,3.742434,40.07637,0.2082485237806914
4200.0,740.7005230036959,3.7425144,40.138779,0.2085933360102311
4200.0,740.7086698667805,3.742835,40.126312,0.2089381485640718
4200.0,740.7023780847745,3.743156,40.088875,0.2092829616571922
4200.0,740.7101134170351,3.7434766,40.151283,0.2096277748830302
4200.0,740.7015356087753,3.7437575,40.113808,0.2099725875839597
4200.0,740.7103622953233,3.743958,40.038929,0.2103174009256548
4200.0,740.7013230117701,3.7441986,40.113808,0.2106622135276157
4200.0,740.7006406907702,3.7442386,40.138779,0.2110070258119414
4200.0,740.7076193483176,3.7445595,40.088875,0.2113518378767477
4200.0,740.7015375372589,3.7449605,40.126312,0.2116966505785749
4200.0,740.7084768603906,3.7451208,40.051395,0.2120414630425678
4200.0,740.700628019851,3.7454417,40.038929,0.2123862753209949
4200.0,740.7079625021945,3.7456422,40.101341,0.2127310875455452
4200.0,740.6987475721734,3.7460833,40.026463,0.2130758989485829
4200.0,740.706625385498,3.7461233,40.126312,0.2134207105506826
4200.0,740.6996483614228,3.7461233,40.101341,0.2137655223730573
4200.0,740.7072859112905,3.7464042,40.07637,0.214110334282643
4200.0,740.6989803834687,3.7467651,40.16375,0.2144551457940595
4200.0,740.706682831979,3.7472863,40.013962,0.2147999574229014
4200.0,740.6985332543894,3.7474067,39.988987,0.2151447687261695
4200.0,740.6986642232705,3.7474468,40.026463,0.2154895800904065
4200.0,740.7058085107327,3.7479279,40.013962,0.215834391312237
4200.0,740.7000170973048,3.7482488,40.051395,0.2161792033062663
4200.0,740.7083318523723,3.7485697,40.113808,0.2165240157027555
4200.0,740.7012073752445,3.7485294,40.038929,0.2168688282508851
4200.0,740.7072750225846,3.7490108,40.088875,0.2172136401554019
4200.0,740.6988260874866,3.7490909,40.051395,0.2175584515949902
4200.0,740.7064757506788,3.7492914,40.063904,0.2179032631274323
4200.0,740.6972615440593,3.7497325,40.07637,0.2182480738386916
4200.0,740.7058851102016,3.7498128,40.113808,0.2185928850961804
4200.0,740.6973214316205,3.7500935,39.988987,0.2189376958353186
4200.0,740.7076720219378,3.7502539,40.051395,0.2192825079246455
4200.0,740.7009045443798,3.7506149,40.07637,0.2196273203318007
4200.0,740.699909273399,3.7508154,39.964054,0.2199721322756356
4200.0,740.7083375529569,3.7508955,40.101341,0.2203169446747785
4200.0,740.7003049379131,3.7513366,40.151283,0.2206617568028039
4200.0,740.7061091351732,3.7515371,40.038929,0.2210065681645802
4200.0,740.6990868407171,3.7517776,40.101341,0.2213513797255548
4200.0,740.7065380676838,3.7520585,40.063904,0.2216961912870065
4200.0,740.6995926610591,3.752259,40.063904,0.2220410030834515
4200.0,740.7076292483179,3.7523792,39.976521,0.2223858151528665
4200.0,740.6998848228501,3.7527001,40.001495,0.2227306270853191
4200.0,740.7074552727474,3.7528605,40.038929,0.2230754390737455
4200.0,740.6996007663588,3.7530208,40.051395,0.2234202508739637
4200.0,740.7064936341474,3.7534621,39.988987,0.2237650624147308
4200.0,740.6999703328046,3.7538228,39.939083,0.2241098743869903
4200.0,740.6994758401552,3.7539032,39.976521,0.2244546861290526
4200.0,740.7062628346542,3.7539833,40.013962,0.2247994975623786
4200.0,740.699876607252,3.7543042,39.95155,0.2251443094910067
4200.0,740.7079715720319,3.7545047,40.038929,0.2254891217197792
4200.0,740.7007951336292,3.7548254,40.038929,0.2258339340760014
4200.0,740.7081808992277,3.7550662,39.95155,0.2261787464022193
4200.0,740.7013885998074,3.7551062,40.026463,0.2265235590347129
4200.0,740.7067701980365,3.7553468,39.988987,0.2268683707042253
4200.0,740.6988564583412,3.7556274,39.976521,0.2272131821579519
4200.0,740.705242699732,3.7559083,40.001495,0.2275579931163877
4200.0,740.6981678020352,3.7559884,39.988987,0.2279028042495297
4200.0,740.7039802661262,3.7562692,40.001495,0.2282476146202811
4200.0,740.6971080411417,3.7564294,39.95155,0.2285924252600814
4200.0,740.6974957834025,3.7567503,40.001495,0.2289372360803842
4200.0,740.7051139150612,3.7568705,39.926579,0.2292820469788685
4200.0,740.6982459263927,3.7571514,40.038929,0.2296268581483791
4200.0,740.7062696585958,3.7573919,39.976521,0.2299716695848818
4200.0,740.6982313021267,3.7575123,39.95155,0.2303164807475846
4200.0,740.7056938375513,3.7576325,40.038929,0.2306612919160327
4200.0,740.6974642652598,3.7580335,40.038929,0.2310061027216631
4200.0,740.7052501948843,3.7583144,39.964054,0.231350913683588
4200.0,740.6965733878822,3.758635,40.013962,0.2316957240744956
4200.0,740.7052683224854,3.7586751,39.914112,0.2320405350448592
4200.0,740.6968753029013,3.7589159,39.976521,0.2323853455763148
4200.0,740.7050707382032,3.7590761,40.026463,0.2327301564546995
4200.0,740.6970144016383,3.7594771,40.026463,0.2330749670509086
4200.0,740.6977139831191,3.7598381,39.976521,0.2334197779727881
4200.0,740.7057544334533,3.759798,39.964054,0.2337645891694446
4200.0,740.6988262948846,3.759798,39.964054,0.2341094006091295
4200.0,740.7056955705232,3.7601991,39.976521,0.2344542117783843
4200.0,740.6981561809978,3.7606401,39.976521,0.2347990229061166
4200.0,740.7069970669564,3.7606001,39.964054,0.2351438346812403
4200.0,740.6989297125817,3.7611616,40.051395,0.2354886461690684
4200.0,740.7073963858749,3.7610011,39.939083,0.2358334581300819
4200.0,740.6988428964397,3.7613218,39.964054,0.2361782695774951
4200.0,740.7059359407039,3.7615626,39.976521,0.2365230808586464
4200.0,740.6976831359758,3.7614422,40.013962,0.2368678917661659
4200.0,740.7072856430619,3.7617631,39.914112,0.2372127036756267
4200.0,740.6980613937969,3.7625248,39.988987,0.2375575147592334
4200.0,740.6978053157682,3.7622843,39.914112,0.2379023257236303
4200.0,740.7062627244569,3.7624848,39.976521,0.238247137156905
4200.0,740.6991368406046,3.7625248,39.939083,0.2385919487411556
4200.0,740.705422046523,3.7627656,39.939083,0.2389367597830804
4200.0,740.6984849022258,3.7630463,39.939083,0.2392815710638395
4200.0,740.7057935084566,3.7633269,39.926579,0.2396263822786862
4200.0,740.6999686357635,3.7635677,39.926579,0.2399711942501556
4200.0,740.7074575922103,3.7636077,39.914112,0.2403160062396617
4200.0,740.6988546637914,3.7639284,39.95155,0.2406608176925529
4200.0,740.707928395583,3.7642093,39.95155,0.2410056299012261
4200.0,740.7017985465394,3.7642894,39.939083,0.2413504427245588
4200.0,740.7080426782139,3.7646103,39.988987,0.2416952549864324
4200.0,740.6998742885287,3.7647305,39.939083,0.2420400669139812
4200.0,740.7008326209854,3.7650514,39.95155,0.2423848792876545
4200.0,740.7090461015238,3.7651715,39.926579,0.2427296920166389
4200.0,740.7017129882909,3.765332,39.914112,0.2430745048001424
4200.0,740.708875165433,3.7656929,39.926579,0.243419317449553
4200.0,740.7022726167845,3.7656929,39.95155,0.2437641304935758
4200.0,740.7092128749825,3.7655725,39.914112,0.2441089433001961
4200.0,740.7013304093896,3.766094,39.901646,0.2444537559056008
4200.0,740.7081471712978,3.7663746,39.964054,0.2447985682161177
4200.0,740.7004544855362,3.7664549,39.901646,0.2451433804137608
4200.0,740.7075104366515,3.7667756,39.914112,0.2454881924278669
4200.0,740.6996495576699,3.766896,39.914112,0.2458330042507985
4200.0,740.7069108360228,3.7670164,39.901646,0.2461778159857803
4200.0,740.6994279888366,3.7669761,39.914112,0.2465226277055668
4200.0,740.7068816979055,3.7673771,39.889141,0.2468674394269842
4200.0,740.6994924907204,3.7675776,39.914112,0.2472122511767978
4200.0,740.6992042715367,3.7677381,39.876675,0.247557062792439
4200.0,740.7075147825364,3.768019,39.889141,0.2479018748085681
4200.0,740.6998884359942,3.7681391,39.876675,0.2482466867427028
4200.0,740.7076934086967,3.7683396,39.8517,0.2485914988419855
4200.0,740.701001638742,3.76846,39.914112,0.2489363112943403
4200.0,740.70760972908,3.7689412,39.926579,0.2492811233546688
4200.0,740.7018736076078,3.7689011,39.889141,0.249625936212944
4200.0,740.7103251736864,3.7690616,39.864166,0.2499707495373584
4200.0,740.7012116841489,3.7694223,39.876675,0.2503155620874939
4200.0,740.7081914583139,3.7693422,39.914112,0.2506603744186272
4200.0,740.7007668622311,3.7696631,39.839233,0.2510051867616885
4200.0,740.7082892248634,3.7700238,39.914112,0.2513499991383338
4200.0,740.6999524736628,3.7699437,39.901646,0.2516948111022794
4200.0,740.7009197304722,3.7701843,39.8517,0.2520396235165041
4200.0,740.7063056691538,3.7705452,39.988987,0.2523844349697703
4200.0,740.7017960445652,3.7704651,39.814266,0.2527292477919383
4200.0,740.7092500210736,3.7706254,39.876675,0.2530740606158507
4200.0,740.7014633552528,3.7711067,39.876675,0.2534188732831446
4200.0,740.7071591042868,3.7709463,39.864166,0.2537636851336995
4200.0,740.7000109575278,3.7711067,39.814266,0.2541084971248706
4200.0,740.7073561263278,3.7713873,39.839233,0.2544533090671426
4200.0,740.7006943287163,3.7715077,39.876675,0.2547981213764379
4200.0,740.7089143992349,3.7717483,39.839233,0.2551429340441126
4200.0,740.7020298688054,3.7720692,39.801758,0.2554877469751309
4200.0,740.7086842222488,3.7723498,39.814266,0.2558325595356543
4200.0,740.7015078863627,3.7724299,39.826733,0.2561773722236784
4200.0,740.69973927902,3.7725904,39.76432,0.2565221840883772
4200.0,740.7072140728645,3.7727509,39.914112,0.2568669959645209
4200.0,740.6994551125373,3.7727909,39.826733,0.2572118076969341
4200.0,740.7073804557727,3.7729914,39.826733,0.2575566196505319
4200.0,740.6996316743812,3.7731919,39.839233,0.2579014314651384
4200.0,740.7090721394865,3.7734325,39.8517,0.2582462442062439
4200.0,740.7006145433337,3.7735929,39.901646,0.2585910564783973
4200.0,740.7088433783866,3.7736731,39.864166,0.2589358691130106
4200.0,740.7023714446128,3.7738736,39.789291,0.2592806822030399
4200.0,740.7101904073616,3.7741144,39.789291,0.2596254954647182
4200.0,740.7022730437562,3.7742746,39.864166,0.2599703085089397
4200.0,740.7098696902893,3.774435,39.814266,0.2603151216213187
4200.0,740.7023850187925,3.7745154,39.801758,0.2606599347176671
4200.0,740.7033041793347,3.7746756,39.801758,0.2610047482419047
4200.0,740.7103858305704,3.7748761,39.776787,0.2613495615945558
4200.0,740.7020935651423,3.7750366,39.76432,0.2616943745552262
4200.0,740.7091493126565,3.7753975,39.839233,0.2620391873322571
4200.0,740.703457157158,3.7753975,39.751854,0.2623840009277092
4200.0,740.709862756662,3.7758386,39.826733,0.2627288140368605
4200.0,740.7040009533208,3.7758386,39.8517,0.2630736278854615
4200.0,740.7092234587275,3.7761195,39.801758,0.2634184406970087
4200.0,740.7022148655142,3.7761996,39.864166,0.263763253714147
4200.0,740.7088038885832,3.77636,39.789291,0.2641080663303771
4200.0,740.7010346830552,3.7766006,39.826733,0.2644528787981148
4200.0,740.7081115872041,3.7766807,39.776787,0.2647976910920667
4200.0,740.701757287549,3.7768812,39.76432,0.2651425038961925
4200.0,740.699944038491,3.7769616,39.751854,0.2654873158562114
4200.0,740.7070626560114,3.7771621,39.801758,0.2658321276618679
4200.0,740.6986644791671,3.7775631,39.751854,0.266176939026224
4200.0,740.7070893405262,3.7776833,39.789291,0.2665217508443027
4200.0,740.7001843330968,3.7775228,39.776787,0.2668665629161839
4200.0,740.708033767073,3.7777636,39.814266,0.2672113751739092
4200.0,740.7003563781266,3.7779641,39.739349,0.2675561873258812
4200.0,740.7085073903494,3.7780042,39.814266,0.2679009998040862
4200.0,740.7010588528445,3.7782447,39.814266,0.2682458122830755
4200.0,740.7078642594537,3.7782447,39.826733,0.2685906244618922
4200.0,740.7020672223301,3.7784452,39.739349,0.2689354374102993
4200.0,740.7102103532684,3.7784452,39.751854,0.2692802506812628
4200.0,740.7034343548446,3.7788463,39.776787,0.2696250642660999
4200.0,740.7017843989714,3.7790868,39.76432,0.2699698770828467
4200.0,740.7088104193818,3.7792072,39.76432,0.270314689702117
4200.0,740.7011214012792,3.7791672,39.826733,0.2706595022102238
4200.0,740.7089955640624,3.7796483,39.751854,0.2710043149156821
4200.0,740.7019446277418,3.7795682,39.76432,0.2713491278070188
4200.0,740.7099747813236,3.7800093,39.714378,0.2716939409683195
4200.0,740.7017024778096,3.7799692,39.801758,0.2720387537469302
4200.0,740.7091011069361,3.7801294,39.76432,0.2723835665015205
4200.0,740.7030752129332,3.78037,39.751854,0.2727283799191693
4200.0,740.7091914884282,3.7803299,39.701912,0.2730731927158337
4200.0,740.7020796976178,3.7806909,39.76432,0.2734180056700484
4200.0,740.7100814225887,3.7806108,39.76432,0.2737628188809924
4200.0,740.703008013853,3.7808113,39.714378,0.2741076322673585
4200.0,740.7028602236384,3.7810519,39.627037,0.2744524455849251
4200.0,740.7089701735724,3.7812924,39.689445,0.2747972582785637
4200.0,740.701781774216,3.7810519,39.789291,0.2751420710940886
4200.0,740.7104732947515,3.7813725,39.714378,0.2754868844874558
4200.0,740.7016828366008,3.7815731,39.739349,0.2758316972569231
4200.0,740.7101745504174,3.7817335,39.789291,0.2761765105112197
4200.0,740.700185346144,3.7820144,39.726883,0.2765213225835725
4200.0,740.7074750605718,3.7820144,39.676941,0.2768661345812104
4200.0,740.7014781134527,3.7821746,39.726883,0.2772109472553746
4200.0,740.7088189644264,3.7823751,39.664474,0.2775557598786227
4200.0,740.7010976222413,3.7827361,39.776787,0.2779005723756599
4200.0,740.7066927198545,3.7828164,39.76432,0.2782453840091049
4200.0,740.7001984565177,3.7828565,39.65197,0.2785901960875609
4200.0,740.6996393892365,3.7831771,39.664474,0.2789350079057588
4200.0,740.7078297132811,3.7832575,39.739349,0.2792798200684937
4200.0,740.7004732113087,3.7832975,39.76432,0.279624632274854
4200.0,740.7079618059157,3.7836585,39.676941,0.2799694444990802
4200.0,740.700005879399,3.783498,39.689445,0.2803142564878874
4200.0,740.7084996020538,3.7836986,39.726883,0.2806590689624669
4200.0,740.7015871342707,3.783819,39.726883,0.2810038816873826
4200.0,740.7084191207155,3.7840195,39.714378,0.2813486941244967
4200.0,740.6999535114711,3.7840195,39.739349,0.2816935060889254
4200.0,740.7084204513702,3.7845407,39.701912,0.2820383185266589
4200.0,740.7004185483952,3.7846611,39.739349,0.2823831307075724
4200.0,740.7084528729972,3.7846611,39.689445,0.2827279431603988
4200.0,740.7005996877274,3.7846208,39.714378,0.2830727554256366
4200.0,740.7013899548003,3.7849016,39.689445,0.283417568058761
4200.0,740.7080266992035,3.7850218,39.627037,0.2837623803131961
4200.0,740.7017164550185,3.7853427,39.689445,0.2841071930983135
4200.0,740.7102560934147,3.7853026,39.751854,0.2844520063905698
4200.0,740.7033815350818,3.7856636,39.676941,0.2847968199508182
4200.0,740.7102417750369,3.7855031,39.664474,0.285141633236409
4200.0,740.7026845899182,3.7855833,39.689445,0.2854864464722143
4200.0,740.7096176745002,3.7857838,39.676941,0.2858312594672756
4200.0,740.7010360992343,3.7860243,39.739349,0.2861760719356725
4200.0,740.7096408557246,3.7862651,39.664474,0.2865208849415251
4200.0,740.7004420591563,3.7862248,39.714378,0.2868656971333834
4200.0,740.7083298135698,3.7865458,39.664474,0.2872105095289235
4200.0,740.7010009914804,3.7864656,39.639503,0.287555321980977
4200.0,740.70109035963,3.7867463,39.639503,0.2879001344746333
4200.0,740.7076447266828,3.7871072,39.676941,0.2882449465512537
4200.0,740.7004021054324,3.7871873,39.614529,0.2885897587245127
4200.0,740.7076180181233,3.7871873,39.639503,0.2889345707886998
4200.0,740.70085156582,3.7873478,39.664474,0.2892793831711924
4200.0,740.7081910555875,3.7875082,39.664474,0.2896241955021382
4200.0,740.700869462103,3.7877088,39.65197,0.2899690078929619
4200.0,740.7071018890972,3.7878692,39.676941,0.2903138197168822
4200.0,740.6998144008652,3.7879093,39.614529,0.2906586316165518
4200.0,740.7079305560426,3.7879894,39.589558,0.2910034438262307
4200.0,740.7009410067175,3.7881498,39.689445,0.29134825625036
4200.0,740.7078138317803,3.7883103,39.676941,0.2916930684057017
4200.0,740.700308734513,3.7885909,39.664474,0.2920378805354945
4200.0,740.7017916618896,3.7887514,39.701912,0.2923826933556223
4200.0,740.7081663971878,3.788671,39.676941,0.2927275056750892
4200.0,740.7000765456161,3.7887914,39.639503,0.293072317696793
4200.0,740.7075826781621,3.789072,39.65197,0.2934171297445288
4200.0,740.7006668871146,3.7892725,39.602062,0.2937619420410494
4200.0,740.7076219605655,3.7893128,39.65197,0.2941067541070718
4200.0,740.7007590008568,3.7895534,39.65197,0.2944515664464734
4200.0,740.7080605372284,3.7894731,39.639503,0.2947963787166607
4200.0,740.6998035362624,3.789834,39.614529,0.2951411906112727
4200.0,740.708881415776,3.789834,39.65197,0.2954860032635931
4200.0,740.7016472168492,3.7900746,39.664474,0.2958308160164785
4200.0,740.7093451880116,3.7903554,39.676941,0.2961756288846928
4200.0,740.7009220002876,3.790235,39.676941,0.2965204412999741
4200.0,740.6999238732111,3.7903955,39.639503,0.2968652532506056
4200.0,740.7072354713899,3.7906761,39.602062,0.2972100651367106
4200.0,740.6988325817945,3.790596,39.627037,0.2975548765793222
4200.0,740.7061238934191,3.7907164,39.627037,0.2978996879479687
4200.0,740.6996892179466,3.7911174,39.614529,0.298244499789363
4200.0,740.7066952345414,3.790997,39.627037,0.2985893114239786
4200.0,740.6993706039659,3.7912376,39.664474,0.2989341231170512
4200.0,740.7068987267058,3.791358,39.639503,0.2992789348463958
4200.0,740.6997304654775,3.7914782,39.589558,0.2996237467069918
4200.0,740.7090341510055,3.7916787,39.55212,0.299968559430413
4200.0,740.7007653728949,3.791719,39.627037,0.3003133717727809
4200.0,740.7073995473183,3.79212,39.627037,0.3006581837352661
4200.0,740.7002684636043,3.7920797,39.639503,0.3010029958463119
4200.0,740.7019530380504,3.7920797,39.527149,0.3013478087415638
4200.0,740.7073528309492,3.7924006,39.614529,0.3016926206823018
4200.0,740.7009363681454,3.7924407,39.577095,0.3020374331042716
4200.0,740.7096030015881,3.7928016,39.602062,0.3023822460925026
4200.0,740.7017694330668,3.7927616,39.589558,0.3027270589022823
4200.0,740.707895473106,3.7928417,39.614529,0.3030718710956295
4200.0,740.7000151442649,3.7930422,39.627037,0.3034166830887496
4200.0,740.7082270907019,3.7931626,39.65197,0.3037614954364704
4200.0,740.7011898098568,3.7933631,39.602062,0.304106307976423
4200.0,740.708433830053,3.7934031,39.676941,0.3044511204203845
4200.0,740.7008814000184,3.7935636,39.589558,0.3047959328167656
4200.0,740.7086816345063,3.7936838,39.639503,0.3051407453760843
4200.0,740.7019529159854,3.7938843,39.627037,0.3054855582712794
4200.0,740.7028078685001,3.7942853,39.577095,0.3058303715644735
4200.0,740.7112564652737,3.7940848,39.602062,0.30617518532242
4200.0,740.7037725977559,3.7944458,39.564629,0.3065199990647165
4200.0,740.7107739065044,3.7942853,39.589558,0.3068648125980237
4200.0,740.7023762052498,3.7945662,39.539654,0.3072096256902691
4200.0,740.7085997002422,3.7946463,39.639503,0.307554438211446
4200.0,740.7013932995653,3.7947264,39.577095,0.3078992508461275
4200.0,740.7093912329655,3.7950072,39.639503,0.3082440637357765
4200.0,740.701309034817,3.7950473,39.602062,0.3085888763312308
4200.0,740.7089525464122,3.7953279,39.589558,0.3089336890166637
4200.0,740.7020292954172,3.7955687,39.614529,0.3092785019474151
4200.0,740.7098080564663,3.7955284,39.602062,0.3096233150311025
4200.0,740.7029664611085,3.7955284,39.589558,0.3099681283981249
4200.0,740.7109513855696,3.7957692,39.627037,0.3103129420140516
4200.0,740.7031461844663,3.7958493,39.577095,0.3106577554647391
4200.0,740.7025907185629,3.7960498,39.614529,0.3110025686568452
4200.0,740.7094026341346,3.7961299,39.602062,0.3113473815518016
4200.0,740.7019858752727,3.7964108,39.464741,0.3116921944623399
4200.0,740.7090553788635,3.7963705,39.589558,0.3120370071956431
4200.0,740.7010431793108,3.7966914,39.577095,0.3123818196673359
4200.0,740.7095203598924,3.7967715,39.539654,0.3127266326170956
4200.0,740.7026226759554,3.7968118,39.539654,0.3130714458240786
4200.0,740.7083208293732,3.7970123,39.514683,0.3134162582154363
4200.0,740.6995906709802,3.797333,39.65197,0.3137610700109549
4200.0,740.7087153750215,3.7972128,39.614529,0.3141058825859804
4200.0,740.7013168352099,3.7974133,39.564629,0.3144506951850661
4200.0,740.7090144362367,3.7973731,39.489712,0.3147955078993097
4200.0,740.7001341748214,3.7974935,39.602062,0.3151403199478411
4200.0,740.7007201946258,3.7977741,39.564629,0.3154851322691775
4200.0,740.7089283031197,3.7979345,39.514683,0.3158299449433248
4200.0,740.7016653688243,3.7977741,39.589558,0.3161747577046603
4200.0,740.7090509968601,3.7979345,39.577095,0.3165195704359236
4200.0,740.6998344567676,3.798456,39.564629,0.3168643823449297
4200.0,740.7082937781482,3.7986164,39.614529,0.3172091947236947
4200.0,740.7018957385127,3.7985361,39.527149,0.3175540075922725
4200.0,740.7101103045,3.7987766,39.564629,0.3178988208166615
4200.0,740.7012862443723,3.7989771,39.564629,0.3182436334015064
4200.0,740.7076624394838,3.798857,39.589558,0.3185884454863724
4200.0,740.698959680714,3.7990975,39.589558,0.3189332569881513
4200.0,740.7079657000635,3.7991776,39.589558,0.3192780692141903
4200.0,740.6990527463175,3.7993381,39.602062,0.3196228807592932
4200.0,740.6986236104162,3.7994585,39.539654,0.319967692104624
4200.0,740.7063889217945,3.7998595,39.55212,0.3203125035966458
4200.0,740.7003836119211,3.7998595,39.577095,0.3206573157612956
4200.0,740.7067818804798,3.7998996,39.502216,0.3210021274362464
4200.0,740.7005687428707,3.80002,39.589558,0.3213469396870787
4200.0,740.7078013318106,3.8003006,39.514683,0.3216917518366015
4200.0,740.699928560384,3.8003006,39.55212,0.3220365637894149
4200.0,740.7070317841036,3.8004208,39.589558,0.3223813755807001
4200.0,740.6992372304147,3.8005011,39.614529,0.3227261872116844
4200.0,740.7071615212593,3.8007817,39.527149,0.3230709990633644
4200.0,740.6994036238252,3.8008621,39.577095,0.3234158107718084
4200.0,740.7065846011071,3.8008218,39.564629,0.3237606223549222
4200.0,740.6987110734107,3.8011827,39.577095,0.324105433740969
4200.0,740.7011064846918,3.8013031,39.602062,0.3244502462421318
4200.0,740.7078553846359,3.8013432,39.55212,0.3247950584168171
4200.0,740.7007664349525,3.8015838,39.577095,0.3251398707596795
4200.0,740.7071780128865,3.8015838,39.539654,0.3254846826190366
4200.0,740.7004208066487,3.8016238,39.514683,0.3258294948010014
4200.0,740.7076276856042,3.8021452,39.514683,0.3261743068696889
4200.0,740.6997637420518,3.8019848,39.564629,0.3265191187457758
4200.0,740.7074665152203,3.8021853,39.564629,0.3268639307394357
4200.0,740.7002455633728,3.8024259,39.502216,0.327208742839821
4200.0,740.7063367974724,3.8024662,39.539654,0.327553554307578
4200.0,740.6998631795913,3.8024662,39.602062,0.3278983662299553
4200.0,740.7083589763458,3.8026667,39.527149,0.3282431786390711
4200.0,740.7001400705708,3.8027468,39.55212,0.3285879906903471
4200.0,740.6990894406093,3.8027868,39.464741,0.3289328022525321
4200.0,740.7070696872509,3.8030677,39.502216,0.3292776140614618
4200.0,740.6993079945498,3.8031478,39.489712,0.3296224257253883
4200.0,740.7064652036663,3.8032279,39.577095,0.3299672372529206
4200.0,740.6994737651527,3.8033483,39.539654,0.3303120489940169
4200.0,740.7067087234213,3.8036692,39.527149,0.3306568606349118
4200.0,740.6982357459882,3.8035889,39.564629,0.3310016717996833
4200.0,740.7065567812641,3.8037493,39.55212,0.3313464833698465
4200.0,740.6989189339258,3.8039498,39.502216,0.3316912948526568
4200.0,740.7066804272847,3.8042305,39.514683,0.3320361064803794
4200.0,740.6997956507412,3.8041503,39.564629,0.3323809183713205
4200.0,740.7072080299215,3.8043108,39.464741,0.3327257302446511
4200.0,740.6999922318575,3.8045914,39.539654,0.3330705422271049
4200.0,740.7014262585456,3.8046715,39.502216,0.3334153548771296
4200.0,740.7082477576487,3.8046715,39.564629,0.3337601672344712
4200.0,740.7009549958976,3.8050325,39.564629,0.3341049796651127
4200.0,740.708298404591,3.8049524,39.539654,0.3344497920460313
4200.0,740.7001766795297,3.8054335,39.514683,0.3347946041143497
4200.0,740.7076739627191,3.8053534,39.489712,0.33513941620458
4200.0,740.7001985908607,3.8055139,39.55212,0.3354842282830985
4200.0,740.707391148794,3.8055539,39.514683,0.3358290402416741
4200.0,740.7011813136013,3.8056741,39.502216,0.3361738527776714
4200.0,740.7075730466973,3.806035,39.55212,0.3365186648209236
4200.0,740.7011176049864,3.805995,39.514683,0.3368634773272632
4200.0,740.7075963870274,3.8060751,39.577095,0.3372082893813806
4200.0,740.6996258882141,3.8062356,39.502216,0.3375531011932936
4200.0,740.699365635624,3.806396,39.539654,0.3378979128840533
4200.0,740.706920907151,3.8064761,39.564629,0.3382427246237233
4200.0,740.6984683498855,3.8064761,39.539654,0.338587535896777
4200.0,740.7061916060989,3.8065164,39.55212,0.3389323472969449
4200.0,740.6977654600647,3.8068771,39.589558,0.339277158242788
4200.0,740.7066521188699,3.8070376,39.527149,0.3396219698573325
4200.0,740.7003167422015,3.8071179,39.464741,0.3399667819908531
4200.0,740.705628224349,3.8069575,39.489712,0.3403115931287572
4200.0,740.6995471043168,3.807198,39.464741,0.3406564049039945
4200.0,740.7057068746942,3.8072782,39.514683,0.3410012160785117
4200.0,740.6984615628469,3.8074787,39.489712,0.3413460273484058
4200.0,740.7057659200585,3.8077996,39.55212,0.3416908385504096
4200.0,740.6992922352738,3.8077195,39.527149,0.3420356502069998
4200.0,740.6982883579437,3.8080401,39.527149,0.3423804613962633
4200.0,740.7061442670181,3.80792,39.527149,0.3427252727743941
4200.0,740.700268659031,3.8081605,39.514683,0.3430700848855308
4200.0,740.7075361080064,3.8083208,39.439808,0.3434148969115874
4200.0,740.7005017878181,3.8085616,39.539654,0.3437597091312507
4200.0,740.706405950595,3.8084412,39.439808,0.3441045206311997
4200.0,740.6991171259318,3.8088822,39.527149,0.3444493322062727
4200.0,740.7050324812378,3.8087218,39.489712,0.3447941430668482
4200.0,740.6983519563624,3.8088021,39.439808,0.3451389542857181
4200.0,740.7082766640141,3.8092432,39.55212,0.3454837666565162
4200.0,740.6996508148472,3.8090827,39.502216,0.345828578480033
4200.0,740.7070669529879,3.8092432,39.589558,0.3461733902876899
4200.0,740.6981086345859,3.8095641,39.539654,0.3465182013932882
4200.0,740.6994629496623,3.8095641,39.55212,0.3468630131293497
4200.0,740.7052564327445,3.8096843,39.527149,0.3472078240941785
4200.0,740.7009808260982,3.8097243,39.514683,0.3475526365368445
4200.0,740.7074386223217,3.8099248,39.464741,0.3478974485175198
4200.0,740.7005259938278,3.8104062,39.527149,0.3482422607484515
4200.0,740.7067472734274,3.8102057,39.489712,0.3485870724072921
4200.0,740.699082250746,3.8107672,39.452274,0.34893188396613
4200.0,740.7058405668772,3.8102858,39.514683,0.3492766952028832
4200.0,740.6995604832744,3.8104863,39.502216,0.3496215069843487
4200.0,740.7065554266667,3.8106868,39.527149,0.3499663185538813
4200.0,740.6987426157003,3.8110077,39.55212,0.3503111299546116
4200.0,740.7062429128946,3.8109274,39.527149,0.3506559413786638
4200.0,740.6984194852126,3.8108473,39.564629,0.3510007526289699
4200.0,740.6999039023348,3.8112483,39.489712,0.3513455645703044
4200.0,740.706819722338,3.8114889,39.477245,0.3516903762628712
4200.0,740.7003546814949,3.8113284,39.464741,0.3520351884140533
4200.0,740.708540263918,3.8116894,39.489712,0.3523800009075616
4200.0,740.701191969783,3.8116894,39.477245,0.3527248134485197
4200.0,740.7097133786116,3.8118498,39.527149,0.3530696264881329
4200.0,740.7017392327758,3.8118899,39.564629,0.3534144392838538
4200.0,740.7097289669692,3.8121305,39.539654,0.3537592523307237
4200.0,740.7026694288937,3.8122509,39.527149,0.3541040655594712
4200.0,740.7101147231334,3.8121305,39.514683,0.3544488787859172
4200.0,740.7014457528262,3.8124914,39.502216,0.3547936914450167
4200.0,740.7089488236484,3.8125715,39.477245,0.3551385041287166
4200.0,740.7014319587659,3.8128123,39.564629,0.3554833167813948
4200.0,740.7012093286936,3.8129325,39.489712,0.3558281293304338
4200.0,740.7085439625348,3.8128524,39.55212,0.3561729418256638
4200.0,740.7012836567582,3.813133,39.414833,0.3565177544093041
4200.0,740.7080380147319,3.8130529,39.564629,0.3568625666690069
4200.0,740.6992423578606,3.8132534,39.464741,0.3572073783023781
4200.0,740.7081953035532,3.8134539,39.527149,0.3575521906353014
4200.0,740.701295070193,3.8135741,39.527149,0.357897003224255
4200.0,740.7083955974396,3.8136945,39.502216,0.3582418156504186
4200.0,740.7019150135264,3.8140554,39.502216,0.3585866285279692
4200.0,740.7106043009661,3.8137345,39.489712,0.3589314419823221
4200.0,740.7010623931386,3.8141356,39.489712,0.3592762544629594
4200.0,740.7100456307882,3.8141756,39.514683,0.3596210676572417
4200.0,740.7021436016595,3.814296,39.502216,0.3599658806412051
4200.0,740.7025687457389,3.8144164,39.527149,0.3603106938230824
4200.0,740.7096387807012,3.8144164,39.502216,0.360655506827969
4200.0,740.7025537189551,3.814657,39.514683,0.361000320002851
4200.0,740.7106404461756,3.8147771,39.464741,0.3613451334740301
4200.0,740.7032817677725,3.814697,39.477245,0.3616899469878346
4200.0,740.7108047899742,3.8151381,39.452274,0.3620347605355185
4200.0,740.703526395532,3.8151381,39.539654,0.3623795741632026
4200.0,740.7114272790935,3.8151381,39.489712,0.3627243880006658
4200.0,740.7011228908201,3.8152585,39.502216,0.3630692005094661
4200.0,740.7103767606308,3.8155792,39.489712,0.363414013857895
4200.0,740.7039293475204,3.8155792,39.514683,0.3637588276731621
4200.0,740.7113092851584,3.8157797,39.477245,0.3641036414556971
4200.0,740.7045056875606,3.81586,39.527149,0.3644484555392629
4200.0,740.7018943838266,3.8159802,39.489712,0.36479326840721
4200.0,740.7087195495225,3.8161407,39.489712,0.3651380809841789
4200.0,740.7005023369571,3.8162611,39.477245,0.3654828932040978
4200.0,740.7094125223169,3.8163412,39.477245,0.3658277061036573
4200.0,740.7021709936372,3.8163812,39.477245,0.3661725191003723
4200.0,740.7092774384971,3.8167422,39.464741,0.366517331937048
4200.0,740.7027369091429,3.8166621,39.464741,0.366862145197209
4200.0,740.7103214135761,3.8165016,39.477245,0.3672069585198729
4200.0,740.7014969003088,3.8171031,39.527149,0.3675517712027827
4200.0,740.7087542422155,3.8171432,39.489712,0.3678965837959016
4200.0,740.702768684103,3.8171833,39.514683,0.3682413970708545
4200.0,740.7097695309144,3.8173037,39.477245,0.3685862101366076
4200.0,740.7015298221478,3.8176243,39.402332,0.3689310228348433
4200.0,740.7014473033483,3.8173437,39.514683,0.3692758354946647
4200.0,740.7086110284581,3.8177047,39.477245,0.3696206480211151
4200.0,740.7025103844505,3.8180254,39.477245,0.3699654611758239
4200.0,740.7094401222771,3.8181458,39.489712,0.3703102740882317
4200.0,740.7018501703108,3.8182259,39.539654,0.3706550869355964
4200.0,740.7096992179069,3.8182259,39.502216,0.3709998999686176
4200.0,740.7023503753562,3.8182662,39.539654,0.3713447130488387
4200.0,740.7084280685889,3.8183463,39.477245,0.3716895254901181
4200.0,740.7019875837733,3.8187473,39.489712,0.3720343384014518
4200.0,740.7091502526584,3.8187072,39.477245,0.3723791511789203
4200.0,740.7025547810126,3.8187873,39.502216,0.3727239643542967
4200.0,740.7104341096532,3.8189077,39.502216,0.3730687777294226
4200.0,740.7032635546116,3.8190279,39.527149,0.3734135912347485
4200.0,740.7110926094329,3.8191884,39.539654,0.3737584049164173
4200.0,740.7023119721546,3.8194692,39.489712,0.3741032179787608
4200.0,740.702192917451,3.8194692,39.514683,0.3744480309856818
4200.0,740.7099276495405,3.8196697,39.489712,0.3747928441250419
4200.0,740.7026636916344,3.8196294,39.427299,0.3751376573511185
4200.0,740.7100392587882,3.81987,39.502216,0.3754824705424345
4200.0,740.7043786376513,3.8200305,39.452274,0.3758272845668559
4200.0,740.7095729719679,3.8201108,39.527149,0.3761720975411075
4200.0,740.7028150946863,3.8201509,39.539654,0.3765169108376655
4200.0,740.7103584261413,3.820231,39.527149,0.3768617241775595
4200.0,740.7031896775634,3.8204315,39.564629,0.377206537648494
4200.0,740.7090481647805,3.8205118,39.527149,0.3775513503784388
4200.0,740.7012092796834,3.8208725,39.464741,0.377896162927455
4200.0,740.7090601154011,3.8207524,39.539654,0.378240975662963
4200.0,740.7033525066352,3.8209929,39.502216,0.3785857892096981
4200.0,740.7026268634088,3.8211935,39.614529,0.3789306024186303
4200.0,740.7109032163771,3.821394,39.514683,0.3792754160121335
4200.0,740.7040723398544,3.8212335,39.514683,0.3796202298939665
4200.0,740.709482334679,3.821394,39.489712,0.3799650428260249
4200.0,740.7025490191971,3.8215945,39.477245,0.3803098559987189
4200.0,740.7098607302399,3.8215144,39.514683,0.3806546691069269
4200.0,740.701252052464,3.8216746,39.489712,0.3809994816758548
4200.0,740.7096874871693,3.8218751,39.514683,0.3813442947034151
4200.0,740.7022622899634,3.8220756,39.55212,0.3816891077426305
4200.0,740.7087698792768,3.8220756,39.489712,0.3820339203430287
4200.0,740.7024732628801,3.8222761,39.514683,0.3823787334804566
4200.0,740.7103621243488,3.8222761,39.464741,0.3827235468220721
4200.0,740.7026538651468,3.822557,39.464741,0.3830683600435743
4200.0,740.7020129500655,3.8229179,39.564629,0.3834131729667165
4200.0,740.7096458975813,3.8229179,39.514683,0.3837579859749162
4200.0,740.7038682147531,3.8227975,39.527149,0.3841027997617246
4200.0,740.7109141905703,3.8228776,39.464741,0.3844476133603364
4200.0,740.7025573567579,3.8230381,39.527149,0.3847924265369118
4200.0,740.7084841233819,3.8231184,39.452274,0.3851372390042857
4200.0,740.7001404489415,3.8232787,39.502216,0.3854820510557379
4200.0,740.7081742952713,3.8235996,39.489712,0.3858268633788815
4200.0,740.70059540297,3.8234792,39.464741,0.3861716756421248
4200.0,740.7089915969615,3.8236396,39.452274,0.3865164883457363
4200.0,740.701868346228,3.82376,39.464741,0.3868613012015623
4200.0,740.7084903489638,3.8238401,39.477245,0.3872061136718344
4200.0,740.7023290496916,3.8238802,39.502216,0.3875509267421279
4200.0,740.7020204207909,3.8240407,39.514683,0.3878957396687479
4200.0,740.7077123788923,3.8244016,39.452274,0.3882405517768616
4200.0,740.7011920062081,3.8242412,39.514683,0.3885853643178366
4200.0,740.7091896451567,3.8246422,39.502216,0.3889301771136429
4200.0,740.700855289365,3.8246822,39.477245,0.389274989497869
4200.0,740.7078093029496,3.8245621,39.477245,0.3896198016511024
4200.0,740.6997771451563,3.8248427,39.539654,0.3899646135334288
4200.0,740.7089745925128,3.8252838,39.564629,0.3903094262291245
4200.0,740.7019832260634,3.8252037,39.527149,0.3906542391384295
4200.0,740.709209823327,3.8251233,39.55212,0.3909990519436292
4200.0,740.7016050297351,3.8253641,39.527149,0.3913438646768757
4200.0,740.7091646934094,3.8253641,39.502216,0.3916886774610666
4200.0,740.702802814416,3.8254843,39.589558,0.3920334907519079
4200.0,740.7008844398766,3.8255243,39.464741,0.392378303149704
4200.0,740.7088907787564,3.8258452,39.477245,0.392723115806383
4200.0,740.7007434734327,3.8260057,39.539654,0.3930679281385563
4200.0,740.7078398693337,3.8260458,39.502216,0.3934127403060189
4200.0,740.7005293756317,3.8262863,39.452274,0.3937575525385249
4200.0,740.7090036941024,3.8261662,39.502216,0.3941023652477679
4200.0,740.7018384516623,3.8262863,39.502216,0.3944471780896774
4200.0,740.7081388455222,3.8265672,39.589558,0.3947919903963185
4200.0,740.7006965012276,3.8267677,39.539654,0.3951368027066252
4200.0,740.7082190219509,3.8267677,39.502216,0.3954816150505899
4200.0,740.701028420804,3.8268478,39.514683,0.3958264275154123
4200.0,740.7101560199875,3.8268077,39.514683,0.3961712407610827
4200.0,740.7020189191767,3.8270082,39.514683,0.3965160536870037
4200.0,740.6995751316873,3.8271687,39.539654,0.3968608654752883
4200.0,740.707284385565,3.8272088,39.539654,0.3972056773841638
4200.0,740.7003572694159,3.8273692,39.514683,0.3975504895365507
4200.0,740.70708071025,3.8274894,39.527149,0.3978953013506118
4200.0,740.699914314898,3.8276498,39.514683,0.3982401132967936
4200.0,740.7085049119856,3.8276899,39.514683,0.398584925773845
4200.0,740.7010662138854,3.8278904,39.489712,0.398929738256261
4200.0,740.7091198569419,3.8279705,39.539654,0.3992745510195797
4200.0,740.7014670539347,3.8282113,39.414833,0.3996193636885954
4200.0,740.7079298726559,3.8280108,39.464741,0.3999641758979562
4200.0,740.6988162973217,3.8283715,39.514683,0.4003089873329869
4200.0,740.7079621238199,3.8283715,39.539654,0.4006537995573611
4200.0,740.7002289739935,3.8284919,39.55212,0.4009986116500236
4200.0,740.6991441765776,3.8286924,39.564629,0.4013434232376893
4200.0,740.7081796294525,3.8288128,39.514683,0.4016882355633162
4200.0,740.7004141538508,3.8289731,39.527149,0.4020330477421839
4200.0,740.7083339277027,3.828933,39.502216,0.4023778601396392
4200.0,740.6997199064975,3.8289731,39.489712,0.4027226719953197
4200.0,740.706798811668,3.8292139,39.539654,0.4030674836781522
4200.0,740.699597653548,3.8294144,39.464741,0.4034122954769213
4200.0,740.7076899907403,3.8292139,39.502216,0.403757107574613
4200.0,740.7001090283076,3.8294144,39.539654,0.4041019196114381
4200.0,740.7071693826103,3.829735,39.502216,0.4044467314667777
4200.0,740.6997788172318,3.829695,39.502216,0.4047915433498825
4200.0,740.7079706444105,3.8297751,39.452274,0.4051363555782232
4200.0,740.7004063779118,3.8298955,39.527149,0.4054811677534711
4200.0,740.7005344533512,3.8302164,39.502216,0.4058259799883409
4200.0,740.7085407399047,3.830096,39.514683,0.4061707924820708
4200.0,740.7006559618374,3.830457,39.55212,0.4065156047735054
4200.0,740.7076504521308,3.8304169,39.527149,0.4068604168527912
4200.0,740.6992724475462,3.8306575,39.502216,0.4072052285001698
4200.0,740.7075235348788,3.8308179,39.589558,0.4075500405203733
4200.0,740.6995612890261,3.8307776,39.564629,0.407894852302214
4200.0,740.7062956107131,3.8309782,39.514683,0.4082396637507978
4200.0,740.6981892742189,3.8310585,39.564629,0.4085844748939357
4200.0,740.7066210394597,3.8311787,39.577095,0.4089292864940121
4200.0,740.6977044007615,3.8313391,39.477245,0.4092740974114309
4200.0,740.7063595638967,3.8314195,39.614529,0.409618908889786
4200.0,740.6998162924122,3.8314996,39.514683,0.4099637207903363
4200.0,740.6989180303583,3.8315396,39.514683,0.4103085322727259
4200.0,740.7052219354802,3.8318202,39.527149,0.4106533432214956
4200.0,740.6968663795718,3.8319006,39.577095,0.4109981537487972
4200.0,740.7048971658708,3.8319407,39.489712,0.4113429645463811
4200.0,740.6969162207646,3.8320611,39.527149,0.4116877750968848
4200.0,740.7036819612509,3.8321011,39.539654,0.4120325853287701
4200.0,740.698881873132,3.8321812,39.539654,0.4123773967943279
4200.0,740.7049632427814,3.8323016,39.577095,0.4127222076226716
4200.0,740.7001282053011,3.8324621,39.55212,0.4130670196684242
4200.0,740.7057602316498,3.8325422,39.514683,0.4134118308677799
4200.0,740.6981458414892,3.8328228,39.502216,0.4137566419906988
4200.0,740.7068428064619,3.8327026,39.55212,0.4141014536940117
4200.0,740.7000557078021,3.8327827,39.452274,0.414446265706015
4200.0,740.7002577216804,3.8330233,39.464741,0.4147910778120602
4200.0,740.7075019646625,3.8330636,39.539654,0.4151358898222225
4200.0,740.700088020237,3.8330636,39.489712,0.4154807018492679
4200.0,740.7066758371651,3.8334243,39.564629,0.4158255134748537
4200.0,740.6995270120917,3.8335447,39.489712,0.4161703252407377
4200.0,740.7076206544672,3.8335447,39.539654,0.4165151373061521
4200.0,740.7004865534318,3.8335447,39.514683,0.4168599495187234
4200.0,740.7075682248259,3.8336248,39.589558,0.4172047615597309
4200.0,740.6994016585072,3.8339458,39.539654,0.41754957326726
4200.0,740.7071488013044,3.8338253,39.589558,0.4178943851130187
4200.0,740.7001621042739,3.8341463,39.527149,0.4182391971745519
4200.0,740.7074495963101,3.8343067,39.527149,0.4185840091603358
4200.0,740.699394358857,3.8341463,39.539654,0.4189288208644668
4200.0,740.7004321101944,3.8344269,39.527149,0.4192736330516937
4200.0,740.7084795337739,3.8345072,39.514683,0.419618445516931
4200.0,740.7004654715901,3.8345873,39.639503,0.4199632577196884
4200.0,740.7068707847966,3.8347878,39.55212,0.4203080694360256
4200.0,740.6989170294868,3.8350284,39.564629,0.4206528809179494
4200.0,740.7083871990177,3.8351488,39.577095,0.4209976933402033
4200.0,740.7006253223989,3.8351488,39.577095,0.4213425056173747
4200.0,740.7089005808887,3.8352289,39.577095,0.4216873182786167
4200.0,740.7002306950792,3.8353894,39.477245,0.4220321303720804
4200.0,740.7075940794335,3.8355098,39.589558,0.4223769424251237
4200.0,740.6996058934977,3.8355498,39.502216,0.4227217542277287
4200.0,740.7087451601,3.8354294,39.539654,0.4230665668166196
4200.0,740.6996307467691,3.8355899,39.55212,0.4234113786307943
4200.0,740.698606349833,3.8357904,39.564629,0.42375618996809
4200.0,740.7063910335504,3.8359509,39.514683,0.4241010014610948
4200.0,740.6996861907758,3.836071,39.577095,0.4244458133010799
4200.0,740.7079514544342,3.8359108,39.577095,0.4247906255204873
4200.0,740.7009021889245,3.8362715,39.577095,0.4251354379265461
4200.0,740.7077565562228,3.836432,39.589558,0.425480250055225
4200.0,740.6993498274402,3.836472,39.564629,0.4258250617386257
4200.0,740.7072264871935,3.8365123,39.502216,0.4261698736205485
4200.0,740.7012594867643,3.8369133,39.55212,0.4265146861929371
4200.0,740.7095732042313,3.8368731,39.614529,0.4268594991672969
4200.0,740.7009147862773,3.8369133,39.589558,0.4272043115792199
4200.0,740.7071804055072,3.8371139,39.589558,0.4275491234396909
4200.0,740.7003142273353,3.8370335,39.477245,0.4278939355720407
4200.0,740.6992388542985,3.837194,39.477245,0.4282387472037809
4200.0,740.7063591363068,3.8373144,39.577095,0.428583558681937
4200.0,740.7002295599668,3.837595,39.527149,0.4289283707748723
4200.0,740.7076678470276,3.8375149,39.577095,0.4292731828622557
4200.0,740.7007621624731,3.837635,39.502216,0.429617995203129
4200.0,740.7090105542649,3.837996,39.514683,0.4299628079155655
4200.0,740.7025893515987,3.8378756,39.527149,0.4303076211070353
4200.0,740.7106381389909,3.837956,39.577095,0.4306524345771403
4200.0,740.7027002883152,3.837996,39.514683,0.4309972478202535
4200.0,740.7092330168297,3.8381965,39.55212,0.4313420606362501
4200.0,740.6998979208432,3.8382766,39.627037,0.4316868725748002
4200.0,740.7071358373194,3.8384771,39.527149,0.4320316844145239
4200.0,740.699575473633,3.8386376,39.602062,0.4323764962029678
4200.0,740.6994670874916,3.8385975,39.55212,0.4327213079409555
4200.0,740.706800106102,3.8385975,39.602062,0.4330661196243906
4200.0,740.699326072856,3.838758,39.55212,0.433410931296733
4200.0,740.7085675830134,3.8389585,39.502216,0.4337557438029588
4200.0,740.7007846723627,3.8388782,39.527149,0.434100556154311
4200.0,740.7070779149028,3.839119,39.627037,0.4344453679670709
4200.0,740.6988821416136,3.8392792,39.614529,0.4347901794327536
4200.0,740.7069085168669,3.8393996,39.589558,0.4351349911666557
4200.0,740.6997410365309,3.8393996,39.55212,0.4354798030321727
4200.0,740.7083734297844,3.8396401,39.602062,0.4358246154480169
4200.0,740.7002520572713,3.8397202,39.539654,0.4361694275514252
4200.0,740.7079975732621,3.8400011,39.539654,0.4365142397923017
4200.0,740.7004012264213,3.8399208,39.564629,0.4368590519651515
4200.0,740.7002441593696,3.8400812,39.514683,0.4372038640648831
4200.0,740.7072361067892,3.8399611,39.614529,0.437548675951284
4200.0,740.6987682018732,3.8401213,39.589558,0.4378934873639253
4200.0,740.7070422576513,3.8403218,39.527149,0.438238299160086
4200.0,740.7006966967567,3.8405223,39.589558,0.4385831114704837
4200.0,740.7064237604965,3.8404822,39.577095,0.4389279229787235
4200.0,740.7004047177052,3.8408432,39.539654,0.4392727351531985
4200.0,740.7095725694461,3.8408833,39.589558,0.4396175481272627
4200.0,740.6995726660358,3.8409636,39.639503,0.4399623599143996
4200.0,740.7075664791664,3.8409233,39.639503,0.4403071719545944
4200.0,740.6997166963827,3.8408031,39.602062,0.4406519838087806
4200.0,740.7087465638103,3.8414447,39.577095,0.440996796398325
4200.0,740.7018737781714,3.8414047,39.564629,0.4413416092566797
4200.0,740.7083105510496,3.8414848,39.577095,0.4416864216432528
4200.0,740.7005403860373,3.8414848,39.614529,0.4420312338808844
4200.0,740.7007922772266,3.8418858,39.639503,0.4423760462357768
4200.0,740.7088532906139,3.8418458,39.602062,0.4427208588750044
4200.0,740.7011849018824,3.8421264,39.614529,0.4430656714126722
4200.0,740.708807111111,3.8419662,39.577095,0.4434104840304024
4200.0,740.7005067926874,3.8422468,39.602062,0.4437552962523956
4200.0,740.7094981913162,3.8420863,39.527149,0.4441001091918355
4200.0,740.7022139748387,3.8424873,39.55212,0.4444449222085592
4200.0,740.7100089609906,3.8425677,39.664474,0.4447897353857711
4200.0,740.7030041196421,3.8426878,39.602062,0.4451345487703244
4200.0,740.7085876153795,3.8426077,39.664474,0.4454793612858756
4200.0,740.7005846484609,3.8428884,39.577095,0.4458241735441123
4200.0,740.7078572400833,3.8430488,39.564629,0.4461689857196614
4200.0,740.701274415937,3.8428884,39.564629,0.4465137982989999
4200.0,740.7015672734881,3.8430889,39.627037,0.44685861101467
4200.0,740.7091525963708,3.8432093,39.627037,0.4472034237932295
4200.0,740.700483379742,3.8434098,39.627037,0.4475482360043235
4200.0,740.708079922224,3.8433697,39.602062,0.4478930482835349
4200.0,740.7014562262685,3.8433294,39.589558,0.44823786094751
4200.0,740.7086007747932,3.84357,39.639503,0.4485826734691872
4200.0,740.7025898515228,3.843971,39.589558,0.4489274866608896
4200.0,740.7072668560169,3.843971,39.564629,0.4492722985616048
4200.0,740.701230495459,3.8440514,39.614529,0.4496171111204974
4200.0,740.7089121287828,3.8440914,39.602062,0.4499619237871151
4200.0,740.700205646381,3.8442919,39.614529,0.4503067358689182
4200.0,740.7073696279977,3.844332,39.627037,0.4506515478174754
4200.0,740.7000040846445,3.844372,39.65197,0.450996359805447
4200.0,740.700826566132,3.8444524,39.589558,0.4513411721763017
4200.0,740.7091374110465,3.8447731,39.614529,0.4516859849477923
4200.0,740.7013084854733,3.8448534,39.577095,0.4520307975429909
4200.0,740.7100821303272,3.845134,39.577095,0.4523756107542643
4200.0,740.7011525780903,3.8452144,39.639503,0.4527204232768847
4200.0,740.7081304230553,3.8452144,39.602062,0.4530652355796051
4200.0,740.7016453246885,3.8451741,39.589558,0.4534100483316097
4200.0,740.7104548252013,3.8453746,39.55212,0.4537548617163791
4200.0,740.7012638931775,3.8456554,39.664474,0.454099674290819
4200.0,740.7081511749266,3.845535,39.639503,0.4544444866031997
4200.0,740.7014951792231,3.8457355,39.602062,0.4547892992853083
4200.0,740.7076413944694,3.8457756,39.627037,0.4551341113603776
4200.0,740.7009920195501,3.8460164,39.589558,0.4554789238082544
4200.0,740.7005094660437,3.8459361,39.639503,0.4558237360314921
4200.0,740.7089668046267,3.8463371,39.639503,0.4561685487235624
4200.0,740.7014016123652,3.846297,39.639503,0.4565133613621137
4200.0,740.7071443091038,3.8463371,39.614529,0.4568581732057811
4200.0,740.7006166673464,3.8464575,39.664474,0.4572029854789233
4200.0,740.7079931663953,3.8464975,39.602062,0.4575477977177484
4200.0,740.7008386877076,3.846698,39.614529,0.457892610094246
4200.0,740.7084425464815,3.8469386,39.639503,0.4582374225422651
4200.0,740.7006477829714,3.847019,39.639503,0.4585822348298923
4200.0,740.7078701432911,3.8470991,39.65197,0.458927047011448
4200.0,740.7012775894221,3.8471792,39.676941,0.4592718595922639
4200.0,740.7082668374276,3.8472195,39.639503,0.4596166719584875
4200.0,740.6996749847387,3.8472996,39.65197,0.4599614837932559
4200.0,740.6993790631824,3.8475802,39.726883,0.4603062954902664
4200.0,740.7088563184291,3.8476605,39.614529,0.4606511081309036
4200.0,740.703627297749,3.8477006,39.639503,0.4609959218055598
4200.0,740.7086592589395,3.8479011,39.664474,0.4613407343544624
4200.0,740.7010542020968,3.8479412,39.65197,0.4616855468312865
4200.0,740.7082793980722,3.8480213,39.627037,0.4620303592033573
4200.0,740.6999612749273,3.8481417,39.65197,0.4623751711714001
4200.0,740.7065479925986,3.8483422,39.627037,0.462719982737472
4200.0,740.6996159642176,3.8483422,39.627037,0.4630647945447652
4200.0,740.7058854153161,3.8483021,39.714378,0.463409605802396
4200.0,740.6983825837275,3.8487031,39.701912,0.4637544170355236
4200.0,740.7074245109346,3.8486631,39.664474,0.4640992290096299
4200.0,740.6998637534911,3.8488233,39.589558,0.4644440409322743
4200.0,740.6997027555988,3.8489437,39.664474,0.4647888527799707
4200.0,740.7075360712739,3.8490641,39.639503,0.4651336648060102
4200.0,740.700288092535,3.8493047,39.65197,0.4654784769261937
4200.0,740.7062786064693,3.8495052,39.676941,0.4658232883668617
4200.0,740.6989296268396,3.8492646,39.676941,0.4661680998546499
4200.0,740.7077053596242,3.8495452,39.701912,0.4665129119594959
4200.0,740.7011618793812,3.8497858,39.689445,0.4668577244864462
4200.0,740.7092358733634,3.8497057,39.602062,0.4672025373037727
4200.0,740.7002098821283,3.8498259,39.664474,0.4675473493875475
4200.0,740.7064987249124,3.8501067,39.627037,0.4678921609306845
4200.0,740.6993645007163,3.8501868,39.689445,0.4682369726209159
4200.0,740.7077198489766,3.8503473,39.65197,0.468581784732507
4200.0,740.700155732338,3.8503072,39.701912,0.4689265967910739
4200.0,740.7002112372237,3.8503873,39.639503,0.4692714088754796
4200.0,740.7057750269352,3.8507082,39.689445,0.4696162200817228
4200.0,740.7002006049843,3.8507884,39.65197,0.4699610321611789
4200.0,740.7077470585908,3.8509488,39.627037,0.4703058442854366
4200.0,740.6999860186165,3.8509889,39.65197,0.4706506562649981
4200.0,740.7103758697418,3.8509488,39.614529,0.4709954696130123
4200.0,740.7019198962284,3.8512294,39.714378,0.471340282492836
4200.0,740.7093735937317,3.8511894,39.639503,0.4716850953742736
4200.0,740.7028373481678,3.8513899,39.676941,0.4720299086811911
4200.0,740.7097130483268,3.8515103,39.676941,0.4723747217206506
4200.0,740.7009405553941,3.8515503,39.664474,0.4727195341445698
4200.0,740.7098483398536,3.851871,39.664474,0.4730643472470098
4200.0,740.7013029682994,3.8521519,39.676941,0.4734091598396401
4200.0,740.7020310527233,3.8521919,39.726883,0.4737539727712095
4200.0,740.7105080237677,3.8519514,39.76432,0.4740987861807437
4200.0,740.7009512119852,3.8521118,39.676941,0.4744435986096237
4200.0,740.7086666195428,3.8521919,39.676941,0.4747884111619527
4200.0,740.7015839234396,3.8523524,39.664474,0.4751332238853737
4200.0,740.7082635906503,3.8526731,39.602062,0.4754780362500859
4200.0,740.699490073363,3.8528335,39.726883,0.4758228479987741
4200.0,740.7077187629658,3.8527935,39.639503,0.4761676601098596
4200.0,740.6991668937628,3.8528335,39.701912,0.4765124717081007
4200.0,740.7068120685916,3.8529539,39.789291,0.4768572833971045
4200.0,740.7003121036295,3.8531544,39.726883,0.4772020955284657
4200.0,740.7086613216846,3.8536355,39.714378,0.4775469080783285
4200.0,740.7026766312398,3.8533149,39.664474,0.4778917213104288
4200.0,740.701290821963,3.853435,39.689445,0.4782365338974046
4200.0,740.7084973923791,3.8536756,39.739349,0.4785813463709555
4200.0,740.7013455584429,3.8537159,39.701912,0.4789261589834124
4200.0,740.7088719918136,3.8539965,39.689445,0.4792709716313458
4200.0,740.7022899262756,3.8538761,39.701912,0.4796157846834264
4200.0,740.7096427478021,3.8540766,39.739349,0.4799605976901599
4200.0,740.7002464911895,3.8540766,39.689445,0.4803054097909771
4200.0,740.7082889439986,3.8542771,39.726883,0.4806502221674916
4200.0,740.70094901502,3.854558,39.676941,0.4809950345953489
4200.0,740.7087989565146,3.8546782,39.676941,0.4813398472092831
4200.0,740.701496741614,3.854598,39.676941,0.481684659892119
4200.0,740.7079437886142,3.8547184,39.689445,0.4820294721079579
4200.0,740.7011884666304,3.8548386,39.676941,0.4823742846472851
4200.0,740.7016833496217,3.8551595,39.701912,0.4827190974169912
4200.0,740.7099703375197,3.8551195,39.714378,0.4830639105762233
4200.0,740.7010638700943,3.8554001,39.739349,0.4834087230575481
4200.0,740.7077539804516,3.8555202,39.714378,0.483753535185028
4200.0,740.7002952212123,3.8558011,39.664474,0.4840983473085301
4200.0,740.7094821510169,3.8557611,39.714378,0.4844431602405029
4200.0,740.7008637489907,3.8558011,39.726883,0.484787972628667
4200.0,740.7073946033806,3.8559213,39.751854,0.4851327845888508
4200.0,740.7013720965795,3.8559616,39.76432,0.4854775972136617
4200.0,740.709317904728,3.8560817,39.789291,0.4858224100691751
4200.0,740.7010245148266,3.8561621,39.76432,0.4861672225321792
4200.0,740.7090729938477,3.8564827,39.776787,0.4865120352736825
4200.0,740.699316893323,3.8565228,39.751854,0.4868568469417516
4200.0,740.699180028488,3.8564827,39.726883,0.4872016585461071
4200.0,740.7084629930338,3.8568037,39.739349,0.4875464710036445
4200.0,740.7020641093147,3.8568838,39.739349,0.4878912839506025
4200.0,740.7098953254233,3.8572047,39.776787,0.4882360970749151
4200.0,740.701650842067,3.8571243,39.751854,0.4885809098294882
4200.0,740.7074851558473,3.8572047,39.726883,0.4889257218318256
4200.0,740.701502075844,3.8574052,39.689445,0.4892705345171448
4200.0,740.7094682479508,3.8574052,39.76432,0.4896153474426455
4200.0,740.7034967197213,3.8574853,39.701912,0.4899601610565149
4200.0,740.7097555535648,3.8576057,39.739349,0.4903049741157613
4200.0,740.701260329248,3.8579667,39.801758,0.4906497866885422
4200.0,740.7095987902524,3.8578062,39.789291,0.4909945996748126
4200.0,740.7027241770378,3.8579667,39.751854,0.4913394129290465
4200.0,740.7032859667877,3.8584077,39.776787,0.4916842264448058
4200.0,740.7113202839081,3.8583677,39.689445,0.4920290402324609
4200.0,740.7029828430899,3.8584878,39.801758,0.4923738536071095
4200.0,740.7116698099384,3.8586483,39.739349,0.492718667557475
4200.0,740.703627432399,3.8589289,39.751854,0.493063481232194
4200.0,740.7113127151886,3.8587284,39.776787,0.4934082950163257
4200.0,740.70228633779,3.8592098,39.751854,0.493753108066736
4200.0,740.7090303666457,3.8590894,39.76432,0.4940979207883955
4200.0,740.7016203368693,3.8591294,39.751854,0.4944427335287677
4200.0,740.709250265513,3.8592899,39.751854,0.4947875463527939
4200.0,740.702223056556,3.8594503,39.751854,0.4951323593737453
4200.0,740.7106033610664,3.8595304,39.801758,0.4954771728276606
4200.0,740.7018327021249,3.8595705,39.776787,0.4958219856668935
4200.0,740.7028081976562,3.8596909,39.776787,0.4961667989602409
4200.0,740.7107355277799,3.8600118,39.751854,0.496511612475682
4200.0,740.7035387237892,3.8600919,39.789291,0.4968564261091052
4200.0,740.7083996749425,3.860132,39.776787,0.4972012385371669
4200.0,740.702032347042,3.8604929,39.751854,0.4975460514693389
4200.0,740.7104464997326,3.8604128,39.801758,0.4978908648502326
4200.0,740.7033905315684,3.860533,39.826733,0.498235678414669
4200.0,740.711127973439,3.860894,39.789291,0.4985804921128004
4200.0,740.7044253781069,3.8605731,39.8517,0.4989253061589804
4200.0,740.7112830765282,3.8608539,39.789291,0.4992701199293149
4200.0,740.7065050068444,3.8610144,39.776787,0.4996149349436075
4200.0,740.7123948744843,3.8610544,39.801758,0.4999597492315029
4200.0,740.7042352665374,3.8611746,39.789291,0.5003045631891819
4200.0,740.7042700567995,3.861335,39.839233,0.5006493771630565
4200.0,740.7106186442073,3.8615355,39.826733,0.5009941906240863
4200.0,740.7038022114597,3.861656,39.864166,0.5013390043801688
4200.0,740.7122100838263,3.8618565,39.739349,0.501683818582041
4200.0,740.7050984338316,3.861656,39.789291,0.5020286329415432
4200.0,740.7126458039556,3.8621771,39.8517,0.5023734473462507
4200.0,740.704651841511,3.8621371,39.801758,0.5027182614978544
4200.0,740.7129631640533,3.8621371,39.826733,0.5030630760502983
4200.0,740.7034736366481,3.8626184,39.8517,0.503407889653422
4200.0,740.7124434347388,3.8626986,39.839233,0.503752703963923
4200.0,740.7048333590093,3.8626986,39.864166,0.5040975182000271
4200.0,740.7113408530381,3.8629391,39.8517,0.5044423319972575
4200.0,740.7034837196462,3.8630195,39.814266,0.5047871456050751
4200.0,740.7107560842225,3.8630996,39.789291,0.5051319591300856
4200.0,740.7028705387953,3.8631797,39.726883,0.5054767724524541
4200.0,740.7021086035902,3.8633001,39.839233,0.5058215854201251
4200.0,740.7103501007749,3.8634605,39.76432,0.5061663987561434
4200.0,740.702797931714,3.8637011,39.739349,0.5065112120447118
4200.0,740.7102376613133,3.8634605,39.814266,0.5068560253283876
4200.0,740.7025541095016,3.8637412,39.789291,0.5072008385034513
4200.0,740.7103173364826,3.8641822,39.876675,0.5075456518242174
4200.0,740.703327885318,3.8641422,39.789291,0.5078904653594906
4200.0,740.7103210842123,3.8643026,39.801758,0.5082352786820012
4200.0,740.7034036173858,3.8641422,39.889141,0.5085800922525294
4200.0,740.7097946043186,3.8643427,39.789291,0.5089249053299546
4200.0,740.7022982271044,3.8647838,39.801758,0.5092697183858995
4200.0,740.7087503481702,3.8651047,39.839233,0.5096145309772057
4200.0,740.7018404289514,3.8648238,39.864166,0.5099593438200356
4200.0,740.7035336463766,3.8649442,39.876675,0.510304157451095
4200.0,740.7106925338677,3.8651848,39.789291,0.5106489709465218
4200.0,740.70216891843,3.8654656,39.839233,0.5109937839422708
4200.0,740.7117161234787,3.8654656,39.8517,0.511338597914196
4200.0,740.7038329489185,3.8655057,39.826733,0.5116834116845874
4200.0,740.7114197593847,3.8655457,39.8517,0.5120282255185501
4200.0,740.7046358750417,3.8656662,39.926579,0.5123730396627211
4200.0,740.7111599439428,3.8657863,39.889141,0.5127178533757353
4200.0,740.703049578364,3.8659468,39.864166,0.5130626667814505
4200.0,740.7107884208225,3.8661873,39.901646,0.5134074803215143
4200.0,740.7025224080057,3.8664279,39.864166,0.5137522934818204
4200.0,740.7114505337828,3.8661473,39.839233,0.514097107330109
4200.0,740.7043851803554,3.8663878,39.901646,0.5144419213575762
4200.0,740.7032874800663,3.8664279,39.814266,0.5147867348740399
4200.0,740.7118378653482,3.8666284,39.839233,0.5151315489026381
4200.0,740.7033482586097,3.8670294,39.8517,0.5154763624473956
4200.0,740.7116194797746,3.8670294,39.839233,0.5158211763743314
4200.0,740.7046884260159,3.8672299,39.8517,0.5161659905429661
4200.0,740.7123632825596,3.8673103,39.876675,0.516510804816155
4200.0,740.7059742842209,3.8674705,39.814266,0.5168556195833846
4200.0,740.7136106409362,3.8674304,39.864166,0.5172004344372401
4200.0,740.7049938563636,3.867631,39.901646,0.5175452487480592
4200.0,740.7137373990827,3.8677914,39.814266,0.5178900636609227
4200.0,740.7066241469832,3.8679519,39.889141,0.5182348787306776
4200.0,740.7145544078343,3.8681524,39.876675,0.5185796940238728
4200.0,740.7061902504449,3.8681524,39.876675,0.5189245088916393
4200.0,740.7051909992041,3.8685133,39.939083,0.5192693232942327
4200.0,740.7126296294141,3.8683529,39.864166,0.5196141376914106
4200.0,740.7064992330578,3.8687539,39.814266,0.5199589527030153
4200.0,740.7144076541565,3.868794,39.901646,0.5203037679278941
4200.0,740.7059526900746,3.868794,39.864166,0.5206485826850712
4200.0,740.7133034367888,3.8691549,39.864166,0.520993397395918
4200.0,740.705332026527,3.869195,39.8517,0.5213382118641626
4200.0,740.71481842305,3.8693154,39.95155,0.5216830272802614
4200.0,740.7054955510521,3.8693955,39.839233,0.5220278418246302
4200.0,740.7129434738409,3.8693955,39.839233,0.5223726563679081
4200.0,740.7067493539465,3.8697965,39.939083,0.5227174714959495
4200.0,740.7138372408602,3.8697565,39.926579,0.5230622864552912
4200.0,740.7047532696408,3.869957,39.901646,0.5234071006541119
4200.0,740.7046293072698,3.869997,39.976521,0.5237519147952254
4200.0,740.7123801532776,3.8702776,39.939083,0.5240967290762679
4200.0,740.7050303555355,3.8702776,39.914112,0.5244415434040781
4200.0,740.7125752099809,3.8701975,39.939083,0.5247863577759229
4200.0,740.7059010059357,3.8706386,39.8517,0.5251311725090397
4200.0,740.7123988295116,3.870719,39.914112,0.5254759867987764
4200.0,740.7045267082165,3.8708391,39.939083,0.5258208008921278
4200.0,740.7127769691734,3.8708792,39.876675,0.5261656153578949
4200.0,740.7055705141003,3.8712401,39.926579,0.5265104299371607
4200.0,740.7125300194906,3.8711197,39.901646,0.5268552442879684
4200.0,740.7049212985995,3.8714406,39.876675,0.5272000585650103
4200.0,740.7105158849141,3.8712802,39.839233,0.527544871978204
4200.0,740.7050291469592,3.8716412,39.889141,0.5278896863054515
4200.0,740.7047768534568,3.8717616,39.839233,0.528234500515251
4200.0,740.7124437885569,3.8718417,39.914112,0.5285793148259168
4200.0,740.7043686396793,3.8720021,39.889141,0.528924128845684
4200.0,740.7111565745877,3.8722827,39.889141,0.5292689425571295
4200.0,740.7051145228775,3.8721626,39.926579,0.5296137569241215
4200.0,740.7133467347923,3.8724833,39.826733,0.5299585716551243
4200.0,740.704286633696,3.8726437,39.876675,0.5303033856367158
4200.0,740.7126237331962,3.8726437,39.914112,0.5306482000311489
4200.0,740.706031108186,3.8728843,39.914112,0.5309930148248312
4200.0,740.7123957167719,3.8729646,39.926579,0.5313378291131188
4200.0,740.7055431948704,3.8731248,39.901646,0.5316826436796669
4200.0,740.7127450719299,3.8731248,39.8517,0.5320274581305853
4200.0,740.7063342681043,3.8733253,39.8517,0.5323722730653951
4200.0,740.7064207543742,3.8735662,39.939083,0.5327170880404664
4200.0,740.7154148126108,3.8736062,39.939083,0.5330619037341947
4200.0,740.7065202658893,3.8737667,39.876675,0.5334067187555906
4200.0,740.7122646862053,3.8740473,39.864166,0.5337515329828812
4200.0,740.7044581776762,3.8741274,39.926579,0.5340963470443302
4200.0,740.7115201874485,3.8742077,39.914112,0.5344411609250439
4200.0,740.7055767524091,3.8743279,39.939083,0.5347859755072137
4200.0,740.7146362194184,3.8744884,39.964054,0.5351307908384936
4200.0,740.7047358989637,3.8746088,39.914112,0.5354756050292279
4200.0,740.7114050136216,3.8748093,39.926579,0.5358204188563261
4200.0,740.7034862342056,3.8749294,39.988987,0.5361652324653142
4200.0,740.7115383273278,3.8749294,39.901646,0.5365100463544724
4200.0,740.7046860207319,3.8753304,39.8517,0.5368548605219873
4200.0,740.7058468070329,3.8753304,39.939083,0.5371996752298734
4200.0,740.7138097871135,3.875531,39.939083,0.5375444901764349
4200.0,740.704922299471,3.8756514,39.95155,0.5378893044539427
4200.0,740.7125728294338,3.8758519,39.889141,0.5382341188246792
4200.0,740.7057254944851,3.875932,39.901646,0.5385789334760918
4200.0,740.7131473686296,3.8760924,39.976521,0.5389237481142861
4200.0,740.7032598315782,3.8762128,39.95155,0.5392685616178788
4200.0,740.712310511481,3.8762529,39.95155,0.5396133758665019
4200.0,740.7043592405726,3.8764534,39.964054,0.5399581898818935
4200.0,740.7107714772536,3.8766139,39.939083,0.5403030034140698
4200.0,740.7053799754567,3.8766539,39.914112,0.5406478179046357
4200.0,740.7129062910175,3.8769746,39.976521,0.5409926324306042
4200.0,740.7046703718567,3.8768945,39.926579,0.5413374465908343
4200.0,740.7034298506156,3.8773355,39.914112,0.5416822601735746
4200.0,740.7104848545146,3.8771751,39.964054,0.542027073572323
4200.0,740.7027251537623,3.8772955,39.926579,0.5423718868270117
4200.0,740.7104283840006,3.877496,40.026463,0.5427167001994722
4200.0,740.7038507959867,3.8775361,39.939083,0.5430615139781717
4200.0,740.7107952686044,3.8778169,39.939083,0.5434063275214233
4200.0,740.7044875604489,3.8778169,39.95155,0.5437511415965506
4200.0,740.7120171629239,3.8780174,40.063904,0.5440959557086148
4200.0,740.7031903611478,3.8782179,39.976521,0.5444407691798676
4200.0,740.7105010902427,3.8785386,39.976521,0.544785582586174
4200.0,740.702154148259,3.8785787,39.95155,0.5451303955750472
4200.0,740.709789770169,3.8787792,40.013962,0.545475208650222
4200.0,740.7018956776336,3.8786991,39.926579,0.5458200215187714
4200.0,740.7017053098606,3.87906,39.976521,0.5461648342987004
4200.0,740.7097542228078,3.8791401,40.038929,0.5465096473573273
4200.0,740.7023388036359,3.8793006,39.939083,0.5468544604321616
4200.0,740.7083460734451,3.8792605,39.889141,0.5471992728352708
4200.0,740.7026697587659,3.8794611,39.988987,0.5475440860641718
4200.0,740.708979206268,3.8794208,39.926579,0.5478888987620153
4200.0,740.7016273321244,3.8799822,39.95155,0.548233711505644
4200.0,740.709482029053,3.8797817,39.901646,0.5485785244375602
4200.0,740.7027850656751,3.8800223,39.95155,0.548923337720139
4200.0,740.7097127556953,3.8803432,40.001495,0.5492681507594623
4200.0,740.7045188344617,3.8803833,39.95155,0.5496129648491483
4200.0,740.7110920722597,3.8804233,40.063904,0.549957778530567
4200.0,740.7044166012963,3.8809447,39.964054,0.5503025925726613
4200.0,740.7042147219657,3.8807442,39.914112,0.5506474065207764
4200.0,740.7121466314929,3.8808646,39.976521,0.5509922206931105
4200.0,740.7051662800712,3.8811052,39.988987,0.5513370350841965
4200.0,740.7114392175382,3.8813057,40.013962,0.5516818489272173
4200.0,740.7050315149995,3.8811853,39.976521,0.5520266632555673
4200.0,740.7107214892437,3.8816667,39.976521,0.5523714767644733
4200.0,740.7036979397168,3.8817868,39.976521,0.552716290472015
4200.0,740.7113424154448,3.8818672,39.889141,0.5530611042699727
4200.0,740.7025058435919,3.8819072,40.001495,0.5534059174225676
4200.0,740.7117721904477,3.8821478,40.001495,0.5537507314205931
4200.0,740.7057150568539,3.8822279,40.026463,0.5540955460671466
4200.0,740.7108279352848,3.8825488,39.964054,0.5544403596256051
4200.0,740.7039672498771,3.8825889,40.013962,0.5547851734585164
4200.0,740.7041601571749,3.8828697,40.038929,0.5551299873812304
4200.0,740.7112454784954,3.8826692,40.013962,0.5554748011340623
4200.0,740.7029471258296,3.8829098,39.95155,0.5558196144920837
4200.0,740.7103177879127,3.8829098,40.013962,0.5561644278130599
4200.0,740.7017867915681,3.8831904,40.07637,0.5565092406309204
4200.0,740.709667760429,3.8833508,40.063904,0.5568540536492976
4200.0,740.7023617888934,3.8837118,40.026463,0.557198866734832
4200.0,740.7091570519412,3.8837118,40.026463,0.5575436795154657
4200.0,740.703884083816,3.8836715,40.051395,0.5578884933096614
4200.0,740.7114166953487,3.8839123,40.013962,0.5582333071421978
4200.0,740.7031320859086,3.8839924,39.988987,0.5585781205863222
4200.0,740.709460300652,3.8842731,40.001495,0.5589229335081233
4200.0,740.7022480073362,3.884233,40.013962,0.5592677465406898
4200.0,740.7026992264623,3.8845539,40.063904,0.5596125597833087
4200.0,740.7107790826033,3.8846741,40.113808,0.5599573733190254
4200.0,740.7036290068635,3.8848746,39.988987,0.5603021869944773
4200.0,740.710230239114,3.8850751,40.001495,0.5606470002746979
4200.0,740.7018405629876,3.8852355,39.964054,0.5609918131175903
4200.0,740.7083720865444,3.8852355,39.988987,0.5613366255328092
4200.0,740.7015572637495,3.8854761,40.013962,0.5616814382438194
4200.0,740.7084690969587,3.8855965,40.013962,0.5620262507041983
4200.0,740.7017627436392,3.8856766,40.051395,0.5623710635108641
4200.0,740.709947241527,3.8857169,39.976521,0.5627158766593445
4200.0,740.7031273860483,3.8860776,40.088875,0.563060690101281
4200.0,740.7104313749811,3.8862782,40.001495,0.5634055034751339
4200.0,740.7033893111231,3.8863184,39.976521,0.5637503170390021
4200.0,740.7022801365201,3.8864386,39.976521,0.5640951300865255
4200.0,740.7096634875999,3.8866391,40.051395,0.5644399431029137
4200.0,740.703563968221,3.8870401,40.051395,0.5647847567480886
4200.0,740.711982958598,3.8868396,40.026463,0.5651295708442302
4200.0,740.70383579335,3.8871605,40.013962,0.5654743846159457
4200.0,740.7101537002178,3.8870401,40.013962,0.5658191978605361
4200.0,740.7035321813921,3.8874412,40.038929,0.5661640114909137
4200.0,740.7099293461894,3.8876417,39.95155,0.5665088246310636
4200.0,740.7023242403513,3.8877218,40.063904,0.5668536376991182
4200.0,740.7106106973179,3.8877621,40.07637,0.5671984511564487
4200.0,740.7031888724255,3.8880026,40.026463,0.5675432646270084
4200.0,740.7101665547218,3.8880427,40.026463,0.5678880778775829
4200.0,740.7026857862165,3.8880827,39.988987,0.568232891113945
4200.0,740.7006965987364,3.8883636,40.088875,0.568577703424297
4200.0,740.7106564863726,3.8886042,40.001495,0.5689225169029432
4200.0,740.7024573814367,3.8886042,40.063904,0.5692673300329779
4200.0,740.7106231001871,3.8889248,40.063904,0.5696121434960821
4200.0,740.7039027481978,3.8888848,40.07637,0.5699569572989666
4200.0,740.7109055235617,3.8892057,40.088875,0.5703017708935436
4200.0,740.7025688068225,3.8892057,40.013962,0.5706465840754493
4200.0,740.7095683211733,3.8891656,40.013962,0.5709913970475359
4200.0,740.7026841874005,3.8891253,40.051395,0.5713362102831537
4200.0,740.7088076114495,3.8896868,40.051395,0.5716810229011169
4200.0,740.7022618013965,3.8898473,40.013962,0.5720258359401048
4200.0,740.7088534129871,3.8900077,40.07637,0.5723706485793895
4200.0,740.7008922399626,3.8898473,40.026463,0.5727154609808167
4200.0,740.7083892619675,3.8901279,40.001495,0.573060273404031
4200.0,740.7010755764646,3.8902082,40.07637,0.5734050858908054
4200.0,740.7023689542006,3.8907697,40.07637,0.5737498989796753
4200.0,740.7092385586155,3.8906093,40.126312,0.5740947117982518
4200.0,740.7023035496701,3.8910503,40.088875,0.5744395248566745
4200.0,740.7094496316755,3.8910103,40.063904,0.574784337773509
4200.0,740.7036988798117,3.8912108,40.088875,0.5751291514814884
4200.0,740.7096853995606,3.8912909,40.013962,0.5754739645080769
4200.0,740.7013788223298,3.8911705,40.088875,0.5758187771360188
4200.0,740.7099453617276,3.8915315,40.07637,0.5761635902836242
4200.0,740.7007449141679,3.891732,40.051395,0.5765084026164681
4200.0,740.7089810009383,3.8919725,40.176216,0.576853215315147
4200.0,740.7018292108411,3.8921731,40.063904,0.5771980281527547
4200.0,740.7089275220187,3.8921731,40.063904,0.5775428408265383
4200.0,740.7021275243801,3.8920929,40.013962,0.5778876538030173
4200.0,740.7023130955004,3.8924139,40.026463,0.5782324668658838
4200.0,740.710286574772,3.8929751,40.063904,0.5785772801723297
4200.0,740.7024197596352,3.8926544,40.038929,0.5789220932848507
4200.0,740.7088604682713,3.8929751,40.051395,0.5792669059274196
4200.0,740.7011619164202,3.893296,40.038929,0.5796117184543871
4200.0,740.7091949917186,3.8933761,40.013962,0.5799565312526824
4200.0,740.7016117311339,3.8938174,40.126312,0.5803013439890485
4200.0,740.7090202958245,3.8936169,40.013962,0.5806461567060199
4200.0,740.7025960894225,3.8938174,40.101341,0.5809909699006263
4200.0,740.7105920939349,3.8941782,40.026463,0.5813357833492965
4200.0,740.7022350927987,3.8941782,40.051395,0.581680596375851
4200.0,740.7105425454862,3.8942585,40.113808,0.5820254098014557
4200.0,740.7030194271856,3.8942184,40.051395,0.5823702231931349
4200.0,740.703151104105,3.894419,40.088875,0.5827150366461127
4200.0,740.7098339964077,3.8947797,40.063904,0.5830598497418756
4200.0,740.7042488651708,3.8950202,40.038929,0.5834046637058851
4200.0,740.7117914044688,3.89486,40.07637,0.5837494777128549
4200.0,740.7031548761486,3.8949401,40.063904,0.5840942911675886
4200.0,740.7107295701708,3.8951406,40.063904,0.5844391046802564
4200.0,740.7018448232911,3.8955016,40.07637,0.5847839175251319
4200.0,740.7100392954183,3.8955817,40.051395,0.5851287307164651
4200.0,740.701469056701,3.8957021,40.063904,0.5854735433864131
4200.0,740.710148145949,3.8957021,40.126312,0.585818356628418
4200.0,740.7026540235346,3.8959827,40.013962,0.586163169849994
4200.0,740.7101819479576,3.8962636,40.126312,0.5865079831077342
4200.0,740.7052466510179,3.8963838,40.138779,0.5868527975362348
4200.0,740.7007848548974,3.8963838,40.101341,0.5871976098876719
4200.0,740.7086186578526,3.8965843,40.063904,0.587542422417674
4200.0,740.7015216563784,3.8967848,40.07637,0.5878872351121083
4200.0,740.7110537418296,3.8968651,40.088875,0.5882320487756836
4200.0,740.7035914216916,3.8971858,40.151283,0.5885768624336387
4200.0,740.7104280792954,3.8971457,40.088875,0.5889216758059573
4200.0,740.702016160385,3.8977873,40.051395,0.5892664887305941
4200.0,740.7100102307659,3.8975868,40.101341,0.5896113019083971
4200.0,740.702278158924,3.8977873,40.151283,0.5899561149549999
4200.0,740.7085489550739,3.8980279,40.101341,0.590300927452554
4200.0,740.7026643752189,3.8980682,40.088875,0.5906457406789489
4200.0,740.7091874354819,3.8981884,40.126312,0.5909905534737266
4200.0,740.701299818552,3.8984692,40.126312,0.5913353660648907
4200.0,740.7017204467381,3.8985493,40.138779,0.5916801788518662
4200.0,740.7096042100743,3.8988299,40.188721,0.5920249918406597
4200.0,740.6998498867853,3.8987098,40.101341,0.5923698037568488
4200.0,740.707158298527,3.8988299,40.026463,0.5927146156070286
4200.0,740.7001646792006,3.8990705,40.138779,0.5930594276697605
4200.0,740.7073162951892,3.8993113,40.126312,0.5934042395934904
4200.0,740.7001377999368,3.8995519,40.113808,0.5937490516437095
4200.0,740.7066335154868,3.899632,40.138779,0.5940938632495938
4200.0,740.7028510077827,3.899672,40.151283,0.5944386765628701
4200.0,740.7096867912996,3.8997524,40.101341,0.5947834895901065
4200.0,740.702253024586,3.8998725,40.07637,0.5951283026250087
4200.0,740.7099262090977,3.9003139,40.151283,0.5954731157636982
4200.0,740.7017915517958,3.9003539,40.138779,0.5958179285837747
4200.0,740.7011598295488,3.9005544,40.151283,0.5961627411097709
4200.0,740.7081874786277,3.900795,40.101341,0.5965075534390515
4200.0,740.7001252271403,3.9009955,40.113808,0.5968523654834176
4200.0,740.707161008131,3.9009554,40.101341,0.5971971773348588
4200.0,740.7011202297418,3.9009955,40.101341,0.5975419898424202
4200.0,740.7081110868656,3.9013965,40.188721,0.5978868021361393
4200.0,740.700211054075,3.9015169,40.176216,0.5982316142204598
4200.0,740.7079975360182,3.9015169,40.126312,0.5985764264613189
4200.0,740.7001678297665,3.901958,40.151283,0.5989212385255175
4200.0,740.7060356971476,3.9021184,40.063904,0.5992660498531072
4200.0,740.6992165272508,3.9021986,40.176216,0.5996108614744536
4200.0,740.7065817694369,3.9020782,40.101341,0.5999556730562493
4200.0,740.6991570550994,3.9025996,40.07637,0.6003004846499101
4200.0,740.6988179088253,3.9024391,40.101341,0.6006452960856912
4200.0,740.7076438599411,3.9028001,40.088875,0.6009901081619081
4200.0,740.6995547096923,3.9029605,40.126312,0.6013349199406859
4200.0,740.7083701703195,3.9030406,40.213692,0.6016797323550127
4200.0,740.7009587190333,3.9033616,40.063904,0.6020245447873874
4200.0,740.707147715089,3.9033616,40.226158,0.6023693566326405
4200.0,740.7012068748087,3.9034417,40.126312,0.6027141691805371
4200.0,740.7093431123743,3.9036422,40.16375,0.6030589820477851
4200.0,740.7008035685964,3.9038026,40.151283,0.6034037944079339
4200.0,740.7087463683816,3.9039228,40.101341,0.6037486069973874
4200.0,740.7025792076192,3.9040833,40.151283,0.6040934201841349
4200.0,740.7101940080593,3.9043641,40.101341,0.6044382334474894
4200.0,740.702465914322,3.9046848,40.151283,0.6047830465814963
4200.0,740.7027667184781,3.9045243,40.201187,0.6051278598555342
4200.0,740.709976709929,3.9048452,40.188721,0.6054726730177327
4200.0,740.7027181836773,3.9051259,40.176216,0.6058174862691765
4200.0,740.7097016590267,3.9050057,40.16375,0.6061622993033342
4200.0,740.7012235128913,3.9052863,40.126312,0.6065071118589762
4200.0,740.709748742413,3.9055269,40.201187,0.6068519249150519
4200.0,740.7009108190116,3.9056473,40.113808,0.6071967373251281
4200.0,740.70845908671,3.9059682,40.16375,0.6075415497808471
4200.0,740.70079180104,3.9061284,40.188721,0.6078863621355178
4200.0,740.7099456791202,3.9060884,40.151283,0.608231175283271
4200.0,740.703241203826,3.9062088,40.113808,0.6085759887781921
4200.0,740.7101629412343,3.9065697,40.113808,0.6089208020270844
4200.0,740.7000510206292,3.9066899,40.151283,0.6092656140369058
4200.0,740.7002985536992,3.9070108,40.151283,0.6096104261619593
4200.0,740.7065905588187,3.9070108,40.201187,0.6099552377478464
4200.0,740.6995296115747,3.9072514,40.176216,0.6103000495149405
4200.0,740.7070314059337,3.9074519,40.16375,0.6106448613060497
4200.0,740.6996048922169,3.9073315,40.176216,0.6109896731081885
4200.0,740.7065626043242,3.9077725,40.138779,0.6113344846810624
4200.0,740.6997499848259,3.9077325,40.238625,0.611679296550745
4200.0,740.7084692796999,3.9082539,40.151283,0.6120241090112091
4200.0,740.70116411359,3.9080935,40.138779,0.6123689215391994
4200.0,740.7094816754395,3.9081736,40.113808,0.6127137344709509
4200.0,740.7016388185118,3.9083741,40.176216,0.6130585472199267
4200.0,740.7082089383398,3.9085345,40.151283,0.6134033595591973
4200.0,740.7008305217336,3.9088554,40.188721,0.6137481719318935
4200.0,740.699376158588,3.9090159,40.188721,0.6140929836275518
4200.0,740.7090818317286,3.9092164,40.201187,0.6144377963731692
4200.0,740.7018077750826,3.9091761,40.176216,0.614782609200798
4200.0,740.7087217588904,3.9094169,40.176216,0.6151274217787953
4200.0,740.7029313666559,3.9095371,40.176216,0.6154722351294805
4200.0,740.7106120642958,3.9095771,40.188721,0.6158170485874473
4200.0,740.7036092804241,3.9100184,40.201187,0.6161618622537162
4200.0,740.7104507238582,3.9099782,40.151283,0.6165066756365762
4200.0,740.7026334063174,3.910219,40.276104,0.6168514888485543
4200.0,740.7103612578115,3.9105396,40.201187,0.6171963021897665
4200.0,740.7010403836848,3.9105797,40.188721,0.6175411146601579
4200.0,740.7096814441239,3.91066,40.113808,0.6178859276849051
4200.0,740.7014979014873,3.9108202,40.201187,0.6182307403682811
4200.0,740.7018312981218,3.9111412,40.188721,0.6185755532068603
4200.0,740.7084593797508,3.9112616,40.213692,0.6189203656627157
4200.0,740.7008508583956,3.9113417,40.16375,0.6192651780448789
4200.0,740.7078715344162,3.9114621,40.138779,0.6196099902270822
4200.0,740.7002375191569,3.9117427,40.213692,0.6199548023237227
4200.0,740.7086688044565,3.9119432,40.201187,0.6202996148770689
4200.0,740.7007983808854,3.9120636,40.213692,0.6206444272348027
4200.0,740.7088849924287,3.9119833,40.238625,0.620989239888788
4200.0,740.7010884058739,3.9124243,40.226158,0.6213340523815348
4200.0,740.7093769749557,3.9127452,40.16375,0.6216788652645464
4200.0,740.7004621027805,3.9125848,40.188721,0.6220236774657355
4200.0,740.7097823970828,3.9127452,40.213692,0.622368490537478
4200.0,740.7014892218785,3.9132667,40.213692,0.6227133032168134
4200.0,740.7014832410009,3.9132264,40.263599,0.6230581158933645
4200.0,740.7097215325941,3.9133868,40.138779,0.6234029289367736
4200.0,740.7023061735047,3.9137077,40.276104,0.6237477419964177
4200.0,740.7094628399977,3.9138682,40.101341,0.624092554919401
4200.0,740.7036467192817,3.9138682,40.276104,0.6244373686030984
4200.0,740.7109487122888,3.9141488,40.16375,0.6247821822177806
4200.0,740.703658730968,3.9141889,40.226158,0.6251269959070698
4200.0,740.7100177867978,3.9145098,40.201187,0.6254718090883902
4200.0,740.7029139225147,3.9145498,40.251133,0.6258166224309547
4200.0,740.7097164049943,3.9145899,40.201187,0.6261614354719769
4200.0,740.7014993662672,3.9147904,40.238625,0.6265062481560346
4200.0,740.7083227089679,3.9151514,40.201187,0.6268510605482674
4200.0,740.7025413660393,3.9151914,40.226158,0.6271958737173988
4200.0,740.7009866605592,3.9153118,40.226158,0.6275406861627809
4200.0,740.7083272015777,3.9156725,40.28857,0.6278854985571051
4200.0,740.7013042982246,3.9159534,40.251133,0.6282303111503544
4200.0,740.7100118907846,3.9159133,40.226158,0.6285751243289303
4200.0,740.7006053759765,3.9157929,40.201187,0.6289199365968161
4200.0,740.7082177643516,3.9163544,40.263599,0.6292647489401954
4200.0,740.6997100436871,3.9164746,40.301033,0.6296095607912845
4200.0,740.7069002040857,3.9165549,40.176216,0.6299543725213169
4200.0,740.7009755644115,3.9168756,40.213692,0.6302991849615336
4200.0,740.7068500691462,3.9166751,40.201187,0.6306439966682272
4200.0,740.699802926449,3.9172766,40.201187,0.6309888085625553
4200.0,740.708271793132,3.9172766,40.176216,0.6313336209310859
4200.0,740.6994359112946,3.9175174,40.238625,0.6316784326545605
4200.0,740.7005844045356,3.9174771,40.313541,0.6320232449126837
4200.0,740.7071652318473,3.9178381,40.238625,0.6323680567660911
4200.0,740.7005207209885,3.9179184,40.238625,0.6327128689945681
4200.0,740.7076705444557,3.9183195,40.213692,0.6330576810832071
4200.0,740.69964695788,3.9184797,40.201187,0.6334024929049286
4200.0,740.707734839486,3.9184797,40.226158,0.633747305023498
4200.0,740.7010128819203,3.9188006,40.213692,0.6340921174810867
4200.0,740.7079472674503,3.9186001,40.263599,0.634436929698545
4200.0,740.6999679276229,3.9190812,40.251133,0.6347817416696848
4200.0,740.7074052725617,3.9191213,40.151283,0.6351265536348352
4200.0,740.7015282110536,3.9193621,40.238625,0.6354713663323209
4200.0,740.7076085696044,3.9194822,40.238625,0.6358161783921096
4200.0,740.6993203964759,3.9198432,40.226158,0.6361609900618095
4200.0,740.7070862524452,3.9198432,40.188721,0.6365058018784505
4200.0,740.6994251444052,3.9199233,40.263599,0.6368506135969129
4200.0,740.7000940869591,3.9202843,40.176216,0.6371954256267826
4200.0,740.7074369741719,3.9204447,40.301033,0.6375402376066907
4200.0,740.6997295867733,3.9204447,40.226158,0.6378850494668775
4200.0,740.7072060279537,3.9209661,40.313541,0.6382298613392762
4200.0,740.6996868380373,3.9209259,40.251133,0.6385746731795626
4200.0,740.7067165724942,3.9211264,40.263599,0.6389194848241113
4200.0,740.6988135509106,3.9211264,40.251133,0.6392642962578636
4200.0,740.7056106584777,3.9215274,40.226158,0.6396091073875905
4200.0,740.6981331704678,3.9217682,40.213692,0.6399539185046108
4200.0,740.7065438785679,3.9216478,40.213692,0.6402987300687676
4200.0,740.7001087228894,3.9219687,40.226158,0.6406435421054506
4200.0,740.7065572090586,3.9223294,40.28857,0.640988353675813
4200.0,740.6995478734389,3.9221692,40.226158,0.6413331654514084
4200.0,740.6993947980045,3.9226503,40.251133,0.6416779771557438
4200.0,740.7067267534103,3.9227705,40.226158,0.6420227888050319
4200.0,740.6992264639346,3.9230113,40.238625,0.6423676004310042
4200.0,740.7071659157456,3.9231315,40.263599,0.6427124122847299
4200.0,740.6989834719278,3.9232519,40.251133,0.6430572237975841
4200.0,740.705838784383,3.9232118,40.251133,0.6434020350335075
4200.0,740.7003930234083,3.9236128,40.313541,0.6437468472025386
4200.0,740.7078194593093,3.9240139,40.313541,0.6440916593605001
4200.0,740.7015337777493,3.9236529,40.251133,0.6444364720605771
4200.0,740.7067636792092,3.924094,40.226158,0.6447812837270549
4200.0,740.7020764025792,3.9242144,40.226158,0.6451260966797356
4200.0,740.7072906837932,3.9242144,40.238625,0.645470908591543
4200.0,740.7005566218068,3.9244549,40.238625,0.6458157208367328
4200.0,740.700956595123,3.9247355,40.251133,0.6461605332681187
4200.0,740.708807672636,3.9247756,40.28857,0.6465053458861104
4200.0,740.7006510419941,3.925297,40.201187,0.6468501581752547
4200.0,740.7100129287056,3.9253771,40.251133,0.6471949713543137
4200.0,740.7006019700256,3.9254975,40.238625,0.647539783620614
4200.0,740.7077605110454,3.925658,40.28857,0.647884595751134
4200.0,740.7003631533987,3.9257381,40.263599,0.6482294079062599
4200.0,740.7074551013636,3.9259386,40.238625,0.6485742198946066
4200.0,740.6996598364017,3.9262996,40.251133,0.6489190317223231
4200.0,740.7087561707185,3.9265401,40.251133,0.6492638443163398
4200.0,740.7016062016818,3.9265001,40.238625,0.6496086570501318
4200.0,740.7086253836706,3.9266605,40.28857,0.6499534695832648
4200.0,740.7007063283291,3.9270213,40.276104,0.6502982818981462
4200.0,740.7001462470798,3.9269812,40.28857,0.6506430939522975
4200.0,740.7076144410612,3.9272621,40.28857,0.6509879060148195
4200.0,740.7003212219765,3.9275427,40.301033,0.6513327181504254
4200.0,740.7087110045801,3.9275427,40.301033,0.6516775307234164
4200.0,740.7014525280983,3.9279838,40.301033,0.65202234338567
4200.0,740.7105069610856,3.9279437,40.301033,0.6523671567947095
4200.0,740.7011668239854,3.9282243,40.188721,0.6527119693239616
4200.0,740.7086269464866,3.9283848,40.276104,0.6530567818578221
4200.0,740.7014250134417,3.9285052,40.263599,0.6534015945072671
4200.0,740.708972077519,3.9288661,40.263599,0.653746407201792
4200.0,740.700313935116,3.9288661,40.276104,0.6540912193340058
4200.0,740.7075979364396,3.9290667,40.338512,0.6544360313888445
4200.0,740.7004339783106,3.9292269,40.251133,0.654780843576941
4200.0,740.7010167020532,3.9294274,40.263599,0.6551256560363081
4200.0,740.7074549067535,3.9295878,40.326008,0.6554704680245641
4200.0,740.7020821022879,3.9299488,40.301033,0.6558152809798983
4200.0,740.7110402046551,3.9299889,40.276104,0.6561600946371717
4200.0,740.7019308822823,3.9301093,40.251133,0.6565049075221097
4200.0,740.7100423598637,3.9303899,40.28857,0.6568497207148692
4200.0,740.7021498386383,3.93047,40.28857,0.6571945337017362
4200.0,740.7075594238821,3.930871,40.350979,0.6575393457386467
4200.0,740.6998250209288,3.9310715,40.251133,0.6578841576432602
4200.0,740.7097343377806,3.931232,40.326008,0.6582289706926303
4200.0,740.7023527433967,3.9313524,40.338512,0.6585737837739538
4200.0,740.7101183486946,3.9313924,40.313541,0.6589185970020875
4200.0,740.7022303563086,3.931633,40.28857,0.6592634100264372
4200.0,740.7014149912204,3.931994,40.238625,0.6596082226712165
4200.0,740.709425852603,3.9321144,40.338512,0.6599530355769815
4200.0,740.7006361007479,3.9321144,40.226158,0.6602978478591705
4200.0,740.7071141330655,3.9322746,40.313541,0.6606426596887904
4200.0,740.7006618946258,3.932395,40.263599,0.6609874719829869
4200.0,740.7081542997399,3.9326756,40.313541,0.6613322842968223
4200.0,740.7009658970278,3.9329965,40.313541,0.6616770967325386
4200.0,740.7081720248192,3.9328361,40.326008,0.6620219090546253
4200.0,740.7029959898886,3.9332771,40.226158,0.662366722435394
4200.0,740.7087077694672,3.9333975,40.313541,0.662711535006879
4200.0,740.7019572867921,3.9338787,40.301033,0.6630563479041087
4200.0,740.7090055617258,3.9336782,40.313541,0.6634011606142212
4200.0,740.7010375151063,3.933959,40.400921,0.6637459730832772
4200.0,740.7018810537769,3.9341195,40.28857,0.6640907859450188
4200.0,740.7084142013342,3.9343197,40.313541,0.6644355983798429
4200.0,740.7008250282973,3.9345605,40.338512,0.6647804107499816
4200.0,740.7090631548807,3.9349213,40.338512,0.6651252234869046
4200.0,740.701923448289,3.9350817,40.338512,0.6654700363683819
4200.0,740.7083747850979,3.9351621,40.363483,0.665814848784857
4200.0,740.701458264846,3.9353626,40.28857,0.6661596614497811
4200.0,740.7085509451728,3.9354026,40.326008,0.6665044739482617
4200.0,740.7008478191512,3.9357636,40.313541,0.6668492863290102
4200.0,740.707707068142,3.9358838,40.276104,0.6671940984346516
4200.0,740.699445749958,3.9361646,40.276104,0.6675389101627063
4200.0,740.7062000046232,3.9362848,40.301033,0.6678837215667839
4200.0,740.7005306940974,3.9367259,40.28857,0.6682285337999037
4200.0,740.7004432916751,3.9366057,40.350979,0.6685733459923358
4200.0,740.7074462759657,3.9368463,40.350979,0.668918157976574
4200.0,740.7010444735271,3.9368463,40.301033,0.6692629704488693
4200.0,740.7100340581329,3.9371672,40.301033,0.6696077836377643
4200.0,740.7023133517039,3.9375682,40.251133,0.6699525967007501
4200.0,740.7114101526811,3.9374878,40.301033,0.6702974105302407
4200.0,740.7039985488553,3.9378488,40.313541,0.6706422243777225
4200.0,740.7096567372254,3.9379692,40.338512,0.6709870373909682
4200.0,740.7023499114479,3.9380493,40.326008,0.6713318504709733
4200.0,740.709799023259,3.9384103,40.350979,0.6716766635504556
4200.0,740.702191745709,3.9386508,40.301033,0.6720214765568311
4200.0,740.7099499394666,3.9384904,40.350979,0.6723662897065675
4200.0,740.7015830936431,3.9388514,40.263599,0.6727111024296022
4200.0,740.7026418657385,3.9392123,40.338512,0.6730559156455184
4200.0,740.7089713700875,3.9392924,40.301033,0.673400728339714
4200.0,740.702641377274,3.939533,40.350979,0.6737455415554028
4200.0,740.7097136589648,3.9394929,40.326008,0.6740903545951467
4200.0,740.701606909311,3.9397736,40.363483,0.674435167329268
4200.0,740.7098875365139,3.9400144,40.363483,0.6747799804499548
4200.0,740.7019723133711,3.9400544,40.301033,0.6751247933541797
4200.0,740.7103847199008,3.9402549,40.251133,0.6754696067063138
4200.0,740.7031211725002,3.9406559,40.326008,0.6758144201453579
4200.0,740.7104765536023,3.9407361,40.301033,0.6761592335402421
4200.0,740.7027407179186,3.9409766,40.338512,0.6765040468021761
4200.0,740.7102317280559,3.9411371,40.400921,0.6768488600830899
4200.0,740.7025225790809,3.9416184,40.350979,0.6771936732434756
4200.0,740.7024716758306,3.9415781,40.28857,0.6775384863801647
4200.0,740.7096090689852,3.9417386,40.37595,0.67788329937122
4200.0,740.7020082017066,3.9419792,40.350979,0.6782281122921517
4200.0,740.709347177292,3.9421396,40.263599,0.6785729251612921
4200.0,740.7002169502337,3.9422197,40.350979,0.6789177372483572
4200.0,740.7087095150243,3.9425006,40.388416,0.6792625498206549
4200.0,740.7006183768701,3.942661,40.388416,0.6796073620945929
4200.0,740.7076171385917,3.9428616,40.326008,0.6799521741583706
4200.0,740.7008241250368,3.9431422,40.350979,0.6802969865280889
4200.0,740.7107741868576,3.9432626,40.37595,0.6806418000615265
4200.0,740.7013317766607,3.9436636,40.338512,0.6809866126675678
4200.0,740.7077718150118,3.9437037,40.301033,0.68133142480335
4200.0,740.699627878293,3.9438238,40.263599,0.6816762366161894
4200.0,740.7003942074284,3.9439442,40.28857,0.6820210487857716
4200.0,740.7089372877255,3.9442248,40.313541,0.6823658614641013
4200.0,740.7013880630487,3.9445057,40.338512,0.682710674096345
4200.0,740.7095143169495,3.9445858,40.326008,0.6830554870432917
4200.0,740.7002712952461,3.9450672,40.388416,0.6834002991556557
4200.0,740.70882941352,3.9451072,40.338512,0.6837451117837681
4200.0,740.7022058450852,3.9451873,40.326008,0.6840899247967072
4200.0,740.7089271796602,3.9455884,40.28857,0.6844347374703313
4200.0,740.7006897753749,3.9455082,40.350979,0.684779549777507
4200.0,740.7082728062918,3.9458692,40.301033,0.6851243621465092
4200.0,740.7007657026649,3.94627,40.338512,0.6854691744890306
4200.0,740.7083203286254,3.9461098,40.326008,0.6858139868801553
4200.0,740.7010529816514,3.9465108,40.37595,0.6861587993564113
4200.0,740.700518242445,3.9465909,40.301033,0.6865036115837345
4200.0,740.7066587352068,3.9467914,40.326008,0.6868484232013591
4200.0,740.7003473082782,3.9472325,40.388416,0.6871932353491088
4200.0,740.7079284078613,3.9471924,40.350979,0.6875380475577877
4200.0,740.701156801764,3.947433,40.350979,0.6878828600823742
4200.0,740.7090673053368,3.9476335,40.338512,0.6882276728212293
4200.0,740.6997818811348,3.947794,40.338512,0.6885724847057604
4200.0,740.708134683197,3.9479945,40.326008,0.6889172970104639
4200.0,740.7010425931328,3.9484756,40.37595,0.6892621094818838
4200.0,740.7069991061683,3.9483154,40.413387,0.6896069212579569
4200.0,740.700856912942,3.9488766,40.388416,0.6899517336429387
4200.0,740.7081565214884,3.9488766,40.37595,0.6902965459578083
4200.0,740.7000673044879,3.9491975,40.425896,0.6906413579752102
4200.0,740.6997233981907,3.9491575,40.37595,0.6909861698325162
4200.0,740.7073504501974,3.9492776,40.338512,0.6913309817721458
4200.0,740.6996392427176,3.9497991,40.400921,0.6916757935902755
4200.0,740.7078360245036,3.949719,40.338512,0.6920206057559484
4200.0,740.7005963795922,3.9499996,40.37595,0.6923654180196462
4200.0,740.707160849537,3.95016,40.363483,0.6927102298710136
4200.0,740.6997128875047,3.9505208,40.338512,0.6930550417234266
4200.0,740.707819764219,3.950561,40.326008,0.6933998538815299
4200.0,740.6995378397579,3.9508417,40.37595,0.6937446656524544
4200.0,740.7058826936384,3.9510021,40.363483,0.6940894769088183
4200.0,740.6988680545155,3.9511223,40.338512,0.6944342883679432
4200.0,740.7062302297744,3.9514432,40.37595,0.6947790997860911
4200.0,740.6990612059433,3.9514832,40.338512,0.6951239113351322
4200.0,740.6996574552646,3.9516838,40.425896,0.6954687231617402
4200.0,740.7074959959006,3.9519243,40.438362,0.6958135351691239
4200.0,740.699156591191,3.9524057,40.350979,0.6961583467625689
4200.0,740.7065638738947,3.9522853,40.388416,0.6965031583360338
4200.0,740.6990445191575,3.9526463,40.37595,0.6968479698773069
4200.0,740.7070589079749,3.9527667,40.363483,0.6971927816812187
4200.0,740.6984761503808,3.9530072,40.37595,0.6975375929579036
4200.0,740.7071934916609,3.9530072,40.350979,0.6978824048244664
4200.0,740.7010775782078,3.9533682,40.400921,0.6982272173121726
4200.0,740.7081862213354,3.9536088,40.388416,0.6985720296408681
4200.0,740.7004748712084,3.9540098,40.463329,0.6989168418480011
4200.0,740.7061831586662,3.9539697,40.400921,0.6992616532442366
4200.0,740.6984557402546,3.9542103,40.263599,0.6996064645114202
4200.0,740.7004025694432,3.9543705,40.400921,0.6999512766848952
4200.0,740.7062220385478,3.9547715,40.301033,0.7002960880992299
4200.0,740.700710783241,3.9548919,40.37595,0.7006409004161852
4200.0,740.709121150762,3.955333,40.388416,0.7009857131801063
4200.0,740.7006111014692,3.9551325,40.37595,0.7013305254506574
4200.0,740.7083767616908,3.9556539,40.413387,0.7016753378680527
4200.0,740.7014994395266,3.9554935,40.438362,0.7020201505521446
4200.0,740.7075633791142,3.9558144,40.400921,0.7023649625908963
4200.0,740.700520793634,3.956095,40.363483,0.7027097748194072
4200.0,740.7095880971287,3.9564159,40.37595,0.7030545878006998
4200.0,740.7017278926004,3.9567366,40.425896,0.7033994005911416
4200.0,740.7105595129976,3.9565761,40.326008,0.7037442140246449
4200.0,740.7018632803774,3.9566565,40.413387,0.7040890268781126
4200.0,740.7095323835686,3.9572179,40.413387,0.7044338398334696
4200.0,740.7023752897113,3.957298,40.425896,0.7047786529252889
4200.0,740.7013740858398,3.957619,40.450829,0.7051234655510259
4200.0,740.7083637007077,3.9577792,40.37595,0.705468277962341
4200.0,740.7009373688123,3.9578595,40.475796,0.7058130903847768
4200.0,740.708383268956,3.9583006,40.400921,0.7061579028052012
4200.0,740.7009033115542,3.9585011,40.388416,0.7065027152117825
4200.0,740.709618174941,3.9585812,40.413387,0.7068475282070769
4200.0,740.7021739845876,3.9588218,40.400921,0.7071923412051843
4200.0,740.711514022951,3.9591427,40.438362,0.7075371550830282
4200.0,740.7031047785476,3.9595037,40.400921,0.7078819685144404
4200.0,740.7114645960569,3.9593432,40.425896,0.7082267823692754
4200.0,740.7033973062266,3.9596238,40.388416,0.7085715959368656
4200.0,740.7119090323076,3.9599047,40.413387,0.7089164099985932
4200.0,740.7025834552354,3.9599447,40.413387,0.709261223187318
4200.0,740.7046406479568,3.9603457,40.413387,0.7096060373337109
4200.0,740.7118562606149,3.9604661,40.37595,0.7099508513708723
4200.0,740.7050952359948,3.9607468,40.400921,0.7102956657288858
4200.0,740.7104692783329,3.9607868,40.37595,0.7106404791203833
4200.0,740.7016986328135,3.9609473,40.400921,0.710985291897204
4200.0,740.7092797818002,3.9613082,40.313541,0.7113301047349706
4200.0,740.702357357924,3.9615488,40.363483,0.7116749178184422
4200.0,740.7113937704327,3.9616692,40.400921,0.7120197316403066
4200.0,740.7031775323525,3.9619899,40.438362,0.7123645451055872
4200.0,740.7099143679582,3.9621103,40.438362,0.7127093582387645
4200.0,740.7017545770512,3.962431,40.400921,0.7130541710416285
4200.0,740.7090922569818,3.962471,40.388416,0.713398983792099
4200.0,740.7020759378523,3.9627519,40.413387,0.7137437967445635
4200.0,740.7027180737882,3.9627919,40.450829,0.7140886099959561
4200.0,740.7115660497634,3.9633934,40.413387,0.7144334238980196
4200.0,740.7038866106534,3.963233,40.475796,0.7147782376933915
4200.0,740.7108678281215,3.9636741,40.37595,0.7151230512704209
4200.0,740.7034165200545,3.9638746,40.450829,0.7154678648469555
4200.0,740.7094802832912,3.9643559,40.400921,0.7158126777780589
4200.0,740.7034892986201,3.9643559,40.400921,0.7161574913884735
4200.0,740.7100768932464,3.9646366,40.37595,0.7165023045973091
4200.0,740.7033944257793,3.9646766,40.438362,0.7168471181635584
4200.0,740.7114603238415,3.9651179,40.413387,0.7171919320164045
4200.0,740.702824957906,3.9654787,40.463329,0.7175367453175542
4200.0,740.7101424091436,3.9652781,40.438362,0.7178815585568884
4200.0,740.7036931180985,3.965519,40.488304,0.7182263722621856
4200.0,740.7036882594412,3.9658396,40.400921,0.7185711859652207
4200.0,740.7107744313994,3.9659197,40.400921,0.7189159994987723
4200.0,740.7031017145424,3.966361,40.37595,0.7192608129287581
4200.0,740.7105021766628,3.9662406,40.413387,0.7196056263355703
4200.0,740.7030538386676,3.9666016,40.413387,0.7199504397432689
4200.0,740.7116606542556,3.9666417,40.450829,0.7202952536893723
4200.0,740.7027072219751,3.9669223,40.450829,0.7206400669357133
4200.0,740.7116530372416,3.9674437,40.438362,0.7209848808782707
4200.0,740.7020979472038,3.9675238,40.425896,0.721329693840981
4200.0,740.7105111240246,3.9677243,40.425896,0.7216745072519585
4200.0,740.7037241970937,3.9678848,40.425896,0.7220193209717234
4200.0,740.7096813225694,3.9682457,40.413387,0.7223641339964141
4200.0,740.7028325996042,3.9684863,40.400921,0.722708947301121
4200.0,740.7008729162457,3.9686868,40.313541,0.7230537596935527
4200.0,740.7101635389802,3.9688473,40.463329,0.7233985729427234
4200.0,740.7022480202282,3.9688873,40.400921,0.7237433859752959
4200.0,740.7109938413878,3.9694488,40.450829,0.7240881996109865
4200.0,740.7031482113796,3.9694488,40.400921,0.7244330130626175
4200.0,740.7113593952346,3.9697294,40.438362,0.7247778268684797
4200.0,740.7028577824409,3.9700103,40.425896,0.7251226401849098
4200.0,740.7107832328547,3.9701304,40.388416,0.7254674537225585
4200.0,740.700960684556,3.970331,40.425896,0.7258122661558483
4200.0,740.7080144188097,3.9706519,40.400921,0.7261570784045667
4200.0,740.7019187977459,3.9709725,40.425896,0.726501891283879
4200.0,740.7089969923293,3.9710128,40.475796,0.7268467039900022
4200.0,740.7011750877751,3.9712534,40.363483,0.7271915165231013
4200.0,740.7011175686637,3.9716544,40.400921,0.727536329029424
4200.0,740.7100374399708,3.9716945,40.488304,0.7278811422198933
4200.0,740.7022442111456,3.9721355,40.388416,0.7282259552506927
4200.0,740.7095471422238,3.9720955,40.475796,0.72857076821292
4200.0,740.7024686973629,3.9722559,40.450829,0.7289155813482225
4200.0,740.7097893062559,3.9725366,40.37595,0.7292603944231815
4200.0,740.702036168198,3.9727371,40.413387,0.7296052073571323
4200.0,740.7103957426954,3.973058,40.488304,0.7299500207143976
4200.0,740.7023864832654,3.9732585,40.463329,0.7302948338114278
4200.0,740.7092889739083,3.9734991,40.400921,0.7306396466534734
4200.0,740.7028678899952,3.9736996,40.438362,0.7309844599746088
4200.0,740.7095442492646,3.9742208,40.425896,0.7313292729354894
4200.0,740.7023205166016,3.974261,40.488304,0.7316740860018106
4200.0,740.7029252138846,3.974261,40.388416,0.7320188993496316
4200.0,740.7091973722656,3.9749026,40.400921,0.7323637121490351
4200.0,740.7017961906748,3.9748626,40.450829,0.732708524971271
4200.0,740.7105023962387,3.9751432,40.513237,0.7330533383781855
4200.0,740.7032059013616,3.9754641,40.475796,0.7333981518566726
4200.0,740.7107567552285,3.9755843,40.500771,0.7337429653819956
4200.0,740.7021051982532,3.9758651,40.475796,0.7340877783480813
4200.0,740.7094724346276,3.9762661,40.37595,0.7344325912755311
4200.0,740.7027120681497,3.9762661,40.475796,0.734777404524128
4200.0,740.710260853895,3.9765067,40.463329,0.7351222178186003
4200.0,740.7035150916794,3.9767473,40.475796,0.7354670314410222
4200.0,740.7099328986949,3.9769478,40.475796,0.7358118445828259
4200.0,740.703044964246,3.9772687,40.438362,0.7361566579863932
4200.0,740.7020357407148,3.9775493,40.438362,0.736501470920145
4200.0,740.7116393040245,3.9776695,40.438362,0.7368462848563094
4200.0,740.7023826256843,3.9777899,40.463329,0.7371910979515438
4200.0,740.7106449877961,3.9781909,40.463329,0.737535911424837
4200.0,740.7030535945377,3.9783914,40.37595,0.737880724832422
4200.0,740.7115782807373,3.9784715,40.488304,0.738225538740179
4200.0,740.7026250326385,3.9784315,40.400921,0.738570351948259
4200.0,740.7089755322079,3.9791133,40.513237,0.7389151646443922
4200.0,740.7026764114614,3.979073,40.463329,0.7392599778763902
4200.0,740.7100060676222,3.979434,40.450829,0.7396047910522552
4200.0,740.7036506014191,3.9796345,40.425896,0.7399496047377598
4200.0,740.710573831887,3.9799554,40.463329,0.7402944181779288
4200.0,740.7037439360158,3.9801159,40.425896,0.7406392319068827
4200.0,740.7026756176808,3.9804766,40.425896,0.7409840451385112
4200.0,740.7108969907953,3.9806771,40.488304,0.7413288587291161
4200.0,740.7031879687557,3.980958,40.425896,0.7416736721992552
4200.0,740.7128020059477,3.9811985,40.425896,0.7420184866766774
4200.0,740.7046306259401,3.9814391,40.450829,0.7423633008184047
4200.0,740.7138499971384,3.9814792,40.450829,0.7427081157836847
4200.0,740.7056417300703,3.9816396,40.450829,0.7430529303961031
4200.0,740.7133100042175,3.9819605,40.488304,0.743397745110007
4200.0,740.7045890245946,3.9821208,40.488304,0.7437425592323681
4200.0,740.71116742651,3.9824417,40.525742,0.7440873729488655
4200.0,740.7040822031764,3.9827626,40.400921,0.7444321868352902
4200.0,740.7130562677347,3.9828827,40.525742,0.7447770014310755
4200.0,740.7044457024908,3.9833238,40.463329,0.745121815486717
4200.0,740.7043178219666,3.9834843,40.438362,0.7454666294828273
4200.0,740.711673313331,3.9836848,40.400921,0.7458114434348238
4200.0,740.7034324990065,3.9838452,40.488304,0.746156257018797
4200.0,740.7109533264533,3.9840457,40.438362,0.7465010706356271
4200.0,740.7033310958421,3.9842062,40.488304,0.746845884172395
4200.0,740.7107214278525,3.9845672,40.425896,0.7471906976812723
4200.0,740.7034197798957,3.9847274,40.475796,0.7475355112593245
4200.0,740.7113883628889,3.9850883,40.450829,0.7478803250786716
4200.0,740.7040221324667,3.9854493,40.475796,0.748225138937132
4200.0,740.7125930693023,3.9856098,40.475796,0.7485699533172906
4200.0,740.7044721915149,3.9856098,40.475796,0.7489147673852633
4200.0,740.7126390531718,3.9860108,40.488304,0.7492595817868282
4200.0,740.7055080270561,3.9864519,40.463329,0.7496043963370048
4200.0,740.7054620186835,3.9864118,40.438362,0.7499492108657637
4200.0,740.7139101290251,3.9866524,40.475796,0.750294025859036
4200.0,740.7060061445139,3.9870534,40.438362,0.7506388406410973
4200.0,740.7135249956748,3.9872539,40.425896,0.7509836554550835
4200.0,740.7049115694159,3.987294,40.488304,0.7513284697275961
4200.0,740.7120647826649,3.9877751,40.425896,0.7516732838618282
4200.0,740.7051212119982,3.9879756,40.463329,0.7520180982319341
4200.0,740.7133283024862,3.9881761,40.438362,0.7523629129543563
4200.0,740.7065973653306,3.9885371,40.438362,0.7527077280116438
4200.0,740.711795969725,3.9886174,40.538208,0.7530525420207388
4200.0,740.706716151041,3.9888179,40.513237,0.7533973571333236
4200.0,740.714208629329,3.9890985,40.463329,0.7537421722655528
4200.0,740.7060856975331,3.989259,40.488304,0.7540869870846478
4200.0,740.7046727036766,3.9894996,40.425896,0.7544318012459633
4200.0,740.7120937621883,3.9897001,40.463329,0.7547766153936858
4200.0,740.7064468159151,3.9901812,40.538208,0.7551214303808892
4200.0,740.7145603895907,3.9903016,40.513237,0.7554662456768689
4200.0,740.7051844074899,3.9907026,40.488304,0.7558110600763938
4200.0,740.7121230106051,3.9906626,40.400921,0.7561558742377319
4200.0,740.7059384691448,3.9910233,40.513237,0.7565006889882888
4200.0,740.7114061487454,3.9913042,40.513237,0.7568455028159156
4200.0,740.704392601866,3.9912641,40.525742,0.7571903168468376
4200.0,740.711444100187,3.9919057,40.525742,0.7575351306921313
4200.0,740.7033220511639,3.9922667,40.488304,0.7578799442246886
4200.0,740.7118605817386,3.9921463,40.463329,0.7582247582638616
4200.0,740.7058531666906,3.9924672,40.500771,0.7585695729747084
4200.0,740.705419660392,3.9927878,40.450829,0.7589143874837485
4200.0,740.7109061826989,3.9927878,40.475796,0.7592592010786324
4200.0,740.7043156370748,3.9934695,40.500771,0.7596040150737257
4200.0,740.7106685718492,3.9933093,40.425896,0.7599488285579977
4200.0,740.7029992366332,3.9937503,40.488304,0.7602936419402779
4200.0,740.7115126923985,3.9938705,40.350979,0.7606384558175024
4200.0,740.7042211063844,3.9941113,40.463329,0.7609832697685897
4200.0,740.7121899784047,3.9943919,40.425896,0.7613280839611024
4200.0,740.7049403779819,3.9945924,40.400921,0.7616728982470261
4200.0,740.7112378492031,3.994873,40.425896,0.7620177119963065
4200.0,740.7036040681569,3.9951539,40.538208,0.762362525660149
4200.0,740.7110629830507,3.9953144,40.488304,0.7627073393280261
4200.0,740.704111157852,3.995595,40.488304,0.7630521532279299
4200.0,740.7034401288358,3.9958756,40.513237,0.7633969668154549
4200.0,740.712182385538,3.9962366,40.450829,0.7637417810044331
4200.0,740.7037554224032,3.9963169,40.488304,0.7640865947387342
4200.0,740.7116264137089,3.996758,40.463329,0.764431408668898
4200.0,740.7037967554717,3.9970386,40.488304,0.7647762224224405
4200.0,740.7109583433441,3.9970787,40.463329,0.7651210360416062
4200.0,740.7046623761393,3.9973595,40.500771,0.765465850198114
4200.0,740.7117699932558,3.9976001,40.525742,0.7658106641951165
4200.0,740.7049887545994,3.9977605,40.525742,0.7661554785035606
4200.0,740.7120095209441,3.9980011,40.475796,0.7665002926120674
4200.0,740.7036302395869,3.9983218,40.488304,0.7668451062880931
4200.0,740.7104916175766,3.9985626,40.425896,0.76718991968999
4200.0,740.7044462640102,3.9989636,40.538208,0.7675347337458929
4200.0,740.7111262395462,3.9991238,40.488304,0.7678795474432171
4200.0,740.7047441754409,3.9992843,40.525742,0.7682243616378042
4200.0,740.7054229196193,3.9994447,40.488304,0.7685691761483615
4200.0,740.7110706366948,3.9998057,40.525742,0.7689139898198016
4200.0,740.7031397030506,4.0003672,40.550713,0.769258803267472
4200.0,740.7107895680199,4.0004873,40.513237,0.7696036168080698
4200.0,740.7024243985142,4.0006475,40.513237,0.7699484299227503
4200.0,740.7095246316985,4.0010486,40.500771,0.7702932428744986
4200.0,740.7023349454408,4.0009685,40.550713,0.7706380559475368
4200.0,740.7103657135867,4.0013294,40.513237,0.770982869290823
4200.0,740.7037008940375,4.0015697,40.488304,0.7713276829997401
4200.0,740.7093555512598,4.0020113,40.538208,0.7716724958727785
4200.0,740.7036323641112,4.0020514,40.450829,0.7720173095497933
4200.0,740.712736502738,4.0023718,40.425896,0.7723621239967225
4200.0,740.7045521108314,4.0026126,40.500771,0.7727069381018995
4200.0,740.7026955884548,4.0028934,40.525742,0.7730517513428248
4200.0,740.7096692006672,4.0030937,40.475796,0.7733965643618724
4200.0,740.7019631211508,4.0034146,40.488304,0.7737413772618182
4200.0,740.710545023236,4.0036955,40.500771,0.7740861906885763
4200.0,740.7031341242814,4.0036955,40.463329,0.7744310041336495
4200.0,740.7119498404876,4.0042968,40.550713,0.774775818214374
4200.0,740.7045494497532,4.0045776,40.488304,0.7751206323183122
4200.0,740.7130389453819,4.0043769,40.463329,0.7754654469060337
4200.0,740.7030633359993,4.0049386,40.488304,0.7758102603181535
4200.0,740.7108498834664,4.005219,40.513237,0.7761550738868291
4200.0,740.7026874218669,4.0053797,40.463329,0.7764998871239527
4200.0,740.7111691477153,4.0057006,40.463329,0.7768447008412513
4200.0,740.7042925050938,4.0059009,40.475796,0.7771895148255762
4200.0,740.7021563943367,4.0062618,40.450829,0.7775343278154948
4200.0,740.7089998613459,4.0063419,40.475796,0.7778791405229536
4200.0,740.7005044485894,4.0067029,40.500771,0.7782239527438556
4200.0,740.7092581514205,4.0068231,40.488304,0.7785687655715527
4200.0,740.70071149087,4.007144,40.550713,0.7789135778888374
4200.0,740.7095186628343,4.0074248,40.488304,0.7792583908378071
4200.0,740.70124624215,4.0074649,40.538208,0.7796032034040302
4200.0,740.7116156104904,4.0080261,40.500771,0.7799480173291649
4200.0,740.7024958823519,4.0081468,40.500771,0.7802928304771226
4200.0,740.7098819339507,4.0083871,40.513237,0.7806376435952013
4200.0,740.7035813753233,4.0087881,40.463329,0.7809824572484797
4200.0,740.71094994482,4.0089889,40.575645,0.7813272708637357
4200.0,740.7045505361623,4.0093498,40.450829,0.7816720849681795
4200.0,740.7038048608737,4.0096703,40.538208,0.7820168987254953
4200.0,740.7091238122763,4.009871,40.538208,0.7823617114906554
4200.0,740.7033082808413,4.0100713,40.475796,0.7827065250168023
4200.0,740.7103721461593,4.0105128,40.525742,0.7830513383630832
4200.0,740.7026426468317,4.0104723,40.563179,0.7833961515793629
4200.0,740.7095118025695,4.0107532,40.563179,0.7837409645251391
4200.0,740.7024797566762,4.0107532,40.488304,0.78408577766559
4200.0,740.7088474557872,4.011395,40.525742,0.7844305903021014
4200.0,740.7013878189188,4.0116754,40.475796,0.7847754029342314
4200.0,740.7088564033536,4.0115952,40.550713,0.7851202155749081
4200.0,740.7026585766713,4.0120764,40.538208,0.7854650287986036
4200.0,740.7096172598025,4.0123572,40.538208,0.7858098417934719
4200.0,740.7026671707425,4.012598,40.450829,0.7861546550211681
4200.0,740.7026712354146,4.012598,40.488304,0.7864994682507566
4200.0,740.7091144370175,4.0131192,40.450829,0.7868442810115522
4200.0,740.7005513727051,4.0134802,40.475796,0.7871890932542984
4200.0,740.7089859938866,4.0135603,40.450829,0.7875339059553016
4200.0,740.7021303199039,4.0140014,40.513237,0.787878718933082
4200.0,740.7100925551713,4.0143623,40.550713,0.7882235321492085
4200.0,740.7018063103026,4.0144825,40.500771,0.7885683449761555
4200.0,740.7091824548118,4.0146832,40.500771,0.7889131577686146
4200.0,740.7020298447608,4.0149236,40.538208,0.7892579706996217
4200.0,740.7083258341905,4.0152044,40.538208,0.7896027830933093
4200.0,740.7003948424119,4.0154853,40.513237,0.7899475952631871
4200.0,740.7076733770468,4.0156054,40.500771,0.7902924073531449
4200.0,740.7023745935418,4.0160465,40.513237,0.79063722044464
4200.0,740.7024032680715,4.0164075,40.550713,0.7909820335494838
4200.0,740.7086528380312,4.0168085,40.475796,0.7913268460953973
4200.0,740.7023028778522,4.0169287,40.488304,0.7916716591535072
4200.0,740.7082674840818,4.0172496,40.488304,0.7920164715200319
4200.0,740.7009110635508,4.0172095,40.488304,0.7923612839302219
4200.0,740.7088761905641,4.0175304,40.538208,0.7927060965801098
4200.0,740.7023586395552,4.0179715,40.500771,0.793050909664178
4200.0,740.7097949096377,4.0180116,40.513237,0.7933957227417454
4200.0,740.7010598537161,4.0184126,40.525742,0.7937405352212006
4200.0,740.7088279853555,4.0185728,40.513237,0.7940853478486481
4200.0,740.7010859647787,4.0187736,40.58815,0.7944301603402585
4200.0,740.7081545315941,4.0194154,40.525742,0.7947749726542018
4200.0,740.6998382407822,4.0195355,40.538208,0.7951197845649696
4200.0,740.7012029320992,4.0198164,40.563179,0.7954645971110308
4200.0,740.708818463781,4.0199366,40.500771,0.7958094097340459
4200.0,740.7013016498338,4.0202575,40.513237,0.7961542223260624
4200.0,740.7088979560045,4.0204978,40.438362,0.7964990349860824
4200.0,740.7021279154384,4.0208588,40.488304,0.7968438479627435
4200.0,740.7088162665891,4.0208187,40.525742,0.7971886605847359
4200.0,740.7003396058033,4.0212598,40.438362,0.7975334727289
4200.0,740.7099654180363,4.021781,40.563179,0.7978782858858419
4200.0,740.7016473757486,4.0219817,40.463329,0.7982230986388013
4200.0,740.7086338435861,4.022222,40.475796,0.7985679111758726
4200.0,740.6989254156484,4.0225029,40.538208,0.7989127226617002
4200.0,740.7095487535388,4.0227036,40.500771,0.7992575356246777
4200.0,740.6997628991588,4.0230241,40.538208,0.7996023475003723
4200.0,740.7012748307328,4.0232248,40.538208,0.7999471600799039
4200.0,740.7086725769473,4.023706,40.500771,0.8002919726350062
4200.0,740.6997763394046,4.0238261,40.613125,0.8006367845169574
4200.0,740.7076558351181,4.0240669,40.513237,0.800981596598749
4200.0,740.7010670808231,4.0241871,40.575645,0.8013264090815685
4200.0,740.7087385313824,4.0247087,40.513237,0.8016712216673737
4200.0,740.7000043899606,4.0251098,40.575645,0.8020160336554875
4200.0,740.7075577513805,4.0252299,40.513237,0.8023608456916194
4200.0,740.6994639385626,4.0253901,40.513237,0.8027056574281413
4200.0,740.7078125376532,4.0257511,40.525742,0.8030504695828805
4200.0,740.7001839546236,4.026072,40.488304,0.8033952816545856
4200.0,740.7086640319026,4.0263128,40.513237,0.80374009420571
4200.0,740.7006214768912,4.0266733,40.625591,0.8040849064810912
4200.0,740.7002638618667,4.026834,40.513237,0.8044297185899948
4200.0,740.7094243141389,4.0270743,40.538208,0.8047745314950435
4200.0,740.7006018480629,4.027235,40.538208,0.8051193437612871
4200.0,740.7083917401266,4.0277562,40.550713,0.805464156185655
4200.0,740.7009130773673,4.0282373,40.538208,0.8058089685967826
4200.0,740.7075877684156,4.0281572,40.488304,0.8061537806468879
4200.0,740.7015700567337,4.028358,40.563179,0.8064985933638537
4200.0,740.7091250208648,4.0287189,40.488304,0.8068434061295764
4200.0,740.7007863319554,4.0289192,40.550713,0.8071882184817012
4200.0,740.7080629297468,4.0292401,40.538208,0.8075330307530023
4200.0,740.700417571466,4.0293603,40.550713,0.807877842933461
4200.0,740.708316227487,4.0297613,40.575645,0.8082226553226766
4200.0,740.701258388077,4.0299621,40.538208,0.8085674678945537
4200.0,740.7031827566932,4.0304832,40.488304,0.8089122813622664
4200.0,740.7093849339188,4.0305634,40.538208,0.8092570942489831
4200.0,740.7019359852743,4.0309644,40.525742,0.8096019071362965
4200.0,740.7099358769879,4.0311651,40.58815,0.8099467202794867
4200.0,740.7008656287712,4.0315661,40.550713,0.8102915326685258
4200.0,740.70817381908,4.0318866,40.538208,0.8106363449914478
4200.0,740.7005586601796,4.0318465,40.513237,0.8109811572375865
4200.0,740.7082253449402,4.0319266,40.563179,0.8113259695844945
4200.0,740.7017021850787,4.0324082,40.525742,0.811670782362969
4200.0,740.7084809372797,4.0328894,40.525742,0.8120155948288597
4200.0,740.7019973740405,4.0329695,40.58815,0.8123604077447509
4200.0,740.7089739092286,4.0334506,40.500771,0.8127052204401286
4200.0,740.7026767286462,4.0336514,40.538208,0.8130500336722742
4200.0,740.7025714801788,4.0338116,40.58815,0.8133948468554244
4200.0,740.7087610658502,4.0340123,40.538208,0.8137396594517198
4200.0,740.7004385066865,4.0345736,40.563179,0.8140844716419243
4200.0,740.708288809961,4.0346537,40.613125,0.8144292840183766
4200.0,740.7019835192035,4.0350146,40.538208,0.8147740969278181
4200.0,740.70997685604,4.0352955,40.538208,0.8151189100900845
4200.0,740.7025814657704,4.0356565,40.525742,0.8154637232778833
4200.0,740.7091587850156,4.0357766,40.58815,0.8158085360593237
4200.0,740.7023154023548,4.0361376,40.600616,0.8161533491232641
4200.0,740.7095223129519,4.0362177,40.513237,0.816498162073933
4200.0,740.7022405123615,4.0366588,40.538208,0.8168429751030105
4200.0,740.7081723174507,4.0367789,40.538208,0.8171877874252335
4200.0,740.701549353979,4.0370598,40.550713,0.8175326001325616
4200.0,740.7014720834625,4.0375009,40.550713,0.8178774128039187
4200.0,740.7097110222116,4.037621,40.550713,0.818222225842435
4200.0,740.7011245260612,4.0380626,40.625591,0.8185670383519965
4200.0,740.7105908980338,4.0381026,40.550713,0.8189118518001101
4200.0,740.7015357794924,4.0386238,40.625591,0.819256664501119
4200.0,740.7090336627407,4.0389047,40.488304,0.8196014772243129
4200.0,740.7012272478959,4.0392656,40.563179,0.8199462897816937
4200.0,740.7077145760843,4.0393457,40.563179,0.8202911018908302
4200.0,740.7002470158745,4.0398269,40.513237,0.8206359139918916
4200.0,740.7084249433661,4.0400271,40.58815,0.8209807264317163
4200.0,740.7012964860651,4.0403481,40.575645,0.8213255390213289
4200.0,740.7095196150121,4.0404687,40.58815,0.8216703519707419
4200.0,740.7020538558553,4.0407491,40.538208,0.8220151649129266
4200.0,740.7020305648726,4.0411901,40.563179,0.822359977844269
4200.0,740.7095905990258,4.0417118,40.525742,0.8227047908267262
4200.0,740.7019338855109,4.0416312,40.563179,0.8230496037130622
4200.0,740.7070904880304,4.0421529,40.563179,0.823394415531675
4200.0,740.7014246227928,4.042273,40.550713,0.8237392281809381
4200.0,740.708879682497,4.0425539,40.575645,0.8240840408324516
4200.0,740.7020088117247,4.0426741,40.550713,0.8244288537536674
4200.0,740.7091525718143,4.0431552,40.513237,0.8247736665322155
4200.0,740.7034830118125,4.0432754,40.58815,0.8251184801397035
4200.0,740.7094241551356,4.0436363,40.58815,0.8254632930446782
4200.0,740.7015119763073,4.0440373,40.550713,0.8258081057346063
4200.0,740.7096486562983,4.0443583,40.525742,0.8261529187440902
4200.0,740.7019709944963,4.0445189,40.575645,0.8264977316477012
4200.0,740.7035336830064,4.0448394,40.58815,0.8268425452787779
4200.0,740.7099611087815,4.0451202,40.563179,0.8271873584337137
4200.0,740.7036110142994,4.045361,40.58815,0.8275321721007897
4200.0,740.7097594476103,4.0456815,40.500771,0.8278769851618488
4200.0,740.7024094691368,4.0459223,40.563179,0.8282217982695793
4200.0,740.7094600933543,4.0463634,40.58815,0.828566611191284
4200.0,740.701116897255,4.0466843,40.550713,0.8289114236972942
4200.0,740.7083728553671,4.0470052,40.563179,0.8292562361128709
4200.0,740.6998448327012,4.0472856,40.58815,0.8296010480267073
4200.0,740.7072105330465,4.0475264,40.550713,0.8299458599012032
4200.0,740.7002746764362,4.0478072,40.563179,0.8302906720151412
4200.0,740.7093100802116,4.0479274,40.550713,0.8306354848670121
4200.0,740.7002416083852,4.0481682,40.563179,0.8309802969655562
4200.0,740.7083406534184,4.0488095,40.575645,0.8313251093661425
4200.0,740.7012251972449,4.0488896,40.575645,0.8316699219225686
4200.0,740.7024701259223,4.0491705,40.538208,0.8320147350585362
4200.0,740.7086718928443,4.0497718,40.550713,0.83235954761332
4200.0,740.700439886338,4.0497317,40.600616,0.8327043598041668
4200.0,740.7095682724696,4.0500526,40.575645,0.8330491727762307
4200.0,740.7021488870839,4.0505738,40.613125,0.8333939857626546
4200.0,740.7088569894352,4.0507746,40.600616,0.833738798403604
4200.0,740.7028297551727,4.0510154,40.575645,0.8340836117069869
4200.0,740.7110531070443,4.0513358,40.550713,0.8344284253702666
4200.0,740.7035550086711,4.0513759,40.625591,0.8347732390112708
4200.0,740.7099228763727,4.0519776,40.550713,0.8351180521484087
4200.0,740.7018445789565,4.0520978,40.575645,0.8354628649931706
4200.0,740.7102533351069,4.0526996,40.550713,0.8358076782841428
4200.0,740.702886493191,4.0526996,40.550713,0.8361524916139385
4200.0,740.7037467923162,4.0529399,40.600616,0.8364973053442221
4200.0,740.7119764642249,4.0531807,40.575645,0.8368421194373403
4200.0,740.7035959259205,4.0535016,40.58815,0.8371869330973923
4200.0,740.7114017909915,4.0539827,40.550713,0.8375317469229905
4200.0,740.7026774244065,4.054143,40.525742,0.83787656015546
4200.0,740.710535697295,4.0543838,40.58815,0.8382213735778766
4200.0,740.7046103868892,4.0548248,40.625591,0.8385661877101823
4200.0,740.7106575967352,4.0550251,40.550713,0.8389110011893453
4200.0,740.7032757984567,4.0555868,40.563179,0.8392558147003709
4200.0,740.7105156411909,4.0555468,40.550713,0.8396006281134512
4200.0,740.7042248657406,4.0559878,40.600616,0.8399454420662884
4200.0,740.711854845138,4.0563488,40.58815,0.840290256102791
4200.0,740.7052563063281,4.0567098,40.613125,0.8406350705357861
4200.0,740.7045737049777,4.0569901,40.575645,0.8409798846510156
4200.0,740.7120683715959,4.057271,40.663025,0.8413246987869184
4200.0,740.7037492579676,4.0575919,40.663025,0.8416695125183498
4200.0,740.7124520282825,4.0581131,40.58815,0.8420143268328513
4200.0,740.7046099473324,4.0581131,40.625591,0.8423591409649523
4200.0,740.7112150218992,4.0583138,40.58815,0.8427039547036063
4200.0,740.703701346077,4.058434,40.563179,0.8430487684127336
4200.0,740.7117105690053,4.0593562,40.525742,0.8433935823820732
4200.0,740.7030390197934,4.0594363,40.638058,0.8437383957828732
4200.0,740.7103788482394,4.059557,40.663025,0.844083209132274
4200.0,740.703026067603,4.059958,40.550713,0.8444280225270445
4200.0,740.7114634975632,4.0602384,40.650558,0.8447728363813681
4200.0,740.7028794989591,4.0605192,40.563179,0.8451176497079077
4200.0,740.7032073166197,4.0609202,40.600616,0.8454624631870536
4200.0,740.7115445532166,4.061161,40.58815,0.84580727707911
4200.0,740.702890973273,4.0616822,40.575645,0.8461520904109912
4200.0,740.7117392556925,4.0616822,40.563179,0.8464969043936849
4200.0,740.702936932533,4.0621233,40.650558,0.846841717746961
4200.0,740.7108140438829,4.0624843,40.650558,0.8471865312989528
4200.0,740.703029571165,4.0628853,40.575645,0.8475313446953544
4200.0,740.7095582260002,4.0628452,40.550713,0.8478761576627414
4200.0,740.7020507063125,4.0632863,40.575645,0.84822097060346
4200.0,740.7089964678436,4.0634866,40.575645,0.8485657833093391
4200.0,740.7002674378696,4.0639682,40.625591,0.8489105954199073
4200.0,740.7086470152781,4.0639682,40.575645,0.8492554079631103
4200.0,740.7017537836799,4.0644894,40.650558,0.8496002207656049
4200.0,740.7016147951391,4.0646496,40.58815,0.8499450335033973
4200.0,740.7093364841684,4.0652514,40.550713,0.8502898463675598
4200.0,740.7023156704271,4.0653715,40.638058,0.850634659431625
4200.0,740.710867583989,4.0656123,40.563179,0.8509794730085406
4200.0,740.7020999861905,4.0660534,40.675533,0.8513242859722001
4200.0,740.7101401135211,4.0662937,40.550713,0.8516690992104657
4200.0,740.7018622428761,4.0664144,40.525742,0.8520139120634505
4200.0,740.7100497450234,4.0669355,40.613125,0.8523587252596481
4200.0,740.7016063234398,4.0674167,40.575645,0.8527035379934967
4200.0,740.7099393316768,4.0676174,40.600616,0.853048351138295
4200.0,740.7028520448747,4.0676575,40.525742,0.8533931644520542
4200.0,740.7103282015016,4.0681787,40.625591,0.8537379777778781
4200.0,740.7019531967452,4.0683789,40.538208,0.8540827906732038
4200.0,740.7019981674118,4.0688605,40.638058,0.8544276035894645
4200.0,740.7089967117714,4.0689006,40.600616,0.854772416295457
4200.0,740.7002390078791,4.0693417,40.625591,0.8551172283927905
4200.0,740.7081830723748,4.0697026,40.538208,0.8554620407200201
4200.0,740.702864984787,4.070344,40.575645,0.855806854039803
4200.0,740.7098029170999,4.0702639,40.600616,0.856151667121098
4200.0,740.7017018552065,4.0704241,40.625591,0.8564964798994188
4200.0,740.7091647915331,4.0707049,40.550713,0.8568412926836554
4200.0,740.7025647783709,4.071146,40.575645,0.8571861058636857
4200.0,740.7115751804804,4.0714269,40.625591,0.8575309197699996
4200.0,740.7027915108704,4.0715871,40.600616,0.8578757330555788
4200.0,740.7084104538092,4.0721087,40.613125,0.8582205454886583
4200.0,740.7004301446717,4.0725498,40.675533,0.8585653576749702
4200.0,740.7019648791731,4.0725899,40.625591,0.8589101705757344
4200.0,740.7092304899668,4.0725899,40.575645,0.8592549833905547
4200.0,740.7005084524848,4.073472,40.58815,0.8595997956133207
4200.0,740.7078445936955,4.0736322,40.575645,0.8599446077829825
4200.0,740.702305112061,4.0737929,40.600616,0.8602894208421326
4200.0,740.7081596219499,4.0743542,40.625591,0.8606342331584456
4200.0,740.7015113904363,4.074635,40.525742,0.8609790458481008
4200.0,740.7104235015564,4.0749159,40.575645,0.8613238592182885
4200.0,740.7011534201647,4.0752363,40.550713,0.8616686717413008
4200.0,740.7095419534373,4.0754371,40.575645,0.8620134847011127
4200.0,740.7020562730082,4.0756373,40.525742,0.8623582976444227
4200.0,740.7104321200659,4.0758381,40.663025,0.8627031110186225
4200.0,740.703175554347,4.0765195,40.538208,0.8630479244829824
4200.0,740.701550196258,4.0765195,40.575645,0.8633927371907026
4200.0,740.7098933961017,4.0770411,40.650558,0.8637375503141171
4200.0,740.7019746812069,4.0775223,40.575645,0.8640823632194443
4200.0,740.7091821496974,4.0773215,40.538208,0.8644271760117614
4200.0,740.702538753255,4.0782843,40.538208,0.8647719891796766
4200.0,740.7089305369417,4.0785246,40.650558,0.8651168018548636
4200.0,740.700507098208,4.0785246,40.550713,0.8654616140769991
4200.0,740.7090226888545,4.0788054,40.663025,0.8658064267950845
4200.0,740.7018312367311,4.0791264,40.563179,0.8661512396336352
4200.0,740.7097173575816,4.0793266,40.650558,0.8664960526751007
4200.0,740.702991570788,4.0797276,40.613125,0.8668408660538122
4200.0,740.7097270868629,4.0800486,40.538208,0.8671856790998069
4200.0,740.7011088039266,4.0802493,40.613125,0.8675304916020494
4200.0,740.7022160621194,4.0806503,40.600616,0.8678753046197447
4200.0,740.7097371820361,4.0810513,40.550713,0.8682201176704389
4200.0,740.7044956902025,4.0810513,40.575645,0.8685649317493508
4200.0,740.7110738589156,4.0818133,40.575645,0.8689097454222909
4200.0,740.7035687415455,4.0816126,40.625591,0.869254559069688
4200.0,740.7116653416803,4.0821338,40.638058,0.8695993730179734
4200.0,740.7032714161905,4.0824146,40.550713,0.869944186526959
4200.0,740.7099731572188,4.0827756,40.58815,0.8702889996875037
4200.0,740.7027660961819,4.0829358,40.58815,0.8706338129612519
4200.0,740.7113560383624,4.0832567,40.58815,0.8709786267655514
4200.0,740.7031823171365,4.0835776,40.575645,0.8713234402330594
4200.0,740.7101813864326,4.0837779,40.58815,0.8716682534905383
4200.0,740.7039466572162,4.0842996,40.563179,0.8720130673138634
4200.0,740.7041867431963,4.08462,40.563179,0.8723578812489537
4200.0,740.7108839656237,4.084981,40.638058,0.8727026948334953
4200.0,740.7032711595778,4.085422,40.563179,0.8730475083423614
4200.0,740.7103480496941,4.0856228,40.613125,0.873392321677425
4200.0,740.7037389551912,4.0858636,40.638058,0.8737371354040602
4200.0,740.7110003728003,4.0859036,40.58815,0.8740819490427912
4200.0,740.7036976716445,4.0863047,40.600616,0.8744267627502081
4200.0,740.710113758268,4.0867457,40.638058,0.8747715759762049
4200.0,740.7023369475933,4.0871067,40.58815,0.8751163890501751
4200.0,740.7099773690661,4.0872669,40.563179,0.8754612022126804
4200.0,740.703700381426,4.0875478,40.600616,0.8758060159213588
4200.0,740.7120058951783,4.0879889,40.563179,0.8761508300281777
4200.0,740.7051202115358,4.0880289,40.625591,0.8764956443978178
4200.0,740.7049851530171,4.0884299,40.600616,0.8768404587045853
4200.0,740.7129372847869,4.0889111,40.600616,0.8771852732449821
4200.0,740.7046934915596,4.0890312,40.563179,0.8775300874159747
4200.0,740.7128941451729,4.0895128,40.575645,0.8778749019362893
4200.0,740.7047056501741,4.0895929,40.600616,0.878219716112942
4200.0,740.711660178269,4.0898733,40.550713,0.8785645300588238
4200.0,740.7054298289275,4.0902343,40.58815,0.8789093445725976
4200.0,740.7124627093326,4.0907559,40.563179,0.8792541588920714
4200.0,740.7048270116297,4.0908761,40.563179,0.8795989731252206
4200.0,740.7121417973432,4.0913572,40.538208,0.8799437872953043
4200.0,740.7050781335947,4.0913172,40.575645,0.8802886016453563
4200.0,740.7125845119793,4.0918384,40.575645,0.8806334160215312
4200.0,740.7040862316281,4.0920792,40.550713,0.8809782299098312
4200.0,740.7036769928321,4.09236,40.513237,0.8813230436076216
4200.0,740.7125331320258,4.0927205,40.58815,0.8816678579598783
4200.0,740.7036756009024,4.0928011,40.550713,0.8820126716570207
4200.0,740.7103804961845,4.0932822,40.563179,0.8823574850071886
4200.0,740.7036348297627,4.0935225,40.58815,0.8827022986853512
4200.0,740.711748960622,4.0940042,40.625591,0.8830471126725628
4200.0,740.7033430340643,4.0940843,40.513237,0.883391926214888
4200.0,740.7122774670399,4.0945654,40.538208,0.8837367404481283
4200.0,740.7037703761321,4.0946856,40.575645,0.8840815541893907
4200.0,740.7111378731834,4.0949664,40.538208,0.8844263678921306
4200.0,740.7044629510007,4.0954876,40.613125,0.8847711819558016
4200.0,740.7107342455218,4.0955682,40.613125,0.8851159954706459
4200.0,740.7058412773762,4.0959287,40.650558,0.8854608101759579
4200.0,740.7062730620776,4.0962496,40.538208,0.8858056250822751
4200.0,740.7126802642829,4.0965304,40.525742,0.8861504395030243
4200.0,740.7039239885297,4.0969715,40.58815,0.8864952533157966
4200.0,740.712136681817,4.0971317,40.575645,0.886840067483499
4200.0,740.7036282020326,4.0974126,40.475796,0.8871848811585762
4200.0,740.7105882731496,4.0978937,40.600616,0.8875296946054678
4200.0,740.7035781163005,4.0980144,40.600616,0.887874508257229
4200.0,740.7109936586465,4.0985756,40.613125,0.8882193218928346
4200.0,740.7033162886321,4.0986557,40.625591,0.8885641354227093
4200.0,740.7127561925411,4.0987358,40.488304,0.8889089498788045
4200.0,740.70490192577,4.0991368,40.613125,0.8892537641468279
4200.0,740.7106498583713,4.0996985,40.525742,0.8895985776223885
4200.0,740.7027571969994,4.0998187,40.58815,0.8899433908919939
4200.0,740.7035608430299,4.1002197,40.58815,0.8902882045357141
4200.0,740.7112018264692,4.1003399,40.613125,0.8906330182682253
4200.0,740.7033420333975,4.100781,40.525742,0.8909778318100847
4200.0,740.7123987073431,4.1011019,40.58815,0.8913226460997644
4200.0,740.705126485656,4.1015029,40.600616,0.8916674604723254
4200.0,740.7135982751063,4.1019039,40.538208,0.8920122753204244
4200.0,740.7050104336694,4.1020241,40.58815,0.8923570896389605
4200.0,740.7115708953728,4.1024251,40.525742,0.8927019035432796
4200.0,740.7033245898701,4.1026659,40.58815,0.8930467170770188
4200.0,740.7118569686604,4.1027861,40.550713,0.8933915311145099
4200.0,740.7049007421591,4.1029468,40.538208,0.8937363453819822
4200.0,740.7108800468171,4.1031871,40.563179,0.8940811589646995
4200.0,740.704798960624,4.1037889,40.550713,0.8944259731847903
4200.0,740.704811667252,4.1039491,40.538208,0.8947707874107964
4200.0,740.7111332958535,4.1043501,40.513237,0.8951156011114054
4200.0,740.705771025648,4.104671,40.600616,0.8954604157840138
4200.0,740.7123591447911,4.1048713,40.563179,0.8958052300552765
4200.0,740.7066618663958,4.1051121,40.513237,0.8961500451425906
4200.0,740.7123257213616,4.105473,40.563179,0.896494859398294
4200.0,740.7059003220443,4.1059942,40.525742,0.8968396741310926
4200.0,740.7125117822039,4.1058741,40.613125,0.8971844884734106
4200.0,740.705443842357,4.1063552,40.513237,0.8975293029937079
4200.0,740.7113221761903,4.1067963,40.575645,0.8978741167822439
4200.0,740.7047807231114,4.106997,40.58815,0.8982189309938449
4200.0,740.7142370843667,4.107398,40.525742,0.8985637461393206
4200.0,740.707025597562,4.1075983,40.563179,0.8989085613959594
4200.0,740.713278705129,4.1079192,40.500771,0.8992533760952931
4200.0,740.7057607361728,4.1080394,40.550713,0.8995981907631114
4200.0,740.705952726295,4.1084003,40.550713,0.8999430055203054
4200.0,740.7139860454143,4.1089215,40.575645,0.9002878205489181
4200.0,740.7048705784978,4.1090822,40.550713,0.9006326348023487
4200.0,740.7128610634879,4.1093631,40.600616,0.9009774493072632
4200.0,740.7047588115756,4.1097236,40.500771,0.9013222635086636
4200.0,740.7117800274469,4.1102052,40.500771,0.9016670775103371
4200.0,740.7045932357858,4.1101651,40.525742,0.9020118916346588
4200.0,740.7121327278129,4.1106062,40.500771,0.9023567058005204
4200.0,740.7078615432376,4.1107664,40.538208,0.9027015214463102
4200.0,740.7130452445309,4.1110072,40.538208,0.903046336036964
4200.0,740.7059628954446,4.1115284,40.500771,0.903391150798892
4200.0,740.7153550099856,4.1116886,40.563179,0.903735966464781
4200.0,740.7065687638557,4.1122103,40.525742,0.904080781508754
4200.0,740.7062417025273,4.1120896,40.525742,0.9044255964004726
4200.0,740.7122433973656,4.1128516,40.513237,0.9047704106178528
4200.0,740.7055830750279,4.1129718,40.563179,0.905115225202966
4200.0,740.7133814891835,4.1132126,40.563179,0.9054600399501476
4200.0,740.7055597838405,4.1136937,40.563179,0.905804854524418
4200.0,740.7121862188061,4.1137338,40.563179,0.9061496687151808
4200.0,740.7045835070114,4.1140547,40.58815,0.9064944828349732
4200.0,740.7112749102673,4.1145358,40.550713,0.9068392966015062
4200.0,740.704057923191,4.1147366,40.600616,0.907184110476628
4200.0,740.7124369405705,4.1150174,40.525742,0.907528924784106
4200.0,740.7050476899923,4.1153378,40.500771,0.9078737391199856
4200.0,740.7128736364108,4.1155386,40.513237,0.9082185536307532
4200.0,740.7038457908104,4.1159396,40.575645,0.9085633674071226
4200.0,740.7045919785061,4.1160998,40.58815,0.9089081815308588
4200.0,740.711538717776,4.116581,40.538208,0.9092529954201988
4200.0,740.705748638949,4.1167817,40.600616,0.9095978100823856
4200.0,740.7126389676333,4.1171427,40.450829,0.9099426244839104
4200.0,740.7049938688464,4.1174636,40.513237,0.9102874387947352
4200.0,740.7108572440696,4.1176238,40.513237,0.9106322523668376
4200.0,740.7043108643643,4.1178646,40.600616,0.9109770663597088
4200.0,740.7116280248193,4.1183057,40.600616,0.9113218802906228
4200.0,740.704112757282,4.1187468,40.538208,0.911666694191271
4200.0,740.711939415439,4.118907,40.525742,0.9120115082671424
4200.0,740.7044669794523,4.1191077,40.58815,0.9123563223326888
4200.0,740.712323890266,4.1194282,40.538208,0.91270113658754
4200.0,740.7041157846575,4.1198292,40.575645,0.9130459504895976
4200.0,740.7034437785076,4.1203108,40.513237,0.9133907640788216
4200.0,740.7119964470688,4.1203508,40.488304,0.9137355781812424
4200.0,740.7042784182003,4.1207919,40.525742,0.9140803921590092
4200.0,740.7133350172537,4.1207919,40.538208,0.9144252068845572
4200.0,740.7055411071805,4.1213131,40.525742,0.9147700214501336
4200.0,740.7136013016938,4.1216741,40.513237,0.9151148362996414
4200.0,740.7066438859054,4.1217542,40.550713,0.9154596513785852
4200.0,740.713296649375,4.122035,40.525742,0.9158044660862724
4200.0,740.706603334544,4.122436,40.538208,0.9161492811463384
4200.0,740.7124924091796,4.122797,40.575645,0.916494095479638
4200.0,740.7050991787044,4.1230373,40.500771,0.916838909839487
4200.0,740.7141103990712,4.1232381,40.550713,0.9171837249259884
4200.0,740.7074522070352,4.1236792,40.525742,0.9175285403812232
4200.0,740.7068697145306,4.1240802,40.538208,0.9178733555652951
4200.0,740.7153142020103,4.1242805,40.500771,0.9182181712121876
4200.0,740.7071272452657,4.1244011,40.58815,0.9185629865161457
4200.0,740.7136097740921,4.1248021,40.575645,0.9189078013695976
4200.0,740.7073377909037,4.1251631,40.500771,0.9192526167715692
4200.0,740.7141287710092,4.1254435,40.525742,0.9195974318666232
4200.0,740.7061516150844,4.1258044,40.500771,0.9199422467164042
4200.0,740.7137277803055,4.1261654,40.550713,0.92028706162479
4200.0,740.704486485704,4.1263256,40.563179,0.9206318756994172
4200.0,740.7117369606838,4.1266065,40.513237,0.9209766896810424
4200.0,740.704485619278,4.1270876,40.550713,0.921321503755266
4200.0,740.7127060580108,4.1272483,40.575645,0.9216663181880228
4200.0,740.7043539061381,4.1275687,40.613125,0.9220111322009312
4200.0,740.7043583614591,4.1277695,40.500771,0.9223559462159134
4200.0,740.7116538918075,4.1282105,40.550713,0.9227007601588688
4200.0,740.7045129139515,4.1282907,40.513237,0.9230455742457988
4200.0,740.7114776212285,4.1289325,40.525742,0.923390388106697
4200.0,740.7049450776375,4.1290526,40.538208,0.9237352023948086
4200.0,740.7123952653417,4.1292934,40.513237,0.924080016682886
4200.0,740.7039564346937,4.1296544,40.525742,0.9244248305107626
4200.0,740.7122427744492,4.1298547,40.500771,0.924769644727853
4200.0,740.704830990969,4.1300955,40.475796,0.9251144589628546
4200.0,740.7111762893566,4.1304965,40.538208,0.9254592726834778
4200.0,740.7033074135966,4.1308174,40.538208,0.925804086209221
4200.0,740.7121741464263,4.1311378,40.525742,0.9261489003943638
4200.0,740.7046293686604,4.1311779,40.513237,0.926493714535506
4200.0,740.7041931159506,4.1316595,40.525742,0.9268385284735629
4200.0,740.7123446544156,4.1322207,40.500771,0.92718334273808
4200.0,740.7032625661204,4.132381,40.513237,0.9275281562429458
4200.0,740.7126807161222,4.1326618,40.550713,0.9278729706639054
4200.0,740.7054625799983,4.1330628,40.550713,0.9282177851929256
4200.0,740.7125791774912,4.1333437,40.538208,0.9285625995666172
4200.0,740.7041431771468,4.133584,40.58815,0.9289074134814266
4200.0,740.7122792731698,4.1338649,40.513237,0.9292522277155076
4200.0,740.7061866613453,4.1341057,40.550713,0.9295970425816034
4200.0,740.7135768029113,4.1344666,40.463329,0.9299418574197068
4200.0,740.7058261036643,4.1346669,40.475796,0.930286672117955
4200.0,740.7124040422406,4.135148,40.513237,0.9306314864101184
4200.0,740.7058747606322,4.135148,40.525742,0.9309763011310176
4200.0,740.7001347363408,4.1355491,40.538208,0.9313211131798104
4200.0,740.7039230634196,4.1359901,40.463329,0.9316659235239328
4200.0,740.6972381310117,4.136271,40.500771,0.9320107342242928
4200.0,740.7046736534138,4.1364312,40.550713,0.9323555449178278
4200.0,740.6972592248245,4.1365519,40.563179,0.9327003556280072
4200.0,740.7064570005707,4.1371932,40.500771,0.9330451671517208
4200.0,740.6982291788302,4.1375141,40.550713,0.9333899783134352
4200.0,740.7052776116941,4.1377549,40.550713,0.9337347892881231
4200.0,740.6985693748837,4.1381559,40.550713,0.9340796006082062
4200.0,740.706926375779,4.138236,40.488304,0.934424412350422
4200.0,740.6987705334885,4.138597,40.500771,0.9347692237641486
4200.0,740.7070286466028,4.138958,40.500771,0.9351140355539732
4200.0,740.6972899741521,4.1390781,40.575645,0.9354588462784672
4200.0,740.6961761610794,4.1396794,40.513237,0.9358036564844572
4200.0,740.704662154428,4.1398802,40.463329,0.9361484671726392
4200.0,740.6973975415475,4.1400003,40.500771,0.9364932779472082
4200.0,740.7052729733823,4.1404014,40.513237,0.9368380889197369
4200.0,740.6974953073183,4.1405621,40.538208,0.937182899739818
4200.0,740.7070317841036,4.1409631,40.450829,0.9375277115311031
4200.0,740.6977231139489,4.1412835,40.463329,0.9378725224572332
4200.0,740.705725185241,4.1417246,40.450829,0.9382173336402744
4200.0,740.6964746823235,4.1419654,40.513237,0.9385621439852322
4200.0,740.704128057725,4.1420856,40.538208,0.9389069544247832
4200.0,740.6968732886754,4.1425266,40.550713,0.9392517649553008
4200.0,740.7049243997346,4.1431284,40.513237,0.9395965757655628
4200.0,740.6974591134623,4.1430483,40.538208,0.9399413865687948
4200.0,740.6979556325133,4.1434894,40.538208,0.9402861976031672
4200.0,740.7046675380292,4.1437697,40.513237,0.9406310082938556
4200.0,740.6975859685588,4.1442513,40.500771,0.9409758191561414
4200.0,740.7059794468234,4.1445317,40.538208,0.9413206304575455
4200.0,740.6979767144574,4.1446924,40.550713,0.9416654415017324
4200.0,740.7066837097713,4.1448927,40.488304,0.9420102531309829
4200.0,740.6968171621075,4.1452537,40.538208,0.9423550636353726
4200.0,740.7042727236919,4.1454544,40.525742,0.942699874142268
4200.0,740.6969329075504,4.1459756,40.513237,0.9430446847005396
4200.0,740.7029992425305,4.1462965,40.488304,0.9433894946146076
4200.0,740.696323083947,4.1465769,40.500771,0.9437343048889936
4200.0,740.7047301726315,4.1468978,40.500771,0.9440791156088392
4200.0,740.6963630492328,4.1468978,40.563179,0.9444239259018294
4200.0,740.6957689363046,4.1473389,40.550713,0.9447687359182472
4200.0,740.7050639632721,4.14782,40.463329,0.945113546793478
4200.0,740.6967114732648,4.1479807,40.525742,0.9454583572486674
4200.0,740.7054601445873,4.1483417,40.550713,0.9458031683083276
4200.0,740.6971233976953,4.1485419,40.450829,0.9461479789552766
4200.0,740.7055055548582,4.1487026,40.525742,0.946492790036076
4200.0,740.6975411693766,4.1492639,40.475796,0.9468376008775068
4200.0,740.7063969051095,4.1495447,40.450829,0.947182412373245
4200.0,740.6976250187151,4.1498656,40.513237,0.9475272232537096
4200.0,740.7051593496839,4.1499057,40.488304,0.9478720341733444
4200.0,740.6968158921405,4.1504669,40.463329,0.9482168446771432
4200.0,740.705436511012,4.1508279,40.538208,0.9485616557258012
4200.0,740.6987899791682,4.1509881,40.488304,0.9489064671485804
4200.0,740.698523013106,4.1513891,40.488304,0.949251278447081
4200.0,740.7054887091059,4.1517501,40.563179,0.9495960895200384
4200.0,740.6974951853556,4.1521511,40.500771,0.9499409003400628
4200.0,740.7044957350943,4.1521111,40.488304,0.9502857109507736
4200.0,740.6975534372664,4.1525521,40.475796,0.9506305217979156
4200.0,740.7046770467114,4.1527529,40.500771,0.9509753324930302
4200.0,740.6962626109241,4.1534743,40.513237,0.9513201427392644
4200.0,740.705454309556,4.1534343,40.525742,0.951664953796208
4200.0,740.6981959882027,4.1536751,40.488304,0.9520097649424716
4200.0,740.705505054315,4.1541562,40.600616,0.9523545760230376
4200.0,740.6983073888275,4.1545172,40.488304,0.9526993872211604
4200.0,740.7047118129716,4.1547179,40.488304,0.9530441979324594
4200.0,740.6969948948749,4.1552391,40.488304,0.9533890085195876
4200.0,740.697533771399,4.1553993,40.525742,0.9537338193575748
4200.0,740.7037227819137,4.1555195,40.475796,0.9540786296084628
4200.0,740.6969431127158,4.1561613,40.513237,0.9544234401714852
4200.0,740.7046499719532,4.1563215,40.538208,0.954768250853996
4200.0,740.6979962571342,4.1565223,40.450829,0.9551130619072804
4200.0,740.7055186901247,4.1569633,40.538208,0.9554578729941944
4200.0,740.6987909307226,4.1572442,40.525742,0.9558026844174164
4200.0,740.7065930369778,4.1576452,40.500771,0.9561474960044573
4200.0,740.6981964760533,4.1579256,40.488304,0.9564923071509476
4200.0,740.7049257425654,4.1584072,40.500771,0.9568371179618343
4200.0,740.6984268217996,4.1586075,40.500771,0.957181929215556
4200.0,740.7053266845654,4.1589684,40.513237,0.957526740213088
4200.0,740.6982699008574,4.1592894,40.525742,0.9578715513937592
4200.0,740.6990038329415,4.1594896,40.538208,0.958216362916092
4200.0,740.7044081617391,4.1599708,40.538208,0.958561173486036
4200.0,740.6968236064843,4.1599307,40.525742,0.958905983993426
4200.0,740.7047751797666,4.1604924,40.513237,0.9592507947342233
4200.0,740.696738963979,4.1606126,40.538208,0.95959560520221
4200.0,740.7050728253001,4.1610937,40.450829,0.9599404160815664
4200.0,740.6972091395018,4.1614547,40.475796,0.96028522676843
4200.0,740.7042759704692,4.1617355,40.425896,0.9606300372768368
4200.0,740.697453632918,4.1620164,40.538208,0.9609748480775177
4200.0,740.706332585932,4.1623368,40.500771,0.961319659543314
4200.0,740.6982030800457,4.1626177,40.488304,0.9616644706928787
4200.0,740.7049705790329,4.1630988,40.463329,0.9620092815246378
4200.0,740.6964580200939,4.1631789,40.500771,0.9623540918618392
4200.0,740.7039875291174,4.1634598,40.525742,0.9626989022359717
4200.0,740.6972175377368,4.1641016,40.525742,0.9630437129267448
4200.0,740.6963844606397,4.164382,40.500771,0.9633885232297028
4200.0,740.7031632450963,4.1645827,40.538208,0.9637333332201168
4200.0,740.6963419803855,4.165144,40.525742,0.9640781435032992
4200.0,740.7045136429147,4.1651039,40.525742,0.9644229541223464
4200.0,740.6974187818793,4.1654248,40.513237,0.9647677649068034
4200.0,740.7041174128958,4.1660261,40.550713,0.9651125753413988
4200.0,740.6971321863747,4.1661468,40.525742,0.9654573859924392
4200.0,740.704220074577,4.1664271,40.500771,0.9658021964748256
4200.0,740.6963338260756,4.1668282,40.550713,0.9661470067542118
4200.0,740.7043468695583,4.1672292,40.513237,0.9664918172956234
4200.0,740.6975785836779,4.16747,40.525742,0.9668366281544716
4200.0,740.7028142196092,4.1676702,40.500771,0.9671814379824084
4200.0,740.6972615928648,4.1681118,40.513237,0.9675262486936902
4200.0,740.6965657098611,4.1683521,40.463329,0.9678710590810234
4200.0,740.7043275820723,4.1687932,40.488304,0.9682158696134564
4200.0,740.6976462590469,4.1689939,40.563179,0.9685606805038088
4200.0,740.704615583863,4.1691141,40.463329,0.9689054911703114
4200.0,740.6979795220544,4.1695952,40.463329,0.9692503022158052
4200.0,740.7040775442063,4.1700764,40.513237,0.9695951126318412
4200.0,740.6965669061594,4.1703572,40.463329,0.9699399230197312
4200.0,740.7051834342801,4.1707582,40.550713,0.970284733950578
4200.0,740.6978202199754,4.1707582,40.513237,0.9706295449219128
4200.0,740.7058972566603,4.1714401,40.538208,0.970974356185056
4200.0,740.6979586357419,4.1716404,40.500771,0.9713191672208268
4200.0,740.7051067492728,4.1722822,40.425896,0.9716639781159752
4200.0,740.6980089518933,4.1722021,40.538208,0.9720087891751692
4200.0,740.6975690869601,4.1726832,40.450829,0.9723536000295964
4200.0,740.7038562169699,4.1728835,40.488304,0.9726984103426006
4200.0,740.6974412553437,4.1732445,40.538208,0.9730432211375194
4200.0,740.7004081886203,4.1736455,40.463329,0.9733880298454076
4200.0,740.6872120297552,4.1738863,40.525742,0.973732835878399
4200.0,740.6957559177704,4.1741672,40.488304,0.9740776424205756
4200.0,740.6892885335061,4.1746883,40.450829,0.9744224494202248
4200.0,740.694839762599,4.1749687,40.525742,0.9747672555359154
4200.0,740.686127878987,4.1752496,40.500771,0.9751120610642108
4200.0,740.6941997087338,4.1756907,40.475796,0.9754568668819456
4200.0,740.6878516871475,4.1759715,40.525742,0.9758016732127114
4200.0,740.6950993709479,4.1762123,40.525742,0.976146479449254
4200.0,740.6884489993449,4.1765327,40.463329,0.976491286058082
4200.0,740.6888635971317,4.1772146,40.525742,0.976836092859914
4200.0,740.6971658487064,4.1772146,40.475796,0.9771809000584374
4200.0,740.6895393513829,4.1776156,40.475796,0.9775257071748475
4200.0,740.6967961933118,4.1778965,40.513237,0.9778705142012902
4200.0,740.6898230529341,4.1784177,40.450829,0.97821532144977
4200.0,740.6979070032785,4.1784577,40.500771,0.9785601289933136
4200.0,740.6896378366517,4.1788187,40.525742,0.9789049361555708
4200.0,740.6967179587899,4.1791797,40.475796,0.979249743145594
4200.0,740.689382344494,4.1795807,40.463329,0.9795945501889142
4200.0,740.6963494620525,4.1799016,40.400921,0.9799393570073957
4200.0,740.688173073528,4.1803026,40.463329,0.980284163487774
4200.0,740.6969905919011,4.1806636,40.438362,0.9806289706047124
4200.0,740.6891760094331,4.1808238,40.463329,0.9809737775519792
4200.0,740.6907062898414,4.1813049,40.525742,0.9813185852116246
4200.0,740.6977867628339,4.1816659,40.500771,0.9816633926991944
4200.0,740.6899177913295,4.1819468,40.488304,0.9820081999917768
4200.0,740.6966036634715,4.1822677,40.425896,0.9823530069285934
4200.0,740.686693049927,4.182508,40.438362,0.9826978127199884
4200.0,740.6959346783774,4.182909,40.463329,0.983042619345381
4200.0,740.6878266266829,4.1831899,40.500771,0.9833874256644808
4200.0,740.6949948663021,4.1838312,40.500771,0.9837322318523748
4200.0,740.6894555859449,4.184032,40.475796,0.9840770389297904
4200.0,740.6962565791748,4.1843128,40.438362,0.9844218457050334
4200.0,740.68894626245,4.1845131,40.463329,0.984766652545348
4200.0,740.6948233809644,4.1849942,40.438362,0.9851114586534124
4200.0,740.6881493665217,4.1854353,40.488304,0.9854562651227546
4200.0,740.6888709455875,4.1857963,40.463329,0.9858010719280076
4200.0,740.6967617335985,4.1861572,40.463329,0.9861458789384084
4200.0,740.6893598833077,4.186358,40.438362,0.9864906859712724
4200.0,740.6946328520687,4.1864381,40.475796,0.9868354919906428
4200.0,740.6868784258251,4.1868792,40.475796,0.9871802978683344
4200.0,740.6958452366827,4.1873202,40.513237,0.9875251044520904
4200.0,740.6886013299065,4.1877613,40.475796,0.9878699111318312
4200.0,740.6956241656524,4.1880422,40.500771,0.9882147176126748
4200.0,740.6777089736128,4.1884432,40.475796,0.9885595192217866
4200.0,740.6850486450973,4.1887641,40.513237,0.9889043207795446
4200.0,740.6777950563417,4.1892052,40.463329,0.9892491224287298
4200.0,740.6852664079591,4.1892052,40.500771,0.98959392408786
4200.0,740.678739669123,4.1898866,40.475796,0.989938726176783
4200.0,740.6773954616009,4.1900873,40.525742,0.990283527639948
4200.0,740.6785511361404,4.1905684,40.450829,0.9906283261730046
4200.0,740.6687574772942,4.1906085,40.463329,0.9909731236149998
4200.0,740.6767914340185,4.1912904,40.463329,0.9913179213288849
4200.0,740.6698945811451,4.1911697,40.413387,0.9916627193002266
4200.0,740.6775904866553,4.1915708,40.488304,0.9920075173860844
4200.0,740.6700373290421,4.1920123,40.550713,0.9923523154238784
4200.0,740.6776099206616,4.1924534,40.475796,0.9926971135187828
4200.0,740.669894287698,4.1928144,40.463329,0.993041911489988
4200.0,740.6773019233397,4.1933355,40.488304,0.9933867094415146
4200.0,740.6688503232217,4.1936564,40.350979,0.9937315069267316
4200.0,740.6752684769252,4.1938567,40.425896,0.994076303931654
4200.0,740.6697049697043,4.1942577,40.450829,0.9944211018147276
4200.0,740.6693911286387,4.1943378,40.388416,0.9947658995517014
4200.0,740.6768907269585,4.1949797,40.413387,0.9951106973118088
4200.0,740.667855271917,4.1953406,40.413387,0.995455494333808
4200.0,740.6762091554355,4.1959019,40.463329,0.9958002917766322
4200.0,740.6686072090477,4.1958618,40.475796,0.9961450891486744
4200.0,740.6759030018967,4.1962628,40.438362,0.996489886448979
4200.0,740.6694285429401,4.1968646,40.450829,0.9968346842033698
4200.0,740.6787050799586,4.1972656,40.500771,0.9971794828080898
4200.0,740.6707919280695,4.1976261,40.488304,0.997524281197166
4200.0,740.6772132870977,4.1978669,40.450829,0.997869079107431
4200.0,740.6693527378175,4.1979871,40.488304,0.9982138768265328
4200.0,740.677945201472,4.198709,40.450829,0.9985586750775164
4200.0,740.6700562254804,4.1987891,40.475796,0.9989034731241072
4200.0,740.6698722296433,4.199471,40.475796,0.999248271085044
4200.0,740.6767435578668,4.1997519,40.450829,0.9995930687766416
4200.0,740.6712531078217,4.1997118,40.500771,0.9999378673804072
4200.0,740.6976548758714,4.1999521,40.450829,1.0
4200.0,-702.9103009572377,4.1889644,40.038929,1.0
4200.0,-702.9103009572377,4.166307,39.976521,0.9996848330588752
4200.0,-739.4428093861568,4.1645427,40.001495,0.999353282543641
4200.0,-739.4415569993814,4.1628184,40.013962,0.9990217325899504
4200.0,-739.4494745602481,4.1610537,39.988987,0.9986901824210368
4200.0,-739.4415027882085,4.1600513,39.976521,0.9983586324916536
4200.0,-739.4485711739991,4.1588082,40.051395,0.9980270827277952
4200.0,-739.4477664432633,4.1574445,39.988987,0.9976955299899212
4200.0,-739.4560333116412,4.1564822,40.038929,0.9973639768802318
4200.0,-739.4509505349507,4.1554794,40.013962,0.9970324227146786
4200.0,-739.4576562330459,4.1544771,39.988987,0.9967008688773128
4200.0,-739.4499924583378,4.153635,39.964054,0.996369315141341
4200.0,-739.4585825075976,4.152472,40.026463,0.9960377608886576
4200.0,-739.4602263098349,4.1515899,39.976521,0.995706202564043
4200.0,-739.4691502529075,4.1509881,40.038929,0.9953746435730536
4200.0,-739.4604859277756,4.1500659,39.988987,0.995043085132032
4200.0,-739.4620897533471,4.149384,39.95155,0.9947115259718888
4200.0,-739.4680762846785,4.148582,40.051395,0.9943799674624394
4200.0,-739.4616129122976,4.1477799,40.051395,0.9940484085161018
4200.0,-739.468708832053,4.1469779,39.988987,0.9937168497230344
4200.0,-739.4611971061262,4.1464567,40.026463,0.9933852909631352
4200.0,-739.4685540948828,4.1456146,40.026463,0.993053732239448
4200.0,-739.4604883203402,4.1447725,40.063904,0.9927221737973536
4200.0,-739.4685481378268,4.1442513,40.101341,0.9923906150763372
4200.0,-739.4639249255074,4.1435695,40.026463,0.9920590550933418
4200.0,-739.4777760687356,4.1427274,39.889141,0.991727492234758
4200.0,-739.471231959517,4.1422062,39.95155,0.991395928975443
4200.0,-739.4781549282128,4.1413641,39.988987,0.9910643659469884
4200.0,-739.4728045718605,4.1409225,40.001495,0.9907328019825472
4200.0,-739.4719582500915,4.140161,40.013962,0.990401238397579
4200.0,-739.4803806971282,4.1396394,40.001495,0.9900696743711468
4200.0,-739.4734659701579,4.1390381,40.026463,0.9897381101101486
4200.0,-739.48054056127,4.138236,39.964054,0.9894065460120371
4200.0,-739.4805347972646,4.137835,39.939083,0.9890749785815266
4200.0,-739.4883708039384,4.1372333,40.026463,0.9887434109725356
4200.0,-739.481598232274,4.136672,40.038929,0.9884118430652032
4200.0,-739.488273598818,4.1359901,40.001495,0.9880802754997964
4200.0,-739.480352058854,4.1354289,40.101341,0.9877487081512216
4200.0,-739.4876589226337,4.1349077,40.026463,0.98741714086142
4200.0,-739.4794831908151,4.1341858,39.976521,0.9870855739024272
4200.0,-739.4883168851826,4.1337047,39.964054,0.986754006317612
4200.0,-739.4795004514751,4.1333437,40.026463,0.98642243935088
4200.0,-739.4787352816757,4.1327419,40.001495,0.986090872727234
4200.0,-739.4864532642407,4.1318598,40.013962,0.9857593059780184
4200.0,-739.4790992570422,4.1314988,40.088875,0.9854277391911738
4200.0,-739.4855214354418,4.1311378,40.026463,0.9850961728597664
4200.0,-739.4774710175275,4.1306167,40.026463,0.9847646068029896
4200.0,-739.4826760586923,4.1300154,40.001495,0.9844330417473762
4200.0,-739.4770121207257,4.1292534,40.07637,0.9841014758963592
4200.0,-739.4827577363731,4.1287317,40.026463,0.9837699108041236
4200.0,-739.4750493490614,4.1283708,40.001495,0.9834383458331716
4200.0,-739.4830485216419,4.1278496,40.026463,0.9831067806105556
4200.0,-739.4759668252564,4.1272082,40.001495,0.9827752152282268
4200.0,-739.4837422632207,4.1266065,40.038929,0.9824436496945546
4200.0,-739.4770683704713,4.1263256,40.001495,0.9821120838183164
4200.0,-739.4775433682581,4.1255236,40.063904,0.9817805177290992
4200.0,-739.4850339694161,4.1254034,40.063904,0.981448951616259
4200.0,-739.4777416827641,4.1247621,40.113808,0.981117385438122
4200.0,-739.4849261319495,4.1242404,40.026463,0.9807858193736332
4200.0,-739.4794391114059,4.1237593,40.026463,0.9804542524344048
4200.0,-739.4860832304971,4.1232381,40.113808,0.980122685851103
4200.0,-739.4785516887655,4.122757,40.088875,0.9797911193097762
4200.0,-739.4854186272913,4.1221952,40.026463,0.9794595530244654
4200.0,-739.4780310369002,4.121594,40.026463,0.979127986716588
4200.0,-739.4857160654377,4.1211929,40.088875,0.9787964202979134
4200.0,-739.4787951080509,4.120832,40.063904,0.9784648536474424
4200.0,-739.4880153332551,4.1201501,40.088875,0.9781332861978352
4200.0,-739.4800998871609,4.119709,40.026463,0.9778017189623291
4200.0,-739.4863556074663,4.1191077,40.013962,0.9774701522569004
4200.0,-739.4778835766474,4.1187468,40.101341,0.977138586015141
4200.0,-739.477673946241,4.1183057,40.088875,0.9768070198673754
4200.0,-739.485792018003,4.1175838,40.063904,0.9764754534146458
4200.0,-739.4796518667476,4.1173029,40.026463,0.9761438863800224
4200.0,-739.4865253713939,4.1167817,40.07637,0.975812319598476
4200.0,-739.477555917042,4.1159797,40.126312,0.975480753503632
4200.0,-739.4852857286091,4.1155787,40.07637,0.9751491872779096
4200.0,-739.4775533047117,4.1151376,40.026463,0.9748176211842372
4200.0,-739.4854848507991,4.1148167,40.063904,0.9744860548692336
4200.0,-739.4766286141867,4.1141748,40.013962,0.9741544891901726
4200.0,-739.4847654743102,4.1136537,40.126312,0.9738229231977188
4200.0,-739.4781659605964,4.1132526,40.088875,0.9734913568293444
4200.0,-739.4849996919132,4.1129317,40.063904,0.9731597907318732
4200.0,-739.4781385437299,4.1125307,40.063904,0.972828224375792
4200.0,-739.4785829874304,4.1116486,40.113808,0.9724966578204316
4200.0,-739.4854822995396,4.1112876,40.138779,0.9721650915065718
4200.0,-739.4777481402374,4.1109672,40.088875,0.971833525325539
4200.0,-739.4848182089762,4.1105661,40.101341,0.9715019593094404
4200.0,-739.4778005325937,4.1097236,40.151283,0.9711703931049162
4200.0,-739.484940353214,4.1096835,40.101341,0.9708388270340512
4200.0,-739.4779586250987,4.1092024,39.988987,0.9705072607586416
4200.0,-739.4857914076208,4.1085205,40.16375,0.9701756943061856
4200.0,-739.479659923408,4.1084003,40.126312,0.9698441272679498
4200.0,-739.4848957972788,4.1076384,40.07637,0.9695125612170624
4200.0,-739.4772185894966,4.1070371,40.101341,0.9691809952734692
4200.0,-739.484361919896,4.106636,40.188721,0.968849429461959
4200.0,-739.4768276977314,4.1063151,40.07637,0.9685178636936332
4200.0,-739.4769411371639,4.1055932,40.051395,0.9681862978744435
4200.0,-739.4848280967493,4.1053529,40.063904,0.9678547318539116
4200.0,-739.4761677886775,4.1047511,40.063904,0.9675231663814752
4200.0,-739.4844056090766,4.1043901,40.07637,0.9671916005503758
4200.0,-739.4759998817838,4.103909,40.07637,0.9668600351532252
4200.0,-739.4831791619968,4.1033878,40.126312,0.966528469872033
4200.0,-739.4746903297075,4.103107,40.07637,0.966196905062058
4200.0,-739.483564112836,4.1026258,40.063904,0.965865339608264
4200.0,-739.4753394966201,4.1021447,40.151283,0.965533774507216
4200.0,-739.4830512804804,4.1014628,40.07637,0.9652022092833628
4200.0,-739.4770821399051,4.1011019,40.113808,0.9648706434009506
4200.0,-739.4843198542063,4.1006207,40.151283,0.9645390776083014
4200.0,-739.4762326688042,4.1002998,40.101341,0.964207512106774
4200.0,-739.476287795447,4.0998187,40.151283,0.9638759465805292
4200.0,-739.4828993509467,4.0991368,40.113808,0.9635443814247971
4200.0,-739.4744414294814,4.0988164,40.001495,0.9632128167264238
4200.0,-739.4819740163291,4.0984154,40.126312,0.9628812519855882
4200.0,-739.4753076730208,4.0979738,40.16375,0.9625496868988094
4200.0,-739.4826782193564,4.0972524,40.101341,0.9622181218422272
4200.0,-739.4742423215404,4.0971317,40.051395,0.9618865572331294
4200.0,-739.4816099030019,4.0966105,40.088875,0.9615549926555528
4200.0,-739.4744086171863,4.0959687,40.07637,0.9612234279718918
4200.0,-739.4819674732906,4.0956483,40.113808,0.9608918632339898
4200.0,-739.4757938280198,4.0953274,40.026463,0.9605602979292294
4200.0,-739.4838808748042,4.0947661,40.126312,0.9602287323334072
4200.0,-739.4756107844661,4.0945253,40.101341,0.95989716711072
4200.0,-739.4757867601703,4.0938835,40.101341,0.9595656018091284
4200.0,-739.4846500318071,4.0934424,40.051395,0.9592340358684364
4200.0,-739.4762080716852,4.0929213,40.101341,0.9589024703779376
4200.0,-739.4838373077025,4.09236,40.07637,0.95857090480165
4200.0,-739.4771117418167,4.091959,40.126312,0.9582393389059648
4200.0,-739.4851543558249,4.0917182,40.063904,0.9579077727391464
4200.0,-739.4760213416125,4.0912371,40.176216,0.957576207332374
4200.0,-739.4831537956668,4.0906754,40.051395,0.9572446420625554
4200.0,-739.4760418981681,4.090395,40.088875,0.956913076646566
4200.0,-739.4823794750351,4.0897932,40.038929,0.9565815117239328
4200.0,-739.4762756373312,4.0893521,40.088875,0.9562499462031392
4200.0,-739.482918845628,4.0889511,40.07637,0.9559183810386664
4200.0,-739.4761180696903,4.0884299,40.126312,0.955586815588523
4200.0,-739.4745282211312,4.0879889,40.101341,0.955255250851234
4200.0,-739.4824443923934,4.0876679,40.16375,0.9549236858994936
4200.0,-739.4748616790155,4.087307,40.026463,0.9545921210126892
4200.0,-739.4834909190324,4.0867858,40.113808,0.9542605555917134
4200.0,-739.4754338199765,4.0864248,40.126312,0.953928990448373
4200.0,-739.4835391492965,4.086184,40.16375,0.9535974250057716
4200.0,-739.4766842780292,4.0856628,40.051395,0.9532658593017526
4200.0,-739.4839470982736,4.0850616,40.113808,0.9529342936762376
4200.0,-739.4772373394032,4.0847006,40.088875,0.9526027277242372
4200.0,-739.4839427037361,4.0840588,40.138779,0.9522711621006924
4200.0,-739.4770489247725,4.0838985,40.113808,0.9519395962331734
4200.0,-739.4838191919321,4.0832167,40.126312,0.9516080306650084
4200.0,-739.477654988866,4.0829759,40.138779,0.9512764645257428
4200.0,-739.4770581409734,4.0825348,40.088875,0.9509448986540912
4200.0,-739.4839643225155,4.0818133,40.188721,0.9506133330208532
4200.0,-739.4767364628469,4.0814524,40.07637,0.9502817672934354
4200.0,-739.4842612235269,4.0812116,40.113808,0.9499502015270748
4200.0,-739.4785773234178,4.0806103,40.113808,0.949618634974254
4200.0,-739.4860881499615,4.0801687,40.113808,0.9492870683887464
4200.0,-739.4789776755524,4.0796876,40.126312,0.948955501656416
4200.0,-739.4857695813519,4.0794072,40.101341,0.9486239352137464
4200.0,-739.4780178899673,4.0791264,40.138779,0.9482923689117636
4200.0,-739.4853595205167,4.0785651,40.088875,0.9479608026529548
4200.0,-739.4786639075162,4.0780835,40.063904,0.9476292360613114
4200.0,-739.4854401361996,4.0776424,40.126312,0.9472976697663564
4200.0,-739.4781322327242,4.0774021,40.07637,0.9469661034131048
4200.0,-739.478307292877,4.0768404,40.101341,0.9466345369813602
4200.0,-739.4870080890449,4.0763192,40.151283,0.9463029699833756
4200.0,-739.4803667926831,4.0762792,40.16375,0.9459714026281943
4200.0,-739.4866429991624,4.075397,40.126312,0.9456398357939066
4200.0,-739.4782288997311,4.074996,40.138779,0.9453082693973118
4200.0,-739.4838216581455,4.0747151,40.151283,0.9449767038280408
4200.0,-739.47830253224,4.0740333,40.063904,0.9446451373984306
4200.0,-739.4843815733376,4.0739932,40.126312,0.944313571578108
4200.0,-739.4775937830183,4.0735521,40.138779,0.943982005466286
4200.0,-739.4856622199294,4.0729909,40.113808,0.9436504390717544
4200.0,-739.4773586645106,4.07267,40.201187,0.9433188730653546
4200.0,-739.485200486445,4.072269,40.126312,0.9429873068778524
4200.0,-739.4772795877545,4.0717878,40.126312,0.9426557409069088
4200.0,-739.4769451288324,4.0713868,40.201187,0.9423241750859296
4200.0,-739.4863911667285,4.0708656,40.101341,0.9419926083645568
4200.0,-739.4786799718779,4.0705848,40.126312,0.9416610417657107
4200.0,-739.4866945375821,4.0701838,40.151283,0.9413294749083144
4200.0,-739.4776556968021,4.0697026,40.113808,0.9409979087687316
4200.0,-739.4863558881841,4.0693016,40.126312,0.9406663420631768
4200.0,-739.478392815033,4.0689406,40.16375,0.9403347755930856
4200.0,-739.4844733584889,4.068419,40.138779,0.9400032097316092
4200.0,-739.4794035891119,4.0678978,40.126312,0.9396716428083084
4200.0,-739.486509819724,4.0674968,40.188721,0.9393400760337348
4200.0,-739.4783653981666,4.0672164,40.151283,0.9390085095759368
4200.0,-739.4865401787337,4.0669355,40.176216,0.9386769427877508
4200.0,-739.4810821213921,4.0664144,40.051395,0.9383453751118318
4200.0,-739.4800914521489,4.0660934,40.16375,0.9380138078801076
4200.0,-739.4875258897285,4.0655718,40.126312,0.9376822406499544
4200.0,-739.4800667085877,4.0650105,40.138779,0.9373506734293248
4200.0,-739.4864664478976,4.0645695,40.138779,0.937019106674198
4200.0,-739.4780209417584,4.0646095,40.151283,0.9366875403708472
4200.0,-739.4853030992947,4.0640883,40.063904,0.936355974137336
4200.0,-739.4807952086516,4.0635266,40.176216,0.9360244065900624
4200.0,-739.4885446940215,4.0632463,40.151283,0.9356928389031034
4200.0,-739.4816282492725,4.0626445,40.138779,0.9353612709823118
4200.0,-739.4883645538512,4.0625243,40.16375,0.9350297033761232
4200.0,-739.4809324272757,4.0619631,40.188721,0.9346981357673236
4200.0,-739.4885088418016,4.0614815,40.151283,0.9343665680964398
4200.0,-739.4802001308166,4.0611205,40.126312,0.9340350008159866
4200.0,-739.4809462211825,4.0605192,40.151283,0.933703433201002
4200.0,-739.487497557013,4.0603189,40.176216,0.9333718659835524
4200.0,-739.480025619905,4.0600381,40.113808,0.9330402987813462
4200.0,-739.4872883273779,4.0597572,40.16375,0.9327087316577096
4200.0,-739.4804623366766,4.0591559,40.113808,0.9323771642596888
4200.0,-739.48929965415,4.0585942,40.088875,0.9320455962342252
4200.0,-739.4817075823598,4.058434,40.151283,0.9317140282778624
4200.0,-739.4884052890012,4.0579128,40.101341,0.9313824606534092
4200.0,-739.482150243891,4.057672,40.201187,0.9310508924985662
4200.0,-739.4878171632365,4.0571909,40.16375,0.9307193251378136
4200.0,-739.481135526898,4.05691,40.188721,0.9303877574379484
4200.0,-739.4880529921547,4.0563889,40.126312,0.930056189971456
4200.0,-739.4812854896239,4.0559478,40.201187,0.9297246222043506
4200.0,-739.4818186413971,4.055707,40.088875,0.9293930541981912
4200.0,-739.4898240954968,4.0552258,40.138779,0.9290614859375816
4200.0,-739.4819632330076,4.0548248,40.176216,0.9287299178665906
4200.0,-739.4888847716096,4.0544238,40.226158,0.9283983500271494
4200.0,-739.4804548781782,4.0540228,40.213692,0.9280667826324728
4200.0,-739.4895203951259,4.0537419,40.138779,0.9277352145080344
4200.0,-739.4804301591221,4.0531807,40.101341,0.9274036471244416
4200.0,-739.4893713586152,4.0527797,40.16375,0.9270720790668272
4200.0,-739.482037866516,4.0523787,40.126312,0.9267405109623722
4200.0,-739.491058098775,4.0521379,40.226158,0.926408942148467
4200.0,-739.4837615523301,4.0517769,40.176216,0.9260773732711476
4200.0,-739.4913121529063,4.0511756,40.138779,0.9257458043433312
4200.0,-739.4838627603491,4.0508547,40.113808,0.925414235420632
4200.0,-739.483577324641,4.0504537,40.16375,0.9250826666259164
4200.0,-739.490072033911,4.0500526,40.088875,0.9247510982541376
4200.0,-739.4830675003524,4.0500126,40.201187,0.9244195296880164
4200.0,-739.4900988528212,4.0492907,40.176216,0.9240879613042126
4200.0,-739.4828394985252,4.0489697,40.051395,0.9237563928403224
4200.0,-739.4917326019682,4.0484085,40.126312,0.9234248237239874
4200.0,-739.4834946468143,4.0482082,40.176216,0.9230932549663428
4200.0,-739.491335346409,4.0478873,40.176216,0.9227616860281268
4200.0,-739.4848078609555,4.0474463,40.238625,0.922430116681665
4200.0,-739.4915408040391,4.0470052,40.176216,0.922098547651327
4200.0,-739.4858714790464,4.0467644,40.126312,0.9217669778279612
4200.0,-739.4917119597826,4.0461631,40.176216,0.9214354087208816
4200.0,-739.4835544610137,4.0461631,40.16375,0.9211038399364176
4200.0,-739.4851626078108,4.0456014,40.113808,0.9207722704308944
4200.0,-739.4938244712398,4.0450802,40.188721,0.9204407003766188
4200.0,-739.4869037374592,4.0447993,40.176216,0.9201091300904102
4200.0,-739.49426150972,4.0443983,40.151283,0.9197775598401776
4200.0,-739.4851941506889,4.0442781,40.188721,0.9194459903205116
4200.0,-739.493652961448,4.043757,40.176216,0.9191144203431364
4200.0,-739.4868227808461,4.0433159,40.101341,0.918782850093227
4200.0,-739.4931022505145,4.0428343,40.201187,0.9184512803627768
4200.0,-739.4863383103669,4.0424733,40.126312,0.9181197103300934
4200.0,-739.492688979238,4.0420322,40.151283,0.9177881407849432
4200.0,-739.4835937186192,4.0417519,40.16375,0.917456571982877
4200.0,-739.4915019610946,4.0413909,40.16375,0.9171250029699556
4200.0,-739.4834494931781,4.0411501,40.213692,0.9167934342325568
4200.0,-739.4860496032812,4.040669,40.238625,0.9164618643293236
4200.0,-739.492055186715,4.0404687,40.213692,0.91613029506835
4200.0,-739.481952149138,4.039907,40.138779,0.9157987270023286
4200.0,-739.4916441126816,4.0393457,40.188721,0.9154671579256698
4200.0,-739.4826691013471,4.0392251,40.126312,0.9151355895381824
4200.0,-739.4901374394318,4.038744,40.138779,0.9148040211370772
4200.0,-739.4840175814766,4.0384231,40.138779,0.91447245214496
4200.0,-739.4932120655525,4.0383029,40.188721,0.9141408823652712
4200.0,-739.4835658378955,4.0379019,40.151283,0.913809313575706
4200.0,-739.4931142012118,4.03722,40.113808,0.9134777438398972
4200.0,-739.485535982623,4.0370598,40.101341,0.9131461741669608
4200.0,-739.4934247620012,4.0364985,40.176216,0.9128146042919046
4200.0,-739.4856238727682,4.0363379,40.176216,0.91248303457956
4200.0,-739.4947328380134,4.0361776,40.126312,0.9121514641179962
4200.0,-739.4874734491556,4.0355759,40.201187,0.9118198935763407
4200.0,-739.4859445378346,4.0351748,40.138779,0.9114883237202168
4200.0,-739.4934380188992,4.0349345,40.176216,0.9111567538392166
4200.0,-739.4894026150639,4.0345335,40.188721,0.910825182432564
4200.0,-739.4960760337714,4.0340123,40.138779,0.9104936113687454
4200.0,-739.4851080426364,4.0337315,40.16375,0.9101620418876885
4200.0,-739.4937631061568,4.0333705,40.213692,0.9098304718609274
4200.0,-739.4853235323415,4.0329695,40.16375,0.9094989022832493
4200.0,-739.493652094783,4.0325284,40.101341,0.9091673323062628
4200.0,-739.4861119320911,4.0323277,40.101341,0.9088357623750828
4200.0,-739.4930941084009,4.0319266,40.113808,0.9085041926482832
4200.0,-739.4855705526975,4.0315661,40.16375,0.908172622959846
4200.0,-739.4935412543581,4.0312853,40.113808,0.9078410530325578
4200.0,-739.4840413483644,4.0308442,40.138779,0.9075094840297838
4200.0,-739.485122227192,4.0304031,40.101341,0.9071779145423666
4200.0,-739.491209747559,4.0301623,40.188721,0.906846345660466
4200.0,-739.4834143615586,4.0299621,40.16375,0.9065147769388197
4200.0,-739.4908017741661,4.0296412,40.138779,0.906183208239844
4200.0,-739.4835035700926,4.0293603,40.176216,0.9058516394781982
4200.0,-739.4921232534944,4.0286784,40.138779,0.905520070186705
4200.0,-739.48369226556,4.028398,40.126312,0.9051885013404524
4200.0,-739.4908789352113,4.0281973,40.188721,0.9048569326068796
4200.0,-739.485727192624,4.0277162,40.201187,0.9045253628482084
4200.0,-739.4932565115719,4.0273552,40.226158,0.9041937930485916
4200.0,-739.4855184900088,4.0269942,40.16375,0.9038622233834984
4200.0,-739.4927159439268,4.0265932,40.138779,0.903530653826258
4200.0,-739.4831377637704,4.0263929,40.138779,0.9031990852286323
4200.0,-739.4838227458486,4.0259118,40.113808,0.902867516323875
4200.0,-739.4901624030481,4.0257111,40.126312,0.9025359479115768
4200.0,-739.4837049485782,4.02531,40.138779,0.9022043790596372
4200.0,-739.4918393285927,4.024869,40.113808,0.9018728098954488
4200.0,-739.4838224895427,4.0244679,40.101341,0.9015412409908063
4200.0,-739.4918159398148,4.024107,40.188721,0.9012096718371048
4200.0,-739.484205971679,4.0238667,40.151283,0.900878102760517
4200.0,-739.4917031217739,4.0236659,40.176216,0.9005465336574002
4200.0,-739.4830716751951,4.0231447,40.101341,0.9002149650894071
4200.0,-739.4903490617387,4.022944,40.138779,0.899883396593416
4200.0,-739.4819963749575,4.0224628,40.138779,0.8995518285075648
4200.0,-739.4901201298177,4.0220618,40.16375,0.8992202601142207
4200.0,-739.4834801937769,4.0217409,40.088875,0.8988886913630567
4200.0,-739.4833382388675,4.0216208,40.176216,0.898557122675542
4200.0,-739.4901852547039,4.0211396,40.151283,0.8982255542529978
4200.0,-739.4839891391823,4.0208588,40.07637,0.8978939852736333
4200.0,-739.4911641662113,4.0202575,40.176216,0.89756241641217
4200.0,-739.4843685807679,4.0201769,40.126312,0.8972308472626721
4200.0,-739.4922665892668,4.0198965,40.126312,0.8968992779069107
4200.0,-739.4851332500292,4.0196157,40.126312,0.8965677084145512
4200.0,-739.491773654434,4.0191746,40.201187,0.8962361392798093
4200.0,-739.4843464617062,4.0188136,40.151283,0.8959045701402287
4200.0,-739.492126024464,4.0183325,40.126312,0.8955730008474931
4200.0,-739.4846752444272,4.0182123,40.101341,0.8952414315604936
4200.0,-739.4939953461952,4.0177307,40.226158,0.8949098614296019
4200.0,-739.4840769683461,4.0175705,40.213692,0.8945782924108567
4200.0,-739.4831748118768,4.0169287,40.16375,0.8942467237966193
4200.0,-739.4920373033488,4.0168085,40.176216,0.8939151545436641
4200.0,-739.4838856728076,4.0162873,40.126312,0.8935835856106916
4200.0,-739.4909658253589,4.0160465,40.113808,0.8932520168381595
4200.0,-739.4835784843352,4.0157256,40.226158,0.8929204480429239
4200.0,-739.4907318275364,4.0156455,40.176216,0.8925888793753104
4200.0,-739.4836188405257,4.0151243,40.138779,0.89225731056198
4200.0,-739.4908602827409,4.0147233,40.151283,0.8919257418367704
4200.0,-739.4841980859787,4.0145226,40.101341,0.8915941727637186
4200.0,-739.4910535577684,4.0141215,40.126312,0.8912626039518494
4200.0,-739.4839411901248,4.0136805,40.126312,0.8909310349939844
4200.0,-739.4929989418465,4.01336,40.213692,0.890599465309855
4200.0,-739.4858811958495,4.0131993,40.126312,0.8902678954821321
4200.0,-739.4848125239558,4.0129189,40.16375,0.8899363261335793
4200.0,-739.4922371091237,4.012598,40.176216,0.8896047567910362
4200.0,-739.4856556109451,4.0120764,40.113808,0.889273187064461
4200.0,-739.4925986467053,4.0116353,40.101341,0.8889416175598136
4200.0,-739.4843144672236,4.0115552,40.151283,0.8886100484345789
4200.0,-739.4922811888932,4.0112743,40.176216,0.8882784790722716
4200.0,-739.4858678535729,4.0109539,40.201187,0.8879469092505312
4200.0,-739.4932188405602,4.0105128,40.16375,0.8876153394678049
4200.0,-739.4874384151727,4.0103121,40.088875,0.8872837689418579
4200.0,-739.4930629680345,4.009871,40.201187,0.8869521992290209
4200.0,-739.4855058802244,4.0093899,40.126312,0.8866206295695818
4200.0,-739.4916054650379,4.0092292,40.088875,0.8862890605102515
4200.0,-739.484968358233,4.009109,40.201187,0.8859574910918259
4200.0,-739.484042080831,4.0086679,40.176216,0.8856259220887235
4200.0,-739.4924483529024,4.0080667,40.126312,0.8852943526514642
4200.0,-739.4855324791378,4.0081067,40.16375,0.8849627829800986
4200.0,-739.4920715931107,4.0077457,40.126312,0.8846312137117686
4200.0,-739.4869355977011,4.007144,40.138779,0.8842996434112744
4200.0,-739.4950570706542,4.0069437,40.176216,0.8839680728043328
4200.0,-739.4867872340982,4.0067029,40.051395,0.8836365025703619
4200.0,-739.4930910931965,4.0066228,40.113808,0.8833049328449141
4200.0,-739.4858761177719,4.0063019,40.151283,0.8829733630194683
4200.0,-739.4949368917542,4.0058608,40.138779,0.8826417924664118
4200.0,-739.4867233794248,4.0054197,40.126312,0.8823102222610718
4200.0,-739.4938590173101,4.0051389,40.16375,0.8819786521913067
4200.0,-739.4859297429795,4.0049787,40.151283,0.8816470823418165
4200.0,-739.4867554593939,4.0045776,40.063904,0.8813155121220924
4200.0,-739.4952770791558,4.0043368,40.151283,0.8809839414165048
4200.0,-739.4872040900874,4.0038958,40.126312,0.8806523709956243
4200.0,-739.4942260847575,4.0034947,40.151283,0.8803208007612755
4200.0,-739.4867635281149,4.0031738,40.151283,0.8799892305379337
4200.0,-739.4949284444239,4.0031738,40.126312,0.8796576599886647
4200.0,-739.4847049928833,4.0026126,40.126312,0.8793260906883265
4200.0,-739.4939790374116,4.0023317,40.101341,0.8789945205647476
4200.0,-739.4865149575437,4.0022516,40.088875,0.8786629504528595
4200.0,-739.4945613526758,4.0015697,40.176216,0.878331380068185
4200.0,-739.4866657136921,4.0014496,40.126312,0.8779998098887012
4200.0,-739.4938502648143,4.0012093,40.063904,0.8776682398228604
4200.0,-739.4874515376198,4.0007277,40.188721,0.8773366692910296
4200.0,-739.4880576140426,4.0005674,40.16375,0.8770050984874471
4200.0,-739.4945182371066,4.0000062,40.126312,0.8766735281221048
4200.0,-739.4888386161986,3.9996853,40.138779,0.8763419569683373
4200.0,-739.4958873242045,3.9993646,40.226158,0.8760103859891313
4200.0,-739.4892647373094,3.9991641,40.126312,0.8756788146443001
4200.0,-739.4970897355071,3.9990437,40.138779,0.8753472431259639
4200.0,-739.490595883417,3.9987631,40.151283,0.8750156711842749
4200.0,-739.4976502976602,3.9983218,40.251133,0.874684099414597
4200.0,-739.4914997854771,3.9981616,40.126312,0.8743525270676176
4200.0,-739.4979229920093,3.9976401,40.138779,0.8740209551756704
4200.0,-739.4890556562467,3.9972391,40.16375,0.8736893839245868
4200.0,-739.4961145592721,3.9971991,40.07637,0.8733578128434946
4200.0,-739.4880390837993,3.9967179,40.138779,0.8730262420482204
4200.0,-739.4893960965325,3.9964371,40.126312,0.8726946706444906
4200.0,-739.4968755253554,3.995996,40.126312,0.8723630992222008
4200.0,-739.4896851088317,3.9962766,40.063904,0.8720315276888838
4200.0,-739.4968692997736,3.9955549,40.201187,0.8716999562693853
4200.0,-739.4886288393244,3.9955549,40.151283,0.8713683852096775
4200.0,-739.4974950233408,3.9951138,40.088875,0.8710368135096204
4200.0,-739.4885360053169,3.9947529,40.16375,0.8707052424915372
4200.0,-739.4949508933532,3.9945924,40.138779,0.8703736719322028
4200.0,-739.4870814710963,3.9939508,40.126312,0.8700421015663022
4200.0,-739.4929863439578,3.994071,40.101341,0.8697105318878214
4200.0,-739.4867292266244,3.9935098,40.113808,0.8693789616798596
4200.0,-739.4946995370083,3.9930687,40.126312,0.869047391233227
4200.0,-739.4873814329733,3.9931087,40.16375,0.8687158207328297
4200.0,-739.4879829683329,3.9929082,40.213692,0.8683842499627166
4200.0,-739.4952215856832,3.9922264,40.126312,0.8680526792820108
4200.0,-739.4872564702422,3.9921863,40.16375,0.8677211088376441
4200.0,-739.4944059685172,3.9914243,40.151283,0.86738953852264
4200.0,-739.4876140613757,3.9913442,40.16375,0.8670579679179371
4200.0,-739.493723066902,3.9912641,40.126312,0.8667263979091286
4200.0,-739.486531363672,3.9908631,40.188721,0.8663948277898844
4200.0,-739.4959861894524,3.9906223,40.138779,0.8660632567663498
4200.0,-739.4888615043566,3.9901011,40.213692,0.8657316856023198
4200.0,-739.4952959757331,3.9899006,40.16375,0.8654001148882593
4200.0,-739.4840475372794,3.98966,40.126312,0.8650685458827103
4200.0,-739.4929147372837,3.9897401,40.16375,0.8647369762363362
4200.0,-739.4859030585286,3.9889781,40.126312,0.8644054063988107
4200.0,-739.4866506624544,3.9886575,40.101341,0.8640738362260754
4200.0,-739.4956734803028,3.9885771,40.063904,0.8637422653427517
4200.0,-739.4871299937723,3.9881761,40.101341,0.8634106949550943
4200.0,-739.4953632124775,3.9877751,40.176216,0.8630791242108866
4200.0,-739.4878224221219,3.9876149,40.101341,0.8627475535127592
4200.0,-739.4959049634384,3.9874544,40.113808,0.8624159825256442
4200.0,-739.4877801860999,3.9870133,40.16375,0.8620844118464545
4200.0,-739.4949688133496,3.9866123,40.126312,0.8617528412790851
4200.0,-739.4882775226181,3.986532,40.151283,0.8614212703769003
4200.0,-739.4965984730479,3.9858503,40.151283,0.8610896990788335
4200.0,-739.4886998839123,3.9860909,40.126312,0.8607581279872707
4200.0,-739.4957595159613,3.9855695,40.176216,0.8604265570653706
4200.0,-739.4896041277135,3.9852889,40.176216,0.8600949855683641
4200.0,-739.4890296798341,3.9849279,40.151283,0.8597634143289278
4200.0,-739.495449431184,3.9845269,40.113808,0.8594318435460617
4200.0,-739.4889332203019,3.9845672,40.151283,0.859100272349876
4200.0,-739.4951469637791,3.9840858,40.16375,0.8587687017026286
4200.0,-739.4872998170762,3.9838853,40.113808,0.8584371312388261
4200.0,-739.4950960113131,3.9833641,40.151283,0.8581055606144247
4200.0,-739.4887151304745,3.9832036,40.138779,0.8577739895160256
4200.0,-739.4943058336987,3.9827223,40.213692,0.8574424192459194
4200.0,-739.4863140062857,3.9829228,40.126312,0.8571108492241336
4200.0,-739.494120188168,3.9825218,40.16375,0.8567792790372663
4200.0,-739.4859775821222,3.9821208,40.113808,0.856447709166326
4200.0,-739.493882418264,3.9819605,40.088875,0.8561161390860683
4200.0,-739.4877700420694,3.9815595,40.051395,0.8557845684114268
4200.0,-739.4902382923347,3.9811184,40.138779,0.8554529966300743
4200.0,-739.4963056614595,3.9811184,40.151283,0.8551214254632967
4200.0,-739.4889981735603,3.9806771,40.151283,0.854789854237987
4200.0,-739.4967892456157,3.9804366,40.16375,0.8544582828543829
4200.0,-739.4893726469062,3.980196,40.138779,0.8541267114611673
4200.0,-739.4966818231472,3.9800355,40.16375,0.8537951401257283
4200.0,-739.4903651471753,3.9795945,40.07637,0.8534635682874968
4200.0,-739.4963410376415,3.9793139,40.151283,0.8531319971048573
4200.0,-739.4897382336035,3.9789529,40.151283,0.8528004255477205
4200.0,-739.4956020442963,3.9787524,40.113808,0.8524688546964267
4200.0,-739.4897574596583,3.9784315,40.151283,0.8521372831306694
4200.0,-739.4972008322915,3.9779904,40.188721,0.8518057115625202
4200.0,-739.487973849679,3.9779904,40.126312,0.8514741407964957
4200.0,-739.4956553649289,3.9777498,40.101341,0.8511425699212943
4200.0,-739.4871046276847,3.9770682,40.201187,0.8508109995450106
4200.0,-739.4867756740932,3.9769077,40.126312,0.8504794293162229
4200.0,-739.4948588029852,3.9765868,40.113808,0.8501478587981794
4200.0,-739.4885323554406,3.9765067,40.151283,0.8498162877817328
4200.0,-739.4953224651772,3.9760253,40.126312,0.8494847170557953
4200.0,-739.4882076498234,3.9761057,40.151283,0.8491531461849396
4200.0,-739.4958203683251,3.9755843,40.126312,0.8488215752357551
4200.0,-739.4899526002953,3.9750228,40.138779,0.8484900035825007
4200.0,-739.4967240597475,3.9749026,40.263599,0.848158432228124
4200.0,-739.4906338959186,3.9748223,40.113808,0.8478268602693912
4200.0,-739.4984260464948,3.9744213,40.051395,0.8474952881518875
4200.0,-739.4921906880143,3.9740202,40.151283,0.8471637154951218
4200.0,-739.5000207694701,3.9739401,40.16375,0.8468321426625851
4200.0,-739.4930917093201,3.9734991,40.138779,0.8465005696018207
4200.0,-739.492420435509,3.973098,40.088875,0.8461689968420412
4200.0,-739.4999660084459,3.973058,40.188721,0.8458374240340579
4200.0,-739.4919291414126,3.9728575,40.113808,0.8455058514945644
4200.0,-739.4981581129331,3.9724164,40.101341,0.845174279497195
4200.0,-739.4913299864737,3.9721756,40.126312,0.8448427072263498
4200.0,-739.499348768788,3.971895,40.126312,0.8445111346951211
4200.0,-739.4903383285349,3.9715741,40.101341,0.8441795628689142
4200.0,-739.497431131395,3.9712934,40.201187,0.8438479911975048
4200.0,-739.490817439972,3.9709725,40.201187,0.8435164191564746
4200.0,-739.4988036119953,3.9705315,40.138779,0.8431848468696801
4200.0,-739.491236444479,3.970331,40.16375,0.8428532746407772
4200.0,-739.4995840971629,3.9700503,40.138779,0.8425217020040332
4200.0,-739.4929421006134,3.9698498,40.113808,0.8421901290103502
4200.0,-739.4937198557689,3.9695289,40.188721,0.8418585556679381
4200.0,-739.4989125847457,3.9692883,40.176216,0.8415269833322828
4200.0,-739.4927587030277,3.9688873,40.113808,0.8411954104208315
4200.0,-739.4997710367184,3.9688473,40.07637,0.8408638377002685
4200.0,-739.4938528629204,3.9682457,40.07637,0.8405322642982189
4200.0,-739.5004629959949,3.9681253,40.051395,0.8402006912673992
4200.0,-739.4924885748375,3.9679248,40.126312,0.8398691184770675
4200.0,-739.500401594333,3.9674838,40.16375,0.8395375454737787
4200.0,-739.4918794834707,3.9674037,40.201187,0.8392059729565507
4200.0,-739.5008455419608,3.9669223,40.113808,0.8388743997542071
4200.0,-739.4924750374411,3.9667621,40.126312,0.8385428269699454
4200.0,-739.498973375923,3.9667218,40.151283,0.8382112546070329
4200.0,-739.492480054435,3.9663208,40.101341,0.8378796818205216
4200.0,-739.4927502069256,3.9658797,40.088875,0.8375481089128797
4200.0,-739.4980273872764,3.965559,40.151283,0.8372165369741243
4200.0,-739.4922305072415,3.9653986,40.138779,0.8368849642995049
4200.0,-739.4984541836283,3.9648371,40.176216,0.836553392169385
4200.0,-739.4916395432934,3.9645965,40.201187,0.8362218197597411
4200.0,-739.4979607361531,3.9645164,40.101341,0.8358902478508704
4200.0,-739.4909494585814,3.9642355,40.176216,0.8355586757506459
4200.0,-739.4994499169708,3.9637945,40.151283,0.8352271031740648
4200.0,-739.4916782269479,3.9637144,40.238625,0.834895530747076
4200.0,-739.49880677349,3.963273,40.138779,0.8345639584588639
4200.0,-739.4918016760934,3.9629524,40.151283,0.8342323859765232
4200.0,-739.499933806446,3.9626715,40.151283,0.8339008131829783
4200.0,-739.4930248150954,3.9623909,40.07637,0.8335692401522078
4200.0,-739.4907711877254,3.9621103,40.16375,0.8332376681319162
4200.0,-739.4998917038321,3.9618695,40.151283,0.8329060953572492
4200.0,-739.4920129544795,3.9615088,40.213692,0.8325745227801756
4200.0,-739.4986478858875,3.9611478,40.138779,0.8322429505632047
4200.0,-739.4929401110973,3.9612279,40.151283,0.8319113775704137
4200.0,-739.5013017943853,3.9609473,40.113808,0.8315798041634983
4200.0,-739.4928902819267,3.9605062,40.101341,0.8312482311930496
4200.0,-739.5006246058888,3.9604661,40.088875,0.8309166580897681
4200.0,-739.492502222072,3.9603457,40.138779,0.8305850852933174
4200.0,-739.4995573393882,3.9599848,40.188721,0.8302535126685708
4200.0,-739.4925808961311,3.9595037,40.176216,0.8299219398368441
4200.0,-739.499874821501,3.9592228,40.151283,0.8295903670697468
4200.0,-739.4918708408497,3.9587417,40.226158,0.829258794556394
4200.0,-739.4915943285991,3.958461,40.063904,0.8289272221670234
4200.0,-739.4989118522972,3.9581401,40.151283,0.8285956498316968
4200.0,-739.4919337433037,3.9580197,40.176216,0.8282640772901396
4200.0,-739.5001139830929,3.9575386,40.113808,0.8279325044158083
4200.0,-739.4932425629261,3.957258,40.188721,0.8276009312874044
4200.0,-739.5000947812989,3.9571776,40.176216,0.8272693584216827
4200.0,-739.4919618559559,3.9570975,40.126312,0.8269377858675205
4200.0,-739.4993896137514,3.9566164,40.138779,0.8266062133179779
4200.0,-739.4909113725645,3.9565761,40.151283,0.8262746412348303
4200.0,-739.4982831747889,3.956095,40.113808,0.8259430691813865
4200.0,-739.4909714432744,3.9560149,40.038929,0.8256114970713045
4200.0,-739.4997898110248,3.9556139,40.16375,0.8252799243423237
4200.0,-739.4914913262605,3.9552929,40.113808,0.8249483519991372
4200.0,-739.491763004359,3.9550524,40.101341,0.8246167795341359
4200.0,-739.4986497295172,3.9547315,40.138779,0.8242852073163384
4200.0,-739.4912864929163,3.954531,40.151283,0.8239536350649947
4200.0,-739.4989631097753,3.9542503,40.101341,0.8236220627066855
4200.0,-739.4913123476731,3.9539294,40.138779,0.8232904904437492
4200.0,-739.4989910152591,3.9535284,40.16375,0.8229589180729279
4200.0,-739.4906933806038,3.9533279,40.126312,0.8226273460875233
4200.0,-739.4980341495199,3.9530473,40.138779,0.822295774145736
4200.0,-739.4895750753245,3.9531274,40.138779,0.8219642026617558
4200.0,-739.496853711416,3.9525661,40.07637,0.8216326312492467
4200.0,-739.489296682782,3.9522052,40.126312,0.821301059890092
4200.0,-739.4974888589455,3.9520848,40.151283,0.8209694881927988
4200.0,-739.4899921383535,3.9520848,40.101341,0.8206379165218165
4200.0,-739.4891477094168,3.9511626,40.07637,0.8203063452294581
4200.0,-739.4966758780209,3.9512026,40.126312,0.8199747738966849
4200.0,-739.4889832567169,3.9509218,40.188721,0.8196432026780638
4200.0,-739.5001329404475,3.9508417,40.176216,0.8193116297952325
4200.0,-739.4917433268786,3.950561,40.138779,0.8189800573390542
4200.0,-739.4990492797782,3.9500396,40.051395,0.8186484849421086
4200.0,-739.4910447583939,3.949719,40.188721,0.8183169127991536
4200.0,-739.4985520357674,3.9496386,40.088875,0.8179853406251594
4200.0,-739.491592949101,3.9493179,40.176216,0.8176537682364073
4200.0,-739.4980794993204,3.9491575,40.101341,0.8173221962742864
4200.0,-739.4910421095426,3.9487565,40.151283,0.8169906241325191
4200.0,-739.5008678566992,3.9486761,40.151283,0.8166590509201702
4200.0,-739.4926130126277,3.9481149,40.138779,0.8163274780740433
4200.0,-739.4931444313695,3.947834,40.088875,0.8159959049896394
4200.0,-739.5013622193128,3.9476736,40.051395,0.815664331555631
4200.0,-739.493657344015,3.947433,40.088875,0.815332758241248
4200.0,-739.5015584610201,3.9471924,40.138779,0.8150011847192498
4200.0,-739.4940960988525,3.947032,40.16375,0.8146696112081383
4200.0,-739.5016977562268,3.9464304,40.126312,0.8143380376236837
4200.0,-739.4916117968362,3.9463904,40.101341,0.8140064652264807
4200.0,-739.4987304548347,3.9463103,40.051395,0.813674892972488
4200.0,-739.4919045686962,3.9458692,40.138779,0.8133433204440123
4200.0,-739.4998057659903,3.9455082,40.088875,0.8130117477078777
4200.0,-739.4930802346481,3.9452677,40.113808,0.8126801746522582
4200.0,-739.4999528246291,3.9451873,40.113808,0.8123486018501863
4200.0,-739.492472278854,3.9447863,40.151283,0.8120170290671613
4200.0,-739.4930856299617,3.9445858,40.138779,0.8116854560091228
4200.0,-739.4996491978508,3.9443452,40.16375,0.8113538833431893
4200.0,-739.492650475888,3.9440646,40.126312,0.8110223104802645
4200.0,-739.5005920249516,3.9439442,40.07637,0.8106907373915915
4200.0,-739.4932308687827,3.9435432,40.126312,0.8103591642684309
4200.0,-739.5015446182708,3.9430218,40.063904,0.8100275907526394
4200.0,-739.4936299269184,3.9429417,40.101341,0.8096960174505498
4200.0,-739.5019362337671,3.9426208,40.151283,0.8093644437591679
4200.0,-739.4930896342153,3.9423401,40.113808,0.8090328706993339
4200.0,-739.5003064764567,3.9423401,40.151283,0.8087012977386936
4200.0,-739.4933526580285,3.941819,40.07637,0.8083697245609253
4200.0,-739.5003388129545,3.9415781,40.088875,0.808038151585786
4200.0,-739.4927920038001,3.9412975,40.063904,0.8077065786594031
4200.0,-739.492815758282,3.941057,40.063904,0.8073750057223693
4200.0,-739.5015854874839,3.9409766,40.113808,0.8070434321882533
4200.0,-739.4932120214056,3.9404955,40.063904,0.8067118590735434
4200.0,-739.5014073369009,3.940295,40.126312,0.8063802856193055
4200.0,-739.4933395842846,3.9401345,40.126312,0.8060487124473991
4200.0,-739.500637044672,3.9397736,40.113808,0.8057171393385404
4200.0,-739.4928399894618,3.9396534,40.088875,0.8053855663906418
4200.0,-739.5012444575899,3.939132,40.113808,0.8050539930094347
4200.0,-739.4932638885397,3.9388914,40.113808,0.8047224198714688
4200.0,-739.5020968183765,3.938771,40.16375,0.8043908461080851
4200.0,-739.4943456586823,3.9385705,40.07637,0.8040592724850762
4200.0,-739.5021054854361,3.9380894,40.138779,0.8037276987178064
4200.0,-739.4940331963475,3.9378088,40.126312,0.8033961252348991
4200.0,-739.4933817106221,3.9378088,40.051395,0.8030645520441042
4200.0,-739.4993611833215,3.9373677,40.07637,0.8027329795073089
4200.0,-739.4932691862933,3.9372072,40.126312,0.8024014063669676
4200.0,-739.5008936015188,3.9368062,40.138779,0.8020698331430755
4200.0,-739.4920899559515,3.9364452,40.113808,0.801738260531476
4200.0,-739.4995544096965,3.9364052,40.101341,0.801406687908043
4200.0,-739.490951448251,3.9360843,40.063904,0.8010751158069264
4200.0,-739.4997378087688,3.9360843,40.038929,0.8007435431012621
4200.0,-739.4912079168263,3.9355631,40.138779,0.8004119708851503
4200.0,-739.4985558690355,3.9352422,40.088875,0.8000803987094374
4200.0,-739.4925696166813,3.9351218,40.126312,0.7997488258827682
4200.0,-739.4995395293844,3.934761,40.188721,0.7994172532660072
4200.0,-739.4930768654292,3.9345605,40.051395,0.7990856802118984
4200.0,-739.491987283383,3.9341996,40.101341,0.7987541076463353
4200.0,-739.4994422874739,3.933919,40.151283,0.798422535073175
4200.0,-739.4936639352176,3.9337986,40.101341,0.7980909617558366
4200.0,-739.5003044871252,3.933598,40.038929,0.7977593887960882
4200.0,-739.4927593497777,3.9334776,40.101341,0.7974278158843466
4200.0,-739.4995804476081,3.9331169,40.101341,0.7970962432492391
4200.0,-739.4917964881778,3.9329565,40.101341,0.7967646707692243
4200.0,-739.5001657650056,3.9323549,40.063904,0.7964330978716753
4200.0,-739.4922886250138,3.9322746,40.138779,0.796101525170997
4200.0,-739.5019261018616,3.9320741,40.088875,0.7957699514841581
4200.0,-739.4937599313018,3.9315128,40.07637,0.795438378123777
4200.0,-739.5000936458682,3.9313524,40.088875,0.7951068052585645
4200.0,-739.4932404756966,3.9313524,40.013962,0.7947752321310962
4200.0,-739.4919862699263,3.930831,40.038929,0.7944436595659875
4200.0,-739.4992742447005,3.9309914,40.001495,0.7941120870681734
4200.0,-739.4931226050132,3.9304299,40.088875,0.793780513993556
4200.0,-739.5010798085746,3.9301894,40.088875,0.7934489406861732
4200.0,-739.4940286552842,3.9299488,40.113808,0.793117367205302
4200.0,-739.4998166913263,3.9295878,40.07637,0.7927857944642688
4200.0,-739.4924226207077,3.9295478,40.113808,0.7924542217035095
4200.0,-739.4998722089462,3.9292269,40.101341,0.7921226489375836
4200.0,-739.4920985253642,3.9291067,40.101341,0.7917910763221419
4200.0,-739.5010641711551,3.9284248,40.07637,0.7914595030217705
4200.0,-739.4945759675941,3.9284651,40.026463,0.791127929295496
4200.0,-739.501162304108,3.9281442,40.026463,0.7907963559511245
4200.0,-739.4931769018341,3.9279037,40.038929,0.7904647828521616
4200.0,-739.4937974308339,3.9277031,40.126312,0.7901332094749666
4200.0,-739.5021591599891,3.9274223,40.063904,0.7898016356836304
4200.0,-739.4941116510887,3.9270616,40.038929,0.7894700621655457
4200.0,-739.500259369537,3.9270213,40.101341,0.7891384892260267
4200.0,-739.493870123248,3.9265802,40.126312,0.788806915816238
4200.0,-739.5000026296931,3.9265401,40.013962,0.7884753429918346
4200.0,-739.4944753456252,3.9262595,40.063904,0.788143769310677
4200.0,-739.5026089549776,3.9260991,40.063904,0.7878121953176643
4200.0,-739.4937368719663,3.9255776,40.051395,0.7874806219676226
4200.0,-739.5003898511636,3.925297,40.07637,0.7871490489695991
4200.0,-739.4916292649709,3.9248559,40.113808,0.7868174765645638
4200.0,-739.4991238776374,3.9248159,40.088875,0.7864859041341704
4200.0,-739.4911596255929,3.9246154,40.101341,0.7861543319397114
4200.0,-739.4989842407374,3.9243746,40.07637,0.7858227595719276
4200.0,-739.490144725886,3.924094,40.063904,0.7854911878325281
4200.0,-739.4911852117658,3.9238534,40.07637,0.785159615626597
4200.0,-739.4990187620466,3.923733,40.07637,0.7848280432433347
4200.0,-739.4920530665399,3.9234924,40.013962,0.7844964706482757
4200.0,-739.5004956133064,3.9231715,40.063904,0.7841648976028311
4200.0,-739.4912207953992,3.922931,40.038929,0.783833325380945
4200.0,-739.5004931472208,3.9224899,40.013962,0.7835017523366062
4200.0,-739.4930814921324,3.9223294,40.07637,0.783170179280423
4200.0,-739.5003450999276,3.9221289,40.101341,0.7828386063024647
4200.0,-739.4928847887463,3.9218483,40.07637,0.7825070333344791
4200.0,-739.4994473411485,3.9215677,40.051395,0.7821754607590529
4200.0,-739.4924652592474,3.9213269,40.088875,0.7818438879791755
4200.0,-739.4997092080805,3.9211264,40.126312,0.7815123152863349
4200.0,-739.4935229574164,3.9208858,40.038929,0.7811807420322079
4200.0,-739.4935536087238,3.9206452,40.063904,0.7808491687643376
4200.0,-739.500458052006,3.9204447,40.101341,0.7805175957357345
4200.0,-739.4927044310189,3.9201641,40.063904,0.7801860228486175
4200.0,-739.5005698081834,3.9198031,40.038929,0.779854449769906
4200.0,-739.4911230413949,3.9197631,40.07637,0.7795228775918506
4200.0,-739.499434426174,3.9194822,40.088875,0.7791913050222152
4200.0,-739.4915529345493,3.9191616,40.001495,0.7788597326514048
4200.0,-739.4990079465498,3.9188406,40.038929,0.7785281602729919
4200.0,-739.4902539539996,3.91856,40.026463,0.7781965884846169
4200.0,-739.4994162128299,3.9184797,39.976521,0.7778650159231479
4200.0,-739.4916930218798,3.9183195,40.07637,0.7775334434895254
4200.0,-739.4994976344774,3.917758,40.013962,0.7772018708915489
4200.0,-739.491279290826,3.9174771,39.988987,0.7768702986434346
4200.0,-739.4903205184033,3.9174371,40.026463,0.7765387268252136
4200.0,-739.4992372448229,3.916996,40.038929,0.7762071543439892
4200.0,-739.4916358568897,3.9166751,40.026463,0.7758755819359981
4200.0,-739.4991221193927,3.916635,40.088875,0.7755440095063931
4200.0,-739.4921943500664,3.9160736,39.976521,0.7752124368479857
4200.0,-739.4982560018558,3.915833,40.051395,0.7748808648067254
4200.0,-739.490117565351,3.9159133,40.088875,0.7745492930795043
4200.0,-739.4986683326445,3.9156325,40.07637,0.7742177208533655
4200.0,-739.4887821101855,3.915432,40.013962,0.7738861497249342
4200.0,-739.4987572249901,3.9152315,40.051395,0.7735545774589383
4200.0,-739.4905519994664,3.9147103,40.038929,0.7732230055369261
4200.0,-739.4989095695668,3.9145498,40.026463,0.7728914332026229
4200.0,-739.4911633613136,3.9143093,40.026463,0.772559861006489
4200.0,-739.4923315809941,3.9143093,40.051395,0.7722282882865499
4200.0,-739.500258527147,3.9139483,40.013962,0.7718967153474088
4200.0,-739.4923941174577,3.9137878,40.063904,0.7715651425994298
4200.0,-739.4995488184907,3.9131863,40.063904,0.7712335699785038
4200.0,-739.4912185857465,3.9131463,40.013962,0.7709019977576083
4200.0,-739.4999087693649,3.9127052,40.063904,0.7705704249752895
4200.0,-739.4912988953027,3.9127052,40.101341,0.7702388527183851
4200.0,-739.4986187966787,3.9124646,40.013962,0.7699072805144569
4200.0,-739.4918215731986,3.9120636,40.013962,0.7695757080231946
4200.0,-739.4999648611974,3.9119432,40.07637,0.7692441352157258
4200.0,-739.4929197618502,3.9118228,40.063904,0.768912562232059
4200.0,-739.4983881553702,3.9113417,40.013962,0.7685809901315445
4200.0,-739.4925499639618,3.9112213,40.038929,0.7682494173136872
4200.0,-739.492130239036,3.9108605,40.063904,0.7679178446840257
4200.0,-739.4988755482891,3.91066,40.101341,0.7675862723649769
4200.0,-739.4906753143712,3.9103391,40.038929,0.7672547003876727
4200.0,-739.4985061859354,3.910259,40.051395,0.7669231282342365
4200.0,-739.4911782296073,3.909898,40.101341,0.7665915560314358
4200.0,-739.4975538859638,3.9098179,40.026463,0.7662599843049863
4200.0,-739.4885620062345,3.9094169,40.013962,0.7659284132752451
4200.0,-739.497015577209,3.9091361,40.063904,0.7655968417901594
4200.0,-739.4901725700055,3.9090559,40.038929,0.7652652700382753
4200.0,-739.499056262365,3.9088554,40.088875,0.7649336976381989
4200.0,-739.4925921510759,3.9086549,40.07637,0.7646021248014258
4200.0,-739.4990505124629,3.9082539,40.063904,0.7642705524039274
4200.0,-739.4925022102542,3.9078529,40.038929,0.7639389796074818
4200.0,-739.4919190586191,3.9077725,40.088875,0.7636074070725092
4200.0,-739.4982320144624,3.9076123,40.051395,0.7632758350420042
4200.0,-739.4906571990259,3.9072914,40.051395,0.7629442630728228
4200.0,-739.4987570661914,3.9070508,40.013962,0.7626126908068983
4200.0,-739.4906451876466,3.90677,40.038929,0.7622811188431023
4200.0,-739.4977679982989,3.9065697,40.051395,0.7619495470206504
4200.0,-739.4925481329868,3.9064493,40.026463,0.7616179742036141
4200.0,-739.4999054001122,3.9062088,40.001495,0.7612864014228061
4200.0,-739.4922136124951,3.9057274,40.051395,0.7609548287557616
4200.0,-739.5018382721469,3.9056072,40.051395,0.7606232551083034
4200.0,-739.4918680454796,3.9056473,40.051395,0.7602916825962039
4200.0,-739.5000461604716,3.9050858,40.038929,0.7599601097522826
4200.0,-739.4928422228521,3.9050457,39.976521,0.7596285368033826
4200.0,-739.4937691844012,3.9047248,40.07637,0.7592969634388527
4200.0,-739.5012260614535,3.9042037,40.026463,0.7589653900658939
4200.0,-739.4923386856268,3.9040833,40.051395,0.7586338173427694
4200.0,-739.5003797923137,3.9040833,40.113808,0.7583022443492561
4200.0,-739.492347913863,3.9037223,40.038929,0.7579706716219937
4200.0,-739.5000284358017,3.9034417,40.051395,0.7576390987860196
4200.0,-739.4929855206044,3.903161,39.988987,0.757307525772868
4200.0,-739.5005049760822,3.903161,40.013962,0.7569759527232255
4200.0,-739.4923592541408,3.9028401,39.964054,0.7566443799908785
4200.0,-739.4996732460215,3.9023991,40.013962,0.7563128073141624
4200.0,-739.4925794190731,3.9020381,40.063904,0.755981234483098
4200.0,-739.4996368439922,3.9018376,40.063904,0.7556496618227037
4200.0,-739.4923766248179,3.9020381,40.026463,0.7553180890825679
4200.0,-739.4933328335687,3.901557,40.026463,0.7549865159136886
4200.0,-739.498918602774,3.901196,39.988987,0.754654943575335
4200.0,-739.492248512544,3.9010756,40.07637,0.7543233708926422
4200.0,-739.4991777107844,3.9009955,40.026463,0.7539917984381114
4200.0,-739.4916379075406,3.9003539,40.101341,0.7536602260292009
4200.0,-739.4990325559387,3.900394,40.026463,0.7533286536397538
4200.0,-739.4923708262703,3.9001534,40.013962,0.7529970809022181
4200.0,-739.5009582992244,3.8998325,40.051395,0.7526655076493171
4200.0,-739.4929217147877,3.899672,40.038929,0.7523339346647746
4200.0,-739.499165320705,3.8993113,40.051395,0.7520023622157992
4200.0,-739.493685810226,3.8990304,40.013962,0.7516707888886525
4200.0,-739.4990182008285,3.8990705,39.988987,0.7513392165056418
4200.0,-739.492016702018,3.8987899,40.001495,0.7510076439268878
4200.0,-739.4909712233425,3.8985894,39.976521,0.7506760718169045
4200.0,-739.4989632933351,3.8981082,40.001495,0.750344499458513
4200.0,-739.4926221310769,3.8979077,40.101341,0.7500129266082974
4200.0,-739.5001620299633,3.8977873,39.976521,0.7496813537124233
4200.0,-739.492070583736,3.8977473,40.051395,0.7493497811095099
4200.0,-739.4999707937385,3.8972259,40.001495,0.749018208299381
4200.0,-739.4925598999293,3.8970656,40.001495,0.7486866354770686
4200.0,-739.5006483610188,3.8968248,39.988987,0.748355062363136
4200.0,-739.491678080429,3.8965442,40.088875,0.7480234899362128
4200.0,-739.4999201219326,3.8962233,39.976521,0.747691917148804
4200.0,-739.4916520676936,3.8960631,39.988987,0.7473603447335443
4200.0,-739.4996967321557,3.8959427,39.964054,0.7470287720462976
4200.0,-739.4920311549018,3.8956621,40.126312,0.7466971994610634
4200.0,-739.4913666195796,3.8956218,40.088875,0.7463656271737926
4200.0,-739.499534072523,3.8951807,40.001495,0.7460340545594784
4200.0,-739.492290711834,3.8950202,39.964054,0.7457024818578644
4200.0,-739.5005883267442,3.8949001,40.038929,0.7453709087708494
4200.0,-739.4917197303753,3.8947797,40.001495,0.7450393363252513
4200.0,-739.500284516406,3.8941782,40.113808,0.7447077633744573
4200.0,-739.4921927264894,3.8940179,39.988987,0.7443761907167777
4200.0,-739.4994801049293,3.8937771,40.063904,0.7440446181266612
4200.0,-739.4909457962735,3.8934565,40.063904,0.7437130460280788
4200.0,-739.4995200467766,3.8934164,40.063904,0.7433814734200532
4200.0,-739.491389299828,3.8931756,40.013962,0.7430499011226132
4200.0,-739.5001549988264,3.8927746,40.001495,0.7427183282298915
4200.0,-739.4927199947658,3.892534,40.051395,0.742386755335796
4200.0,-739.4930782817106,3.8922534,39.988987,0.7420551822810522
4200.0,-739.4991339724013,3.8920128,39.976521,0.7417236098461325
4200.0,-739.492423731673,3.8919725,40.001495,0.7413920370848751
4200.0,-739.4972958154652,3.8918123,40.038929,0.741060465474138
4200.0,-739.4907929650715,3.8914514,40.013962,0.7407288934440817
4200.0,-739.497557352931,3.8910904,40.026463,0.7403973217160777
4200.0,-739.4905207984061,3.8909299,40.038929,0.7400657498080554
4200.0,-739.4983179160321,3.89097,40.038929,0.7397341777390345
4200.0,-739.4896421159658,3.8902884,40.013962,0.7394026062249948
4200.0,-739.497397439737,3.8900478,39.964054,0.7390710345686918
4200.0,-739.4919433257124,3.8898873,39.976521,0.7387394620228382
4200.0,-739.5002883982756,3.8898473,40.013962,0.7384078890703036
4200.0,-739.492098500808,3.8897269,39.976521,0.7380763164548729
4200.0,-739.4913069398257,3.8894863,40.013962,0.7377447441943614
4200.0,-739.4990092159156,3.8891253,40.013962,0.7374131718153792
4200.0,-739.4925916017322,3.8890452,40.013962,0.7370815989788525
4200.0,-739.4987744247651,3.8885641,39.988987,0.7367500267051448
4200.0,-739.4917025189044,3.8884437,40.026463,0.736418454267264
4200.0,-739.4999211232235,3.8882031,40.026463,0.7360868814794062
4200.0,-739.4921027611115,3.8878822,40.013962,0.7357553088620651
4200.0,-739.4998584514796,3.8876817,40.101341,0.7354237361023076
4200.0,-739.4920189851347,3.8874812,40.001495,0.73509216352253
4200.0,-739.4985944310129,3.8872807,39.988987,0.7347605913295269
4200.0,-739.4910389966295,3.8870802,40.001495,0.7344290191891554
4200.0,-739.5008528295085,3.8869197,40.013962,0.7340974459835443
4200.0,-739.491877920875,3.886559,40.038929,0.7337658734670169
4200.0,-739.4910423417015,3.886519,39.976521,0.7334343013251455
4200.0,-739.4993540420384,3.8861179,40.013962,0.7331027287915524
4200.0,-739.4920212552571,3.8860376,40.07637,0.7327711562107568
4200.0,-739.4982645955018,3.8857169,40.026463,0.7324395841656435
4200.0,-739.4917954874086,3.8855565,40.063904,0.7321080116860775
4200.0,-739.499232434718,3.8852355,40.07637,0.73177643920701
4200.0,-739.4939615052142,3.8847544,40.013962,0.7314448657562475
4200.0,-739.4996891515672,3.8847544,40.013962,0.7311132930723997
4200.0,-739.4930802836583,3.8847945,40.001495,0.7307817200167582
4200.0,-739.5004094676042,3.8844736,40.001495,0.7304501470099393
4200.0,-739.4923263687268,3.8840725,39.988987,0.7301185742923374
4200.0,-739.5000104911466,3.8837919,39.988987,0.7297870014644091
4200.0,-739.4906989346122,3.883431,39.964054,0.7294554294765143
4200.0,-739.4926477661577,3.8832705,40.013962,0.7291238566148046
4200.0,-739.5012079584089,3.8831103,40.026463,0.7287922832499628
4200.0,-739.4906116304148,3.8830299,40.026463,0.7284607113012133
4200.0,-739.5014092048824,3.8825889,39.976521,0.7281291378461378
4200.0,-739.4937838201269,3.8825088,40.051395,0.7277975644750456
4200.0,-739.5013283329935,3.8823082,40.001495,0.7274659910562309
4200.0,-739.4943967079399,3.8819473,40.026463,0.7271344174103326
4200.0,-739.4993275893779,3.8818269,40.026463,0.7268028448886001
4200.0,-739.4932143038573,3.8812253,40.001495,0.726471271772867
4200.0,-739.4993047133703,3.8812656,40.038929,0.7261396992613913
4200.0,-739.4911686957482,3.8809848,40.026463,0.7258081270628656
4200.0,-739.4991291753933,3.8808646,40.001495,0.7254765546300967
4200.0,-739.4920010770851,3.8807843,40.051395,0.7251449820583488
4200.0,-739.4989267816201,3.8800626,39.976521,0.7248134097163281
4200.0,-739.490368113723,3.8801427,40.038929,0.7244818378767662
4200.0,-739.490915425419,3.8802228,40.026463,0.7241502657918016
4200.0,-739.4985885839079,3.8796616,39.95155,0.72381869360142
4200.0,-739.4915687668802,3.8794611,40.001495,0.7234871212235109
4200.0,-739.4990595705335,3.8794611,40.051395,0.723155548821951
4200.0,-739.4901893911344,3.8792605,40.026463,0.7228239770625247
4200.0,-739.4990387695492,3.87906,39.964054,0.7224924046702915
4200.0,-739.4901409538425,3.878659,39.976521,0.7221608329325835
4200.0,-739.4979913762068,3.878619,39.976521,0.7218292610099746
4200.0,-739.4903330064807,3.878258,40.051395,0.7214976891861542
4200.0,-739.4979044249494,3.8781776,40.051395,0.7211661173025321
4200.0,-739.4898971805379,3.877897,40.013962,0.7208345456741267
4200.0,-739.498296016452,3.8775761,39.95155,0.720502973614925
4200.0,-739.4916210617532,3.8772154,40.001495,0.7201714012135678
4200.0,-739.4916230272759,3.877095,40.001495,0.7198398288113294
4200.0,-739.4984738005293,3.8768144,40.063904,0.7195082566724139
4200.0,-739.4910286451499,3.8765736,40.026463,0.7191766845366837
4200.0,-739.4967491939291,3.8765335,40.07637,0.7188451131710375
4200.0,-739.4908049767578,3.8760924,40.026463,0.7185135411355956
4200.0,-739.4996708167708,3.8758919,40.026463,0.7181819684599687
4200.0,-739.4913024350851,3.875932,40.038929,0.7178503962014771
4200.0,-739.4995685332595,3.8754909,40.063904,0.7175188235717114
4200.0,-739.4911289130996,3.8751299,40.013962,0.7171872513910232
4200.0,-739.4987956897646,3.8752103,40.026463,0.7168556791077809
4200.0,-739.4913268613849,3.8748894,40.026463,0.716524106838337
4200.0,-739.4985598848402,3.8744483,39.988987,0.7161925346608233
4200.0,-739.4916047778945,3.8743279,40.026463,0.7158609622667675
4200.0,-739.4903886334314,3.8742478,40.001495,0.7155293904180052
4200.0,-739.4984758635813,3.8740873,40.001495,0.7151978182781645
4200.0,-739.490103808125,3.8737264,40.026463,0.7148662465571118
4200.0,-739.4969908703104,3.8736463,39.976521,0.7145346750831042
4200.0,-739.4903685893979,3.8731651,39.988987,0.7142031032433291
4200.0,-739.4979965398227,3.8731248,39.964054,0.7138715313184051
4200.0,-739.4906824063165,3.8727238,40.026463,0.7135399593379211
4200.0,-739.497486905886,3.8727641,39.976521,0.7132083876415038
4200.0,-739.4900230101043,3.8725233,39.988987,0.7128768159566792
4200.0,-739.4979691346774,3.8720021,40.026463,0.7125452440440428
4200.0,-739.488612591993,3.8718817,39.988987,0.71221367299162
4200.0,-739.4970552991736,3.8717616,40.001495,0.711882101488724
4200.0,-739.4898341804729,3.8714406,40.001495,0.7115505298885666
4200.0,-739.4887805963955,3.8714807,39.988987,0.7112189587608141
4200.0,-739.4967373778577,3.8712001,40.026463,0.7108873874004658
4200.0,-739.488671307096,3.8709996,40.038929,0.7105558163217162
4200.0,-739.4973167509986,3.8706386,39.988987,0.7102242447015921
4200.0,-739.4905530247919,3.8704381,40.038929,0.70989267277912
4200.0,-739.499882170184,3.8704782,40.051395,0.7095611000087276
4200.0,-739.4907968102722,3.8702376,40.063904,0.7092295279769475
4200.0,-739.4976356612248,3.8700371,39.976521,0.7088979562138321
4200.0,-739.4915007499746,3.869596,40.013962,0.7085663838664202
4200.0,-739.4971622701095,3.8693955,40.063904,0.7082348123155612
4200.0,-739.4904511086066,3.8689945,40.051395,0.7079032404387863
4200.0,-739.4965473008014,3.868794,40.07637,0.7075716691636638
4200.0,-739.4893309967553,3.8689945,40.001495,0.7072400977891232
4200.0,-739.4890938885267,3.868834,40.07637,0.7069085265208971
4200.0,-739.4976483199931,3.8681924,39.976521,0.7065769547521059
4200.0,-739.4915419362172,3.8679919,39.988987,0.7062453823862269
4200.0,-739.4991280522407,3.8678715,40.101341,0.7059138099539617
4200.0,-739.49142555487,3.867671,39.964054,0.7055822376402657
4200.0,-739.4990744144202,3.86727,39.914112,0.7052506652320504
4200.0,-739.4911181221654,3.8671498,39.988987,0.7049190930562007
4200.0,-739.4987998765439,3.8672299,39.964054,0.704587520771081
4200.0,-739.4911547554759,3.8666284,39.964054,0.7042559485788057
4200.0,-739.4968011108513,3.8667088,40.013962,0.7039243771898813
4200.0,-739.4899856202569,3.8665483,39.964054,0.7035928055218215
4200.0,-739.4959396315238,3.8661873,40.038929,0.7032612345191623
4200.0,-739.4896391251177,3.8660269,40.013962,0.7029296630064635
4200.0,-739.4902597766942,3.8657863,39.95155,0.7025980912154779
4200.0,-739.4984948091181,3.8652651,39.988987,0.7022665190671427
4200.0,-739.4902147451485,3.8654253,39.988987,0.7019349472963481
4200.0,-739.4972903466326,3.8652248,39.926579,0.7016033756880629
4200.0,-739.4903766586817,3.8649042,39.976521,0.7012718038446697
4200.0,-739.4986437354314,3.8645833,39.976521,0.7009402316295597
4200.0,-739.4927302609125,3.8645432,40.001495,0.7006086587308611
4200.0,-739.4990076657873,3.8641422,40.038929,0.7002770863525741
4200.0,-739.4923714612538,3.8642223,40.026463,0.6999455136147535
4200.0,-739.4995905301448,3.8637011,40.001495,0.6996139409751252
4200.0,-739.4915278736754,3.8635406,40.013962,0.6992823686155515
4200.0,-739.497866497655,3.8632197,40.026463,0.6989507967489351
4200.0,-739.4900530393202,3.8633401,40.013962,0.698619225050646
4200.0,-739.491107453194,3.8629391,40.001495,0.69828765287958
4200.0,-739.5003035590433,3.862819,39.926579,0.6979560799202478
4200.0,-739.4916486498738,3.862498,40.038929,0.6976245075065206
4200.0,-739.4984153530131,3.8622575,40.026463,0.6972929353938115
4200.0,-739.4902903426686,3.8619766,40.013962,0.6969613635891205
4200.0,-739.4984992281609,3.8618565,40.038929,0.696629791438804
4200.0,-739.4912692688092,3.8618565,40.07637,0.6962982191951833
4200.0,-739.49824701725,3.8613751,39.964054,0.6959666471579515
4200.0,-739.4926054199395,3.8611746,40.063904,0.6956350743152291
4200.0,-739.5007879492151,3.8608539,40.026463,0.6953035011387085
4200.0,-739.4917996129598,3.8606935,39.964054,0.6949719286572928
4200.0,-739.4995417387522,3.8605731,39.95155,0.6946403560395412
4200.0,-739.4919343906165,3.8603325,40.038929,0.694308783497694
4200.0,-739.4918332310705,3.8602524,40.026463,0.6939772110012046
4200.0,-739.5003194890431,3.8598514,39.964054,0.6936456380347297
4200.0,-739.4926112184871,3.8596909,40.063904,0.6933140651894072
4200.0,-739.5009944199796,3.8595304,40.001495,0.6929824919203106
4200.0,-739.4936572339212,3.8592098,39.976521,0.6926509186059768
4200.0,-739.4994244039542,3.8592498,40.001495,0.6923193460408351
4200.0,-739.4918467932789,3.8590894,39.988987,0.6919877735382647
4200.0,-739.498338374965,3.8588488,39.95155,0.6916562014600706
4200.0,-739.4919795196708,3.8587284,40.001495,0.6913246288979884
4200.0,-739.499364845564,3.8582873,40.001495,0.6909930563595512
4200.0,-739.4926013793121,3.8581672,40.038929,0.6906614835186402
4200.0,-739.5001677551045,3.8574853,39.976521,0.690329910620199
4200.0,-739.4924169446343,3.8576858,40.013962,0.6899983378619847
4200.0,-739.4906200777624,3.8575253,39.988987,0.6896667659094476
4200.0,-739.4983028887902,3.8572447,39.95155,0.6893351938471645
4200.0,-739.4908104819606,3.8570442,40.038929,0.6890036218092542
4200.0,-739.4978269100349,3.8567233,40.001495,0.6886720499603878
4200.0,-739.4912553164635,3.8565631,40.051395,0.6883404777230231
4200.0,-739.4981025826257,3.8564026,39.988987,0.6880089057505522
4200.0,-739.4905035254425,3.8561621,40.001495,0.6876773338502745
4200.0,-739.4966232050147,3.8559213,40.026463,0.6873457625411186
4200.0,-739.4903086532358,3.8558412,40.051395,0.6870141907282176
4200.0,-739.4978265436316,3.8554001,40.026463,0.6866826188795154
4200.0,-739.4884992011871,3.8554802,40.026463,0.6863510478779346
4200.0,-739.4953954270626,3.854959,40.063904,0.6860194771192826
4200.0,-739.4894528467778,3.8552396,39.976521,0.6856879056901072
4200.0,-739.4898381721927,3.8546782,40.001495,0.68535633408816
4200.0,-739.4970153821895,3.854598,40.026463,0.6850247626031618
4200.0,-739.4893899561927,3.8542371,40.013962,0.6846931912021852
4200.0,-739.4966218010996,3.8542371,40.013962,0.6843616198936587
4200.0,-739.4905566377314,3.8539565,40.051395,0.6840300479695668
4200.0,-739.4973671051048,3.853796,39.964054,0.683698476326865
4200.0,-739.4898189950968,3.8534751,40.088875,0.6833669047335165
4200.0,-739.4967164545002,3.853034,40.001495,0.6830353333825497
4200.0,-739.4897642958606,3.8528736,40.063904,0.6827037618137272
4200.0,-739.4982881182661,3.8529139,40.088875,0.6823721897580668
4200.0,-739.491402080841,3.8525929,39.976521,0.6820406174548961
4200.0,-739.4999658131707,3.8527534,39.976521,0.6817090446470003
4200.0,-739.4916053635609,3.852272,40.001495,0.6813774722526819
4200.0,-739.4909542681775,3.8520315,39.95155,0.6810459001503008
4200.0,-739.4975090737458,3.851831,39.988987,0.6807143284439441
4200.0,-739.4903944804776,3.8516304,40.051395,0.68038275659256
4200.0,-739.498680906386,3.8513498,40.038929,0.6800511843607835
4200.0,-739.4912152042496,3.8512294,40.088875,0.6797196121414042
4200.0,-739.4980721016777,3.8511093,40.001495,0.6793880401826001
4200.0,-739.4915329150721,3.8508284,40.026463,0.679056467820766
4200.0,-739.4993868305803,3.8506279,40.013962,0.6787248952724713
4200.0,-739.4920881861626,3.8505878,39.988987,0.6783933226616654
4200.0,-739.4990414673866,3.8501868,40.038929,0.6780617502682227
4200.0,-739.492095742221,3.8500667,40.013962,0.6777301776540288
4200.0,-739.5002380556291,3.8497458,40.051395,0.6773986047240665
4200.0,-739.4913077943829,3.8495452,40.038929,0.6770670324631718
4200.0,-739.4920701927801,3.8492646,39.926579,0.6767354598604337
4200.0,-739.5002660590319,3.8491042,40.038929,0.6764038869179154
4200.0,-739.4911072825281,3.8489037,40.038929,0.6760723147469261
4200.0,-739.4977356863575,3.8486631,40.001495,0.6757407429389619
4200.0,-739.4929137923298,3.8486631,40.038929,0.6754091699579717
4200.0,-739.4997315346367,3.8484626,40.001495,0.6750775972551206
4200.0,-739.4923708874563,3.8481817,40.001495,0.6747460245175573
4200.0,-739.5001961855855,3.8480616,40.038929,0.6744144516063686
4200.0,-739.4930539162899,3.8480213,40.013962,0.6740828785625498
4200.0,-739.5008534155901,3.8475802,40.088875,0.6737513053566758
4200.0,-739.4916939376229,3.84746,40.051395,0.6734197329226427
4200.0,-739.5004145825164,3.8471391,40.101341,0.6730881599135303
4200.0,-739.4939516415852,3.847059,40.013962,0.6727565864671904
4200.0,-739.4940663877935,3.8466179,40.013962,0.6724250129694007
4200.0,-739.5003498358514,3.8464174,40.051395,0.6720934399893191
4200.0,-739.4945163241629,3.8463771,40.038929,0.6717618662897875
4200.0,-739.5027823204215,3.8460565,40.07637,0.6714302922190423
4200.0,-739.4945277012749,3.8460565,40.001495,0.6710987185144094
4200.0,-739.5008702855919,3.8456955,40.038929,0.6707671453009715
4200.0,-739.4935745073145,3.8453746,40.051395,0.6704355720237306
4200.0,-739.5014431649736,3.8452144,40.026463,0.6701039985534283
4200.0,-739.4951182623472,3.8452144,40.088875,0.6697724245840003
4200.0,-739.5018537018082,3.8448935,40.013962,0.6694408509296238
4200.0,-739.492249977017,3.8448133,40.088875,0.6691092782462744
4200.0,-739.5013284061514,3.8446128,40.013962,0.6687777048274269
4200.0,-739.4930443219611,3.844332,40.063904,0.6684461317879099
4200.0,-739.4942043628778,3.8440514,40.038929,0.6681145582282552
4200.0,-739.5008696631871,3.843931,39.976521,0.6677829850150963
4200.0,-739.4943280681244,3.8437304,40.051395,0.6674514113999747
4200.0,-739.502501398267,3.8436503,40.001495,0.6671198374551878
4200.0,-739.4966422544131,3.8432894,40.013962,0.666788262802434
4200.0,-739.5041490631421,3.8428884,40.001495,0.6664566881188763
4200.0,-739.4952405400577,3.8428884,40.013962,0.6661251140946216
4200.0,-739.5017640527134,3.8427279,39.976521,0.6657935404804415
4200.0,-739.4939405457444,3.8427682,39.988987,0.6654619670390768
4200.0,-739.501022044394,3.8423672,40.051395,0.6651303937575941
4200.0,-739.4939394956581,3.8422868,40.038929,0.6647988203167001
4200.0,-739.5015449720889,3.8418458,40.026463,0.6644672468007501
4200.0,-739.4935470905759,3.8416452,39.988987,0.6641356735358023
4200.0,-739.4949964856864,3.8415651,40.051395,0.6638040996209765
4200.0,-739.5028210043628,3.8412042,40.051395,0.6634725255328863
4200.0,-739.4931003762927,3.8410838,40.101341,0.6631409524682357
4200.0,-739.5025851386611,3.8410437,40.038929,0.6628093784859016
4200.0,-739.4946446441415,3.8410437,40.026463,0.6624778047288342
4200.0,-739.501468372313,3.8406827,40.001495,0.6621462312472294
4200.0,-739.4945031651885,3.8403621,40.07637,0.661814657553598
4200.0,-739.4999940602967,3.8403218,40.07637,0.6614830847330371
4200.0,-739.4922137108224,3.8401213,40.038929,0.6611515120659486
4200.0,-739.4996592559845,3.8398006,40.038929,0.6608199393955053
4200.0,-739.4930758523819,3.83956,40.051395,0.6604883663418507
4200.0,-739.4991139044282,3.8393195,40.038929,0.6601567939159291
4200.0,-739.4929646223206,3.839119,40.013962,0.6598252209121477
4200.0,-739.5013687259641,3.8389184,40.001495,0.6594936474752219
4200.0,-739.4925218023506,3.8389986,40.001495,0.6591620746699917
4200.0,-739.4929676009929,3.8385174,40.038929,0.6588305016648749
4200.0,-739.5007056361671,3.8385174,40.038929,0.6584989285252615
4200.0,-739.4941189631194,3.8381565,40.07637,0.6581673550038981
4200.0,-739.501078514294,3.8379159,40.051395,0.6578357816970958
4200.0,-739.4933853116928,3.837635,40.051395,0.6575042085046862
4200.0,-739.5021091473204,3.837635,40.038929,0.6571726347357746
4200.0,-739.4937626899912,3.8375149,40.051395,0.6568410613741565
4200.0,-739.5004278640987,3.837234,40.07637,0.6565094883590891
4200.0,-739.4938429264924,3.8367929,40.063904,0.6561779149614947
4200.0,-739.5012075188478,3.8367529,40.013962,0.6558463415968501
4200.0,-739.4939066957818,3.8365524,40.063904,0.6555147681706629
4200.0,-739.5018898838524,3.8363118,40.051395,0.6551831945000632
4200.0,-739.4950598155214,3.8362315,40.001495,0.6548516205568415
4200.0,-739.4939181699933,3.8363919,40.126312,0.6545200471255097
4200.0,-739.5008052833346,3.83567,40.07637,0.6541884739412172
4200.0,-739.4929346297345,3.8355899,40.101341,0.6538569009508839
4200.0,-739.5008143405867,3.8355098,40.063904,0.6535253277625303
4200.0,-739.4926034182988,3.8352289,40.038929,0.6531937549207051
4200.0,-739.5003036932854,3.8349082,40.038929,0.6528621819613127
4200.0,-739.4944858802535,3.8348682,39.988987,0.6525306082754314
4200.0,-739.5002011045575,3.8348279,40.001495,0.652199035362037
4200.0,-739.493255905305,3.8343067,40.088875,0.6518674622276506
4200.0,-739.5022142383548,3.8342264,40.07637,0.6515358884116188
4200.0,-739.4942765548561,3.8341062,40.126312,0.6512043148195947
4200.0,-739.5043069135909,3.8338253,40.063904,0.6508727400652609
4200.0,-739.4958623262348,3.8334646,40.013962,0.6505411657622104
4200.0,-739.4950189952691,3.8337052,40.001495,0.6502095918372918
4200.0,-739.5021046675004,3.8332641,40.07637,0.6498780180703887
4200.0,-739.4961180504489,3.8331037,40.101341,0.6495464436526769
4200.0,-739.5035030878886,3.8329432,40.026463,0.6492148692587579
4200.0,-739.4966590633662,3.8325822,40.013962,0.6488832945984674
4200.0,-739.5033427970363,3.8324621,40.051395,0.6485517202764188
4200.0,-739.4960680256983,3.8326223,40.038929,0.6482201458811371
4200.0,-739.5026881183488,3.8320611,39.976521,0.6478885718526296
4200.0,-739.4952776972347,3.8318605,40.038929,0.6475569978117144
4200.0,-739.5038084610426,3.83166,40.138779,0.647225423280874
4200.0,-739.4968963181137,3.8317001,39.988987,0.6468938485142035
4200.0,-739.5024298280696,3.8313792,39.964054,0.6465622746015066
4200.0,-739.4959796108425,3.8313391,40.013962,0.6462307002458683
4200.0,-739.495293652449,3.830898,40.038929,0.6458991261977991
4200.0,-739.5023020195192,3.8307776,40.038929,0.6455675523424084
4200.0,-739.4957945043468,3.8306174,40.001495,0.6452359780697678
4200.0,-739.5043817183897,3.8303366,40.07637,0.6449044032818936
4200.0,-739.4980539420822,3.8302164,40.038929,0.6445728279961689
4200.0,-739.5044595144759,3.8298955,40.051395,0.6442412531734129
4200.0,-739.4958850921232,3.8298955,39.976521,0.6439096788601546
4200.0,-739.5031108622147,3.8295345,40.051395,0.6435781046420996
4200.0,-739.4949724010255,3.8294144,40.063904,0.6432465307380728
4200.0,-739.5035460692156,3.829334,40.051395,0.6429149563248823
4200.0,-739.4942553390806,3.8290534,40.051395,0.6425833827423708
4200.0,-739.5026828080078,3.8288128,39.988987,0.6422518087162443
4200.0,-739.4964477361234,3.8286924,39.988987,0.6419202341507084
4200.0,-739.4956155013055,3.8286924,40.026463,0.641588659958329
4200.0,-739.5021672290471,3.828171,39.976521,0.641257086163375
4200.0,-739.4962580396567,3.8282514,40.051395,0.6409255116828949
4200.0,-739.5027374713687,3.82777,40.051395,0.6405939376322588
4200.0,-739.4955795028761,3.8275697,40.026463,0.6402623634560203
4200.0,-739.5029785002772,3.8274093,40.026463,0.6399307892973132
4200.0,-739.4949483049049,3.8271284,40.051395,0.6395992154040905
4200.0,-739.50162594159,3.8270884,40.051395,0.6392676418518358
4200.0,-739.4956589337281,3.8268878,40.038929,0.6389360676399822
4200.0,-739.5014842785748,3.8269682,40.001495,0.6386044941512455
4200.0,-739.4937456124542,3.8264868,40.001495,0.6382729207972848
4200.0,-739.5005093462165,3.8263667,40.07637,0.6379413477456828
4200.0,-739.493096286962,3.8263264,40.001495,0.6376097746828658
4200.0,-739.4936790476412,3.8258452,40.038929,0.6372782013587512
4200.0,-739.5012249876186,3.8258052,40.001495,0.6369466279862741
4200.0,-739.4936587354331,3.8255243,40.038929,0.6366150546712671
4200.0,-739.5011936641783,3.8256047,40.051395,0.6362834813128345
4200.0,-739.4937551581821,3.8254843,40.063904,0.6359519079545937
4200.0,-739.5010948965426,3.8253641,40.088875,0.6356203346404459
4200.0,-739.4918573279073,3.8248026,40.063904,0.635288762133152
4200.0,-739.4990179928145,3.8246422,40.026463,0.6349571897502346
4200.0,-739.4920971580931,3.8243616,40.126312,0.6346256171354059
4200.0,-739.4995883333621,3.8244016,40.063904,0.6342940444967625
4200.0,-739.4938202458347,3.8241611,40.063904,0.6339624711093377
4200.0,-739.5024162657247,3.8239605,40.063904,0.6336308972027219
4200.0,-739.4939200258314,3.82376,40.038929,0.6332993237705579
4200.0,-739.4924901131326,3.8235595,40.026463,0.6329677509795364
4200.0,-739.4995419461522,3.8231986,40.013962,0.6326361783616918
4200.0,-739.4915210984033,3.8230782,40.063904,0.6323046060051561
4200.0,-739.4988941888139,3.822958,40.038929,0.6319730336777493
4200.0,-739.4896846574061,3.8229179,40.063904,0.6316414621446348
4200.0,-739.498713206049,3.8223965,40.001495,0.631309889898376
4200.0,-739.4917567789932,3.8225169,40.013962,0.6309783174361661
4200.0,-739.5006810757889,3.822196,40.051395,0.630646744307565
4200.0,-739.4924613042598,3.8220756,40.101341,0.6303151715294608
4200.0,-739.500255670818,3.821795,40.088875,0.6299835985916004
4200.0,-739.4951335701976,3.8216746,40.063904,0.6296520246153087
4200.0,-739.5041635773579,3.8216345,40.126312,0.6293204499252432
4200.0,-739.4957398173887,3.8209128,40.038929,0.6289888756771232
4200.0,-739.4951020878661,3.821033,40.038929,0.6286573017149476
4200.0,-739.5015697770089,3.8208725,40.026463,0.6283257281878756
4200.0,-739.4956139752372,3.820672,40.038929,0.6279941539961804
4200.0,-739.5010520862924,3.8207123,40.001495,0.6276625807012277
4200.0,-739.494566714597,3.8204315,40.101341,0.6273310069791022
4200.0,-739.501956912941,3.8201509,40.038929,0.6269994332784483
4200.0,-739.4938927066016,3.8201509,40.063904,0.6266678598585338
4200.0,-739.5012209221893,3.8195493,40.063904,0.6263362864878793
4200.0,-739.4946590483222,3.8196697,40.051395,0.6260047127243532
4200.0,-739.5015725969125,3.8193088,40.113808,0.625673139196017
4200.0,-739.4927564690746,3.8191483,40.063904,0.6253415662855671
4200.0,-739.501623280485,3.8189878,40.063904,0.6250099927345056
4200.0,-739.494376102694,3.8188274,40.038929,0.6246784190978464
4200.0,-739.4940752009269,3.8187473,40.063904,0.6243468455961051
4200.0,-739.5022346119538,3.8185067,40.063904,0.6240152717709382
4200.0,-739.4942518968069,3.8181858,40.07637,0.6236836981899703
4200.0,-739.5029729828432,3.8179452,40.051395,0.6233521240337367
4200.0,-739.4947107812666,3.8181057,40.051395,0.6230205502470147
4200.0,-739.5011056631309,3.8177848,40.013962,0.6226889769280396
4200.0,-739.4933550869479,3.8177047,40.013962,0.6223574037491821
4200.0,-739.5012752806406,3.8174238,40.013962,0.6220258303541548
4200.0,-739.4935525593537,3.8170631,40.101341,0.6216942570867551
4200.0,-739.5023430719339,3.8171432,40.051395,0.6213626832129574
4200.0,-739.4952698852799,3.8168223,40.051395,0.6210311091755449
4200.0,-739.5017069604086,3.8167021,40.051395,0.6206995355869636
4200.0,-739.4935952954021,3.8161407,40.013962,0.6203679623004018
4200.0,-739.4931566871347,3.8163011,40.051395,0.6200363892105026
4200.0,-739.5001174009982,3.8159802,40.051395,0.6197048163346388
4200.0,-739.4922935317093,3.81582,40.013962,0.6193732436317604
4200.0,-739.5011695307761,3.8157396,40.07637,0.6190416702841485
4200.0,-739.491972805687,3.8156595,40.063904,0.6187100977250768
4200.0,-739.4998732954685,3.8154991,40.038929,0.6183785249586636
4200.0,-739.4932120700577,3.8148575,40.026463,0.6180469518439321
4200.0,-739.499423647205,3.8147371,40.088875,0.6177153792791297
4200.0,-739.4918621008223,3.8148575,40.013962,0.6173838067696956
4200.0,-739.4995143580611,3.8143761,40.051395,0.6170522341642208
4200.0,-739.493174863052,3.8144965,40.063904,0.616720661066172
4200.0,-739.499310170027,3.814256,40.07637,0.6163890885522498
4200.0,-739.4910424389033,3.8140154,40.038929,0.6160575164103349
4200.0,-739.4914829397408,3.8138149,40.063904,0.6157259440709087
4200.0,-739.5004356279401,3.8134139,40.051395,0.6153943710523602
4200.0,-739.4940571466653,3.8136544,40.07637,0.615062797558714
4200.0,-739.5021756030148,3.8131731,40.113808,0.6147312237600052
4200.0,-739.4939871759015,3.813133,40.063904,0.6143996502977326
4200.0,-739.5007077120091,3.8129725,40.038929,0.6140680771571884
4200.0,-739.4914747976068,3.812732,40.101341,0.613736504821413
4200.0,-739.49863209013,3.8125315,40.063904,0.6134049326115244
4200.0,-739.4915899704798,3.812331,40.026463,0.613073360224108
4200.0,-739.5007619969955,3.8121705,40.026463,0.6127417870592238
4200.0,-739.4917488075251,3.8120503,40.051395,0.6124102146005881
4200.0,-739.4991550789092,3.8118899,40.013962,0.6120786421562049
4200.0,-739.489926001382,3.8116493,40.088875,0.6117470705148769
4200.0,-739.4911786201538,3.8114889,40.063904,0.6114154983119011
4200.0,-739.4997029817824,3.8114088,40.026463,0.6110839256218523
4200.0,-739.4918174353694,3.8112483,40.138779,0.6107523531324454
4200.0,-739.5002679145816,3.8108873,40.013962,0.6104207801890952
4200.0,-739.4922040055811,3.8106067,40.063904,0.6100892075263582
4200.0,-739.5004986040823,3.8106468,40.088875,0.6097576344795728
4200.0,-739.4915175712059,3.8105264,40.001495,0.6094260621246186
4200.0,-739.4997631143854,3.8102458,40.063904,0.6090944894076078
4200.0,-739.4915794847594,3.8101656,40.07637,0.6087629170248928
4200.0,-739.4998509810882,3.8096843,40.026463,0.6084313442684849
4200.0,-739.4906774013449,3.8097243,40.088875,0.6080997722902451
4200.0,-739.4983919886382,3.8094838,40.063904,0.6077682001880119
4200.0,-739.4916832078749,3.8096042,40.026463,0.6074366277587897
4200.0,-739.4925800291934,3.8090827,40.038929,0.6071050549274519
4200.0,-739.500396919033,3.8089626,40.051395,0.6067734819262592
4200.0,-739.4956187971626,3.8087218,40.113808,0.6064419077324021
4200.0,-739.5007870456386,3.8084412,40.088875,0.6061103345562868
4200.0,-739.4951082406375,3.8084011,40.126312,0.6057787605913525
4200.0,-739.5006661587444,3.8082407,40.07637,0.6054471874694397
4200.0,-739.4934267053334,3.8080802,40.101341,0.6051156142584703
4200.0,-739.500875827787,3.80796,40.051395,0.6047840410425472
4200.0,-739.492502527439,3.8076391,40.126312,0.6044524682459596
4200.0,-739.5003963696839,3.8075991,40.026463,0.6041208952450133
4200.0,-739.4923818735102,3.8072381,40.026463,0.6037893225025243
4200.0,-739.5003122137737,3.806797,40.07637,0.6034577495393114
4200.0,-739.4922157246389,3.8069975,40.063904,0.60312617687132
4200.0,-739.4930865825393,3.806757,40.038929,0.6027946038128543
4200.0,-739.500673861399,3.8064761,40.063904,0.6024630306874879
4200.0,-739.4933041716241,3.8064761,40.101341,0.6021314575314599
4200.0,-739.5001972597273,3.8063159,40.013962,0.6017998846197894
4200.0,-739.491949588373,3.8061554,40.026463,0.6014683120711278
4200.0,-739.499511928708,3.8058746,40.07637,0.6011367394667423
4200.0,-739.4933948570115,3.8057144,40.16375,0.6008051662700529
4200.0,-739.4996085359866,3.8055139,40.16375,0.6004735936223511
4200.0,-739.4919495270848,3.8054736,40.151283,0.6001420210737171
4200.0,-739.499022924474,3.8050725,40.126312,0.5998104486885883
4200.0,-739.4922212909254,3.8049924,40.07637,0.5994788760181011
4200.0,-739.5002928902716,3.8046315,40.088875,0.5991473030635524
4200.0,-739.4912453679108,3.8045914,40.101341,0.5988157308306484
4200.0,-739.4990844850369,3.8043108,40.113808,0.5984841584179177
4200.0,-739.4921863178215,3.8041503,40.051395,0.5981525857631116
4200.0,-739.4918911900457,3.80407,40.126312,0.5978210132406345
4200.0,-739.5003197458631,3.8040299,40.051395,0.5974894402740446
4200.0,-739.4937274850355,3.8038697,40.026463,0.5971578669282117
4200.0,-739.5013176145972,3.8037894,40.088875,0.5968262935142029
4200.0,-739.4939835389172,3.8033082,40.07637,0.5964947200535611
4200.0,-739.5011307117741,3.8033082,40.138779,0.5961631467233547
4200.0,-739.4935940141802,3.8030274,40.088875,0.5958315734373673
4200.0,-739.5015456067719,3.8028269,40.063904,0.5954999999211327
4200.0,-739.4942449877033,3.8024259,40.101341,0.5951684263432626
4200.0,-739.502816438902,3.8023858,40.038929,0.5948368522572194
4200.0,-739.494056438934,3.8024662,40.113808,0.5945052787638907
4200.0,-739.5023306940304,3.8020651,40.07637,0.594173704895643
4200.0,-739.4949428847282,3.8019447,40.113808,0.5938421310048507
4200.0,-739.495409911322,3.8017843,40.063904,0.5935105569046536
4200.0,-739.5022806328626,3.8015037,40.051395,0.5931789830588522
4200.0,-739.4957308692983,3.8016238,40.101341,0.5928474088147442
4200.0,-739.501261315774,3.8012228,40.126312,0.5925158354259783
4200.0,-739.4961312827852,3.8011026,40.013962,0.5921842610023335
4200.0,-739.5028497643101,3.8006616,40.013962,0.5918526869013481
4200.0,-739.4946986964231,3.8008621,40.07637,0.5915211131200445
4200.0,-739.5032841905169,3.8003006,40.088875,0.5911895388242736
4200.0,-739.4962726516445,3.8001401,40.051395,0.5908579643372419
4200.0,-739.5020948283287,3.8001001,40.07637,0.5905263905747504
4200.0,-739.4944765662751,3.8001001,40.07637,0.5901948168930454
4200.0,-739.5015808732683,3.7999797,40.101341,0.5898632433609982
4200.0,-739.4949991831897,3.7993782,40.063904,0.5895316694449628
4200.0,-739.4947880026706,3.7994585,40.088875,0.5892000956236163
4200.0,-739.5024988469501,3.7991776,40.101341,0.5888685216799733
4200.0,-739.4935912429058,3.7992179,40.051395,0.5885369483952285
4200.0,-739.5025901074622,3.7990575,40.101341,0.5882053744106666
4200.0,-739.4970487587692,3.7987366,40.013962,0.5878737995756449
4200.0,-739.5044076219057,3.7986164,40.088875,0.5875422247761561
4200.0,-739.4955082506857,3.7982955,40.07637,0.5872106506318656
4200.0,-739.5027826983868,3.798135,40.088875,0.586879076560951
4200.0,-739.4950484020865,3.798095,40.088875,0.5865475026228468
4200.0,-739.5023522152361,3.7977741,40.063904,0.5862159287449497
4200.0,-739.4929059434382,3.7976139,40.063904,0.5858843557674787
4200.0,-739.5011706662068,3.7972128,40.138779,0.5855527824193578
4200.0,-739.4925941407455,3.797333,40.038929,0.5852212095816925
4200.0,-739.4932722747013,3.796972,40.113808,0.5848896364399665
4200.0,-739.5002211854227,3.7968919,40.013962,0.5845580635175683
4200.0,-739.4941912403284,3.7970524,40.138779,0.5842264899637974
4200.0,-739.5029036709219,3.7966514,40.088875,0.5838949158386417
4200.0,-739.4929733992335,3.7962103,40.07637,0.583563342830925
4200.0,-739.500986753648,3.7962503,40.063904,0.5832317695652658
4200.0,-739.4928310295027,3.7959697,40.051395,0.5829001966213847
4200.0,-739.5013190553468,3.7956488,40.063904,0.58256862320673
4200.0,-739.4936465404959,3.7957692,40.051395,0.5822370498971909
4200.0,-739.50137950524,3.7953682,40.07637,0.581905476455432
4200.0,-739.4937469307151,3.7953279,40.063904,0.5815739031008801
4200.0,-739.5019222566733,3.7952077,40.038929,0.5812423294157654
4200.0,-739.4938893863929,3.7949672,40.138779,0.5809107559973393
4200.0,-739.4941113821978,3.7948868,40.063904,0.5805791824793752
4200.0,-739.5014303842413,3.7944458,40.063904,0.5802476090148034
4200.0,-739.493497627754,3.7944057,40.088875,0.5799160357720338
4200.0,-739.5007645843286,3.7942052,40.038929,0.5795844626059895
4200.0,-739.4936523390434,3.7940848,40.088875,0.5792528892938505
4200.0,-739.5015714496128,3.7940047,40.013962,0.5789213157660287
4200.0,-739.4948618915877,3.7937641,40.07637,0.578589741911552
4200.0,-739.5020121862237,3.7935636,40.113808,0.5782581681861151
4200.0,-739.495474095714,3.7933631,40.088875,0.577926594057139
4200.0,-739.5022539235869,3.7930422,40.051395,0.5775950202233132
4200.0,-739.4947001977305,3.7931626,40.126312,0.5772634464413366
4200.0,-739.5027963832072,3.7928417,40.063904,0.576931872364286
4200.0,-739.4947319481344,3.7926412,40.063904,0.5766002985680732
4200.0,-739.4947646138721,3.7924807,40.063904,0.5762687247572137
4200.0,-739.5014934584048,3.79216,40.026463,0.5759371512643611
4200.0,-739.4931711522967,3.7922001,40.088875,0.5756055781679761
4200.0,-739.5005726520295,3.7920797,40.176216,0.5752740050879893
4200.0,-739.492905711791,3.7922401,40.101341,0.5749424321106222
4200.0,-739.500627498541,3.7915986,40.088875,0.5746108590060438
4200.0,-739.4934332361686,3.7915585,40.101341,0.5742792857921459
4200.0,-739.502354400559,3.7911575,40.088875,0.573947711913269
4200.0,-739.4935618118391,3.7912376,40.16375,0.5736161386417205
4200.0,-739.5003694532128,3.7908766,40.138779,0.5732845656528429
4200.0,-739.4933923668038,3.7907565,40.176216,0.57295299245727
4200.0,-739.5002234560794,3.7904756,40.07637,0.5726214195338539
4200.0,-739.4939968076785,3.790556,40.138779,0.5722898460672625
4200.0,-739.4922609880364,3.790195,40.151283,0.5719582733789759
4200.0,-739.4997116245415,3.7900746,40.113808,0.5716267006850518
4200.0,-739.4931665019582,3.7896736,40.126312,0.571295127590752
4200.0,-739.5018316919284,3.7897539,40.063904,0.5709635539462441
4200.0,-739.4947628441855,3.7896736,40.151283,0.5706319801361781
4200.0,-739.5000111140628,3.7893529,40.126312,0.5703004073079706
4200.0,-739.4905537326256,3.7892325,40.101341,0.5699688353851813
4200.0,-739.498209358133,3.789032,40.088875,0.5696372633648349
4200.0,-739.493148508371,3.7887113,40.07637,0.569305690278603
4200.0,-739.5007890479135,3.788671,40.063904,0.56897411710159
4200.0,-739.4936638620604,3.7883103,40.113808,0.5686425437842844
4200.0,-739.5025690866973,3.7884305,40.16375,0.5683109698091475
4200.0,-739.4947642846139,3.7881498,40.101341,0.5679793959984357
4200.0,-739.4934299399022,3.7880697,40.088875,0.5676478227860159
4200.0,-739.5017237573549,3.7879493,40.138779,0.5673162491899031
4200.0,-739.4945995146779,3.7877488,40.151283,0.5669846754530706
4200.0,-739.5037292001617,3.7876687,40.126312,0.5666531009577688
4200.0,-739.4951301400997,3.7873878,40.101341,0.5663215269830151
4200.0,-739.5033171983277,3.7871873,40.088875,0.5659899526724442
4200.0,-739.4947392235352,3.7869468,40.151283,0.5656583788729693
4200.0,-739.5011824825851,3.7867863,40.063904,0.5653268055195503
4200.0,-739.4942254563837,3.7866259,40.101341,0.5649952319504375
4200.0,-739.5012782103322,3.7864254,40.113808,0.5646636585540967
4200.0,-739.493880511562,3.7861047,40.113808,0.56433208513965
4200.0,-739.5026722243651,3.7861047,40.088875,0.564000511118269
4200.0,-739.4946619657062,3.7859843,40.176216,0.5636689373534348
4200.0,-739.4941943532415,3.7855432,40.138779,0.5633373637982682
4200.0,-739.5005183426913,3.7855432,40.126312,0.5630057907426324
4200.0,-739.4939276306952,3.7853427,40.113808,0.5626742173070585
4200.0,-739.5021326585227,3.7852626,40.16375,0.5623426435276049
4200.0,-739.4960443201243,3.7849016,40.088875,0.5620110691429522
4200.0,-739.5026297559618,3.7846611,40.16375,0.5616794951406129
4200.0,-739.4944366247271,3.7845807,40.188721,0.5613479214768169
4200.0,-739.5002862863151,3.7844605,40.07637,0.5610163485252292
4200.0,-739.4936665354168,3.7843802,40.188721,0.5606847752067249
4200.0,-739.5012654540541,3.7840595,40.138779,0.5603532018161036
4200.0,-739.4941225514004,3.7839391,40.151283,0.5600216282931313
4200.0,-739.5024340640641,3.7837386,40.151283,0.5596900543785353
4200.0,-739.4940876516583,3.7836185,40.07637,0.5593584808712113
4200.0,-739.4949373431003,3.7836585,40.113808,0.5590269069829038
4200.0,-739.502635773939,3.7831771,40.138779,0.5586953329778661
4200.0,-739.495213513661,3.7832575,40.063904,0.5583637589657295
4200.0,-739.5021920578074,3.7829366,40.126312,0.5580321851596428
4200.0,-739.4940468680359,3.782656,40.226158,0.5577006116706055
4200.0,-739.5010792591743,3.7825756,40.113808,0.5573690383634691
4200.0,-739.4945942293559,3.7824154,40.126312,0.5570374646290065
4200.0,-739.5025311225681,3.7822549,40.088875,0.5567058906708918
4200.0,-739.4936319166392,3.7820144,40.188721,0.5563743173679099
4200.0,-739.4999456957777,3.7820144,40.138779,0.5560427445690344
4200.0,-739.4943980511664,3.7816935,40.176216,0.5557111709225339
4200.0,-739.5016142957768,3.7814929,40.101341,0.5553795973755008
4200.0,-739.4941077448043,3.7812924,40.126312,0.5550480238591675
4200.0,-739.494019732364,3.7810919,40.113808,0.5547164503822972
4200.0,-739.5014814707448,3.7809315,40.151283,0.5543848768948195
4200.0,-739.4949561413138,3.7808113,40.151283,0.5540533029980832
4200.0,-739.5030842875904,3.7806909,40.088875,0.5537217287919436
4200.0,-739.4963864446614,3.7802899,40.188721,0.5533901542538895
4200.0,-739.5039119528356,3.7802498,40.126312,0.5530585796766461
4200.0,-739.4956452130295,3.7801294,40.088875,0.5527270054709446
4200.0,-739.5030002288829,3.7798488,40.101341,0.5523954313024947
4200.0,-739.4936570751241,3.7797687,40.113808,0.5520638579882322
4200.0,-739.5010379017475,3.7796082,40.07637,0.5517322846996394
4200.0,-739.4940870903436,3.7793274,40.07637,0.5514007111925673
4200.0,-739.5021622482747,3.7792072,40.138779,0.5510691373998464
4200.0,-739.4938460149516,3.7790868,40.07637,0.5507375640008673
4200.0,-739.494353678649,3.7790067,40.201187,0.5504059903742624
4200.0,-739.5006078334991,3.7787662,40.126312,0.5500744172785013
4200.0,-739.49463877213,3.7786057,40.151283,0.5497428435240667
4200.0,-739.5008878274182,3.7783248,40.126312,0.5494112703027634
4200.0,-739.4926271361509,3.7781243,40.126312,0.5490796974503037
4200.0,-739.5004649857357,3.7781646,40.088875,0.5487481244185919
4200.0,-739.4933853238687,3.7779641,40.138779,0.5484165512261768
4200.0,-739.500809921544,3.7776833,40.101341,0.5480849780398046
4200.0,-739.4948016258603,3.7774427,40.138779,0.5477534042123497
4200.0,-739.5008355687515,3.7773223,40.101341,0.5474218310144779
4200.0,-739.4939810239487,3.7772822,40.126312,0.5470902575549637
4200.0,-739.5006483605072,3.7770817,40.16375,0.5467586844410313
4200.0,-739.4924590220639,3.7767208,40.101341,0.5464271116639504
4200.0,-739.4935898270337,3.7767208,40.113808,0.5460955383798405
4200.0,-739.5016111832417,3.7766807,40.151283,0.5457639648342031
4200.0,-739.4952358520662,3.7764001,40.088875,0.5454323908120504
4200.0,-739.5033115953553,3.7761595,40.16375,0.5451008165039918
4200.0,-739.4963754590168,3.7760792,40.201187,0.5447692419708634
4200.0,-739.5035705814017,3.7758787,40.176216,0.5444376675466821
4200.0,-739.4955937724068,3.7756381,40.138779,0.5441060933640456
4200.0,-739.5015706075299,3.7754376,40.051395,0.5437745198366012
4200.0,-739.4953576774302,3.7752371,40.126312,0.5434429457598247
4200.0,-739.5042552650507,3.775197,40.176216,0.5431113710286487
4200.0,-739.4959291106214,3.7752771,40.07637,0.5427797966956536
4200.0,-739.5040041771899,3.7746756,40.151283,0.5424482220770591
4200.0,-739.4967922296219,3.7748361,40.176216,0.5421166473570596
4200.0,-739.4956530618188,3.774395,40.101341,0.5417850731478389
4200.0,-739.5026226272128,3.7743549,40.138779,0.5414534991486959
4200.0,-739.4956303448382,3.773994,40.151283,0.541121924949661
4200.0,-739.501606459187,3.774034,40.101341,0.5407903514061417
4200.0,-739.4949019426156,3.7738736,40.151283,0.540458777533707
4200.0,-739.5031436504496,3.7735929,40.201187,0.5401272033009505
4200.0,-739.4964120793329,3.7733924,40.176216,0.5397956287514024
4200.0,-739.5032742050295,3.773232,40.176216,0.5394640544601087
4200.0,-739.4955894396622,3.7733123,40.138779,0.5391324802794148
4200.0,-739.5023037038898,3.772871,40.126312,0.5388009064232689
4200.0,-739.4952783081735,3.7725503,40.176216,0.5384693323820798
4200.0,-739.5040438015425,3.7725103,40.101341,0.5381377577457188
4200.0,-739.4958096289463,3.7724299,40.176216,0.5378061834662966
4200.0,-739.5037537853011,3.7724299,40.126312,0.5374746089599715
4200.0,-739.4962331009501,3.7719488,40.16375,0.5371430344906735
4200.0,-739.4961781330276,3.7718687,40.151283,0.5368114600460219
4200.0,-739.5016476459462,3.7716682,40.201187,0.5364798864840356
4200.0,-739.4950332284768,3.7715878,40.213692,0.536148312552735
4200.0,-739.5016354393241,3.7715478,40.16375,0.5358167389962217
4200.0,-739.4955695171823,3.7710667,40.201187,0.5354851648244606
4200.0,-739.5029269621389,3.7711067,40.176216,0.5351535906888617
4200.0,-739.4958264256212,3.7707057,40.151283,0.5348220164019083
4200.0,-739.5035277340099,3.7706656,40.126312,0.5344904419969387
4200.0,-739.4962879469099,3.7704651,40.101341,0.534158867503049
4200.0,-739.50449050845,3.7704248,40.226158,0.533827292666396
4200.0,-739.4944388464531,3.7701843,40.213692,0.5334957190016038
4200.0,-739.5014849379166,3.7700641,40.088875,0.5331641455125715
4200.0,-739.4951567993804,3.7697432,40.16375,0.5328325715258644
4200.0,-739.4963180495898,3.7697031,40.151283,0.5325009970184772
4200.0,-739.502828572673,3.7693021,40.151283,0.5321694229269935
4200.0,-739.4958081760352,3.7692621,40.238625,0.5318378486482229
4200.0,-739.5022515921528,3.7691817,40.176216,0.5315062748154425
4200.0,-739.4961349203834,3.7689412,40.176216,0.5311747003901667
4200.0,-739.5024838445717,3.7687807,40.113808,0.5308431264532503
4200.0,-739.4964780946999,3.7687006,40.126312,0.5305115518741023
4200.0,-739.5040647979554,3.7685001,40.101341,0.530179977228327
4200.0,-739.4963034130457,3.7683797,40.16375,0.5298484027275026
4200.0,-739.5014903943687,3.7683396,40.138779,0.5295168292360237
4200.0,-739.4951637453185,3.7679386,40.238625,0.5291852552462022
4200.0,-739.5020529459046,3.7678185,40.16375,0.5288536815024897
4200.0,-739.4953132445453,3.7677782,40.251133,0.5285221074456359
4200.0,-739.4966417413923,3.7673371,40.16375,0.5281905327931121
4200.0,-739.5037296155757,3.7673771,40.151283,0.527858958297624
4200.0,-739.4959609218021,3.7670164,40.188721,0.5275273839503654
4200.0,-739.5032951889596,3.7667756,40.176216,0.527195809649663
4200.0,-739.494969533061,3.766896,40.188721,0.5268642357469221
4200.0,-739.5017474633719,3.7666955,40.176216,0.5265326621401801
4200.0,-739.4954056265644,3.7663345,40.101341,0.5262010880419041
4200.0,-739.5026406809396,3.7662945,40.188721,0.5258695140346664
4200.0,-739.4950865979926,3.7658134,40.201187,0.525537940079436
4200.0,-739.5014204474576,3.7659736,40.176216,0.5252063666193196
4200.0,-739.4956885844708,3.7658534,40.16375,0.5248747923941713
4200.0,-739.5030356782228,3.7656929,40.201187,0.5245432182098269
4200.0,-739.493483113991,3.7654524,40.151283,0.5242116449735649
4200.0,-739.4941630542633,3.7652519,40.213692,0.523880071432432
4200.0,-739.499854801362,3.7651315,40.176216,0.5235484986743112
4200.0,-739.4930305160319,3.7650113,40.16375,0.5232169256409845
4200.0,-739.5003237619748,3.7646904,40.251133,0.5228853526725937
4200.0,-739.4931262550941,3.7644899,40.201187,0.5225537795963396
4200.0,-739.5027305374346,3.7642894,40.188721,0.5222222055488126
4200.0,-739.4935573444445,3.7644098,40.238625,0.5218906322792672
4200.0,-739.5004690629315,3.7640889,40.176216,0.5215590592457272
4200.0,-739.4944536776055,3.7637682,40.16375,0.521227485574285
4200.0,-739.5000095758033,3.7635677,40.188721,0.5208959127467673
4200.0,-739.4936209426587,3.7635677,40.188721,0.5205643394487057
4200.0,-739.5014242074654,3.7632468,40.201187,0.5202327659869035
4200.0,-739.493603706427,3.7630463,40.201187,0.5199011926965703
4200.0,-739.4953859858673,3.7630062,40.251133,0.5195696186071008
4200.0,-739.5035905883929,3.7628858,40.201187,0.5192380441739489
4200.0,-739.494380411803,3.7628858,40.238625,0.5189064705353575
4200.0,-739.5026195629721,3.7623646,40.126312,0.5185748965375886
4200.0,-739.4947249410103,3.7622843,40.226158,0.5182433227445176
4200.0,-739.5034598754236,3.7621641,40.263599,0.517911748369974
4200.0,-739.4956697490138,3.7618432,40.201187,0.5175801741532711
4200.0,-739.5023479184642,3.7617631,40.213692,0.5172486002773005
4200.0,-739.494651467503,3.7617631,40.176216,0.5169170265171734
4200.0,-739.5019007234964,3.7615223,40.226158,0.5165854528417136
4200.0,-739.4941953784646,3.7616026,40.16375,0.5162538792860872
4200.0,-739.5025932811839,3.7614021,40.263599,0.5159223053001023
4200.0,-739.4953238763754,3.7610412,40.188721,0.5155907312384814
4200.0,-739.4946253451855,3.7607203,40.188721,0.5152591574900671
4200.0,-739.50189901416,3.7607605,40.126312,0.5149275838153736
4200.0,-739.4938247993807,3.7604797,40.188721,0.5145960104259071
4200.0,-739.5022959405601,3.7603595,40.226158,0.5142644365732421
4200.0,-739.4933776817611,3.7602391,40.176216,0.5139328633842537
4200.0,-739.501596486387,3.7599986,40.238625,0.5136012898452059
4200.0,-739.4955647569545,3.7598782,40.201187,0.5132697156755792
4200.0,-739.5016977679935,3.759758,40.226158,0.5129381420911194
4200.0,-739.4949656998314,3.759397,40.138779,0.5126065681900973
4200.0,-739.500613533879,3.7591164,40.176216,0.5122749950917802
4200.0,-739.4951967532066,3.7591164,40.201187,0.5119434210871586
4200.0,-739.5012764645703,3.7590361,40.276104,0.5116118476916005
4200.0,-739.4949193865522,3.7587554,40.16375,0.5112802738113442
4200.0,-739.495398668553,3.7586751,40.138779,0.5109486997161881
4200.0,-739.5021677906745,3.7584345,40.188721,0.5106171259209821
4200.0,-739.4959662200162,3.758234,40.138779,0.5102855515713479
4200.0,-739.5043660931973,3.7583544,40.201187,0.5099539767904795
4200.0,-739.4956138045713,3.7580335,40.188721,0.5096224025988609
4200.0,-739.5009686508082,3.757833,40.213692,0.5092908293413185
4200.0,-739.4936390821509,3.7575524,40.188721,0.5089592560351237
4200.0,-739.5008440403313,3.757432,40.28857,0.5086276828334535
4200.0,-739.4928003409517,3.7572315,40.188721,0.5082961099033324
4200.0,-739.499515944922,3.757071,40.238625,0.5079645372971461
4200.0,-739.4936650585635,3.7569509,40.263599,0.507632963979304
4200.0,-739.5013746590167,3.7568305,40.201187,0.507301390539718
4200.0,-739.4931454318829,3.7564697,40.263599,0.5069698174548655
4200.0,-739.4944338050565,3.7563894,40.201187,0.5066382437923337
4200.0,-739.5030566500792,3.7563894,40.251133,0.5063066695985861
4200.0,-739.4951139295005,3.7561088,40.213692,0.5059750956311009
4200.0,-739.5027694167021,3.7559483,40.226158,0.5056435215661412
4200.0,-739.4953410520351,3.7557077,40.151283,0.5053119474968191
4200.0,-739.501412207732,3.7555873,40.238625,0.5049803740403972
4200.0,-739.4951558846604,3.7556274,40.213692,0.5046488000541002
4200.0,-739.5020830241263,3.7551863,40.276104,0.5043172262969015
4200.0,-739.4965917174601,3.7549458,40.16375,0.5039856516668073
4200.0,-739.5049684401625,3.7548254,40.226158,0.503654076615862
4200.0,-739.4963114940961,3.7547052,40.226158,0.5033225021114143
4200.0,-739.5030936622351,3.7544243,40.176216,0.5029909279010712
4200.0,-739.4936633862833,3.7543843,40.188721,0.502659354583979
4200.0,-739.4918394447209,3.7541037,40.276104,0.5023277820847035
4200.0,-739.4998621011879,3.7541037,40.201187,0.5019962093233096
4200.0,-739.4926503420053,3.7542641,40.226158,0.5016646364604449
4200.0,-739.5017022603987,3.7537026,40.263599,0.5013330628739708
4200.0,-739.4927192867275,3.7534218,40.188721,0.5010014899801928
4200.0,-739.5008819803132,3.7533016,40.213692,0.5006699167615113
4200.0,-739.4933682337465,3.7534218,40.16375,0.5003383435767591
4200.0,-739.5022159475888,3.7528605,40.238625,0.5000067697599608
4200.0,-739.4944949132675,3.75266,40.151283,0.4996751960700294
4200.0,-739.5031838484008,3.7528605,40.251133,0.4993436218192493
4200.0,-739.4945843900786,3.7525396,40.28857,0.4990120480891984
4200.0,-739.5022050342753,3.7524996,40.251133,0.4986804742772934
4200.0,-739.4932755707631,3.7521787,40.251133,0.4983489011340893
4200.0,-739.4948334978176,3.7519782,40.151283,0.4980173272923438
4200.0,-739.5014215954735,3.752219,40.226158,0.4976857538317127
4200.0,-739.4953632559947,3.7516575,40.188721,0.4973541797524348
4200.0,-739.503443529396,3.7515771,40.213692,0.4970226053852203
4200.0,-739.4943923629173,3.7512164,40.263599,0.4966910317412703
4200.0,-739.5013302365307,3.7512164,40.263599,0.4963594583216022
4200.0,-739.4940736998242,3.7510159,40.201187,0.496027884820534
4200.0,-739.5005758386434,3.7509756,40.188721,0.4956963117391185
4200.0,-739.4949347301115,3.7505345,40.226158,0.4953647378519825
4200.0,-739.5022458424553,3.7504945,40.263599,0.4950331640217802
4200.0,-739.4967357719539,3.7502139,40.238625,0.4947015893270951
4200.0,-739.5032388168762,3.7500935,40.276104,0.4943700150516685
4200.0,-739.4954599357657,3.7498529,40.226158,0.4940384409290415
4200.0,-739.4965141174807,3.7501335,40.226158,0.4937068663337416
4200.0,-739.5028062829515,3.7496524,40.251133,0.4933752922522521
4200.0,-739.4955473985555,3.749572,40.251133,0.4930437180904086
4200.0,-739.5038066541965,3.7494519,40.301033,0.4927121435603783
4200.0,-739.4947432761339,3.7492113,40.263599,0.4923805697590863
4200.0,-739.5027364584136,3.749171,40.251133,0.4920489957089043
4200.0,-739.4953530635167,3.7488503,40.251133,0.4917174216341965
4200.0,-739.5016953637084,3.7487299,40.201187,0.4913858480508147
4200.0,-739.4945452910142,3.7484894,40.188721,0.4910542743382949
4200.0,-739.5021459151392,3.7484093,40.251133,0.4907227005528974
4200.0,-739.4937116530116,3.7483289,40.238625,0.4903911272141634
4200.0,-739.5022092334351,3.7480083,40.263599,0.4900595534003756
4200.0,-739.4941867358948,3.7477274,40.238625,0.4897279798486244
4200.0,-739.4957658422999,3.7473264,40.313541,0.4893964055888353
4200.0,-739.5009619730799,3.7474067,40.213692,0.489064832334287
4200.0,-739.4934466641362,3.7473667,40.238625,0.4887332591143684
4200.0,-739.5019458530047,3.7472463,40.213692,0.4884016854186736
4200.0,-739.494831019888,3.7468853,40.276104,0.4880701115780391
4200.0,-739.5019439003545,3.7468052,40.213692,0.4877385378832198
4200.0,-739.495134864107,3.7466047,40.213692,0.487406963906348
4200.0,-739.5036166014921,3.7464042,40.301033,0.4870753894615325
4200.0,-739.4953625970688,3.7462838,40.226158,0.48674381538255
4200.0,-739.5025961133657,3.7461233,40.226158,0.4864122413952952
4200.0,-739.4957976047772,3.7459631,40.301033,0.4860806671212645
4200.0,-739.5021775314156,3.7458026,40.301033,0.4857490933216911
4200.0,-739.4949986467382,3.7456422,40.263599,0.4854175194058962
4200.0,-739.4961129474569,3.7454817,40.276104,0.4850859449904725
4200.0,-739.5035353025248,3.7453213,40.188721,0.4847543705821094
4200.0,-739.4948369649545,3.7450807,40.263599,0.4844227967388092
4200.0,-739.502110612729,3.7451611,40.276104,0.4840912229692404
4200.0,-739.4973144922103,3.7448802,40.276104,0.4837596480150695
4200.0,-739.5042811932254,3.7445996,40.251133,0.4834280732722681
4200.0,-739.4964869204183,3.7444792,40.263599,0.4830964986891628
4200.0,-739.505652977905,3.7445195,40.301033,0.4827649233312884
4200.0,-739.4974300432496,3.7440381,40.263599,0.4824333483253067
4200.0,-739.5055029041897,3.7439981,40.201187,0.4821017730347215
4200.0,-739.4963895942042,3.7438376,40.28857,0.4817701984952552
4200.0,-739.5045074516096,3.743557,40.313541,0.4814386236510054
4200.0,-739.4965042053532,3.7435169,40.213692,0.4811070490601499
4200.0,-739.4964823922471,3.7433164,40.28857,0.480775474479075
4200.0,-739.504841815849,3.743196,40.28857,0.4804438994849048
4200.0,-739.4968635910876,3.7429955,40.301033,0.4801123247329084
4200.0,-739.5033026723453,3.7426345,40.263599,0.4797807504288506
4200.0,-739.4957318703745,3.7427149,40.188721,0.4794491761842938
4200.0,-739.5028346276896,3.7425144,40.276104,0.4791176020900953
4200.0,-739.4955600327426,3.7422736,40.313541,0.4787860279225868
4200.0,-739.5034811638542,3.7423139,40.226158,0.4784544535384981
4200.0,-739.4968299001266,3.742033,40.276104,0.478122878801608
4200.0,-739.5040608793535,3.7417924,40.263599,0.4777913041575896
4200.0,-739.4958168306785,3.7417924,40.28857,0.4774597298749384
4200.0,-739.502767964595,3.7415118,40.28857,0.4771281558106299
4200.0,-739.4962520460916,3.741271,40.313541,0.4767965813328373
4200.0,-739.4962067954839,3.7413113,40.301033,0.4764650068753341
4200.0,-739.5039513078852,3.7409103,40.251133,0.4761334322804448
4200.0,-739.4948683611345,3.7407498,40.263599,0.4758018584230673
4200.0,-739.5015671892664,3.7407899,40.326008,0.4754702848971557
4200.0,-739.4948592423783,3.7405093,40.238625,0.4751387110438668
4200.0,-739.502083891175,3.7403488,40.263599,0.4748071372862792
4200.0,-739.4945335482188,3.7402284,40.313541,0.4744755635790247
4200.0,-739.5018511750477,3.7398274,40.301033,0.4741439899257811
4200.0,-739.4957187845572,3.7396672,40.326008,0.4738124156870917
4200.0,-739.5023051201854,3.7396269,40.301033,0.4734808418303108
4200.0,-739.4952856322777,3.7397072,40.251133,0.4731492677858377
4200.0,-739.5039368553676,3.7394264,40.313541,0.4728176931974286
4200.0,-739.497136782976,3.7391458,40.313541,0.4724861183229387
4200.0,-739.5054426006122,3.7388248,40.226158,0.472154543059392
4200.0,-739.4979123659272,3.7389052,40.263599,0.4718229678371471
4200.0,-739.496699553337,3.7388651,40.276104,0.4714913931587017
4200.0,-739.5033960324373,3.7384641,40.276104,0.4711598188127837
4200.0,-739.4971015539757,3.7380631,40.301033,0.4708282439540898
4200.0,-739.5043314008112,3.7381032,40.326008,0.4704966691887766
4200.0,-739.4966653741161,3.7379827,40.301033,0.4701650945256564
4200.0,-739.5035518679238,3.7379427,40.313541,0.4698335201098658
4200.0,-739.4964868228072,3.7377422,40.276104,0.4695019455268043
4200.0,-739.5042988078004,3.7375417,40.301033,0.4691703707761049
4200.0,-739.4954295525307,3.7373011,40.213692,0.4688387966671011
4200.0,-739.5042766154863,3.7373812,40.238625,0.4685072219263522
4200.0,-739.4964331608676,3.7369401,40.313541,0.4681756473673516
4200.0,-739.5029186002447,3.73682,40.28857,0.467844073235502
4200.0,-739.4950147715953,3.7367396,40.326008,0.467512499312477
4200.0,-739.4948176410329,3.7364991,40.350979,0.4671809254778413
4200.0,-739.502274798036,3.7361782,40.276104,0.4668493516346561
4200.0,-739.4949907361491,3.7362185,40.350979,0.4665177777224081
4200.0,-739.5032454573603,3.7360179,40.313541,0.4661862034440042
4200.0,-739.4956468486799,3.7358575,40.301033,0.4658546292375692
4200.0,-739.5022018480707,3.7356169,40.238625,0.4655230554270929
4200.0,-739.4942667161927,3.7354965,40.388416,0.4651914818394802
4200.0,-739.5030730079759,3.7354164,40.338512,0.4648599076383981
4200.0,-739.49456769081,3.7351756,40.350979,0.4645283339158348
4200.0,-739.5013781378528,3.7350955,40.338512,0.4641967604746889
4200.0,-739.4946500272794,3.7347345,40.313541,0.4638651867152076
4200.0,-739.5020733437532,3.7346945,40.313541,0.4635336129623493
4200.0,-739.496470038615,3.7344139,40.226158,0.4632020383868135
4200.0,-739.4956313581926,3.7344539,40.313541,0.4628704641873242
4200.0,-739.5014263798963,3.7341731,40.28857,0.4625388907245478
4200.0,-739.4941426081213,3.7342134,40.326008,0.4622073171925826
4200.0,-739.5001957334391,3.7339325,40.37595,0.4618757442815965
4200.0,-739.4944255535448,3.7340529,40.301033,0.4615441706227646
4200.0,-739.5015105724367,3.7335315,40.350979,0.4612125971222385
4200.0,-739.4936034256673,3.7331305,40.388416,0.4608810238320312
4200.0,-739.5014145757962,3.7332509,40.313541,0.4605494503745475
4200.0,-739.4955365342596,3.7331705,40.363483,0.4602178762175753
4200.0,-739.5025058541445,3.7329299,40.326008,0.4598863022707904
4200.0,-739.4952267699397,3.7328098,40.338512,0.4595547282527099
4200.0,-739.5023100030388,3.7325289,40.326008,0.4592231543937397
4200.0,-739.4940330991457,3.7324889,40.326008,0.4588915809108759
4200.0,-739.4941074145229,3.7320879,40.388416,0.4585600073946907
4200.0,-739.5024289372828,3.7320879,40.326008,0.4582284334823934
4200.0,-739.494582400409,3.7317672,40.313541,0.4578968597532346
4200.0,-739.5025710884605,3.7316468,40.350979,0.4575652857772003
4200.0,-739.496325593063,3.7316868,40.37595,0.4572337112664308
4200.0,-739.5026300856327,3.7314863,40.313541,0.4569021372639437
4200.0,-739.4957632665546,3.7312458,40.37595,0.4565705630053095
4200.0,-739.5030394505089,3.7313259,40.350979,0.4562389888192736
4200.0,-739.4969962078973,3.7308447,40.326008,0.4559074140078146
4200.0,-739.5027613114233,3.7308047,40.313541,0.4555758399464892
4200.0,-739.4945367102443,3.7306442,40.350979,0.455244266237817
4200.0,-739.5013498903177,3.7303636,40.37595,0.4549126928093366
4200.0,-739.4940638359906,3.7303233,40.388416,0.4545811193126911
4200.0,-739.4929855210137,3.7299626,40.326008,0.4542495462995393
4200.0,-739.5027110551338,3.7301228,40.251133,0.4539179722607475
4200.0,-739.4961038164226,3.7296016,40.301033,0.4535863978494179
4200.0,-739.5049640705398,3.7298021,40.400921,0.4532548228004319
4200.0,-739.4945122960181,3.7294011,40.326008,0.4529232491027064
4200.0,-739.5000428762457,3.7292006,40.350979,0.4525916762602576
4200.0,-739.4930888897006,3.7292006,40.363483,0.4522601032007574
4200.0,-739.5021407760797,3.7290401,40.301033,0.4519285294176641
4200.0,-739.4950027601135,3.7288396,40.28857,0.451596955500025
4200.0,-739.5013123172506,3.7287595,40.388416,0.4512653820883914
4200.0,-739.4941854663371,3.7283585,40.301033,0.4509338085372094
4200.0,-739.5004134107626,3.7283585,40.301033,0.4506022355286224
4200.0,-739.4939559626654,3.7282381,40.363483,0.4502706620803451
4200.0,-739.4940835505612,3.7279575,40.313541,0.44993908857486
4200.0,-739.501917215226,3.7279575,40.338512,0.4496075148920057
4200.0,-739.4941791678654,3.727797,40.338512,0.4492759413436478
4200.0,-739.5002211977009,3.727356,40.326008,0.4489443684212442
4200.0,-739.4926897701232,3.7272356,40.28857,0.4486127955407009
4200.0,-739.4993315569905,3.7271554,40.37595,0.4482812230171893
4200.0,-739.4917285927235,3.727035,40.326008,0.4479496505676175
4200.0,-739.5009761096373,3.7267544,40.37595,0.4476180773067308
4200.0,-739.4921465960518,3.7265539,40.413387,0.4472865046697352
4200.0,-739.5006725551984,3.7265139,40.413387,0.4469549315449544
4200.0,-739.4930052718047,3.7264335,40.37595,0.4466233585229468
4200.0,-739.499964885447,3.7263534,40.425896,0.446291785715467
4200.0,-739.4915210984033,3.7259123,40.388416,0.4459602133589313
4200.0,-739.4920418976443,3.7257118,40.350979,0.4456286407688802
4200.0,-739.4981246533852,3.7259123,40.363483,0.4452970687865133
4200.0,-739.4901170037292,3.7255514,40.301033,0.4449654970595439
4200.0,-739.4989063222779,3.7252705,40.350979,0.4446339247266967
4200.0,-739.4900687253366,3.7250299,40.326008,0.4443023530213744
4200.0,-739.4969060432917,3.7250702,40.350979,0.443970781585401
4200.0,-739.4901299923448,3.7248294,40.425896,0.4436392098526078
4200.0,-739.497634232651,3.7249098,40.313541,0.4433076380901329
4200.0,-739.4907700649422,3.7246289,40.350979,0.4429760660703447
4200.0,-739.4978277156924,3.7245488,40.350979,0.442644494221117
4200.0,-739.4907461146245,3.7241879,40.388416,0.4423129222120677
4200.0,-739.496597948153,3.7241478,40.388416,0.4419813509142362
4200.0,-739.4899931516567,3.7240677,40.276104,0.4416497792427995
4200.0,-739.4893823638116,3.7236667,40.338512,0.4413182078452271
4200.0,-739.4970387709162,3.7237468,40.388416,0.440986636349742
4200.0,-739.4884947213097,3.7234662,40.388416,0.4406550653501698
4200.0,-739.4978438900293,3.7233057,40.388416,0.44032349349369
4200.0,-739.4907137171635,3.7233057,40.388416,0.4399919214991669
4200.0,-739.496507762192,3.7230248,40.350979,0.4396603502417725
4200.0,-739.4898890020812,3.7228646,40.388416,0.4393287786170343
4200.0,-739.4971369522658,3.7225437,40.338512,0.4389972070775272
4200.0,-739.4910948194162,3.7226238,40.413387,0.4386656349121259
4200.0,-739.4987682965906,3.7224233,40.425896,0.4383340626411659
4200.0,-739.4904819316031,3.7220626,40.388416,0.4380024907505706
4200.0,-739.498373104288,3.7218218,40.28857,0.4376709186568047
4200.0,-739.489747120201,3.7218218,40.350979,0.4373393470956833
4200.0,-739.490567783094,3.7218218,40.363483,0.437007775166594
4200.0,-739.4984576504419,3.7216616,40.450829,0.4366762030349197
4200.0,-739.491579643761,3.7215812,40.350979,0.4363446306521335
4200.0,-739.4991039185315,3.7213006,40.400921,0.4360130582306892
4200.0,-739.491306268724,3.7213006,40.388416,0.4356814859704786
4200.0,-739.4987660140648,3.7209396,40.363483,0.435349913700542
4200.0,-739.4906936854082,3.7207391,40.413387,0.4350183417150007
4200.0,-739.499431362138,3.7205787,40.425896,0.4346867691467392
4200.0,-739.4915827198398,3.7204986,40.37595,0.4343551967625737
4200.0,-739.4988791615721,3.7204185,40.425896,0.4340236244419047
4200.0,-739.4922531633941,3.7201777,40.400921,0.4336920517571265
4200.0,-739.5002681826567,3.7199771,40.338512,0.4333604788136561
4200.0,-739.4934084196292,3.7199371,40.388416,0.4330289056108854
4200.0,-739.4928401601277,3.7200174,40.37595,0.4326973326629103
4200.0,-739.499376027157,3.7199371,40.37595,0.4323657601194595
4200.0,-739.4930093244034,3.7195761,40.363483,0.4320341870956347
4200.0,-739.5022897028023,3.7192955,40.400921,0.4317026132457666
4200.0,-739.4939289000484,3.719095,40.37595,0.4313710398096235
4200.0,-739.5023132011123,3.7189746,40.463329,0.4310394659492192
4200.0,-739.4942356861053,3.718734,40.37595,0.4307078923755199
4200.0,-739.5012478636263,3.718694,40.438362,0.4303763189927856
4200.0,-739.4940922418341,3.7185736,40.425896,0.4300447454834035
4200.0,-739.5004488967326,3.7183731,40.400921,0.4297131724589055
4200.0,-739.492220863749,3.718293,40.388416,0.4293815997886098
4200.0,-739.4989446037997,3.7180524,40.425896,0.4290500274385982
4200.0,-739.4921478664282,3.7178919,40.363483,0.428718454801033
4200.0,-739.4915857468061,3.7176514,40.438362,0.4283868824155102
4200.0,-739.4983012041127,3.717571,40.450829,0.4280553103539825
4200.0,-739.4908792931582,3.7174909,40.413387,0.4277237382852187
4200.0,-739.4991099858263,3.7171299,40.413387,0.427392165861054
4200.0,-739.4911491765022,3.7170498,40.388416,0.4270605936712802
4200.0,-739.4982959674412,3.7170498,40.425896,0.4267290216121004
4200.0,-739.4905012919498,3.7168093,40.413387,0.4263974497128244
4200.0,-739.4979511292449,3.7168493,40.363483,0.4260658778082613
4200.0,-739.492352210387,3.7164083,40.413387,0.4257343050790725
4200.0,-739.4995143340162,3.7162879,40.438362,0.4254027324736084
4200.0,-739.4916075728042,3.7164483,40.413387,0.4250711600782994
4200.0,-739.4987083478544,3.7162879,40.400921,0.4247395878342189
4200.0,-739.4914270076788,3.7159672,40.450829,0.4244080155198714
4200.0,-739.4898362190504,3.7160072,40.475796,0.4240764439188
4200.0,-739.4972963406672,3.7157264,40.438362,0.4237448723078272
4200.0,-739.4896341203507,3.7156062,40.438362,0.4234133007973726
4200.0,-739.4981293528834,3.7152452,40.463329,0.4230817288128985
4200.0,-739.4919290682554,3.7153254,40.450829,0.4227501562734377
4200.0,-739.4996530673398,3.7152052,40.463329,0.4224185836057692
4200.0,-739.4912044255935,3.7148843,40.413387,0.4220870113912229
4200.0,-739.5002627751129,3.7146037,40.500771,0.4217554384501771
4200.0,-739.4933425624454,3.7145636,40.450829,0.4214238652769354
4200.0,-739.4988611561396,3.7144432,40.388416,0.4210922929643396
4200.0,-739.4909834672899,3.7143631,40.400921,0.4207607208488662
4200.0,-739.4999210738035,3.7142427,40.425896,0.4204291480610305
4200.0,-739.4933681977308,3.7138417,40.463329,0.4200975748762945
4200.0,-739.4945197787147,3.7140021,40.438362,0.4197660011752139
4200.0,-739.5015607190405,3.7138016,40.550713,0.4194344276522034
4200.0,-739.4934359950624,3.7137213,40.500771,0.4191028544370685
4200.0,-739.499679874023,3.7133203,40.488304,0.4187712817573806
4200.0,-739.4924035777503,3.7132401,40.363483,0.4184397090051598
4200.0,-739.5009697368189,3.7132001,40.425896,0.4181081357471304
4200.0,-739.4923455703789,3.7129996,40.475796,0.417776563020919
4200.0,-739.4998503582743,3.7125986,40.450829,0.4174449902647902
4200.0,-739.4924042125292,3.7129595,40.488304,0.4171134175122848
4200.0,-739.4997179844678,3.7124381,40.475796,0.4167818448155092
4200.0,-739.4909836015307,3.7124381,40.488304,0.4164502726999756
4200.0,-739.5000688533288,3.7123179,40.475796,0.4161186998458794
4200.0,-739.4931807709771,3.712358,40.425896,0.4157871267451816
4200.0,-739.4922600237946,3.7120771,40.438362,0.4154555540573273
4200.0,-739.4993781510888,3.7116361,40.500771,0.4151239815129242
4200.0,-739.4923107438963,3.7115159,40.438362,0.4147924088023281
4200.0,-739.5000567316314,3.7116361,40.500771,0.4144608359536669
4200.0,-739.493578975016,3.7114356,40.488304,0.4141292626744228
4200.0,-739.5008228247517,3.7110746,40.463329,0.4137976894822651
4200.0,-739.4949511488248,3.7109544,40.500771,0.4134661155877673
4200.0,-739.5028914514078,3.7109945,40.413387,0.4131345414680905
4200.0,-739.4935480546131,3.7106736,40.450829,0.4128029682027105
4200.0,-739.500232111219,3.7106736,40.475796,0.4124713952754136
4200.0,-739.4930020125773,3.710433,40.463329,0.4121398222548673
4200.0,-739.5013184569871,3.7103128,40.425896,0.4118082488404808
4200.0,-739.4940935969295,3.710072,40.438362,0.4114766753304911
4200.0,-739.4998448653967,3.7103128,40.550713,0.4111451025768253
4200.0,-739.4931536228225,3.7099519,40.513237,0.4108135294883002
4200.0,-739.4944526401042,3.710032,40.550713,0.4104819558173231
4200.0,-739.5014117929319,3.7095909,40.475796,0.4101503823610872
4200.0,-739.4934905846142,3.7094705,40.500771,0.4098188091214755
4200.0,-739.5015305186504,3.7094705,40.513237,0.409487235612006
4200.0,-739.4943910196909,3.7091098,40.525742,0.4091556619686583
4200.0,-739.5019274082157,3.7091899,40.500771,0.4088240882812337
4200.0,-739.4927039302762,3.7090697,40.438362,0.4084925153943412
4200.0,-739.4997100015621,3.7088692,40.488304,0.4081609427011448
4200.0,-739.492464392719,3.7084682,40.450829,0.4078293699216559
4200.0,-739.4990450562153,3.7086687,40.525742,0.407497797526604
4200.0,-739.4917487832759,3.7084682,40.550713,0.4071662250679791
4200.0,-739.5002556582328,3.7082677,40.475796,0.4068346521301244
4200.0,-739.4930821756145,3.7080269,40.513237,0.4065030790736346
4200.0,-739.4939105045573,3.7080269,40.438362,0.4061715056457397
4200.0,-739.500020256444,3.7078264,40.538208,0.405839932813433
4200.0,-739.4916363085199,3.7076662,40.525742,0.4055083604052396
4200.0,-739.5003187084537,3.7075458,40.538208,0.4051767874391146
4200.0,-739.4952096431879,3.7075458,40.550713,0.4048452134287135
4200.0,-739.5008048805058,3.7075458,40.525742,0.4045136402446015
4200.0,-739.4933809898963,3.7072248,40.550713,0.4041820670541298
4200.0,-739.5002691233749,3.7070646,40.500771,0.4038504941102375
4200.0,-739.4907491051656,3.7067437,40.563179,0.4035189220998472
4200.0,-739.4964239967298,3.7066233,40.525742,0.4031873508800111
4200.0,-739.4895737692906,3.7065432,40.563179,0.4028557793966166
4200.0,-739.4981147288796,3.7064631,40.538208,0.4025242074186996
4200.0,-739.4900817012648,3.7063026,40.475796,0.4021926357075591
4200.0,-739.4925129035772,3.7058616,40.525742,0.4018610629063189
4200.0,-739.4985018525334,3.7058616,40.500771,0.4015294907548256
4200.0,-739.4916028735578,3.7062223,40.525742,0.4011979183616236
4200.0,-739.4999976122906,3.7059417,40.525742,0.40086634553947
4200.0,-739.492135647037,3.7057412,40.538208,0.4005347729073836
4200.0,-739.4998967571485,3.7055407,40.550713,0.4002032001304508
4200.0,-739.4918895179702,3.7055006,40.513237,0.3998716276087236
4200.0,-739.5013987798338,3.7053001,40.613125,0.3995400541583224
4200.0,-739.4929959209919,3.7050195,40.538208,0.3992084811405074
4200.0,-739.5001753601471,3.7049792,40.638058,0.3988769082386562
4200.0,-739.4921463893702,3.7050195,40.550713,0.3985453356017532
4200.0,-739.4995373557257,3.7046185,40.575645,0.3982137629859669
4200.0,-739.4917303750974,3.7048991,40.513237,0.3978821905355959
4200.0,-739.4911297191583,3.7044981,40.550713,0.3975506183545463
4200.0,-739.499895146038,3.7043376,40.550713,0.397219045578336
4200.0,-739.4931951267615,3.7043376,40.575645,0.3968874724712014
4200.0,-739.5005265828262,3.7040169,40.575645,0.3965558994118709
4200.0,-739.4925479741898,3.7040169,40.613125,0.3962243265949058
4200.0,-739.5002529363505,3.7038965,40.600616,0.3958927536582714
4200.0,-739.4927816761605,3.703696,40.600616,0.3955611807365193
4200.0,-739.4992870377109,3.7036159,40.600616,0.3952296082329691
4200.0,-739.4909085775013,3.703696,40.58815,0.3948980361510747
4200.0,-739.4993393201156,3.7036159,40.550713,0.3945664636240825
4200.0,-739.4928122550269,3.7031746,40.575645,0.3942348906886194
4200.0,-739.4991788459082,3.7032549,40.575645,0.3939033182335796
4200.0,-739.4920724636187,3.7030544,40.575645,0.3935717456298234
4200.0,-739.4907176848386,3.7030945,40.525742,0.3932401736335213
4200.0,-739.4982071484582,3.7027335,40.625591,0.3929086016141657
4200.0,-739.492354053947,3.7028139,40.58815,0.3925770288841503
4200.0,-739.4983506072689,3.702533,40.613125,0.3922454568004715
4200.0,-739.4891924595377,3.7024128,40.563179,0.3919138854880482
4200.0,-739.4984358362977,3.702132,40.625591,0.3915823133661549
4200.0,-739.4914817803792,3.702132,40.58815,0.3912507410272485
4200.0,-739.4986499735985,3.7020118,40.563179,0.3909191688093415
4200.0,-739.4922347793628,3.701771,40.625591,0.3905875961328063
4200.0,-739.4995888337006,3.7015705,40.613125,0.3902560234939385
4200.0,-739.4927454096589,3.7016909,40.638058,0.3899244505884475
4200.0,-739.5001521667468,3.7016909,40.600616,0.3895928776969957
4200.0,-739.4913409851127,3.7015705,40.550713,0.3892613054212189
4200.0,-739.4918922516939,3.7013702,40.58815,0.3889297328982659
4200.0,-739.4985350314212,3.7012098,40.600616,0.388598160731896
4200.0,-739.4896959850988,3.7009289,40.575645,0.3882665891937025
4200.0,-739.4986524763141,3.7008488,40.575645,0.3879350169746733
4200.0,-739.4922126357704,3.7004879,40.613125,0.3876034443080668
4200.0,-739.4981833452383,3.7005682,40.688,0.387271872299384
4200.0,-739.491000520373,3.7004077,40.625591,0.3869403001762645
4200.0,-739.4989963737922,3.7002873,40.58815,0.3866087278030405
4200.0,-739.4909859574976,3.7002072,40.550713,0.3862771556864506
4200.0,-739.498129341219,3.7002072,40.638058,0.3859455837019818
4200.0,-739.4906314054551,3.7000868,40.650558,0.3856140117443656
4200.0,-739.4983186605031,3.6998463,40.663025,0.3852824396750109
4200.0,-739.4914045223455,3.6998463,40.688,0.3849508673707454
4200.0,-739.4907949062425,3.6994052,40.58815,0.3846192953398189
4200.0,-739.4973779811743,3.6993651,40.700466,0.3842877236922406
4200.0,-739.4914709772693,3.6995254,40.613125,0.3839561513581782
4200.0,-739.4980997629267,3.6992447,40.58815,0.3836245793869715
4200.0,-739.4916382983942,3.6990843,40.663025,0.3832930069778857
4200.0,-739.4972108542044,3.6990442,40.625591,0.3829614354052429
4200.0,-739.489413418046,3.6990042,40.613125,0.3826298639937465
4200.0,-739.4984425504515,3.6988037,40.638058,0.3822982918688427
4200.0,-739.4909303300354,3.6985631,40.638058,0.381966719777195
4200.0,-739.4982071977757,3.6985228,40.625591,0.3816351477578174
4200.0,-739.4903012193448,3.6982422,40.675533,0.3813035759482496
4200.0,-739.4971090104589,3.6983626,40.638058,0.3809720044212709
4200.0,-739.4904788309681,3.6982422,40.675533,0.3806404325320658
4200.0,-739.4910085154764,3.6980817,40.638058,0.3803088604053615
4200.0,-739.4973594148306,3.6978011,40.613125,0.3799772887661079
4200.0,-739.4903312727076,3.6978011,40.625591,0.3796457169430648
4200.0,-739.4962833101422,3.6976006,40.675533,0.379314145786309
4200.0,-739.489216959506,3.6974401,40.663025,0.3789825744629004
4200.0,-739.4973798736611,3.6974001,40.737942,0.3786510028144736
4200.0,-739.4902703965531,3.69736,40.625591,0.3783194310187261
4200.0,-739.4968443974974,3.6972396,40.688,0.3779878596103931
4200.0,-739.4878364723858,3.6971996,40.638058,0.3776562889059657
4200.0,-739.4970787979952,3.696959,40.638058,0.3773247173925336
4200.0,-739.4895955338981,3.6966782,40.663025,0.3769931458993802
4200.0,-739.4946583867257,3.696919,40.700466,0.3766615754711983
4200.0,-739.4886545476646,3.6965179,40.688,0.3763300043999633
4200.0,-739.4888004813249,3.6965981,40.688,0.3759984332632948
4200.0,-739.4961856903176,3.6964376,40.650558,0.3756668621503091
4200.0,-739.4878057963175,3.6961169,40.663025,0.3753352914596363
4200.0,-739.495437577664,3.6962771,40.688,0.3750037206820851
4200.0,-739.4886898376463,3.6961169,40.725437,0.3746721495950268
4200.0,-739.4965571522513,3.6960766,40.725437,0.3743405783154873
4200.0,-739.488931047279,3.695796,40.663025,0.3740090071202757
4200.0,-739.495271964397,3.6958361,40.712971,0.3736774364169813
4200.0,-739.488471149772,3.6959565,40.737942,0.373345865427978
4200.0,-739.4957870183605,3.695395,40.762875,0.3730142944937467
4200.0,-739.4885335148534,3.6955154,40.675533,0.3726827234767802
4200.0,-739.4975611375977,3.6953149,40.663025,0.3723511517470793
4200.0,-739.4908812946966,3.6951544,40.675533,0.372019579677418
4200.0,-739.4907161709461,3.6951945,40.663025,0.3716880076817948
4200.0,-739.4972485371617,3.695395,40.712971,0.3713564360922559
4200.0,-739.4893671905089,3.6949539,40.650558,0.3710248647014869
4200.0,-739.496901367736,3.6946731,40.688,0.3706932932676099
4200.0,-739.4898357066435,3.6946731,40.750408,0.3703617216667682
4200.0,-739.4984730805124,3.6943524,40.700466,0.3700301495281755
4200.0,-739.4894889913166,3.6943924,40.650558,0.3696985780827936
4200.0,-739.4963717753072,3.6945128,40.775379,0.3693670068863722
4200.0,-739.4899018922671,3.6941118,40.737942,0.3690354352558543
4200.0,-739.4971825221539,3.6941118,40.700466,0.3687038636959148
4200.0,-739.4906670498652,3.6939914,40.700466,0.3683722917223164
4200.0,-739.4968014158634,3.6937108,40.663025,0.3680407203332552
4200.0,-739.4906239108897,3.693871,40.712971,0.3677091483789994
4200.0,-739.4911597109258,3.6937108,40.712971,0.3673775761845022
4200.0,-739.4987835684765,3.6934702,40.712971,0.3670460039066947
4200.0,-739.4907431482303,3.6931493,40.712971,0.3667144318989753
4200.0,-739.4985398655709,3.6933899,40.725437,0.3663828597304379
4200.0,-739.4899580321363,3.6930692,40.737942,0.366051288074748
4200.0,-739.4978789487163,3.6931093,40.712971,0.3657197162025488
4200.0,-739.4915498220455,3.6930692,40.688,0.365388143833134
4200.0,-739.4989764157095,3.6927884,40.675533,0.3650565714688588
4200.0,-739.4903816752153,3.6927884,40.737942,0.3647249996232163
4200.0,-739.4980680124081,3.6926682,40.725437,0.3643934276662457
4200.0,-739.4896988784382,3.6925478,40.688,0.3640618561267549
4200.0,-739.4976356735029,3.6924274,40.737942,0.363730284363634
4200.0,-739.4907770471008,3.6923873,40.737942,0.3633987123407151
4200.0,-739.4923236222133,3.6924677,40.663025,0.3630671396243447
4200.0,-739.4997899941242,3.6922269,40.762875,0.3627355668952817
4200.0,-739.4920014803191,3.6920667,40.825283,0.3624039943233529
4200.0,-739.4972061176667,3.6921468,40.762875,0.3620724227528339
4200.0,-739.4887180722101,3.6916656,40.737942,0.3617408516531158
4200.0,-739.4964698590447,3.6915452,40.688,0.3614092804127162
4200.0,-739.4895592307668,3.6915853,40.762875,0.3610777089358404
4200.0,-739.4964775982272,3.6913848,40.787846,0.3607461376919708
4200.0,-739.4894435815025,3.6914651,40.737942,0.3604145662669497
4200.0,-739.4971074969606,3.6914651,40.750408,0.3600829947406496
4200.0,-739.4888575860499,3.6911843,40.775379,0.3597514235783765
4200.0,-739.4971716573394,3.6909838,40.825283,0.3594198520233085
4200.0,-739.48857897378,3.6911442,40.775379,0.3590882809859593
4200.0,-739.4889529956491,3.6905828,40.775379,0.3587567097809065
4200.0,-739.4972015155759,3.6907833,40.787846,0.3584251382124509
4200.0,-739.4887567198487,3.6905427,40.750408,0.3580935670954041
4200.0,-739.4955350642696,3.6904626,40.762875,0.3577619962741424
4200.0,-739.487542613963,3.6905026,40.750408,0.357430425701475
4200.0,-739.4967068353137,3.6903021,40.80035,0.3570988543548213
4200.0,-739.4894895892612,3.6900616,40.775379,0.3567672829091713
4200.0,-739.4976824759221,3.6901016,40.762875,0.3564357111250654
4200.0,-739.4914459524111,3.6901016,40.787846,0.3561041388022236
4200.0,-739.498662034314,3.6899812,40.750408,0.3557725665789089
4200.0,-739.4916058153957,3.6897407,40.737942,0.3554409941843878
4200.0,-739.4989574458209,3.6899011,40.737942,0.3551094218286181
4200.0,-739.4895115255579,3.6895401,40.762875,0.3547778503731324
4200.0,-739.488806450743,3.6895802,40.775379,0.3544462792337872
4200.0,-739.4969363046637,3.68942,40.812817,0.3541147077842454
4200.0,-739.4887826471487,3.6890991,40.825283,0.3537831366555733
4200.0,-739.4968872324063,3.689019,40.812817,0.3534515652280342
4200.0,-739.4888635914838,3.6891391,40.775379,0.3531199940630684
4200.0,-739.4976201703769,3.689019,40.775379,0.3527884223068987
4200.0,-739.4903479721808,3.6887381,40.787846,0.352456850476368
4200.0,-739.496705492483,3.6887782,40.762875,0.3521252791303164
4200.0,-739.4914684749881,3.6885777,40.812817,0.3517937067973758
4200.0,-739.4983873251562,3.6886179,40.812817,0.3514621346972337
4200.0,-739.4914118832841,3.688658,40.837788,0.3511305623896677
4200.0,-739.4989198723446,3.6884174,40.762875,0.350798990050745
4200.0,-739.4915292283614,3.688297,40.775379,0.350467417690564
4200.0,-739.4906800141291,3.6884174,40.850254,0.3501358457111527
4200.0,-739.497972589571,3.687856,40.787846,0.3498042737969672
4200.0,-739.4918412878716,3.687896,40.775379,0.3494727012968653
4200.0,-739.4978476862581,3.6877756,40.837788,0.3491411294386834
4200.0,-739.4901929068722,3.687856,40.850254,0.3488095576776807
4200.0,-739.4988732536898,3.6874149,40.825283,0.3484779853596605
4200.0,-739.4910334912221,3.6876554,40.775379,0.3481464132217576
4200.0,-739.4979039245086,3.687495,40.887695,0.3478148413383599
4200.0,-739.4918017251035,3.6872945,40.775379,0.347483268855997
4200.0,-739.498332112753,3.687134,40.837788,0.3471516967806107
4200.0,-739.4893975610565,3.6872945,40.825283,0.3468201253762242
4200.0,-739.4981531569218,3.6870139,40.762875,0.346488553381077
4200.0,-739.4913187928172,3.6867731,40.825283,0.3461569811152508
4200.0,-739.4985293797449,3.6867731,40.750408,0.345825408951415
4200.0,-739.4917557654343,3.6868534,40.80035,0.3454938364896596
4200.0,-739.4914069879969,3.6866529,40.700466,0.3451622641842885
4200.0,-739.5001067200506,3.6864123,40.837788,0.3448306913132138
4200.0,-739.4927293206131,3.6865325,40.812817,0.3444991184149368
4200.0,-739.4995998321433,3.6862519,40.812817,0.3441675457711375
4200.0,-739.4924651740167,3.6860914,40.787846,0.3438359729912983
4200.0,-739.4997045322178,3.685931,40.850254,0.3435044003005543
4200.0,-739.4920968653622,3.6858909,40.850254,0.3431728276858568
4200.0,-739.4982685990283,3.685971,40.825283,0.3428412556389484
4200.0,-739.4914838924207,3.6856904,40.825283,0.342509683299095
4200.0,-739.498764744699,3.6857705,40.875229,0.3421781110297276
4200.0,-739.4920047759715,3.6853294,40.850254,0.341846538456321
4200.0,-739.49866371848,3.6854098,40.837788,0.3415149662322512
4200.0,-739.4914703911936,3.6851289,40.875229,0.3411833938984515
4200.0,-739.4907489588513,3.6850488,40.875229,0.3408518218881268
4200.0,-739.4995188747158,3.6849687,40.900196,0.3405202492806268
4200.0,-739.492113125074,3.6849284,40.862762,0.3401886766586389
4200.0,-739.5007467739157,3.6847682,40.900196,0.3398571035005804
4200.0,-739.4934422695918,3.6848083,40.875229,0.3395255302826321
4200.0,-739.498970873105,3.6847682,40.875229,0.339193957920842
4200.0,-739.49088597041,3.6849284,40.837788,0.3388623858490843
4200.0,-739.4976694507505,3.6846478,40.862762,0.3385308140708186
4200.0,-739.4898947267553,3.6843672,40.912663,0.3381992424435135
4200.0,-739.4969195196888,3.6843672,40.937637,0.3378676710014976
4200.0,-739.4879300633906,3.6843269,40.912663,0.337536100255106
4200.0,-739.4988746693714,3.6841264,40.862762,0.3372045279364511
4200.0,-739.4924282968832,3.6842067,40.875229,0.3368729551731468
4200.0,-739.491704484427,3.6840062,40.862762,0.3365413827343847
4200.0,-739.4997373572875,3.6837254,40.875229,0.3362098100289227
4200.0,-739.4912389224086,3.6836853,40.862762,0.3358782377989088
4200.0,-739.4991572394711,3.6834848,40.825283,0.3355466653535567
4200.0,-739.4916362716856,3.6834047,40.850254,0.3352150929453797
4200.0,-739.4996153716949,3.6834447,40.937637,0.334883520294613
4200.0,-739.4919301057566,3.6832042,40.837788,0.334551947754687
4200.0,-739.4988847524709,3.6832042,40.812817,0.3342203754315112
4200.0,-739.4921903829029,3.6829233,40.962608,0.3338888027748825
4200.0,-739.4994755394684,3.6829233,40.875229,0.3335572301868129
4200.0,-739.4920373438937,3.6828032,40.887695,0.3332256575988036
4200.0,-739.4973119903136,3.6827228,40.912663,0.332894085980814
4200.0,-739.4918275916269,3.6826427,40.887695,0.3325625134868532
4200.0,-739.4945988068442,3.6826828,40.937637,0.3322309397503381
4200.0,-739.5021413742348,3.6823621,40.937637,0.3318993659669766
4200.0,-739.4943610637345,3.6821616,40.912663,0.3315677923370605
4200.0,-739.500757492005,3.6822016,40.937637,0.3312362191741963
4200.0,-739.4926589235937,3.6822016,40.887695,0.3309046463074838
4200.0,-739.4995948148431,3.6821213,40.937637,0.3305730736659342
4200.0,-739.4918196079831,3.6817605,40.937637,0.3302415011755532
4200.0,-739.4996198520265,3.6817605,40.937637,0.3299099285227775
4200.0,-739.4928856065716,3.6816401,40.950142,0.3295783555544252
4200.0,-739.4993715474393,3.6816001,40.912663,0.329246783012983
4200.0,-739.4926477535727,3.6816001,40.912663,0.3289152101512789
4200.0,-739.5005866295837,3.6813996,40.887695,0.3285836370650251
4200.0,-739.492428431124,3.6813195,40.950142,0.3282520643016605
4200.0,-739.4919284093295,3.681159,40.937637,0.3279204917624952
4200.0,-739.4982431472495,3.6810386,40.850254,0.3275889197269987
4200.0,-739.4910074783845,3.6806777,40.950142,0.3272573476007593
4200.0,-739.499728373091,3.6807179,40.912663,0.3269257748993256
4200.0,-739.491692216128,3.6805975,41.000046,0.3265942024660643
4200.0,-739.4993549576885,3.680758,40.950142,0.3262626299320605
4200.0,-739.4926165280584,3.6804771,40.987579,0.3259310570843574
4200.0,-739.5019467321271,3.680758,40.900196,0.3255994833882684
4200.0,-739.4941132014062,3.6801965,40.887695,0.3252679098694885
4200.0,-739.5024003846332,3.680357,40.975075,0.3249363359699934
4200.0,-739.4936262038339,3.6798356,40.925171,0.324604762669573
4200.0,-739.4999411299076,3.6801164,40.987579,0.3242731898727446
4200.0,-739.4919753451095,3.6798356,40.925171,0.3239416173125343
4200.0,-739.4940153985964,3.6796751,40.987579,0.3236100438376071
4200.0,-739.5008363989656,3.6797154,40.900196,0.323278470639363
4200.0,-739.4928231555433,3.6795149,40.987579,0.3229468976990124
4200.0,-739.5001911808705,3.6794345,41.049992,0.3226153247900676
4200.0,-739.4929365708032,3.6791139,40.937637,0.322283751798864
4200.0,-739.4993235002107,3.6793945,40.962608,0.3219521792789649
4200.0,-739.4913199887063,3.6791139,41.025017,0.3216206070126026
4200.0,-739.4990451419585,3.6789534,40.912663,0.3212890346175122
4200.0,-739.4917582681247,3.6788731,40.950142,0.3209574621546346
4200.0,-739.5000791926343,3.6787529,40.937637,0.3206258892959024
4200.0,-739.4912330385281,3.678432,40.975075,0.3202943170685267
4200.0,-739.4999566457213,3.678472,41.037483,0.3199627442647414
4200.0,-739.4925955566175,3.6785123,40.925171,0.3196311714264413
4200.0,-739.4919438509091,3.6782715,41.000046,0.3192995988803523
4200.0,-739.5005326253599,3.6779909,40.975075,0.3189680258183126
4200.0,-739.4933311734644,3.6782715,40.950142,0.3186364526501775
4200.0,-739.500564498047,3.6779509,40.975075,0.3183048795738468
4200.0,-739.4928523060548,3.6777904,40.937637,0.3179733066204258
4200.0,-739.4995187404737,3.6779509,40.975075,0.3176417340129859
4200.0,-739.4924056527528,3.6777503,40.937637,0.3173101612598348
4200.0,-739.5000514947552,3.6775498,41.01255,0.3169785884135216
4200.0,-739.4925953982298,3.6774697,40.987579,0.3166470155752926
4200.0,-739.5008202733324,3.6772692,41.025017,0.3163154423842789
4200.0,-739.4944022742263,3.6771088,41.025017,0.3159838687358848
4200.0,-739.5018522978933,3.6771488,41.000046,0.3156522950821378
4200.0,-739.4936074176939,3.6768279,41.025017,0.3153207217901406
4200.0,-739.4932629245025,3.6768682,41.01255,0.3149891486526069
4200.0,-739.5029289516239,3.6769083,41.037483,0.314657574516116
4200.0,-739.4934534385898,3.6767077,40.950142,0.3143260012931598
4200.0,-739.5026411567217,3.6766274,41.025017,0.3139944272857087
4200.0,-739.496921672537,3.6764672,40.975075,0.3136628525076697
4200.0,-739.5037324223825,3.6762667,40.925171,0.3133312780109231
4200.0,-739.4955010734075,3.6761863,41.000046,0.3129997038698507
4200.0,-739.5023134700059,3.6761062,41.049992,0.312668130009326
4200.0,-739.4949716811183,3.6757853,41.074959,0.3123365561056219
4200.0,-739.5024163025594,3.6757052,41.074959,0.3120049821989897
4200.0,-739.4946111844185,3.6755447,40.975075,0.3116734084569247
4200.0,-739.501882437506,3.6756248,40.950142,0.3113418347896639
4200.0,-739.4943355510256,3.6753042,41.000046,0.3110102611711871
4200.0,-739.4945109652745,3.6757052,41.025017,0.3106786874740583
4200.0,-739.5017113063958,3.6751037,41.025017,0.3103471138835282
4200.0,-739.4946361233299,3.6751037,40.962608,0.3100155401302812
4200.0,-739.5030979956371,3.6749032,40.987579,0.3096839659179953
4200.0,-739.4955511585256,3.6747828,41.01255,0.3093523917544658
4200.0,-739.5016030652754,3.6746626,41.062458,0.3090208182124683
4200.0,-739.4950331308657,3.6745822,41.074959,0.3086892442812115
4200.0,-739.5017079615972,3.6744218,41.037483,0.3083576706921812
4200.0,-739.4941742603002,3.6743016,41.049992,0.3080260971460237
4200.0,-739.5028513387904,3.6742616,41.01255,0.3076945230443323
4200.0,-739.4960994349749,3.6740611,41.025017,0.3073629486349674
4200.0,-739.5012851804872,3.6737802,41.074959,0.3070313752355012
4200.0,-739.4941412650994,3.6741812,41.099892,0.3066998017041382
4200.0,-739.4942521040002,3.6738203,41.000046,0.3063682281230773
4200.0,-739.5027653280465,3.6735396,41.000046,0.3060366540599509
4200.0,-739.4943972694593,3.6735797,41.099892,0.3057050804138009
4200.0,-739.5024736393036,3.673219,41.087425,0.3053735064814604
4200.0,-739.4947766505239,3.6732991,41.000046,0.3050419326652039
4200.0,-739.5026828198768,3.6729381,41.074959,0.3047103586390721
4200.0,-739.4929083112739,3.6730185,41.1124,0.3043787856605395
4200.0,-739.5018508701379,3.6725771,41.099892,0.3040472120074326
4200.0,-739.4948247332851,3.6727777,41.074959,0.3037156381696169
4200.0,-739.5006899870322,3.6726575,41.025017,0.3033840650370202
4200.0,-739.4923071429279,3.6727777,41.062458,0.3030524923280387
4200.0,-739.5002942935727,3.6722164,41.049992,0.3027209193728608
4200.0,-739.4945930938343,3.6722565,41.025017,0.3023893456389073
4200.0,-739.4944854161405,3.672096,41.062458,0.3020577719532342
4200.0,-739.5022306325745,3.6719756,41.137371,0.3017261981298516
4200.0,-739.4942716354221,3.6719356,41.074959,0.3013946245400333
4200.0,-739.5032876087803,3.6718955,41.062458,0.3010630502427296
4200.0,-739.4942850144819,3.6717751,41.1124,0.3007314766469124
4200.0,-739.5016304944655,3.6714544,41.062458,0.3003999030926163
4200.0,-739.4927451659382,3.671294,41.074959,0.3000683301872346
4200.0,-739.5016680315164,3.6712539,41.1124,0.2997367566161079
4200.0,-739.4932590178088,3.6710534,41.087425,0.2994051834803258
4200.0,-739.5005787563638,3.6708128,41.099892,0.2990736103976021
4200.0,-739.4932336029157,3.6706123,41.1124,0.2987420372732156
4200.0,-739.501381250388,3.6706123,41.124866,0.2984104638306742
4200.0,-739.4927061767631,3.6706524,41.087425,0.2980788909427744
4200.0,-739.4940053035248,3.6702914,41.049992,0.2977473174723736
4200.0,-739.5007432586541,3.6702514,41.062458,0.2974157443158913
4200.0,-739.4938472356016,3.6700909,41.099892,0.2970841709163648
4200.0,-739.5008343112546,3.6699305,41.137371,0.2967525977190569
4200.0,-739.4948610615867,3.6697702,41.01255,0.2964210238649523
4200.0,-739.501963418876,3.6698904,41.037483,0.2960894501613815
4200.0,-739.4942710986635,3.6697702,41.187275,0.2957578765718038
4200.0,-739.503541735916,3.6695294,41.1124,0.2954263021605561
4200.0,-739.4940442685529,3.6692488,41.037483,0.2950947286726842
4200.0,-739.5013619629021,3.6692088,41.1124,0.2947631552387908
4200.0,-739.4942564746023,3.6689682,41.062458,0.2944315816557702
4200.0,-739.5009941754379,3.6691284,41.037483,0.2941000083867833
4200.0,-739.4931902441618,3.6688879,41.149837,0.2937684352818379
4200.0,-739.492804894293,3.6686072,41.124866,0.2934368623496753
4200.0,-739.4996628207683,3.6684468,41.099892,0.2931052896776336
4200.0,-739.4923037977536,3.6683667,41.124866,0.292773716970152
4200.0,-739.4990809330428,3.6680858,41.174809,0.2924421445590138
4200.0,-739.4919639190896,3.6681259,41.099892,0.2921105720039267
4200.0,-739.4999530074726,3.6680458,41.137371,0.2917789992017727
4200.0,-739.490927901423,3.6678052,41.149837,0.291447427111214
4200.0,-739.4999122971094,3.6677248,41.099892,0.2911158543273135
4200.0,-739.4911213084404,3.6675646,41.087425,0.2907842821500351
4200.0,-739.4997464268179,3.6673641,41.124866,0.2904527094405066
4200.0,-739.4906154999671,3.6672037,41.137371,0.2901211374900221
4200.0,-739.4985158174001,3.6670833,41.187275,0.2897895653322673
4200.0,-739.4916422046786,3.6668427,41.062458,0.2894579929214301
4200.0,-739.4924135750061,3.6666822,41.149837,0.2891264201647267
4200.0,-739.5018882844063,3.6665218,41.124866,0.2887948464948442
4200.0,-739.4942502369072,3.6665218,41.1124,0.2884632729146205
4200.0,-739.501748427828,3.6661208,41.137371,0.2881316993074461
4200.0,-739.4952173706283,3.6661611,41.074959,0.2878001252935801
4200.0,-739.5034633782022,3.6662412,41.049992,0.287468550917466
4200.0,-739.4957112040449,3.6660407,41.162304,0.2871369766821756
4200.0,-739.5032370709097,3.6656396,41.124866,0.2868054024075318
4200.0,-739.4958480320456,3.6656396,41.149837,0.2864738281108905
4200.0,-739.5028805262253,3.6656396,41.174809,0.2861422539961123
4200.0,-739.4952008062145,3.6654391,41.124866,0.2858106799896734
4200.0,-739.500696908279,3.6651585,41.174809,0.2854791068539734
4200.0,-739.494581766244,3.6651585,41.099892,0.285147533125099
4200.0,-739.5013786742076,3.6649981,41.149837,0.2848159596837126
4200.0,-739.492818956835,3.6646371,41.174809,0.2844843867452447
4200.0,-739.4953235106921,3.6645169,41.149837,0.2841528126837876
4200.0,-739.5010078963768,3.6643965,41.099892,0.2838212394086486
4200.0,-739.4951200200627,3.6645169,41.1124,0.2834896654384325
4200.0,-739.5011387808321,3.664156,41.162304,0.2831580921046082
4200.0,-739.4936456249573,3.664156,41.162304,0.2828265187954797
4200.0,-739.5029643647429,3.6639154,41.187275,0.2824949446431104
4200.0,-739.495905502454,3.6635945,41.162304,0.2821633703207006
4200.0,-739.5045020313784,3.6635144,41.212246,0.2818317954788811
4200.0,-739.4957465312702,3.663434,41.1124,0.2815002212277507
4200.0,-739.5034804805698,3.6633539,41.224712,0.2811686468439683
4200.0,-739.4965234314592,3.6631134,41.137371,0.2808370722444922
4200.0,-739.5033570915739,3.663033,41.19978,0.2805054979160343
4200.0,-739.4942167771842,3.6627924,41.19978,0.2801739243508132
4200.0,-739.4959026584318,3.6627123,41.19978,0.2798423500296786
4200.0,-739.502814876086,3.662672,41.124866,0.2795107759443362
4200.0,-739.4940780329779,3.662271,41.224712,0.2791792024413251
4200.0,-739.5019672523488,3.662271,41.212246,0.2788476287360354
4200.0,-739.4941061089493,3.6619503,41.162304,0.2785160552204357
4200.0,-739.5028656454016,3.6615894,41.174809,0.2781844811123296
4200.0,-739.4940874934753,3.6617498,41.212246,0.2778529076050766
4200.0,-739.503661780318,3.6616294,41.19978,0.2775213331400041
4200.0,-739.4945147004836,3.6613088,41.162304,0.2771897594412005
4200.0,-739.502743074546,3.6610682,41.237221,0.276858185388052
4200.0,-739.4950284555617,3.6610279,41.149837,0.2765266114588915
4200.0,-739.50344930365,3.6608274,41.187275,0.2761950370890881
4200.0,-739.4954093623876,3.6602662,41.187275,0.2758634629891371
4200.0,-739.49364138921,3.6605868,41.237221,0.2755318896819078
4200.0,-739.5017861842501,3.6605067,41.174809,0.2752003160578044
4200.0,-739.4954194333121,3.6600254,41.124866,0.2748687419533377
4200.0,-739.5032273782584,3.6600254,41.174809,0.27453716768304
4200.0,-739.496788518355,3.6598651,41.224712,0.2742055929647045
4200.0,-739.5030993014284,3.6595042,41.149837,0.2738740187518331
4200.0,-739.495612974775,3.6596646,41.149837,0.2735424445605866
4200.0,-739.5055928824438,3.6594238,41.149837,0.2732108692296574
4200.0,-739.4973290065872,3.6591032,41.124866,0.2728792942689785
4200.0,-739.5041699860902,3.6591432,41.19978,0.2725477195760395
4200.0,-739.4959754605304,3.6587021,41.262188,0.272216145222262
4200.0,-739.5033497060048,3.6588223,41.187275,0.2718845708971156
4200.0,-739.4967666680052,3.6585016,41.149837,0.2715529961885774
4200.0,-739.496693413867,3.6581407,41.187275,0.2712214215128848
4200.0,-739.5038077772467,3.6581407,41.187275,0.2708898469823511
4200.0,-739.4961605182204,3.6580203,41.137371,0.2705582725455976
4200.0,-739.5061024064902,3.6579001,41.099892,0.2702266969862109
4200.0,-739.4977307135741,3.6576195,41.237221,0.2698951218454151
4200.0,-739.5031908183513,3.657419,41.249683,0.2695635475915098
4200.0,-739.4950479992617,3.6575391,41.224712,0.2692319736535863
4200.0,-739.5032767560396,3.6571381,41.174809,0.2689003993611488
4200.0,-739.4953730590516,3.6571782,41.162304,0.2685688252774754
4200.0,-739.5035788203088,3.6568174,41.149837,0.2682372508496
4200.0,-739.4948078029834,3.6565366,41.174809,0.2679056770193755
4200.0,-739.5020907023268,3.6564164,41.162304,0.267574103258734
4200.0,-739.4929936382845,3.656296,41.187275,0.2672425302419425
4200.0,-739.4927517699305,3.6563361,41.174809,0.2669109573335997
4200.0,-739.501329260001,3.655895,41.224712,0.2665793839143694
4200.0,-739.4922782854541,3.6556144,41.19978,0.2662478112183271
4200.0,-739.5011952265851,3.6556544,41.174809,0.2659162378591939
4200.0,-739.4929693220786,3.6552935,41.224712,0.2655846648533053
4200.0,-739.5006101039512,3.6553335,41.19978,0.2652530917565261
4200.0,-739.4946985864317,3.6548924,41.174809,0.264921517975272
4200.0,-739.5034916987931,3.6548924,41.212246,0.2645899435864597
4200.0,-739.4947679348994,3.6544914,41.162304,0.2642583697741111
4200.0,-739.5032785994134,3.6545315,41.174809,0.2639267954808471
4200.0,-739.4939965023626,3.6544113,41.212246,0.2635952220143926
4200.0,-739.5018985995647,3.6542108,41.174809,0.2632636483398851
4200.0,-739.4954124869649,3.6538498,41.19978,0.262932074238533
4200.0,-739.4958428928333,3.6539299,41.187275,0.2626004999441961
4200.0,-739.5026726393698,3.6532884,41.19978,0.2622689259226289
4200.0,-739.4949381728967,3.6533687,41.162304,0.2619373520339493
4200.0,-739.501880777078,3.6530879,41.224712,0.2616057783674329
4200.0,-739.4946765650067,3.6528873,41.149837,0.2612742045960527
4200.0,-739.5027348953929,3.6528873,41.19978,0.2609426305465716
4200.0,-739.4969378710629,3.6526468,41.187275,0.2606110557612696
4200.0,-739.50258783701,3.6522858,41.19978,0.2602794817777256
4200.0,-739.4950585207933,3.6522858,41.287121,0.2599479078350846
4200.0,-739.5023219906988,3.6520853,41.212246,0.2596163339707393
4200.0,-739.4936518139491,3.6517243,41.262188,0.2592847606588358
4200.0,-739.5015121109008,3.6517243,41.249683,0.2589531871576199
4200.0,-739.494352140405,3.6512032,41.224712,0.2586216135317047
4200.0,-739.4941507865781,3.6510427,41.237221,0.2582900399960725
4200.0,-739.5010132431432,3.6510427,41.249683,0.257958466718536
4200.0,-739.493254952932,3.6508021,41.187275,0.2576268935845766
4200.0,-739.5008554417051,3.6506417,41.19978,0.2572953203777943
4200.0,-739.4937637034478,3.6504011,41.237221,0.2569637470157219
4200.0,-739.5009127297457,3.6502407,41.19978,0.2566321737832531
4200.0,-739.4933610197362,3.64992,41.224712,0.2563006006017356
4200.0,-739.5019797526254,3.6498797,41.212246,0.2559690268908411
4200.0,-739.494762050405,3.6497195,41.224712,0.255637453081131
4200.0,-739.5020512856812,3.6495991,41.19978,0.255305879338163
4200.0,-739.4943624554595,3.6491179,41.187275,0.2549743057076228
4200.0,-739.5019369295854,3.6491179,41.149837,0.2546427320159291
4200.0,-739.4943955366072,3.648757,41.187275,0.2543111583705561
4200.0,-739.4941694016428,3.6487169,41.212246,0.2539795848265772
4200.0,-739.5015440079397,3.6484361,41.187275,0.2536480113110595
4200.0,-739.4937731516669,3.6482756,41.137371,0.2533164379447507
4200.0,-739.5014317874401,3.6480751,41.19978,0.2529848644795497
4200.0,-739.4937423896519,3.647634,41.299629,0.252653291127034
4200.0,-739.5004833091747,3.6477945,41.224712,0.2523217180871064
4200.0,-739.4926658445662,3.6475539,41.212246,0.2519901452172907
4200.0,-739.4995075218412,3.6470726,41.224712,0.251658572614881
4200.0,-739.4932016452162,3.6469524,41.262188,0.2513269995048237
4200.0,-739.5017021018048,3.6467519,41.212246,0.2509954259184207
4200.0,-739.4954781605909,3.6463909,41.187275,0.250663851787622
4200.0,-739.5021528124433,3.6466715,41.249683,0.2503322779991319
4200.0,-739.4934692098369,3.6462705,41.262188,0.2500007047691042
4200.0,-739.4946375029815,3.6460299,41.174809,0.2496691310152386
4200.0,-739.5023798277814,3.6456289,41.249683,0.2493375571249607
4200.0,-739.4934442342959,3.6454687,41.262188,0.2490059839061315
4200.0,-739.5017669340083,3.6451879,41.224712,0.2486744102906594
4200.0,-739.4938434148547,3.6451077,41.274654,0.2483428368928461
4200.0,-739.5024683655927,3.6448672,41.287121,0.2480112629628701
4200.0,-739.4947014061023,3.6447468,41.237221,0.2476796891803517
4200.0,-739.5002983593089,3.6445463,41.224712,0.2473481162233508
4200.0,-739.4956508282238,3.6442254,41.237221,0.2470165420151316
4200.0,-739.5003876536647,3.6441052,41.187275,0.2466849690180934
4200.0,-739.4938409856284,3.6436641,41.274654,0.2463533956213693
4200.0,-739.5032328596762,3.6435037,41.237221,0.2460218213486138
4200.0,-739.494990821482,3.6434233,41.299629,0.2456902474363276
4200.0,-739.4927725580181,3.6429822,41.262188,0.2453586745186639
4200.0,-739.5003642652449,3.6429021,41.212246,0.2450271015321125
4200.0,-739.4924504642132,3.6427817,41.262188,0.2446955287588688
4200.0,-739.5010077502657,3.6422606,41.224712,0.2443639554837952
4200.0,-739.4933402308301,3.6423006,41.174809,0.244032382311599
4200.0,-739.501126854768,3.6421001,41.237221,0.243700808983122
4200.0,-739.4953312862218,3.6417391,41.287121,0.2433692349181787
4200.0,-739.5017785060496,3.6415386,41.237221,0.243037661297518
4200.0,-739.4939720639894,3.6414185,41.312096,0.2427060878420212
4200.0,-739.5021624680553,3.6410174,41.187275,0.2423745140492018
4200.0,-739.4933908782862,3.640897,41.212246,0.2420429408542963
4200.0,-739.5036579106245,3.6405761,41.249683,0.2417113663909588
4200.0,-739.495657664068,3.6402154,41.237221,0.2413797921796745
4200.0,-739.4949746106781,3.6401751,41.237221,0.241048218274657
4200.0,-739.5017036523425,3.6398945,41.262188,0.2407166446875588
4200.0,-739.494314396436,3.6399746,41.287121,0.2403850710785673
4200.0,-739.5023524470903,3.6395736,41.249683,0.2400534972005662
4200.0,-739.4931447486055,3.638932,41.249683,0.23972192411602
4200.0,-739.5016428973348,3.6392529,41.262188,0.2393903505561628
4200.0,-739.4947125638453,3.6390924,41.249683,0.2390587767686415
4200.0,-739.5020884560219,3.6384509,41.299629,0.2387272030090072
4200.0,-739.4957322487453,3.6383305,41.262188,0.2383956287642807
4200.0,-739.5022537651976,3.6381702,41.287121,0.238064054930526
4200.0,-739.4940015075389,3.6376488,41.287121,0.2377324814618273
4200.0,-739.5022481008338,3.6377692,41.3246,0.2374009076306124
4200.0,-739.4943810954899,3.6373279,41.249683,0.2370693339917144
4200.0,-739.495433300018,3.6373682,41.212246,0.2367377598810303
4200.0,-739.5016213883051,3.6370072,41.299629,0.2364061863308172
4200.0,-739.4944927158931,3.6364858,41.287121,0.236074612641871
4200.0,-739.502810591797,3.6364458,41.212246,0.2357430385584496
4200.0,-739.4949194350507,3.6361248,41.224712,0.2354114646781716
4200.0,-739.5038536027268,3.6358843,41.224712,0.2350798901270908
4200.0,-739.4957683941028,3.6356437,41.262188,0.2347483158661575
4200.0,-739.5040310080203,3.6353228,41.19978,0.2344167412355327
4200.0,-739.4949789933536,3.6354032,41.237221,0.2340851673285501
4200.0,-739.502223271562,3.6348016,41.262188,0.2337535935084679
4200.0,-739.4954091788296,3.6347616,41.262188,0.2334220194085992
4200.0,-739.5026763138393,3.6344407,41.249683,0.2330904453853845
4200.0,-739.4948931412488,3.6342001,41.274654,0.2327588715168961
4200.0,-739.4939015568763,3.6339195,41.212246,0.2324272980930131
4200.0,-739.5019555943597,3.6338391,41.287121,0.2320957243929506
4200.0,-739.4940557792919,3.6335185,41.299629,0.2317641508999176
4200.0,-739.5018787264064,3.6334381,41.212246,0.2314325772343207
4200.0,-739.4941519949499,3.6330371,41.237221,0.2311010036981466
4200.0,-739.5019611973322,3.632596,41.237221,0.2307694299955718
4200.0,-739.4956757673397,3.6326361,41.299629,0.2304378557761704
4200.0,-739.5028526085656,3.6324356,41.212246,0.2301062816739097
4200.0,-739.4935636062866,3.6320345,41.237221,0.2297747084015567
4200.0,-739.5023887878308,3.6315534,41.274654,0.2294431345072613
4200.0,-739.4953306516475,3.631433,41.237221,0.2291115604426025
4200.0,-739.5019401278637,3.6312325,41.237221,0.2287799867494747
4200.0,-739.4949493302304,3.6309519,41.299629,0.2284484128557924
4200.0,-739.494011651109,3.6307113,41.262188,0.2281168393825455
4200.0,-739.5005216510644,3.6303504,41.249683,0.2277852663254263
4200.0,-739.492692773147,3.6303504,41.312096,0.2274536934435364
4200.0,-739.5009288312316,3.6300294,41.249683,0.2271221202038481
4200.0,-739.4943632363481,3.6296687,41.249683,0.2267905465729579
4200.0,-739.5007612155875,3.6295884,41.337067,0.2264589734084241
4200.0,-739.493520552644,3.6291473,41.287121,0.2261274001553754
4200.0,-739.500089458475,3.6291473,41.312096,0.2257958272920403
4200.0,-739.4925737431021,3.6285858,41.224712,0.225464254463521
4200.0,-739.5003120798384,3.6285057,41.274654,0.2251326815003682
4200.0,-739.4942746505195,3.6279843,41.249683,0.2248011079091979
4200.0,-739.5005196857267,3.6277437,41.262188,0.22446953485296
4200.0,-739.493186447562,3.6275432,41.287121,0.2241379617497169
4200.0,-739.4928616810146,3.6271021,41.299629,0.2238063887920923
4200.0,-739.5008611426989,3.6271822,41.249683,0.2234748155827538
4200.0,-739.4934189294967,3.6268213,41.337067,0.2231432423752707
4200.0,-739.5022678761753,3.6268213,41.237221,0.222811668535189
4200.0,-739.4948433004653,3.62622,41.274654,0.2224800946890482
4200.0,-739.4997249186067,3.6260996,41.3246,0.2221485219891634
4200.0,-739.4929489483776,3.6257386,41.299629,0.22181694899241
4200.0,-739.5004830159293,3.6255782,41.3246,0.2214853759526138
4200.0,-739.4929858621408,3.6251771,41.212246,0.221153802939309
4200.0,-739.5010619370261,3.6250169,41.187275,0.2208222296399395
4200.0,-739.4931937112987,3.6245756,41.337067,0.2204906565334395
4200.0,-739.5020214638703,3.6243351,41.237221,0.2201590828038428
4200.0,-739.4950421031032,3.6241746,41.19978,0.219827508868563
4200.0,-739.5009942486981,3.623934,41.3246,0.2194959355995432
4200.0,-739.4942054980925,3.6235731,41.249683,0.2191643620393794
4200.0,-739.4935886184574,3.6234128,41.262188,0.2188327887558115
4200.0,-739.5012462158858,3.6232524,41.19978,0.218501215373816
4200.0,-739.4940263118001,3.6226909,41.187275,0.2181696418939956
4200.0,-739.5018367460634,3.6223702,41.287121,0.2178380682472216
4200.0,-739.4946425687298,3.6220493,41.249683,0.2175064944910846
4200.0,-739.5027144975444,3.6220493,41.312096,0.2171749204507493
4200.0,-739.4940137750194,3.6214478,41.224712,0.2168433469765502
4200.0,-739.5012160398476,3.6214478,41.287121,0.2165117736080849
4200.0,-739.4948555560769,3.6211269,41.312096,0.2161801997564489
4200.0,-739.5024867129744,3.6207259,41.249683,0.2158486258182464
4200.0,-739.495484447603,3.6208062,41.299629,0.2155170516846287
4200.0,-739.5025607123202,3.6201243,41.212246,0.2151854777132468
4200.0,-739.4943949257706,3.6200442,41.337067,0.2148539040681477
4200.0,-739.495434947742,3.6197233,41.262188,0.2145223299567247
4200.0,-739.5034287957066,3.6194026,41.274654,0.2141907555961165
4200.0,-739.4968086115009,3.6191621,41.224712,0.2138591808687717
4200.0,-739.501869265814,3.6187208,41.287121,0.2135276072074167
4200.0,-739.4943168009015,3.6182797,41.274654,0.2131960335973471
4200.0,-739.5010663807276,3.61832,41.224712,0.2128644602959851
4200.0,-739.4933196375553,3.617919,41.19978,0.2125328871330225
4200.0,-739.5012804568418,3.6176381,41.287121,0.2122013137356743
4200.0,-739.4942968796494,3.6174376,41.224712,0.211869740134537
4200.0,-739.502639374739,3.6170766,41.299629,0.2115381661278848
4200.0,-739.4949963394745,3.6169164,41.212246,0.2112065922131245
4200.0,-739.503153501081,3.6166356,41.274654,0.2108750179759514
4200.0,-739.4939234436512,3.6162345,41.262188,0.2105434445422548
4200.0,-739.4938290590703,3.6162345,41.224712,0.2102118711508784
4200.0,-739.5012662351551,3.6155529,41.262188,0.2098802977599068
4200.0,-739.4931382915414,3.615593,41.3246,0.2095487246782559
4200.0,-739.4999959524765,3.6151519,41.212246,0.2092171518568465
4200.0,-739.493053525641,3.6147108,41.262188,0.2088855788132028
4200.0,-739.4996789345325,3.6143899,41.187275,0.2085540061339361
4200.0,-739.4920523461211,3.6141493,41.212246,0.2082224335392001
4200.0,-739.5007193328565,3.6137483,41.224712,0.2078908603934455
4200.0,-739.493261557129,3.6135478,41.262188,0.2075592872565249
4200.0,-739.5003383252013,3.6134677,41.19978,0.2072277142816044
4200.0,-739.4934464191876,3.6133473,41.237221,0.2068961410617955
4200.0,-739.4999920950612,3.6127858,41.262188,0.2065645682421157
4200.0,-739.4940513481178,3.6125052,41.19978,0.2062329947510695
4200.0,-739.4952208866731,3.6121843,41.224712,0.205901420735627
4200.0,-739.5013630131014,3.6118233,41.249683,0.2055698473012627
4200.0,-739.4931927341648,3.6115427,41.249683,0.2052382741952008
4200.0,-739.5014704477456,3.6112621,41.249683,0.2049067007126656
4200.0,-739.4939304380878,3.6109412,41.3246,0.2045751272758329
4200.0,-739.5008219703905,3.6109412,41.262188,0.2042435540840583
4200.0,-739.4923940681406,3.6105402,41.262188,0.2039119813361014
4200.0,-739.5009492657102,3.6101391,41.3246,0.2035804080872508
4200.0,-739.4936865921377,3.6097782,41.249683,0.2032488347597535
4200.0,-739.5015555677028,3.6095376,41.237221,0.2029172612390526
4200.0,-739.4948641253873,3.6092169,41.174809,0.2025856873835743
4200.0,-739.5034127191864,3.6087756,41.224712,0.2022541130301744
4200.0,-739.4940255182241,3.6086154,41.274654,0.2019225395507098
4200.0,-739.4939168762886,3.6083345,41.299629,0.201590966119958
4200.0,-739.5026821855008,3.6075726,41.174809,0.2012593920941106
4200.0,-739.4959015472617,3.6076128,41.237221,0.2009278177734743
4200.0,-739.5042993331047,3.607372,41.237221,0.2005962430225394
4200.0,-739.495338805548,3.6067705,41.212246,0.2002646689542246
4200.0,-739.5005270586082,3.6066904,41.212246,0.1999330958946808
4200.0,-739.4944837563431,3.6063294,41.224712,0.1996015222097519
4200.0,-739.5016097915026,3.6058483,41.312096,0.1992699486647385
4200.0,-739.495395299641,3.6057279,41.237221,0.1989383745710929
4200.0,-739.5029731661982,3.6054473,41.249683,0.1986068004147772
4200.0,-739.4957044899588,3.6050863,41.262188,0.1982752261824972
4200.0,-739.5022942805414,3.6050863,41.224712,0.1979436523305765
4200.0,-739.4958709688045,3.6046052,41.187275,0.1976120780236509
4200.0,-739.4963117992074,3.6042843,41.287121,0.1972805035190662
4200.0,-739.5043091106805,3.6038432,41.174809,0.1969489287637474
4200.0,-739.4948028342321,3.6036026,41.237221,0.1966173549357507
4200.0,-739.5050149247799,3.6034422,41.237221,0.1962857798639629
4200.0,-739.4989389235058,3.6027205,41.249683,0.1959542041814314
4200.0,-739.5062704369343,3.6027205,41.237221,0.1956226285467041
4200.0,-739.4955722279868,3.6022391,41.274654,0.1952910543737276
4200.0,-739.5037930554262,3.6020787,41.237221,0.1949594798497947
4200.0,-739.4957985696329,3.6015975,41.19978,0.1946279055753313
4200.0,-739.5038277476077,3.6015575,41.237221,0.1942963310358433
4200.0,-739.4958267430106,3.6008356,41.249683,0.1939647567487476
4200.0,-739.503851796597,3.6007154,41.299629,0.1936331821984767
4200.0,-739.4958509978259,3.6003945,41.174809,0.1933016079005056
4200.0,-739.496885234551,3.599833,41.274654,0.1929700331388047
4200.0,-739.5026497997876,3.5997128,41.19978,0.1926384591274783
4200.0,-739.4975118057167,3.599432,41.174809,0.1923068840848361
4200.0,-739.5041971594836,3.5991914,41.249683,0.1919753093797133
4200.0,-739.4966872494314,3.5987904,41.262188,0.1916437347067847
4200.0,-739.5037084356029,3.5985498,41.274654,0.1913121602207931
4200.0,-739.4967560480438,3.5982692,41.224712,0.1909805855170167
4200.0,-739.5051940396144,3.5975873,41.237221,0.1906490103649184
4200.0,-739.4960012415162,3.5974672,41.19978,0.1903174359995813
4200.0,-739.5021518846173,3.5971863,41.237221,0.1899858622115072
4200.0,-739.4964043162859,3.5966249,41.262188,0.1896542876654399
4200.0,-739.5043462687428,3.5963042,41.249683,0.1893227128934603
4200.0,-739.4973769186824,3.5961437,41.224712,0.1889911379112986
4200.0,-739.4970973671362,3.5958228,41.249683,0.188659563054482
4200.0,-739.5046425472984,3.5955822,41.274654,0.1883279881496587
4200.0,-739.4968733816618,3.5949807,41.237221,0.1879964133932724
4200.0,-739.5026244333426,3.5948205,41.187275,0.1876648393933196
4200.0,-739.4947968038327,3.5943792,41.274654,0.1873332655680268
4200.0,-739.5036308720871,3.5939782,41.262188,0.1870016911168127
4200.0,-739.4946118316802,3.5936575,41.249683,0.1866701173744576
4200.0,-739.5022060474352,3.5934169,41.187275,0.1863385435620983
4200.0,-739.4949775038128,3.5931361,41.224712,0.1860069696557835
4200.0,-739.5045033864874,3.5924945,41.162304,0.1856753948133564
4200.0,-739.4956266828884,3.5924945,41.19978,0.1853438206159634
4200.0,-739.5034737913819,3.5918128,41.187275,0.1850122462351803
4200.0,-739.4970968905405,3.5914919,41.262188,0.1846806713785773
4200.0,-739.4954820668752,3.5910909,41.212246,0.1843490972460271
4200.0,-739.5023314631602,3.5908504,41.249683,0.1840175233774346
4200.0,-739.4962767412823,3.59073,41.237221,0.1836859488885692
4200.0,-739.5043344400862,3.5903289,41.187275,0.1833543741218933
4200.0,-739.495580076776,3.5900483,41.187275,0.1830227999453975
4200.0,-739.504525579006,3.5895269,41.249683,0.1826912250930198
4200.0,-739.4958404513287,3.5894468,41.249683,0.1823596507997776
4200.0,-739.5027710042792,3.5889254,41.162304,0.1820280767341062
4200.0,-739.4939341247984,3.5886047,41.249683,0.1816965032956205
4200.0,-739.5005720297272,3.5881636,41.162304,0.1813649302159128
4200.0,-739.4952546752452,3.5878828,41.224712,0.1810333561853202
4200.0,-739.5025389227327,3.5875621,41.224712,0.1807017822237082
4200.0,-739.4950943123363,3.5870807,41.237221,0.1803702082650189
4200.0,-739.4943546547596,3.5870006,41.212246,0.1800386346379765
4200.0,-739.5019351357339,3.58672,41.274654,0.1797070609470871
4200.0,-739.4957208227254,3.5862386,41.187275,0.1793754867074838
4200.0,-739.5024672061171,3.5859179,41.19978,0.1790439127780277
4200.0,-739.4962397415721,3.5853965,41.212246,0.1787123383057521
4200.0,-739.503681776054,3.585196,41.249683,0.178380763831714
4200.0,-739.4956011214764,3.5849555,41.162304,0.1780491896457822
4200.0,-739.5037863781073,3.584394,41.262188,0.1777176151248433
4200.0,-739.4949100234613,3.5842736,41.19978,0.1773860412487852
4200.0,-739.5022956845587,3.5837524,41.212246,0.177054467396235
4200.0,-739.4941324268982,3.5833113,41.19978,0.1767228938688348
4200.0,-739.5013881106528,3.5830305,41.162304,0.1763913204232174
4200.0,-739.49421056425,3.5825894,41.212246,0.1760597468607821
4200.0,-739.4937210156933,3.5825493,41.137371,0.17572817351785
4200.0,-739.5028016923203,3.5818677,41.162304,0.1753965994384188
4200.0,-739.4938767032979,3.5816269,41.212246,0.1750650260256797
4200.0,-739.502586713346,3.5810657,41.19978,0.1747334520426396
4200.0,-739.4958507178848,3.5808249,41.224712,0.1744018777447941
4200.0,-739.5024817687297,3.5807047,41.19978,0.1740703038088084
4200.0,-739.4960416105474,3.5801432,41.174809,0.1737387294253707
4200.0,-739.5028736411994,3.5797422,41.19978,0.1734071553136795
4200.0,-739.495524864519,3.5795016,41.174809,0.1730755811619397
4200.0,-739.50280075283,3.5790606,41.187275,0.1727440070829298
4200.0,-739.4952206789682,3.5787396,41.162304,0.1724124330675804
4200.0,-739.5041906775934,3.5782986,41.224712,0.1720808583653639
4200.0,-739.4960327723463,3.5777371,41.137371,0.171749283985889
4200.0,-739.4946701198114,3.5774965,41.19978,0.1714177102173987
4200.0,-739.5012936277152,3.5771756,41.187275,0.171086136814145
4200.0,-739.4937448192875,3.5769751,41.224712,0.1707545634605399
4200.0,-739.5016782613409,3.5764539,41.174809,0.1704229898848264
4200.0,-739.4939754576623,3.5760128,41.262188,0.1700914164278079
4200.0,-739.502845613854,3.5756118,41.149837,0.1697598423286834
4200.0,-739.4948143087506,3.5756519,41.162304,0.1694282684955418
4200.0,-739.5005978232505,3.5751305,41.237221,0.169096695404269
4200.0,-739.4926453736634,3.5747294,41.19978,0.1687651225436321
4200.0,-739.4996558260567,3.5742083,41.137371,0.1684335498747266
4200.0,-739.4935197224384,3.5740879,41.174809,0.1681019766220501
4200.0,-739.499388063316,3.5734863,41.137371,0.1677704040732026
4200.0,-739.4937738472225,3.5730853,41.187275,0.167438830706582
4200.0,-739.4937089671726,3.5728447,41.162304,0.1671072573690522
4200.0,-739.50026837829,3.5726843,41.224712,0.166775684425494
4200.0,-739.494762063297,3.5720026,41.149837,0.1664441106157782
4200.0,-739.5012182605727,3.5715213,41.1124,0.1661125372463172
4200.0,-739.4932999723019,3.5713208,41.1124,0.1657809640921721
4200.0,-739.5004143879063,3.57092,41.149837,0.165449391083147
4200.0,-739.4940257991885,3.5704386,41.149837,0.1651178176035564
4200.0,-739.500298773495,3.5701981,41.162304,0.1647862446463698
4200.0,-739.4941339411998,3.5698771,41.124866,0.1644546711182906
4200.0,-739.5007115202092,3.569396,41.212246,0.164123097976039
4200.0,-739.4923729254198,3.5688345,41.187275,0.1637915252375621
4200.0,-739.5004003616483,3.5685539,41.187275,0.163459952234826
4200.0,-739.4918468668453,3.5685539,41.174809,0.1631283797322226
4200.0,-739.491369634677,3.5677118,41.174809,0.1627968074436
4200.0,-739.4993099012357,3.5675914,41.1124,0.1624652349297983
4200.0,-739.4915155691558,3.5671504,41.187275,0.1621336625757418
4200.0,-739.5000180715303,3.5666692,41.19978,0.1618020897444148
4200.0,-739.4920003081678,3.5662279,41.149837,0.1614705171730115
4200.0,-739.499946635882,3.5659072,41.212246,0.1611389443737144
4200.0,-739.4928960192372,3.5657067,41.187275,0.1608073714006933
4200.0,-739.4998990282146,3.5652254,41.1124,0.1604757986227422
4200.0,-739.4911414740272,3.5645037,41.162304,0.1601442264364221
4200.0,-739.4986144876285,3.5644636,41.174809,0.159812654234426
4200.0,-739.490077074664,3.5639021,41.137371,0.15948108252536
4200.0,-739.4973931918736,3.5638621,41.1124,0.1591495108709617
4200.0,-739.4905964813614,3.56306,41.1124,0.1588179389290047
4200.0,-739.4984641572979,3.5628195,41.149837,0.1584863667944129
4200.0,-739.4910540722187,3.562258,41.124866,0.1581547946472818
4200.0,-739.4910135327262,3.5620174,41.149837,0.1578232225183278
4200.0,-739.4988521351082,3.5616565,41.087425,0.1574916502097768
4200.0,-739.4913212220436,3.5609746,41.074959,0.1571600779428614
4200.0,-739.499160376358,3.5608144,41.174809,0.1568285054961029
4200.0,-739.490741524858,3.5604134,41.124866,0.1564969334891114
4200.0,-739.4981855180785,3.5600924,41.187275,0.1561653614794544
4200.0,-739.4920161890994,3.5593305,41.174809,0.1558337889009304
4200.0,-739.499910991318,3.5590498,41.137371,0.1555022161176154
4200.0,-739.4935354449823,3.5588093,41.099892,0.1551706428578893
4200.0,-739.5004474442162,3.5584884,41.162304,0.1548390698340426
4200.0,-739.4942829513482,3.5578067,41.049992,0.1545074962391504
4200.0,-739.5009846415852,3.5575662,41.062458,0.1541759229744382
4200.0,-739.4947980246873,3.5572453,41.124866,0.1538443491485981
4200.0,-739.4942053634423,3.5567641,41.174809,0.1535127755884947
4200.0,-739.5004752769514,3.5564432,41.162304,0.1531812025521685
4200.0,-739.4933690027663,3.5560822,41.087425,0.1528496293670715
4200.0,-739.5016759174239,3.5555208,41.062458,0.1525180557924089
4200.0,-739.494701602143,3.5549996,41.1124,0.1521864820098026
4200.0,-739.5011955192165,3.554759,41.000046,0.1518549086505383
4200.0,-739.494904286509,3.5542777,41.162304,0.1515233347770525
4200.0,-739.5021575852019,3.5537164,41.087425,0.1511917609864225
4200.0,-739.4923231458223,3.5534756,41.137371,0.1508601882702657
4200.0,-739.500888852447,3.5529544,41.137371,0.1505286150485028
4200.0,-739.4929706775832,3.5526736,41.124866,0.1501970420420065
4200.0,-739.5001325984983,3.5519118,41.087425,0.1498654691593285
4200.0,-739.4931413557513,3.5517914,41.087425,0.1495338960763036
4200.0,-739.4932387417189,3.5511899,41.137371,0.149202322949613
4200.0,-739.5015212901168,3.5508692,41.137371,0.1488707494442813
4200.0,-739.4919722567527,3.5507088,41.187275,0.1485391768854558
4200.0,-739.5012205197698,3.5501072,41.149837,0.1482076035149818
4200.0,-739.4924537846265,3.5496259,41.087425,0.1478760307402493
4200.0,-739.4992775771185,3.5490646,41.124866,0.1475444582409409
4200.0,-739.4934450526328,3.5487437,41.087425,0.1472128850217448
4200.0,-739.5003765574054,3.5485032,41.124866,0.146881312029682
4200.0,-739.4917071573741,3.5479417,41.087425,0.1465497395897213
4200.0,-739.5009677962423,3.5473802,41.162304,0.1462181663325621
4200.0,-739.4927327631937,3.5470996,41.1124,0.1458865934327415
4200.0,-739.5002808660838,3.5465381,41.1124,0.1455550204835842
4200.0,-739.4926757198594,3.5461771,41.087425,0.1452234476093406
4200.0,-739.4933964566461,3.5457361,41.037483,0.1448918744119339
4200.0,-739.4998296307549,3.5453351,41.149837,0.1445603016650989
4200.0,-739.4917913365849,3.544894,41.049992,0.1442287291873941
4200.0,-739.4993439353033,3.544493,41.074959,0.1438971566583325
4200.0,-739.491777237618,3.5438914,41.087425,0.1435655841869493
4200.0,-739.4999671556944,3.5434504,41.174809,0.1432340113784517
4200.0,-739.4918839267183,3.5430894,41.049992,0.1429024388592314
4200.0,-739.4993888081963,3.5426884,41.074959,0.1425708663100499
4200.0,-739.4938904967444,3.5424078,41.1124,0.1422392928911261
4200.0,-739.501204247821,3.5418863,41.062458,0.1419077195279481
4200.0,-739.4935688189631,3.5415254,41.099892,0.1415761462532578
4200.0,-739.4995090118063,3.5408037,41.049992,0.14124457365018
4200.0,-739.4934177448625,3.5405631,41.025017,0.1409130004432282
4200.0,-739.4924777719834,3.5398412,41.037483,0.1405814276577402
4200.0,-739.500563154807,3.5394802,41.099892,0.1402498545820119
4200.0,-739.4940699885573,3.5389991,41.099892,0.1399182810826077
4200.0,-739.5008089206624,3.5387185,41.087425,0.1395867078966842
4200.0,-739.4928522817032,3.5383976,41.137371,0.1392551349432741
4200.0,-739.4989173825211,3.5379164,41.074959,0.1389235626054678
4200.0,-739.4922469981401,3.5374351,41.049992,0.1385919899234539
4200.0,-739.4991044072057,3.5367935,41.087425,0.1382604175017905
4200.0,-739.4923558125832,3.5364726,41.074959,0.1379288447709866
4200.0,-739.5009289892116,3.5361118,41.037483,0.1375972715312275
4200.0,-739.4918209268579,3.5356708,41.025017,0.1372656990402551
4200.0,-739.4998407270142,3.5350692,41.087425,0.1369341262884447
4200.0,-739.4933244106751,3.5345078,41.025017,0.136602553123342
4200.0,-739.494757045638,3.5343072,41.074959,0.1362709793158759
4200.0,-739.5026767654741,3.5337057,41.099892,0.1359394052924588
4200.0,-739.4953666740191,3.5331442,41.049992,0.1356078312116483
4200.0,-739.5019022496823,3.5330238,41.087425,0.1352762575355041
4200.0,-739.4938273867903,3.5322621,41.087425,0.1349446841448775
4200.0,-739.5012796141449,3.5317407,41.087425,0.1346131107479071
4200.0,-739.4948790304129,3.53142,41.049992,0.1342815368857457
4200.0,-739.501708461731,3.5309386,41.137371,0.1339499632964911
4200.0,-739.4942646528543,3.5304174,41.074959,0.1336183897098036
4200.0,-739.5021248947836,3.5301366,41.062458,0.1332868159338311
4200.0,-739.4939165713819,3.5296555,41.074959,0.132955242503216
4200.0,-739.5014459233836,3.529094,41.037483,0.1326236690316768
4200.0,-739.4938485293063,3.5284524,41.01255,0.1322920956315703
4200.0,-739.4941763481947,3.5280514,41.074959,0.1319605220844767
4200.0,-739.5007172451456,3.5276904,41.099892,0.1316289489396582
4200.0,-739.4914540950567,3.5272493,41.087425,0.1312973766131653
4200.0,-739.5000892391038,3.5265677,41.049992,0.1309658037499286
4200.0,-739.4928639516486,3.5262468,41.074959,0.1306342307912859
4200.0,-739.4997995159032,3.5256853,41.062458,0.1303026580579536
4200.0,-739.4943438393716,3.5252442,41.025017,0.1299710844357605
4200.0,-739.5006674404908,3.5247228,41.049992,0.1296395113132731
4200.0,-739.4932423187449,3.5244021,41.037483,0.1293079381849786
4200.0,-739.5018927892944,3.5236802,41.062458,0.1289763645130763
4200.0,-739.4949666028872,3.523159,41.087425,0.1286447906116492
4200.0,-739.5020878095722,3.5227981,41.049992,0.1283132168523048
4200.0,-739.495309655241,3.5221965,41.074959,0.1279816427970603
4200.0,-739.4960518275817,3.5218756,41.025017,0.1276500684090414
4200.0,-739.5020350867878,3.5213544,41.037483,0.1273184946733365
4200.0,-739.4942886643581,3.520793,41.037483,0.1269869210758828
4200.0,-739.500426472155,3.520472,41.049992,0.1266553480614394
4200.0,-739.4959947723786,3.5199108,41.124866,0.1263237736990029
4200.0,-739.5014689827464,3.5194697,41.01255,0.1259922002171245
4200.0,-739.4938570986166,3.5193493,41.049992,0.1256606268131757
4200.0,-739.4999656913091,3.5181863,41.037483,0.1253290540053346
4200.0,-739.4926108398093,3.5178657,41.062458,0.1249974811601819
4200.0,-739.5011066030306,3.5174646,41.062458,0.1246659078407853
4200.0,-739.4918010538996,3.5169032,41.099892,0.1243343353587234
4200.0,-739.5000366505616,3.5163817,41.049992,0.1240027625190661
4200.0,-739.4918852940917,3.5159407,41.025017,0.1236711899992327
4200.0,-739.4924973269383,3.5157001,41.037483,0.1233396172049767
4200.0,-739.501826260442,3.514858,41.037483,0.1230080435629042
4200.0,-739.4928303214642,3.5143366,40.987579,0.1226764706193405
4200.0,-739.5004110670502,3.5140159,41.025017,0.1223448976118044
4200.0,-739.4929526962742,3.5131736,41.01255,0.1220133246133705
4200.0,-739.5008384375635,3.5128529,41.037483,0.1216817514142124
4200.0,-739.4927699577166,3.5124519,41.01255,0.1213501784977146
4200.0,-739.5004748856846,3.5118103,41.025017,0.1210186054615638
4200.0,-739.4931750460983,3.5114093,41.025017,0.1206870323634329
4200.0,-739.5008981057418,3.5107274,40.987579,0.1203554591375211
4200.0,-739.4946538721731,3.5100858,41.000046,0.1200238853763159
4200.0,-739.501010765598,3.5097651,41.049992,0.1196923120998904
4200.0,-739.4938759835954,3.5091636,40.987579,0.1193607386874739
4200.0,-739.4935404368573,3.5086021,40.975075,0.1190291654255095
4200.0,-739.5013900884734,3.5080807,41.087425,0.1186975919790053
4200.0,-739.4934763024985,3.5078001,41.087425,0.1183660187457974
4200.0,-739.5000853448537,3.5071185,41.037483,0.1180344458843068
4200.0,-739.4931967018399,3.5065169,41.000046,0.1177028727764659
4200.0,-739.5008052343239,3.506156,41.025017,0.1173712995921953
4200.0,-739.4936300360401,3.5055144,40.975075,0.1170397262900566
4200.0,-739.5014238049437,3.5050731,40.987579,0.1167081528284347
4200.0,-739.4927239008455,3.5044315,41.037483,0.1163765799325878
4200.0,-739.5002136905772,3.5039103,40.987579,0.1160450070135503
4200.0,-739.493197409469,3.5033488,40.987579,0.1157134339053921
4200.0,-739.5013860350155,3.5029478,41.025017,0.1153818604607054
4200.0,-739.4939579290066,3.5022259,41.037483,0.1150502870115463
4200.0,-739.4949728528604,3.5016243,41.124866,0.1147187131073169
4200.0,-739.5020677653372,3.5011032,41.037483,0.1143871393569598
4200.0,-739.4943463911745,3.5005016,41.000046,0.1140555657336226
4200.0,-739.5021428267513,3.5001407,40.987579,0.1137239919496098
4200.0,-739.4954022940776,3.4993386,41.025017,0.1133924178528281
4200.0,-739.5036489020761,3.499018,40.950142,0.1130608433935298
4200.0,-739.496857890765,3.4985766,41.037483,0.1127292686440893
4200.0,-739.5035182738268,3.4976945,40.987579,0.1123976942433613
4200.0,-739.4951097420471,3.4972534,40.962608,0.1120661202777537
4200.0,-739.5012516962805,3.4969325,41.025017,0.111734546893301
4200.0,-739.4946041654258,3.4962108,41.049992,0.1114029731543833
4200.0,-739.5018288241397,3.4956894,41.01255,0.1110713995111612
4200.0,-739.4935084552154,3.4949274,41.037483,0.1107398262635367
4200.0,-739.4936035844644,3.4943662,41.01255,0.1104082529732583
4200.0,-739.5015938492246,3.4937646,40.975075,0.110076679435393
4200.0,-739.4951723027599,3.4933636,41.01255,0.1097451054417345
4200.0,-739.5010206156155,3.4928422,40.962608,0.1094135321608924
4200.0,-739.4944354046911,3.4922407,40.987579,0.1090819584976434
4200.0,-739.5008603976141,3.4912782,40.925171,0.108750385288639
4200.0,-739.4928364007716,3.490797,40.925171,0.1084188123423495
4200.0,-739.5018895175514,3.490396,41.01255,0.1080872386719141
4200.0,-739.4934792197802,3.4898746,40.950142,0.1077556654373982
4200.0,-739.5017222432426,3.489233,40.987579,0.1074240918419643
4200.0,-739.4939869933668,3.4886715,40.950142,0.1070925183797734
4200.0,-739.5041309967277,3.4880702,40.912663,0.1067609437043163
4200.0,-739.4936896557336,3.4873483,40.912663,0.1064293703754453
4200.0,-739.4950560801075,3.4867868,41.000046,0.1060977964338986
4200.0,-739.5021121503745,3.4863858,41.000046,0.1057662226636403
4200.0,-739.4954841789167,3.4857042,40.987579,0.1054346485301431
4200.0,-739.5025963937189,3.4851828,40.975075,0.1051030745427626
4200.0,-739.4962113846365,3.4845412,40.950142,0.1047715000832017
4200.0,-739.5034738036602,3.483659,40.987579,0.1044399257024131
4200.0,-739.4961208453587,3.4832981,40.975075,0.1041083512834481
4200.0,-739.5034265618845,3.4825761,41.000046,0.1037767769238415
4200.0,-739.4946739653191,3.4821351,40.912663,0.103445203153627
4200.0,-739.5027675614593,3.4815335,41.01255,0.1031136290894992
4200.0,-739.4942706347551,3.4806914,41.000046,0.1027820555001295
4200.0,-739.502238957634,3.4802103,40.937637,0.1024504816730142
4200.0,-739.4961465168645,3.4794483,41.01255,0.1021189072425386
4200.0,-739.4964869326965,3.4787667,40.937637,0.1017873326594279
4200.0,-739.5035552616307,3.4780848,40.950142,0.1014557582421156
4200.0,-739.4944651889584,3.4775636,40.975075,0.1011241845655119
4200.0,-739.5019792641559,3.4769621,40.962608,0.1007926108548365
4200.0,-739.4936487745,3.4763606,41.000046,0.1004610375442958
4200.0,-739.5017490990388,3.4755185,40.950142,0.1001294639368204
4200.0,-739.4936855544317,3.4750371,40.887695,0.0997978906097884
4200.0,-739.5017306542497,3.4744756,40.975075,0.0994663170105833
4200.0,-739.4937027536245,3.4737139,40.937637,0.0991347436758395
4200.0,-739.5019162996781,3.4729118,40.962608,0.0988031699933957
4200.0,-739.4944912390397,3.472671,41.025017,0.0984715963051117
4200.0,-739.5019275179013,3.4715884,40.987579,0.0981400226176379
4200.0,-739.4945347817608,3.4709868,40.975075,0.0978084489098303
4200.0,-739.502036576139,3.4703453,41.000046,0.0974768751734576
4200.0,-739.4960310145285,3.4696233,40.937637,0.0971453007947709
4200.0,-739.4976417125404,3.4688616,41.000046,0.0968137256938813
4200.0,-739.5046198055329,3.4684205,40.937637,0.0964821507992548
4200.0,-739.4946162016684,3.4679391,40.937637,0.0961505770549402
4200.0,-739.5023521053457,3.4670169,40.987579,0.0958190031770924
4200.0,-739.4958214454105,3.4663751,40.975075,0.095487428892372
4200.0,-739.5026913651261,3.4653325,40.937637,0.0951558548624087
4200.0,-739.4959427945879,3.464771,40.950142,0.094824280523278
4200.0,-739.5020269692308,3.4642098,41.000046,0.0944927067912128
4200.0,-739.4955813704807,3.4634478,40.937637,0.0941611326141369
4200.0,-739.5033788572189,3.4627662,40.987579,0.0938295582759198
4200.0,-739.4940329029004,3.4620442,40.975075,0.0934979847931441
4200.0,-739.5032552594927,3.4613223,40.937637,0.0931664105103451
4200.0,-739.4926659792163,3.4604001,40.987579,0.092834837640469
4200.0,-739.4925492678946,3.4597986,41.01255,0.0925032648229238
4200.0,-739.5002711977844,3.4589565,40.962608,0.0921716918781015
4200.0,-739.4950056653217,3.4584351,40.912663,0.0918401179591597
4200.0,-739.5011035146428,3.4577134,40.962608,0.0915085446411478
4200.0,-739.4941085017505,3.4567509,40.875229,0.0911769711244751
4200.0,-739.5024293641565,3.4560289,41.01255,0.0908453972119864
4200.0,-739.4948069353294,3.4554274,40.925171,0.0905138233821509
4200.0,-739.5032852527897,3.4545853,40.950142,0.0901822490859036
4200.0,-739.4948486592514,3.4539037,40.900196,0.08985067523736
4200.0,-739.5020171666891,3.4531417,40.950142,0.08951910150969
4200.0,-739.4941590872021,3.4522996,40.937637,0.0891875279703359
4200.0,-739.5028685266964,3.4516981,40.887695,0.0888559538609379
4200.0,-739.4931849459477,3.450896,41.000046,0.0885243807583682
4200.0,-739.4944359048199,3.4500539,40.937637,0.0881928070948949
4200.0,-739.5020068889795,3.4492519,40.962608,0.0878612333718332
4200.0,-739.4948065203289,3.4484098,41.01255,0.0875296595421838
4200.0,-739.5013496341115,3.4474072,40.887695,0.0871980861138182
4200.0,-739.492027737082,3.4467254,40.975075,0.0868665135301165
4200.0,-739.4990781374911,3.4460037,40.937637,0.0865349411202317
4200.0,-739.4923944964423,3.4453218,40.937637,0.0862033683720828
4200.0,-739.5017452289359,3.4443996,40.900196,0.0858717947663427
4200.0,-739.4944449255559,3.4436376,40.925171,0.0855402210988247
4200.0,-739.5027946615926,3.4429159,40.925171,0.085208647022546
4200.0,-739.4951139775898,3.4419935,40.950142,0.0848770730550392
4200.0,-739.5025782546583,3.4409909,41.01255,0.0845454990757918
4200.0,-739.4941793743424,3.4402289,40.937637,0.0842139255273414
4200.0,-739.4947246121613,3.4395874,40.900196,0.0838823517344178
4200.0,-739.5018733798446,3.4385848,40.975075,0.0835507780712182
4200.0,-739.4943664953709,3.4376223,40.950142,0.0832192044388666
4200.0,-739.5011858881611,3.4369006,40.962608,0.0828876310839206
4200.0,-739.4939730409186,3.4361386,40.850254,0.0825560576279857
4200.0,-739.502881758961,3.4352164,40.987579,0.0822244835126547
4200.0,-739.4943294354979,3.434334,40.925171,0.0818929098969201
4200.0,-739.5019642003863,3.4334118,41.000046,0.0815613361929988
4200.0,-739.4936765942679,3.4326899,40.925171,0.0812297628699843
4200.0,-739.5010451401822,3.4317677,41.025017,0.0808981895781461
4200.0,-739.4921799952028,3.4306047,40.975075,0.080566616926175
4200.0,-739.4977736132427,3.4297223,40.925171,0.0802350451012055
4200.0,-739.4913524841875,3.4291611,40.912663,0.0799034728202728
4200.0,-739.4942338548235,3.4279981,40.950142,0.0795718992473945
4200.0,-739.5023722105628,3.4271159,40.850254,0.0792403253605319
4200.0,-739.4927896231746,3.4261134,40.962608,0.0789087524352165
4200.0,-739.4995318755357,3.4253113,40.975075,0.0785771798218873
4200.0,-739.4920852314327,3.4242284,40.900196,0.0782456072124062
4200.0,-739.5022499933207,3.4232662,40.975075,0.0779140333803428
4200.0,-739.4940065000277,3.4223838,40.962608,0.0775824599094055
4200.0,-739.5006692101952,3.4215016,40.962608,0.0772508867861246
4200.0,-739.4936519606727,3.420419,40.875229,0.0769193134741553
4200.0,-739.5017414578775,3.4195366,41.037483,0.0765877398701061
4200.0,-739.4944966708806,3.4183736,40.937637,0.0762561661793866
4200.0,-739.5000832698303,3.4175315,40.912663,0.0759245933188264
4200.0,-739.495019654195,3.4167295,40.937637,0.0755930193936122
4200.0,-739.4949592421533,3.4156868,40.950142,0.0752614454954856
4200.0,-739.5031094336409,3.4146042,40.962608,0.0749298712780711
4200.0,-739.4961058922437,3.4134812,40.937637,0.0745982968658108
4200.0,-739.5018359037757,3.4127195,40.962608,0.0742667232194144
4200.0,-739.4942324514342,3.411757,40.937637,0.0739351496471654
4200.0,-739.5025132630421,3.410634,40.987579,0.0736035756970585
4200.0,-739.4954832511,3.4095113,40.975075,0.0732720015639773
4200.0,-739.5020538127487,3.4085488,40.987579,0.0729404278198762
4200.0,-739.4948188496093,3.4071853,40.937637,0.0726088539846985
4200.0,-739.5012376949884,3.4061828,40.937637,0.0722772806065237
4200.0,-739.494070428114,3.4053006,40.900196,0.0719457071069224
4200.0,-739.5018133326778,3.4043381,40.975075,0.0716141334706464
4200.0,-739.4951982181911,3.403055,40.925171,0.0712825594653679
4200.0,-739.4962794995622,3.4021726,41.01255,0.0709509849752658
4200.0,-739.5044422048107,3.4010899,40.987579,0.0706194101602709
4200.0,-739.4965122501832,3.3998468,40.887695,0.0702878355658083
4200.0,-739.5031471290811,3.3986838,40.987579,0.0699562613314922
4200.0,-739.4970356239417,3.3977213,40.962608,0.0696246865023598
4200.0,-739.503805946151,3.3965986,40.975075,0.069293111972647
4200.0,-739.4962366775669,3.3956361,40.962608,0.0689615375017453
4200.0,-739.5046664612271,3.3943529,40.912663,0.0686299625861997
4200.0,-739.4975738055241,3.3930295,40.975075,0.0682983875157581
4200.0,-739.5058406003354,3.3920269,40.975075,0.0679668120737586
4200.0,-739.4984253763372,3.3909442,41.025017,0.0676352366214907
4200.0,-739.5035052732115,3.3897011,40.912663,0.0673036622265919
4200.0,-739.4961500325,3.388458,40.887695,0.06697208779454
4200.0,-739.4981616324633,3.3872149,40.950142,0.0666405124605293
4200.0,-739.5049195260899,3.3862925,40.950142,0.0663089374315158
4200.0,-739.4971021889593,3.3849289,40.962608,0.0659773625725372
4200.0,-739.5057318474169,3.3838463,40.950142,0.0656457871792996
4200.0,-739.4970553880339,3.3826833,40.950142,0.0653142123413055
4200.0,-739.5023684501456,3.3814802,40.925171,0.064982638456129
4200.0,-739.4965357239053,3.3802371,40.925171,0.0646510638511413
4200.0,-739.5038826192896,3.3789139,40.925171,0.0643194892870502
4200.0,-739.496631829674,3.3777509,40.912663,0.0639879146389707
4200.0,-739.5046943295691,3.3766279,40.900196,0.0636563397109296
4200.0,-739.497480434093,3.3752244,40.987579,0.0633247646823538
4200.0,-739.5026813186566,3.3741016,40.937637,0.0629931906568951
4200.0,-739.4967553279321,3.3727782,41.000046,0.0626616159534416
4200.0,-739.4969586466677,3.3716154,40.987579,0.0623300411588242
4200.0,-739.503379332387,3.3701315,40.912663,0.0619984668203941
4200.0,-739.4959257906174,3.3687279,40.912663,0.0616668924888875
4200.0,-739.5026282909625,3.3674848,40.925171,0.0613353184872051
4200.0,-739.4967236990816,3.3664021,40.950142,0.0610037437979333
4200.0,-739.5030673073913,3.3652391,40.950142,0.0606721695994071
4200.0,-739.4946336947174,3.3638356,40.900196,0.0603405958472491
4200.0,-739.5021258954606,3.3624721,40.887695,0.0600090220708279
4200.0,-739.4964793886093,3.3611889,41.037483,0.0596774474910997
4200.0,-739.5042828896696,3.3596249,40.962608,0.0593458727475377
4200.0,-739.4958977019587,3.3583817,40.937637,0.0590142984286255
4200.0,-739.5046276546057,3.3570986,40.950142,0.0586827235304797
4200.0,-739.4974586817635,3.3557351,40.912663,0.0583511485116572
4200.0,-739.4974400407101,3.3544118,40.937637,0.0580195735011929
4200.0,-739.5046526432901,3.3528879,40.950142,0.0576879985918429
4200.0,-739.4974593275927,3.3514442,40.950142,0.0573564235727308
4200.0,-739.5038312147794,3.350121,40.925171,0.0570248490316882
4200.0,-739.4960383879499,3.3489981,40.950142,0.0566932746496954
4200.0,-739.503626551168,3.3473139,40.962608,0.0563617002004187
4200.0,-739.4966953664975,3.3459103,40.975075,0.0560301255238506
4200.0,-739.5045401299543,3.3448274,40.950142,0.0556985506649486
4200.0,-739.4970313761208,3.3432636,40.975075,0.0553669758377209
4200.0,-739.5043818285869,3.3417397,40.900196,0.0550354010497972
4200.0,-739.496898991777,3.340296,41.000046,0.0547038262819278
4200.0,-739.5038708751481,3.3388925,40.950142,0.0543722517231025
4200.0,-739.4981521840394,3.3372083,40.975075,0.0540406763933283
4200.0,-739.4961838333502,3.3358448,41.000046,0.0537091019461208
4200.0,-739.5047398020498,3.3342407,40.950142,0.053377526997691
4200.0,-739.4970394199275,3.333118,40.987579,0.0530459521668566
4200.0,-739.503346348928,3.3314736,40.975075,0.0527143778432154
4200.0,-739.4960759242139,3.3301504,41.025017,0.0523828034443922
4200.0,-739.5042316443675,3.3287468,40.900196,0.0520512287238072
4200.0,-739.4968876517039,3.3269022,40.950142,0.0517196539610225
4200.0,-739.5039515399441,3.3253381,40.925171,0.0513880793660292
4200.0,-739.4956636330768,3.3238144,40.962608,0.0510565051520685
4200.0,-739.5043043258484,3.3222904,40.950142,0.0507249303988951
4200.0,-739.4959655230281,3.3208468,40.987579,0.0503933560495733
4200.0,-739.5033654293208,3.3192427,40.962608,0.050061781717377
4200.0,-739.4958018896369,3.3178792,41.01255,0.049730207441425
4200.0,-739.4958509129023,3.3160346,40.912663,0.0493986331434921
4200.0,-739.5020455605402,3.3144708,40.987579,0.049067059403091
4200.0,-739.4927244996086,3.3129468,41.01255,0.0487354865069756
4200.0,-739.5021245035169,3.3111022,40.900196,0.0484039127311786
4200.0,-739.4956692728273,3.3096185,40.987579,0.0480723385146892
4200.0,-739.5027373500188,3.307934,41.01255,0.0477407644641074
4200.0,-739.4953515494198,3.3062899,41.037483,0.0474091903900785
4200.0,-739.5026850655678,3.3048062,40.937637,0.0470776163629398
4200.0,-739.4964381414876,3.3031218,40.937637,0.046746041801706
4200.0,-739.5040022241304,3.301518,40.912663,0.0464144671839871
4200.0,-739.4950201068483,3.2998736,40.987579,0.04608289325857
4200.0,-739.5029110196562,3.2980289,40.987579,0.0457513191301193
4200.0,-739.4954793924957,3.2963047,40.875229,0.0454197449987683
4200.0,-739.4940745789377,3.2947807,40.975075,0.0450881714973059
4200.0,-739.5014971936515,3.2930164,41.049992,0.0447565980027784
4200.0,-739.4948319843345,3.2911716,41.000046,0.0444250241617115
4200.0,-739.5024821724793,3.2895274,41.025017,0.0440934502255448
4200.0,-739.493521271528,3.2876027,40.900196,0.0437618769721738
4200.0,-739.5010887078977,3.285758,40.962608,0.0434303036608009
4200.0,-739.4951085457487,3.284234,40.962608,0.0430987296957297
4200.0,-739.5032688953024,3.2824697,40.925171,0.0427671554068167
4200.0,-739.494331461388,3.2806652,40.950142,0.0424355817901737
4200.0,-739.5026746049123,3.2788205,41.000046,0.0421040077677252
4200.0,-739.4938288879952,3.2768955,40.937637,0.0417724343764255
4200.0,-739.5015592794164,3.2751713,40.937637,0.0414408608540604
4200.0,-739.4935870929007,3.2731662,40.962608,0.0411092875711764
4200.0,-739.4930861549537,3.2712812,40.987579,0.0407777145129024
4200.0,-739.5007778288716,3.2697575,40.987579,0.0404461413409197
4200.0,-739.4938854803132,3.2677124,41.037483,0.0401145679242452
4200.0,-739.5024837592379,3.2659078,40.950142,0.039782993987367
4200.0,-739.4954362664122,3.2639027,40.987579,0.0394514198753528
4200.0,-739.5027724441081,3.262058,40.975075,0.0391198458090358
4200.0,-739.4964287298982,3.2600129,40.937637,0.0387882712520219
4200.0,-739.502768892421,3.2581279,41.000046,0.0384566971872974
4200.0,-739.49455995191,3.2561631,41.01255,0.038125123468204
4200.0,-739.503491613664,3.254158,40.987579,0.0377935490794299
4200.0,-739.4957585912505,3.2519925,40.925171,0.037461974822892
4200.0,-739.5031430027722,3.2500274,40.975075,0.037130400590426
4200.0,-739.4950289319529,3.2481427,40.912663,0.0367988266610519
4200.0,-739.4963151806021,3.2461376,41.037483,0.0364672521549511
4200.0,-739.5041739051014,3.2441726,40.975075,0.036135677460255
4200.0,-739.496194941776,3.2421274,40.975075,0.0358041030080667
4200.0,-739.5025205145737,3.2397616,40.975075,0.0354725290547085
4200.0,-739.4966525575988,3.237957,40.962608,0.035140954397335
4200.0,-739.5045491872064,3.2357914,41.01255,0.034809379534372
4200.0,-739.4970216596247,3.2335858,40.987579,0.0344778047115009
4200.0,-739.5029927452925,3.231621,40.975075,0.0341462305464065
4200.0,-739.4950976329543,3.2294555,41.049992,0.0338146565862284
4200.0,-739.5023374324336,3.2271698,41.01255,0.0334830827149594
4200.0,-739.4945736240076,3.2249641,41.01255,0.0331515089897358
4200.0,-739.5030784519452,3.222959,40.975075,0.0328199347862127
4200.0,-739.4961617752955,3.2208335,41.037483,0.0324883603488956
4200.0,-739.504227225427,3.2183073,41.025017,0.032156785630292
4200.0,-739.4978557013729,3.2161016,40.962608,0.0318252104334543
4200.0,-739.4972241729156,3.2138159,40.987579,0.0314936355197806
4200.0,-739.5035390993675,3.2116904,40.962608,0.0311620611097151
4200.0,-739.4958625329165,3.2094047,40.950142,0.0308304868065719
4200.0,-739.5035167726066,3.2067981,40.975075,0.0304989124065171
4200.0,-739.4963156324369,3.2046325,40.975075,0.0301673379002138
4200.0,-739.5037180916241,3.2023468,41.025017,0.0298357634098927
4200.0,-739.4977762095397,3.1998205,40.962608,0.0295041882486974
4200.0,-739.5042253697749,3.1974945,40.950142,0.0291726135309258
4200.0,-739.4956886575256,3.1951284,41.000046,0.0288410393057447
4200.0,-739.5032420280465,3.1925621,40.975075,0.0285094650288784
4200.0,-739.4937088439821,3.1901159,41.025017,0.0281778916914038
4200.0,-739.4831120470244,3.1874692,41.037483,0.0278463264403043
4200.0,-739.4740972786961,3.1851032,41.025017,0.0275147618962408
4200.0,-739.4746186384334,3.1825767,41.01255,0.0271831971184106
4200.0,-739.4827778904921,3.1800103,40.975075,0.0268516320171384
4200.0,-739.4764097188313,3.1774037,41.037483,0.0265200664362256
4200.0,-739.483826260262,3.1749575,40.975075,0.0261885008648912
4200.0,-739.4763678848154,3.1719499,41.087425,0.025856935302736
4200.0,-739.4836568258006,3.1694636,40.975075,0.0255253698073717
4200.0,-739.4759144329129,3.166857,41.01255,0.0251938044485347
4200.0,-739.4825962727374,3.1642504,41.01255,0.0248622394286951
4200.0,-739.4754097726487,3.1615233,41.062458,0.0245306742961371
4200.0,-739.4799507144694,3.158596,41.01255,0.024199110462498
4200.0,-739.4726278883577,3.1558692,41.037483,0.0238675465772781
4200.0,-739.4801943553699,3.1528215,41.037483,0.0235359826343967
4200.0,-739.4753480664931,3.1501346,41.062458,0.0232044175295064
4200.0,-739.4741147946644,3.1472073,41.049992,0.0228728529775891
4200.0,-739.4824680379272,3.1442397,40.962608,0.0225412880152467
4200.0,-739.4742324092465,3.1413524,40.987579,0.0222097234105935
4200.0,-739.481129614672,3.1383848,40.987579,0.0218781590483659
4200.0,-739.4739985114398,3.135217,41.025017,0.0215465945485875
4200.0,-739.48208641902,3.1323295,41.025017,0.0212150297573533
4200.0,-739.4756407654519,3.1292818,41.037483,0.020883464521223
4200.0,-739.4839426306039,3.1261539,41.062458,0.0205518988977112
4200.0,-739.4753340645233,3.1231863,40.975075,0.020220333799099
4200.0,-739.4804252772362,3.119858,41.025017,0.0198887697526782
4200.0,-739.4726612864855,3.1164494,41.01255,0.0195572058524832
4200.0,-739.4803628742835,3.1131611,41.062458,0.0192256418340423
4200.0,-739.4723852747218,3.109993,41.025017,0.0188940780576051
4200.0,-739.4716570556478,3.1065843,41.000046,0.018562514607686
4200.0,-739.4793828886087,3.1031356,40.987579,0.0182309510286455
4200.0,-739.4721724216154,3.0996869,41.01255,0.0178993873476472
4200.0,-739.4803169393223,3.0964386,41.049992,0.0175678233498023
4200.0,-739.4735358177952,3.0927093,41.025017,0.0172362590574859
4200.0,-739.4795848563268,3.08902,41.01255,0.0169046953878883
4200.0,-739.4731572309204,3.0853708,41.049992,0.0165731312653223
4200.0,-739.4807895739954,3.0817215,41.062458,0.0162415670555601
4200.0,-739.4731979901914,3.078032,40.950142,0.0159100029147186
4200.0,-739.4801620071054,3.0742626,41.087425,0.0155784389863413
4200.0,-739.4719959944216,3.0705731,41.049992,0.0152468753844492
4200.0,-739.4810757201338,3.0664427,41.01255,0.0149153110463865
4200.0,-739.4731074513229,3.062192,41.074959,0.0145837469461406
4200.0,-739.4723364831037,3.0581017,41.049992,0.0142521831915806
4200.0,-739.4795758346817,3.0544124,41.000046,0.013920619526028
4200.0,-739.472630585861,3.0502417,41.087425,0.0135890556395985
4200.0,-739.4804278904561,3.0458708,41.037483,0.013257491592006
4200.0,-739.4731405191692,3.0417402,41.062458,0.0129259274769332
4200.0,-739.4800069279588,3.0371284,41.037483,0.0125943636180894
4200.0,-739.4728331363956,3.032517,41.074959,0.0122627996408406
4200.0,-739.4803764855367,3.0280254,40.987579,0.0119312356162967
4200.0,-739.4736434232526,3.023454,41.074959,0.0115996712757324
4200.0,-739.4797239794847,3.0184412,41.074959,0.0112681075437555
4200.0,-739.472984282937,3.0139899,41.099892,0.0109365434987357
4200.0,-739.478738915937,3.0091376,41.049992,0.010604980208436
4200.0,-739.4730824023178,3.0037642,40.962608,0.0102734161194216
4200.0,-739.4633354020003,2.9986713,41.037483,0.0099418564007559
4200.0,-739.455939048123,2.993418,41.099892,0.0096103033333319
4200.0,-739.4483411360633,2.9880443,41.099892,0.0092787503377779
4200.0,-739.4569554359294,2.9823499,41.037483,0.0089471968146317
4200.0,-739.4483378021439,2.9765751,41.062458,0.0086156438205726
4200.0,-739.455579305365,2.9706001,41.124866,0.0082840909144479
4200.0,-739.4483103863263,2.9647052,41.025017,0.0079525379326815
4200.0,-739.4580558077507,2.9585698,41.049992,0.0076209839161568
4200.0,-739.449461735663,2.952033,41.074959,0.0072894304181497
4200.0,-739.4581181378526,2.9455366,41.062458,0.0069578763736777
4200.0,-739.4507697493291,2.9390001,40.987579,0.0066263222891849
4200.0,-739.4585103884922,2.9315012,41.062458,0.0062947680688378
4200.0,-739.4520517747137,2.9241626,41.137371,0.005963213409512
4200.0,-739.4524780178896,2.9169042,41.087425,0.0056316585590677
4200.0,-739.4584725215658,2.9087636,41.049992,0.0053001043556992
4200.0,-739.4501215226264,2.9007032,41.037483,0.0049685505618576
4200.0,-739.4544797754221,2.8923621,41.074959,0.0046369981487339
4200.0,-739.45065286816,2.8830986,41.049992,0.0043054441166482
4200.0,-739.450470195395,2.8742762,41.01255,0.0039738935013174
4200.0,-739.4214998534549,2.8643713,41.037483,0.0036423525408268
4200.0,-739.4187244301454,2.8540249,41.025017,0.0033108161594825
4200.0,-739.403428245374,2.8431175,41.062458,0.0029792833019187
4200.0,-739.4094987209179,2.8313677,41.074959,0.0026477510571456
4200.0,-739.4020859782045,2.819217,41.025017,0.0023162188014261
4200.0,-739.4077312438019,2.8057828,41.037483,0.0019846873491444
4200.0,-739.4008049301583,2.7916269,41.074959,0.0016531556678197
4200.0,-739.4011757769052,2.7761478,41.049992,0.0013216238202152
4200.0,-739.4105725308024,2.7595859,41.074959,0.0009900910939733
4200.0,-739.4045766172663,2.7411392,41.099892,0.0006585577215039
4200.0,-739.410551802669,2.7211285,41.087425,0.000327025004556
4200.0,-739.4047283787236,2.6998746,41.074959,0.0
